X_实时推理GPU需求_等效GPU,Y_实时推理执行时长_分钟,X_批量推理GPU需求_等效GPU,Y_批量推理执行时长_分钟,X_AI训练GPU需求_等效GPU,Y_AI训练执行时长_分钟
3,198,19.0,199.0,118.0,280.0
5,224,18.0,60.0,115.0,161.0
3,97,8.0,144.0,37.0,245.0
3,318,21.0,98.0,104.0,68.0
2,303,5.0,101.0,57.0,197.0
2,286,20.0,59.0,79.0,140.0
1,323,19.0,224.0,62.0,215.0
4,253,19.0,347.0,119.0,399.0
5,176,18.0,289.0,69.0,269.0
4,251,16.0,166.0,69.0,200.0
2,355,8.0,50.0,33.0,171.0
7,273,6.0,236.0,30.0,74.0
2,279,12.0,24.0,104.0,353.0
4,305,16.0,180.0,16.0,145.0
2,261,7.0,169.0,103.0,90.0
3,298,4.0,386.0,43.0,210.0
4,42,18.0,383.0,16.0,227.0
7,71,20.0,61.0,111.0,250.0
5,369,15.0,395.0,67.0,105.0
5,140,23.0,207.0,19.0,240.0
7,368,19.0,210.0,101.0,75.0
2,389,13.0,272.0,43.0,53.0
5,72,12.0,108.0,99.0,340.0
7,252,22.0,217.0,107.0,240.0
2,71,6.0,161.0,42.0,130.0
1,293,4.0,376.0,92.0,268.0
1,122,6.0,58.0,118.0,146.0
2,207,20.0,229.0,77.0,234.0
7,212,21.0,351.0,66.0,181.0
6,249,13.0,35.0,18.0,122.0
4,335,6.0,22.0,71.0,196.0
4,355,10.0,45.0,17.0,229.0
3,157,15.0,152.0,69.0,233.0
7,137,5.0,297.0,112.0,135.0
1,378,20.0,179.0,17.0,181.0
6,125,8.0,126.0,71.0,264.0
3,113,18.0,105.0,53.0,334.0
4,108,4.0,198.0,95.0,157.0
1,393,19.0,95.0,54.0,369.0
6,203,8.0,103.0,16.0,160.0
5,170,19.0,350.0,31.0,121.0
4,286,22.0,105.0,17.0,263.0
4,144,15.0,172.0,27.0,46.0
3,137,16.0,104.0,69.0,217.0
6,247,13.0,124.0,48.0,380.0
6,239,21.0,385.0,124.0,273.0
3,235,6.0,295.0,63.0,13.0
1,326,23.0,226.0,45.0,55.0
1,289,22.0,109.0,21.0,389.0
7,125,15.0,242.0,108.0,190.0
7,170,23.0,376.0,82.0,27.0
1,67,19.0,78.0,42.0,395.0
3,289,13.0,232.0,102.0,351.0
7,136,8.0,224.0,66.0,195.0
2,113,21.0,85.0,122.0,110.0
1,308,12.0,262.0,83.0,374.0
6,48,16.0,179.0,111.0,364.0
5,330,8.0,348.0,31.0,379.0
6,151,11.0,330.0,32.0,328.0
7,134,23.0,336.0,34.0,67.0
6,63,7.0,261.0,77.0,136.0
1,62,22.0,373.0,24.0,138.0
4,112,10.0,182.0,73.0,10.0
7,317,11.0,392.0,63.0,246.0
4,156,12.0,10.0,72.0,229.0
7,78,20.0,321.0,109.0,32.0
6,85,18.0,89.0,25.0,334.0
6,213,14.0,339.0,31.0,345.0
7,263,20.0,221.0,17.0,393.0
4,189,16.0,44.0,80.0,177.0
7,259,21.0,374.0,61.0,262.0
1,13,8.0,298.0,96.0,273.0
3,161,20.0,107.0,114.0,45.0
4,188,13.0,92.0,97.0,105.0
3,332,20.0,87.0,52.0,378.0
2,53,7.0,378.0,70.0,288.0
3,224,20.0,264.0,32.0,71.0
1,205,21.0,344.0,34.0,274.0
4,286,22.0,317.0,86.0,215.0
5,366,9.0,344.0,54.0,190.0
1,201,22.0,142.0,108.0,340.0
7,233,8.0,271.0,104.0,141.0
6,196,14.0,120.0,77.0,200.0
3,34,8.0,101.0,48.0,126.0
4,62,9.0,142.0,60.0,326.0
7,66,17.0,87.0,116.0,236.0
6,183,18.0,359.0,34.0,56.0
1,292,14.0,57.0,120.0,23.0
2,14,20.0,301.0,30.0,10.0
6,100,18.0,136.0,69.0,153.0
2,28,17.0,37.0,111.0,367.0
5,157,17.0,395.0,91.0,382.0
3,357,16.0,23.0,23.0,325.0
6,53,17.0,248.0,65.0,229.0
6,212,7.0,76.0,116.0,237.0
2,99,12.0,155.0,92.0,249.0
5,91,18.0,120.0,84.0,19.0
5,15,5.0,273.0,80.0,233.0
7,367,11.0,245.0,126.0,276.0
3,32,22.0,110.0,100.0,226.0
5,174,9.0,291.0,120.0,394.0
3,214,6.0,40.0,107.0,206.0
2,48,9.0,229.0,88.0,10.0
6,388,14.0,344.0,41.0,171.0
2,63,8.0,127.0,123.0,231.0
5,75,9.0,391.0,62.0,238.0
3,112,14.0,342.0,53.0,235.0
5,147,15.0,22.0,53.0,107.0
5,214,11.0,93.0,45.0,115.0
6,249,14.0,47.0,71.0,339.0
4,193,14.0,85.0,32.0,349.0
1,361,6.0,10.0,38.0,383.0
2,286,11.0,69.0,82.0,102.0
1,355,12.0,279.0,47.0,70.0
3,201,6.0,174.0,57.0,31.0
7,135,17.0,71.0,105.0,82.0
4,154,7.0,246.0,41.0,56.0
5,34,22.0,362.0,16.0,122.0
5,238,18.0,154.0,114.0,189.0
1,159,11.0,24.0,74.0,380.0
7,359,9.0,106.0,22.0,120.0
3,327,13.0,127.0,124.0,303.0
7,256,9.0,168.0,104.0,37.0
6,71,23.0,24.0,89.0,282.0
1,344,18.0,341.0,79.0,324.0
3,35,22.0,301.0,36.0,79.0
4,221,14.0,78.0,109.0,161.0
1,122,13.0,47.0,55.0,45.0
3,170,4.0,113.0,21.0,378.0
5,147,8.0,136.0,66.0,309.0
5,276,13.0,296.0,27.0,10.0
2,305,12.0,38.0,105.0,329.0
7,297,13.0,322.0,21.0,19.0
3,143,12.0,72.0,80.0,110.0
7,298,14.0,395.0,88.0,274.0
5,298,20.0,373.0,50.0,104.0
6,95,10.0,93.0,64.0,327.0
4,263,11.0,336.0,75.0,343.0
3,227,4.0,150.0,20.0,388.0
4,385,22.0,220.0,112.0,318.0
6,266,17.0,184.0,119.0,48.0
6,355,6.0,275.0,82.0,188.0
3,158,13.0,375.0,109.0,166.0
4,99,11.0,258.0,81.0,132.0
7,356,18.0,76.0,62.0,374.0
3,191,17.0,129.0,44.0,270.0
6,170,13.0,170.0,60.0,104.0
3,163,4.0,206.0,21.0,32.0
4,58,5.0,128.0,62.0,311.0
3,266,8.0,265.0,28.0,219.0
2,122,10.0,255.0,75.0,365.0
2,328,14.0,155.0,93.0,306.0
4,273,13.0,50.0,125.0,191.0
5,368,15.0,126.0,102.0,10.0
2,64,13.0,36.0,78.0,64.0
1,264,11.0,277.0,62.0,146.0
6,174,16.0,182.0,39.0,189.0
6,232,20.0,199.0,64.0,72.0
7,156,17.0,139.0,120.0,157.0
5,364,4.0,190.0,77.0,167.0
4,373,8.0,298.0,44.0,295.0
1,23,23.0,236.0,107.0,187.0
5,302,12.0,26.0,22.0,330.0
5,387,14.0,51.0,66.0,273.0
4,372,6.0,117.0,49.0,97.0
4,38,5.0,284.0,70.0,16.0
2,120,20.0,66.0,127.0,45.0
2,248,20.0,21.0,44.0,11.0
4,374,19.0,348.0,35.0,243.0
1,70,18.0,275.0,27.0,270.0
1,300,20.0,168.0,109.0,235.0
7,90,16.0,140.0,39.0,211.0
7,207,8.0,192.0,45.0,68.0
7,374,16.0,283.0,125.0,233.0
5,259,6.0,48.0,24.0,246.0
7,232,20.0,151.0,37.0,13.0
5,219,21.0,302.0,41.0,38.0
1,117,17.0,82.0,53.0,26.0
6,327,8.0,389.0,72.0,228.0
4,368,9.0,328.0,36.0,305.0
4,74,5.0,227.0,26.0,196.0
1,202,9.0,270.0,54.0,319.0
4,319,20.0,388.0,122.0,210.0
5,116,13.0,187.0,41.0,82.0
1,387,21.0,154.0,59.0,111.0
3,236,12.0,235.0,116.0,314.0
4,366,18.0,34.0,87.0,277.0
2,114,8.0,235.0,31.0,291.0
4,18,11.0,398.0,22.0,344.0
4,293,8.0,90.0,22.0,380.0
3,246,11.0,49.0,63.0,324.0
3,177,4.0,225.0,109.0,112.0
5,365,9.0,16.0,39.0,197.0
4,215,14.0,167.0,102.0,48.0
5,335,5.0,353.0,30.0,13.0
1,69,22.0,83.0,81.0,236.0
5,205,18.0,46.0,57.0,260.0
4,228,20.0,383.0,123.0,281.0
3,315,17.0,184.0,45.0,333.0
3,390,14.0,297.0,30.0,149.0
4,38,18.0,366.0,74.0,302.0
3,143,22.0,396.0,61.0,20.0
7,235,11.0,36.0,77.0,235.0
5,108,18.0,231.0,40.0,68.0
4,101,15.0,237.0,56.0,268.0
4,36,12.0,328.0,69.0,186.0
4,154,5.0,81.0,117.0,129.0
6,208,14.0,214.0,126.0,338.0
3,190,17.0,175.0,71.0,38.0
4,55,14.0,226.0,103.0,47.0
2,347,12.0,85.0,63.0,46.0
6,97,15.0,369.0,55.0,233.0
1,169,9.0,271.0,77.0,124.0
7,319,11.0,357.0,73.0,65.0
1,251,19.0,399.0,107.0,68.0
4,234,15.0,34.0,74.0,278.0
4,112,16.0,131.0,122.0,354.0
2,368,7.0,230.0,20.0,323.0
2,131,21.0,220.0,46.0,169.0
2,115,13.0,44.0,54.0,91.0
3,132,4.0,341.0,92.0,21.0
1,50,23.0,13.0,54.0,233.0
2,273,21.0,105.0,28.0,164.0
7,93,5.0,75.0,120.0,369.0
2,392,18.0,271.0,80.0,129.0
7,192,18.0,364.0,44.0,173.0
1,140,19.0,96.0,126.0,67.0
1,168,13.0,23.0,28.0,280.0
4,161,8.0,50.0,17.0,93.0
3,255,18.0,240.0,37.0,36.0
2,109,23.0,240.0,82.0,391.0
1,75,16.0,312.0,74.0,271.0
3,173,15.0,322.0,16.0,389.0
3,89,8.0,174.0,53.0,171.0
2,341,20.0,53.0,76.0,290.0
7,117,23.0,294.0,39.0,280.0
6,302,4.0,44.0,93.0,282.0
5,188,9.0,68.0,96.0,286.0
5,260,10.0,193.0,48.0,111.0
3,315,18.0,187.0,56.0,276.0
7,303,14.0,123.0,101.0,157.0
4,393,21.0,35.0,48.0,86.0
2,350,11.0,241.0,77.0,327.0
5,95,5.0,72.0,18.0,197.0
7,202,19.0,82.0,121.0,21.0
1,296,16.0,333.0,34.0,247.0
6,313,16.0,348.0,47.0,309.0
2,111,16.0,138.0,37.0,361.0
3,91,15.0,152.0,76.0,216.0
5,74,4.0,233.0,120.0,259.0
5,325,14.0,119.0,54.0,252.0
1,111,6.0,291.0,27.0,246.0
6,274,15.0,313.0,33.0,30.0
2,126,18.0,133.0,93.0,384.0
6,30,18.0,301.0,85.0,388.0
4,354,14.0,280.0,46.0,19.0
6,272,7.0,150.0,109.0,266.0
4,319,22.0,343.0,20.0,180.0
1,385,7.0,61.0,79.0,293.0
4,35,17.0,166.0,122.0,184.0
2,81,18.0,300.0,71.0,376.0
1,356,15.0,48.0,76.0,379.0
5,59,20.0,307.0,93.0,285.0
2,173,12.0,19.0,60.0,345.0
3,87,13.0,251.0,16.0,273.0
5,263,5.0,300.0,91.0,337.0
5,250,10.0,155.0,104.0,298.0
6,77,6.0,383.0,84.0,99.0
7,241,14.0,197.0,88.0,178.0
2,309,9.0,297.0,103.0,98.0
5,268,6.0,145.0,52.0,309.0
1,363,16.0,325.0,115.0,52.0
6,357,15.0,169.0,63.0,335.0
3,369,11.0,309.0,38.0,345.0
3,340,18.0,217.0,23.0,167.0
6,152,13.0,167.0,33.0,86.0
6,110,19.0,154.0,28.0,80.0
1,175,23.0,240.0,71.0,93.0
6,167,15.0,235.0,60.0,56.0
7,23,21.0,75.0,28.0,223.0
1,172,6.0,199.0,39.0,69.0
5,298,7.0,320.0,54.0,354.0
6,396,21.0,300.0,84.0,117.0
3,399,17.0,76.0,113.0,128.0
2,34,5.0,139.0,36.0,302.0
7,29,18.0,182.0,30.0,169.0
2,399,15.0,137.0,116.0,173.0
1,338,14.0,139.0,112.0,79.0
7,282,22.0,14.0,56.0,205.0
5,230,22.0,275.0,17.0,14.0
4,133,5.0,276.0,36.0,239.0
4,23,18.0,92.0,101.0,224.0
5,190,17.0,272.0,59.0,111.0
2,169,4.0,269.0,102.0,125.0
4,197,9.0,187.0,73.0,342.0
3,317,6.0,164.0,31.0,145.0
5,51,10.0,95.0,99.0,153.0
1,26,8.0,395.0,123.0,130.0
3,273,9.0,158.0,47.0,281.0
1,352,13.0,323.0,29.0,160.0
4,96,10.0,74.0,120.0,267.0
3,161,16.0,251.0,121.0,248.0
1,157,7.0,61.0,50.0,265.0
3,270,11.0,242.0,25.0,290.0
6,232,13.0,122.0,51.0,279.0
7,297,5.0,57.0,80.0,345.0
4,183,4.0,251.0,40.0,126.0
6,277,11.0,293.0,111.0,150.0
1,27,11.0,88.0,65.0,65.0
5,158,16.0,78.0,95.0,261.0
5,292,14.0,118.0,78.0,125.0
7,32,11.0,375.0,127.0,91.0
1,12,11.0,369.0,24.0,138.0
5,240,7.0,333.0,116.0,342.0
2,323,21.0,158.0,87.0,96.0
1,386,7.0,356.0,115.0,220.0
5,141,5.0,19.0,22.0,37.0
6,302,18.0,192.0,20.0,361.0
7,211,11.0,369.0,23.0,147.0
6,269,14.0,31.0,40.0,58.0
7,28,21.0,38.0,93.0,178.0
5,122,21.0,97.0,119.0,383.0
4,322,15.0,287.0,28.0,169.0
4,249,14.0,198.0,88.0,324.0
7,133,4.0,12.0,93.0,123.0
3,99,15.0,290.0,37.0,222.0
5,346,8.0,145.0,36.0,131.0
5,201,13.0,19.0,125.0,160.0
2,135,12.0,22.0,123.0,212.0
7,138,15.0,23.0,107.0,278.0
1,306,9.0,220.0,44.0,304.0
6,325,18.0,141.0,121.0,81.0
4,172,20.0,80.0,80.0,113.0
1,237,5.0,91.0,114.0,329.0
7,163,22.0,197.0,106.0,75.0
6,174,16.0,39.0,24.0,95.0
2,91,4.0,328.0,35.0,252.0
5,96,23.0,260.0,35.0,33.0
7,186,16.0,207.0,117.0,319.0
5,11,19.0,70.0,75.0,29.0
3,95,8.0,58.0,19.0,23.0
4,303,8.0,79.0,18.0,195.0
4,378,23.0,45.0,70.0,385.0
7,257,17.0,345.0,75.0,314.0
2,345,16.0,53.0,78.0,220.0
3,292,14.0,347.0,73.0,126.0
1,110,14.0,30.0,62.0,207.0
6,41,9.0,169.0,25.0,268.0
6,171,8.0,314.0,124.0,254.0
1,290,22.0,354.0,34.0,44.0
6,236,15.0,170.0,61.0,78.0
3,373,21.0,205.0,123.0,66.0
2,165,4.0,161.0,100.0,373.0
2,172,13.0,201.0,121.0,351.0
3,298,7.0,381.0,31.0,115.0
4,256,18.0,241.0,83.0,16.0
6,200,18.0,125.0,90.0,152.0
5,126,12.0,67.0,123.0,393.0
1,260,6.0,53.0,121.0,95.0
2,47,4.0,236.0,76.0,363.0
1,119,9.0,288.0,43.0,178.0
4,151,21.0,206.0,32.0,207.0
1,343,13.0,306.0,113.0,339.0
6,205,7.0,81.0,37.0,75.0
2,129,18.0,247.0,89.0,153.0
7,357,11.0,51.0,78.0,41.0
5,201,23.0,277.0,22.0,29.0
5,50,21.0,49.0,107.0,390.0
3,192,19.0,110.0,66.0,277.0
3,342,12.0,311.0,70.0,56.0
7,54,19.0,72.0,117.0,229.0
5,249,16.0,30.0,19.0,375.0
1,99,7.0,111.0,67.0,50.0
7,17,8.0,140.0,68.0,151.0
6,136,23.0,163.0,92.0,124.0
4,156,12.0,143.0,106.0,100.0
1,387,22.0,386.0,29.0,337.0
3,50,15.0,222.0,77.0,156.0
1,316,5.0,140.0,45.0,343.0
3,275,15.0,295.0,99.0,290.0
2,277,22.0,347.0,55.0,163.0
7,366,14.0,288.0,88.0,133.0
5,131,19.0,159.0,53.0,326.0
4,50,20.0,117.0,51.0,295.0
5,205,14.0,280.0,24.0,170.0
1,157,23.0,281.0,90.0,236.0
4,135,5.0,257.0,83.0,273.0
4,213,18.0,210.0,36.0,313.0
2,385,6.0,312.0,35.0,181.0
4,164,7.0,48.0,48.0,210.0
5,133,12.0,261.0,76.0,333.0
6,78,9.0,159.0,50.0,225.0
7,396,22.0,284.0,111.0,17.0
2,118,12.0,182.0,60.0,341.0
6,309,10.0,72.0,44.0,141.0
3,101,22.0,129.0,106.0,370.0
3,120,19.0,71.0,16.0,271.0
2,174,20.0,167.0,42.0,389.0
7,17,15.0,276.0,124.0,364.0
1,29,17.0,264.0,58.0,389.0
6,380,15.0,56.0,112.0,304.0
6,259,18.0,156.0,77.0,319.0
4,225,23.0,241.0,120.0,353.0
1,188,22.0,285.0,32.0,286.0
4,346,7.0,85.0,56.0,201.0
1,156,16.0,351.0,34.0,81.0
6,180,15.0,171.0,40.0,183.0
6,231,21.0,70.0,126.0,93.0
7,74,15.0,227.0,88.0,268.0
1,46,13.0,102.0,18.0,359.0
5,398,11.0,300.0,40.0,303.0
2,113,19.0,349.0,43.0,116.0
4,367,20.0,198.0,33.0,108.0
3,268,9.0,311.0,82.0,165.0
6,182,20.0,145.0,23.0,185.0
7,299,4.0,117.0,117.0,40.0
7,224,16.0,224.0,19.0,374.0
6,36,20.0,349.0,61.0,372.0
1,242,21.0,333.0,79.0,60.0
7,192,10.0,294.0,65.0,324.0
6,200,17.0,60.0,30.0,39.0
7,21,23.0,164.0,32.0,233.0
3,146,5.0,175.0,52.0,171.0
2,316,6.0,330.0,124.0,388.0
6,188,20.0,232.0,66.0,350.0
7,325,15.0,297.0,26.0,333.0
3,129,11.0,57.0,78.0,134.0
5,244,7.0,176.0,113.0,282.0
4,290,5.0,165.0,119.0,258.0
2,109,8.0,330.0,51.0,156.0
7,283,22.0,211.0,79.0,126.0
4,261,14.0,378.0,113.0,319.0
3,322,9.0,334.0,60.0,149.0
6,277,6.0,54.0,56.0,21.0
7,113,13.0,134.0,123.0,317.0
4,292,8.0,96.0,50.0,338.0
6,179,9.0,283.0,78.0,334.0
3,231,12.0,294.0,28.0,198.0
1,143,16.0,135.0,46.0,123.0
5,144,6.0,347.0,79.0,286.0
7,54,8.0,110.0,119.0,39.0
2,214,14.0,14.0,51.0,46.0
4,113,22.0,313.0,75.0,136.0
1,321,18.0,212.0,98.0,367.0
4,340,17.0,91.0,49.0,22.0
7,37,22.0,248.0,45.0,278.0
1,34,7.0,374.0,36.0,284.0
6,66,6.0,307.0,72.0,223.0
5,317,19.0,203.0,38.0,83.0
1,235,12.0,44.0,25.0,63.0
6,87,18.0,28.0,67.0,169.0
5,244,21.0,291.0,46.0,299.0
4,178,4.0,44.0,90.0,58.0
4,193,12.0,393.0,108.0,105.0
2,320,5.0,70.0,42.0,109.0
6,163,19.0,154.0,52.0,195.0
6,117,10.0,304.0,28.0,33.0
6,48,21.0,187.0,123.0,282.0
2,102,17.0,344.0,98.0,149.0
5,179,7.0,68.0,56.0,312.0
5,237,21.0,363.0,102.0,246.0
1,257,18.0,250.0,49.0,225.0
7,43,9.0,352.0,18.0,335.0
3,169,21.0,399.0,123.0,158.0
7,215,8.0,386.0,64.0,63.0
1,182,14.0,74.0,62.0,83.0
1,163,16.0,186.0,117.0,267.0
5,125,13.0,32.0,50.0,120.0
2,230,12.0,349.0,69.0,33.0
3,158,8.0,110.0,75.0,330.0
5,141,19.0,37.0,99.0,165.0
5,50,19.0,265.0,22.0,233.0
2,394,17.0,245.0,72.0,21.0
3,292,12.0,22.0,31.0,52.0
2,332,5.0,146.0,115.0,169.0
4,335,12.0,319.0,101.0,141.0
5,147,4.0,118.0,119.0,166.0
2,39,11.0,74.0,94.0,227.0
2,282,13.0,53.0,26.0,190.0
4,120,17.0,174.0,87.0,77.0
2,105,20.0,147.0,64.0,225.0
7,10,14.0,237.0,41.0,379.0
3,280,4.0,16.0,120.0,63.0
4,378,14.0,234.0,36.0,399.0
1,171,12.0,68.0,53.0,95.0
5,225,15.0,371.0,89.0,232.0
3,348,13.0,348.0,123.0,218.0
6,213,18.0,330.0,127.0,342.0
7,160,18.0,183.0,65.0,360.0
2,380,18.0,70.0,79.0,341.0
1,16,6.0,15.0,26.0,98.0
3,92,22.0,68.0,58.0,345.0
6,340,5.0,116.0,81.0,256.0
6,388,20.0,93.0,23.0,371.0
1,227,8.0,45.0,101.0,146.0
1,15,13.0,180.0,116.0,165.0
1,217,11.0,100.0,119.0,64.0
3,157,6.0,122.0,37.0,164.0
4,93,23.0,190.0,108.0,150.0
5,16,21.0,123.0,104.0,336.0
1,173,13.0,212.0,82.0,126.0
4,52,4.0,287.0,56.0,398.0
7,308,7.0,265.0,41.0,142.0
7,173,6.0,291.0,38.0,93.0
3,86,22.0,118.0,30.0,118.0
6,82,10.0,336.0,38.0,78.0
6,146,19.0,121.0,110.0,190.0
2,196,10.0,333.0,66.0,312.0
1,12,11.0,198.0,53.0,248.0
5,142,7.0,33.0,42.0,194.0
1,357,5.0,190.0,127.0,56.0
5,118,12.0,258.0,74.0,264.0
1,149,11.0,112.0,24.0,148.0
7,45,9.0,326.0,40.0,366.0
6,371,23.0,393.0,78.0,60.0
1,118,7.0,341.0,126.0,387.0
5,96,12.0,352.0,54.0,135.0
4,54,8.0,121.0,28.0,271.0
2,171,7.0,25.0,99.0,254.0
7,255,11.0,281.0,18.0,72.0
5,304,13.0,41.0,64.0,377.0
5,291,9.0,330.0,79.0,346.0
1,16,7.0,392.0,115.0,361.0
4,34,20.0,260.0,98.0,381.0
6,82,12.0,82.0,21.0,177.0
3,215,18.0,192.0,98.0,292.0
2,393,6.0,323.0,95.0,22.0
6,213,19.0,52.0,127.0,28.0
4,229,13.0,157.0,81.0,56.0
2,342,17.0,384.0,54.0,298.0
3,191,22.0,337.0,28.0,191.0
6,49,4.0,21.0,22.0,23.0
3,71,8.0,149.0,102.0,137.0
3,244,20.0,106.0,77.0,211.0
2,265,8.0,343.0,56.0,91.0
1,357,8.0,385.0,18.0,107.0
5,201,4.0,59.0,17.0,289.0
4,68,23.0,289.0,89.0,31.0
7,392,21.0,211.0,41.0,304.0
2,254,8.0,327.0,114.0,331.0
2,278,23.0,228.0,45.0,332.0
6,147,20.0,80.0,21.0,292.0
1,11,18.0,29.0,25.0,361.0
2,155,5.0,74.0,63.0,109.0
6,175,22.0,275.0,68.0,57.0
7,83,16.0,378.0,36.0,287.0
1,266,22.0,147.0,115.0,34.0
5,31,17.0,297.0,51.0,246.0
6,105,20.0,379.0,21.0,175.0
3,14,21.0,253.0,100.0,376.0
5,267,12.0,257.0,30.0,102.0
2,374,12.0,221.0,124.0,48.0
5,95,20.0,160.0,63.0,305.0
6,123,18.0,56.0,90.0,327.0
1,192,4.0,25.0,125.0,188.0
5,134,21.0,313.0,21.0,378.0
7,180,13.0,47.0,75.0,362.0
3,148,17.0,367.0,100.0,67.0
6,37,4.0,100.0,122.0,197.0
5,158,14.0,344.0,117.0,177.0
7,68,14.0,194.0,51.0,261.0
4,223,16.0,223.0,107.0,159.0
2,218,10.0,372.0,93.0,251.0
5,151,7.0,216.0,16.0,47.0
2,121,18.0,92.0,75.0,321.0
3,277,6.0,78.0,124.0,311.0
6,231,13.0,162.0,73.0,345.0
2,331,23.0,162.0,112.0,326.0
5,239,20.0,322.0,50.0,127.0
4,38,16.0,55.0,101.0,294.0
4,153,20.0,113.0,126.0,96.0
4,243,4.0,218.0,100.0,143.0
2,80,14.0,131.0,123.0,103.0
4,299,22.0,391.0,88.0,37.0
3,59,11.0,146.0,26.0,176.0
6,61,18.0,28.0,28.0,102.0
5,69,6.0,184.0,63.0,214.0
5,110,13.0,363.0,103.0,80.0
7,175,19.0,254.0,32.0,34.0
7,392,20.0,318.0,18.0,291.0
4,352,4.0,71.0,44.0,156.0
1,256,4.0,95.0,81.0,280.0
7,193,19.0,373.0,61.0,66.0
7,22,6.0,190.0,126.0,369.0
1,49,19.0,233.0,72.0,182.0
4,228,13.0,332.0,60.0,29.0
5,342,7.0,381.0,46.0,326.0
4,258,12.0,323.0,94.0,145.0
6,374,23.0,364.0,116.0,327.0
1,86,9.0,224.0,54.0,323.0
7,141,6.0,73.0,101.0,341.0
4,81,21.0,380.0,26.0,25.0
5,209,20.0,71.0,23.0,68.0
3,396,17.0,365.0,72.0,395.0
7,199,7.0,288.0,59.0,216.0
4,136,8.0,213.0,82.0,70.0
1,263,17.0,241.0,16.0,165.0
5,392,9.0,36.0,118.0,216.0
1,394,23.0,308.0,85.0,349.0
7,282,6.0,152.0,75.0,311.0
2,183,20.0,196.0,65.0,399.0
2,278,6.0,217.0,44.0,113.0
7,198,5.0,70.0,23.0,191.0
6,278,15.0,397.0,76.0,70.0
3,103,17.0,297.0,31.0,278.0
7,189,21.0,84.0,36.0,313.0
7,53,13.0,348.0,94.0,244.0
1,280,4.0,336.0,25.0,34.0
4,81,4.0,68.0,83.0,38.0
3,277,14.0,373.0,58.0,57.0
1,199,10.0,54.0,84.0,324.0
3,353,18.0,164.0,57.0,175.0
2,113,12.0,188.0,26.0,164.0
3,282,20.0,232.0,36.0,142.0
7,380,11.0,104.0,104.0,191.0
4,223,17.0,389.0,19.0,152.0
2,114,10.0,128.0,53.0,165.0
6,195,15.0,282.0,81.0,35.0
4,293,11.0,245.0,55.0,159.0
4,384,20.0,134.0,55.0,218.0
6,299,5.0,384.0,61.0,244.0
2,291,14.0,311.0,79.0,20.0
4,369,5.0,287.0,30.0,396.0
2,332,16.0,185.0,52.0,305.0
2,122,21.0,115.0,71.0,369.0
2,360,18.0,328.0,26.0,201.0
1,75,19.0,341.0,25.0,37.0
5,349,15.0,220.0,41.0,13.0
3,100,6.0,27.0,111.0,201.0
3,251,19.0,304.0,117.0,137.0
1,212,7.0,354.0,125.0,364.0
3,82,9.0,129.0,110.0,322.0
4,99,5.0,105.0,75.0,279.0
7,193,11.0,194.0,40.0,169.0
7,256,15.0,324.0,107.0,231.0
4,287,7.0,54.0,82.0,246.0
6,282,11.0,324.0,21.0,41.0
1,346,10.0,105.0,57.0,214.0
6,271,21.0,247.0,39.0,337.0
7,152,19.0,346.0,31.0,11.0
5,29,11.0,125.0,97.0,295.0
6,68,23.0,322.0,89.0,62.0
6,393,6.0,107.0,67.0,191.0
6,377,20.0,230.0,26.0,180.0
7,305,11.0,65.0,21.0,111.0
3,229,8.0,319.0,64.0,124.0
7,168,11.0,236.0,21.0,193.0
3,295,20.0,173.0,117.0,47.0
3,160,7.0,197.0,73.0,317.0
5,131,18.0,114.0,16.0,219.0
5,102,15.0,184.0,63.0,217.0
7,297,19.0,377.0,19.0,146.0
2,280,20.0,223.0,126.0,193.0
4,121,4.0,303.0,82.0,127.0
7,260,23.0,311.0,39.0,204.0
4,279,8.0,122.0,65.0,141.0
1,122,8.0,246.0,45.0,387.0
3,235,22.0,276.0,30.0,375.0
2,130,11.0,120.0,33.0,236.0
2,63,20.0,175.0,101.0,160.0
3,281,6.0,17.0,25.0,189.0
1,196,20.0,150.0,68.0,46.0
2,197,6.0,23.0,74.0,11.0
3,88,16.0,254.0,80.0,197.0
6,85,6.0,15.0,92.0,390.0
6,80,8.0,67.0,69.0,387.0
1,328,20.0,226.0,109.0,112.0
2,365,21.0,397.0,46.0,354.0
6,284,20.0,23.0,16.0,258.0
6,189,15.0,28.0,78.0,344.0
7,47,14.0,346.0,49.0,312.0
2,14,11.0,326.0,50.0,109.0
2,77,21.0,364.0,50.0,53.0
3,393,19.0,397.0,32.0,372.0
7,297,16.0,296.0,47.0,323.0
2,381,6.0,145.0,60.0,361.0
7,138,12.0,273.0,86.0,373.0
3,13,13.0,155.0,121.0,325.0
7,376,21.0,382.0,120.0,288.0
2,104,10.0,107.0,89.0,134.0
1,357,11.0,105.0,62.0,56.0
5,21,12.0,211.0,127.0,34.0
6,314,6.0,148.0,89.0,323.0
1,307,14.0,105.0,25.0,20.0
5,194,7.0,346.0,100.0,223.0
4,50,12.0,398.0,60.0,218.0
7,87,9.0,31.0,79.0,73.0
1,173,4.0,159.0,122.0,248.0
6,107,23.0,224.0,92.0,255.0
4,113,5.0,257.0,87.0,384.0
4,81,12.0,343.0,61.0,389.0
7,120,19.0,373.0,96.0,301.0
1,203,5.0,324.0,116.0,160.0
5,335,15.0,263.0,124.0,390.0
5,170,14.0,72.0,79.0,36.0
5,221,11.0,99.0,70.0,157.0
7,252,19.0,293.0,24.0,397.0
6,111,8.0,204.0,73.0,309.0
6,284,18.0,284.0,49.0,146.0
6,381,16.0,30.0,50.0,350.0
6,385,7.0,233.0,76.0,348.0
6,60,5.0,327.0,31.0,254.0
1,98,23.0,338.0,111.0,56.0
5,125,9.0,248.0,65.0,340.0
6,84,18.0,157.0,31.0,325.0
7,35,23.0,135.0,55.0,342.0
3,357,14.0,287.0,95.0,169.0
6,102,13.0,203.0,105.0,331.0
1,367,20.0,153.0,91.0,210.0
6,329,13.0,395.0,25.0,235.0
6,219,13.0,269.0,75.0,330.0
1,339,15.0,305.0,66.0,395.0
3,262,6.0,378.0,81.0,21.0
3,253,23.0,293.0,116.0,368.0
3,292,12.0,51.0,60.0,31.0
6,165,18.0,255.0,93.0,345.0
7,40,15.0,82.0,76.0,226.0
2,264,19.0,48.0,35.0,204.0
6,258,13.0,343.0,38.0,374.0
6,268,8.0,225.0,124.0,326.0
7,219,17.0,137.0,30.0,178.0
1,104,15.0,45.0,20.0,292.0
2,31,19.0,158.0,93.0,52.0
4,128,11.0,240.0,112.0,296.0
5,206,17.0,346.0,114.0,92.0
3,387,10.0,297.0,125.0,297.0
5,76,11.0,260.0,40.0,334.0
7,184,23.0,142.0,16.0,105.0
1,343,12.0,335.0,90.0,63.0
5,24,16.0,150.0,103.0,63.0
1,21,16.0,95.0,105.0,108.0
2,150,16.0,52.0,35.0,202.0
2,328,22.0,209.0,18.0,172.0
4,311,16.0,146.0,124.0,82.0
1,127,13.0,20.0,107.0,120.0
2,310,9.0,229.0,57.0,249.0
7,123,4.0,241.0,41.0,308.0
2,383,11.0,61.0,35.0,220.0
4,298,10.0,368.0,127.0,277.0
4,46,7.0,163.0,94.0,276.0
6,135,8.0,318.0,111.0,16.0
7,94,12.0,288.0,125.0,20.0
2,74,21.0,244.0,40.0,38.0
6,155,13.0,190.0,98.0,343.0
2,349,13.0,390.0,32.0,217.0
5,186,5.0,141.0,60.0,119.0
1,34,7.0,80.0,102.0,16.0
3,399,21.0,198.0,65.0,317.0
4,246,7.0,26.0,48.0,245.0
4,135,10.0,48.0,58.0,227.0
1,345,10.0,266.0,44.0,364.0
5,361,16.0,79.0,120.0,39.0
7,39,22.0,104.0,45.0,212.0
7,18,13.0,238.0,81.0,277.0
5,163,15.0,38.0,109.0,27.0
5,285,4.0,199.0,59.0,161.0
7,120,10.0,181.0,27.0,164.0
1,108,15.0,195.0,54.0,255.0
5,173,21.0,378.0,30.0,189.0
5,296,5.0,392.0,26.0,388.0
6,195,19.0,176.0,21.0,34.0
4,92,13.0,38.0,64.0,159.0
2,200,18.0,15.0,57.0,339.0
3,43,15.0,303.0,30.0,132.0
4,15,7.0,94.0,126.0,348.0
2,143,19.0,204.0,82.0,145.0
6,340,12.0,122.0,86.0,235.0
6,396,8.0,10.0,25.0,217.0
3,198,17.0,378.0,58.0,293.0
7,337,20.0,163.0,47.0,146.0
3,228,17.0,343.0,95.0,103.0
6,181,12.0,386.0,62.0,85.0
7,132,14.0,34.0,126.0,212.0
3,108,22.0,164.0,34.0,318.0
4,377,5.0,15.0,60.0,225.0
1,125,16.0,206.0,120.0,60.0
7,59,21.0,347.0,70.0,357.0
2,256,14.0,223.0,34.0,388.0
5,265,22.0,85.0,41.0,107.0
5,47,6.0,89.0,21.0,124.0
6,218,19.0,182.0,124.0,99.0
5,98,17.0,245.0,102.0,110.0
6,94,14.0,361.0,107.0,37.0
2,141,18.0,322.0,81.0,268.0
2,331,10.0,356.0,114.0,161.0
6,336,16.0,97.0,34.0,250.0
3,68,22.0,177.0,50.0,10.0
6,122,22.0,144.0,108.0,220.0
5,304,9.0,146.0,104.0,143.0
3,259,21.0,143.0,120.0,48.0
3,257,16.0,151.0,110.0,13.0
2,343,14.0,235.0,30.0,317.0
2,193,19.0,338.0,17.0,22.0
3,137,15.0,43.0,19.0,118.0
4,337,23.0,97.0,89.0,104.0
6,256,23.0,338.0,120.0,76.0
5,330,7.0,281.0,127.0,375.0
5,25,23.0,139.0,28.0,46.0
6,336,10.0,329.0,89.0,82.0
6,370,10.0,160.0,65.0,245.0
5,207,17.0,188.0,107.0,384.0
3,399,20.0,162.0,114.0,84.0
4,291,16.0,368.0,99.0,334.0
1,45,17.0,367.0,98.0,324.0
5,201,7.0,39.0,75.0,391.0
5,64,22.0,219.0,126.0,153.0
2,96,16.0,16.0,103.0,333.0
5,44,17.0,99.0,30.0,44.0
7,352,22.0,121.0,98.0,153.0
5,106,11.0,205.0,126.0,241.0
7,323,6.0,396.0,44.0,346.0
1,279,20.0,398.0,41.0,124.0
4,135,17.0,88.0,63.0,63.0
3,179,9.0,280.0,111.0,68.0
4,329,11.0,396.0,86.0,394.0
5,98,18.0,370.0,124.0,16.0
1,126,23.0,278.0,90.0,382.0
6,225,15.0,386.0,48.0,72.0
2,350,6.0,315.0,115.0,196.0
1,166,20.0,282.0,76.0,104.0
7,280,10.0,399.0,113.0,361.0
5,307,20.0,334.0,16.0,88.0
3,85,22.0,174.0,108.0,201.0
3,64,12.0,109.0,29.0,356.0
4,55,4.0,106.0,76.0,31.0
6,153,4.0,141.0,84.0,25.0
6,163,4.0,115.0,119.0,206.0
2,208,9.0,299.0,101.0,166.0
5,72,21.0,65.0,19.0,91.0
4,278,20.0,27.0,120.0,237.0
6,391,6.0,295.0,76.0,88.0
3,93,14.0,135.0,33.0,191.0
7,78,5.0,40.0,113.0,205.0
3,201,22.0,228.0,33.0,272.0
7,275,7.0,201.0,55.0,202.0
4,373,14.0,386.0,83.0,61.0
2,154,10.0,344.0,24.0,341.0
3,232,20.0,335.0,80.0,378.0
3,277,12.0,160.0,39.0,92.0
7,363,14.0,114.0,44.0,51.0
2,223,23.0,15.0,32.0,216.0
6,134,10.0,80.0,125.0,65.0
2,133,22.0,213.0,34.0,300.0
4,352,19.0,41.0,16.0,350.0
2,303,7.0,208.0,123.0,63.0
6,53,4.0,83.0,55.0,74.0
7,387,9.0,353.0,74.0,190.0
6,60,8.0,139.0,49.0,215.0
5,391,12.0,346.0,111.0,11.0
1,313,20.0,315.0,25.0,134.0
5,27,21.0,161.0,99.0,248.0
7,238,13.0,110.0,60.0,288.0
3,119,15.0,214.0,38.0,344.0
4,148,8.0,28.0,106.0,78.0
1,51,17.0,347.0,53.0,343.0
3,238,6.0,317.0,47.0,91.0
5,27,20.0,275.0,105.0,167.0
7,291,19.0,242.0,75.0,83.0
3,160,4.0,130.0,30.0,164.0
7,113,17.0,295.0,125.0,139.0
4,366,20.0,227.0,127.0,177.0
1,334,20.0,313.0,89.0,283.0
1,65,5.0,285.0,60.0,26.0
3,180,15.0,331.0,110.0,347.0
5,191,22.0,53.0,35.0,116.0
2,72,17.0,201.0,105.0,35.0
1,183,22.0,57.0,104.0,163.0
1,208,6.0,78.0,64.0,328.0
1,89,12.0,396.0,61.0,198.0
1,36,11.0,386.0,69.0,138.0
6,123,14.0,337.0,73.0,357.0
3,202,7.0,206.0,21.0,157.0
4,94,22.0,392.0,82.0,77.0
1,67,15.0,11.0,41.0,11.0
1,317,17.0,251.0,113.0,291.0
7,315,15.0,176.0,36.0,75.0
2,104,10.0,138.0,121.0,96.0
7,228,10.0,298.0,94.0,288.0
5,321,17.0,41.0,74.0,192.0
6,381,14.0,235.0,115.0,281.0
4,34,23.0,391.0,115.0,27.0
5,181,10.0,298.0,27.0,132.0
7,207,5.0,300.0,42.0,313.0
3,96,15.0,352.0,38.0,302.0
7,51,15.0,43.0,108.0,26.0
6,206,19.0,191.0,121.0,390.0
5,205,16.0,294.0,50.0,23.0
5,66,19.0,263.0,125.0,178.0
5,223,12.0,280.0,34.0,21.0
2,388,14.0,317.0,96.0,363.0
3,112,9.0,397.0,68.0,19.0
6,36,16.0,160.0,100.0,121.0
4,176,19.0,229.0,23.0,262.0
4,319,23.0,293.0,100.0,158.0
3,210,6.0,375.0,101.0,339.0
7,226,17.0,51.0,53.0,60.0
2,280,9.0,190.0,25.0,79.0
5,102,12.0,110.0,74.0,229.0
4,240,18.0,270.0,57.0,83.0
5,286,15.0,110.0,121.0,34.0
1,267,5.0,269.0,103.0,39.0
1,189,12.0,216.0,81.0,227.0
3,225,13.0,85.0,51.0,22.0
7,306,13.0,99.0,109.0,288.0
2,49,7.0,68.0,69.0,330.0
3,385,5.0,241.0,18.0,113.0
6,126,11.0,60.0,73.0,264.0
2,209,14.0,225.0,91.0,117.0
5,79,7.0,204.0,43.0,267.0
1,29,21.0,314.0,105.0,213.0
1,208,23.0,160.0,116.0,14.0
1,174,19.0,154.0,92.0,190.0
3,309,21.0,342.0,125.0,152.0
3,384,7.0,317.0,121.0,136.0
4,240,22.0,309.0,22.0,364.0
5,47,10.0,126.0,30.0,237.0
5,233,8.0,275.0,108.0,246.0
6,73,13.0,240.0,31.0,198.0
4,290,11.0,180.0,95.0,309.0
3,200,4.0,343.0,113.0,112.0
2,173,14.0,301.0,121.0,377.0
6,58,9.0,394.0,66.0,13.0
7,186,4.0,246.0,110.0,345.0
3,398,6.0,49.0,119.0,290.0
6,198,6.0,136.0,82.0,318.0
1,268,16.0,193.0,84.0,243.0
4,360,22.0,127.0,16.0,227.0
6,209,23.0,26.0,64.0,303.0
4,67,7.0,26.0,110.0,376.0
5,280,10.0,48.0,91.0,321.0
4,374,15.0,225.0,83.0,53.0
7,241,22.0,23.0,34.0,54.0
5,111,22.0,219.0,33.0,71.0
7,162,20.0,353.0,83.0,203.0
6,15,20.0,344.0,84.0,19.0
5,335,12.0,197.0,117.0,137.0
4,302,23.0,222.0,45.0,274.0
3,126,20.0,138.0,112.0,230.0
2,33,20.0,91.0,43.0,129.0
6,280,10.0,47.0,36.0,207.0
4,334,17.0,264.0,72.0,28.0
3,16,7.0,213.0,18.0,286.0
5,197,5.0,215.0,88.0,331.0
3,319,19.0,390.0,42.0,267.0
3,225,4.0,194.0,84.0,382.0
2,75,8.0,187.0,51.0,397.0
7,48,13.0,389.0,90.0,288.0
4,38,15.0,155.0,42.0,85.0
4,346,20.0,336.0,101.0,377.0
2,83,12.0,261.0,110.0,171.0
3,78,10.0,171.0,66.0,91.0
1,109,17.0,187.0,20.0,229.0
6,166,13.0,76.0,37.0,288.0
7,91,16.0,331.0,53.0,77.0
2,181,20.0,143.0,110.0,115.0
6,123,22.0,228.0,81.0,117.0
5,54,9.0,161.0,85.0,54.0
1,298,6.0,333.0,73.0,391.0
2,262,16.0,311.0,116.0,12.0
2,119,17.0,164.0,63.0,16.0
5,115,9.0,241.0,116.0,185.0
4,53,8.0,112.0,69.0,65.0
7,124,16.0,22.0,123.0,305.0
5,197,19.0,182.0,81.0,357.0
1,238,8.0,20.0,58.0,31.0
5,186,13.0,125.0,126.0,332.0
4,116,14.0,336.0,104.0,261.0
7,163,10.0,54.0,64.0,298.0
6,35,14.0,390.0,118.0,175.0
7,108,17.0,175.0,76.0,359.0
7,113,5.0,349.0,73.0,137.0
3,88,21.0,142.0,44.0,20.0
2,195,8.0,252.0,106.0,120.0
3,138,13.0,179.0,123.0,78.0
5,33,21.0,234.0,24.0,197.0
3,183,19.0,367.0,123.0,270.0
5,343,6.0,165.0,30.0,153.0
1,292,5.0,178.0,26.0,273.0
7,365,16.0,289.0,43.0,175.0
4,26,10.0,56.0,46.0,382.0
2,223,8.0,235.0,106.0,99.0
5,67,19.0,156.0,87.0,230.0
5,264,12.0,358.0,20.0,51.0
5,157,22.0,269.0,51.0,67.0
2,395,4.0,212.0,88.0,138.0
6,389,4.0,48.0,68.0,323.0
6,377,9.0,75.0,35.0,377.0
7,146,21.0,202.0,124.0,114.0
3,301,6.0,168.0,126.0,320.0
1,289,22.0,219.0,43.0,25.0
5,320,9.0,19.0,74.0,252.0
7,88,16.0,239.0,113.0,202.0
4,284,16.0,217.0,94.0,124.0
5,86,14.0,331.0,121.0,224.0
1,198,9.0,195.0,35.0,126.0
2,353,9.0,226.0,51.0,37.0
3,21,4.0,208.0,95.0,92.0
4,326,22.0,350.0,122.0,381.0
6,235,17.0,258.0,44.0,99.0
7,196,13.0,89.0,46.0,82.0
4,371,8.0,336.0,17.0,185.0
4,276,4.0,258.0,125.0,368.0
7,109,22.0,229.0,73.0,11.0
6,24,17.0,34.0,116.0,153.0
7,110,21.0,11.0,22.0,256.0
2,373,23.0,218.0,33.0,71.0
2,280,14.0,310.0,72.0,390.0
3,148,13.0,33.0,93.0,152.0
5,59,6.0,84.0,118.0,84.0
6,200,21.0,306.0,77.0,329.0
7,57,10.0,48.0,97.0,29.0
4,18,20.0,170.0,117.0,205.0
3,52,8.0,88.0,93.0,101.0
6,109,5.0,141.0,67.0,17.0
4,267,7.0,226.0,82.0,123.0
7,346,4.0,137.0,91.0,140.0
7,151,8.0,365.0,45.0,395.0
2,238,7.0,301.0,77.0,77.0
6,177,23.0,178.0,40.0,150.0
4,171,7.0,309.0,70.0,139.0
3,314,20.0,197.0,46.0,139.0
4,199,17.0,110.0,116.0,80.0
4,249,22.0,220.0,82.0,12.0
7,198,16.0,146.0,73.0,213.0
7,371,9.0,371.0,115.0,20.0
3,50,19.0,322.0,118.0,155.0
1,48,15.0,245.0,100.0,113.0
2,295,10.0,172.0,37.0,196.0
4,271,12.0,73.0,20.0,337.0
4,245,15.0,265.0,98.0,25.0
1,49,14.0,171.0,38.0,35.0
5,391,9.0,64.0,111.0,81.0
7,319,9.0,197.0,45.0,214.0
4,332,21.0,390.0,53.0,378.0
2,287,11.0,322.0,21.0,59.0
6,228,23.0,284.0,53.0,225.0
5,298,22.0,49.0,33.0,81.0
5,350,22.0,179.0,67.0,278.0
5,271,8.0,278.0,49.0,239.0
3,74,4.0,27.0,63.0,332.0
4,248,19.0,250.0,91.0,332.0
6,19,13.0,256.0,106.0,72.0
2,186,9.0,159.0,56.0,302.0
6,48,17.0,60.0,89.0,201.0
4,342,21.0,150.0,47.0,252.0
6,234,12.0,192.0,40.0,332.0
3,240,6.0,335.0,102.0,258.0
2,384,21.0,338.0,121.0,207.0
4,139,21.0,342.0,91.0,213.0
2,152,6.0,365.0,102.0,78.0
3,342,6.0,325.0,46.0,103.0
6,71,13.0,217.0,17.0,114.0
5,46,5.0,224.0,20.0,350.0
5,132,5.0,40.0,92.0,184.0
4,88,22.0,291.0,68.0,78.0
6,125,21.0,303.0,31.0,381.0
2,383,11.0,396.0,121.0,98.0
7,32,12.0,276.0,65.0,197.0
6,144,8.0,356.0,78.0,217.0
2,137,20.0,225.0,97.0,155.0
3,364,17.0,124.0,22.0,99.0
7,276,14.0,386.0,64.0,286.0
6,388,6.0,368.0,122.0,102.0
2,241,9.0,332.0,48.0,82.0
5,284,4.0,316.0,69.0,28.0
3,190,8.0,57.0,100.0,227.0
3,92,22.0,341.0,65.0,282.0
3,186,8.0,368.0,35.0,146.0
5,125,11.0,170.0,112.0,110.0
7,102,11.0,221.0,62.0,246.0
4,237,15.0,374.0,61.0,131.0
7,168,11.0,393.0,29.0,265.0
5,395,19.0,38.0,47.0,375.0
4,38,20.0,66.0,33.0,291.0
2,212,21.0,247.0,24.0,236.0
6,35,9.0,110.0,101.0,62.0
5,284,5.0,205.0,52.0,38.0
5,162,20.0,16.0,123.0,332.0
3,27,6.0,30.0,68.0,87.0
5,61,12.0,292.0,71.0,84.0
3,215,9.0,112.0,54.0,180.0
5,318,17.0,208.0,38.0,78.0
1,162,13.0,282.0,50.0,158.0
4,15,19.0,118.0,73.0,362.0
7,170,23.0,223.0,103.0,292.0
6,237,21.0,288.0,62.0,212.0
6,129,22.0,203.0,101.0,33.0
4,229,23.0,315.0,26.0,172.0
7,133,5.0,223.0,43.0,219.0
5,398,15.0,335.0,93.0,229.0
7,378,4.0,53.0,39.0,127.0
6,200,15.0,372.0,113.0,337.0
4,305,23.0,51.0,41.0,302.0
7,212,16.0,397.0,113.0,136.0
1,339,10.0,184.0,82.0,232.0
5,355,10.0,62.0,126.0,259.0
6,325,21.0,373.0,26.0,332.0
6,213,19.0,16.0,34.0,18.0
1,155,9.0,206.0,94.0,36.0
3,207,19.0,243.0,43.0,132.0
3,328,23.0,117.0,126.0,249.0
4,163,11.0,200.0,37.0,366.0
7,103,7.0,264.0,120.0,267.0
2,395,13.0,245.0,122.0,230.0
4,212,11.0,255.0,109.0,210.0
1,172,11.0,307.0,126.0,234.0
3,174,5.0,385.0,119.0,164.0
3,213,6.0,208.0,77.0,161.0
5,346,14.0,17.0,54.0,172.0
4,54,18.0,392.0,64.0,47.0
6,213,20.0,184.0,107.0,43.0
7,281,20.0,214.0,125.0,383.0
1,220,6.0,21.0,88.0,242.0
6,134,20.0,20.0,68.0,215.0
6,337,4.0,127.0,118.0,369.0
5,75,7.0,295.0,51.0,161.0
3,330,23.0,367.0,28.0,102.0
1,197,14.0,205.0,110.0,42.0
2,71,23.0,144.0,87.0,279.0
7,163,10.0,16.0,127.0,372.0
6,110,13.0,249.0,58.0,380.0
1,389,11.0,242.0,114.0,336.0
1,232,23.0,149.0,23.0,100.0
5,141,8.0,32.0,48.0,346.0
4,299,16.0,238.0,127.0,371.0
6,251,8.0,165.0,108.0,29.0
4,286,21.0,391.0,53.0,114.0
4,335,13.0,377.0,27.0,354.0
7,284,17.0,164.0,118.0,233.0
5,250,19.0,217.0,69.0,219.0
6,340,22.0,175.0,111.0,355.0
1,168,7.0,309.0,91.0,101.0
2,153,12.0,185.0,85.0,142.0
6,387,6.0,239.0,108.0,55.0
2,290,19.0,354.0,37.0,17.0
7,209,23.0,193.0,35.0,343.0
7,145,12.0,196.0,54.0,187.0
6,103,15.0,251.0,119.0,296.0
4,148,6.0,221.0,123.0,282.0
4,338,23.0,54.0,123.0,327.0
6,67,20.0,200.0,62.0,281.0
1,390,12.0,184.0,25.0,375.0
1,161,11.0,213.0,39.0,34.0
3,93,11.0,189.0,39.0,338.0
6,68,20.0,246.0,121.0,353.0
3,295,4.0,173.0,108.0,199.0
7,215,10.0,387.0,34.0,111.0
6,327,16.0,92.0,86.0,112.0
7,61,19.0,299.0,98.0,372.0
1,142,10.0,322.0,112.0,202.0
3,279,14.0,368.0,112.0,342.0
2,19,5.0,86.0,46.0,375.0
7,260,8.0,133.0,36.0,127.0
5,18,11.0,238.0,96.0,55.0
4,200,7.0,335.0,89.0,159.0
1,252,20.0,174.0,122.0,365.0
1,365,13.0,148.0,38.0,195.0
6,103,5.0,398.0,120.0,162.0
6,199,8.0,163.0,87.0,225.0
7,364,11.0,396.0,51.0,296.0
3,334,22.0,75.0,56.0,193.0
7,127,17.0,100.0,70.0,275.0
6,153,16.0,386.0,107.0,312.0
1,23,17.0,332.0,72.0,80.0
7,279,17.0,165.0,120.0,11.0
5,120,20.0,66.0,57.0,74.0
4,382,15.0,384.0,35.0,138.0
4,233,16.0,143.0,92.0,35.0
3,82,4.0,31.0,62.0,297.0
1,360,19.0,262.0,45.0,240.0
4,328,9.0,277.0,86.0,100.0
5,303,13.0,148.0,24.0,119.0
6,344,12.0,296.0,96.0,227.0
1,19,5.0,280.0,97.0,211.0
4,46,14.0,118.0,57.0,197.0
7,251,18.0,91.0,126.0,334.0
2,118,23.0,158.0,120.0,329.0
1,71,7.0,287.0,56.0,80.0
7,278,4.0,279.0,21.0,200.0
2,300,16.0,289.0,43.0,217.0
1,329,5.0,247.0,101.0,316.0
7,299,20.0,63.0,44.0,19.0
7,374,10.0,294.0,121.0,266.0
4,127,14.0,147.0,54.0,74.0
2,88,13.0,35.0,30.0,197.0
6,399,22.0,65.0,25.0,349.0
4,366,20.0,82.0,38.0,118.0
5,196,23.0,365.0,122.0,148.0
5,85,7.0,114.0,76.0,329.0
3,289,13.0,176.0,46.0,19.0
2,165,12.0,220.0,23.0,214.0
4,70,19.0,248.0,74.0,207.0
3,339,18.0,197.0,45.0,29.0
1,207,7.0,141.0,115.0,387.0
3,155,16.0,262.0,17.0,203.0
6,198,5.0,42.0,47.0,213.0
6,65,22.0,37.0,16.0,81.0
7,368,15.0,114.0,34.0,175.0
2,57,12.0,390.0,45.0,375.0
5,15,9.0,296.0,46.0,256.0
6,365,17.0,254.0,93.0,99.0
2,122,7.0,94.0,86.0,287.0
4,258,23.0,352.0,41.0,32.0
2,11,17.0,42.0,56.0,239.0
4,164,5.0,326.0,43.0,114.0
2,385,4.0,10.0,81.0,262.0
1,375,8.0,280.0,56.0,294.0
5,274,13.0,108.0,33.0,248.0
5,65,19.0,139.0,29.0,319.0
2,137,6.0,224.0,82.0,351.0
7,301,14.0,359.0,96.0,151.0
7,57,19.0,24.0,109.0,148.0
6,69,15.0,339.0,19.0,181.0
2,68,17.0,123.0,59.0,249.0
4,140,14.0,308.0,106.0,349.0
7,345,21.0,187.0,92.0,265.0
6,103,13.0,163.0,34.0,220.0
2,97,19.0,162.0,73.0,254.0
1,213,11.0,137.0,58.0,253.0
6,89,18.0,226.0,64.0,58.0
5,386,12.0,86.0,94.0,280.0
4,131,6.0,296.0,59.0,166.0
3,331,5.0,324.0,35.0,337.0
3,115,4.0,141.0,70.0,354.0
6,284,6.0,147.0,30.0,159.0
3,298,18.0,279.0,51.0,370.0
6,20,9.0,54.0,64.0,120.0
4,54,20.0,172.0,86.0,66.0
3,61,11.0,195.0,56.0,139.0
2,241,11.0,12.0,28.0,316.0
7,77,22.0,199.0,55.0,216.0
2,125,23.0,62.0,58.0,205.0
7,117,16.0,82.0,35.0,374.0
2,32,9.0,342.0,123.0,238.0
2,250,10.0,323.0,111.0,23.0
3,350,20.0,86.0,70.0,348.0
5,232,5.0,391.0,87.0,32.0
6,153,19.0,152.0,96.0,169.0
3,170,16.0,260.0,81.0,161.0
5,207,18.0,153.0,124.0,20.0
5,147,5.0,233.0,118.0,79.0
2,86,15.0,347.0,93.0,339.0
4,96,23.0,55.0,46.0,67.0
5,234,9.0,258.0,58.0,222.0
2,129,22.0,159.0,91.0,240.0
7,105,17.0,363.0,76.0,309.0
4,141,11.0,255.0,101.0,227.0
1,140,19.0,326.0,122.0,336.0
2,150,4.0,66.0,105.0,335.0
7,156,14.0,142.0,45.0,297.0
1,212,18.0,366.0,101.0,244.0
2,290,15.0,29.0,111.0,172.0
1,284,8.0,338.0,100.0,297.0
4,96,23.0,47.0,85.0,357.0
3,163,22.0,150.0,73.0,262.0
3,80,15.0,149.0,125.0,91.0
1,390,23.0,277.0,41.0,108.0
4,28,14.0,210.0,45.0,384.0
6,357,4.0,290.0,124.0,357.0
4,158,8.0,156.0,39.0,82.0
3,283,17.0,355.0,118.0,19.0
1,330,19.0,355.0,18.0,279.0
3,145,11.0,395.0,52.0,231.0
1,390,13.0,224.0,19.0,258.0
6,328,13.0,330.0,101.0,83.0
3,278,4.0,355.0,26.0,79.0
2,219,23.0,278.0,16.0,207.0
3,26,18.0,306.0,47.0,73.0
2,76,23.0,37.0,89.0,346.0
2,342,11.0,62.0,126.0,34.0
1,137,19.0,304.0,107.0,366.0
5,95,23.0,65.0,56.0,57.0
3,277,4.0,287.0,87.0,65.0
4,104,16.0,296.0,103.0,399.0
7,78,23.0,234.0,64.0,325.0
5,342,17.0,116.0,122.0,11.0
5,56,23.0,35.0,88.0,154.0
5,140,21.0,134.0,75.0,70.0
3,237,22.0,132.0,32.0,341.0
3,368,22.0,158.0,26.0,157.0
6,339,15.0,282.0,117.0,134.0
4,268,6.0,267.0,32.0,98.0
3,279,19.0,396.0,107.0,280.0
7,397,7.0,174.0,109.0,36.0
5,325,22.0,17.0,47.0,246.0
6,339,13.0,343.0,69.0,128.0
7,288,20.0,348.0,120.0,126.0
6,49,10.0,296.0,42.0,311.0
6,99,23.0,240.0,50.0,345.0
2,297,14.0,322.0,100.0,146.0
4,75,20.0,336.0,123.0,135.0
2,258,18.0,88.0,96.0,204.0
4,173,17.0,389.0,48.0,393.0
1,179,17.0,52.0,95.0,132.0
5,354,19.0,358.0,88.0,346.0
5,79,12.0,40.0,97.0,76.0
7,197,17.0,208.0,33.0,300.0
1,57,10.0,216.0,79.0,195.0
7,172,20.0,65.0,104.0,109.0
2,337,18.0,249.0,76.0,387.0
5,266,8.0,356.0,100.0,50.0
4,322,16.0,74.0,114.0,97.0
4,263,4.0,78.0,75.0,253.0
1,33,4.0,266.0,76.0,156.0
5,243,13.0,140.0,93.0,388.0
3,27,14.0,59.0,112.0,64.0
7,254,7.0,187.0,46.0,40.0
3,44,8.0,179.0,18.0,379.0
1,34,13.0,195.0,39.0,198.0
2,175,15.0,41.0,84.0,131.0
5,71,6.0,326.0,105.0,115.0
6,300,10.0,317.0,66.0,251.0
2,120,14.0,301.0,17.0,121.0
4,244,20.0,236.0,54.0,81.0
5,243,14.0,124.0,32.0,98.0
4,143,20.0,163.0,117.0,359.0
3,50,4.0,365.0,105.0,119.0
3,376,20.0,175.0,87.0,175.0
5,377,16.0,198.0,37.0,18.0
4,106,13.0,322.0,88.0,282.0
7,136,10.0,63.0,95.0,134.0
5,345,11.0,347.0,21.0,14.0
7,244,5.0,251.0,70.0,347.0
3,151,10.0,296.0,126.0,144.0
7,191,19.0,56.0,53.0,317.0
4,163,17.0,116.0,44.0,85.0
7,140,9.0,314.0,32.0,73.0
7,259,15.0,63.0,87.0,277.0
4,333,8.0,68.0,65.0,48.0
3,167,7.0,323.0,96.0,383.0
7,386,20.0,99.0,115.0,267.0
5,136,15.0,30.0,111.0,254.0
7,70,20.0,169.0,96.0,82.0
6,294,22.0,269.0,100.0,275.0
6,371,6.0,184.0,125.0,219.0
2,313,15.0,140.0,51.0,19.0
2,140,6.0,294.0,50.0,241.0
4,38,17.0,185.0,51.0,244.0
7,21,12.0,286.0,124.0,217.0
7,201,14.0,256.0,119.0,348.0
2,280,17.0,287.0,109.0,104.0
3,34,19.0,362.0,110.0,62.0
4,335,6.0,336.0,42.0,227.0
1,304,10.0,122.0,92.0,315.0
4,260,5.0,130.0,34.0,305.0
5,114,4.0,48.0,53.0,192.0
1,154,4.0,209.0,90.0,192.0
1,75,23.0,182.0,66.0,197.0
6,363,21.0,296.0,90.0,355.0
2,301,23.0,21.0,17.0,104.0
6,340,17.0,396.0,74.0,37.0
5,317,4.0,94.0,30.0,278.0
2,316,17.0,242.0,69.0,31.0
1,387,13.0,335.0,60.0,147.0
3,376,7.0,273.0,115.0,181.0
3,297,20.0,130.0,75.0,49.0
3,108,4.0,182.0,98.0,95.0
3,28,7.0,137.0,19.0,12.0
2,320,15.0,353.0,106.0,236.0
3,290,23.0,193.0,107.0,295.0
7,201,17.0,19.0,33.0,164.0
5,321,14.0,68.0,118.0,380.0
4,129,15.0,17.0,26.0,309.0
3,388,4.0,213.0,63.0,93.0
1,10,6.0,334.0,78.0,396.0
7,137,21.0,104.0,79.0,391.0
4,321,10.0,345.0,92.0,265.0
4,313,19.0,169.0,120.0,280.0
5,326,12.0,236.0,107.0,373.0
1,260,4.0,223.0,89.0,333.0
5,130,8.0,332.0,55.0,203.0
5,78,10.0,251.0,127.0,13.0
4,387,16.0,63.0,21.0,35.0
7,17,14.0,145.0,26.0,26.0
2,185,12.0,263.0,103.0,40.0
2,193,10.0,225.0,50.0,44.0
5,274,9.0,217.0,43.0,390.0
7,28,4.0,270.0,66.0,64.0
3,134,21.0,325.0,88.0,35.0
2,101,7.0,86.0,108.0,367.0
5,262,4.0,87.0,112.0,360.0
4,364,5.0,198.0,47.0,384.0
5,63,11.0,333.0,70.0,214.0
1,137,11.0,33.0,120.0,245.0
3,179,19.0,65.0,125.0,320.0
5,345,21.0,290.0,81.0,357.0
7,263,21.0,89.0,108.0,142.0
6,254,10.0,297.0,70.0,167.0
5,187,22.0,278.0,18.0,308.0
5,81,18.0,327.0,88.0,371.0
4,244,8.0,172.0,42.0,41.0
1,166,13.0,110.0,110.0,158.0
1,33,10.0,160.0,26.0,282.0
4,357,22.0,42.0,46.0,139.0
1,80,16.0,341.0,28.0,172.0
1,108,8.0,168.0,123.0,137.0
5,373,6.0,386.0,87.0,40.0
5,179,21.0,226.0,99.0,134.0
7,390,8.0,389.0,116.0,104.0
3,205,5.0,244.0,38.0,189.0
3,228,20.0,176.0,81.0,272.0
4,317,16.0,52.0,78.0,50.0
7,265,22.0,153.0,94.0,280.0
4,120,21.0,310.0,57.0,194.0
1,41,7.0,307.0,110.0,83.0
5,243,19.0,342.0,95.0,255.0
1,91,11.0,116.0,105.0,354.0
7,191,19.0,390.0,69.0,51.0
6,240,12.0,123.0,54.0,319.0
6,309,18.0,230.0,100.0,114.0
2,21,16.0,216.0,83.0,132.0
5,310,20.0,256.0,105.0,109.0
5,33,9.0,30.0,67.0,351.0
3,366,15.0,252.0,20.0,333.0
5,266,18.0,244.0,24.0,159.0
4,77,9.0,204.0,104.0,316.0
7,268,18.0,144.0,65.0,141.0
7,255,4.0,105.0,113.0,378.0
2,78,22.0,45.0,56.0,184.0
4,390,6.0,379.0,110.0,327.0
5,188,7.0,118.0,114.0,330.0
5,143,18.0,170.0,72.0,138.0
2,101,9.0,289.0,23.0,60.0
5,333,16.0,181.0,86.0,262.0
5,43,22.0,267.0,76.0,389.0
6,97,9.0,217.0,95.0,225.0
4,358,10.0,33.0,116.0,375.0
1,280,22.0,302.0,78.0,43.0
2,205,8.0,100.0,95.0,261.0
3,102,23.0,278.0,99.0,121.0
7,190,15.0,11.0,98.0,277.0
3,382,21.0,203.0,50.0,236.0
5,264,5.0,345.0,21.0,216.0
1,50,22.0,352.0,108.0,263.0
1,24,21.0,162.0,69.0,206.0
3,174,23.0,97.0,63.0,282.0
1,157,17.0,250.0,71.0,68.0
4,268,13.0,243.0,63.0,336.0
3,348,12.0,380.0,69.0,343.0
2,120,17.0,366.0,90.0,38.0
5,22,11.0,335.0,89.0,365.0
5,208,14.0,252.0,110.0,146.0
4,53,13.0,230.0,91.0,307.0
5,381,17.0,91.0,100.0,29.0
7,153,22.0,71.0,101.0,14.0
3,399,6.0,85.0,106.0,72.0
3,252,15.0,342.0,39.0,365.0
6,175,11.0,142.0,100.0,227.0
7,76,23.0,352.0,62.0,117.0
5,52,5.0,299.0,88.0,90.0
5,299,20.0,274.0,21.0,222.0
1,179,19.0,106.0,101.0,74.0
1,139,16.0,381.0,45.0,148.0
3,357,13.0,197.0,102.0,231.0
6,223,4.0,244.0,34.0,237.0
7,231,11.0,333.0,51.0,230.0
2,126,10.0,124.0,21.0,46.0
1,395,7.0,355.0,68.0,47.0
4,21,21.0,25.0,115.0,60.0
4,338,20.0,287.0,20.0,169.0
7,293,7.0,75.0,77.0,254.0
5,120,19.0,382.0,22.0,252.0
7,288,22.0,213.0,30.0,97.0
5,318,5.0,206.0,108.0,182.0
2,120,13.0,134.0,119.0,227.0
2,97,13.0,327.0,37.0,312.0
5,305,9.0,388.0,86.0,387.0
3,33,13.0,79.0,103.0,170.0
5,207,14.0,281.0,108.0,196.0
2,14,10.0,192.0,75.0,134.0
5,46,7.0,283.0,96.0,60.0
7,274,14.0,102.0,72.0,347.0
7,28,13.0,325.0,86.0,17.0
7,343,9.0,315.0,36.0,34.0
4,385,8.0,227.0,50.0,52.0
4,200,16.0,225.0,91.0,206.0
1,30,6.0,27.0,51.0,61.0
7,395,8.0,211.0,72.0,372.0
6,145,5.0,374.0,57.0,206.0
6,226,18.0,260.0,109.0,11.0
1,156,7.0,283.0,36.0,308.0
7,302,6.0,123.0,97.0,221.0
1,175,5.0,327.0,70.0,299.0
6,288,6.0,302.0,62.0,220.0
1,245,8.0,300.0,80.0,383.0
7,182,23.0,389.0,117.0,36.0
7,95,23.0,163.0,44.0,183.0
2,261,15.0,83.0,16.0,116.0
1,146,10.0,366.0,33.0,69.0
6,358,10.0,123.0,126.0,287.0
4,86,16.0,264.0,124.0,300.0
7,182,5.0,306.0,105.0,289.0
2,296,16.0,115.0,16.0,259.0
5,118,15.0,309.0,59.0,290.0
1,189,9.0,284.0,41.0,13.0
2,26,19.0,124.0,22.0,40.0
7,111,21.0,150.0,89.0,346.0
6,66,21.0,131.0,26.0,315.0
6,147,6.0,98.0,43.0,269.0
3,60,23.0,391.0,37.0,384.0
3,235,11.0,375.0,43.0,351.0
4,71,14.0,379.0,96.0,245.0
2,274,14.0,182.0,87.0,341.0
5,115,19.0,227.0,59.0,174.0
1,273,4.0,377.0,87.0,265.0
5,283,11.0,117.0,17.0,17.0
7,177,17.0,180.0,82.0,184.0
2,71,9.0,354.0,98.0,181.0
7,203,19.0,89.0,116.0,343.0
6,117,23.0,295.0,100.0,63.0
1,174,6.0,81.0,101.0,15.0
4,216,22.0,86.0,88.0,279.0
5,312,16.0,380.0,59.0,61.0
4,260,15.0,201.0,41.0,28.0
7,11,22.0,144.0,114.0,195.0
6,130,16.0,289.0,47.0,233.0
5,169,22.0,121.0,97.0,67.0
7,218,19.0,334.0,108.0,241.0
2,294,17.0,166.0,21.0,112.0
2,362,22.0,312.0,35.0,23.0
1,133,14.0,140.0,49.0,310.0
6,284,8.0,151.0,86.0,80.0
1,74,9.0,195.0,42.0,87.0
5,12,19.0,214.0,59.0,376.0
5,12,14.0,17.0,119.0,303.0
4,189,17.0,237.0,103.0,318.0
4,185,23.0,216.0,66.0,193.0
6,140,15.0,151.0,119.0,254.0
6,199,11.0,151.0,64.0,365.0
4,156,16.0,65.0,109.0,34.0
3,20,4.0,17.0,34.0,130.0
3,93,17.0,254.0,44.0,342.0
4,185,18.0,124.0,121.0,104.0
3,116,23.0,201.0,124.0,354.0
6,361,18.0,22.0,117.0,117.0
2,351,15.0,381.0,104.0,269.0
3,223,11.0,254.0,120.0,343.0
4,286,15.0,344.0,63.0,87.0
6,356,9.0,282.0,76.0,277.0
2,47,21.0,336.0,58.0,96.0
3,226,6.0,24.0,115.0,235.0
6,230,15.0,128.0,21.0,303.0
2,129,12.0,13.0,94.0,197.0
1,20,10.0,254.0,108.0,289.0
2,59,12.0,194.0,113.0,302.0
2,78,14.0,16.0,83.0,179.0
7,366,18.0,230.0,101.0,187.0
5,366,16.0,391.0,30.0,388.0
7,286,17.0,24.0,88.0,259.0
1,116,12.0,61.0,68.0,134.0
4,303,17.0,251.0,127.0,159.0
5,396,21.0,140.0,122.0,77.0
3,79,12.0,265.0,108.0,330.0
3,315,20.0,72.0,35.0,109.0
6,79,6.0,269.0,66.0,315.0
3,66,16.0,310.0,127.0,29.0
3,227,4.0,291.0,125.0,196.0
2,62,13.0,226.0,107.0,77.0
4,273,18.0,114.0,96.0,19.0
2,307,12.0,96.0,30.0,254.0
3,220,4.0,323.0,61.0,108.0
7,51,22.0,81.0,58.0,380.0
4,119,5.0,98.0,79.0,299.0
1,330,10.0,284.0,102.0,105.0
5,251,4.0,137.0,92.0,14.0
7,190,12.0,107.0,75.0,30.0
1,368,22.0,117.0,25.0,369.0
1,378,13.0,203.0,38.0,171.0
4,160,18.0,32.0,65.0,277.0
3,200,21.0,37.0,118.0,121.0
1,359,22.0,29.0,103.0,309.0
6,365,12.0,95.0,80.0,276.0
5,239,15.0,100.0,25.0,355.0
2,38,14.0,110.0,32.0,142.0
5,12,5.0,69.0,61.0,106.0
2,103,6.0,42.0,42.0,369.0
6,310,19.0,301.0,75.0,259.0
4,66,15.0,295.0,121.0,379.0
6,313,22.0,253.0,77.0,238.0
6,200,14.0,100.0,57.0,171.0
6,288,6.0,311.0,93.0,197.0
4,273,18.0,70.0,114.0,51.0
3,262,22.0,329.0,43.0,282.0
4,40,23.0,334.0,52.0,316.0
1,243,13.0,111.0,80.0,370.0
1,333,19.0,56.0,24.0,129.0
3,13,23.0,244.0,28.0,342.0
3,398,4.0,86.0,16.0,269.0
7,318,17.0,56.0,25.0,386.0
4,248,19.0,270.0,21.0,257.0
5,15,8.0,282.0,82.0,83.0
4,304,23.0,121.0,110.0,301.0
1,375,15.0,42.0,125.0,76.0
4,180,7.0,169.0,101.0,236.0
5,264,9.0,225.0,91.0,334.0
4,366,13.0,212.0,42.0,245.0
4,263,9.0,283.0,38.0,120.0
2,200,16.0,342.0,30.0,268.0
5,384,20.0,22.0,63.0,329.0
6,115,15.0,55.0,127.0,57.0
4,28,17.0,103.0,25.0,45.0
5,103,10.0,259.0,124.0,183.0
2,181,11.0,383.0,63.0,45.0
6,371,17.0,23.0,111.0,10.0
6,346,11.0,37.0,40.0,189.0
6,387,15.0,123.0,39.0,244.0
5,385,8.0,259.0,101.0,331.0
3,85,14.0,248.0,48.0,356.0
1,48,4.0,344.0,111.0,126.0
6,388,7.0,104.0,68.0,153.0
4,284,16.0,260.0,119.0,266.0
3,353,7.0,380.0,40.0,350.0
1,211,15.0,291.0,39.0,261.0
2,271,21.0,320.0,75.0,376.0
3,272,11.0,279.0,106.0,365.0
5,288,15.0,98.0,86.0,80.0
6,19,14.0,150.0,22.0,76.0
2,243,21.0,189.0,86.0,392.0
5,331,11.0,198.0,127.0,351.0
4,242,6.0,31.0,52.0,261.0
3,325,8.0,22.0,41.0,23.0
6,348,23.0,327.0,55.0,159.0
6,80,14.0,226.0,36.0,90.0
4,285,15.0,87.0,105.0,45.0
3,204,20.0,394.0,63.0,239.0
5,350,22.0,141.0,95.0,60.0
2,270,19.0,341.0,80.0,347.0
2,322,8.0,70.0,60.0,184.0
3,47,20.0,216.0,88.0,313.0
3,205,12.0,78.0,50.0,352.0
1,210,22.0,278.0,126.0,247.0
3,149,23.0,51.0,54.0,177.0
2,126,10.0,262.0,69.0,21.0
4,323,10.0,35.0,93.0,366.0
4,114,16.0,255.0,97.0,218.0
1,146,5.0,181.0,93.0,274.0
4,331,12.0,319.0,118.0,76.0
6,175,7.0,43.0,65.0,75.0
1,210,11.0,313.0,121.0,350.0
4,211,10.0,62.0,74.0,123.0
2,205,19.0,369.0,33.0,218.0
4,105,18.0,299.0,77.0,143.0
5,391,4.0,150.0,24.0,304.0
4,27,16.0,386.0,54.0,17.0
2,25,21.0,319.0,60.0,254.0
1,65,18.0,125.0,49.0,366.0
6,330,9.0,360.0,77.0,291.0
3,195,6.0,307.0,28.0,396.0
7,158,20.0,74.0,81.0,384.0
6,136,16.0,256.0,21.0,339.0
1,271,4.0,313.0,41.0,237.0
1,151,22.0,145.0,38.0,346.0
5,240,15.0,267.0,93.0,396.0
5,305,17.0,147.0,66.0,316.0
6,224,14.0,192.0,122.0,369.0
1,298,9.0,104.0,67.0,151.0
2,334,5.0,378.0,101.0,55.0
1,173,7.0,340.0,115.0,309.0
1,316,13.0,270.0,29.0,294.0
6,65,8.0,210.0,87.0,206.0
6,261,16.0,144.0,18.0,245.0
3,379,17.0,33.0,33.0,224.0
5,195,20.0,43.0,120.0,174.0
3,165,13.0,393.0,16.0,281.0
2,50,6.0,297.0,90.0,17.0
1,368,14.0,33.0,34.0,219.0
7,87,6.0,335.0,55.0,112.0
5,191,13.0,205.0,51.0,36.0
2,315,4.0,321.0,47.0,274.0
2,84,9.0,228.0,75.0,258.0
4,347,12.0,371.0,20.0,173.0
1,143,17.0,168.0,114.0,144.0
2,289,11.0,133.0,58.0,151.0
6,126,18.0,124.0,97.0,233.0
5,326,10.0,25.0,42.0,115.0
3,68,12.0,57.0,105.0,371.0
7,28,20.0,335.0,80.0,115.0
4,349,17.0,53.0,31.0,95.0
6,359,13.0,237.0,79.0,345.0
5,389,19.0,78.0,61.0,115.0
5,369,9.0,76.0,96.0,137.0
7,361,4.0,158.0,70.0,194.0
3,338,11.0,110.0,107.0,351.0
6,119,5.0,287.0,105.0,112.0
6,145,20.0,36.0,122.0,27.0
7,337,23.0,100.0,72.0,297.0
7,260,17.0,216.0,63.0,150.0
7,370,18.0,121.0,63.0,313.0
5,117,8.0,230.0,76.0,343.0
2,52,17.0,141.0,71.0,293.0
5,398,12.0,227.0,31.0,230.0
1,261,12.0,196.0,24.0,37.0
4,292,5.0,62.0,72.0,259.0
7,234,13.0,185.0,72.0,381.0
1,346,18.0,342.0,38.0,175.0
1,76,15.0,291.0,73.0,87.0
1,156,20.0,164.0,63.0,117.0
2,304,8.0,96.0,102.0,227.0
2,65,19.0,268.0,45.0,54.0
6,329,20.0,147.0,96.0,297.0
7,193,15.0,319.0,17.0,120.0
1,353,23.0,58.0,109.0,188.0
4,168,20.0,34.0,62.0,349.0
7,342,19.0,285.0,89.0,306.0
3,317,5.0,219.0,61.0,123.0
4,27,14.0,218.0,17.0,240.0
7,62,23.0,312.0,49.0,296.0
6,61,15.0,169.0,54.0,156.0
4,261,7.0,39.0,63.0,184.0
6,44,8.0,32.0,39.0,322.0
3,149,19.0,81.0,117.0,92.0
1,73,6.0,275.0,26.0,255.0
6,265,9.0,116.0,28.0,213.0
3,207,8.0,91.0,112.0,229.0
2,313,9.0,16.0,80.0,183.0
2,308,14.0,19.0,50.0,229.0
7,231,19.0,125.0,66.0,130.0
5,166,13.0,56.0,95.0,142.0
6,170,10.0,100.0,70.0,285.0
7,366,16.0,53.0,70.0,315.0
1,292,5.0,67.0,87.0,281.0
1,94,23.0,44.0,81.0,312.0
1,254,14.0,298.0,69.0,141.0
4,395,22.0,338.0,101.0,240.0
6,256,22.0,384.0,40.0,33.0
5,25,18.0,155.0,33.0,380.0
4,103,18.0,17.0,77.0,217.0
4,348,20.0,277.0,55.0,133.0
7,35,15.0,298.0,123.0,292.0
4,86,7.0,202.0,125.0,106.0
1,337,4.0,64.0,78.0,282.0
5,32,13.0,195.0,77.0,157.0
6,62,6.0,180.0,101.0,32.0
7,295,16.0,323.0,109.0,87.0
2,91,7.0,49.0,81.0,250.0
1,57,16.0,75.0,33.0,286.0
3,235,9.0,224.0,55.0,36.0
4,32,5.0,398.0,28.0,193.0
1,87,18.0,397.0,56.0,365.0
1,368,22.0,131.0,59.0,358.0
4,167,14.0,202.0,35.0,187.0
6,323,18.0,185.0,64.0,88.0
1,353,6.0,185.0,109.0,24.0
4,64,8.0,75.0,55.0,124.0
7,178,14.0,96.0,32.0,383.0
6,30,13.0,268.0,100.0,124.0
5,382,9.0,187.0,114.0,60.0
3,258,4.0,85.0,121.0,253.0
1,53,18.0,289.0,95.0,248.0
1,250,20.0,53.0,103.0,58.0
6,49,9.0,342.0,53.0,81.0
7,184,5.0,117.0,44.0,88.0
7,118,23.0,104.0,35.0,222.0
1,230,16.0,233.0,62.0,236.0
4,52,4.0,250.0,21.0,310.0
5,237,16.0,315.0,59.0,155.0
6,129,17.0,12.0,59.0,363.0
7,118,18.0,382.0,71.0,287.0
1,28,15.0,19.0,112.0,330.0
2,59,17.0,95.0,26.0,364.0
6,311,12.0,239.0,123.0,110.0
3,90,11.0,187.0,120.0,259.0
6,284,22.0,336.0,84.0,142.0
3,258,9.0,69.0,120.0,37.0
3,16,7.0,84.0,36.0,357.0
1,179,8.0,284.0,45.0,319.0
4,153,14.0,264.0,102.0,143.0
2,159,7.0,181.0,26.0,277.0
7,122,19.0,307.0,32.0,229.0
6,182,17.0,214.0,111.0,289.0
2,305,21.0,139.0,66.0,22.0
6,212,9.0,327.0,92.0,318.0
5,39,12.0,331.0,105.0,202.0
5,222,9.0,364.0,33.0,325.0
6,30,11.0,116.0,65.0,85.0
4,210,23.0,386.0,109.0,103.0
2,236,7.0,226.0,72.0,329.0
7,303,8.0,80.0,93.0,81.0
6,50,15.0,76.0,119.0,170.0
4,321,19.0,166.0,93.0,303.0
6,129,18.0,293.0,30.0,396.0
1,80,15.0,330.0,58.0,108.0
5,309,15.0,55.0,19.0,124.0
5,195,16.0,366.0,30.0,135.0
3,229,5.0,113.0,100.0,197.0
6,320,23.0,72.0,123.0,83.0
3,110,21.0,189.0,49.0,360.0
2,205,15.0,131.0,97.0,133.0
4,164,11.0,167.0,17.0,163.0
7,56,19.0,214.0,38.0,100.0
5,209,20.0,362.0,60.0,162.0
4,347,21.0,264.0,93.0,166.0
2,95,23.0,344.0,39.0,35.0
1,208,12.0,208.0,31.0,239.0
3,101,23.0,44.0,101.0,21.0
3,93,10.0,191.0,54.0,275.0
4,305,17.0,265.0,44.0,146.0
7,375,20.0,376.0,116.0,177.0
1,327,20.0,23.0,69.0,120.0
7,236,7.0,46.0,91.0,22.0
1,356,19.0,132.0,116.0,344.0
6,215,15.0,57.0,75.0,225.0
2,259,14.0,141.0,100.0,64.0
4,19,20.0,311.0,95.0,320.0
1,80,5.0,296.0,40.0,186.0
1,398,20.0,329.0,78.0,176.0
2,308,5.0,265.0,112.0,78.0
3,26,22.0,78.0,71.0,245.0
4,368,4.0,295.0,77.0,100.0
1,51,16.0,303.0,32.0,155.0
5,295,17.0,390.0,72.0,325.0
6,62,7.0,387.0,53.0,212.0
5,370,23.0,29.0,16.0,268.0
3,90,22.0,174.0,78.0,32.0
3,302,5.0,345.0,24.0,348.0
7,73,18.0,151.0,124.0,375.0
5,18,17.0,90.0,107.0,361.0
3,307,21.0,32.0,23.0,395.0
3,166,5.0,322.0,32.0,54.0
7,70,5.0,55.0,45.0,365.0
2,21,14.0,248.0,17.0,45.0
3,287,11.0,206.0,94.0,107.0
2,27,20.0,258.0,58.0,360.0
3,29,22.0,287.0,93.0,56.0
2,89,21.0,387.0,44.0,72.0
2,178,14.0,303.0,52.0,317.0
3,50,19.0,373.0,72.0,37.0
5,25,11.0,300.0,51.0,329.0
2,361,22.0,45.0,23.0,217.0
6,89,12.0,155.0,32.0,223.0
5,270,19.0,237.0,84.0,253.0
1,88,14.0,190.0,58.0,315.0
3,287,12.0,148.0,72.0,387.0
2,26,16.0,351.0,37.0,341.0
4,26,5.0,378.0,34.0,176.0
4,141,21.0,117.0,22.0,366.0
4,181,8.0,292.0,126.0,197.0
5,107,10.0,115.0,39.0,390.0
6,255,15.0,45.0,105.0,355.0
1,347,22.0,168.0,25.0,254.0
3,88,12.0,211.0,93.0,121.0
1,189,8.0,22.0,92.0,80.0
4,269,14.0,365.0,38.0,249.0
5,340,23.0,243.0,88.0,358.0
1,124,19.0,344.0,60.0,225.0
4,19,6.0,45.0,63.0,156.0
6,64,9.0,280.0,40.0,397.0
3,315,9.0,331.0,103.0,49.0
3,206,17.0,347.0,104.0,278.0
2,375,20.0,49.0,119.0,207.0
4,256,18.0,158.0,127.0,158.0
4,343,16.0,295.0,41.0,390.0
2,335,5.0,120.0,80.0,386.0
6,286,15.0,290.0,35.0,55.0
4,259,17.0,75.0,47.0,147.0
7,233,23.0,177.0,126.0,256.0
7,174,6.0,111.0,67.0,290.0
5,160,11.0,272.0,52.0,105.0
2,141,22.0,300.0,114.0,246.0
4,88,17.0,37.0,87.0,285.0
7,304,19.0,101.0,29.0,12.0
3,181,17.0,166.0,22.0,143.0
6,245,15.0,154.0,100.0,337.0
3,196,6.0,377.0,90.0,270.0
7,273,15.0,256.0,33.0,87.0
2,391,21.0,81.0,124.0,303.0
4,14,11.0,233.0,83.0,75.0
7,357,4.0,333.0,28.0,198.0
6,280,7.0,54.0,34.0,322.0
5,251,9.0,368.0,20.0,117.0
7,228,9.0,237.0,28.0,197.0
1,286,13.0,318.0,86.0,59.0
4,348,10.0,269.0,59.0,280.0
1,167,5.0,385.0,45.0,40.0
5,216,14.0,198.0,38.0,106.0
6,274,9.0,321.0,82.0,324.0
5,255,17.0,34.0,47.0,16.0
4,28,13.0,319.0,107.0,115.0
5,311,16.0,151.0,51.0,54.0
6,15,22.0,319.0,57.0,18.0
3,396,14.0,103.0,90.0,139.0
4,379,21.0,60.0,50.0,244.0
3,298,7.0,319.0,90.0,357.0
1,22,12.0,376.0,49.0,203.0
4,361,18.0,36.0,33.0,252.0
5,376,21.0,396.0,20.0,136.0
4,30,9.0,69.0,90.0,297.0
2,399,9.0,152.0,96.0,105.0
1,299,21.0,294.0,125.0,317.0
4,267,23.0,327.0,106.0,274.0
2,321,10.0,36.0,98.0,143.0
2,160,17.0,298.0,98.0,101.0
1,31,12.0,200.0,78.0,344.0
5,173,18.0,393.0,35.0,187.0
5,121,19.0,151.0,44.0,275.0
7,19,9.0,145.0,82.0,139.0
4,127,17.0,57.0,72.0,207.0
2,64,9.0,40.0,22.0,181.0
7,25,20.0,47.0,107.0,351.0
6,285,6.0,240.0,112.0,182.0
2,201,9.0,188.0,108.0,42.0
1,158,12.0,22.0,20.0,392.0
2,391,11.0,391.0,40.0,158.0
7,165,4.0,59.0,83.0,227.0
2,209,17.0,99.0,43.0,113.0
3,160,23.0,272.0,124.0,213.0
7,275,15.0,321.0,72.0,15.0
3,76,17.0,265.0,114.0,166.0
4,214,18.0,25.0,112.0,345.0
5,55,13.0,258.0,91.0,30.0
6,314,23.0,243.0,122.0,254.0
5,257,10.0,290.0,21.0,200.0
3,87,12.0,368.0,111.0,96.0
7,54,11.0,250.0,107.0,39.0
2,347,20.0,351.0,93.0,64.0
1,378,5.0,273.0,111.0,43.0
7,63,13.0,203.0,46.0,114.0
4,158,17.0,112.0,34.0,216.0
7,305,15.0,229.0,63.0,181.0
2,113,7.0,45.0,29.0,346.0
1,44,21.0,266.0,94.0,280.0
3,113,12.0,379.0,80.0,192.0
1,252,21.0,65.0,126.0,167.0
1,165,18.0,297.0,63.0,394.0
2,145,4.0,198.0,107.0,56.0
2,369,8.0,199.0,20.0,33.0
1,319,23.0,371.0,43.0,270.0
4,88,11.0,230.0,45.0,347.0
7,323,13.0,253.0,61.0,40.0
7,141,20.0,369.0,85.0,358.0
1,145,11.0,186.0,38.0,122.0
2,303,9.0,139.0,44.0,310.0
2,58,15.0,359.0,116.0,393.0
3,62,19.0,280.0,26.0,91.0
7,75,18.0,281.0,77.0,146.0
3,104,17.0,93.0,90.0,242.0
7,140,8.0,212.0,45.0,226.0
5,130,4.0,115.0,47.0,258.0
7,27,4.0,327.0,23.0,284.0
7,19,10.0,311.0,116.0,39.0
6,333,8.0,79.0,54.0,22.0
3,338,22.0,345.0,31.0,377.0
3,350,9.0,203.0,77.0,119.0
2,128,9.0,284.0,66.0,285.0
7,110,17.0,248.0,101.0,222.0
4,77,20.0,206.0,80.0,343.0
1,293,10.0,315.0,47.0,395.0
5,344,21.0,312.0,29.0,98.0
1,165,17.0,59.0,102.0,17.0
7,235,12.0,398.0,67.0,62.0
4,231,13.0,219.0,46.0,366.0
3,87,19.0,67.0,70.0,268.0
6,30,21.0,144.0,61.0,394.0
4,45,15.0,78.0,127.0,326.0
7,223,6.0,118.0,49.0,27.0
7,203,22.0,129.0,110.0,281.0
6,253,19.0,42.0,94.0,112.0
7,25,11.0,366.0,126.0,344.0
7,315,19.0,167.0,25.0,302.0
1,387,15.0,157.0,29.0,172.0
7,314,20.0,44.0,44.0,91.0
2,217,5.0,399.0,59.0,282.0
7,18,14.0,379.0,115.0,263.0
5,136,23.0,340.0,124.0,159.0
2,394,21.0,192.0,102.0,390.0
4,280,11.0,269.0,56.0,152.0
2,218,8.0,270.0,74.0,271.0
3,261,20.0,136.0,99.0,246.0
3,300,13.0,96.0,80.0,344.0
6,165,6.0,396.0,52.0,351.0
6,335,21.0,116.0,20.0,48.0
7,127,18.0,158.0,103.0,257.0
6,379,15.0,342.0,82.0,294.0
1,34,13.0,328.0,89.0,96.0
2,55,12.0,304.0,59.0,232.0
1,25,12.0,373.0,110.0,126.0
3,10,8.0,383.0,75.0,307.0
4,346,5.0,154.0,125.0,340.0
2,261,5.0,24.0,68.0,194.0
2,339,18.0,280.0,58.0,242.0
3,325,22.0,119.0,47.0,183.0
4,325,11.0,199.0,54.0,180.0
3,310,22.0,77.0,60.0,233.0
2,255,7.0,149.0,66.0,269.0
2,360,19.0,118.0,126.0,381.0
4,291,9.0,85.0,20.0,205.0
2,359,14.0,199.0,126.0,194.0
2,141,19.0,308.0,73.0,383.0
2,106,15.0,123.0,21.0,358.0
2,365,8.0,251.0,72.0,61.0
3,165,6.0,211.0,126.0,151.0
5,213,11.0,95.0,78.0,301.0
5,283,17.0,307.0,106.0,166.0
2,34,19.0,210.0,79.0,84.0
1,348,18.0,255.0,33.0,250.0
1,95,11.0,220.0,49.0,278.0
7,313,12.0,117.0,115.0,206.0
7,143,7.0,212.0,18.0,364.0
5,60,18.0,349.0,21.0,199.0
3,283,6.0,198.0,104.0,95.0
3,345,21.0,99.0,111.0,96.0
2,381,11.0,263.0,51.0,104.0
4,327,20.0,240.0,92.0,297.0
4,185,6.0,248.0,77.0,303.0
1,365,9.0,126.0,94.0,395.0
3,362,10.0,392.0,110.0,275.0
6,183,11.0,39.0,96.0,214.0
4,189,15.0,344.0,72.0,187.0
5,109,7.0,53.0,55.0,134.0
7,206,6.0,16.0,36.0,290.0
6,344,9.0,369.0,117.0,181.0
1,72,10.0,347.0,123.0,322.0
7,137,21.0,61.0,35.0,368.0
6,79,16.0,264.0,44.0,28.0
2,150,11.0,201.0,109.0,309.0
3,225,13.0,145.0,90.0,106.0
7,107,5.0,251.0,41.0,332.0
4,288,20.0,215.0,33.0,190.0
5,144,15.0,25.0,42.0,115.0
6,170,15.0,221.0,36.0,342.0
3,97,22.0,292.0,38.0,372.0
3,13,6.0,39.0,42.0,346.0
3,35,8.0,314.0,63.0,248.0
3,275,22.0,224.0,63.0,223.0
5,134,6.0,47.0,28.0,250.0
7,311,4.0,126.0,35.0,101.0
3,71,13.0,287.0,123.0,238.0
2,117,4.0,326.0,59.0,115.0
7,34,8.0,270.0,103.0,269.0
2,374,10.0,338.0,53.0,38.0
7,375,9.0,87.0,92.0,258.0
2,341,12.0,118.0,76.0,317.0
4,112,6.0,94.0,105.0,247.0
1,196,13.0,311.0,102.0,39.0
2,77,11.0,198.0,127.0,297.0
5,360,7.0,333.0,77.0,98.0
1,339,8.0,325.0,76.0,226.0
1,104,21.0,226.0,48.0,321.0
5,262,5.0,383.0,64.0,67.0
5,16,6.0,327.0,112.0,137.0
7,329,23.0,279.0,96.0,195.0
6,165,12.0,259.0,70.0,282.0
6,398,16.0,19.0,36.0,150.0
1,355,19.0,212.0,91.0,223.0
1,104,23.0,229.0,91.0,158.0
3,180,23.0,374.0,74.0,238.0
1,71,9.0,280.0,93.0,184.0
2,303,7.0,24.0,50.0,218.0
5,143,16.0,294.0,92.0,113.0
3,75,21.0,121.0,101.0,313.0
2,170,15.0,390.0,108.0,153.0
5,36,4.0,381.0,84.0,164.0
4,76,4.0,260.0,123.0,207.0
6,203,17.0,332.0,88.0,93.0
4,311,10.0,173.0,76.0,268.0
3,385,8.0,237.0,26.0,24.0
2,392,11.0,193.0,118.0,39.0
6,274,20.0,275.0,94.0,283.0
3,277,23.0,17.0,122.0,265.0
6,282,15.0,33.0,38.0,182.0
3,170,7.0,195.0,103.0,24.0
5,62,9.0,378.0,126.0,332.0
6,274,16.0,279.0,117.0,399.0
5,347,19.0,24.0,103.0,251.0
5,206,23.0,361.0,119.0,342.0
1,211,12.0,230.0,65.0,267.0
5,197,18.0,183.0,33.0,151.0
7,301,10.0,360.0,16.0,221.0
7,272,8.0,251.0,69.0,109.0
3,15,16.0,337.0,37.0,187.0
3,108,18.0,78.0,60.0,129.0
5,190,19.0,369.0,87.0,311.0
1,75,12.0,388.0,36.0,234.0
6,165,22.0,296.0,39.0,199.0
2,149,21.0,256.0,25.0,330.0
2,158,4.0,127.0,79.0,81.0
5,140,11.0,200.0,85.0,241.0
5,259,14.0,225.0,88.0,203.0
1,169,22.0,182.0,25.0,298.0
5,272,7.0,294.0,22.0,279.0
7,17,9.0,61.0,59.0,173.0
5,227,12.0,266.0,118.0,385.0
5,124,20.0,363.0,63.0,68.0
5,302,12.0,93.0,70.0,138.0
1,352,12.0,199.0,23.0,397.0
1,250,8.0,302.0,48.0,189.0
2,177,23.0,292.0,86.0,143.0
7,12,6.0,159.0,92.0,13.0
1,193,17.0,121.0,112.0,14.0
6,290,5.0,102.0,102.0,395.0
6,394,23.0,189.0,66.0,65.0
1,287,4.0,20.0,88.0,70.0
6,375,5.0,190.0,125.0,131.0
3,102,16.0,220.0,109.0,47.0
2,312,23.0,177.0,82.0,392.0
6,227,10.0,314.0,55.0,354.0
1,104,7.0,310.0,77.0,124.0
6,170,7.0,362.0,115.0,354.0
7,395,10.0,202.0,120.0,321.0
4,245,19.0,319.0,118.0,167.0
2,282,5.0,374.0,27.0,83.0
1,270,11.0,162.0,91.0,330.0
6,137,18.0,43.0,21.0,167.0
7,263,15.0,374.0,125.0,250.0
1,184,17.0,80.0,106.0,24.0
7,72,5.0,390.0,62.0,392.0
7,28,7.0,229.0,68.0,145.0
3,169,22.0,294.0,37.0,16.0
7,11,7.0,381.0,37.0,135.0
1,228,9.0,288.0,37.0,352.0
1,345,10.0,264.0,68.0,352.0
7,171,11.0,331.0,97.0,362.0
1,330,9.0,45.0,46.0,130.0
4,337,19.0,192.0,98.0,297.0
1,60,16.0,312.0,25.0,227.0
4,208,10.0,176.0,109.0,114.0
6,57,21.0,339.0,35.0,136.0
5,116,10.0,163.0,24.0,261.0
3,213,4.0,27.0,30.0,362.0
4,316,16.0,273.0,36.0,390.0
4,226,13.0,154.0,63.0,199.0
6,387,11.0,24.0,121.0,389.0
2,376,6.0,130.0,30.0,225.0
4,187,16.0,189.0,80.0,251.0
5,105,18.0,22.0,34.0,51.0
6,71,23.0,76.0,54.0,21.0
3,351,15.0,394.0,51.0,72.0
7,315,12.0,269.0,33.0,198.0
1,162,4.0,397.0,52.0,135.0
5,120,4.0,299.0,119.0,199.0
5,289,18.0,162.0,96.0,306.0
7,59,15.0,304.0,35.0,45.0
5,192,22.0,284.0,74.0,173.0
7,184,19.0,277.0,125.0,102.0
6,370,5.0,367.0,50.0,207.0
4,182,7.0,58.0,102.0,359.0
7,142,11.0,283.0,30.0,201.0
5,150,10.0,135.0,65.0,31.0
5,35,19.0,365.0,33.0,139.0
6,390,4.0,135.0,51.0,332.0
5,330,17.0,62.0,72.0,206.0
3,165,8.0,317.0,17.0,321.0
2,378,5.0,356.0,113.0,65.0
7,50,4.0,196.0,123.0,213.0
2,188,15.0,225.0,126.0,175.0
5,264,7.0,154.0,45.0,258.0
6,252,11.0,285.0,19.0,326.0
3,278,11.0,350.0,20.0,181.0
3,168,7.0,142.0,60.0,228.0
7,42,5.0,127.0,95.0,342.0
2,316,6.0,386.0,99.0,182.0
1,274,19.0,10.0,47.0,359.0
4,255,11.0,347.0,103.0,256.0
7,159,19.0,382.0,87.0,210.0
1,302,14.0,204.0,98.0,47.0
3,231,10.0,41.0,23.0,297.0
2,230,10.0,215.0,42.0,284.0
7,329,6.0,52.0,107.0,189.0
4,128,7.0,268.0,22.0,57.0
2,188,13.0,328.0,117.0,269.0
3,176,10.0,147.0,32.0,106.0
5,159,17.0,362.0,67.0,140.0
7,171,7.0,175.0,103.0,17.0
6,254,8.0,82.0,101.0,147.0
2,172,22.0,378.0,117.0,81.0
1,287,21.0,277.0,121.0,237.0
3,164,9.0,316.0,103.0,178.0
4,229,20.0,232.0,76.0,86.0
1,310,11.0,316.0,119.0,169.0
4,67,4.0,307.0,99.0,198.0
4,258,23.0,372.0,58.0,38.0
3,378,5.0,77.0,121.0,346.0
5,249,11.0,132.0,27.0,207.0
3,24,5.0,142.0,125.0,389.0
1,154,10.0,351.0,121.0,261.0
7,394,16.0,217.0,24.0,237.0
7,172,8.0,303.0,65.0,241.0
2,235,9.0,47.0,62.0,211.0
4,138,20.0,284.0,121.0,260.0
5,255,12.0,142.0,123.0,393.0
1,26,11.0,174.0,120.0,40.0
1,126,8.0,54.0,81.0,212.0
1,180,11.0,256.0,34.0,69.0
3,292,22.0,122.0,125.0,359.0
5,40,18.0,10.0,84.0,237.0
5,301,18.0,347.0,32.0,151.0
4,127,19.0,325.0,108.0,318.0
3,69,14.0,333.0,22.0,235.0
6,58,17.0,303.0,38.0,385.0
7,82,20.0,301.0,105.0,285.0
1,318,13.0,25.0,38.0,30.0
7,277,22.0,322.0,74.0,315.0
6,101,6.0,330.0,84.0,362.0
4,286,7.0,226.0,73.0,26.0
3,256,5.0,287.0,73.0,260.0
3,82,23.0,116.0,103.0,111.0
2,308,10.0,84.0,20.0,15.0
2,37,18.0,45.0,99.0,50.0
4,74,7.0,211.0,101.0,61.0
6,211,14.0,131.0,85.0,160.0
2,329,13.0,385.0,124.0,265.0
1,146,21.0,156.0,18.0,72.0
6,71,15.0,161.0,108.0,30.0
7,317,15.0,93.0,72.0,170.0
6,225,8.0,88.0,95.0,337.0
4,356,8.0,32.0,73.0,211.0
3,351,13.0,91.0,24.0,97.0
7,386,11.0,11.0,77.0,90.0
6,121,11.0,329.0,52.0,352.0
2,322,8.0,220.0,25.0,327.0
7,172,4.0,264.0,110.0,116.0
2,356,8.0,21.0,62.0,142.0
2,125,12.0,384.0,104.0,73.0
2,287,14.0,156.0,110.0,187.0
1,152,13.0,208.0,71.0,398.0
5,13,6.0,378.0,69.0,390.0
6,245,23.0,207.0,40.0,24.0
6,339,14.0,83.0,123.0,60.0
3,53,15.0,369.0,68.0,133.0
7,364,20.0,392.0,124.0,132.0
5,155,20.0,128.0,92.0,79.0
6,241,21.0,261.0,117.0,117.0
3,286,19.0,43.0,123.0,260.0
1,291,19.0,58.0,22.0,88.0
5,385,16.0,33.0,64.0,370.0
5,399,9.0,19.0,37.0,229.0
1,229,14.0,97.0,45.0,220.0
2,177,10.0,30.0,119.0,280.0
4,93,18.0,241.0,29.0,42.0
3,208,7.0,278.0,67.0,43.0
1,358,18.0,117.0,34.0,269.0
2,247,18.0,142.0,118.0,72.0
1,147,4.0,272.0,35.0,302.0
6,177,7.0,221.0,125.0,219.0
7,364,21.0,156.0,97.0,352.0
2,234,7.0,306.0,90.0,274.0
7,74,11.0,216.0,30.0,179.0
6,369,5.0,35.0,61.0,35.0
7,323,23.0,299.0,69.0,35.0
6,150,19.0,267.0,98.0,373.0
5,319,19.0,359.0,126.0,48.0
7,334,10.0,87.0,78.0,301.0
4,47,18.0,348.0,58.0,37.0
5,230,7.0,50.0,121.0,103.0
3,151,11.0,344.0,87.0,144.0
7,244,8.0,358.0,91.0,156.0
5,74,14.0,359.0,60.0,321.0
1,200,17.0,295.0,28.0,210.0
3,306,18.0,215.0,38.0,320.0
4,209,17.0,250.0,38.0,160.0
2,251,14.0,278.0,113.0,259.0
2,353,8.0,23.0,102.0,97.0
2,232,14.0,81.0,116.0,232.0
1,198,21.0,66.0,106.0,399.0
7,303,22.0,12.0,21.0,24.0
6,225,23.0,287.0,83.0,121.0
1,97,20.0,255.0,126.0,101.0
6,130,23.0,236.0,121.0,155.0
6,313,12.0,51.0,39.0,391.0
2,162,5.0,105.0,69.0,186.0
6,122,4.0,360.0,90.0,303.0
5,319,16.0,275.0,79.0,181.0
6,230,18.0,43.0,40.0,24.0
5,121,9.0,366.0,113.0,204.0
6,129,7.0,139.0,52.0,390.0
1,306,19.0,80.0,126.0,284.0
3,227,18.0,248.0,42.0,50.0
5,237,19.0,115.0,63.0,147.0
3,108,11.0,83.0,39.0,234.0
2,202,21.0,52.0,57.0,160.0
5,321,17.0,79.0,113.0,39.0
1,181,18.0,230.0,24.0,179.0
2,167,15.0,50.0,32.0,369.0
2,288,6.0,204.0,113.0,40.0
2,73,21.0,211.0,117.0,108.0
2,367,6.0,114.0,98.0,294.0
4,329,6.0,244.0,25.0,311.0
1,85,10.0,390.0,65.0,133.0
7,37,11.0,183.0,105.0,398.0
7,48,18.0,226.0,28.0,88.0
3,68,11.0,294.0,80.0,251.0
2,24,7.0,174.0,95.0,30.0
1,86,23.0,348.0,100.0,74.0
1,100,14.0,282.0,17.0,256.0
5,343,6.0,31.0,57.0,76.0
7,53,9.0,372.0,65.0,88.0
3,334,13.0,167.0,60.0,156.0
2,340,22.0,279.0,57.0,206.0
7,289,5.0,374.0,73.0,204.0
1,173,16.0,383.0,35.0,144.0
3,104,10.0,396.0,17.0,77.0
3,87,16.0,110.0,127.0,185.0
4,311,9.0,113.0,42.0,314.0
2,306,7.0,198.0,102.0,367.0
1,213,13.0,233.0,54.0,21.0
7,203,19.0,119.0,80.0,107.0
3,169,18.0,195.0,53.0,188.0
1,107,15.0,76.0,112.0,291.0
3,35,6.0,283.0,125.0,106.0
2,109,7.0,188.0,84.0,178.0
5,398,9.0,367.0,66.0,278.0
1,116,18.0,356.0,91.0,75.0
7,223,20.0,70.0,106.0,382.0
6,217,22.0,49.0,61.0,241.0
7,28,4.0,85.0,88.0,44.0
7,325,20.0,43.0,42.0,207.0
3,281,12.0,282.0,92.0,27.0
6,11,14.0,320.0,118.0,169.0
4,327,6.0,30.0,119.0,362.0
4,352,12.0,304.0,114.0,343.0
5,60,8.0,321.0,36.0,26.0
6,92,11.0,189.0,33.0,149.0
4,298,6.0,69.0,92.0,162.0
4,25,9.0,230.0,80.0,126.0
6,24,23.0,154.0,34.0,338.0
4,11,9.0,194.0,22.0,269.0
5,374,20.0,317.0,21.0,30.0
4,338,11.0,105.0,71.0,370.0
6,181,8.0,311.0,49.0,292.0
7,163,5.0,352.0,60.0,231.0
2,168,6.0,120.0,115.0,73.0
6,270,16.0,399.0,28.0,237.0
7,206,4.0,258.0,104.0,51.0
6,305,7.0,122.0,118.0,130.0
7,264,23.0,319.0,61.0,395.0
3,155,9.0,189.0,37.0,292.0
3,361,7.0,323.0,41.0,340.0
5,365,12.0,217.0,86.0,272.0
7,135,23.0,385.0,71.0,175.0
5,278,19.0,340.0,66.0,292.0
4,201,12.0,284.0,82.0,261.0
3,107,21.0,368.0,117.0,189.0
2,263,4.0,83.0,39.0,119.0
4,316,4.0,240.0,113.0,347.0
2,280,20.0,360.0,56.0,249.0
1,354,4.0,96.0,90.0,303.0
1,41,8.0,138.0,21.0,141.0
2,112,11.0,76.0,78.0,296.0
5,250,12.0,155.0,71.0,252.0
1,343,18.0,143.0,74.0,277.0
5,377,20.0,237.0,99.0,186.0
1,296,18.0,11.0,64.0,371.0
6,293,18.0,185.0,22.0,327.0
7,18,17.0,59.0,105.0,289.0
4,153,17.0,29.0,55.0,145.0
7,389,16.0,364.0,108.0,148.0
3,97,19.0,374.0,44.0,344.0
7,251,18.0,41.0,123.0,28.0
7,80,13.0,111.0,103.0,57.0
7,174,16.0,378.0,44.0,166.0
4,214,5.0,338.0,73.0,288.0
6,214,18.0,391.0,42.0,16.0
1,372,10.0,155.0,64.0,333.0
5,121,18.0,161.0,116.0,208.0
4,274,11.0,171.0,22.0,268.0
4,12,7.0,393.0,41.0,340.0
7,121,14.0,337.0,34.0,278.0
2,56,9.0,377.0,103.0,121.0
1,230,18.0,391.0,43.0,327.0
1,397,18.0,181.0,62.0,343.0
5,249,9.0,319.0,46.0,344.0
7,313,20.0,374.0,107.0,52.0
7,117,8.0,284.0,88.0,113.0
1,331,12.0,163.0,62.0,118.0
4,91,4.0,227.0,60.0,205.0
1,136,23.0,167.0,22.0,175.0
5,51,14.0,23.0,127.0,239.0
1,113,16.0,99.0,16.0,251.0
3,78,9.0,171.0,121.0,40.0
3,222,22.0,395.0,122.0,214.0
1,273,18.0,281.0,39.0,155.0
4,127,13.0,165.0,40.0,66.0
2,204,7.0,204.0,81.0,121.0
7,225,23.0,318.0,30.0,278.0
5,198,20.0,237.0,114.0,34.0
2,249,22.0,55.0,87.0,75.0
5,38,8.0,240.0,31.0,359.0
3,182,19.0,90.0,19.0,27.0
1,361,10.0,337.0,107.0,73.0
4,364,15.0,229.0,80.0,377.0
4,155,9.0,381.0,63.0,194.0
7,231,12.0,119.0,58.0,200.0
3,277,22.0,209.0,108.0,19.0
6,249,6.0,83.0,16.0,323.0
3,399,16.0,294.0,122.0,223.0
4,37,23.0,374.0,114.0,252.0
5,289,22.0,268.0,46.0,17.0
6,54,17.0,390.0,29.0,230.0
7,227,11.0,320.0,77.0,34.0
4,218,17.0,13.0,40.0,267.0
6,237,14.0,222.0,37.0,122.0
5,84,16.0,377.0,43.0,335.0
6,92,19.0,306.0,29.0,281.0
3,152,5.0,338.0,113.0,49.0
3,188,9.0,306.0,92.0,238.0
3,302,16.0,363.0,47.0,59.0
6,245,20.0,365.0,86.0,378.0
1,272,5.0,356.0,66.0,69.0
2,180,23.0,168.0,67.0,169.0
4,365,18.0,263.0,120.0,243.0
6,310,21.0,340.0,53.0,109.0
1,263,21.0,366.0,20.0,99.0
6,123,16.0,315.0,106.0,305.0
6,220,16.0,262.0,112.0,96.0
1,172,16.0,230.0,124.0,138.0
3,296,7.0,392.0,53.0,146.0
3,319,12.0,186.0,38.0,20.0
3,208,5.0,358.0,98.0,175.0
3,336,15.0,150.0,45.0,170.0
5,208,5.0,360.0,16.0,210.0
1,124,22.0,339.0,75.0,324.0
5,107,20.0,241.0,124.0,122.0
7,184,7.0,384.0,38.0,376.0
2,100,4.0,271.0,23.0,257.0
5,57,8.0,258.0,36.0,354.0
6,28,13.0,245.0,22.0,387.0
6,373,11.0,119.0,65.0,134.0
7,15,11.0,199.0,55.0,309.0
2,87,21.0,142.0,99.0,74.0
3,237,11.0,368.0,105.0,181.0
2,299,10.0,169.0,117.0,86.0
7,264,19.0,226.0,83.0,362.0
5,188,21.0,331.0,20.0,97.0
3,305,6.0,330.0,96.0,112.0
5,117,10.0,238.0,17.0,339.0
5,218,5.0,75.0,102.0,251.0
5,219,10.0,219.0,18.0,180.0
7,264,7.0,100.0,69.0,26.0
4,38,7.0,89.0,89.0,148.0
5,238,22.0,111.0,104.0,246.0
7,98,22.0,327.0,37.0,215.0
2,99,5.0,266.0,109.0,103.0
5,70,14.0,57.0,114.0,205.0
7,295,8.0,101.0,39.0,82.0
1,220,21.0,88.0,78.0,193.0
7,205,16.0,165.0,36.0,252.0
2,278,13.0,350.0,32.0,90.0
7,41,17.0,126.0,81.0,330.0
1,375,22.0,153.0,55.0,386.0
6,92,15.0,305.0,45.0,112.0
5,11,4.0,299.0,35.0,105.0
5,238,4.0,127.0,114.0,364.0
1,119,9.0,258.0,103.0,360.0
6,249,6.0,300.0,37.0,355.0
3,334,12.0,153.0,83.0,375.0
5,167,23.0,242.0,66.0,322.0
4,121,7.0,336.0,120.0,156.0
4,332,12.0,191.0,61.0,372.0
5,159,19.0,205.0,71.0,132.0
3,350,13.0,227.0,93.0,48.0
2,110,14.0,299.0,42.0,191.0
4,79,5.0,87.0,57.0,275.0
2,72,19.0,365.0,30.0,185.0
4,147,17.0,196.0,21.0,338.0
6,271,17.0,195.0,25.0,259.0
1,271,16.0,18.0,114.0,67.0
4,248,20.0,299.0,25.0,385.0
4,136,8.0,32.0,119.0,249.0
7,26,18.0,266.0,63.0,352.0
2,358,18.0,223.0,92.0,154.0
3,384,19.0,247.0,86.0,170.0
4,108,12.0,68.0,29.0,376.0
6,16,9.0,145.0,86.0,108.0
2,199,20.0,254.0,101.0,281.0
5,191,7.0,311.0,87.0,319.0
6,383,17.0,130.0,89.0,234.0
5,343,17.0,199.0,46.0,146.0
2,394,6.0,179.0,33.0,276.0
6,180,14.0,167.0,113.0,173.0
7,376,5.0,288.0,32.0,161.0
5,272,4.0,233.0,48.0,111.0
2,233,16.0,293.0,127.0,64.0
2,83,4.0,318.0,115.0,27.0
2,311,8.0,305.0,47.0,348.0
5,41,8.0,144.0,50.0,315.0
5,38,16.0,13.0,51.0,319.0
2,162,21.0,268.0,68.0,105.0
2,103,15.0,292.0,88.0,58.0
2,169,23.0,282.0,103.0,20.0
5,18,5.0,243.0,88.0,306.0
7,145,4.0,98.0,39.0,61.0
7,367,8.0,394.0,127.0,77.0
3,167,13.0,245.0,21.0,340.0
4,335,21.0,383.0,55.0,176.0
7,135,17.0,299.0,43.0,345.0
6,287,19.0,264.0,38.0,89.0
4,210,18.0,135.0,66.0,370.0
5,396,14.0,51.0,37.0,147.0
1,209,17.0,127.0,123.0,316.0
4,147,7.0,40.0,92.0,121.0
5,274,4.0,178.0,115.0,393.0
3,144,20.0,58.0,57.0,366.0
7,96,6.0,236.0,85.0,160.0
6,324,8.0,121.0,62.0,277.0
4,342,14.0,130.0,100.0,142.0
5,95,12.0,298.0,75.0,197.0
5,309,11.0,327.0,73.0,171.0
4,281,7.0,284.0,52.0,94.0
4,349,11.0,230.0,31.0,27.0
7,377,8.0,324.0,22.0,145.0
2,50,16.0,61.0,34.0,376.0
6,14,15.0,165.0,120.0,50.0
7,357,13.0,87.0,52.0,53.0
7,172,21.0,225.0,28.0,255.0
1,291,11.0,267.0,80.0,146.0
4,152,22.0,199.0,92.0,46.0
2,355,16.0,265.0,71.0,80.0
4,169,23.0,236.0,92.0,148.0
4,136,20.0,222.0,66.0,279.0
2,102,9.0,112.0,21.0,141.0
5,255,14.0,98.0,88.0,68.0
7,17,5.0,10.0,127.0,115.0
5,211,16.0,206.0,125.0,107.0
1,151,21.0,150.0,27.0,317.0
4,280,19.0,296.0,44.0,69.0
4,298,11.0,135.0,44.0,342.0
5,103,12.0,306.0,120.0,324.0
2,385,14.0,285.0,53.0,224.0
7,238,4.0,205.0,29.0,289.0
5,202,18.0,271.0,87.0,16.0
5,73,21.0,388.0,126.0,159.0
7,160,5.0,155.0,79.0,305.0
6,191,18.0,372.0,123.0,257.0
4,212,17.0,339.0,59.0,146.0
5,272,19.0,361.0,89.0,388.0
5,96,5.0,144.0,48.0,365.0
6,76,22.0,56.0,21.0,40.0
3,84,11.0,394.0,81.0,243.0
1,170,16.0,101.0,43.0,333.0
4,19,6.0,77.0,80.0,379.0
3,83,16.0,213.0,95.0,184.0
7,170,6.0,158.0,103.0,151.0
1,267,5.0,111.0,37.0,237.0
2,396,13.0,122.0,125.0,71.0
6,226,13.0,386.0,20.0,87.0
7,384,22.0,327.0,72.0,29.0
6,365,17.0,299.0,90.0,309.0
2,10,12.0,13.0,82.0,71.0
6,97,16.0,42.0,122.0,310.0
6,147,10.0,287.0,26.0,211.0
1,50,8.0,24.0,63.0,259.0
4,332,20.0,59.0,71.0,241.0
7,399,21.0,212.0,76.0,386.0
7,164,12.0,329.0,116.0,342.0
7,44,5.0,158.0,93.0,104.0
1,342,21.0,120.0,89.0,208.0
4,265,19.0,55.0,43.0,392.0
7,235,16.0,17.0,96.0,308.0
3,267,4.0,395.0,92.0,72.0
1,100,22.0,158.0,46.0,78.0
6,145,9.0,42.0,112.0,272.0
6,345,14.0,121.0,31.0,127.0
5,214,6.0,109.0,29.0,352.0
4,34,17.0,337.0,65.0,333.0
7,242,5.0,374.0,107.0,149.0
3,294,21.0,291.0,22.0,84.0
4,71,12.0,296.0,76.0,25.0
7,33,7.0,82.0,74.0,57.0
4,131,22.0,363.0,122.0,329.0
3,342,13.0,28.0,123.0,251.0
7,25,19.0,78.0,43.0,29.0
3,318,15.0,64.0,40.0,269.0
7,234,18.0,86.0,47.0,22.0
7,291,23.0,308.0,71.0,361.0
3,14,10.0,374.0,75.0,223.0
6,93,10.0,99.0,70.0,201.0
7,53,21.0,367.0,49.0,185.0
4,367,23.0,340.0,44.0,152.0
7,253,22.0,43.0,112.0,329.0
6,120,20.0,239.0,99.0,194.0
1,249,18.0,348.0,102.0,333.0
5,120,16.0,269.0,33.0,365.0
4,98,7.0,86.0,79.0,121.0
1,16,15.0,376.0,126.0,383.0
2,229,11.0,335.0,96.0,391.0
7,178,14.0,58.0,78.0,94.0
7,177,14.0,228.0,21.0,120.0
2,172,16.0,277.0,68.0,92.0
7,334,14.0,306.0,117.0,87.0
6,126,10.0,50.0,84.0,271.0
1,293,18.0,150.0,118.0,154.0
1,18,10.0,266.0,78.0,376.0
5,42,17.0,377.0,87.0,394.0
3,83,13.0,78.0,18.0,37.0
1,396,6.0,59.0,58.0,10.0
3,339,22.0,66.0,53.0,111.0
2,152,5.0,89.0,50.0,213.0
3,394,7.0,355.0,89.0,289.0
3,45,13.0,278.0,43.0,25.0
4,235,23.0,190.0,106.0,223.0
3,225,10.0,135.0,72.0,42.0
4,313,17.0,47.0,34.0,207.0
3,188,7.0,326.0,30.0,33.0
4,247,10.0,351.0,71.0,107.0
4,93,11.0,202.0,126.0,231.0
5,136,15.0,350.0,84.0,364.0
4,202,22.0,210.0,115.0,77.0
5,227,14.0,121.0,122.0,208.0
6,22,6.0,133.0,33.0,169.0
1,59,14.0,110.0,60.0,205.0
1,258,10.0,195.0,43.0,318.0
7,191,14.0,46.0,111.0,345.0
2,58,22.0,177.0,49.0,155.0
7,276,10.0,307.0,40.0,17.0
4,79,22.0,41.0,27.0,142.0
5,221,19.0,261.0,41.0,150.0
7,241,10.0,98.0,43.0,122.0
5,53,4.0,267.0,44.0,63.0
6,183,17.0,342.0,25.0,212.0
1,229,9.0,225.0,50.0,112.0
6,175,5.0,213.0,48.0,169.0
7,12,6.0,241.0,23.0,115.0
1,273,20.0,74.0,36.0,233.0
3,343,21.0,328.0,113.0,373.0
4,307,11.0,82.0,126.0,343.0
5,342,10.0,134.0,84.0,175.0
2,258,21.0,281.0,91.0,151.0
2,11,8.0,56.0,70.0,62.0
2,104,8.0,391.0,81.0,364.0
5,66,6.0,243.0,65.0,175.0
2,79,18.0,152.0,83.0,131.0
2,356,20.0,376.0,96.0,89.0
2,66,23.0,364.0,54.0,134.0
6,220,9.0,28.0,33.0,394.0
4,367,4.0,290.0,60.0,127.0
7,293,11.0,327.0,87.0,191.0
4,197,21.0,203.0,74.0,370.0
7,226,12.0,86.0,82.0,354.0
2,220,23.0,76.0,27.0,385.0
5,290,23.0,282.0,93.0,25.0
1,304,19.0,200.0,58.0,384.0
5,12,4.0,214.0,31.0,62.0
2,185,12.0,312.0,60.0,271.0
4,168,10.0,263.0,20.0,130.0
2,68,19.0,143.0,105.0,116.0
7,162,11.0,76.0,108.0,183.0
5,92,7.0,10.0,113.0,228.0
3,257,21.0,383.0,94.0,107.0
1,44,13.0,120.0,39.0,282.0
2,377,12.0,231.0,70.0,67.0
2,63,4.0,197.0,73.0,138.0
5,82,11.0,283.0,51.0,189.0
6,129,18.0,379.0,95.0,365.0
4,26,4.0,167.0,113.0,57.0
2,217,11.0,234.0,97.0,217.0
2,380,23.0,217.0,77.0,371.0
7,93,19.0,207.0,96.0,122.0
7,168,16.0,149.0,51.0,122.0
7,66,16.0,199.0,96.0,42.0
6,197,15.0,326.0,117.0,225.0
1,179,11.0,297.0,102.0,151.0
1,349,15.0,278.0,62.0,208.0
6,16,10.0,251.0,87.0,156.0
6,38,17.0,357.0,121.0,335.0
2,249,5.0,121.0,38.0,66.0
2,292,16.0,295.0,38.0,301.0
5,11,8.0,281.0,29.0,43.0
7,380,19.0,328.0,125.0,113.0
1,294,4.0,53.0,44.0,241.0
7,384,23.0,243.0,94.0,194.0
4,200,10.0,212.0,112.0,332.0
4,223,13.0,84.0,51.0,84.0
7,63,5.0,188.0,90.0,388.0
6,63,17.0,111.0,64.0,390.0
3,63,8.0,202.0,96.0,166.0
6,339,14.0,256.0,62.0,278.0
5,188,8.0,294.0,65.0,155.0
4,309,23.0,162.0,117.0,315.0
5,135,5.0,304.0,45.0,304.0
3,58,17.0,186.0,24.0,370.0
7,220,12.0,281.0,71.0,375.0
2,210,13.0,141.0,56.0,358.0
6,123,15.0,145.0,82.0,349.0
7,115,18.0,135.0,71.0,177.0
6,207,22.0,305.0,112.0,283.0
6,149,8.0,150.0,88.0,232.0
2,145,16.0,119.0,119.0,309.0
4,132,17.0,55.0,38.0,312.0
1,358,20.0,397.0,52.0,126.0
5,289,22.0,106.0,25.0,360.0
5,185,6.0,298.0,24.0,71.0
2,74,23.0,39.0,124.0,248.0
4,59,14.0,30.0,110.0,182.0
5,232,5.0,113.0,68.0,328.0
4,367,19.0,58.0,110.0,66.0
5,38,12.0,186.0,69.0,55.0
2,154,5.0,318.0,88.0,97.0
3,286,6.0,12.0,78.0,284.0
6,214,23.0,377.0,63.0,212.0
3,130,8.0,319.0,17.0,301.0
2,163,8.0,260.0,20.0,129.0
6,16,20.0,87.0,37.0,177.0
6,271,11.0,246.0,73.0,192.0
5,268,19.0,358.0,28.0,211.0
2,233,13.0,236.0,80.0,52.0
7,138,20.0,167.0,108.0,333.0
3,140,22.0,224.0,82.0,356.0
5,75,23.0,129.0,69.0,106.0
5,266,4.0,34.0,100.0,321.0
1,114,22.0,211.0,102.0,260.0
1,310,9.0,325.0,121.0,150.0
7,41,7.0,52.0,52.0,157.0
6,76,4.0,167.0,28.0,387.0
2,121,23.0,349.0,75.0,194.0
4,314,18.0,336.0,114.0,142.0
1,152,19.0,166.0,126.0,347.0
3,196,17.0,191.0,16.0,321.0
3,301,16.0,167.0,37.0,65.0
3,390,22.0,165.0,24.0,346.0
1,42,8.0,176.0,125.0,275.0
2,296,7.0,30.0,74.0,335.0
5,19,18.0,178.0,53.0,299.0
3,42,4.0,131.0,42.0,33.0
2,62,5.0,245.0,70.0,242.0
2,389,8.0,162.0,112.0,63.0
3,243,12.0,248.0,33.0,394.0
7,301,21.0,271.0,21.0,351.0
4,122,23.0,202.0,62.0,293.0
4,242,14.0,274.0,89.0,308.0
5,375,14.0,282.0,40.0,375.0
2,339,10.0,266.0,96.0,248.0
1,364,22.0,30.0,61.0,291.0
5,105,22.0,172.0,25.0,123.0
6,130,8.0,101.0,94.0,351.0
1,156,17.0,45.0,44.0,18.0
2,13,23.0,359.0,31.0,340.0
2,226,23.0,333.0,95.0,319.0
2,82,21.0,27.0,115.0,159.0
5,286,18.0,41.0,94.0,165.0
2,338,6.0,329.0,24.0,345.0
1,10,9.0,383.0,67.0,386.0
6,134,5.0,332.0,32.0,370.0
4,303,15.0,95.0,31.0,100.0
4,328,8.0,382.0,103.0,310.0
7,185,20.0,371.0,126.0,333.0
5,129,10.0,63.0,121.0,249.0
3,101,11.0,26.0,102.0,245.0
7,79,21.0,46.0,118.0,76.0
5,369,9.0,344.0,126.0,228.0
3,220,13.0,355.0,96.0,96.0
6,387,4.0,234.0,81.0,114.0
6,78,22.0,92.0,39.0,309.0
6,177,22.0,173.0,109.0,306.0
3,323,19.0,313.0,123.0,313.0
7,73,8.0,224.0,77.0,63.0
2,62,16.0,284.0,89.0,291.0
6,216,6.0,286.0,23.0,230.0
2,61,14.0,120.0,99.0,368.0
1,186,6.0,225.0,29.0,238.0
6,61,7.0,368.0,103.0,104.0
1,93,12.0,350.0,19.0,349.0
1,326,15.0,148.0,117.0,271.0
1,50,23.0,250.0,60.0,385.0
3,189,17.0,40.0,40.0,64.0
2,21,7.0,291.0,40.0,182.0
3,338,12.0,18.0,88.0,74.0
6,271,22.0,300.0,97.0,190.0
4,193,23.0,241.0,92.0,307.0
4,195,12.0,376.0,69.0,47.0
4,253,4.0,24.0,125.0,368.0
7,241,17.0,72.0,92.0,318.0
1,366,8.0,345.0,104.0,395.0
6,304,17.0,180.0,57.0,103.0
3,266,13.0,223.0,112.0,267.0
2,129,21.0,237.0,31.0,117.0
4,197,5.0,116.0,38.0,46.0
4,61,14.0,298.0,38.0,186.0
4,84,12.0,266.0,76.0,392.0
2,332,7.0,211.0,115.0,332.0
3,37,18.0,162.0,70.0,75.0
6,240,4.0,84.0,93.0,40.0
3,366,7.0,220.0,46.0,244.0
4,348,21.0,34.0,37.0,359.0
7,37,12.0,203.0,112.0,55.0
4,35,5.0,202.0,104.0,384.0
3,109,13.0,150.0,92.0,239.0
3,350,9.0,117.0,111.0,113.0
7,104,17.0,261.0,97.0,383.0
1,279,4.0,268.0,127.0,63.0
2,153,15.0,369.0,49.0,365.0
2,111,11.0,283.0,107.0,299.0
5,13,6.0,267.0,83.0,78.0
4,176,10.0,170.0,97.0,47.0
4,184,14.0,175.0,104.0,219.0
7,207,13.0,88.0,16.0,10.0
2,64,11.0,348.0,87.0,51.0
5,397,9.0,51.0,65.0,50.0
3,237,17.0,314.0,72.0,364.0
1,309,6.0,342.0,43.0,156.0
7,262,11.0,281.0,91.0,57.0
5,354,5.0,169.0,17.0,110.0
1,263,20.0,383.0,116.0,294.0
4,363,13.0,285.0,77.0,255.0
3,105,21.0,281.0,26.0,229.0
6,55,13.0,378.0,42.0,374.0
1,179,5.0,317.0,118.0,102.0
1,119,5.0,115.0,25.0,60.0
3,193,12.0,129.0,110.0,236.0
2,162,21.0,81.0,106.0,308.0
4,387,22.0,278.0,69.0,46.0
6,306,13.0,102.0,125.0,361.0
1,47,18.0,277.0,26.0,164.0
4,66,14.0,175.0,73.0,393.0
2,243,11.0,226.0,87.0,367.0
3,180,18.0,390.0,67.0,213.0
3,259,21.0,18.0,85.0,210.0
7,393,12.0,332.0,67.0,126.0
3,91,21.0,154.0,18.0,312.0
7,107,7.0,123.0,58.0,279.0
2,333,18.0,373.0,87.0,105.0
7,378,6.0,166.0,67.0,352.0
4,201,12.0,31.0,85.0,218.0
3,386,16.0,197.0,105.0,261.0
6,24,17.0,269.0,19.0,47.0
4,364,6.0,171.0,66.0,54.0
3,361,12.0,170.0,78.0,196.0
5,232,7.0,19.0,22.0,366.0
5,175,18.0,139.0,66.0,32.0
6,107,22.0,244.0,127.0,323.0
4,181,15.0,10.0,101.0,39.0
5,255,22.0,284.0,111.0,380.0
2,88,8.0,211.0,88.0,43.0
2,267,7.0,236.0,73.0,361.0
2,22,16.0,357.0,122.0,235.0
1,182,9.0,310.0,35.0,160.0
7,242,8.0,360.0,77.0,377.0
7,241,22.0,10.0,77.0,350.0
2,68,21.0,58.0,41.0,130.0
6,115,17.0,398.0,65.0,380.0
3,261,7.0,358.0,23.0,230.0
7,383,19.0,218.0,36.0,274.0
2,39,13.0,253.0,49.0,138.0
1,325,12.0,110.0,115.0,398.0
1,165,10.0,22.0,79.0,71.0
3,379,15.0,79.0,97.0,336.0
5,146,22.0,129.0,121.0,367.0
4,314,22.0,388.0,86.0,122.0
2,152,13.0,215.0,45.0,347.0
4,216,11.0,356.0,61.0,139.0
5,146,16.0,329.0,112.0,235.0
2,126,5.0,360.0,41.0,104.0
4,78,17.0,231.0,20.0,219.0
2,344,7.0,113.0,109.0,265.0
2,313,23.0,195.0,79.0,183.0
1,368,11.0,284.0,75.0,148.0
1,388,7.0,60.0,92.0,31.0
7,335,17.0,21.0,71.0,47.0
2,225,17.0,398.0,40.0,22.0
7,65,23.0,320.0,92.0,179.0
3,164,18.0,106.0,117.0,139.0
7,216,12.0,131.0,70.0,109.0
3,349,6.0,96.0,84.0,26.0
4,67,11.0,194.0,66.0,238.0
7,106,9.0,235.0,22.0,208.0
5,396,19.0,292.0,109.0,97.0
5,331,17.0,353.0,83.0,383.0
7,56,7.0,48.0,21.0,117.0
4,363,23.0,177.0,66.0,358.0
5,182,16.0,395.0,74.0,381.0
6,236,13.0,307.0,75.0,350.0
7,148,20.0,13.0,74.0,53.0
3,210,23.0,279.0,50.0,275.0
4,375,5.0,328.0,102.0,306.0
7,245,17.0,294.0,109.0,176.0
4,133,8.0,62.0,94.0,115.0
7,107,12.0,371.0,121.0,152.0
7,308,21.0,155.0,103.0,287.0
4,339,23.0,262.0,18.0,303.0
2,194,7.0,143.0,61.0,95.0
6,344,8.0,188.0,25.0,250.0
6,13,8.0,105.0,80.0,215.0
7,49,15.0,371.0,68.0,198.0
6,230,23.0,114.0,114.0,131.0
2,240,5.0,37.0,82.0,89.0
6,129,9.0,239.0,53.0,309.0
4,211,6.0,319.0,95.0,242.0
3,144,11.0,77.0,111.0,189.0
1,322,21.0,229.0,40.0,54.0
4,142,15.0,224.0,82.0,252.0
4,302,19.0,223.0,81.0,39.0
6,358,11.0,174.0,126.0,301.0
1,311,23.0,15.0,69.0,13.0
4,282,20.0,302.0,79.0,101.0
3,294,12.0,350.0,37.0,53.0
2,129,9.0,140.0,67.0,153.0
3,69,10.0,79.0,110.0,86.0
2,179,22.0,358.0,55.0,286.0
2,82,13.0,357.0,58.0,237.0
6,163,15.0,380.0,66.0,65.0
5,143,9.0,372.0,58.0,43.0
7,353,8.0,200.0,91.0,41.0
6,368,13.0,168.0,76.0,116.0
6,303,23.0,153.0,43.0,172.0
6,296,18.0,128.0,18.0,28.0
5,147,20.0,38.0,112.0,63.0
3,167,11.0,297.0,109.0,235.0
7,164,19.0,45.0,88.0,28.0
2,192,23.0,327.0,95.0,45.0
5,342,23.0,254.0,38.0,163.0
2,60,20.0,249.0,124.0,278.0
7,389,23.0,200.0,104.0,249.0
2,246,4.0,235.0,117.0,252.0
5,141,13.0,122.0,58.0,288.0
7,213,6.0,361.0,119.0,171.0
7,60,9.0,73.0,97.0,86.0
7,187,14.0,171.0,32.0,163.0
2,365,18.0,60.0,44.0,275.0
6,373,8.0,96.0,33.0,127.0
7,331,15.0,355.0,96.0,74.0
6,84,9.0,121.0,127.0,268.0
5,24,7.0,26.0,76.0,79.0
2,359,12.0,95.0,120.0,348.0
1,264,12.0,51.0,32.0,121.0
2,23,8.0,242.0,23.0,345.0
2,190,7.0,124.0,115.0,71.0
4,340,15.0,74.0,88.0,293.0
2,326,10.0,152.0,64.0,139.0
7,112,11.0,125.0,52.0,167.0
1,125,18.0,305.0,70.0,350.0
1,139,13.0,44.0,34.0,160.0
7,57,23.0,350.0,62.0,149.0
3,272,16.0,235.0,102.0,291.0
5,307,5.0,80.0,91.0,40.0
1,85,12.0,261.0,37.0,221.0
2,25,7.0,142.0,64.0,47.0
4,168,22.0,283.0,68.0,86.0
5,361,18.0,362.0,33.0,186.0
3,244,23.0,282.0,50.0,212.0
5,107,13.0,91.0,113.0,147.0
4,39,20.0,255.0,97.0,145.0
2,136,23.0,26.0,122.0,36.0
1,383,22.0,174.0,29.0,288.0
7,311,9.0,321.0,59.0,380.0
1,307,16.0,239.0,127.0,361.0
4,302,8.0,276.0,32.0,245.0
7,375,8.0,58.0,70.0,142.0
6,25,5.0,84.0,118.0,83.0
4,257,15.0,41.0,98.0,12.0
1,285,20.0,115.0,103.0,68.0
4,272,4.0,377.0,93.0,19.0
4,252,10.0,231.0,93.0,165.0
5,186,12.0,390.0,126.0,54.0
5,396,19.0,224.0,118.0,250.0
3,117,8.0,224.0,43.0,53.0
5,311,7.0,298.0,95.0,160.0
3,234,7.0,338.0,63.0,251.0
6,47,9.0,119.0,65.0,170.0
3,48,12.0,77.0,77.0,381.0
2,99,23.0,392.0,68.0,178.0
6,105,6.0,341.0,93.0,170.0
3,135,15.0,336.0,22.0,57.0
4,42,11.0,35.0,85.0,362.0
5,198,15.0,334.0,23.0,190.0
4,195,13.0,15.0,115.0,206.0
5,105,18.0,40.0,22.0,359.0
1,221,4.0,30.0,83.0,118.0
6,59,21.0,278.0,112.0,191.0
7,173,7.0,40.0,61.0,370.0
7,32,9.0,219.0,76.0,311.0
3,167,7.0,311.0,114.0,102.0
5,379,15.0,18.0,75.0,307.0
2,375,8.0,123.0,97.0,49.0
5,142,12.0,229.0,124.0,101.0
5,126,10.0,95.0,109.0,221.0
7,339,8.0,176.0,34.0,115.0
7,298,23.0,211.0,67.0,289.0
3,24,5.0,161.0,22.0,20.0
5,291,9.0,252.0,127.0,238.0
4,142,22.0,248.0,120.0,198.0
5,283,20.0,38.0,36.0,292.0
5,126,23.0,183.0,47.0,254.0
4,291,23.0,157.0,35.0,156.0
6,157,14.0,330.0,94.0,87.0
4,225,6.0,47.0,86.0,227.0
7,12,11.0,202.0,86.0,15.0
3,141,10.0,277.0,72.0,186.0
1,125,19.0,23.0,107.0,95.0
2,275,8.0,385.0,54.0,174.0
1,209,10.0,92.0,101.0,123.0
6,121,10.0,258.0,28.0,39.0
7,121,23.0,361.0,86.0,108.0
4,82,13.0,142.0,79.0,191.0
5,397,9.0,240.0,105.0,212.0
4,34,8.0,66.0,106.0,113.0
7,111,19.0,48.0,18.0,376.0
5,211,7.0,192.0,45.0,349.0
5,48,9.0,346.0,55.0,231.0
3,117,7.0,164.0,87.0,315.0
4,302,12.0,281.0,65.0,218.0
2,303,4.0,384.0,30.0,307.0
6,298,9.0,159.0,60.0,116.0
1,175,20.0,342.0,50.0,47.0
5,393,14.0,289.0,112.0,201.0
7,89,18.0,98.0,116.0,53.0
6,335,8.0,281.0,75.0,71.0
3,268,20.0,198.0,108.0,198.0
7,229,10.0,397.0,23.0,320.0
6,240,5.0,160.0,112.0,123.0
7,195,17.0,216.0,65.0,334.0
1,227,14.0,253.0,96.0,399.0
7,101,20.0,251.0,96.0,12.0
2,370,19.0,371.0,74.0,397.0
1,187,5.0,223.0,68.0,198.0
4,14,4.0,279.0,111.0,274.0
3,275,7.0,114.0,104.0,341.0
4,112,19.0,43.0,117.0,185.0
5,46,10.0,335.0,68.0,385.0
2,253,15.0,261.0,111.0,149.0
5,320,20.0,61.0,93.0,18.0
5,233,14.0,56.0,34.0,33.0
3,318,17.0,282.0,63.0,217.0
5,313,10.0,57.0,87.0,394.0
2,356,21.0,126.0,66.0,262.0
2,143,7.0,293.0,55.0,239.0
1,67,5.0,260.0,25.0,183.0
6,188,23.0,237.0,95.0,194.0
6,258,14.0,32.0,50.0,101.0
6,278,17.0,79.0,18.0,215.0
4,224,6.0,325.0,67.0,190.0
3,127,15.0,109.0,69.0,12.0
7,150,23.0,83.0,80.0,93.0
2,361,10.0,37.0,69.0,274.0
3,345,9.0,125.0,72.0,343.0
5,294,19.0,21.0,73.0,152.0
6,268,5.0,313.0,65.0,270.0
4,97,14.0,50.0,75.0,249.0
1,208,17.0,25.0,111.0,169.0
4,294,11.0,218.0,64.0,228.0
5,44,20.0,250.0,121.0,23.0
2,85,10.0,367.0,39.0,333.0
1,367,10.0,349.0,50.0,149.0
3,241,10.0,341.0,114.0,222.0
6,360,7.0,169.0,30.0,310.0
7,312,14.0,91.0,107.0,77.0
2,189,13.0,128.0,31.0,159.0
3,158,6.0,125.0,33.0,67.0
7,218,6.0,395.0,112.0,21.0
7,96,7.0,107.0,35.0,283.0
2,171,8.0,77.0,108.0,174.0
7,385,17.0,70.0,68.0,153.0
5,20,18.0,80.0,33.0,395.0
1,22,7.0,315.0,52.0,377.0
4,205,11.0,280.0,93.0,382.0
7,309,6.0,215.0,97.0,300.0
1,173,7.0,152.0,40.0,190.0
3,90,15.0,360.0,99.0,212.0
7,89,9.0,395.0,73.0,84.0
7,42,12.0,264.0,97.0,349.0
3,289,17.0,148.0,28.0,345.0
3,117,5.0,89.0,104.0,38.0
7,236,21.0,367.0,117.0,190.0
5,130,10.0,123.0,62.0,10.0
4,42,7.0,282.0,81.0,249.0
2,306,16.0,361.0,53.0,298.0
5,103,14.0,184.0,99.0,143.0
3,164,20.0,319.0,84.0,190.0
5,64,21.0,337.0,110.0,310.0
6,230,12.0,80.0,88.0,345.0
4,221,18.0,255.0,31.0,257.0
6,158,17.0,257.0,110.0,292.0
2,289,15.0,306.0,24.0,300.0
5,340,11.0,39.0,103.0,15.0
4,308,23.0,326.0,16.0,131.0
4,22,4.0,98.0,67.0,85.0
5,354,15.0,130.0,31.0,87.0
3,38,15.0,290.0,69.0,34.0
7,118,23.0,43.0,82.0,118.0
1,96,13.0,313.0,124.0,71.0
2,324,20.0,86.0,84.0,69.0
7,57,6.0,156.0,49.0,398.0
6,178,21.0,294.0,72.0,376.0
4,303,19.0,23.0,97.0,395.0
4,156,22.0,372.0,25.0,173.0
4,159,6.0,321.0,39.0,321.0
6,206,9.0,380.0,125.0,31.0
6,243,7.0,328.0,67.0,56.0
7,120,4.0,159.0,38.0,227.0
6,323,11.0,335.0,91.0,28.0
2,300,6.0,222.0,22.0,139.0
5,236,9.0,295.0,59.0,100.0
1,365,5.0,176.0,122.0,345.0
1,232,11.0,292.0,43.0,229.0
1,37,13.0,367.0,45.0,229.0
1,30,6.0,110.0,103.0,165.0
7,73,22.0,137.0,113.0,166.0
4,265,9.0,60.0,62.0,60.0
4,358,9.0,288.0,36.0,334.0
1,80,18.0,229.0,43.0,340.0
5,11,6.0,145.0,73.0,145.0
7,308,22.0,158.0,34.0,252.0
1,176,20.0,301.0,53.0,240.0
2,163,10.0,323.0,34.0,247.0
7,98,19.0,87.0,115.0,234.0
6,244,23.0,226.0,31.0,122.0
3,180,4.0,183.0,17.0,390.0
4,44,15.0,175.0,40.0,99.0
3,263,18.0,372.0,54.0,34.0
1,222,4.0,22.0,40.0,297.0
1,360,5.0,220.0,26.0,125.0
7,156,10.0,396.0,84.0,290.0
1,159,6.0,273.0,111.0,21.0
6,118,21.0,330.0,103.0,84.0
7,75,18.0,77.0,22.0,191.0
2,291,23.0,375.0,34.0,355.0
2,133,23.0,272.0,101.0,276.0
4,341,13.0,214.0,119.0,395.0
4,294,15.0,203.0,72.0,69.0
1,68,21.0,144.0,103.0,167.0
7,361,22.0,76.0,91.0,393.0
4,93,9.0,65.0,116.0,259.0
1,126,13.0,32.0,119.0,88.0
4,154,19.0,153.0,63.0,369.0
2,182,8.0,316.0,67.0,390.0
6,15,17.0,108.0,53.0,102.0
1,174,9.0,328.0,65.0,94.0
7,122,12.0,61.0,31.0,222.0
4,312,10.0,302.0,63.0,394.0
4,396,23.0,108.0,80.0,287.0
7,394,8.0,313.0,65.0,389.0
2,365,14.0,270.0,110.0,242.0
5,302,9.0,382.0,110.0,362.0
7,63,5.0,58.0,63.0,181.0
2,254,13.0,266.0,75.0,285.0
4,377,21.0,266.0,20.0,389.0
4,363,9.0,51.0,117.0,173.0
4,90,5.0,382.0,35.0,283.0
3,132,17.0,94.0,50.0,183.0
3,226,5.0,92.0,52.0,210.0
4,394,11.0,29.0,60.0,306.0
6,195,9.0,135.0,45.0,78.0
4,294,21.0,60.0,38.0,257.0
4,123,13.0,98.0,117.0,385.0
7,328,19.0,273.0,100.0,54.0
4,324,8.0,51.0,112.0,86.0
6,80,7.0,83.0,115.0,205.0
1,185,15.0,107.0,50.0,317.0
6,142,20.0,283.0,55.0,378.0
5,348,15.0,352.0,126.0,263.0
6,217,17.0,325.0,106.0,286.0
5,268,18.0,152.0,16.0,389.0
6,294,9.0,321.0,46.0,362.0
2,54,4.0,268.0,126.0,375.0
5,283,5.0,281.0,44.0,384.0
2,279,11.0,219.0,28.0,373.0
7,109,6.0,111.0,85.0,336.0
4,55,15.0,17.0,100.0,116.0
2,77,19.0,171.0,43.0,234.0
6,100,17.0,257.0,33.0,273.0
4,290,14.0,314.0,74.0,68.0
3,307,21.0,117.0,17.0,200.0
6,360,17.0,91.0,27.0,274.0
7,382,23.0,80.0,122.0,355.0
3,257,18.0,363.0,110.0,78.0
7,373,21.0,141.0,53.0,169.0
3,221,12.0,69.0,79.0,299.0
5,105,20.0,250.0,58.0,338.0
5,50,19.0,290.0,53.0,76.0
3,104,12.0,217.0,94.0,159.0
5,196,9.0,136.0,55.0,295.0
7,208,5.0,321.0,57.0,389.0
4,226,20.0,66.0,20.0,77.0
4,90,12.0,109.0,32.0,318.0
2,187,13.0,161.0,81.0,54.0
1,255,16.0,242.0,122.0,114.0
5,102,11.0,70.0,93.0,180.0
3,30,15.0,66.0,123.0,364.0
4,34,14.0,172.0,118.0,291.0
3,313,11.0,250.0,28.0,258.0
3,95,16.0,90.0,32.0,329.0
6,128,17.0,51.0,110.0,322.0
3,365,15.0,320.0,126.0,355.0
3,246,19.0,335.0,27.0,191.0
6,172,13.0,311.0,82.0,62.0
7,208,5.0,53.0,36.0,377.0
4,370,4.0,389.0,16.0,381.0
3,193,19.0,16.0,125.0,335.0
5,133,10.0,98.0,35.0,377.0
5,87,4.0,387.0,48.0,14.0
1,109,7.0,199.0,27.0,169.0
4,63,6.0,288.0,124.0,233.0
7,146,4.0,216.0,88.0,251.0
7,90,13.0,250.0,72.0,138.0
6,186,19.0,158.0,120.0,84.0
4,303,16.0,376.0,28.0,175.0
5,50,23.0,381.0,55.0,286.0
6,353,17.0,221.0,89.0,29.0
5,234,7.0,399.0,68.0,132.0
2,364,10.0,40.0,100.0,274.0
7,324,11.0,113.0,19.0,290.0
4,86,16.0,216.0,97.0,150.0
1,222,10.0,280.0,30.0,47.0
2,134,6.0,131.0,98.0,372.0
2,209,17.0,205.0,28.0,71.0
3,212,7.0,142.0,124.0,103.0
2,240,13.0,176.0,112.0,248.0
3,395,8.0,198.0,64.0,197.0
4,77,14.0,394.0,21.0,48.0
3,358,18.0,76.0,18.0,12.0
4,249,17.0,133.0,80.0,28.0
3,151,11.0,45.0,72.0,116.0
1,248,9.0,346.0,56.0,48.0
3,59,12.0,336.0,124.0,363.0
5,93,17.0,245.0,118.0,218.0
2,359,20.0,274.0,103.0,183.0
4,149,7.0,22.0,107.0,118.0
6,370,22.0,399.0,28.0,27.0
2,97,6.0,174.0,107.0,245.0
6,171,11.0,312.0,91.0,203.0
6,351,14.0,102.0,32.0,78.0
6,138,10.0,158.0,126.0,124.0
2,66,7.0,369.0,90.0,392.0
6,252,17.0,371.0,81.0,109.0
5,145,19.0,211.0,63.0,258.0
6,252,15.0,58.0,120.0,17.0
7,272,7.0,368.0,70.0,386.0
3,234,11.0,169.0,53.0,380.0
7,256,20.0,25.0,51.0,305.0
3,166,22.0,246.0,119.0,179.0
4,268,6.0,262.0,76.0,12.0
4,293,12.0,238.0,124.0,176.0
3,301,14.0,160.0,63.0,90.0
5,97,16.0,129.0,45.0,379.0
3,286,16.0,387.0,34.0,43.0
7,46,10.0,189.0,47.0,264.0
6,101,9.0,341.0,96.0,143.0
7,96,11.0,187.0,90.0,310.0
2,38,20.0,156.0,62.0,294.0
3,115,12.0,90.0,110.0,257.0
7,356,18.0,390.0,73.0,295.0
2,32,4.0,289.0,46.0,106.0
5,298,8.0,154.0,89.0,208.0
4,134,4.0,219.0,118.0,375.0
4,222,23.0,126.0,21.0,398.0
6,212,7.0,32.0,56.0,167.0
3,104,13.0,316.0,64.0,109.0
1,294,21.0,156.0,49.0,301.0
5,182,23.0,239.0,99.0,94.0
5,91,4.0,372.0,45.0,243.0
2,280,11.0,120.0,63.0,313.0
7,81,13.0,279.0,42.0,189.0
2,200,17.0,102.0,62.0,286.0
3,68,20.0,259.0,50.0,153.0
1,372,22.0,358.0,51.0,228.0
2,277,17.0,173.0,45.0,128.0
1,84,23.0,393.0,58.0,109.0
6,150,17.0,74.0,108.0,18.0
6,240,7.0,172.0,121.0,77.0
5,369,18.0,221.0,16.0,275.0
2,326,6.0,338.0,30.0,265.0
6,237,22.0,107.0,26.0,183.0
3,279,8.0,36.0,52.0,43.0
2,218,16.0,122.0,86.0,246.0
2,200,9.0,381.0,58.0,220.0
5,77,8.0,94.0,126.0,79.0
3,230,16.0,210.0,49.0,303.0
5,59,19.0,318.0,58.0,272.0
7,352,11.0,315.0,102.0,55.0
5,246,21.0,261.0,76.0,80.0
1,20,9.0,271.0,93.0,270.0
1,289,12.0,321.0,93.0,104.0
6,275,15.0,352.0,43.0,240.0
5,69,10.0,262.0,77.0,373.0
5,116,13.0,42.0,76.0,226.0
3,346,18.0,119.0,94.0,182.0
5,31,4.0,337.0,54.0,202.0
3,300,10.0,187.0,37.0,247.0
7,192,11.0,333.0,24.0,303.0
5,135,20.0,314.0,31.0,315.0
4,238,20.0,22.0,21.0,156.0
4,296,17.0,77.0,125.0,354.0
2,325,7.0,25.0,102.0,147.0
4,368,10.0,196.0,85.0,344.0
7,381,9.0,283.0,37.0,29.0
3,353,15.0,228.0,48.0,99.0
6,343,10.0,325.0,65.0,88.0
5,342,7.0,396.0,60.0,52.0
6,325,23.0,85.0,48.0,96.0
2,18,13.0,167.0,106.0,105.0
5,140,16.0,66.0,28.0,297.0
3,174,19.0,167.0,126.0,174.0
6,207,7.0,171.0,50.0,58.0
5,62,4.0,144.0,107.0,205.0
4,272,20.0,388.0,124.0,336.0
4,180,18.0,75.0,29.0,375.0
1,318,18.0,270.0,82.0,333.0
2,225,17.0,19.0,55.0,13.0
3,294,13.0,266.0,52.0,309.0
6,218,9.0,75.0,116.0,221.0
1,172,23.0,228.0,47.0,64.0
4,11,5.0,59.0,38.0,72.0
2,210,9.0,375.0,67.0,268.0
2,169,20.0,276.0,89.0,88.0
1,118,10.0,124.0,47.0,123.0
6,87,19.0,186.0,105.0,326.0
4,330,4.0,49.0,117.0,183.0
7,225,6.0,72.0,82.0,34.0
7,136,16.0,262.0,98.0,389.0
5,58,11.0,40.0,121.0,369.0
1,388,17.0,290.0,27.0,238.0
5,21,18.0,144.0,48.0,343.0
1,77,15.0,33.0,51.0,327.0
5,133,19.0,77.0,63.0,259.0
3,274,23.0,154.0,127.0,24.0
1,392,5.0,384.0,90.0,60.0
4,298,18.0,32.0,101.0,185.0
2,48,16.0,101.0,106.0,280.0
7,243,6.0,209.0,38.0,23.0
7,238,22.0,59.0,37.0,40.0
1,58,15.0,101.0,62.0,384.0
2,118,5.0,146.0,43.0,164.0
1,133,7.0,272.0,98.0,294.0
5,110,14.0,356.0,78.0,227.0
7,68,23.0,365.0,56.0,377.0
2,344,16.0,387.0,89.0,275.0
2,134,17.0,62.0,49.0,141.0
6,362,13.0,78.0,17.0,134.0
6,100,5.0,360.0,123.0,311.0
7,253,10.0,128.0,73.0,144.0
2,81,20.0,200.0,123.0,85.0
6,21,16.0,310.0,25.0,367.0
3,60,20.0,71.0,109.0,381.0
2,186,23.0,223.0,51.0,90.0
5,60,15.0,184.0,69.0,355.0
2,107,13.0,257.0,127.0,386.0
3,65,23.0,341.0,46.0,15.0
6,29,17.0,393.0,42.0,209.0
6,35,20.0,208.0,59.0,384.0
1,211,17.0,76.0,42.0,56.0
5,55,7.0,107.0,17.0,36.0
3,353,15.0,153.0,86.0,154.0
4,120,18.0,101.0,90.0,130.0
3,352,8.0,171.0,22.0,127.0
7,332,20.0,61.0,29.0,66.0
3,395,21.0,61.0,107.0,180.0
2,21,11.0,101.0,49.0,346.0
4,394,14.0,366.0,92.0,209.0
6,63,18.0,296.0,88.0,177.0
3,360,15.0,300.0,119.0,394.0
4,389,17.0,269.0,124.0,249.0
3,100,20.0,160.0,45.0,94.0
5,256,18.0,379.0,89.0,270.0
7,39,19.0,356.0,106.0,333.0
2,87,13.0,393.0,100.0,362.0
5,288,9.0,83.0,108.0,171.0
3,326,16.0,204.0,79.0,382.0
6,273,13.0,55.0,24.0,141.0
3,390,21.0,296.0,125.0,76.0
7,91,22.0,269.0,75.0,45.0
6,351,6.0,67.0,56.0,254.0
5,155,16.0,330.0,79.0,383.0
6,287,10.0,160.0,56.0,315.0
4,133,17.0,42.0,96.0,313.0
6,318,16.0,53.0,96.0,119.0
6,112,10.0,100.0,73.0,22.0
3,34,5.0,330.0,19.0,390.0
7,300,22.0,43.0,74.0,205.0
5,169,11.0,337.0,101.0,29.0
5,380,22.0,139.0,107.0,76.0
6,130,21.0,61.0,20.0,62.0
4,327,22.0,76.0,121.0,353.0
7,35,13.0,309.0,46.0,19.0
7,162,4.0,189.0,43.0,208.0
7,11,15.0,184.0,55.0,229.0
7,84,20.0,398.0,21.0,131.0
5,41,9.0,346.0,24.0,214.0
6,327,4.0,63.0,107.0,336.0
4,176,22.0,114.0,67.0,108.0
2,290,14.0,228.0,32.0,387.0
7,134,13.0,292.0,114.0,223.0
3,60,11.0,341.0,119.0,86.0
1,154,13.0,145.0,33.0,72.0
1,161,17.0,312.0,77.0,92.0
5,232,4.0,125.0,26.0,227.0
6,146,17.0,230.0,124.0,128.0
3,151,15.0,10.0,25.0,341.0
3,260,16.0,150.0,54.0,147.0
6,166,22.0,149.0,76.0,70.0
6,259,23.0,17.0,58.0,120.0
7,164,14.0,42.0,16.0,349.0
7,135,22.0,44.0,30.0,85.0
5,120,13.0,97.0,49.0,284.0
4,371,13.0,344.0,110.0,119.0
4,342,22.0,88.0,46.0,310.0
2,206,18.0,141.0,127.0,296.0
2,112,22.0,67.0,16.0,148.0
6,26,15.0,228.0,108.0,301.0
7,321,8.0,217.0,21.0,353.0
2,348,14.0,239.0,20.0,178.0
1,27,7.0,58.0,105.0,296.0
7,252,10.0,116.0,43.0,146.0
5,279,16.0,357.0,54.0,36.0
5,290,11.0,239.0,91.0,98.0
4,71,23.0,93.0,71.0,22.0
5,127,15.0,352.0,127.0,216.0
1,308,11.0,381.0,91.0,166.0
3,284,14.0,256.0,102.0,317.0
1,329,5.0,133.0,52.0,367.0
5,224,7.0,374.0,95.0,389.0
1,291,20.0,251.0,31.0,121.0
6,67,8.0,303.0,127.0,91.0
1,111,15.0,189.0,110.0,258.0
3,205,11.0,343.0,27.0,225.0
1,374,20.0,395.0,72.0,121.0
7,274,8.0,346.0,38.0,125.0
1,385,21.0,33.0,124.0,134.0
7,287,14.0,132.0,22.0,171.0
6,275,17.0,51.0,111.0,261.0
7,142,17.0,39.0,99.0,50.0
4,209,17.0,262.0,79.0,351.0
1,291,9.0,13.0,16.0,82.0
5,181,14.0,299.0,70.0,198.0
3,133,9.0,364.0,43.0,81.0
6,228,10.0,89.0,48.0,205.0
6,192,13.0,377.0,22.0,377.0
2,348,17.0,297.0,50.0,286.0
6,25,7.0,192.0,30.0,211.0
6,151,13.0,150.0,97.0,393.0
4,74,23.0,309.0,68.0,272.0
5,203,19.0,285.0,93.0,26.0
3,184,7.0,304.0,37.0,90.0
5,222,22.0,267.0,46.0,298.0
3,331,21.0,254.0,53.0,92.0
6,321,10.0,279.0,42.0,290.0
5,355,21.0,28.0,19.0,296.0
4,324,19.0,290.0,52.0,288.0
1,362,20.0,68.0,50.0,383.0
7,344,21.0,125.0,21.0,238.0
6,153,13.0,276.0,45.0,72.0
5,19,14.0,325.0,48.0,261.0
3,202,21.0,296.0,53.0,343.0
6,331,20.0,327.0,26.0,62.0
2,290,12.0,234.0,82.0,362.0
3,20,17.0,149.0,96.0,148.0
3,349,17.0,93.0,84.0,145.0
7,320,8.0,154.0,62.0,162.0
4,38,11.0,270.0,53.0,340.0
2,255,13.0,150.0,94.0,26.0
6,256,8.0,44.0,122.0,108.0
3,350,10.0,152.0,74.0,283.0
6,246,6.0,398.0,38.0,64.0
3,66,19.0,27.0,127.0,21.0
3,296,16.0,98.0,92.0,393.0
7,40,9.0,98.0,26.0,11.0
6,283,19.0,309.0,98.0,177.0
4,139,12.0,112.0,126.0,391.0
2,307,18.0,80.0,57.0,379.0
7,388,18.0,190.0,42.0,380.0
2,51,20.0,299.0,83.0,75.0
7,378,4.0,253.0,116.0,282.0
2,382,12.0,167.0,26.0,168.0
3,287,4.0,174.0,98.0,35.0
5,339,11.0,336.0,66.0,346.0
2,31,17.0,356.0,66.0,362.0
5,272,8.0,111.0,49.0,364.0
6,386,9.0,253.0,74.0,240.0
6,341,16.0,94.0,17.0,361.0
6,99,12.0,312.0,120.0,48.0
3,16,19.0,295.0,106.0,232.0
7,243,10.0,368.0,102.0,337.0
5,129,18.0,321.0,116.0,208.0
5,387,18.0,346.0,62.0,21.0
1,158,15.0,295.0,57.0,269.0
4,96,20.0,116.0,99.0,357.0
7,46,11.0,187.0,21.0,44.0
6,280,20.0,265.0,28.0,27.0
6,30,18.0,375.0,34.0,82.0
7,357,10.0,162.0,112.0,322.0
7,21,5.0,36.0,69.0,333.0
3,281,17.0,326.0,70.0,253.0
2,374,6.0,104.0,87.0,394.0
5,356,13.0,223.0,94.0,374.0
1,155,17.0,86.0,100.0,148.0
1,119,5.0,116.0,76.0,261.0
6,253,23.0,242.0,25.0,223.0
6,383,12.0,170.0,37.0,144.0
2,366,18.0,24.0,92.0,182.0
5,305,10.0,272.0,116.0,393.0
1,125,8.0,390.0,48.0,36.0
5,393,11.0,177.0,93.0,156.0
4,365,19.0,259.0,127.0,396.0
1,265,4.0,252.0,30.0,92.0
2,120,16.0,46.0,38.0,196.0
3,49,4.0,328.0,22.0,181.0
6,149,14.0,365.0,75.0,366.0
3,353,14.0,34.0,85.0,45.0
3,246,6.0,379.0,88.0,389.0
1,278,11.0,217.0,78.0,156.0
2,367,21.0,195.0,41.0,393.0
4,331,18.0,268.0,71.0,312.0
2,45,9.0,74.0,91.0,257.0
7,252,10.0,305.0,21.0,104.0
6,186,23.0,296.0,125.0,395.0
4,159,5.0,226.0,44.0,386.0
6,293,18.0,181.0,77.0,280.0
6,331,18.0,58.0,50.0,279.0
5,393,15.0,167.0,16.0,36.0
2,334,19.0,260.0,79.0,228.0
7,133,12.0,304.0,26.0,349.0
4,281,22.0,380.0,68.0,242.0
4,87,6.0,80.0,99.0,309.0
4,94,5.0,35.0,33.0,248.0
6,267,8.0,269.0,107.0,332.0
1,41,13.0,265.0,37.0,378.0
2,393,11.0,87.0,102.0,327.0
1,320,17.0,385.0,115.0,247.0
2,324,12.0,41.0,125.0,174.0
2,283,8.0,16.0,46.0,68.0
6,50,11.0,169.0,70.0,395.0
3,18,11.0,270.0,113.0,222.0
1,336,20.0,189.0,68.0,26.0
2,285,6.0,80.0,106.0,331.0
5,228,11.0,121.0,58.0,303.0
6,13,20.0,263.0,109.0,239.0
2,331,17.0,156.0,114.0,140.0
6,316,9.0,237.0,73.0,160.0
2,74,11.0,318.0,21.0,53.0
4,291,9.0,75.0,54.0,148.0
7,159,19.0,176.0,23.0,221.0
1,171,6.0,49.0,27.0,270.0
2,18,7.0,290.0,87.0,103.0
1,329,10.0,175.0,25.0,246.0
4,13,14.0,27.0,31.0,51.0
1,298,14.0,137.0,18.0,386.0
1,51,8.0,165.0,61.0,71.0
5,73,5.0,339.0,95.0,360.0
1,370,17.0,341.0,124.0,305.0
4,323,5.0,30.0,39.0,73.0
2,237,10.0,163.0,39.0,236.0
3,13,14.0,306.0,108.0,81.0
5,263,11.0,354.0,116.0,355.0
7,330,7.0,272.0,83.0,133.0
7,236,17.0,265.0,86.0,390.0
6,262,10.0,132.0,59.0,339.0
6,205,10.0,268.0,124.0,181.0
6,142,8.0,173.0,109.0,325.0
5,211,19.0,324.0,72.0,308.0
4,338,21.0,247.0,104.0,359.0
2,223,23.0,147.0,46.0,64.0
6,255,14.0,57.0,40.0,295.0
7,139,21.0,379.0,51.0,294.0
4,153,15.0,304.0,42.0,265.0
2,238,21.0,45.0,65.0,171.0
1,130,22.0,95.0,36.0,84.0
3,108,14.0,253.0,112.0,187.0
6,152,4.0,291.0,34.0,10.0
4,91,23.0,89.0,23.0,106.0
6,119,4.0,149.0,27.0,358.0
4,385,16.0,35.0,45.0,323.0
2,109,15.0,124.0,110.0,65.0
2,126,18.0,228.0,74.0,233.0
2,184,7.0,218.0,99.0,362.0
7,315,12.0,360.0,127.0,150.0
7,222,18.0,146.0,70.0,104.0
2,302,17.0,397.0,110.0,129.0
3,377,20.0,282.0,124.0,358.0
3,52,17.0,351.0,74.0,19.0
5,310,5.0,54.0,40.0,182.0
1,327,16.0,169.0,121.0,270.0
3,155,20.0,244.0,104.0,24.0
5,80,13.0,393.0,122.0,225.0
3,171,12.0,369.0,117.0,238.0
7,129,14.0,143.0,25.0,133.0
3,160,21.0,90.0,50.0,18.0
6,375,12.0,178.0,94.0,340.0
2,359,9.0,390.0,69.0,252.0
6,14,12.0,114.0,125.0,121.0
6,202,17.0,315.0,88.0,46.0
2,125,12.0,77.0,41.0,305.0
4,298,10.0,208.0,86.0,354.0
1,112,7.0,259.0,127.0,362.0
4,93,6.0,61.0,74.0,173.0
7,65,19.0,30.0,87.0,189.0
6,293,21.0,249.0,60.0,76.0
6,188,4.0,198.0,90.0,385.0
1,215,18.0,363.0,101.0,183.0
2,307,18.0,74.0,92.0,224.0
2,133,6.0,123.0,117.0,172.0
3,366,23.0,242.0,92.0,208.0
6,224,21.0,292.0,69.0,368.0
1,47,23.0,300.0,38.0,243.0
4,386,10.0,273.0,82.0,165.0
6,286,12.0,35.0,101.0,377.0
7,385,23.0,159.0,43.0,48.0
2,202,8.0,173.0,30.0,207.0
4,307,8.0,102.0,92.0,378.0
7,384,8.0,368.0,66.0,74.0
4,399,21.0,381.0,101.0,357.0
4,182,19.0,44.0,69.0,193.0
5,317,21.0,243.0,46.0,233.0
5,82,19.0,367.0,107.0,280.0
1,44,4.0,69.0,81.0,223.0
5,282,14.0,56.0,72.0,356.0
5,261,6.0,81.0,31.0,111.0
3,64,11.0,139.0,97.0,33.0
3,11,23.0,112.0,63.0,367.0
4,157,21.0,367.0,116.0,211.0
2,51,15.0,149.0,68.0,265.0
2,280,20.0,348.0,108.0,31.0
6,37,14.0,383.0,88.0,188.0
4,392,10.0,203.0,119.0,188.0
3,328,11.0,392.0,100.0,349.0
6,236,23.0,381.0,21.0,374.0
5,212,12.0,134.0,56.0,153.0
7,336,8.0,40.0,16.0,312.0
3,257,20.0,188.0,72.0,42.0
6,115,17.0,254.0,88.0,279.0
7,280,15.0,40.0,83.0,134.0
2,81,4.0,271.0,94.0,154.0
2,201,16.0,169.0,113.0,46.0
4,25,16.0,52.0,95.0,263.0
5,391,15.0,298.0,80.0,67.0
4,189,23.0,296.0,111.0,269.0
7,164,11.0,187.0,88.0,136.0
7,50,21.0,380.0,61.0,277.0
3,286,7.0,207.0,45.0,233.0
6,82,4.0,195.0,75.0,80.0
2,372,7.0,104.0,41.0,374.0
1,171,19.0,290.0,93.0,327.0
5,224,13.0,247.0,75.0,208.0
4,209,22.0,13.0,95.0,273.0
7,225,17.0,25.0,116.0,349.0
6,50,18.0,25.0,111.0,117.0
3,27,23.0,334.0,115.0,42.0
7,195,17.0,33.0,55.0,226.0
2,38,17.0,198.0,95.0,89.0
3,87,15.0,277.0,70.0,44.0
4,306,6.0,67.0,108.0,128.0
2,287,22.0,288.0,84.0,268.0
3,131,17.0,340.0,106.0,251.0
5,229,21.0,26.0,51.0,184.0
6,84,12.0,188.0,110.0,151.0
5,286,8.0,243.0,105.0,307.0
2,92,19.0,347.0,91.0,348.0
3,133,14.0,244.0,44.0,383.0
5,124,17.0,63.0,56.0,192.0
3,158,20.0,335.0,43.0,376.0
1,340,5.0,298.0,67.0,135.0
5,197,19.0,187.0,113.0,109.0
6,82,21.0,35.0,124.0,96.0
1,214,12.0,274.0,28.0,389.0
1,326,5.0,325.0,17.0,137.0
1,376,22.0,265.0,114.0,341.0
6,165,14.0,56.0,50.0,386.0
2,349,8.0,129.0,72.0,80.0
4,66,22.0,152.0,52.0,80.0
6,207,10.0,21.0,37.0,114.0
7,48,23.0,87.0,62.0,377.0
3,247,13.0,288.0,81.0,69.0
3,96,13.0,156.0,28.0,349.0
4,231,15.0,262.0,121.0,162.0
4,190,6.0,358.0,63.0,340.0
5,33,12.0,11.0,104.0,94.0
1,303,18.0,361.0,92.0,207.0
5,374,4.0,110.0,122.0,338.0
2,70,17.0,378.0,124.0,123.0
6,120,20.0,217.0,75.0,121.0
5,150,19.0,188.0,68.0,158.0
5,127,8.0,91.0,25.0,260.0
4,354,12.0,366.0,33.0,141.0
1,279,21.0,68.0,66.0,27.0
1,124,16.0,26.0,49.0,309.0
3,41,11.0,32.0,110.0,356.0
1,326,12.0,197.0,107.0,280.0
7,395,15.0,243.0,24.0,203.0
2,210,16.0,253.0,26.0,21.0
5,85,16.0,227.0,114.0,299.0
4,205,12.0,115.0,92.0,337.0
5,343,22.0,104.0,43.0,80.0
1,217,10.0,264.0,67.0,208.0
6,255,17.0,230.0,91.0,292.0
6,106,17.0,120.0,16.0,386.0
3,257,22.0,130.0,78.0,151.0
3,182,12.0,345.0,126.0,103.0
1,260,6.0,78.0,89.0,341.0
4,94,7.0,165.0,116.0,355.0
3,165,14.0,373.0,63.0,161.0
4,44,16.0,74.0,97.0,281.0
4,200,9.0,261.0,119.0,64.0
4,246,8.0,273.0,88.0,397.0
3,288,5.0,180.0,61.0,134.0
5,231,13.0,384.0,50.0,322.0
5,360,7.0,105.0,58.0,86.0
4,153,16.0,209.0,83.0,245.0
4,316,17.0,160.0,90.0,348.0
4,270,13.0,378.0,127.0,343.0
7,271,4.0,27.0,62.0,280.0
4,371,7.0,63.0,97.0,151.0
1,397,4.0,18.0,125.0,173.0
2,139,23.0,321.0,47.0,83.0
1,46,14.0,204.0,127.0,137.0
3,141,19.0,87.0,126.0,168.0
1,114,11.0,186.0,31.0,166.0
5,115,12.0,81.0,108.0,46.0
2,353,13.0,71.0,110.0,369.0
5,284,18.0,398.0,118.0,39.0
6,53,21.0,290.0,83.0,22.0
1,162,8.0,352.0,109.0,306.0
6,35,16.0,249.0,97.0,157.0
7,232,14.0,77.0,21.0,194.0
1,23,23.0,331.0,57.0,34.0
1,108,4.0,228.0,98.0,188.0
6,234,20.0,348.0,20.0,362.0
5,161,8.0,324.0,30.0,103.0
6,63,13.0,39.0,60.0,31.0
2,392,5.0,107.0,120.0,301.0
3,102,7.0,277.0,111.0,279.0
3,56,23.0,61.0,80.0,399.0
1,14,16.0,336.0,92.0,167.0
6,96,21.0,123.0,90.0,38.0
4,178,15.0,361.0,97.0,247.0
1,343,22.0,146.0,106.0,204.0
6,29,20.0,315.0,76.0,316.0
6,140,15.0,321.0,20.0,263.0
7,250,20.0,376.0,105.0,97.0
3,111,15.0,111.0,32.0,389.0
2,10,19.0,272.0,36.0,376.0
5,158,19.0,370.0,41.0,366.0
1,121,10.0,76.0,30.0,396.0
2,157,8.0,364.0,46.0,178.0
4,399,5.0,63.0,103.0,219.0
1,353,15.0,10.0,26.0,260.0
5,397,4.0,390.0,25.0,380.0
3,394,12.0,141.0,52.0,217.0
4,315,16.0,361.0,126.0,233.0
2,228,8.0,110.0,57.0,230.0
5,166,9.0,63.0,120.0,297.0
1,213,17.0,298.0,39.0,127.0
4,240,18.0,48.0,37.0,347.0
3,174,7.0,67.0,114.0,284.0
6,27,8.0,329.0,110.0,126.0
5,53,22.0,126.0,48.0,258.0
2,368,11.0,305.0,113.0,113.0
6,23,21.0,114.0,37.0,187.0
2,110,20.0,236.0,56.0,77.0
4,266,9.0,121.0,74.0,384.0
3,308,9.0,336.0,40.0,44.0
3,285,14.0,142.0,50.0,151.0
7,371,18.0,323.0,71.0,134.0
3,250,7.0,144.0,117.0,110.0
4,58,20.0,306.0,116.0,292.0
1,336,18.0,348.0,17.0,75.0
5,48,10.0,191.0,31.0,10.0
7,41,19.0,131.0,71.0,52.0
4,58,19.0,49.0,89.0,58.0
2,287,19.0,259.0,127.0,325.0
1,353,16.0,178.0,109.0,153.0
7,380,13.0,368.0,78.0,293.0
7,172,10.0,249.0,35.0,170.0
7,360,18.0,102.0,103.0,247.0
3,95,17.0,139.0,112.0,70.0
1,259,8.0,293.0,35.0,281.0
4,365,17.0,355.0,18.0,394.0
3,314,8.0,269.0,19.0,365.0
7,75,10.0,191.0,51.0,134.0
5,53,20.0,16.0,59.0,357.0
4,389,6.0,336.0,60.0,350.0
2,158,14.0,387.0,55.0,398.0
7,371,18.0,106.0,40.0,390.0
7,60,18.0,256.0,120.0,145.0
1,345,23.0,117.0,114.0,42.0
7,57,20.0,237.0,37.0,205.0
5,323,20.0,210.0,108.0,53.0
6,153,5.0,237.0,117.0,253.0
6,33,17.0,11.0,94.0,280.0
1,371,22.0,185.0,120.0,139.0
2,105,19.0,77.0,40.0,152.0
2,267,17.0,369.0,68.0,372.0
1,337,12.0,169.0,123.0,333.0
6,138,20.0,215.0,117.0,212.0
5,36,10.0,346.0,115.0,266.0
3,387,16.0,31.0,63.0,136.0
2,12,14.0,386.0,104.0,171.0
2,164,12.0,43.0,107.0,75.0
7,354,10.0,21.0,104.0,329.0
4,353,5.0,252.0,35.0,140.0
5,194,4.0,110.0,102.0,220.0
4,118,17.0,297.0,109.0,13.0
7,300,7.0,99.0,109.0,292.0
1,319,4.0,215.0,19.0,313.0
3,51,5.0,364.0,23.0,183.0
3,19,11.0,337.0,68.0,282.0
4,137,12.0,141.0,125.0,176.0
1,30,6.0,62.0,19.0,239.0
5,169,23.0,288.0,106.0,113.0
2,117,11.0,109.0,123.0,210.0
7,51,22.0,279.0,58.0,240.0
1,281,4.0,329.0,44.0,94.0
7,33,10.0,19.0,30.0,126.0
1,284,4.0,169.0,121.0,155.0
4,310,19.0,70.0,75.0,114.0
7,281,10.0,99.0,108.0,365.0
4,287,6.0,126.0,124.0,73.0
5,353,12.0,12.0,64.0,388.0
7,209,23.0,140.0,34.0,215.0
6,30,16.0,236.0,30.0,70.0
1,10,20.0,16.0,117.0,210.0
4,372,11.0,68.0,20.0,38.0
5,332,4.0,181.0,77.0,334.0
2,199,4.0,40.0,44.0,365.0
1,338,7.0,370.0,32.0,215.0
1,311,20.0,396.0,97.0,279.0
4,97,12.0,88.0,112.0,128.0
2,35,17.0,13.0,124.0,115.0
2,295,5.0,380.0,28.0,327.0
4,45,19.0,240.0,29.0,332.0
7,27,14.0,199.0,42.0,69.0
5,234,23.0,215.0,123.0,126.0
7,219,16.0,91.0,66.0,110.0
2,41,20.0,382.0,54.0,148.0
2,197,20.0,31.0,72.0,120.0
7,386,8.0,45.0,104.0,303.0
5,183,12.0,185.0,88.0,367.0
3,339,6.0,53.0,41.0,270.0
1,278,7.0,39.0,45.0,79.0
5,348,20.0,363.0,27.0,245.0
6,68,4.0,395.0,73.0,333.0
5,95,13.0,128.0,37.0,166.0
3,217,15.0,350.0,104.0,206.0
7,366,20.0,174.0,63.0,156.0
2,181,20.0,307.0,88.0,359.0
7,124,8.0,170.0,86.0,282.0
5,164,5.0,165.0,18.0,87.0
3,293,18.0,116.0,123.0,70.0
1,350,12.0,313.0,85.0,237.0
1,315,11.0,48.0,126.0,89.0
4,229,20.0,325.0,99.0,93.0
7,177,19.0,351.0,38.0,194.0
3,99,21.0,184.0,111.0,213.0
3,360,5.0,349.0,23.0,181.0
7,235,7.0,389.0,24.0,365.0
4,255,10.0,136.0,125.0,295.0
7,47,7.0,166.0,33.0,148.0
3,323,15.0,277.0,22.0,303.0
7,310,19.0,268.0,20.0,347.0
5,274,19.0,329.0,112.0,398.0
1,297,13.0,99.0,39.0,295.0
6,362,5.0,389.0,109.0,112.0
7,397,16.0,112.0,44.0,36.0
2,34,20.0,165.0,94.0,396.0
4,303,18.0,204.0,120.0,25.0
5,183,10.0,180.0,39.0,212.0
5,93,23.0,78.0,101.0,103.0
5,235,4.0,162.0,115.0,166.0
5,344,6.0,47.0,67.0,160.0
7,137,22.0,301.0,21.0,314.0
2,309,23.0,377.0,113.0,163.0
5,129,10.0,231.0,52.0,125.0
2,391,7.0,323.0,66.0,304.0
4,315,21.0,280.0,30.0,365.0
5,53,7.0,150.0,95.0,347.0
2,170,7.0,278.0,88.0,61.0
4,392,12.0,289.0,116.0,213.0
1,149,12.0,207.0,84.0,53.0
1,332,18.0,51.0,28.0,163.0
6,229,6.0,232.0,72.0,217.0
4,353,12.0,352.0,64.0,72.0
3,273,17.0,214.0,122.0,310.0
6,240,12.0,306.0,114.0,67.0
3,366,13.0,194.0,34.0,330.0
6,307,10.0,305.0,72.0,291.0
3,209,15.0,138.0,63.0,76.0
4,348,4.0,126.0,20.0,124.0
5,126,15.0,278.0,53.0,264.0
5,268,16.0,261.0,118.0,72.0
2,321,7.0,236.0,78.0,328.0
6,190,13.0,360.0,52.0,84.0
3,375,4.0,77.0,70.0,196.0
4,206,5.0,313.0,53.0,216.0
6,73,7.0,160.0,92.0,22.0
3,214,23.0,84.0,88.0,339.0
2,36,19.0,139.0,37.0,30.0
7,57,13.0,96.0,32.0,352.0
4,322,22.0,298.0,40.0,281.0
6,352,20.0,109.0,39.0,84.0
3,223,10.0,389.0,48.0,51.0
7,250,21.0,93.0,33.0,20.0
6,365,22.0,111.0,57.0,336.0
3,52,15.0,111.0,48.0,293.0
3,352,16.0,33.0,62.0,57.0
4,134,8.0,374.0,123.0,204.0
2,49,23.0,149.0,98.0,222.0
7,384,15.0,61.0,80.0,147.0
1,384,5.0,246.0,120.0,68.0
6,328,15.0,371.0,18.0,350.0
5,338,8.0,213.0,98.0,93.0
4,102,6.0,247.0,67.0,386.0
7,169,14.0,41.0,33.0,319.0
7,132,8.0,264.0,44.0,290.0
6,36,14.0,258.0,121.0,274.0
6,262,8.0,118.0,22.0,70.0
7,83,6.0,352.0,105.0,392.0
4,397,20.0,138.0,24.0,375.0
7,227,6.0,98.0,86.0,47.0
4,47,14.0,216.0,74.0,293.0
3,30,16.0,381.0,125.0,213.0
3,41,20.0,375.0,110.0,368.0
1,234,4.0,335.0,20.0,166.0
6,350,20.0,167.0,45.0,164.0
1,128,9.0,115.0,94.0,176.0
7,363,8.0,215.0,81.0,338.0
6,265,21.0,288.0,120.0,262.0
1,83,5.0,208.0,31.0,304.0
5,33,9.0,194.0,101.0,296.0
7,267,21.0,225.0,64.0,253.0
6,148,11.0,300.0,17.0,263.0
6,364,10.0,176.0,108.0,378.0
2,128,10.0,202.0,52.0,158.0
7,227,14.0,320.0,75.0,214.0
6,68,16.0,225.0,119.0,97.0
2,106,10.0,37.0,98.0,40.0
7,154,15.0,220.0,116.0,325.0
1,53,8.0,75.0,45.0,67.0
4,94,22.0,72.0,28.0,120.0
5,315,21.0,377.0,92.0,22.0
7,329,13.0,288.0,34.0,371.0
5,80,14.0,184.0,109.0,372.0
2,20,18.0,368.0,64.0,344.0
2,180,6.0,327.0,55.0,361.0
1,208,18.0,393.0,112.0,225.0
4,115,5.0,28.0,102.0,233.0
2,374,14.0,266.0,26.0,195.0
4,334,12.0,103.0,75.0,272.0
4,46,16.0,389.0,40.0,60.0
3,198,20.0,48.0,62.0,270.0
1,386,11.0,395.0,20.0,327.0
2,21,10.0,61.0,79.0,395.0
4,350,14.0,213.0,51.0,255.0
2,306,12.0,125.0,53.0,220.0
3,187,13.0,263.0,127.0,194.0
1,146,4.0,360.0,20.0,353.0
5,88,4.0,242.0,54.0,251.0
6,136,14.0,52.0,117.0,10.0
2,242,15.0,111.0,58.0,267.0
2,155,22.0,76.0,78.0,46.0
1,108,13.0,120.0,78.0,242.0
7,328,6.0,390.0,109.0,276.0
1,98,8.0,233.0,101.0,31.0
7,367,11.0,230.0,60.0,375.0
5,382,4.0,115.0,32.0,395.0
2,39,4.0,189.0,78.0,41.0
3,339,18.0,354.0,118.0,339.0
7,127,15.0,167.0,79.0,287.0
6,154,9.0,67.0,100.0,225.0
7,229,12.0,192.0,43.0,252.0
5,85,20.0,297.0,119.0,81.0
3,289,15.0,285.0,64.0,330.0
7,306,13.0,283.0,43.0,264.0
5,33,20.0,135.0,23.0,229.0
4,141,4.0,142.0,119.0,263.0
5,385,16.0,14.0,71.0,136.0
1,236,18.0,207.0,70.0,226.0
4,64,21.0,102.0,83.0,375.0
4,194,15.0,86.0,56.0,333.0
4,221,4.0,205.0,89.0,382.0
2,115,17.0,367.0,64.0,380.0
2,186,6.0,349.0,69.0,127.0
7,195,9.0,317.0,127.0,114.0
7,318,14.0,330.0,30.0,387.0
6,393,19.0,122.0,51.0,97.0
5,378,18.0,146.0,42.0,199.0
4,380,8.0,337.0,123.0,137.0
1,337,23.0,254.0,51.0,375.0
5,56,16.0,342.0,31.0,283.0
1,393,4.0,332.0,113.0,29.0
3,204,4.0,143.0,93.0,308.0
3,123,9.0,245.0,63.0,102.0
3,57,20.0,123.0,68.0,343.0
7,35,17.0,351.0,118.0,266.0
2,298,14.0,204.0,21.0,146.0
3,117,19.0,89.0,35.0,231.0
4,232,12.0,351.0,75.0,128.0
1,341,19.0,262.0,114.0,168.0
2,298,7.0,220.0,97.0,325.0
3,327,18.0,233.0,111.0,246.0
2,307,18.0,84.0,97.0,62.0
6,312,4.0,122.0,62.0,274.0
4,370,6.0,79.0,53.0,252.0
6,321,10.0,123.0,44.0,177.0
4,299,17.0,230.0,65.0,236.0
1,268,12.0,91.0,49.0,14.0
6,173,9.0,31.0,92.0,278.0
3,293,6.0,199.0,110.0,164.0
1,235,15.0,177.0,21.0,292.0
5,79,9.0,42.0,55.0,269.0
5,357,4.0,189.0,103.0,94.0
3,372,6.0,15.0,54.0,390.0
5,255,19.0,172.0,110.0,74.0
2,15,6.0,67.0,69.0,81.0
3,106,13.0,44.0,105.0,195.0
6,89,18.0,96.0,30.0,19.0
7,83,7.0,116.0,39.0,228.0
2,19,14.0,136.0,18.0,328.0
6,113,12.0,213.0,109.0,312.0
2,289,20.0,288.0,19.0,219.0
7,83,21.0,286.0,106.0,395.0
6,147,18.0,55.0,30.0,58.0
7,18,16.0,157.0,127.0,224.0
3,246,12.0,378.0,98.0,86.0
2,276,22.0,333.0,44.0,296.0
1,119,23.0,223.0,52.0,64.0
1,102,15.0,16.0,109.0,302.0
3,48,12.0,99.0,91.0,235.0
6,133,13.0,390.0,22.0,320.0
1,57,14.0,145.0,76.0,251.0
4,330,21.0,96.0,38.0,375.0
1,156,4.0,150.0,99.0,276.0
4,346,8.0,221.0,30.0,191.0
4,77,17.0,39.0,121.0,303.0
1,367,21.0,245.0,99.0,227.0
4,29,14.0,120.0,50.0,101.0
7,273,15.0,382.0,44.0,94.0
4,197,22.0,376.0,89.0,233.0
1,11,9.0,239.0,82.0,52.0
7,242,6.0,12.0,120.0,372.0
6,248,18.0,310.0,87.0,46.0
4,260,14.0,349.0,121.0,267.0
5,69,4.0,225.0,32.0,129.0
2,365,21.0,35.0,76.0,252.0
4,370,20.0,173.0,70.0,340.0
2,130,5.0,45.0,102.0,254.0
6,177,6.0,70.0,69.0,398.0
6,123,8.0,226.0,18.0,221.0
5,209,16.0,262.0,92.0,235.0
5,375,4.0,123.0,75.0,357.0
7,106,20.0,249.0,84.0,291.0
6,13,6.0,350.0,49.0,115.0
7,174,6.0,203.0,66.0,20.0
7,352,10.0,254.0,50.0,225.0
6,372,11.0,222.0,29.0,189.0
1,277,19.0,352.0,112.0,66.0
2,301,8.0,241.0,32.0,282.0
6,212,21.0,256.0,126.0,384.0
1,150,18.0,301.0,93.0,60.0
5,209,14.0,245.0,114.0,256.0
6,224,13.0,27.0,91.0,253.0
5,342,9.0,299.0,34.0,252.0
1,296,13.0,182.0,126.0,87.0
4,388,6.0,137.0,57.0,119.0
7,186,23.0,176.0,97.0,53.0
5,230,11.0,110.0,50.0,48.0
4,89,14.0,219.0,40.0,369.0
3,178,20.0,146.0,28.0,335.0
5,358,13.0,199.0,118.0,46.0
4,46,12.0,19.0,36.0,138.0
4,246,22.0,26.0,49.0,254.0
5,268,14.0,251.0,122.0,200.0
5,282,19.0,325.0,105.0,163.0
3,61,16.0,188.0,85.0,132.0
7,229,10.0,113.0,44.0,322.0
7,193,6.0,85.0,72.0,116.0
4,375,18.0,141.0,68.0,142.0
6,32,10.0,257.0,40.0,46.0
3,274,8.0,174.0,98.0,208.0
6,154,20.0,187.0,120.0,250.0
2,91,13.0,134.0,57.0,303.0
5,40,20.0,362.0,98.0,49.0
5,111,18.0,22.0,118.0,394.0
2,28,12.0,217.0,29.0,22.0
1,200,21.0,398.0,44.0,183.0
5,172,16.0,53.0,49.0,141.0
4,304,5.0,179.0,121.0,362.0
4,77,12.0,134.0,29.0,385.0
1,334,22.0,26.0,18.0,144.0
2,151,5.0,339.0,109.0,379.0
4,200,22.0,319.0,77.0,19.0
7,378,23.0,150.0,91.0,342.0
4,77,5.0,27.0,92.0,352.0
7,163,7.0,391.0,63.0,306.0
4,294,18.0,318.0,119.0,165.0
7,172,13.0,190.0,56.0,71.0
7,50,6.0,203.0,45.0,251.0
3,10,23.0,385.0,55.0,367.0
1,240,11.0,194.0,115.0,289.0
1,269,22.0,25.0,76.0,56.0
1,103,22.0,324.0,23.0,27.0
5,361,15.0,253.0,64.0,89.0
4,104,15.0,271.0,114.0,13.0
3,199,10.0,389.0,110.0,146.0
1,72,9.0,261.0,57.0,221.0
7,198,13.0,352.0,53.0,29.0
4,360,10.0,246.0,69.0,227.0
4,30,22.0,364.0,34.0,345.0
7,179,19.0,382.0,48.0,39.0
3,132,15.0,236.0,122.0,190.0
1,197,7.0,249.0,102.0,236.0
2,95,16.0,159.0,75.0,105.0
7,352,15.0,358.0,122.0,21.0
7,225,22.0,360.0,50.0,76.0
6,164,19.0,344.0,113.0,289.0
6,274,14.0,323.0,80.0,337.0
6,117,12.0,102.0,103.0,114.0
7,208,19.0,373.0,23.0,106.0
5,175,19.0,293.0,119.0,138.0
1,234,23.0,274.0,41.0,351.0
4,383,11.0,310.0,24.0,343.0
2,374,15.0,143.0,116.0,117.0
6,98,4.0,375.0,47.0,256.0
3,45,12.0,63.0,56.0,357.0
5,317,5.0,11.0,47.0,127.0
6,341,15.0,267.0,31.0,132.0
5,309,12.0,345.0,47.0,34.0
6,92,17.0,173.0,68.0,346.0
2,387,21.0,119.0,59.0,167.0
7,395,13.0,309.0,125.0,337.0
7,337,5.0,191.0,99.0,361.0
5,10,14.0,260.0,26.0,325.0
4,137,18.0,272.0,121.0,242.0
3,295,21.0,357.0,85.0,198.0
6,295,15.0,301.0,79.0,48.0
2,12,18.0,90.0,37.0,309.0
5,396,21.0,62.0,100.0,162.0
7,211,13.0,162.0,79.0,333.0
4,310,22.0,319.0,68.0,57.0
5,236,11.0,23.0,97.0,272.0
1,170,21.0,348.0,114.0,65.0
1,47,19.0,142.0,57.0,136.0
7,244,15.0,101.0,22.0,340.0
3,51,4.0,27.0,23.0,110.0
6,212,23.0,135.0,20.0,95.0
3,51,12.0,140.0,81.0,312.0
5,389,12.0,367.0,117.0,199.0
6,277,10.0,160.0,117.0,297.0
7,188,13.0,78.0,77.0,39.0
6,130,16.0,125.0,101.0,37.0
2,206,16.0,169.0,84.0,122.0
3,100,19.0,133.0,99.0,226.0
5,163,20.0,152.0,82.0,198.0
2,119,13.0,362.0,30.0,352.0
4,376,21.0,183.0,27.0,128.0
2,201,20.0,81.0,17.0,128.0
6,153,22.0,333.0,110.0,286.0
2,366,14.0,315.0,23.0,174.0
1,28,20.0,74.0,53.0,212.0
3,123,14.0,209.0,18.0,21.0
6,54,13.0,373.0,50.0,242.0
3,226,10.0,117.0,71.0,30.0
2,71,5.0,162.0,16.0,91.0
3,392,21.0,289.0,77.0,344.0
7,274,18.0,21.0,62.0,371.0
7,26,14.0,32.0,65.0,296.0
5,51,4.0,229.0,79.0,323.0
7,224,16.0,192.0,90.0,96.0
5,234,6.0,313.0,18.0,275.0
6,60,9.0,385.0,78.0,316.0
4,85,4.0,213.0,55.0,54.0
5,40,5.0,15.0,126.0,184.0
6,278,5.0,265.0,123.0,65.0
3,253,22.0,291.0,85.0,223.0
3,15,6.0,136.0,28.0,182.0
7,82,23.0,376.0,120.0,139.0
2,277,20.0,149.0,30.0,243.0
7,135,14.0,398.0,46.0,347.0
1,215,22.0,372.0,69.0,238.0
3,192,16.0,379.0,26.0,256.0
3,237,21.0,44.0,81.0,378.0
1,296,16.0,90.0,115.0,353.0
5,53,18.0,324.0,112.0,261.0
3,235,20.0,25.0,20.0,290.0
7,118,12.0,97.0,109.0,43.0
2,275,21.0,321.0,102.0,268.0
7,182,12.0,256.0,91.0,42.0
3,171,16.0,75.0,87.0,153.0
4,31,19.0,159.0,68.0,289.0
3,154,13.0,135.0,24.0,188.0
3,297,22.0,22.0,16.0,77.0
5,73,10.0,388.0,123.0,274.0
2,267,6.0,109.0,47.0,13.0
1,118,18.0,201.0,53.0,386.0
6,347,20.0,238.0,99.0,196.0
6,25,15.0,88.0,26.0,162.0
5,150,8.0,363.0,89.0,371.0
4,207,4.0,333.0,122.0,218.0
2,124,22.0,206.0,24.0,204.0
6,308,19.0,27.0,110.0,267.0
2,352,14.0,134.0,40.0,341.0
5,387,8.0,25.0,86.0,254.0
4,164,20.0,59.0,82.0,397.0
7,222,6.0,53.0,80.0,290.0
6,338,18.0,328.0,86.0,103.0
6,207,11.0,313.0,114.0,18.0
2,210,6.0,231.0,37.0,82.0
5,45,13.0,45.0,98.0,383.0
7,155,14.0,180.0,52.0,323.0
2,76,10.0,358.0,26.0,248.0
1,237,9.0,309.0,61.0,130.0
6,399,6.0,349.0,26.0,262.0
6,252,7.0,178.0,70.0,108.0
1,367,23.0,39.0,58.0,249.0
7,56,8.0,397.0,63.0,290.0
1,16,22.0,60.0,57.0,297.0
7,396,22.0,103.0,81.0,243.0
7,106,20.0,378.0,43.0,102.0
1,268,15.0,16.0,114.0,59.0
3,320,4.0,182.0,65.0,143.0
7,365,19.0,194.0,127.0,341.0
7,132,11.0,76.0,118.0,42.0
3,16,19.0,100.0,47.0,134.0
3,188,14.0,140.0,95.0,158.0
2,52,5.0,152.0,45.0,166.0
2,179,5.0,134.0,19.0,330.0
5,58,15.0,55.0,113.0,320.0
4,388,16.0,334.0,81.0,270.0
4,35,15.0,190.0,44.0,269.0
2,386,18.0,309.0,53.0,350.0
2,354,4.0,392.0,19.0,174.0
6,390,22.0,297.0,63.0,55.0
2,302,4.0,226.0,63.0,141.0
6,233,21.0,250.0,90.0,284.0
6,358,18.0,20.0,124.0,352.0
3,183,6.0,51.0,74.0,350.0
4,22,18.0,300.0,24.0,62.0
4,316,6.0,14.0,57.0,111.0
4,69,13.0,205.0,44.0,274.0
4,389,7.0,188.0,91.0,153.0
1,231,13.0,291.0,62.0,161.0
6,234,9.0,267.0,29.0,268.0
6,272,22.0,281.0,55.0,224.0
7,343,21.0,311.0,55.0,290.0
7,12,23.0,166.0,70.0,237.0
3,84,8.0,339.0,36.0,370.0
7,37,14.0,209.0,29.0,177.0
7,180,19.0,195.0,97.0,146.0
2,373,22.0,118.0,120.0,261.0
3,241,22.0,246.0,85.0,243.0
2,160,14.0,214.0,89.0,15.0
5,56,23.0,28.0,30.0,350.0
4,398,17.0,197.0,51.0,183.0
2,382,23.0,316.0,38.0,310.0
4,393,7.0,53.0,25.0,79.0
6,104,13.0,320.0,92.0,41.0
5,86,8.0,113.0,30.0,124.0
7,323,6.0,203.0,43.0,314.0
5,95,12.0,254.0,102.0,320.0
6,205,11.0,197.0,17.0,177.0
3,118,5.0,298.0,43.0,362.0
3,91,21.0,68.0,44.0,359.0
1,98,10.0,89.0,113.0,68.0
2,251,5.0,23.0,95.0,149.0
2,156,16.0,181.0,97.0,216.0
1,122,10.0,367.0,50.0,344.0
5,167,6.0,360.0,59.0,390.0
5,194,12.0,37.0,103.0,110.0
3,110,9.0,184.0,108.0,275.0
5,137,7.0,29.0,93.0,20.0
2,151,19.0,193.0,78.0,275.0
7,20,21.0,113.0,108.0,369.0
1,257,13.0,24.0,96.0,111.0
2,34,12.0,207.0,114.0,53.0
5,99,14.0,66.0,74.0,115.0
2,23,17.0,215.0,59.0,12.0
6,33,23.0,276.0,60.0,175.0
5,279,23.0,139.0,96.0,351.0
2,187,16.0,128.0,24.0,272.0
4,203,7.0,379.0,92.0,389.0
1,290,22.0,233.0,100.0,328.0
3,249,11.0,133.0,66.0,98.0
2,268,9.0,291.0,79.0,297.0
5,356,5.0,379.0,48.0,297.0
7,103,6.0,68.0,92.0,127.0
4,344,19.0,127.0,99.0,327.0
6,344,22.0,168.0,36.0,46.0
1,149,23.0,317.0,97.0,393.0
5,264,22.0,352.0,59.0,267.0
4,117,20.0,389.0,109.0,250.0
7,230,11.0,47.0,124.0,334.0
1,398,16.0,324.0,89.0,89.0
1,12,6.0,112.0,102.0,21.0
3,250,4.0,99.0,36.0,353.0
5,318,22.0,183.0,109.0,331.0
3,381,7.0,348.0,126.0,191.0
2,71,22.0,334.0,110.0,151.0
2,391,18.0,140.0,110.0,199.0
1,104,21.0,81.0,35.0,244.0
5,388,9.0,126.0,26.0,25.0
2,19,4.0,236.0,75.0,118.0
1,120,5.0,19.0,109.0,154.0
1,233,8.0,306.0,53.0,266.0
3,60,4.0,145.0,65.0,273.0
7,52,6.0,105.0,19.0,83.0
3,130,21.0,249.0,46.0,23.0
4,144,14.0,141.0,92.0,77.0
3,249,20.0,338.0,24.0,115.0
5,137,14.0,101.0,94.0,348.0
5,268,6.0,65.0,51.0,43.0
5,207,19.0,236.0,54.0,239.0
6,88,18.0,307.0,85.0,68.0
7,378,7.0,291.0,41.0,374.0
1,361,23.0,313.0,126.0,305.0
5,334,15.0,67.0,24.0,163.0
2,178,6.0,115.0,48.0,83.0
6,391,19.0,51.0,72.0,201.0
6,130,14.0,245.0,27.0,12.0
3,393,8.0,223.0,65.0,373.0
4,173,11.0,151.0,85.0,194.0
6,388,23.0,120.0,104.0,353.0
2,180,16.0,121.0,54.0,269.0
1,193,13.0,363.0,92.0,90.0
2,86,16.0,170.0,121.0,104.0
4,185,15.0,263.0,60.0,42.0
1,287,23.0,229.0,105.0,135.0
7,226,8.0,123.0,91.0,62.0
4,230,17.0,355.0,45.0,249.0
4,252,18.0,223.0,26.0,92.0
5,272,20.0,245.0,41.0,137.0
4,276,11.0,27.0,107.0,213.0
7,57,11.0,101.0,127.0,11.0
2,134,8.0,291.0,91.0,124.0
2,138,13.0,230.0,77.0,198.0
2,381,15.0,396.0,92.0,222.0
3,129,22.0,240.0,118.0,338.0
4,126,7.0,266.0,28.0,93.0
6,47,13.0,218.0,70.0,106.0
5,121,10.0,39.0,99.0,278.0
2,342,21.0,282.0,102.0,237.0
1,53,10.0,179.0,38.0,234.0
4,34,10.0,84.0,82.0,250.0
2,98,12.0,296.0,98.0,131.0
2,187,19.0,251.0,104.0,368.0
1,302,20.0,10.0,45.0,269.0
2,191,4.0,367.0,53.0,67.0
3,49,14.0,10.0,111.0,68.0
2,69,17.0,222.0,117.0,276.0
4,144,10.0,295.0,92.0,174.0
2,383,14.0,386.0,88.0,90.0
7,21,20.0,187.0,33.0,290.0
6,313,20.0,35.0,37.0,381.0
5,267,12.0,223.0,56.0,132.0
6,98,12.0,368.0,112.0,320.0
6,83,21.0,163.0,82.0,134.0
6,254,6.0,64.0,32.0,398.0
6,261,11.0,359.0,24.0,47.0
3,292,13.0,33.0,120.0,317.0
2,192,19.0,272.0,81.0,47.0
7,209,4.0,52.0,109.0,87.0
1,127,10.0,151.0,121.0,234.0
2,86,23.0,173.0,114.0,61.0
5,267,9.0,273.0,76.0,121.0
7,33,22.0,383.0,97.0,313.0
4,123,15.0,30.0,36.0,388.0
5,196,15.0,284.0,123.0,99.0
2,237,10.0,20.0,19.0,259.0
3,81,10.0,357.0,124.0,221.0
1,14,12.0,217.0,66.0,312.0
6,293,12.0,99.0,71.0,164.0
3,236,14.0,92.0,78.0,72.0
1,136,8.0,206.0,116.0,84.0
7,47,5.0,205.0,78.0,172.0
4,55,16.0,226.0,26.0,372.0
1,211,15.0,35.0,126.0,177.0
6,161,11.0,186.0,46.0,310.0
1,96,13.0,371.0,29.0,384.0
5,372,12.0,304.0,53.0,126.0
4,352,19.0,377.0,70.0,366.0
2,278,18.0,370.0,43.0,107.0
6,319,18.0,336.0,61.0,90.0
2,162,11.0,158.0,119.0,288.0
5,200,19.0,332.0,37.0,246.0
7,154,4.0,127.0,44.0,172.0
1,97,8.0,395.0,73.0,155.0
6,127,13.0,240.0,109.0,321.0
5,383,9.0,113.0,25.0,393.0
6,10,18.0,129.0,107.0,244.0
6,73,9.0,192.0,44.0,123.0
1,326,20.0,25.0,109.0,361.0
4,158,20.0,394.0,47.0,396.0
2,184,19.0,81.0,97.0,79.0
1,44,4.0,120.0,59.0,52.0
5,318,6.0,190.0,62.0,228.0
5,114,12.0,149.0,24.0,89.0
6,115,21.0,353.0,94.0,331.0
3,276,22.0,141.0,120.0,331.0
3,358,5.0,365.0,127.0,242.0
1,146,4.0,41.0,35.0,98.0
5,185,4.0,57.0,114.0,122.0
6,49,10.0,342.0,71.0,292.0
3,65,20.0,160.0,83.0,16.0
3,225,4.0,204.0,61.0,368.0
7,353,13.0,359.0,53.0,202.0
7,225,8.0,374.0,32.0,380.0
1,225,22.0,199.0,78.0,234.0
3,52,10.0,176.0,79.0,18.0
7,217,9.0,121.0,99.0,273.0
7,263,7.0,343.0,57.0,172.0
6,14,13.0,170.0,19.0,196.0
4,381,23.0,42.0,33.0,161.0
6,247,17.0,193.0,44.0,165.0
6,347,19.0,181.0,22.0,246.0
4,83,23.0,126.0,118.0,207.0
1,31,4.0,398.0,100.0,345.0
2,118,22.0,25.0,20.0,159.0
3,284,11.0,388.0,125.0,112.0
6,47,13.0,67.0,49.0,15.0
6,321,13.0,349.0,126.0,255.0
1,371,13.0,114.0,75.0,224.0
5,244,22.0,78.0,60.0,181.0
2,139,9.0,191.0,108.0,104.0
4,335,19.0,243.0,106.0,237.0
5,304,11.0,388.0,94.0,121.0
7,13,5.0,158.0,29.0,216.0
5,257,17.0,39.0,37.0,373.0
5,364,9.0,240.0,79.0,279.0
4,179,7.0,312.0,115.0,398.0
5,127,19.0,168.0,76.0,369.0
4,265,14.0,366.0,76.0,292.0
5,106,6.0,101.0,44.0,157.0
4,195,20.0,258.0,54.0,133.0
6,362,20.0,271.0,53.0,143.0
4,69,12.0,136.0,44.0,16.0
6,229,22.0,217.0,55.0,71.0
5,20,18.0,366.0,57.0,125.0
6,214,14.0,129.0,74.0,210.0
1,132,16.0,129.0,110.0,227.0
4,270,4.0,51.0,69.0,52.0
6,135,13.0,164.0,26.0,175.0
6,256,6.0,203.0,58.0,94.0
1,116,9.0,304.0,93.0,181.0
3,390,10.0,177.0,18.0,270.0
3,323,11.0,381.0,122.0,256.0
4,99,6.0,380.0,47.0,253.0
1,15,15.0,137.0,103.0,330.0
7,36,13.0,231.0,85.0,179.0
7,128,11.0,54.0,126.0,177.0
3,267,6.0,120.0,57.0,59.0
4,324,21.0,80.0,91.0,191.0
1,202,23.0,34.0,36.0,196.0
1,165,16.0,76.0,48.0,62.0
2,228,23.0,44.0,76.0,333.0
1,49,16.0,289.0,107.0,268.0
5,316,12.0,153.0,108.0,203.0
3,328,15.0,329.0,64.0,292.0
6,228,15.0,225.0,117.0,104.0
1,21,4.0,302.0,101.0,338.0
5,350,22.0,253.0,44.0,131.0
2,261,21.0,190.0,94.0,175.0
6,75,16.0,357.0,74.0,247.0
2,265,21.0,357.0,70.0,386.0
7,254,23.0,87.0,67.0,197.0
4,16,17.0,52.0,33.0,114.0
6,379,12.0,197.0,50.0,221.0
4,243,7.0,295.0,118.0,98.0
4,232,16.0,75.0,33.0,155.0
6,125,6.0,33.0,41.0,21.0
5,366,14.0,133.0,63.0,238.0
7,388,17.0,358.0,126.0,197.0
5,102,23.0,67.0,83.0,218.0
3,57,18.0,107.0,42.0,192.0
3,125,9.0,96.0,35.0,275.0
5,19,8.0,92.0,36.0,278.0
5,15,16.0,144.0,28.0,344.0
3,244,17.0,387.0,110.0,377.0
7,115,7.0,269.0,113.0,19.0
1,359,21.0,352.0,126.0,226.0
3,388,15.0,120.0,101.0,167.0
2,202,16.0,255.0,25.0,322.0
7,225,9.0,274.0,45.0,166.0
5,333,13.0,393.0,107.0,303.0
3,76,19.0,306.0,45.0,149.0
7,134,4.0,300.0,83.0,27.0
3,196,22.0,247.0,111.0,239.0
3,53,13.0,313.0,35.0,174.0
1,307,21.0,229.0,95.0,111.0
1,94,12.0,25.0,93.0,132.0
1,263,18.0,379.0,23.0,392.0
4,194,16.0,330.0,83.0,175.0
1,142,14.0,134.0,17.0,311.0
6,359,7.0,357.0,80.0,212.0
3,307,8.0,210.0,43.0,92.0
7,64,17.0,309.0,87.0,247.0
7,110,10.0,18.0,38.0,198.0
2,295,15.0,146.0,50.0,183.0
6,357,18.0,42.0,99.0,207.0
2,166,18.0,235.0,99.0,251.0
3,125,23.0,252.0,124.0,216.0
2,346,7.0,371.0,30.0,92.0
6,392,13.0,101.0,122.0,80.0
2,45,4.0,184.0,101.0,292.0
7,329,22.0,65.0,46.0,123.0
5,270,21.0,256.0,97.0,26.0
1,195,7.0,310.0,102.0,253.0
4,181,15.0,109.0,110.0,15.0
1,62,16.0,58.0,27.0,198.0
6,13,19.0,56.0,82.0,257.0
1,160,9.0,332.0,78.0,91.0
7,195,8.0,159.0,46.0,142.0
1,381,18.0,63.0,96.0,141.0
7,151,9.0,140.0,120.0,45.0
5,208,4.0,321.0,51.0,58.0
6,225,21.0,300.0,38.0,363.0
6,257,7.0,367.0,123.0,105.0
4,57,23.0,236.0,41.0,42.0
6,140,10.0,259.0,97.0,157.0
3,57,19.0,346.0,22.0,323.0
7,364,23.0,218.0,25.0,115.0
7,69,11.0,269.0,41.0,133.0
7,189,14.0,157.0,96.0,17.0
7,16,19.0,272.0,84.0,312.0
2,189,11.0,301.0,117.0,187.0
6,324,14.0,95.0,65.0,183.0
5,358,14.0,235.0,68.0,139.0
3,364,7.0,257.0,89.0,115.0
4,363,12.0,202.0,19.0,209.0
6,187,14.0,290.0,85.0,56.0
2,96,18.0,34.0,55.0,272.0
1,317,22.0,20.0,59.0,206.0
5,32,13.0,319.0,42.0,302.0
1,358,16.0,328.0,21.0,338.0
1,344,12.0,72.0,44.0,357.0
7,260,19.0,261.0,81.0,258.0
4,138,9.0,222.0,39.0,189.0
3,329,11.0,240.0,83.0,147.0
5,78,6.0,239.0,123.0,249.0
5,360,14.0,360.0,72.0,134.0
7,120,16.0,305.0,120.0,150.0
7,225,13.0,66.0,71.0,103.0
2,381,18.0,79.0,113.0,269.0
5,222,7.0,256.0,119.0,110.0
7,230,18.0,245.0,72.0,244.0
3,36,4.0,266.0,86.0,163.0
1,219,10.0,87.0,115.0,116.0
2,392,18.0,376.0,88.0,126.0
1,334,21.0,306.0,64.0,116.0
6,292,5.0,158.0,41.0,396.0
5,320,15.0,55.0,46.0,282.0
1,12,7.0,153.0,71.0,107.0
1,138,14.0,335.0,46.0,240.0
1,346,15.0,61.0,44.0,386.0
6,238,22.0,183.0,68.0,305.0
4,293,22.0,391.0,100.0,180.0
4,214,7.0,115.0,47.0,330.0
6,303,11.0,143.0,42.0,380.0
6,156,4.0,388.0,56.0,189.0
5,159,21.0,345.0,100.0,36.0
1,120,17.0,240.0,76.0,208.0
3,149,22.0,192.0,19.0,222.0
5,20,6.0,324.0,27.0,253.0
7,387,22.0,311.0,17.0,248.0
2,70,13.0,69.0,125.0,375.0
7,43,16.0,311.0,32.0,119.0
1,90,7.0,188.0,47.0,64.0
3,196,8.0,310.0,95.0,31.0
1,295,15.0,158.0,55.0,14.0
6,44,9.0,244.0,81.0,269.0
5,344,16.0,284.0,65.0,249.0
3,145,10.0,168.0,17.0,278.0
2,122,16.0,241.0,86.0,294.0
3,299,17.0,59.0,105.0,92.0
3,221,5.0,45.0,31.0,107.0
1,198,14.0,346.0,40.0,384.0
2,275,10.0,320.0,72.0,398.0
7,242,8.0,208.0,90.0,146.0
3,258,7.0,62.0,26.0,370.0
5,207,15.0,223.0,120.0,39.0
1,340,11.0,373.0,35.0,58.0
2,317,6.0,336.0,62.0,110.0
4,325,12.0,240.0,31.0,101.0
5,342,6.0,231.0,79.0,383.0
1,302,15.0,108.0,52.0,21.0
5,123,17.0,164.0,53.0,114.0
5,283,7.0,65.0,52.0,41.0
4,342,15.0,211.0,19.0,105.0
1,29,22.0,397.0,25.0,372.0
7,172,5.0,278.0,71.0,380.0
2,54,10.0,373.0,97.0,91.0
6,216,12.0,304.0,74.0,169.0
2,308,22.0,310.0,30.0,144.0
3,92,21.0,35.0,48.0,302.0
5,392,6.0,48.0,123.0,75.0
1,231,17.0,220.0,24.0,230.0
7,72,9.0,340.0,117.0,287.0
3,215,13.0,168.0,114.0,272.0
6,399,5.0,311.0,28.0,173.0
1,221,11.0,213.0,38.0,253.0
3,64,7.0,116.0,37.0,293.0
6,113,7.0,24.0,109.0,323.0
1,320,17.0,206.0,110.0,270.0
1,87,14.0,316.0,92.0,56.0
1,30,8.0,24.0,34.0,380.0
3,241,7.0,31.0,23.0,278.0
5,146,11.0,48.0,37.0,178.0
6,362,19.0,126.0,25.0,157.0
4,123,4.0,393.0,100.0,370.0
1,136,9.0,178.0,124.0,232.0
3,227,16.0,137.0,120.0,343.0
2,315,15.0,155.0,54.0,162.0
5,350,10.0,101.0,98.0,299.0
1,23,22.0,218.0,111.0,128.0
3,318,22.0,38.0,57.0,256.0
2,384,22.0,342.0,116.0,93.0
4,242,16.0,22.0,67.0,387.0
5,173,22.0,365.0,45.0,219.0
6,26,4.0,78.0,121.0,204.0
3,335,23.0,309.0,75.0,371.0
1,346,18.0,231.0,118.0,75.0
2,144,19.0,27.0,84.0,305.0
7,229,20.0,317.0,115.0,177.0
2,326,12.0,292.0,84.0,327.0
5,193,8.0,81.0,117.0,85.0
6,280,13.0,265.0,58.0,239.0
4,357,16.0,170.0,82.0,306.0
1,291,9.0,381.0,76.0,397.0
5,366,19.0,32.0,126.0,74.0
2,123,21.0,142.0,17.0,309.0
6,125,13.0,128.0,46.0,122.0
1,11,15.0,129.0,85.0,281.0
4,397,21.0,272.0,29.0,333.0
3,84,7.0,339.0,38.0,157.0
1,19,17.0,348.0,32.0,132.0
3,298,11.0,184.0,49.0,319.0
1,320,11.0,362.0,127.0,180.0
6,93,12.0,73.0,16.0,399.0
2,81,9.0,298.0,77.0,151.0
3,282,19.0,379.0,122.0,210.0
2,344,9.0,369.0,80.0,347.0
2,396,19.0,389.0,54.0,162.0
6,372,4.0,235.0,95.0,188.0
4,29,22.0,47.0,78.0,334.0
3,301,19.0,270.0,56.0,352.0
1,37,10.0,187.0,45.0,65.0
1,45,6.0,86.0,65.0,104.0
7,285,23.0,122.0,68.0,185.0
1,55,9.0,216.0,19.0,348.0
4,96,8.0,351.0,90.0,347.0
1,158,10.0,300.0,100.0,220.0
6,23,23.0,127.0,68.0,73.0
4,82,10.0,58.0,53.0,21.0
7,125,15.0,230.0,44.0,96.0
7,179,9.0,184.0,72.0,37.0
2,166,8.0,179.0,56.0,136.0
6,273,22.0,200.0,109.0,394.0
6,288,21.0,60.0,69.0,121.0
5,315,13.0,21.0,106.0,92.0
6,308,10.0,226.0,106.0,308.0
6,39,23.0,76.0,102.0,84.0
2,221,11.0,224.0,28.0,93.0
3,81,15.0,52.0,86.0,318.0
6,229,15.0,352.0,45.0,252.0
7,126,11.0,261.0,61.0,41.0
5,22,21.0,383.0,23.0,284.0
7,96,5.0,173.0,43.0,316.0
4,34,23.0,282.0,93.0,347.0
1,61,19.0,146.0,61.0,299.0
4,375,10.0,216.0,22.0,32.0
1,256,13.0,27.0,41.0,387.0
2,52,15.0,160.0,104.0,117.0
2,135,21.0,294.0,90.0,206.0
5,137,9.0,16.0,107.0,163.0
3,336,7.0,316.0,119.0,198.0
6,366,10.0,118.0,124.0,310.0
3,231,20.0,325.0,76.0,304.0
7,228,12.0,241.0,46.0,225.0
2,42,20.0,146.0,30.0,335.0
6,287,14.0,301.0,127.0,52.0
6,180,8.0,175.0,36.0,86.0
3,386,8.0,278.0,124.0,97.0
7,263,16.0,72.0,53.0,276.0
1,187,19.0,85.0,108.0,73.0
7,294,21.0,329.0,59.0,377.0
2,352,15.0,114.0,105.0,146.0
5,370,21.0,17.0,125.0,379.0
7,75,22.0,96.0,22.0,384.0
3,314,18.0,322.0,101.0,130.0
1,46,10.0,53.0,112.0,112.0
2,346,16.0,374.0,79.0,79.0
7,320,19.0,267.0,118.0,252.0
4,253,16.0,204.0,61.0,299.0
7,266,12.0,53.0,73.0,131.0
7,230,14.0,124.0,102.0,140.0
1,196,14.0,294.0,121.0,18.0
3,77,18.0,14.0,127.0,389.0
4,301,5.0,205.0,109.0,311.0
7,38,17.0,145.0,31.0,199.0
4,247,21.0,359.0,68.0,279.0
5,53,23.0,242.0,59.0,256.0
7,296,18.0,113.0,49.0,288.0
3,25,6.0,333.0,51.0,261.0
3,282,11.0,379.0,91.0,118.0
1,332,8.0,369.0,81.0,345.0
2,255,21.0,23.0,92.0,18.0
7,221,9.0,112.0,81.0,388.0
5,269,20.0,344.0,124.0,144.0
3,383,23.0,265.0,101.0,236.0
5,34,13.0,55.0,19.0,29.0
3,347,23.0,375.0,45.0,45.0
5,290,6.0,252.0,109.0,129.0
2,369,21.0,192.0,63.0,74.0
3,360,13.0,32.0,96.0,188.0
2,89,4.0,390.0,78.0,354.0
6,145,18.0,347.0,100.0,362.0
1,26,8.0,379.0,21.0,28.0
7,215,13.0,28.0,30.0,196.0
5,321,10.0,161.0,60.0,172.0
1,257,10.0,31.0,73.0,66.0
3,80,18.0,176.0,29.0,291.0
5,370,8.0,271.0,64.0,368.0
4,352,5.0,133.0,24.0,193.0
3,227,8.0,37.0,20.0,376.0
2,19,6.0,376.0,67.0,338.0
6,294,14.0,44.0,126.0,221.0
1,26,18.0,387.0,73.0,243.0
3,314,23.0,42.0,27.0,124.0
3,199,11.0,62.0,26.0,205.0
3,15,18.0,357.0,113.0,156.0
1,183,23.0,239.0,89.0,194.0
6,264,19.0,105.0,114.0,341.0
5,224,21.0,16.0,61.0,165.0
2,81,10.0,373.0,67.0,387.0
2,20,20.0,26.0,127.0,91.0
1,268,16.0,181.0,72.0,302.0
5,105,21.0,328.0,31.0,12.0
6,101,11.0,365.0,80.0,69.0
6,15,5.0,290.0,23.0,169.0
6,399,13.0,282.0,35.0,329.0
5,175,12.0,15.0,79.0,367.0
6,130,20.0,292.0,90.0,295.0
3,383,21.0,191.0,102.0,200.0
6,102,15.0,23.0,112.0,343.0
4,157,15.0,261.0,55.0,384.0
1,164,9.0,339.0,30.0,299.0
5,231,18.0,272.0,77.0,218.0
6,361,23.0,173.0,86.0,288.0
7,107,11.0,214.0,35.0,318.0
3,98,6.0,291.0,64.0,121.0
4,335,8.0,19.0,36.0,130.0
2,305,11.0,107.0,127.0,194.0
1,309,5.0,333.0,123.0,288.0
6,303,14.0,391.0,94.0,146.0
3,48,10.0,340.0,77.0,273.0
1,197,12.0,257.0,105.0,239.0
1,301,8.0,163.0,92.0,68.0
5,113,22.0,268.0,80.0,308.0
4,162,6.0,320.0,127.0,38.0
5,256,16.0,204.0,30.0,53.0
1,195,23.0,338.0,26.0,165.0
6,224,15.0,241.0,54.0,341.0
1,342,23.0,285.0,96.0,333.0
6,259,5.0,115.0,68.0,92.0
4,153,8.0,211.0,36.0,174.0
2,367,10.0,76.0,55.0,79.0
1,287,16.0,29.0,87.0,36.0
7,163,12.0,305.0,104.0,386.0
7,312,21.0,34.0,65.0,94.0
2,52,7.0,110.0,19.0,99.0
3,279,23.0,139.0,49.0,24.0
7,313,16.0,226.0,124.0,72.0
1,38,20.0,23.0,18.0,88.0
5,151,16.0,75.0,82.0,232.0
6,306,10.0,114.0,29.0,145.0
4,254,5.0,43.0,117.0,119.0
6,14,19.0,247.0,30.0,79.0
3,300,23.0,292.0,69.0,49.0
6,325,22.0,44.0,58.0,55.0
7,258,22.0,254.0,29.0,107.0
1,275,8.0,267.0,73.0,216.0
5,102,5.0,108.0,44.0,163.0
5,38,11.0,322.0,18.0,234.0
1,268,11.0,187.0,41.0,287.0
4,310,8.0,83.0,99.0,32.0
7,386,19.0,384.0,63.0,103.0
1,313,8.0,119.0,102.0,61.0
2,134,12.0,15.0,51.0,147.0
3,270,19.0,109.0,67.0,86.0
1,217,20.0,285.0,21.0,26.0
2,94,21.0,382.0,68.0,290.0
2,62,18.0,151.0,91.0,268.0
7,78,6.0,340.0,126.0,192.0
2,280,6.0,355.0,93.0,361.0
1,139,19.0,100.0,33.0,391.0
2,104,17.0,353.0,92.0,253.0
3,55,8.0,13.0,40.0,208.0
6,127,19.0,209.0,90.0,27.0
7,159,6.0,166.0,41.0,270.0
7,350,12.0,20.0,33.0,142.0
2,170,16.0,337.0,28.0,230.0
6,68,18.0,301.0,50.0,236.0
6,138,4.0,33.0,87.0,74.0
4,260,16.0,382.0,53.0,26.0
1,323,4.0,350.0,18.0,393.0
4,239,22.0,379.0,18.0,56.0
2,27,6.0,331.0,90.0,15.0
2,326,23.0,351.0,76.0,321.0
6,313,14.0,80.0,70.0,360.0
7,218,19.0,266.0,27.0,100.0
4,73,21.0,29.0,44.0,367.0
4,30,14.0,275.0,127.0,218.0
1,121,4.0,27.0,23.0,127.0
7,377,17.0,386.0,79.0,237.0
1,314,16.0,338.0,24.0,208.0
5,332,8.0,318.0,61.0,11.0
1,391,5.0,198.0,119.0,181.0
4,275,20.0,87.0,103.0,393.0
6,33,23.0,34.0,90.0,150.0
6,212,22.0,314.0,108.0,297.0
7,162,17.0,182.0,124.0,145.0
7,188,15.0,112.0,61.0,253.0
3,94,5.0,370.0,18.0,246.0
3,211,19.0,325.0,23.0,280.0
1,10,4.0,278.0,100.0,27.0
7,169,17.0,185.0,57.0,239.0
1,313,14.0,300.0,42.0,82.0
1,297,11.0,264.0,42.0,263.0
5,161,13.0,268.0,116.0,368.0
2,159,17.0,94.0,46.0,202.0
5,339,9.0,218.0,55.0,91.0
3,332,23.0,70.0,117.0,354.0
3,379,6.0,372.0,47.0,319.0
3,307,5.0,381.0,111.0,168.0
6,67,17.0,368.0,48.0,228.0
1,34,8.0,345.0,112.0,205.0
6,85,4.0,54.0,30.0,275.0
2,192,18.0,153.0,101.0,20.0
3,50,5.0,397.0,31.0,375.0
3,233,17.0,49.0,17.0,219.0
4,191,8.0,20.0,60.0,325.0
2,166,18.0,326.0,117.0,380.0
5,260,17.0,331.0,59.0,375.0
7,232,20.0,52.0,68.0,198.0
2,217,21.0,119.0,117.0,397.0
4,180,10.0,264.0,64.0,15.0
6,42,14.0,275.0,42.0,65.0
5,14,18.0,18.0,110.0,77.0
2,355,5.0,381.0,117.0,351.0
6,387,19.0,311.0,25.0,147.0
3,259,14.0,189.0,72.0,249.0
1,294,5.0,162.0,98.0,160.0
7,257,9.0,46.0,83.0,367.0
1,102,8.0,159.0,118.0,355.0
7,138,15.0,271.0,41.0,85.0
3,358,7.0,64.0,88.0,352.0
7,310,11.0,297.0,71.0,199.0
2,165,6.0,180.0,102.0,70.0
1,291,23.0,333.0,114.0,254.0
6,41,20.0,141.0,88.0,366.0
7,287,20.0,31.0,42.0,10.0
2,86,5.0,20.0,61.0,176.0
6,82,23.0,43.0,115.0,394.0
6,254,15.0,107.0,29.0,386.0
6,73,15.0,22.0,54.0,357.0
4,371,11.0,233.0,107.0,27.0
3,332,4.0,330.0,20.0,152.0
2,128,8.0,115.0,25.0,36.0
7,19,11.0,155.0,16.0,221.0
5,142,14.0,347.0,67.0,330.0
3,96,4.0,252.0,82.0,332.0
6,163,21.0,326.0,64.0,263.0
2,291,10.0,145.0,115.0,308.0
7,120,23.0,110.0,44.0,391.0
5,316,8.0,220.0,38.0,174.0
3,35,22.0,97.0,88.0,133.0
6,40,10.0,390.0,62.0,380.0
5,61,21.0,333.0,29.0,94.0
4,139,16.0,320.0,97.0,189.0
1,80,21.0,334.0,87.0,142.0
6,312,17.0,27.0,127.0,134.0
6,343,7.0,31.0,94.0,321.0
4,395,23.0,272.0,112.0,263.0
5,64,16.0,114.0,106.0,89.0
2,314,13.0,40.0,61.0,172.0
4,94,19.0,322.0,72.0,136.0
4,170,8.0,327.0,29.0,257.0
7,63,5.0,85.0,32.0,269.0
5,254,13.0,387.0,18.0,67.0
1,133,22.0,385.0,98.0,157.0
5,121,9.0,34.0,117.0,77.0
2,339,13.0,230.0,90.0,60.0
5,52,9.0,77.0,115.0,289.0
2,380,12.0,208.0,65.0,61.0
7,19,22.0,309.0,50.0,76.0
1,275,6.0,108.0,127.0,225.0
4,14,14.0,40.0,120.0,385.0
1,117,5.0,165.0,73.0,144.0
6,258,6.0,200.0,67.0,11.0
6,16,19.0,14.0,48.0,313.0
6,277,22.0,328.0,97.0,333.0
3,10,10.0,345.0,87.0,192.0
2,273,21.0,109.0,71.0,389.0
3,128,4.0,358.0,57.0,109.0
7,357,18.0,155.0,56.0,51.0
2,211,6.0,323.0,72.0,262.0
7,190,21.0,308.0,27.0,226.0
4,251,6.0,144.0,125.0,209.0
3,303,16.0,194.0,29.0,108.0
1,116,12.0,164.0,63.0,74.0
6,267,21.0,363.0,124.0,397.0
1,28,10.0,263.0,51.0,249.0
6,13,15.0,23.0,88.0,397.0
3,371,13.0,91.0,109.0,397.0
3,236,9.0,99.0,16.0,182.0
1,73,16.0,274.0,67.0,73.0
6,130,4.0,270.0,36.0,345.0
6,216,18.0,308.0,87.0,361.0
7,138,17.0,255.0,86.0,143.0
4,363,17.0,343.0,78.0,48.0
1,335,22.0,143.0,98.0,114.0
1,23,18.0,102.0,48.0,83.0
7,13,6.0,324.0,22.0,387.0
4,255,11.0,387.0,82.0,117.0
4,176,13.0,364.0,27.0,352.0
7,69,8.0,55.0,81.0,281.0
6,92,8.0,367.0,103.0,389.0
2,35,19.0,334.0,24.0,249.0
4,123,18.0,265.0,45.0,262.0
2,389,19.0,138.0,31.0,183.0
5,311,9.0,360.0,60.0,59.0
3,206,9.0,312.0,82.0,351.0
6,366,12.0,203.0,71.0,246.0
4,62,9.0,355.0,76.0,321.0
4,94,16.0,302.0,31.0,97.0
2,134,5.0,336.0,87.0,248.0
2,224,8.0,339.0,77.0,59.0
1,211,16.0,203.0,119.0,250.0
1,367,21.0,387.0,100.0,394.0
4,198,15.0,176.0,76.0,122.0
6,217,15.0,210.0,39.0,377.0
5,70,13.0,221.0,36.0,304.0
5,73,5.0,377.0,41.0,191.0
4,371,23.0,225.0,96.0,219.0
3,205,9.0,150.0,64.0,75.0
4,215,22.0,331.0,94.0,82.0
7,45,21.0,176.0,83.0,335.0
2,231,14.0,279.0,115.0,385.0
7,283,11.0,155.0,122.0,246.0
7,236,17.0,262.0,42.0,45.0
6,396,11.0,245.0,113.0,130.0
5,319,15.0,95.0,24.0,344.0
3,348,11.0,166.0,68.0,281.0
3,69,18.0,97.0,81.0,294.0
5,136,21.0,172.0,24.0,75.0
2,323,15.0,101.0,74.0,120.0
7,173,19.0,399.0,45.0,384.0
6,33,17.0,58.0,39.0,192.0
5,59,12.0,176.0,119.0,248.0
1,54,14.0,227.0,18.0,240.0
2,38,11.0,189.0,32.0,109.0
3,225,6.0,245.0,43.0,347.0
4,249,4.0,291.0,104.0,257.0
4,113,16.0,135.0,40.0,186.0
5,94,18.0,241.0,108.0,202.0
2,145,15.0,327.0,74.0,154.0
4,105,6.0,58.0,36.0,253.0
1,291,15.0,256.0,123.0,369.0
6,47,10.0,359.0,127.0,178.0
5,183,8.0,167.0,92.0,288.0
1,71,13.0,339.0,89.0,135.0
4,136,21.0,322.0,16.0,48.0
6,88,21.0,147.0,83.0,389.0
6,192,14.0,324.0,80.0,88.0
2,365,23.0,220.0,54.0,107.0
5,178,21.0,56.0,118.0,55.0
5,270,5.0,239.0,68.0,130.0
2,341,12.0,147.0,87.0,180.0
5,134,7.0,181.0,19.0,251.0
7,169,7.0,133.0,74.0,295.0
7,190,5.0,275.0,33.0,61.0
3,52,14.0,98.0,63.0,389.0
7,36,10.0,326.0,64.0,120.0
2,258,10.0,236.0,97.0,184.0
5,377,11.0,74.0,42.0,160.0
3,236,14.0,242.0,32.0,134.0
4,143,13.0,18.0,107.0,339.0
2,270,17.0,211.0,40.0,315.0
7,291,21.0,178.0,84.0,399.0
7,247,9.0,159.0,78.0,196.0
6,220,14.0,248.0,101.0,202.0
5,319,7.0,189.0,63.0,63.0
2,138,23.0,106.0,35.0,312.0
4,119,11.0,350.0,112.0,170.0
2,354,8.0,350.0,60.0,252.0
3,112,12.0,131.0,19.0,270.0
7,281,20.0,317.0,46.0,31.0
6,326,7.0,347.0,52.0,379.0
3,295,9.0,61.0,108.0,375.0
7,23,19.0,228.0,122.0,384.0
2,256,16.0,24.0,105.0,237.0
1,193,4.0,157.0,74.0,212.0
5,305,7.0,19.0,77.0,254.0
4,272,18.0,397.0,122.0,154.0
6,319,15.0,88.0,101.0,129.0
3,349,17.0,69.0,58.0,296.0
4,348,13.0,252.0,80.0,130.0
2,88,13.0,44.0,34.0,373.0
7,51,18.0,174.0,107.0,395.0
1,70,13.0,14.0,101.0,168.0
1,271,12.0,34.0,98.0,289.0
3,218,10.0,89.0,74.0,115.0
4,371,5.0,267.0,47.0,340.0
1,145,15.0,106.0,88.0,220.0
3,106,5.0,114.0,58.0,306.0
4,30,21.0,258.0,24.0,320.0
5,192,14.0,36.0,21.0,141.0
5,228,18.0,288.0,71.0,222.0
2,86,7.0,81.0,34.0,79.0
5,87,10.0,85.0,87.0,113.0
6,202,21.0,237.0,41.0,374.0
1,154,10.0,372.0,49.0,108.0
2,368,14.0,240.0,91.0,228.0
1,223,19.0,234.0,48.0,193.0
7,175,21.0,107.0,97.0,259.0
5,326,5.0,205.0,62.0,69.0
3,73,12.0,307.0,91.0,164.0
5,298,19.0,288.0,16.0,319.0
3,139,8.0,280.0,40.0,35.0
5,182,23.0,164.0,115.0,55.0
3,316,8.0,244.0,118.0,106.0
4,375,14.0,172.0,99.0,220.0
6,15,14.0,18.0,95.0,24.0
6,56,16.0,342.0,17.0,230.0
4,74,10.0,255.0,17.0,122.0
6,388,9.0,397.0,25.0,246.0
5,217,15.0,211.0,88.0,128.0
7,271,12.0,356.0,32.0,239.0
2,384,19.0,158.0,22.0,258.0
6,213,22.0,20.0,89.0,90.0
4,195,11.0,20.0,67.0,278.0
5,136,19.0,269.0,49.0,370.0
3,391,5.0,176.0,88.0,130.0
5,261,13.0,368.0,34.0,338.0
7,264,7.0,281.0,18.0,207.0
7,318,15.0,360.0,60.0,50.0
4,15,4.0,63.0,70.0,276.0
6,191,16.0,202.0,69.0,315.0
1,220,20.0,37.0,50.0,167.0
7,328,4.0,376.0,125.0,359.0
4,206,4.0,275.0,109.0,25.0
6,359,7.0,180.0,59.0,101.0
1,209,8.0,113.0,108.0,59.0
5,294,7.0,36.0,36.0,266.0
2,179,23.0,351.0,19.0,214.0
3,364,6.0,136.0,105.0,72.0
7,385,18.0,377.0,81.0,342.0
3,72,19.0,230.0,23.0,361.0
2,371,15.0,109.0,58.0,275.0
2,389,15.0,191.0,21.0,35.0
3,126,10.0,53.0,36.0,371.0
7,123,6.0,163.0,116.0,286.0
2,250,23.0,23.0,38.0,200.0
5,37,7.0,12.0,72.0,71.0
2,163,4.0,237.0,109.0,130.0
1,96,9.0,314.0,71.0,350.0
7,301,11.0,328.0,114.0,351.0
4,142,23.0,209.0,38.0,53.0
5,309,8.0,130.0,111.0,141.0
6,26,5.0,121.0,110.0,21.0
1,23,9.0,384.0,78.0,196.0
4,19,18.0,327.0,86.0,163.0
3,156,14.0,19.0,61.0,281.0
7,344,21.0,68.0,105.0,281.0
4,30,4.0,165.0,33.0,86.0
6,175,23.0,338.0,123.0,118.0
6,289,5.0,109.0,93.0,316.0
7,12,4.0,213.0,122.0,40.0
3,157,6.0,77.0,54.0,306.0
7,236,16.0,29.0,85.0,351.0
1,53,22.0,395.0,42.0,127.0
4,99,20.0,203.0,93.0,129.0
4,180,18.0,377.0,30.0,269.0
3,295,17.0,117.0,125.0,31.0
4,39,15.0,67.0,39.0,84.0
1,198,5.0,33.0,89.0,99.0
5,88,23.0,107.0,77.0,188.0
4,261,18.0,309.0,45.0,14.0
1,39,4.0,183.0,66.0,46.0
7,289,14.0,210.0,109.0,310.0
3,351,4.0,228.0,61.0,88.0
2,52,10.0,282.0,56.0,351.0
2,122,17.0,68.0,106.0,236.0
4,94,5.0,178.0,22.0,107.0
2,365,7.0,32.0,43.0,234.0
4,161,5.0,116.0,97.0,151.0
3,303,20.0,208.0,75.0,256.0
1,338,20.0,104.0,34.0,292.0
5,215,22.0,287.0,53.0,98.0
3,309,19.0,78.0,120.0,120.0
6,17,13.0,148.0,79.0,258.0
2,351,18.0,375.0,25.0,156.0
6,381,9.0,158.0,73.0,116.0
2,40,14.0,309.0,109.0,357.0
3,60,12.0,13.0,23.0,16.0
6,278,5.0,135.0,66.0,84.0
5,198,14.0,310.0,17.0,275.0
4,102,10.0,16.0,76.0,218.0
7,189,14.0,286.0,105.0,388.0
3,362,15.0,112.0,91.0,119.0
6,24,18.0,248.0,66.0,367.0
1,61,15.0,57.0,109.0,290.0
3,86,19.0,187.0,88.0,113.0
2,61,13.0,370.0,117.0,344.0
3,389,5.0,380.0,117.0,63.0
2,322,15.0,306.0,44.0,90.0
6,253,15.0,144.0,117.0,194.0
7,134,12.0,260.0,39.0,103.0
1,380,14.0,356.0,43.0,167.0
2,212,19.0,363.0,27.0,178.0
3,191,20.0,364.0,58.0,107.0
6,326,15.0,347.0,113.0,384.0
6,360,14.0,183.0,56.0,25.0
5,209,18.0,283.0,90.0,221.0
3,273,9.0,153.0,112.0,350.0
4,329,11.0,270.0,85.0,208.0
1,256,20.0,263.0,21.0,168.0
2,108,21.0,40.0,109.0,173.0
5,119,20.0,389.0,70.0,51.0
3,266,10.0,358.0,19.0,10.0
6,345,12.0,135.0,61.0,50.0
3,206,10.0,134.0,26.0,305.0
4,369,9.0,184.0,40.0,128.0
7,108,11.0,382.0,18.0,100.0
7,203,16.0,31.0,50.0,256.0
1,313,8.0,258.0,77.0,23.0
5,313,6.0,97.0,65.0,227.0
7,67,15.0,154.0,69.0,180.0
2,251,6.0,207.0,21.0,53.0
1,397,17.0,316.0,106.0,13.0
2,256,15.0,57.0,75.0,177.0
2,214,9.0,245.0,86.0,114.0
1,342,13.0,293.0,74.0,397.0
1,328,22.0,273.0,112.0,95.0
6,26,7.0,112.0,24.0,106.0
4,255,8.0,26.0,111.0,145.0
6,355,22.0,322.0,121.0,52.0
5,384,5.0,131.0,127.0,12.0
7,131,4.0,248.0,30.0,104.0
5,373,20.0,309.0,35.0,65.0
2,77,6.0,337.0,31.0,352.0
7,57,15.0,318.0,126.0,331.0
3,171,15.0,227.0,44.0,262.0
4,104,9.0,231.0,93.0,231.0
7,398,5.0,200.0,101.0,369.0
1,148,9.0,142.0,76.0,243.0
4,213,19.0,215.0,84.0,208.0
1,35,12.0,77.0,39.0,156.0
1,194,23.0,353.0,23.0,230.0
1,126,19.0,162.0,20.0,154.0
2,153,15.0,328.0,37.0,239.0
1,240,8.0,147.0,47.0,157.0
7,393,5.0,127.0,20.0,72.0
5,176,22.0,158.0,61.0,166.0
2,256,23.0,240.0,21.0,265.0
6,152,17.0,21.0,126.0,329.0
6,357,17.0,35.0,85.0,40.0
7,377,23.0,19.0,80.0,284.0
6,31,4.0,294.0,86.0,252.0
1,177,15.0,364.0,115.0,54.0
3,306,5.0,198.0,94.0,394.0
5,162,9.0,80.0,56.0,283.0
5,358,20.0,134.0,49.0,354.0
7,51,6.0,98.0,42.0,272.0
2,241,12.0,55.0,127.0,40.0
6,78,10.0,148.0,100.0,108.0
3,238,13.0,28.0,69.0,189.0
6,157,6.0,15.0,22.0,199.0
5,133,19.0,93.0,70.0,116.0
7,398,7.0,243.0,73.0,141.0
4,172,21.0,63.0,39.0,364.0
1,229,4.0,38.0,60.0,129.0
3,60,12.0,352.0,90.0,204.0
4,78,4.0,93.0,64.0,342.0
3,290,18.0,335.0,50.0,333.0
4,128,9.0,138.0,31.0,380.0
5,190,6.0,104.0,68.0,189.0
5,200,9.0,193.0,108.0,359.0
3,335,10.0,176.0,87.0,179.0
6,85,21.0,380.0,45.0,181.0
1,257,21.0,207.0,100.0,161.0
1,221,19.0,158.0,32.0,152.0
6,313,14.0,301.0,63.0,172.0
3,198,7.0,333.0,36.0,339.0
3,189,19.0,229.0,20.0,190.0
7,287,17.0,135.0,85.0,28.0
1,98,14.0,196.0,97.0,386.0
5,344,15.0,388.0,69.0,207.0
7,173,19.0,268.0,72.0,189.0
2,214,16.0,318.0,97.0,361.0
6,221,19.0,119.0,83.0,366.0
3,54,15.0,306.0,30.0,125.0
1,124,12.0,216.0,75.0,86.0
6,342,14.0,193.0,32.0,290.0
6,82,8.0,335.0,65.0,137.0
4,249,8.0,290.0,99.0,333.0
1,94,13.0,311.0,90.0,348.0
7,291,19.0,71.0,20.0,282.0
5,103,15.0,386.0,73.0,116.0
6,221,5.0,318.0,102.0,130.0
3,239,14.0,284.0,48.0,339.0
6,18,11.0,155.0,25.0,396.0
3,199,8.0,19.0,92.0,168.0
6,183,18.0,90.0,21.0,35.0
3,238,21.0,41.0,120.0,212.0
1,289,10.0,222.0,95.0,175.0
2,369,10.0,368.0,74.0,57.0
3,165,10.0,45.0,90.0,144.0
2,84,20.0,368.0,91.0,287.0
6,79,7.0,270.0,23.0,382.0
6,76,14.0,220.0,102.0,66.0
7,130,23.0,212.0,20.0,309.0
5,128,20.0,262.0,53.0,210.0
5,243,4.0,321.0,115.0,221.0
6,170,17.0,176.0,68.0,72.0
7,377,8.0,60.0,114.0,234.0
7,324,11.0,316.0,75.0,149.0
3,10,19.0,241.0,22.0,368.0
6,15,10.0,132.0,116.0,191.0
5,29,7.0,82.0,29.0,367.0
1,236,9.0,25.0,105.0,97.0
7,61,16.0,130.0,23.0,130.0
7,17,14.0,139.0,69.0,387.0
1,108,22.0,48.0,85.0,279.0
6,307,20.0,326.0,103.0,330.0
1,386,23.0,390.0,89.0,292.0
2,288,15.0,247.0,83.0,173.0
3,79,13.0,144.0,27.0,157.0
3,377,20.0,319.0,89.0,19.0
6,242,6.0,354.0,29.0,346.0
7,322,12.0,176.0,116.0,283.0
7,309,17.0,184.0,45.0,46.0
2,93,21.0,253.0,50.0,356.0
5,350,18.0,29.0,45.0,381.0
2,141,9.0,27.0,97.0,117.0
3,359,6.0,284.0,27.0,394.0
5,84,9.0,323.0,47.0,117.0
2,197,11.0,27.0,94.0,375.0
4,355,6.0,321.0,100.0,286.0
6,397,7.0,308.0,111.0,389.0
4,109,8.0,71.0,42.0,59.0
5,206,17.0,128.0,74.0,268.0
2,161,13.0,190.0,42.0,43.0
6,142,11.0,390.0,17.0,229.0
1,107,10.0,247.0,16.0,274.0
2,277,7.0,378.0,99.0,306.0
5,32,10.0,233.0,109.0,163.0
7,35,21.0,180.0,85.0,101.0
6,200,14.0,319.0,61.0,25.0
6,255,20.0,148.0,119.0,399.0
5,270,9.0,319.0,55.0,67.0
4,296,5.0,253.0,21.0,327.0
1,53,8.0,127.0,99.0,93.0
1,68,20.0,65.0,102.0,237.0
4,144,12.0,287.0,99.0,388.0
7,98,13.0,115.0,86.0,394.0
4,117,19.0,271.0,105.0,102.0
2,56,23.0,253.0,23.0,294.0
1,239,11.0,23.0,108.0,385.0
3,254,6.0,31.0,89.0,133.0
6,247,9.0,53.0,19.0,381.0
5,360,5.0,49.0,81.0,203.0
3,215,17.0,104.0,127.0,235.0
1,290,9.0,356.0,17.0,328.0
1,352,10.0,331.0,41.0,379.0
5,315,17.0,97.0,83.0,127.0
4,271,21.0,338.0,63.0,77.0
2,275,18.0,321.0,34.0,209.0
3,188,21.0,313.0,73.0,208.0
2,168,16.0,148.0,82.0,232.0
7,125,13.0,113.0,96.0,16.0
2,378,8.0,118.0,49.0,13.0
7,389,14.0,245.0,44.0,273.0
6,241,11.0,202.0,75.0,200.0
1,139,21.0,373.0,96.0,379.0
2,387,22.0,144.0,90.0,87.0
7,266,13.0,224.0,78.0,291.0
1,53,20.0,303.0,107.0,349.0
6,321,12.0,349.0,41.0,346.0
6,97,12.0,242.0,32.0,351.0
2,246,20.0,303.0,45.0,65.0
4,265,14.0,283.0,54.0,319.0
2,95,8.0,326.0,105.0,57.0
5,215,20.0,224.0,27.0,151.0
5,299,10.0,78.0,106.0,48.0
5,146,11.0,128.0,85.0,323.0
5,37,7.0,378.0,49.0,347.0
3,67,5.0,278.0,119.0,356.0
3,189,12.0,93.0,108.0,122.0
7,334,20.0,177.0,109.0,176.0
2,394,17.0,61.0,95.0,147.0
1,212,14.0,176.0,107.0,219.0
1,50,10.0,314.0,28.0,118.0
4,345,22.0,263.0,104.0,358.0
6,395,8.0,240.0,95.0,305.0
7,298,12.0,367.0,97.0,41.0
6,30,14.0,399.0,102.0,156.0
6,369,14.0,356.0,99.0,189.0
2,285,19.0,81.0,118.0,300.0
3,175,18.0,263.0,28.0,225.0
6,282,12.0,336.0,87.0,261.0
7,166,8.0,334.0,31.0,35.0
6,150,20.0,245.0,106.0,12.0
1,314,16.0,392.0,21.0,127.0
7,360,22.0,100.0,80.0,361.0
2,112,21.0,132.0,35.0,302.0
3,399,4.0,211.0,90.0,62.0
6,79,19.0,42.0,116.0,366.0
7,313,21.0,183.0,125.0,165.0
2,357,19.0,331.0,73.0,269.0
3,87,20.0,338.0,122.0,310.0
3,375,7.0,385.0,31.0,269.0
7,67,16.0,361.0,78.0,331.0
2,239,19.0,224.0,43.0,164.0
1,68,10.0,167.0,16.0,229.0
4,23,8.0,335.0,23.0,179.0
7,117,18.0,75.0,54.0,300.0
4,266,13.0,27.0,127.0,292.0
1,389,7.0,202.0,44.0,223.0
7,30,12.0,299.0,22.0,289.0
3,300,10.0,316.0,42.0,51.0
3,332,6.0,253.0,110.0,99.0
7,388,11.0,260.0,37.0,286.0
4,322,6.0,278.0,56.0,381.0
2,245,14.0,369.0,26.0,244.0
7,380,22.0,155.0,40.0,195.0
2,211,8.0,178.0,18.0,387.0
6,167,12.0,355.0,75.0,380.0
6,330,19.0,105.0,117.0,296.0
2,98,20.0,329.0,107.0,203.0
5,104,22.0,200.0,48.0,358.0
3,181,18.0,173.0,39.0,338.0
7,176,21.0,28.0,62.0,158.0
3,328,17.0,56.0,91.0,87.0
5,212,19.0,33.0,77.0,323.0
4,210,7.0,80.0,17.0,80.0
7,249,5.0,321.0,96.0,221.0
6,103,13.0,42.0,23.0,125.0
1,275,14.0,32.0,79.0,211.0
7,225,8.0,378.0,26.0,217.0
6,107,10.0,161.0,64.0,168.0
4,203,10.0,379.0,85.0,21.0
1,285,15.0,80.0,60.0,18.0
2,53,9.0,236.0,16.0,336.0
7,268,14.0,25.0,42.0,91.0
3,220,23.0,187.0,35.0,366.0
5,240,4.0,305.0,121.0,377.0
3,320,5.0,45.0,37.0,222.0
2,109,22.0,310.0,108.0,260.0
1,237,7.0,233.0,63.0,351.0
6,134,19.0,152.0,107.0,238.0
6,146,14.0,207.0,29.0,353.0
1,201,8.0,258.0,65.0,388.0
3,305,12.0,162.0,114.0,222.0
2,73,10.0,15.0,116.0,277.0
1,308,14.0,11.0,127.0,247.0
6,244,12.0,395.0,63.0,300.0
5,55,6.0,287.0,113.0,133.0
4,155,22.0,324.0,41.0,136.0
3,92,20.0,276.0,26.0,32.0
4,228,4.0,342.0,96.0,342.0
2,260,17.0,103.0,96.0,132.0
1,65,13.0,83.0,54.0,219.0
7,314,9.0,174.0,70.0,103.0
4,233,23.0,258.0,33.0,242.0
6,238,4.0,186.0,58.0,323.0
6,384,16.0,196.0,25.0,279.0
7,13,11.0,88.0,98.0,83.0
3,171,17.0,18.0,29.0,220.0
2,100,13.0,376.0,49.0,80.0
3,130,21.0,316.0,97.0,260.0
3,243,9.0,82.0,82.0,45.0
7,362,7.0,381.0,74.0,392.0
1,262,8.0,304.0,78.0,250.0
2,345,18.0,24.0,56.0,211.0
4,45,22.0,219.0,43.0,68.0
2,239,12.0,268.0,46.0,235.0
7,259,19.0,158.0,32.0,88.0
6,138,12.0,104.0,69.0,311.0
2,235,13.0,180.0,35.0,73.0
5,318,8.0,215.0,91.0,201.0
7,360,15.0,82.0,94.0,363.0
5,143,10.0,273.0,100.0,142.0
3,222,8.0,380.0,72.0,154.0
4,278,18.0,115.0,120.0,338.0
7,271,10.0,280.0,59.0,40.0
3,396,12.0,236.0,44.0,27.0
2,322,12.0,327.0,121.0,68.0
1,88,17.0,251.0,66.0,176.0
1,32,16.0,108.0,97.0,142.0
6,167,16.0,126.0,59.0,259.0
7,269,6.0,240.0,118.0,253.0
3,368,23.0,308.0,19.0,24.0
2,49,6.0,300.0,114.0,71.0
4,287,12.0,69.0,74.0,376.0
6,116,13.0,98.0,97.0,55.0
5,349,15.0,336.0,100.0,220.0
5,342,13.0,32.0,113.0,372.0
5,141,12.0,142.0,107.0,370.0
1,167,11.0,391.0,56.0,367.0
2,387,15.0,38.0,17.0,114.0
2,181,20.0,97.0,122.0,120.0
1,368,17.0,392.0,16.0,106.0
1,260,21.0,377.0,123.0,320.0
5,244,17.0,229.0,71.0,355.0
2,222,15.0,356.0,32.0,358.0
3,94,12.0,289.0,38.0,361.0
7,228,10.0,149.0,41.0,195.0
7,382,15.0,34.0,56.0,367.0
6,263,9.0,127.0,74.0,158.0
2,308,9.0,81.0,118.0,93.0
3,338,5.0,305.0,82.0,301.0
1,298,13.0,203.0,72.0,180.0
1,281,18.0,278.0,109.0,295.0
5,155,7.0,16.0,23.0,151.0
6,326,21.0,15.0,103.0,311.0
2,289,17.0,50.0,31.0,213.0
5,387,14.0,82.0,99.0,287.0
3,104,20.0,152.0,16.0,201.0
1,10,12.0,169.0,104.0,185.0
4,384,20.0,235.0,71.0,268.0
2,186,5.0,346.0,41.0,228.0
1,165,17.0,248.0,103.0,233.0
7,67,17.0,77.0,89.0,290.0
6,235,5.0,112.0,25.0,279.0
5,206,4.0,11.0,99.0,53.0
4,333,10.0,287.0,111.0,66.0
4,325,19.0,291.0,110.0,247.0
2,232,22.0,130.0,41.0,316.0
3,256,4.0,285.0,109.0,270.0
4,66,4.0,253.0,54.0,49.0
4,386,16.0,389.0,51.0,263.0
3,327,21.0,178.0,118.0,94.0
4,356,9.0,277.0,74.0,110.0
4,90,16.0,238.0,49.0,311.0
1,386,8.0,164.0,115.0,381.0
5,104,13.0,259.0,17.0,29.0
7,137,16.0,26.0,67.0,71.0
3,278,6.0,94.0,51.0,220.0
4,269,4.0,337.0,58.0,272.0
6,393,11.0,51.0,52.0,95.0
7,374,17.0,124.0,88.0,329.0
6,339,13.0,145.0,69.0,147.0
2,226,10.0,24.0,79.0,245.0
4,388,12.0,105.0,62.0,181.0
7,209,13.0,34.0,21.0,366.0
1,285,16.0,352.0,115.0,301.0
1,328,4.0,56.0,43.0,348.0
4,84,7.0,119.0,109.0,252.0
2,293,16.0,360.0,91.0,82.0
6,349,18.0,54.0,72.0,119.0
7,261,5.0,109.0,95.0,79.0
7,313,23.0,301.0,57.0,227.0
6,154,7.0,175.0,24.0,16.0
4,191,5.0,150.0,52.0,320.0
7,349,18.0,393.0,73.0,369.0
4,380,7.0,320.0,83.0,293.0
2,251,6.0,129.0,104.0,187.0
1,251,8.0,46.0,46.0,277.0
6,303,14.0,307.0,70.0,366.0
5,203,13.0,325.0,99.0,269.0
1,108,12.0,37.0,74.0,14.0
1,53,7.0,307.0,110.0,190.0
2,338,19.0,269.0,77.0,287.0
1,202,21.0,113.0,99.0,124.0
3,391,8.0,61.0,105.0,365.0
5,75,19.0,68.0,121.0,395.0
1,113,9.0,343.0,45.0,98.0
6,66,10.0,104.0,36.0,82.0
2,150,15.0,88.0,107.0,350.0
4,239,22.0,156.0,42.0,293.0
4,22,22.0,59.0,26.0,30.0
1,90,11.0,352.0,57.0,159.0
3,196,13.0,26.0,93.0,30.0
2,348,23.0,206.0,37.0,74.0
4,265,12.0,27.0,85.0,50.0
5,88,19.0,100.0,112.0,317.0
5,29,13.0,137.0,32.0,396.0
2,399,17.0,93.0,50.0,333.0
2,154,8.0,30.0,124.0,102.0
5,27,15.0,152.0,97.0,204.0
2,127,8.0,332.0,33.0,78.0
2,185,19.0,40.0,112.0,280.0
6,29,13.0,163.0,125.0,300.0
5,284,20.0,255.0,34.0,255.0
3,197,11.0,29.0,100.0,360.0
7,134,10.0,182.0,121.0,46.0
1,158,7.0,270.0,107.0,262.0
6,370,17.0,20.0,88.0,222.0
3,62,12.0,53.0,33.0,258.0
4,183,23.0,36.0,17.0,29.0
3,108,4.0,372.0,108.0,303.0
6,349,9.0,28.0,29.0,146.0
1,378,21.0,334.0,23.0,123.0
7,101,16.0,18.0,124.0,379.0
6,266,14.0,178.0,63.0,332.0
4,207,15.0,19.0,120.0,394.0
1,190,12.0,10.0,72.0,115.0
2,237,16.0,73.0,99.0,222.0
6,51,17.0,96.0,121.0,63.0
4,118,21.0,101.0,28.0,170.0
6,342,16.0,95.0,68.0,328.0
6,288,16.0,191.0,17.0,125.0
7,193,20.0,107.0,103.0,185.0
3,19,4.0,134.0,87.0,393.0
4,112,6.0,217.0,64.0,308.0
3,37,20.0,252.0,47.0,238.0
5,162,21.0,363.0,47.0,317.0
5,54,16.0,151.0,110.0,391.0
1,165,20.0,302.0,104.0,12.0
7,156,12.0,145.0,107.0,173.0
5,86,5.0,100.0,101.0,256.0
6,390,23.0,198.0,122.0,298.0
7,206,7.0,312.0,45.0,74.0
3,254,21.0,232.0,23.0,253.0
6,310,4.0,200.0,127.0,332.0
5,254,6.0,270.0,38.0,324.0
5,224,10.0,351.0,98.0,278.0
1,22,4.0,235.0,95.0,60.0
4,194,16.0,376.0,87.0,343.0
5,258,10.0,79.0,79.0,197.0
5,226,11.0,303.0,42.0,284.0
7,268,22.0,233.0,81.0,399.0
1,117,13.0,192.0,113.0,191.0
5,119,6.0,179.0,45.0,334.0
6,395,17.0,262.0,122.0,19.0
1,243,15.0,139.0,43.0,69.0
7,388,5.0,312.0,25.0,72.0
3,187,4.0,79.0,30.0,311.0
2,81,6.0,261.0,127.0,102.0
4,263,9.0,248.0,43.0,295.0
7,263,19.0,64.0,58.0,356.0
1,128,17.0,71.0,53.0,244.0
2,44,9.0,99.0,18.0,239.0
4,173,9.0,194.0,24.0,303.0
2,312,11.0,380.0,84.0,300.0
7,90,22.0,103.0,122.0,36.0
1,106,14.0,385.0,39.0,327.0
6,113,4.0,386.0,72.0,254.0
2,64,7.0,330.0,99.0,173.0
1,70,14.0,289.0,25.0,226.0
6,317,19.0,368.0,65.0,37.0
3,271,19.0,268.0,21.0,271.0
5,346,15.0,200.0,117.0,203.0
1,183,22.0,50.0,120.0,208.0
7,385,5.0,199.0,106.0,293.0
3,141,4.0,191.0,73.0,103.0
1,283,16.0,318.0,65.0,292.0
3,276,19.0,307.0,96.0,351.0
7,297,18.0,12.0,34.0,160.0
6,253,21.0,106.0,76.0,393.0
3,298,19.0,195.0,24.0,288.0
7,343,23.0,266.0,75.0,326.0
7,66,18.0,151.0,41.0,319.0
6,185,16.0,210.0,46.0,236.0
6,44,21.0,355.0,21.0,357.0
5,360,20.0,250.0,18.0,14.0
4,225,17.0,70.0,36.0,151.0
3,376,9.0,297.0,62.0,103.0
6,75,9.0,73.0,115.0,189.0
6,12,16.0,218.0,124.0,73.0
3,334,18.0,260.0,119.0,47.0
2,177,18.0,336.0,102.0,263.0
6,381,14.0,217.0,24.0,310.0
4,69,14.0,142.0,98.0,122.0
1,23,18.0,152.0,73.0,398.0
1,150,23.0,158.0,23.0,56.0
2,105,14.0,304.0,63.0,103.0
6,287,12.0,247.0,70.0,311.0
1,45,18.0,263.0,46.0,357.0
1,121,19.0,151.0,73.0,66.0
3,105,13.0,399.0,96.0,282.0
4,171,5.0,314.0,120.0,143.0
6,304,17.0,368.0,96.0,112.0
7,36,14.0,192.0,105.0,71.0
3,394,7.0,18.0,46.0,10.0
4,249,13.0,158.0,85.0,231.0
4,358,16.0,12.0,17.0,281.0
2,281,10.0,199.0,41.0,338.0
7,144,6.0,334.0,40.0,37.0
3,344,8.0,376.0,90.0,10.0
1,365,7.0,76.0,46.0,115.0
1,200,7.0,130.0,126.0,135.0
3,182,9.0,228.0,81.0,317.0
5,287,19.0,367.0,80.0,320.0
7,230,21.0,289.0,73.0,174.0
1,112,22.0,161.0,95.0,34.0
1,156,10.0,176.0,87.0,105.0
5,171,14.0,40.0,21.0,229.0
1,376,9.0,88.0,95.0,325.0
3,68,7.0,331.0,122.0,48.0
1,303,7.0,341.0,123.0,261.0
6,324,11.0,178.0,77.0,239.0
1,104,10.0,81.0,35.0,347.0
5,346,11.0,247.0,80.0,85.0
3,384,20.0,216.0,20.0,132.0
2,247,4.0,332.0,88.0,377.0
2,337,14.0,150.0,102.0,186.0
7,89,21.0,99.0,95.0,290.0
6,159,16.0,103.0,106.0,224.0
2,374,18.0,12.0,22.0,352.0
4,157,11.0,278.0,113.0,63.0
5,376,10.0,218.0,64.0,154.0
1,51,16.0,39.0,94.0,316.0
7,395,11.0,15.0,98.0,382.0
4,204,22.0,28.0,117.0,60.0
7,28,12.0,394.0,100.0,283.0
2,47,13.0,186.0,57.0,99.0
2,165,6.0,39.0,39.0,221.0
1,221,5.0,119.0,86.0,391.0
1,251,23.0,186.0,73.0,120.0
2,108,6.0,333.0,29.0,233.0
2,212,21.0,298.0,66.0,391.0
2,24,9.0,212.0,109.0,292.0
2,213,7.0,99.0,121.0,129.0
5,124,20.0,193.0,97.0,279.0
6,86,5.0,224.0,102.0,66.0
6,194,22.0,29.0,73.0,167.0
6,91,8.0,40.0,115.0,243.0
4,264,17.0,265.0,18.0,11.0
3,383,12.0,77.0,27.0,55.0
4,143,9.0,78.0,74.0,104.0
3,172,4.0,258.0,41.0,141.0
1,168,22.0,241.0,42.0,108.0
6,24,11.0,82.0,21.0,372.0
2,81,17.0,374.0,28.0,302.0
4,46,15.0,24.0,98.0,54.0
6,284,4.0,80.0,122.0,104.0
4,134,20.0,338.0,20.0,357.0
3,26,10.0,179.0,79.0,143.0
6,152,20.0,79.0,115.0,209.0
7,46,13.0,331.0,81.0,336.0
4,109,9.0,219.0,81.0,96.0
4,356,7.0,320.0,25.0,158.0
6,130,7.0,242.0,107.0,22.0
5,387,6.0,56.0,119.0,219.0
4,281,19.0,274.0,107.0,68.0
6,198,15.0,152.0,20.0,275.0
5,395,7.0,162.0,104.0,167.0
4,12,17.0,177.0,122.0,281.0
3,31,21.0,104.0,119.0,247.0
3,354,6.0,200.0,66.0,93.0
1,106,22.0,77.0,99.0,15.0
6,94,5.0,200.0,44.0,146.0
7,219,7.0,137.0,44.0,74.0
2,181,22.0,355.0,74.0,240.0
5,188,16.0,104.0,90.0,15.0
7,171,16.0,77.0,43.0,38.0
3,326,13.0,230.0,63.0,213.0
6,213,12.0,256.0,99.0,165.0
1,201,23.0,250.0,103.0,232.0
1,278,7.0,347.0,44.0,310.0
4,319,6.0,304.0,71.0,207.0
7,278,14.0,96.0,102.0,226.0
6,338,23.0,116.0,92.0,241.0
6,183,8.0,206.0,73.0,144.0
4,115,9.0,199.0,68.0,349.0
5,52,20.0,55.0,80.0,106.0
2,267,23.0,301.0,95.0,275.0
7,326,12.0,156.0,16.0,270.0
4,233,23.0,144.0,35.0,307.0
3,78,22.0,329.0,47.0,14.0
5,111,18.0,32.0,124.0,362.0
7,268,15.0,284.0,43.0,159.0
2,33,6.0,57.0,78.0,29.0
6,336,18.0,338.0,58.0,349.0
5,140,20.0,76.0,113.0,170.0
4,370,12.0,119.0,95.0,224.0
1,120,19.0,373.0,120.0,366.0
7,42,19.0,18.0,24.0,106.0
1,38,23.0,69.0,89.0,158.0
7,194,6.0,187.0,31.0,340.0
4,95,17.0,53.0,121.0,332.0
2,119,16.0,298.0,53.0,178.0
2,191,20.0,157.0,95.0,357.0
5,175,16.0,168.0,87.0,143.0
2,158,14.0,237.0,19.0,17.0
1,363,12.0,355.0,21.0,393.0
6,325,6.0,160.0,68.0,258.0
5,148,13.0,141.0,115.0,72.0
6,99,19.0,145.0,108.0,132.0
4,234,13.0,150.0,50.0,84.0
2,195,13.0,254.0,66.0,82.0
3,330,7.0,182.0,74.0,277.0
5,126,18.0,290.0,78.0,339.0
1,121,23.0,39.0,82.0,294.0
2,28,13.0,321.0,98.0,287.0
4,109,20.0,208.0,95.0,367.0
6,128,23.0,201.0,36.0,208.0
7,281,20.0,298.0,80.0,233.0
6,116,20.0,289.0,105.0,340.0
6,18,16.0,198.0,73.0,350.0
3,126,10.0,336.0,58.0,152.0
1,332,17.0,185.0,58.0,110.0
7,273,8.0,189.0,125.0,332.0
3,300,10.0,365.0,28.0,323.0
7,306,12.0,210.0,85.0,86.0
1,107,5.0,359.0,113.0,95.0
3,338,10.0,158.0,56.0,34.0
3,333,15.0,310.0,51.0,391.0
3,128,10.0,292.0,23.0,383.0
3,311,4.0,234.0,47.0,90.0
7,135,7.0,394.0,82.0,102.0
1,231,23.0,249.0,64.0,36.0
2,19,14.0,113.0,46.0,341.0
4,271,13.0,292.0,45.0,187.0
5,129,22.0,322.0,81.0,382.0
1,19,10.0,69.0,29.0,387.0
4,157,11.0,15.0,49.0,27.0
2,171,23.0,111.0,63.0,365.0
2,205,18.0,126.0,48.0,50.0
2,172,22.0,226.0,114.0,133.0
6,169,8.0,137.0,101.0,264.0
4,364,21.0,379.0,102.0,283.0
7,288,11.0,67.0,62.0,157.0
5,203,4.0,175.0,122.0,228.0
4,394,20.0,105.0,87.0,150.0
1,257,5.0,127.0,68.0,395.0
1,69,12.0,136.0,121.0,115.0
4,317,10.0,238.0,115.0,293.0
4,69,22.0,394.0,101.0,276.0
6,152,11.0,85.0,41.0,155.0
3,149,17.0,21.0,53.0,271.0
7,329,18.0,240.0,123.0,54.0
6,302,12.0,357.0,105.0,124.0
4,261,10.0,309.0,106.0,360.0
4,159,22.0,143.0,32.0,397.0
6,56,6.0,198.0,113.0,279.0
4,81,12.0,215.0,41.0,143.0
1,351,23.0,366.0,56.0,34.0
1,252,14.0,270.0,33.0,310.0
6,26,11.0,359.0,94.0,255.0
2,165,12.0,295.0,20.0,280.0
7,32,15.0,234.0,39.0,248.0
6,187,22.0,226.0,44.0,20.0
2,232,9.0,189.0,97.0,38.0
3,119,7.0,120.0,18.0,246.0
6,183,21.0,290.0,72.0,311.0
3,334,13.0,109.0,46.0,35.0
6,181,12.0,45.0,40.0,155.0
6,163,12.0,93.0,75.0,136.0
1,114,18.0,207.0,43.0,237.0
2,75,23.0,327.0,29.0,274.0
6,354,13.0,258.0,25.0,126.0
5,210,21.0,237.0,29.0,389.0
6,310,19.0,350.0,108.0,291.0
3,210,4.0,289.0,84.0,304.0
6,106,6.0,22.0,107.0,154.0
5,371,18.0,391.0,42.0,85.0
5,227,18.0,263.0,84.0,381.0
7,50,13.0,335.0,39.0,196.0
2,124,21.0,142.0,51.0,231.0
7,43,19.0,85.0,89.0,117.0
2,206,14.0,316.0,54.0,109.0
4,90,10.0,107.0,74.0,307.0
5,54,8.0,217.0,40.0,390.0
7,374,7.0,153.0,75.0,286.0
4,32,20.0,277.0,27.0,367.0
2,20,16.0,291.0,30.0,320.0
6,234,22.0,227.0,16.0,177.0
6,33,9.0,52.0,29.0,27.0
1,180,19.0,13.0,99.0,65.0
5,214,11.0,25.0,56.0,255.0
2,275,5.0,29.0,26.0,76.0
1,107,22.0,135.0,89.0,346.0
2,241,22.0,346.0,60.0,35.0
1,188,21.0,386.0,43.0,297.0
4,329,13.0,193.0,118.0,262.0
3,397,18.0,172.0,20.0,271.0
1,154,7.0,280.0,25.0,222.0
5,11,15.0,213.0,89.0,122.0
3,184,18.0,206.0,54.0,285.0
2,52,15.0,141.0,124.0,10.0
2,313,10.0,160.0,21.0,52.0
7,49,21.0,155.0,16.0,80.0
3,78,7.0,377.0,46.0,387.0
6,250,7.0,268.0,83.0,269.0
3,213,6.0,36.0,17.0,393.0
1,14,14.0,54.0,40.0,327.0
3,201,19.0,180.0,95.0,84.0
6,41,21.0,69.0,93.0,357.0
6,347,5.0,290.0,23.0,196.0
1,51,21.0,95.0,45.0,388.0
3,126,14.0,200.0,58.0,226.0
6,11,21.0,373.0,60.0,296.0
1,377,14.0,336.0,46.0,124.0
3,49,11.0,206.0,108.0,369.0
2,30,5.0,387.0,24.0,342.0
3,32,17.0,85.0,16.0,198.0
7,35,9.0,160.0,101.0,210.0
2,355,13.0,41.0,118.0,221.0
2,292,21.0,366.0,113.0,275.0
7,168,10.0,171.0,123.0,376.0
6,251,16.0,175.0,40.0,80.0
1,81,14.0,281.0,43.0,20.0
6,43,4.0,47.0,108.0,389.0
4,99,7.0,26.0,95.0,102.0
6,233,18.0,162.0,22.0,79.0
4,286,4.0,25.0,100.0,300.0
1,154,13.0,16.0,124.0,183.0
4,39,7.0,337.0,96.0,275.0
2,335,7.0,367.0,63.0,213.0
3,99,10.0,177.0,123.0,247.0
6,294,16.0,347.0,70.0,326.0
3,66,23.0,271.0,92.0,375.0
6,60,20.0,318.0,51.0,211.0
2,246,20.0,111.0,20.0,109.0
7,173,10.0,199.0,96.0,286.0
7,35,6.0,398.0,44.0,157.0
5,210,16.0,102.0,126.0,388.0
2,90,23.0,363.0,94.0,328.0
1,376,21.0,362.0,61.0,194.0
5,158,16.0,174.0,59.0,327.0
5,125,5.0,94.0,34.0,377.0
7,18,12.0,274.0,107.0,237.0
5,221,8.0,188.0,24.0,66.0
2,145,6.0,328.0,45.0,81.0
5,59,15.0,18.0,44.0,326.0
1,109,10.0,283.0,66.0,376.0
3,97,13.0,120.0,124.0,395.0
6,327,4.0,170.0,98.0,20.0
7,207,16.0,81.0,19.0,222.0
3,127,10.0,188.0,116.0,228.0
7,159,4.0,135.0,21.0,368.0
5,51,10.0,246.0,81.0,243.0
1,312,19.0,69.0,93.0,204.0
6,221,4.0,189.0,51.0,200.0
3,142,10.0,313.0,58.0,215.0
4,274,11.0,26.0,117.0,196.0
5,339,19.0,48.0,96.0,186.0
1,191,6.0,155.0,70.0,165.0
1,353,8.0,144.0,22.0,223.0
7,325,12.0,298.0,88.0,251.0
2,346,19.0,92.0,94.0,363.0
1,231,5.0,125.0,99.0,296.0
4,350,17.0,364.0,30.0,79.0
4,150,20.0,204.0,18.0,352.0
2,326,19.0,221.0,32.0,362.0
1,241,15.0,299.0,95.0,311.0
4,241,23.0,352.0,61.0,116.0
2,243,12.0,91.0,31.0,399.0
4,39,21.0,83.0,60.0,154.0
6,185,21.0,96.0,55.0,139.0
4,88,4.0,264.0,101.0,392.0
1,145,9.0,164.0,118.0,160.0
2,114,8.0,376.0,66.0,267.0
5,117,9.0,269.0,73.0,76.0
5,31,18.0,231.0,18.0,256.0
3,136,15.0,186.0,56.0,339.0
5,146,10.0,189.0,124.0,397.0
5,173,8.0,277.0,86.0,136.0
3,67,16.0,314.0,118.0,375.0
2,170,21.0,286.0,18.0,262.0
7,399,19.0,47.0,16.0,104.0
3,126,14.0,273.0,125.0,284.0
4,276,9.0,379.0,74.0,89.0
4,255,7.0,261.0,117.0,304.0
6,245,13.0,365.0,19.0,349.0
4,94,9.0,34.0,113.0,37.0
2,109,16.0,330.0,122.0,122.0
3,173,7.0,187.0,28.0,52.0
3,394,21.0,26.0,71.0,110.0
1,86,4.0,386.0,102.0,265.0
6,149,21.0,226.0,39.0,279.0
5,38,13.0,140.0,37.0,237.0
4,67,22.0,69.0,46.0,67.0
2,313,4.0,79.0,84.0,94.0
4,99,21.0,312.0,113.0,44.0
5,359,17.0,275.0,107.0,154.0
3,299,16.0,258.0,34.0,140.0
4,154,7.0,14.0,54.0,84.0
3,212,9.0,270.0,17.0,54.0
7,119,18.0,323.0,48.0,66.0
6,332,16.0,20.0,48.0,268.0
2,113,8.0,220.0,32.0,77.0
7,79,18.0,27.0,60.0,345.0
1,75,6.0,247.0,66.0,57.0
1,30,9.0,393.0,95.0,205.0
2,254,19.0,23.0,25.0,31.0
4,117,10.0,117.0,120.0,363.0
6,265,15.0,362.0,91.0,388.0
7,210,14.0,326.0,83.0,31.0
4,361,17.0,154.0,36.0,179.0
3,65,16.0,328.0,105.0,193.0
2,231,18.0,352.0,108.0,321.0
6,382,21.0,332.0,22.0,326.0
3,384,9.0,130.0,16.0,338.0
4,130,14.0,293.0,35.0,11.0
6,383,11.0,73.0,46.0,287.0
4,270,14.0,251.0,99.0,216.0
7,197,15.0,140.0,78.0,142.0
5,81,5.0,289.0,57.0,39.0
5,167,5.0,188.0,46.0,221.0
5,107,16.0,233.0,60.0,174.0
4,389,17.0,349.0,91.0,108.0
3,18,16.0,41.0,110.0,163.0
5,281,20.0,297.0,61.0,305.0
1,281,14.0,256.0,123.0,130.0
4,136,19.0,249.0,114.0,90.0
5,315,19.0,276.0,19.0,391.0
1,55,14.0,132.0,77.0,92.0
7,234,16.0,130.0,61.0,13.0
1,255,15.0,141.0,17.0,394.0
2,312,16.0,211.0,89.0,108.0
5,352,12.0,321.0,65.0,112.0
1,396,22.0,236.0,66.0,45.0
5,234,18.0,257.0,110.0,278.0
4,177,7.0,268.0,101.0,274.0
5,333,19.0,274.0,76.0,175.0
4,227,20.0,329.0,120.0,102.0
7,308,21.0,356.0,122.0,19.0
2,284,21.0,111.0,100.0,372.0
7,136,6.0,74.0,89.0,252.0
2,156,12.0,232.0,94.0,130.0
7,265,10.0,329.0,59.0,20.0
6,58,17.0,389.0,31.0,233.0
2,236,11.0,111.0,51.0,101.0
4,295,21.0,21.0,59.0,355.0
4,244,20.0,231.0,49.0,242.0
2,251,8.0,127.0,27.0,316.0
2,197,17.0,380.0,78.0,159.0
4,68,5.0,370.0,23.0,165.0
1,381,13.0,194.0,65.0,321.0
6,105,12.0,234.0,47.0,151.0
4,147,7.0,349.0,18.0,387.0
6,319,4.0,384.0,78.0,301.0
3,243,11.0,327.0,23.0,396.0
7,316,5.0,113.0,94.0,395.0
1,346,17.0,397.0,81.0,156.0
1,377,12.0,232.0,37.0,345.0
7,214,13.0,164.0,45.0,33.0
1,75,16.0,20.0,108.0,39.0
1,150,6.0,273.0,30.0,365.0
5,19,14.0,100.0,27.0,212.0
1,40,7.0,374.0,118.0,44.0
3,257,9.0,93.0,68.0,27.0
6,398,11.0,78.0,33.0,131.0
1,334,11.0,176.0,41.0,129.0
1,231,19.0,307.0,100.0,169.0
1,287,13.0,132.0,22.0,224.0
7,22,22.0,268.0,73.0,101.0
4,26,9.0,40.0,115.0,193.0
3,375,15.0,324.0,25.0,232.0
1,372,17.0,139.0,74.0,62.0
3,191,6.0,197.0,113.0,81.0
3,136,22.0,29.0,92.0,269.0
5,67,13.0,353.0,120.0,140.0
2,190,10.0,296.0,60.0,343.0
6,213,8.0,245.0,42.0,336.0
7,68,21.0,26.0,26.0,136.0
3,349,23.0,208.0,121.0,274.0
2,114,7.0,97.0,17.0,188.0
1,35,17.0,216.0,127.0,254.0
7,328,20.0,260.0,117.0,345.0
5,336,7.0,253.0,47.0,50.0
3,240,17.0,82.0,102.0,57.0
1,273,15.0,236.0,21.0,326.0
1,56,5.0,97.0,69.0,95.0
6,388,7.0,37.0,63.0,326.0
6,90,10.0,14.0,112.0,396.0
5,51,16.0,187.0,45.0,161.0
4,343,4.0,352.0,82.0,53.0
3,321,5.0,145.0,126.0,114.0
4,107,21.0,126.0,78.0,192.0
7,79,17.0,105.0,100.0,114.0
3,216,4.0,73.0,80.0,149.0
2,65,10.0,373.0,71.0,171.0
7,136,5.0,351.0,29.0,67.0
4,178,4.0,330.0,103.0,187.0
3,155,22.0,197.0,40.0,118.0
4,29,19.0,394.0,113.0,90.0
3,362,12.0,322.0,69.0,352.0
2,330,16.0,20.0,60.0,383.0
2,99,8.0,139.0,121.0,302.0
2,361,10.0,369.0,90.0,207.0
7,211,11.0,290.0,94.0,177.0
7,208,19.0,126.0,91.0,302.0
4,299,18.0,180.0,31.0,47.0
1,251,16.0,273.0,105.0,162.0
2,383,5.0,198.0,111.0,22.0
4,69,7.0,59.0,52.0,267.0
3,10,11.0,199.0,24.0,397.0
4,352,7.0,350.0,59.0,150.0
5,223,12.0,107.0,97.0,266.0
1,355,14.0,388.0,80.0,230.0
2,322,19.0,145.0,76.0,353.0
2,372,22.0,251.0,99.0,206.0
5,38,16.0,230.0,62.0,325.0
6,244,16.0,132.0,67.0,351.0
3,137,10.0,284.0,104.0,108.0
5,94,17.0,115.0,97.0,94.0
2,36,12.0,382.0,68.0,211.0
4,370,11.0,396.0,23.0,236.0
4,266,9.0,195.0,69.0,156.0
7,315,11.0,124.0,115.0,275.0
4,93,22.0,92.0,28.0,249.0
4,87,4.0,293.0,34.0,253.0
4,289,22.0,151.0,85.0,190.0
5,252,9.0,379.0,46.0,241.0
7,357,7.0,143.0,99.0,76.0
5,160,19.0,228.0,23.0,28.0
5,57,16.0,50.0,46.0,320.0
1,371,23.0,275.0,66.0,84.0
2,87,23.0,160.0,86.0,218.0
3,234,8.0,353.0,56.0,343.0
5,321,9.0,192.0,92.0,40.0
1,355,21.0,221.0,20.0,195.0
1,362,19.0,81.0,104.0,54.0
3,368,19.0,389.0,44.0,280.0
7,280,19.0,108.0,34.0,44.0
4,297,17.0,204.0,65.0,327.0
7,320,22.0,231.0,30.0,56.0
5,173,17.0,303.0,86.0,117.0
4,223,22.0,361.0,123.0,317.0
7,116,15.0,194.0,54.0,228.0
4,89,10.0,318.0,126.0,381.0
3,329,12.0,138.0,20.0,399.0
2,94,5.0,215.0,57.0,169.0
5,391,23.0,164.0,68.0,316.0
4,253,15.0,395.0,116.0,188.0
3,222,18.0,399.0,100.0,173.0
1,102,18.0,223.0,61.0,255.0
7,204,14.0,139.0,67.0,291.0
2,185,14.0,217.0,44.0,357.0
6,232,20.0,328.0,123.0,60.0
4,112,15.0,236.0,57.0,144.0
6,66,13.0,315.0,112.0,196.0
4,122,23.0,151.0,69.0,307.0
2,181,15.0,14.0,16.0,124.0
6,285,14.0,324.0,81.0,283.0
4,21,12.0,263.0,36.0,304.0
5,231,5.0,266.0,106.0,227.0
3,307,21.0,262.0,26.0,300.0
6,285,16.0,171.0,66.0,356.0
3,396,12.0,119.0,81.0,142.0
5,20,13.0,181.0,96.0,72.0
1,59,17.0,399.0,66.0,303.0
3,202,6.0,315.0,63.0,29.0
3,394,7.0,302.0,123.0,349.0
7,108,12.0,324.0,109.0,374.0
5,201,5.0,301.0,54.0,387.0
2,334,7.0,121.0,74.0,242.0
6,116,14.0,392.0,113.0,179.0
5,242,14.0,324.0,106.0,178.0
3,118,17.0,114.0,29.0,252.0
2,289,11.0,199.0,76.0,212.0
2,153,16.0,204.0,29.0,394.0
5,184,9.0,349.0,80.0,150.0
3,205,15.0,109.0,16.0,265.0
2,106,20.0,318.0,77.0,39.0
7,155,20.0,270.0,42.0,328.0
6,269,19.0,61.0,37.0,374.0
4,363,4.0,241.0,52.0,289.0
6,83,9.0,163.0,92.0,79.0
3,88,13.0,122.0,24.0,248.0
4,345,16.0,227.0,41.0,39.0
2,285,15.0,178.0,42.0,249.0
5,289,8.0,115.0,19.0,348.0
2,115,19.0,358.0,94.0,127.0
1,150,14.0,271.0,121.0,55.0
2,265,19.0,279.0,65.0,375.0
4,66,6.0,62.0,93.0,240.0
6,251,14.0,106.0,54.0,127.0
3,81,5.0,21.0,123.0,90.0
3,330,22.0,137.0,36.0,215.0
7,342,7.0,15.0,25.0,224.0
7,126,11.0,198.0,56.0,184.0
7,129,13.0,387.0,58.0,207.0
5,143,8.0,379.0,51.0,287.0
6,261,7.0,160.0,119.0,352.0
6,343,6.0,111.0,103.0,134.0
1,289,20.0,313.0,98.0,123.0
6,69,10.0,254.0,47.0,145.0
1,25,21.0,121.0,77.0,252.0
4,155,10.0,43.0,41.0,266.0
3,229,20.0,17.0,98.0,228.0
7,150,18.0,365.0,64.0,178.0
6,387,10.0,194.0,46.0,201.0
6,107,13.0,86.0,120.0,63.0
7,200,4.0,295.0,16.0,331.0
2,210,17.0,10.0,45.0,230.0
4,138,6.0,162.0,27.0,267.0
6,53,21.0,144.0,114.0,65.0
5,216,8.0,130.0,111.0,240.0
1,310,10.0,269.0,45.0,282.0
6,216,15.0,41.0,84.0,336.0
5,12,7.0,374.0,65.0,59.0
7,123,5.0,79.0,105.0,204.0
7,87,6.0,121.0,127.0,241.0
1,208,8.0,229.0,42.0,217.0
3,132,16.0,93.0,25.0,164.0
3,59,23.0,256.0,59.0,37.0
1,339,21.0,313.0,41.0,249.0
1,158,17.0,325.0,109.0,271.0
5,149,18.0,277.0,17.0,369.0
7,90,11.0,337.0,124.0,178.0
6,254,8.0,93.0,52.0,176.0
7,85,23.0,46.0,25.0,141.0
2,311,7.0,217.0,104.0,130.0
7,334,21.0,56.0,59.0,365.0
5,240,10.0,56.0,76.0,246.0
2,333,23.0,297.0,58.0,98.0
1,316,5.0,107.0,22.0,53.0
7,74,21.0,33.0,54.0,116.0
1,256,17.0,254.0,116.0,294.0
1,197,23.0,315.0,72.0,342.0
5,49,17.0,22.0,68.0,144.0
3,130,13.0,156.0,33.0,158.0
7,32,16.0,349.0,23.0,29.0
1,273,15.0,386.0,97.0,253.0
5,129,19.0,224.0,82.0,71.0
7,95,16.0,239.0,117.0,356.0
6,324,4.0,112.0,94.0,273.0
4,171,15.0,267.0,26.0,21.0
3,326,17.0,321.0,101.0,78.0
4,315,8.0,398.0,48.0,389.0
6,264,12.0,122.0,21.0,365.0
4,203,18.0,145.0,18.0,51.0
7,386,14.0,198.0,63.0,98.0
6,60,23.0,98.0,121.0,262.0
3,396,20.0,29.0,107.0,204.0
3,114,14.0,221.0,120.0,380.0
7,316,14.0,120.0,16.0,313.0
4,327,20.0,125.0,125.0,291.0
3,255,11.0,200.0,100.0,290.0
3,342,7.0,147.0,90.0,43.0
6,114,6.0,249.0,38.0,176.0
3,116,5.0,135.0,47.0,282.0
6,52,5.0,312.0,56.0,324.0
7,55,11.0,336.0,68.0,244.0
2,266,23.0,374.0,83.0,13.0
2,141,22.0,89.0,122.0,159.0
2,56,18.0,264.0,87.0,303.0
2,154,11.0,398.0,119.0,218.0
6,48,9.0,314.0,125.0,282.0
5,391,11.0,177.0,39.0,324.0
7,36,9.0,304.0,39.0,145.0
7,29,8.0,30.0,27.0,39.0
7,168,10.0,130.0,70.0,327.0
7,351,23.0,24.0,89.0,307.0
2,385,8.0,397.0,86.0,23.0
4,144,6.0,292.0,116.0,320.0
7,319,9.0,123.0,88.0,72.0
1,200,10.0,118.0,38.0,331.0
2,75,7.0,212.0,97.0,382.0
3,295,18.0,119.0,86.0,340.0
2,387,16.0,207.0,70.0,88.0
2,219,7.0,208.0,16.0,358.0
1,72,19.0,36.0,58.0,241.0
7,297,12.0,60.0,78.0,341.0
5,72,8.0,139.0,55.0,300.0
3,55,10.0,276.0,22.0,48.0
2,142,15.0,295.0,124.0,143.0
3,244,23.0,332.0,21.0,382.0
3,204,23.0,391.0,84.0,300.0
3,226,12.0,159.0,63.0,370.0
4,239,7.0,381.0,102.0,89.0
2,268,21.0,241.0,43.0,96.0
2,155,13.0,51.0,126.0,350.0
4,81,10.0,85.0,97.0,236.0
6,331,10.0,177.0,62.0,372.0
1,53,22.0,92.0,121.0,241.0
6,119,16.0,208.0,41.0,245.0
2,248,18.0,207.0,116.0,199.0
6,240,21.0,300.0,117.0,88.0
5,90,22.0,233.0,86.0,90.0
1,307,18.0,205.0,56.0,388.0
6,30,20.0,19.0,58.0,265.0
7,266,8.0,167.0,51.0,89.0
2,16,20.0,30.0,100.0,49.0
2,294,19.0,292.0,96.0,80.0
2,54,19.0,268.0,27.0,180.0
2,337,11.0,324.0,116.0,183.0
2,243,11.0,153.0,83.0,295.0
1,105,19.0,271.0,100.0,158.0
1,60,21.0,98.0,102.0,27.0
1,84,7.0,46.0,58.0,343.0
3,133,18.0,131.0,56.0,371.0
6,198,6.0,394.0,39.0,384.0
4,148,7.0,171.0,75.0,327.0
7,65,11.0,25.0,62.0,352.0
4,73,16.0,292.0,68.0,82.0
4,318,10.0,149.0,71.0,139.0
7,289,13.0,161.0,63.0,177.0
3,316,16.0,356.0,103.0,218.0
6,34,16.0,40.0,64.0,312.0
6,13,19.0,87.0,99.0,104.0
6,228,7.0,257.0,59.0,233.0
1,247,9.0,295.0,23.0,128.0
4,227,13.0,25.0,38.0,65.0
3,186,21.0,200.0,83.0,32.0
5,273,22.0,288.0,49.0,219.0
5,356,5.0,159.0,49.0,363.0
1,54,12.0,173.0,120.0,52.0
2,227,16.0,167.0,77.0,280.0
2,344,13.0,113.0,73.0,131.0
7,333,7.0,264.0,116.0,210.0
4,224,22.0,240.0,56.0,109.0
1,140,4.0,128.0,95.0,389.0
1,343,22.0,274.0,112.0,23.0
7,299,16.0,190.0,18.0,109.0
5,289,10.0,340.0,41.0,257.0
3,338,11.0,120.0,41.0,374.0
5,358,11.0,77.0,121.0,179.0
7,91,20.0,12.0,117.0,384.0
6,130,7.0,276.0,40.0,115.0
7,267,14.0,269.0,33.0,221.0
5,87,5.0,193.0,91.0,143.0
7,44,13.0,336.0,116.0,190.0
6,114,13.0,46.0,30.0,368.0
7,130,5.0,267.0,34.0,224.0
1,243,18.0,288.0,56.0,16.0
2,323,17.0,98.0,66.0,212.0
3,354,11.0,189.0,120.0,155.0
1,281,5.0,246.0,37.0,243.0
5,384,13.0,39.0,73.0,168.0
2,348,20.0,111.0,29.0,148.0
3,21,18.0,61.0,33.0,234.0
2,395,12.0,197.0,34.0,31.0
5,33,17.0,159.0,53.0,60.0
1,276,6.0,184.0,108.0,212.0
7,266,4.0,212.0,79.0,17.0
3,274,16.0,65.0,67.0,371.0
4,202,12.0,37.0,105.0,191.0
7,330,18.0,387.0,45.0,360.0
4,254,20.0,18.0,75.0,100.0
1,399,9.0,143.0,39.0,114.0
2,145,12.0,165.0,126.0,210.0
4,94,10.0,232.0,43.0,364.0
6,67,22.0,73.0,86.0,41.0
2,98,14.0,86.0,53.0,77.0
5,126,4.0,78.0,111.0,117.0
6,333,19.0,348.0,32.0,109.0
6,174,11.0,394.0,112.0,153.0
6,13,23.0,214.0,92.0,17.0
3,63,12.0,326.0,95.0,47.0
6,263,22.0,192.0,19.0,123.0
4,137,11.0,202.0,28.0,296.0
1,336,23.0,13.0,26.0,244.0
6,219,19.0,346.0,119.0,32.0
3,151,15.0,181.0,104.0,387.0
4,149,7.0,117.0,121.0,12.0
4,104,7.0,121.0,30.0,65.0
5,372,7.0,194.0,77.0,32.0
4,184,11.0,26.0,29.0,298.0
3,297,23.0,254.0,114.0,188.0
7,308,11.0,295.0,35.0,393.0
7,259,20.0,34.0,53.0,359.0
2,171,7.0,277.0,16.0,387.0
1,260,20.0,25.0,71.0,25.0
5,253,12.0,320.0,57.0,13.0
3,88,12.0,254.0,116.0,148.0
2,278,13.0,269.0,64.0,392.0
7,26,10.0,101.0,82.0,239.0
2,367,21.0,81.0,101.0,104.0
4,385,19.0,139.0,94.0,154.0
1,152,6.0,40.0,52.0,229.0
1,157,11.0,127.0,28.0,52.0
7,67,14.0,319.0,110.0,229.0
3,314,4.0,294.0,65.0,233.0
5,330,18.0,267.0,69.0,195.0
6,56,13.0,47.0,115.0,220.0
6,299,13.0,251.0,37.0,152.0
3,334,12.0,392.0,113.0,310.0
5,223,21.0,78.0,49.0,102.0
5,394,16.0,118.0,82.0,372.0
7,374,17.0,289.0,64.0,87.0
7,14,4.0,301.0,56.0,385.0
7,95,16.0,216.0,41.0,293.0
5,170,9.0,279.0,99.0,248.0
6,354,10.0,76.0,111.0,313.0
6,293,10.0,313.0,41.0,354.0
1,269,20.0,383.0,72.0,385.0
5,253,7.0,378.0,16.0,38.0
4,118,20.0,98.0,119.0,199.0
5,88,19.0,281.0,29.0,336.0
2,92,17.0,178.0,82.0,88.0
1,330,6.0,280.0,122.0,159.0
1,375,6.0,236.0,44.0,155.0
7,102,10.0,195.0,110.0,196.0
5,164,20.0,45.0,50.0,99.0
7,346,14.0,11.0,109.0,363.0
1,107,6.0,367.0,101.0,274.0
2,301,19.0,242.0,27.0,334.0
4,397,18.0,182.0,98.0,293.0
5,72,20.0,72.0,71.0,308.0
6,155,14.0,266.0,23.0,343.0
1,358,19.0,210.0,30.0,296.0
2,17,9.0,261.0,55.0,192.0
7,192,16.0,352.0,53.0,269.0
5,329,5.0,51.0,47.0,68.0
3,382,12.0,244.0,109.0,14.0
6,285,5.0,323.0,45.0,189.0
7,192,15.0,36.0,101.0,235.0
4,240,5.0,346.0,96.0,130.0
5,334,22.0,122.0,67.0,38.0
2,121,19.0,291.0,26.0,331.0
7,390,16.0,54.0,98.0,37.0
2,188,8.0,221.0,40.0,319.0
7,71,9.0,319.0,116.0,149.0
7,285,18.0,398.0,112.0,82.0
6,217,12.0,31.0,80.0,165.0
1,92,14.0,275.0,84.0,358.0
1,183,8.0,291.0,85.0,276.0
3,389,10.0,54.0,106.0,375.0
7,337,16.0,243.0,77.0,236.0
7,370,21.0,31.0,76.0,141.0
7,55,15.0,60.0,42.0,219.0
7,253,20.0,358.0,21.0,57.0
2,369,12.0,259.0,84.0,271.0
2,24,7.0,200.0,96.0,67.0
3,395,13.0,115.0,83.0,275.0
5,221,20.0,149.0,95.0,147.0
4,29,7.0,161.0,108.0,33.0
4,127,20.0,173.0,93.0,63.0
4,309,18.0,250.0,76.0,87.0
7,184,10.0,225.0,23.0,233.0
7,320,22.0,130.0,47.0,193.0
6,334,5.0,238.0,74.0,38.0
5,90,6.0,138.0,119.0,283.0
7,273,13.0,265.0,124.0,288.0
7,53,17.0,394.0,31.0,81.0
7,337,15.0,44.0,27.0,277.0
5,74,11.0,300.0,87.0,64.0
1,280,8.0,115.0,117.0,358.0
6,337,8.0,271.0,41.0,347.0
2,54,20.0,328.0,113.0,281.0
1,218,21.0,235.0,76.0,124.0
1,305,16.0,287.0,33.0,102.0
1,198,12.0,366.0,84.0,71.0
6,345,4.0,314.0,99.0,285.0
5,252,6.0,23.0,123.0,56.0
3,73,15.0,364.0,88.0,319.0
5,397,6.0,201.0,35.0,104.0
3,189,20.0,116.0,29.0,364.0
6,240,20.0,175.0,83.0,103.0
6,37,8.0,171.0,22.0,282.0
7,255,6.0,247.0,119.0,376.0
5,30,5.0,345.0,109.0,116.0
4,362,21.0,275.0,42.0,177.0
4,145,8.0,196.0,97.0,87.0
1,116,18.0,324.0,116.0,39.0
1,197,14.0,193.0,96.0,219.0
6,18,11.0,336.0,45.0,378.0
4,91,12.0,368.0,45.0,102.0
1,125,20.0,179.0,25.0,130.0
7,359,4.0,333.0,105.0,276.0
6,111,4.0,115.0,76.0,176.0
3,332,16.0,391.0,51.0,79.0
2,337,12.0,198.0,122.0,115.0
5,321,18.0,30.0,85.0,223.0
4,340,13.0,190.0,74.0,250.0
6,202,22.0,227.0,104.0,47.0
6,154,11.0,127.0,31.0,331.0
7,138,4.0,139.0,84.0,158.0
3,399,12.0,92.0,75.0,99.0
1,223,18.0,151.0,116.0,129.0
2,273,7.0,399.0,89.0,105.0
4,331,20.0,337.0,92.0,75.0
5,170,22.0,21.0,37.0,229.0
5,152,20.0,380.0,26.0,116.0
5,109,12.0,269.0,26.0,120.0
3,390,5.0,236.0,19.0,184.0
6,199,18.0,281.0,45.0,111.0
7,215,20.0,359.0,22.0,12.0
3,134,13.0,371.0,91.0,344.0
4,275,15.0,69.0,99.0,297.0
6,309,6.0,28.0,110.0,212.0
3,288,4.0,100.0,85.0,225.0
6,223,6.0,390.0,20.0,25.0
6,384,14.0,15.0,67.0,86.0
2,381,20.0,375.0,119.0,299.0
4,24,12.0,142.0,101.0,258.0
5,190,9.0,151.0,108.0,315.0
7,201,7.0,105.0,19.0,339.0
5,148,4.0,242.0,78.0,258.0
2,100,4.0,65.0,77.0,53.0
4,266,14.0,181.0,121.0,361.0
2,293,9.0,308.0,112.0,20.0
7,37,11.0,287.0,19.0,80.0
3,201,11.0,387.0,44.0,323.0
4,122,18.0,84.0,114.0,318.0
7,268,19.0,226.0,66.0,305.0
5,220,18.0,141.0,76.0,158.0
6,327,19.0,340.0,39.0,33.0
4,212,23.0,171.0,41.0,310.0
3,165,17.0,77.0,123.0,211.0
1,365,17.0,132.0,26.0,33.0
4,317,10.0,275.0,27.0,90.0
4,29,17.0,31.0,86.0,303.0
5,166,14.0,253.0,91.0,333.0
1,71,7.0,359.0,36.0,107.0
4,182,4.0,141.0,52.0,32.0
5,220,18.0,264.0,36.0,38.0
5,235,15.0,363.0,114.0,311.0
6,310,22.0,322.0,55.0,352.0
4,200,15.0,172.0,43.0,37.0
2,11,8.0,350.0,38.0,31.0
3,208,11.0,197.0,39.0,323.0
6,118,9.0,89.0,77.0,198.0
6,346,6.0,189.0,121.0,352.0
2,398,6.0,279.0,119.0,47.0
2,371,5.0,45.0,61.0,139.0
2,116,19.0,287.0,51.0,301.0
5,195,23.0,355.0,90.0,318.0
3,269,17.0,272.0,121.0,324.0
7,358,13.0,217.0,26.0,291.0
2,379,19.0,260.0,118.0,172.0
6,281,21.0,175.0,26.0,115.0
2,227,17.0,48.0,104.0,226.0
1,385,21.0,92.0,125.0,105.0
4,30,7.0,86.0,100.0,237.0
3,213,9.0,30.0,104.0,359.0
7,165,19.0,260.0,57.0,364.0
2,369,13.0,208.0,100.0,145.0
3,343,10.0,11.0,46.0,295.0
5,48,8.0,271.0,42.0,300.0
2,79,9.0,197.0,75.0,355.0
5,172,19.0,199.0,123.0,208.0
2,54,7.0,101.0,59.0,163.0
6,379,6.0,178.0,125.0,10.0
7,124,6.0,61.0,111.0,375.0
5,363,8.0,228.0,65.0,192.0
6,332,18.0,313.0,46.0,230.0
5,128,17.0,332.0,111.0,90.0
4,342,22.0,336.0,26.0,350.0
5,216,7.0,266.0,92.0,399.0
3,196,16.0,386.0,118.0,396.0
4,339,23.0,382.0,97.0,314.0
5,364,14.0,54.0,27.0,138.0
3,77,13.0,299.0,115.0,256.0
4,87,11.0,233.0,38.0,293.0
7,299,8.0,294.0,124.0,341.0
6,114,23.0,45.0,111.0,367.0
6,377,4.0,12.0,49.0,243.0
1,36,14.0,260.0,95.0,294.0
6,290,10.0,205.0,114.0,186.0
4,122,12.0,251.0,58.0,273.0
1,324,6.0,55.0,55.0,200.0
1,158,7.0,22.0,60.0,97.0
5,249,5.0,52.0,87.0,344.0
3,247,18.0,215.0,60.0,169.0
1,115,4.0,364.0,32.0,147.0
5,280,4.0,225.0,35.0,73.0
7,229,15.0,189.0,76.0,256.0
2,48,16.0,386.0,38.0,274.0
5,129,21.0,270.0,27.0,125.0
6,103,6.0,386.0,93.0,221.0
4,90,20.0,342.0,120.0,317.0
3,326,15.0,194.0,61.0,204.0
5,312,15.0,34.0,42.0,44.0
6,291,23.0,390.0,103.0,250.0
5,241,21.0,316.0,63.0,144.0
7,290,17.0,104.0,28.0,318.0
1,79,8.0,147.0,73.0,16.0
6,107,15.0,354.0,67.0,16.0
1,94,18.0,181.0,109.0,130.0
1,31,16.0,184.0,124.0,46.0
3,179,17.0,376.0,36.0,311.0
1,173,6.0,220.0,36.0,363.0
5,65,10.0,332.0,87.0,61.0
2,161,9.0,62.0,92.0,147.0
7,286,7.0,217.0,51.0,25.0
1,380,4.0,66.0,49.0,209.0
4,267,6.0,259.0,83.0,166.0
1,23,10.0,130.0,84.0,210.0
4,327,21.0,347.0,91.0,51.0
6,151,11.0,42.0,57.0,268.0
4,25,7.0,363.0,74.0,346.0
3,375,16.0,232.0,91.0,346.0
1,191,23.0,48.0,85.0,297.0
2,225,10.0,115.0,26.0,304.0
6,228,20.0,378.0,47.0,113.0
4,372,18.0,163.0,73.0,380.0
2,327,4.0,158.0,42.0,31.0
7,275,11.0,182.0,77.0,368.0
4,339,20.0,330.0,96.0,242.0
1,359,6.0,321.0,21.0,346.0
5,173,20.0,261.0,45.0,195.0
1,395,7.0,376.0,34.0,107.0
4,179,9.0,287.0,43.0,189.0
2,45,12.0,264.0,22.0,95.0
2,64,8.0,36.0,29.0,60.0
7,352,8.0,10.0,77.0,220.0
6,334,18.0,57.0,125.0,360.0
7,98,15.0,75.0,64.0,173.0
2,362,17.0,252.0,22.0,261.0
3,200,11.0,256.0,57.0,330.0
6,379,14.0,85.0,43.0,349.0
7,40,12.0,341.0,43.0,259.0
6,157,4.0,43.0,98.0,65.0
6,68,7.0,332.0,90.0,199.0
3,113,5.0,321.0,105.0,393.0
1,258,16.0,315.0,111.0,217.0
4,47,7.0,53.0,89.0,69.0
5,262,10.0,209.0,47.0,289.0
7,127,12.0,350.0,127.0,300.0
6,301,16.0,398.0,32.0,313.0
4,342,7.0,140.0,91.0,139.0
7,212,7.0,273.0,23.0,118.0
4,126,10.0,71.0,27.0,124.0
6,347,22.0,184.0,49.0,322.0
1,240,19.0,245.0,101.0,224.0
2,267,9.0,152.0,83.0,97.0
2,12,11.0,13.0,74.0,122.0
2,257,6.0,295.0,120.0,72.0
3,53,20.0,139.0,16.0,380.0
1,96,16.0,122.0,80.0,364.0
2,184,8.0,148.0,74.0,153.0
1,223,19.0,301.0,96.0,293.0
7,93,15.0,90.0,106.0,249.0
7,315,23.0,135.0,95.0,171.0
3,35,21.0,348.0,111.0,33.0
4,21,18.0,343.0,50.0,96.0
6,89,12.0,185.0,36.0,59.0
5,303,8.0,273.0,23.0,12.0
6,221,22.0,21.0,49.0,86.0
3,40,12.0,91.0,36.0,307.0
7,311,4.0,56.0,125.0,335.0
1,172,15.0,169.0,22.0,121.0
3,184,19.0,361.0,40.0,326.0
5,91,8.0,175.0,39.0,58.0
3,391,7.0,373.0,51.0,392.0
1,353,10.0,138.0,59.0,378.0
2,240,17.0,329.0,53.0,81.0
1,252,9.0,396.0,106.0,297.0
4,201,16.0,121.0,63.0,66.0
7,147,14.0,254.0,118.0,53.0
2,300,20.0,366.0,102.0,321.0
2,170,19.0,178.0,43.0,160.0
1,179,6.0,46.0,44.0,360.0
7,131,23.0,109.0,120.0,49.0
7,120,10.0,95.0,117.0,327.0
2,141,10.0,367.0,82.0,85.0
4,55,13.0,197.0,29.0,398.0
1,164,14.0,345.0,91.0,90.0
4,214,15.0,327.0,26.0,306.0
4,72,14.0,119.0,55.0,269.0
5,297,5.0,127.0,111.0,164.0
1,81,4.0,176.0,23.0,234.0
3,177,7.0,36.0,95.0,361.0
5,91,20.0,279.0,21.0,179.0
2,166,23.0,18.0,125.0,83.0
4,284,16.0,267.0,111.0,398.0
4,118,5.0,334.0,110.0,351.0
6,211,5.0,10.0,38.0,89.0
5,306,23.0,394.0,48.0,33.0
5,73,8.0,314.0,104.0,65.0
3,61,14.0,273.0,37.0,20.0
7,329,11.0,230.0,89.0,279.0
7,145,8.0,231.0,102.0,330.0
5,394,14.0,346.0,18.0,190.0
1,197,8.0,218.0,31.0,96.0
6,347,22.0,145.0,17.0,182.0
6,332,12.0,219.0,106.0,351.0
2,357,11.0,176.0,110.0,141.0
6,245,19.0,349.0,40.0,45.0
2,234,12.0,113.0,126.0,37.0
3,208,11.0,137.0,18.0,110.0
7,231,18.0,330.0,71.0,46.0
7,141,19.0,383.0,96.0,54.0
5,315,8.0,326.0,96.0,389.0
5,381,20.0,23.0,62.0,163.0
5,313,18.0,191.0,121.0,218.0
6,137,9.0,279.0,85.0,75.0
3,166,18.0,288.0,16.0,155.0
1,161,13.0,335.0,47.0,276.0
4,395,11.0,351.0,17.0,338.0
4,87,8.0,114.0,18.0,389.0
4,361,18.0,345.0,79.0,161.0
2,57,7.0,161.0,22.0,182.0
6,264,13.0,35.0,24.0,293.0
3,312,11.0,87.0,28.0,276.0
5,271,23.0,77.0,122.0,382.0
1,359,5.0,338.0,77.0,172.0
6,340,20.0,188.0,54.0,149.0
1,39,11.0,320.0,116.0,308.0
3,142,23.0,393.0,112.0,175.0
6,65,8.0,301.0,28.0,121.0
6,256,15.0,371.0,22.0,192.0
4,397,23.0,194.0,40.0,35.0
4,31,10.0,225.0,51.0,322.0
5,280,11.0,194.0,112.0,290.0
2,337,5.0,73.0,115.0,319.0
6,84,4.0,363.0,106.0,255.0
6,183,9.0,374.0,103.0,320.0
6,137,23.0,38.0,63.0,234.0
2,352,23.0,260.0,45.0,45.0
6,260,8.0,147.0,57.0,383.0
4,97,7.0,365.0,61.0,376.0
4,29,14.0,331.0,16.0,304.0
7,347,6.0,291.0,116.0,292.0
1,91,8.0,153.0,125.0,320.0
3,384,18.0,88.0,124.0,294.0
3,135,13.0,210.0,114.0,185.0
7,369,16.0,85.0,35.0,332.0
3,322,9.0,312.0,77.0,241.0
4,386,23.0,124.0,45.0,62.0
1,353,11.0,350.0,113.0,95.0
3,251,15.0,49.0,65.0,269.0
2,15,21.0,299.0,78.0,378.0
3,39,20.0,238.0,120.0,73.0
1,33,9.0,218.0,87.0,138.0
3,345,19.0,304.0,75.0,310.0
4,155,19.0,335.0,61.0,354.0
2,285,7.0,127.0,30.0,266.0
7,168,14.0,272.0,73.0,215.0
6,88,21.0,303.0,57.0,148.0
1,345,7.0,385.0,60.0,327.0
7,199,17.0,225.0,107.0,278.0
4,66,10.0,336.0,120.0,14.0
5,284,17.0,276.0,94.0,391.0
6,253,20.0,366.0,41.0,78.0
1,83,4.0,183.0,105.0,60.0
7,286,16.0,52.0,58.0,34.0
1,22,5.0,230.0,119.0,304.0
3,248,20.0,67.0,103.0,170.0
2,48,20.0,382.0,72.0,233.0
7,230,10.0,208.0,40.0,298.0
4,41,6.0,273.0,87.0,20.0
1,59,11.0,189.0,53.0,324.0
1,226,15.0,316.0,118.0,163.0
5,98,15.0,106.0,44.0,19.0
5,78,8.0,112.0,116.0,310.0
6,14,15.0,292.0,93.0,91.0
6,29,10.0,173.0,99.0,357.0
7,227,15.0,264.0,59.0,323.0
7,166,9.0,262.0,35.0,354.0
6,64,17.0,116.0,19.0,57.0
5,343,19.0,250.0,103.0,389.0
1,309,7.0,219.0,74.0,317.0
4,24,16.0,48.0,108.0,328.0
5,116,17.0,204.0,116.0,41.0
6,199,4.0,378.0,127.0,303.0
1,380,21.0,228.0,99.0,286.0
3,296,6.0,314.0,61.0,88.0
7,216,16.0,14.0,115.0,337.0
3,362,18.0,318.0,120.0,142.0
5,235,5.0,61.0,111.0,148.0
3,359,13.0,54.0,19.0,147.0
2,247,17.0,273.0,43.0,26.0
4,299,15.0,234.0,100.0,351.0
4,25,13.0,199.0,28.0,258.0
2,20,6.0,278.0,80.0,39.0
4,392,17.0,259.0,44.0,158.0
5,275,21.0,379.0,27.0,10.0
7,377,8.0,340.0,83.0,149.0
1,253,19.0,150.0,26.0,22.0
3,315,8.0,131.0,78.0,139.0
6,137,16.0,64.0,58.0,199.0
6,91,18.0,38.0,43.0,169.0
6,22,8.0,294.0,42.0,182.0
5,227,7.0,276.0,26.0,147.0
4,52,15.0,303.0,126.0,83.0
2,320,9.0,92.0,17.0,360.0
7,108,16.0,46.0,86.0,362.0
2,119,13.0,163.0,122.0,203.0
2,219,20.0,282.0,112.0,338.0
1,194,7.0,334.0,72.0,125.0
5,194,9.0,281.0,46.0,381.0
7,215,5.0,213.0,39.0,178.0
5,397,21.0,173.0,119.0,338.0
3,222,11.0,93.0,45.0,161.0
1,235,15.0,92.0,92.0,166.0
5,14,9.0,263.0,100.0,254.0
7,162,22.0,76.0,67.0,286.0
3,40,14.0,259.0,24.0,173.0
7,188,16.0,158.0,127.0,381.0
7,235,15.0,293.0,68.0,192.0
2,90,23.0,322.0,18.0,182.0
2,137,20.0,248.0,19.0,354.0
7,369,11.0,314.0,106.0,72.0
1,64,9.0,121.0,71.0,205.0
5,110,21.0,14.0,93.0,67.0
3,120,10.0,286.0,123.0,297.0
6,186,13.0,233.0,104.0,11.0
4,57,8.0,40.0,61.0,332.0
7,86,8.0,81.0,88.0,208.0
7,273,16.0,339.0,102.0,381.0
6,234,7.0,265.0,77.0,301.0
1,348,7.0,374.0,17.0,184.0
6,143,20.0,203.0,71.0,85.0
7,211,6.0,38.0,83.0,42.0
6,253,19.0,268.0,20.0,319.0
4,23,12.0,225.0,50.0,332.0
7,252,10.0,309.0,56.0,170.0
2,59,5.0,394.0,68.0,214.0
5,357,21.0,266.0,51.0,351.0
2,31,15.0,382.0,18.0,117.0
5,264,19.0,251.0,52.0,93.0
4,77,5.0,328.0,67.0,31.0
4,114,13.0,182.0,98.0,216.0
5,246,16.0,268.0,85.0,20.0
4,125,10.0,37.0,66.0,351.0
6,322,11.0,113.0,88.0,217.0
3,350,9.0,171.0,73.0,26.0
5,385,16.0,246.0,77.0,156.0
1,369,10.0,54.0,102.0,331.0
4,134,20.0,93.0,83.0,199.0
6,349,20.0,103.0,53.0,339.0
7,224,21.0,305.0,96.0,143.0
5,189,22.0,198.0,27.0,89.0
5,224,10.0,72.0,121.0,113.0
1,188,12.0,150.0,102.0,177.0
3,86,22.0,331.0,47.0,204.0
3,347,4.0,228.0,74.0,272.0
3,42,14.0,395.0,20.0,293.0
6,390,5.0,278.0,36.0,66.0
4,134,23.0,229.0,100.0,366.0
7,227,6.0,237.0,17.0,180.0
6,386,23.0,30.0,89.0,210.0
6,265,23.0,11.0,55.0,390.0
7,305,15.0,335.0,34.0,23.0
6,116,22.0,141.0,67.0,61.0
1,358,5.0,149.0,53.0,335.0
3,130,12.0,186.0,84.0,73.0
3,129,11.0,370.0,95.0,246.0
6,106,22.0,259.0,27.0,338.0
1,36,9.0,147.0,26.0,325.0
4,61,17.0,348.0,107.0,127.0
6,165,5.0,47.0,98.0,188.0
2,106,12.0,378.0,118.0,94.0
4,299,22.0,226.0,51.0,215.0
7,317,13.0,161.0,30.0,231.0
6,11,14.0,305.0,24.0,150.0
2,183,14.0,196.0,61.0,384.0
4,30,11.0,36.0,83.0,62.0
7,122,5.0,371.0,124.0,20.0
5,159,10.0,261.0,65.0,398.0
3,20,13.0,356.0,35.0,286.0
5,305,7.0,38.0,23.0,143.0
2,53,10.0,234.0,127.0,65.0
4,130,11.0,298.0,72.0,275.0
6,238,7.0,132.0,27.0,129.0
7,67,10.0,95.0,108.0,392.0
7,202,16.0,60.0,103.0,280.0
5,261,12.0,285.0,39.0,242.0
5,216,17.0,250.0,107.0,358.0
7,335,21.0,246.0,107.0,20.0
7,228,7.0,261.0,111.0,78.0
2,28,11.0,279.0,115.0,327.0
4,328,9.0,54.0,34.0,325.0
6,95,19.0,235.0,116.0,192.0
6,397,6.0,174.0,125.0,170.0
6,236,22.0,321.0,91.0,162.0
2,398,8.0,49.0,28.0,227.0
3,355,20.0,108.0,64.0,270.0
1,142,8.0,160.0,108.0,356.0
3,302,11.0,318.0,94.0,61.0
3,30,22.0,181.0,17.0,230.0
6,243,15.0,327.0,101.0,41.0
4,100,16.0,300.0,110.0,335.0
2,81,22.0,51.0,104.0,116.0
2,171,15.0,363.0,37.0,41.0
6,188,4.0,113.0,54.0,222.0
1,324,17.0,60.0,119.0,334.0
7,43,7.0,246.0,92.0,327.0
6,230,14.0,369.0,99.0,32.0
7,369,22.0,150.0,73.0,52.0
1,298,12.0,41.0,16.0,264.0
7,112,5.0,177.0,108.0,242.0
5,203,17.0,32.0,61.0,332.0
2,112,5.0,370.0,18.0,148.0
6,325,15.0,74.0,62.0,259.0
7,162,16.0,286.0,78.0,47.0
1,211,8.0,18.0,118.0,74.0
4,87,19.0,228.0,89.0,326.0
6,206,21.0,158.0,61.0,269.0
5,327,7.0,26.0,44.0,88.0
5,23,8.0,288.0,59.0,12.0
6,264,19.0,311.0,74.0,386.0
5,308,11.0,285.0,68.0,399.0
5,380,15.0,297.0,62.0,380.0
4,111,11.0,92.0,16.0,260.0
3,314,4.0,116.0,37.0,160.0
1,162,17.0,127.0,53.0,309.0
6,119,9.0,45.0,61.0,114.0
1,67,10.0,278.0,69.0,324.0
2,291,5.0,133.0,108.0,126.0
2,62,10.0,308.0,59.0,16.0
3,188,11.0,343.0,76.0,316.0
4,145,9.0,160.0,17.0,41.0
3,288,17.0,264.0,87.0,362.0
1,372,7.0,347.0,111.0,226.0
6,138,16.0,238.0,22.0,387.0
3,51,13.0,177.0,17.0,325.0
4,86,13.0,255.0,60.0,388.0
7,152,5.0,118.0,61.0,122.0
5,304,12.0,108.0,24.0,143.0
5,16,6.0,319.0,80.0,34.0
7,383,19.0,373.0,49.0,175.0
5,104,15.0,13.0,61.0,18.0
4,367,13.0,289.0,28.0,285.0
5,351,6.0,182.0,74.0,159.0
1,95,9.0,95.0,80.0,69.0
6,334,8.0,347.0,73.0,103.0
1,197,4.0,169.0,96.0,94.0
7,192,15.0,229.0,48.0,125.0
7,44,16.0,79.0,51.0,16.0
4,253,18.0,140.0,121.0,212.0
6,237,15.0,25.0,120.0,383.0
6,226,23.0,346.0,80.0,143.0
7,72,13.0,130.0,63.0,272.0
5,17,20.0,38.0,70.0,29.0
3,379,7.0,72.0,34.0,36.0
5,235,11.0,272.0,24.0,241.0
1,398,19.0,230.0,106.0,366.0
3,27,13.0,87.0,127.0,24.0
6,49,15.0,30.0,92.0,37.0
1,391,6.0,289.0,121.0,239.0
2,128,14.0,353.0,49.0,341.0
6,300,7.0,230.0,18.0,78.0
7,27,15.0,78.0,73.0,300.0
5,396,10.0,209.0,47.0,310.0
2,310,19.0,218.0,44.0,319.0
3,103,19.0,322.0,91.0,288.0
2,84,7.0,19.0,17.0,44.0
6,56,14.0,216.0,120.0,335.0
6,326,14.0,78.0,78.0,128.0
6,157,18.0,314.0,32.0,131.0
2,109,23.0,23.0,108.0,308.0
3,167,22.0,189.0,36.0,124.0
3,66,20.0,39.0,23.0,375.0
7,216,19.0,184.0,72.0,238.0
4,87,13.0,128.0,55.0,310.0
1,227,20.0,379.0,53.0,252.0
1,270,16.0,179.0,64.0,94.0
5,141,9.0,259.0,73.0,58.0
6,324,18.0,90.0,31.0,96.0
3,301,4.0,220.0,94.0,286.0
5,113,12.0,58.0,23.0,237.0
6,301,20.0,284.0,51.0,386.0
7,372,20.0,257.0,90.0,261.0
3,238,9.0,110.0,52.0,340.0
1,347,5.0,385.0,72.0,19.0
5,293,16.0,180.0,36.0,286.0
5,271,7.0,280.0,74.0,323.0
3,218,11.0,394.0,35.0,398.0
2,138,14.0,13.0,97.0,240.0
4,331,22.0,33.0,58.0,35.0
7,285,20.0,373.0,99.0,209.0
5,366,13.0,299.0,37.0,251.0
2,360,4.0,347.0,102.0,338.0
1,316,8.0,213.0,120.0,96.0
5,128,11.0,63.0,64.0,250.0
6,326,10.0,183.0,127.0,226.0
4,145,17.0,382.0,115.0,286.0
6,354,13.0,393.0,46.0,167.0
1,281,10.0,131.0,114.0,31.0
1,235,7.0,22.0,101.0,65.0
5,183,6.0,210.0,127.0,72.0
7,154,11.0,328.0,37.0,319.0
4,65,21.0,397.0,55.0,264.0
7,88,15.0,249.0,81.0,288.0
5,90,16.0,35.0,57.0,197.0
1,243,21.0,278.0,37.0,168.0
6,74,18.0,271.0,38.0,133.0
1,317,8.0,134.0,100.0,143.0
4,99,15.0,178.0,50.0,73.0
5,129,20.0,285.0,24.0,267.0
6,270,13.0,181.0,21.0,130.0
3,237,23.0,194.0,40.0,187.0
4,245,12.0,346.0,86.0,260.0
1,198,15.0,163.0,108.0,202.0
1,30,21.0,309.0,21.0,297.0
2,73,15.0,394.0,119.0,264.0
4,69,17.0,334.0,75.0,264.0
7,167,15.0,87.0,47.0,161.0
2,114,5.0,108.0,61.0,279.0
1,314,23.0,106.0,60.0,227.0
3,368,11.0,179.0,107.0,191.0
2,33,22.0,186.0,114.0,244.0
7,11,6.0,376.0,69.0,49.0
6,43,4.0,183.0,68.0,157.0
6,288,4.0,55.0,19.0,370.0
2,136,6.0,58.0,49.0,359.0
1,206,10.0,311.0,64.0,186.0
1,131,20.0,90.0,88.0,298.0
3,294,10.0,302.0,86.0,397.0
3,368,14.0,231.0,24.0,252.0
2,59,20.0,205.0,112.0,274.0
5,52,20.0,388.0,62.0,331.0
7,72,5.0,41.0,60.0,223.0
4,74,17.0,159.0,127.0,111.0
1,249,16.0,286.0,81.0,328.0
6,206,12.0,30.0,86.0,212.0
6,221,23.0,211.0,101.0,375.0
3,135,21.0,309.0,72.0,102.0
6,330,21.0,303.0,57.0,241.0
5,208,22.0,77.0,123.0,242.0
1,320,10.0,235.0,52.0,133.0
3,35,11.0,197.0,112.0,179.0
2,383,18.0,21.0,80.0,12.0
6,310,16.0,248.0,111.0,239.0
2,379,13.0,110.0,23.0,386.0
2,29,20.0,206.0,60.0,269.0
5,236,4.0,237.0,93.0,130.0
3,281,18.0,254.0,89.0,307.0
1,310,8.0,217.0,52.0,75.0
6,380,10.0,250.0,52.0,18.0
4,38,13.0,243.0,23.0,385.0
6,142,5.0,176.0,86.0,228.0
5,226,20.0,54.0,45.0,149.0
4,223,22.0,320.0,24.0,270.0
5,350,17.0,198.0,99.0,236.0
2,272,18.0,81.0,77.0,278.0
2,176,19.0,215.0,76.0,105.0
2,293,12.0,360.0,93.0,254.0
1,192,21.0,350.0,44.0,293.0
4,397,7.0,385.0,107.0,277.0
7,327,17.0,373.0,36.0,107.0
7,171,6.0,182.0,41.0,232.0
4,203,18.0,97.0,34.0,377.0
4,47,5.0,29.0,35.0,34.0
6,347,23.0,321.0,125.0,75.0
5,380,18.0,25.0,18.0,329.0
7,147,6.0,41.0,95.0,101.0
3,56,23.0,252.0,102.0,60.0
4,124,11.0,397.0,102.0,163.0
3,39,13.0,105.0,111.0,84.0
2,399,21.0,339.0,51.0,92.0
3,16,12.0,281.0,25.0,367.0
7,256,10.0,273.0,74.0,116.0
2,313,23.0,169.0,26.0,362.0
1,206,10.0,386.0,40.0,348.0
3,76,12.0,90.0,71.0,318.0
3,128,6.0,265.0,50.0,139.0
5,195,14.0,239.0,113.0,89.0
3,45,7.0,86.0,47.0,243.0
4,323,15.0,305.0,93.0,88.0
1,386,12.0,240.0,98.0,282.0
2,387,13.0,325.0,119.0,324.0
5,57,9.0,221.0,26.0,16.0
2,234,17.0,332.0,42.0,46.0
6,174,17.0,222.0,89.0,99.0
1,374,16.0,166.0,94.0,230.0
2,80,21.0,229.0,48.0,252.0
7,222,22.0,104.0,33.0,30.0
2,223,10.0,234.0,112.0,210.0
7,174,18.0,214.0,111.0,59.0
4,349,20.0,261.0,127.0,173.0
5,50,5.0,326.0,32.0,259.0
6,50,22.0,224.0,59.0,131.0
3,372,7.0,230.0,38.0,194.0
7,45,7.0,270.0,66.0,323.0
1,11,4.0,287.0,65.0,58.0
1,398,18.0,33.0,92.0,314.0
5,57,12.0,332.0,116.0,335.0
3,394,18.0,139.0,53.0,314.0
2,304,7.0,52.0,113.0,332.0
7,209,15.0,153.0,88.0,330.0
2,126,6.0,182.0,37.0,205.0
5,209,10.0,297.0,49.0,376.0
5,245,8.0,360.0,17.0,293.0
2,158,14.0,273.0,57.0,238.0
6,311,23.0,158.0,28.0,225.0
1,53,21.0,158.0,43.0,93.0
6,35,19.0,136.0,43.0,379.0
5,334,15.0,258.0,109.0,204.0
2,39,6.0,125.0,83.0,184.0
6,78,23.0,152.0,97.0,153.0
3,226,10.0,284.0,105.0,103.0
1,388,9.0,48.0,21.0,61.0
1,336,9.0,276.0,123.0,249.0
6,368,12.0,182.0,80.0,56.0
1,317,7.0,182.0,28.0,173.0
4,120,11.0,218.0,39.0,95.0
3,366,18.0,162.0,24.0,262.0
4,252,13.0,192.0,16.0,114.0
4,255,7.0,109.0,121.0,266.0
1,158,18.0,280.0,122.0,32.0
5,64,6.0,179.0,89.0,103.0
1,282,12.0,367.0,125.0,219.0
1,130,18.0,343.0,97.0,44.0
5,363,22.0,389.0,101.0,274.0
4,161,7.0,65.0,47.0,358.0
7,151,12.0,26.0,74.0,199.0
3,324,12.0,226.0,34.0,382.0
5,255,5.0,167.0,50.0,120.0
3,26,15.0,235.0,85.0,64.0
4,41,5.0,396.0,127.0,57.0
6,210,13.0,13.0,48.0,206.0
1,37,23.0,266.0,73.0,364.0
1,128,22.0,269.0,121.0,197.0
5,238,8.0,358.0,105.0,178.0
1,226,20.0,380.0,59.0,260.0
3,304,19.0,351.0,72.0,121.0
6,337,20.0,153.0,83.0,191.0
3,154,14.0,357.0,99.0,48.0
2,374,6.0,85.0,122.0,80.0
3,370,23.0,92.0,71.0,378.0
1,111,7.0,140.0,43.0,43.0
1,323,9.0,43.0,111.0,389.0
5,311,7.0,24.0,35.0,76.0
1,332,6.0,233.0,104.0,296.0
1,390,14.0,75.0,94.0,260.0
6,194,12.0,77.0,109.0,278.0
7,108,14.0,38.0,113.0,266.0
5,265,15.0,54.0,55.0,335.0
6,59,23.0,245.0,38.0,124.0
5,280,8.0,255.0,106.0,70.0
2,351,9.0,136.0,26.0,249.0
1,48,21.0,338.0,117.0,149.0
4,266,21.0,154.0,111.0,287.0
7,111,17.0,237.0,106.0,276.0
5,96,14.0,30.0,115.0,307.0
2,286,23.0,184.0,124.0,30.0
3,384,17.0,176.0,111.0,60.0
7,216,21.0,14.0,19.0,162.0
7,397,13.0,211.0,111.0,50.0
3,359,4.0,103.0,122.0,216.0
7,335,14.0,316.0,105.0,246.0
4,345,14.0,184.0,60.0,243.0
5,242,6.0,46.0,51.0,260.0
1,389,21.0,375.0,90.0,303.0
6,175,15.0,52.0,68.0,61.0
5,359,11.0,184.0,93.0,331.0
7,390,18.0,375.0,17.0,138.0
5,388,6.0,46.0,65.0,31.0
2,259,11.0,106.0,40.0,385.0
4,63,12.0,394.0,21.0,264.0
1,324,18.0,279.0,92.0,312.0
4,343,5.0,156.0,79.0,253.0
4,97,18.0,298.0,24.0,182.0
6,278,7.0,360.0,34.0,330.0
6,39,18.0,29.0,88.0,141.0
7,23,11.0,292.0,44.0,133.0
2,252,16.0,278.0,119.0,184.0
2,51,22.0,85.0,92.0,181.0
4,25,13.0,79.0,68.0,255.0
5,211,18.0,41.0,121.0,394.0
7,338,17.0,219.0,59.0,142.0
2,253,17.0,241.0,83.0,394.0
3,76,21.0,122.0,40.0,183.0
5,171,19.0,193.0,56.0,50.0
2,218,21.0,318.0,64.0,253.0
4,181,20.0,393.0,34.0,171.0
3,222,9.0,131.0,71.0,16.0
6,126,21.0,301.0,83.0,225.0
5,45,14.0,54.0,50.0,60.0
4,276,14.0,87.0,34.0,315.0
1,150,23.0,156.0,124.0,152.0
7,262,22.0,386.0,22.0,114.0
5,29,8.0,236.0,86.0,98.0
2,345,22.0,61.0,91.0,260.0
3,303,17.0,339.0,39.0,135.0
5,297,5.0,57.0,58.0,182.0
1,56,13.0,225.0,118.0,205.0
1,66,20.0,329.0,56.0,137.0
3,259,21.0,319.0,52.0,305.0
5,55,6.0,263.0,122.0,240.0
6,377,14.0,208.0,86.0,57.0
3,141,16.0,32.0,30.0,138.0
4,115,9.0,338.0,66.0,51.0
7,167,15.0,150.0,70.0,56.0
2,127,7.0,253.0,21.0,247.0
7,38,5.0,228.0,108.0,315.0
2,262,21.0,38.0,101.0,245.0
2,308,22.0,82.0,112.0,79.0
1,136,11.0,72.0,115.0,141.0
2,172,11.0,287.0,42.0,98.0
6,21,10.0,76.0,75.0,383.0
5,237,17.0,172.0,22.0,315.0
3,27,8.0,265.0,62.0,137.0
4,58,12.0,61.0,124.0,245.0
6,246,8.0,133.0,31.0,353.0
1,151,19.0,353.0,73.0,192.0
1,362,20.0,336.0,82.0,43.0
5,370,16.0,282.0,71.0,366.0
1,335,14.0,204.0,33.0,212.0
7,339,11.0,91.0,43.0,54.0
2,383,23.0,140.0,127.0,176.0
1,47,10.0,335.0,125.0,308.0
3,226,18.0,98.0,104.0,143.0
2,170,22.0,226.0,93.0,22.0
5,43,13.0,140.0,42.0,308.0
5,118,5.0,195.0,50.0,320.0
1,78,9.0,241.0,76.0,111.0
5,208,8.0,94.0,68.0,354.0
1,377,16.0,335.0,101.0,286.0
6,128,14.0,352.0,52.0,207.0
2,331,9.0,152.0,110.0,218.0
5,185,14.0,216.0,64.0,347.0
5,297,15.0,177.0,96.0,29.0
4,79,23.0,378.0,71.0,289.0
3,281,18.0,82.0,63.0,293.0
5,68,20.0,151.0,125.0,12.0
3,379,19.0,381.0,123.0,173.0
3,16,18.0,357.0,119.0,125.0
2,88,18.0,368.0,21.0,309.0
1,151,18.0,365.0,127.0,195.0
1,89,18.0,275.0,54.0,349.0
2,351,5.0,368.0,99.0,207.0
3,192,22.0,312.0,69.0,25.0
4,199,23.0,314.0,27.0,296.0
3,97,14.0,106.0,109.0,396.0
4,46,6.0,77.0,111.0,385.0
2,272,7.0,85.0,107.0,331.0
3,178,4.0,89.0,104.0,372.0
1,167,13.0,166.0,91.0,205.0
7,219,11.0,212.0,34.0,253.0
4,375,5.0,376.0,66.0,132.0
4,247,10.0,284.0,125.0,71.0
1,101,22.0,261.0,30.0,313.0
3,130,11.0,340.0,103.0,123.0
3,112,21.0,320.0,40.0,96.0
6,160,12.0,235.0,56.0,219.0
5,300,12.0,215.0,70.0,108.0
2,151,21.0,224.0,21.0,116.0
1,305,22.0,268.0,126.0,58.0
2,265,9.0,277.0,47.0,308.0
5,142,6.0,184.0,80.0,316.0
7,338,8.0,191.0,100.0,333.0
7,157,6.0,11.0,59.0,188.0
7,264,17.0,299.0,59.0,357.0
2,14,13.0,358.0,33.0,76.0
6,69,9.0,208.0,92.0,286.0
5,267,22.0,380.0,45.0,345.0
6,207,6.0,388.0,28.0,180.0
1,393,10.0,321.0,43.0,177.0
5,284,16.0,213.0,81.0,269.0
1,197,15.0,310.0,28.0,22.0
2,64,16.0,344.0,62.0,225.0
2,222,13.0,241.0,122.0,303.0
4,310,22.0,70.0,84.0,232.0
3,39,19.0,14.0,55.0,395.0
6,230,8.0,185.0,30.0,286.0
7,375,16.0,241.0,88.0,147.0
2,50,21.0,80.0,68.0,106.0
2,398,20.0,319.0,24.0,340.0
1,48,6.0,369.0,42.0,104.0
5,68,7.0,103.0,65.0,57.0
3,331,20.0,259.0,78.0,223.0
2,177,16.0,88.0,111.0,386.0
2,70,20.0,360.0,119.0,27.0
5,169,8.0,28.0,98.0,333.0
5,97,15.0,225.0,75.0,359.0
2,352,4.0,170.0,95.0,318.0
1,131,15.0,120.0,25.0,188.0
1,272,21.0,368.0,74.0,275.0
4,345,15.0,203.0,103.0,29.0
2,323,8.0,352.0,94.0,12.0
1,95,6.0,200.0,44.0,184.0
5,144,4.0,211.0,16.0,217.0
1,58,4.0,252.0,126.0,72.0
5,130,14.0,345.0,96.0,334.0
1,62,7.0,260.0,86.0,226.0
3,326,14.0,126.0,108.0,243.0
6,96,9.0,206.0,64.0,330.0
5,369,14.0,266.0,66.0,353.0
4,177,22.0,246.0,35.0,305.0
7,91,11.0,256.0,81.0,22.0
2,251,20.0,181.0,38.0,76.0
1,315,22.0,368.0,91.0,43.0
4,258,12.0,324.0,55.0,78.0
6,290,14.0,143.0,21.0,141.0
3,201,16.0,111.0,85.0,67.0
4,108,22.0,271.0,109.0,313.0
5,108,12.0,34.0,60.0,365.0
7,164,21.0,331.0,25.0,105.0
3,344,7.0,77.0,94.0,387.0
7,44,20.0,142.0,61.0,316.0
6,320,8.0,174.0,40.0,67.0
3,117,11.0,391.0,74.0,53.0
7,115,22.0,241.0,116.0,33.0
5,159,4.0,280.0,31.0,361.0
6,136,23.0,199.0,120.0,181.0
5,232,18.0,14.0,33.0,80.0
2,75,10.0,338.0,98.0,22.0
5,212,8.0,28.0,123.0,61.0
5,37,16.0,231.0,24.0,135.0
3,164,4.0,260.0,119.0,83.0
2,59,9.0,236.0,70.0,11.0
6,274,16.0,147.0,17.0,341.0
2,229,7.0,168.0,121.0,14.0
7,329,11.0,39.0,93.0,226.0
4,48,5.0,313.0,24.0,104.0
3,160,14.0,99.0,16.0,224.0
5,118,10.0,130.0,22.0,232.0
2,330,12.0,217.0,25.0,115.0
1,81,19.0,302.0,22.0,19.0
6,198,8.0,352.0,99.0,259.0
4,378,4.0,153.0,17.0,282.0
1,97,22.0,268.0,16.0,396.0
6,168,6.0,386.0,79.0,322.0
6,395,19.0,13.0,103.0,183.0
1,186,5.0,215.0,114.0,256.0
4,131,6.0,251.0,69.0,171.0
6,32,21.0,106.0,22.0,205.0
4,175,11.0,395.0,68.0,159.0
4,223,7.0,111.0,77.0,120.0
6,187,12.0,230.0,113.0,14.0
6,196,10.0,304.0,116.0,248.0
2,250,20.0,91.0,49.0,289.0
1,57,19.0,275.0,97.0,328.0
1,224,15.0,50.0,104.0,37.0
4,189,17.0,140.0,64.0,203.0
2,218,23.0,228.0,116.0,251.0
7,74,21.0,284.0,75.0,110.0
5,157,17.0,263.0,102.0,396.0
6,221,11.0,165.0,17.0,268.0
5,65,14.0,161.0,105.0,65.0
7,248,12.0,195.0,47.0,105.0
1,372,7.0,380.0,99.0,316.0
5,345,5.0,152.0,89.0,355.0
1,207,13.0,56.0,75.0,133.0
2,397,5.0,164.0,117.0,48.0
3,175,5.0,326.0,121.0,338.0
5,55,21.0,166.0,18.0,357.0
7,101,20.0,76.0,24.0,353.0
6,200,8.0,56.0,75.0,134.0
6,181,8.0,69.0,110.0,395.0
7,79,16.0,353.0,65.0,76.0
1,387,19.0,355.0,100.0,23.0
2,232,23.0,60.0,28.0,65.0
1,265,22.0,141.0,44.0,52.0
4,292,22.0,322.0,107.0,40.0
1,256,20.0,153.0,26.0,32.0
5,300,7.0,226.0,126.0,334.0
1,125,4.0,25.0,127.0,388.0
6,84,22.0,234.0,56.0,98.0
5,87,19.0,286.0,19.0,339.0
2,132,10.0,216.0,119.0,21.0
2,49,19.0,145.0,36.0,55.0
7,369,17.0,45.0,92.0,340.0
1,257,10.0,330.0,43.0,382.0
1,85,21.0,180.0,26.0,349.0
4,146,20.0,213.0,69.0,24.0
4,316,22.0,30.0,37.0,278.0
7,239,16.0,129.0,59.0,256.0
7,201,21.0,365.0,69.0,365.0
4,150,21.0,210.0,53.0,36.0
7,353,10.0,66.0,117.0,237.0
4,396,19.0,219.0,79.0,32.0
6,206,8.0,211.0,75.0,201.0
3,316,7.0,184.0,30.0,188.0
5,16,17.0,179.0,119.0,73.0
4,387,15.0,240.0,71.0,320.0
5,295,11.0,20.0,101.0,372.0
6,115,11.0,184.0,118.0,114.0
2,53,17.0,339.0,17.0,41.0
7,270,21.0,183.0,117.0,106.0
6,261,6.0,50.0,121.0,358.0
7,334,4.0,316.0,40.0,376.0
1,147,20.0,211.0,98.0,92.0
1,151,20.0,37.0,42.0,381.0
5,292,10.0,12.0,102.0,247.0
6,322,20.0,376.0,51.0,372.0
3,329,11.0,69.0,54.0,306.0
1,314,16.0,14.0,63.0,150.0
1,158,18.0,314.0,62.0,293.0
3,18,9.0,111.0,62.0,260.0
3,101,10.0,216.0,64.0,216.0
4,110,8.0,273.0,100.0,68.0
5,16,8.0,235.0,93.0,93.0
4,24,16.0,91.0,118.0,374.0
6,54,21.0,233.0,121.0,355.0
5,62,14.0,138.0,29.0,219.0
2,107,19.0,331.0,110.0,114.0
4,93,15.0,100.0,64.0,269.0
6,116,15.0,22.0,46.0,326.0
1,368,13.0,254.0,23.0,374.0
7,379,15.0,25.0,76.0,332.0
4,20,19.0,345.0,57.0,240.0
3,368,19.0,213.0,44.0,110.0
1,85,8.0,146.0,127.0,51.0
3,371,4.0,160.0,78.0,328.0
4,251,4.0,119.0,41.0,179.0
3,293,23.0,22.0,48.0,199.0
1,83,19.0,360.0,95.0,113.0
3,92,17.0,144.0,69.0,155.0
4,331,16.0,144.0,97.0,314.0
7,13,17.0,12.0,54.0,388.0
3,290,7.0,274.0,26.0,351.0
7,376,9.0,381.0,49.0,145.0
6,11,8.0,154.0,71.0,179.0
3,141,13.0,232.0,106.0,122.0
5,167,4.0,71.0,107.0,269.0
7,39,6.0,122.0,73.0,385.0
4,39,14.0,339.0,67.0,105.0
1,72,18.0,101.0,50.0,245.0
5,113,13.0,192.0,35.0,240.0
3,367,20.0,287.0,109.0,374.0
4,304,13.0,41.0,44.0,269.0
6,304,12.0,153.0,65.0,109.0
4,195,13.0,368.0,19.0,242.0
3,42,23.0,320.0,22.0,19.0
4,201,20.0,259.0,66.0,276.0
6,261,7.0,72.0,29.0,53.0
7,105,18.0,256.0,107.0,180.0
5,219,16.0,228.0,119.0,111.0
6,69,15.0,304.0,39.0,122.0
5,106,13.0,352.0,30.0,375.0
1,37,5.0,243.0,72.0,322.0
3,124,9.0,33.0,68.0,229.0
5,43,19.0,175.0,54.0,172.0
1,41,4.0,355.0,74.0,146.0
2,333,18.0,269.0,96.0,159.0
4,32,5.0,301.0,93.0,251.0
7,269,18.0,99.0,50.0,323.0
7,197,15.0,78.0,112.0,304.0
1,281,5.0,228.0,76.0,177.0
6,149,10.0,320.0,73.0,182.0
5,152,5.0,138.0,42.0,167.0
5,353,5.0,354.0,89.0,394.0
6,394,23.0,167.0,21.0,180.0
4,114,5.0,215.0,54.0,390.0
4,349,4.0,145.0,84.0,159.0
3,139,14.0,78.0,77.0,354.0
3,149,13.0,176.0,105.0,157.0
2,262,23.0,152.0,69.0,232.0
7,40,15.0,32.0,79.0,364.0
5,150,4.0,272.0,92.0,369.0
1,256,20.0,177.0,54.0,150.0
4,311,6.0,70.0,36.0,167.0
4,291,19.0,135.0,107.0,119.0
3,396,19.0,30.0,74.0,26.0
6,187,11.0,127.0,100.0,148.0
4,23,5.0,206.0,77.0,73.0
3,63,16.0,24.0,86.0,206.0
5,126,20.0,148.0,111.0,105.0
5,125,20.0,220.0,17.0,197.0
4,22,21.0,88.0,102.0,72.0
5,313,7.0,301.0,57.0,311.0
3,97,8.0,152.0,29.0,227.0
1,229,17.0,102.0,108.0,265.0
3,144,21.0,267.0,59.0,23.0
7,78,20.0,121.0,86.0,61.0
4,314,11.0,298.0,64.0,109.0
1,275,10.0,246.0,94.0,77.0
4,374,10.0,114.0,122.0,343.0
5,156,12.0,317.0,45.0,251.0
4,233,22.0,307.0,95.0,83.0
4,110,17.0,46.0,66.0,298.0
3,100,5.0,36.0,112.0,391.0
3,398,23.0,130.0,99.0,212.0
4,101,16.0,78.0,71.0,268.0
5,149,15.0,283.0,74.0,124.0
2,154,11.0,65.0,93.0,313.0
5,156,5.0,52.0,68.0,340.0
3,251,8.0,244.0,110.0,21.0
7,385,6.0,226.0,83.0,235.0
1,26,9.0,36.0,67.0,125.0
2,374,7.0,357.0,109.0,129.0
3,236,4.0,336.0,63.0,322.0
6,234,20.0,319.0,49.0,360.0
2,76,16.0,362.0,109.0,314.0
5,265,21.0,113.0,62.0,88.0
7,298,14.0,393.0,113.0,41.0
6,135,21.0,170.0,78.0,56.0
1,325,18.0,231.0,59.0,173.0
1,245,18.0,92.0,96.0,192.0
4,398,13.0,267.0,98.0,213.0
5,173,11.0,309.0,41.0,87.0
4,145,8.0,47.0,68.0,170.0
6,290,12.0,45.0,109.0,318.0
4,124,9.0,90.0,86.0,300.0
6,206,8.0,144.0,63.0,143.0
6,133,19.0,357.0,70.0,49.0
6,120,8.0,325.0,94.0,73.0
7,101,9.0,221.0,44.0,155.0
4,31,18.0,111.0,99.0,330.0
2,231,23.0,152.0,103.0,235.0
2,292,19.0,362.0,59.0,293.0
7,247,11.0,350.0,121.0,44.0
1,20,19.0,182.0,42.0,32.0
2,224,20.0,115.0,99.0,312.0
4,28,8.0,141.0,106.0,146.0
1,92,8.0,30.0,81.0,134.0
7,234,11.0,180.0,63.0,300.0
3,251,11.0,147.0,40.0,160.0
6,62,15.0,340.0,94.0,233.0
4,93,14.0,342.0,74.0,322.0
6,178,17.0,129.0,37.0,349.0
4,369,22.0,77.0,102.0,345.0
1,53,16.0,133.0,87.0,148.0
1,270,9.0,270.0,115.0,140.0
2,158,13.0,130.0,71.0,42.0
2,75,22.0,86.0,113.0,254.0
5,296,19.0,137.0,48.0,112.0
3,270,13.0,216.0,84.0,322.0
1,382,11.0,330.0,79.0,19.0
1,284,15.0,92.0,97.0,318.0
1,212,12.0,166.0,85.0,204.0
1,98,8.0,198.0,115.0,26.0
3,178,6.0,124.0,127.0,316.0
2,29,7.0,367.0,121.0,108.0
2,147,16.0,328.0,53.0,103.0
1,394,10.0,201.0,27.0,179.0
1,194,13.0,268.0,113.0,76.0
3,180,21.0,359.0,24.0,121.0
5,18,19.0,13.0,28.0,23.0
7,20,6.0,137.0,79.0,344.0
2,334,16.0,155.0,111.0,378.0
2,243,4.0,45.0,37.0,342.0
7,31,22.0,75.0,34.0,302.0
5,119,22.0,201.0,92.0,142.0
4,54,8.0,294.0,68.0,42.0
5,246,22.0,347.0,37.0,226.0
1,140,5.0,56.0,94.0,325.0
4,321,23.0,20.0,20.0,112.0
1,340,4.0,39.0,39.0,95.0
7,211,15.0,95.0,110.0,217.0
5,345,9.0,190.0,75.0,251.0
6,304,21.0,247.0,73.0,53.0
3,50,7.0,194.0,16.0,217.0
6,289,10.0,259.0,64.0,30.0
7,147,9.0,45.0,111.0,195.0
2,94,20.0,39.0,41.0,63.0
3,18,4.0,388.0,36.0,355.0
3,98,8.0,165.0,59.0,153.0
3,359,4.0,278.0,71.0,20.0
3,389,21.0,166.0,95.0,326.0
6,52,12.0,56.0,47.0,358.0
2,352,14.0,185.0,48.0,198.0
7,56,5.0,315.0,90.0,285.0
6,15,19.0,71.0,63.0,45.0
2,116,6.0,20.0,17.0,372.0
5,65,8.0,273.0,122.0,32.0
6,169,22.0,242.0,114.0,216.0
7,211,6.0,133.0,58.0,32.0
7,83,19.0,111.0,22.0,44.0
7,190,11.0,398.0,118.0,234.0
1,212,14.0,44.0,98.0,205.0
3,91,15.0,302.0,30.0,171.0
4,278,23.0,224.0,67.0,270.0
6,198,19.0,378.0,113.0,225.0
5,314,22.0,87.0,45.0,393.0
7,319,12.0,140.0,78.0,398.0
7,77,23.0,235.0,40.0,36.0
1,92,11.0,301.0,70.0,372.0
5,295,12.0,96.0,109.0,243.0
3,185,19.0,89.0,46.0,240.0
4,84,4.0,28.0,74.0,207.0
2,397,16.0,124.0,44.0,129.0
5,218,9.0,385.0,63.0,15.0
7,76,12.0,79.0,77.0,93.0
3,337,5.0,190.0,110.0,30.0
4,355,9.0,270.0,30.0,15.0
7,37,23.0,367.0,37.0,306.0
6,341,9.0,385.0,32.0,227.0
6,11,20.0,187.0,94.0,155.0
1,336,14.0,259.0,16.0,185.0
2,146,10.0,296.0,114.0,92.0
7,115,6.0,249.0,27.0,162.0
2,270,9.0,96.0,61.0,308.0
4,23,9.0,368.0,116.0,150.0
1,249,11.0,46.0,45.0,347.0
4,312,7.0,148.0,31.0,208.0
6,324,23.0,330.0,122.0,60.0
5,65,10.0,140.0,126.0,108.0
4,129,12.0,131.0,63.0,385.0
1,20,16.0,178.0,77.0,72.0
2,95,17.0,108.0,92.0,213.0
5,179,16.0,357.0,80.0,190.0
1,395,11.0,378.0,59.0,103.0
3,116,9.0,203.0,110.0,30.0
2,214,15.0,266.0,102.0,54.0
2,392,17.0,324.0,115.0,225.0
5,157,20.0,213.0,29.0,126.0
7,210,23.0,262.0,17.0,52.0
7,12,23.0,195.0,17.0,272.0
4,92,4.0,17.0,53.0,116.0
4,227,22.0,177.0,101.0,236.0
4,210,23.0,87.0,80.0,76.0
7,232,15.0,120.0,113.0,302.0
1,389,13.0,395.0,61.0,321.0
5,218,22.0,110.0,78.0,39.0
2,288,20.0,193.0,124.0,228.0
2,255,16.0,76.0,61.0,316.0
3,67,9.0,31.0,54.0,334.0
4,23,9.0,323.0,42.0,224.0
2,153,9.0,119.0,28.0,206.0
3,362,22.0,143.0,122.0,157.0
3,80,12.0,145.0,18.0,14.0
5,115,4.0,262.0,23.0,355.0
7,304,11.0,255.0,110.0,267.0
7,142,4.0,212.0,56.0,313.0
2,279,15.0,104.0,63.0,120.0
6,307,12.0,18.0,34.0,83.0
1,127,9.0,262.0,67.0,353.0
6,265,7.0,208.0,120.0,117.0
3,220,4.0,204.0,72.0,160.0
2,125,7.0,40.0,53.0,352.0
5,231,18.0,10.0,55.0,65.0
3,379,9.0,174.0,87.0,314.0
1,170,18.0,94.0,110.0,296.0
4,327,9.0,146.0,80.0,135.0
1,258,7.0,10.0,63.0,254.0
6,39,15.0,271.0,81.0,356.0
1,287,22.0,368.0,20.0,64.0
4,115,11.0,179.0,97.0,280.0
1,34,7.0,230.0,67.0,24.0
5,326,6.0,210.0,44.0,47.0
6,282,12.0,240.0,100.0,149.0
3,368,8.0,101.0,124.0,41.0
1,381,10.0,60.0,43.0,91.0
1,358,18.0,218.0,33.0,188.0
4,213,7.0,231.0,82.0,390.0
5,122,15.0,177.0,17.0,353.0
5,56,18.0,22.0,83.0,84.0
6,331,7.0,182.0,81.0,204.0
7,102,16.0,334.0,82.0,326.0
2,271,11.0,182.0,99.0,356.0
2,374,12.0,378.0,122.0,35.0
3,279,21.0,52.0,64.0,200.0
2,177,8.0,59.0,57.0,66.0
2,255,22.0,284.0,103.0,341.0
3,73,23.0,395.0,26.0,383.0
6,244,20.0,322.0,57.0,254.0
1,20,4.0,108.0,82.0,203.0
3,40,12.0,213.0,41.0,302.0
7,142,17.0,130.0,105.0,25.0
4,288,16.0,75.0,93.0,254.0
4,69,19.0,146.0,26.0,181.0
1,385,16.0,189.0,69.0,323.0
7,299,20.0,154.0,52.0,185.0
3,268,17.0,168.0,77.0,304.0
7,253,20.0,292.0,51.0,142.0
2,175,22.0,148.0,92.0,134.0
5,142,14.0,351.0,50.0,352.0
2,265,7.0,79.0,121.0,396.0
4,30,9.0,339.0,105.0,143.0
7,277,23.0,139.0,20.0,70.0
4,244,4.0,47.0,45.0,338.0
1,111,20.0,95.0,87.0,138.0
3,261,17.0,120.0,112.0,334.0
1,311,22.0,297.0,125.0,218.0
4,128,6.0,214.0,119.0,11.0
7,50,23.0,97.0,44.0,134.0
7,355,20.0,203.0,82.0,276.0
1,114,6.0,257.0,20.0,211.0
1,337,8.0,161.0,62.0,345.0
7,165,5.0,91.0,114.0,120.0
2,50,15.0,12.0,42.0,114.0
5,228,20.0,202.0,43.0,395.0
3,86,12.0,296.0,51.0,280.0
3,357,8.0,276.0,42.0,210.0
2,100,9.0,57.0,122.0,206.0
7,351,8.0,225.0,50.0,205.0
2,250,9.0,36.0,87.0,52.0
2,90,11.0,40.0,120.0,189.0
4,312,6.0,304.0,19.0,349.0
3,76,11.0,222.0,86.0,158.0
3,124,15.0,44.0,72.0,165.0
2,378,11.0,389.0,19.0,129.0
6,367,12.0,78.0,65.0,382.0
2,396,22.0,47.0,55.0,91.0
1,399,15.0,300.0,21.0,391.0
5,344,21.0,343.0,31.0,129.0
5,166,18.0,340.0,76.0,384.0
5,172,5.0,103.0,80.0,52.0
1,289,18.0,369.0,106.0,55.0
7,332,22.0,92.0,40.0,204.0
2,163,5.0,387.0,53.0,319.0
3,77,17.0,351.0,67.0,287.0
7,148,18.0,217.0,77.0,251.0
1,128,10.0,375.0,94.0,193.0
3,361,12.0,142.0,111.0,119.0
2,45,7.0,227.0,82.0,229.0
2,112,17.0,380.0,101.0,71.0
5,168,10.0,205.0,71.0,321.0
5,111,4.0,396.0,87.0,166.0
6,66,11.0,318.0,21.0,129.0
6,204,22.0,208.0,34.0,350.0
4,161,22.0,369.0,58.0,82.0
3,122,21.0,264.0,52.0,137.0
5,43,17.0,104.0,77.0,151.0
3,70,11.0,10.0,92.0,107.0
7,127,17.0,293.0,97.0,329.0
4,287,18.0,54.0,85.0,51.0
3,145,9.0,106.0,85.0,198.0
3,126,18.0,68.0,23.0,352.0
5,222,17.0,231.0,85.0,213.0
7,230,19.0,104.0,125.0,25.0
3,345,13.0,174.0,57.0,77.0
1,304,4.0,109.0,106.0,338.0
1,143,13.0,387.0,76.0,72.0
6,178,6.0,252.0,126.0,80.0
6,164,22.0,79.0,123.0,234.0
3,44,13.0,367.0,89.0,312.0
6,51,4.0,265.0,62.0,38.0
6,375,19.0,41.0,78.0,48.0
7,234,7.0,342.0,37.0,230.0
5,26,15.0,294.0,39.0,259.0
4,362,16.0,195.0,30.0,72.0
4,203,13.0,218.0,81.0,294.0
5,22,4.0,150.0,55.0,391.0
1,77,14.0,299.0,102.0,232.0
6,79,20.0,125.0,26.0,199.0
4,113,13.0,170.0,90.0,20.0
6,325,17.0,234.0,18.0,307.0
4,221,12.0,102.0,44.0,101.0
4,93,7.0,105.0,46.0,162.0
6,27,10.0,297.0,104.0,273.0
7,50,10.0,194.0,77.0,222.0
2,14,21.0,153.0,100.0,364.0
3,47,5.0,220.0,51.0,379.0
3,354,10.0,351.0,97.0,200.0
4,360,20.0,64.0,23.0,136.0
2,194,8.0,10.0,123.0,121.0
7,41,17.0,208.0,120.0,250.0
1,178,22.0,324.0,19.0,163.0
6,200,10.0,88.0,51.0,207.0
4,228,15.0,187.0,76.0,222.0
1,167,13.0,130.0,26.0,231.0
6,303,15.0,265.0,122.0,377.0
1,164,8.0,234.0,101.0,93.0
6,349,9.0,301.0,60.0,280.0
7,280,19.0,15.0,126.0,219.0
3,274,21.0,83.0,125.0,335.0
6,399,4.0,290.0,58.0,134.0
4,379,5.0,91.0,101.0,92.0
3,21,19.0,165.0,78.0,255.0
6,382,5.0,158.0,56.0,68.0
1,40,19.0,57.0,64.0,54.0
3,220,5.0,287.0,16.0,145.0
6,158,4.0,28.0,65.0,200.0
3,301,8.0,224.0,66.0,255.0
6,254,23.0,44.0,84.0,224.0
2,128,7.0,211.0,32.0,383.0
2,57,6.0,385.0,38.0,203.0
5,182,5.0,254.0,88.0,52.0
3,108,9.0,63.0,120.0,16.0
7,322,23.0,52.0,126.0,299.0
6,288,23.0,138.0,82.0,139.0
4,38,10.0,305.0,124.0,328.0
1,339,12.0,128.0,86.0,246.0
5,339,15.0,86.0,64.0,270.0
5,255,19.0,394.0,44.0,48.0
1,198,23.0,78.0,30.0,288.0
5,231,20.0,367.0,112.0,337.0
6,120,4.0,283.0,97.0,237.0
2,98,7.0,279.0,65.0,28.0
6,344,19.0,71.0,25.0,109.0
3,237,7.0,330.0,102.0,366.0
5,28,13.0,50.0,90.0,396.0
1,310,12.0,19.0,68.0,62.0
5,331,17.0,265.0,69.0,330.0
6,29,20.0,137.0,56.0,38.0
5,22,16.0,163.0,63.0,324.0
5,55,22.0,39.0,111.0,250.0
7,310,16.0,347.0,122.0,69.0
3,271,5.0,120.0,33.0,64.0
6,235,17.0,145.0,73.0,40.0
4,342,14.0,172.0,45.0,179.0
7,302,9.0,25.0,103.0,177.0
4,78,13.0,389.0,87.0,178.0
3,381,15.0,366.0,29.0,82.0
3,325,16.0,252.0,106.0,204.0
4,145,22.0,261.0,50.0,220.0
6,297,23.0,343.0,90.0,138.0
5,123,17.0,376.0,20.0,181.0
7,235,5.0,393.0,94.0,380.0
4,241,20.0,144.0,111.0,335.0
7,128,8.0,232.0,22.0,369.0
3,265,17.0,329.0,59.0,154.0
2,106,5.0,355.0,50.0,117.0
4,27,19.0,125.0,20.0,153.0
1,245,12.0,173.0,71.0,399.0
4,69,10.0,361.0,67.0,162.0
1,11,21.0,284.0,97.0,181.0
6,172,10.0,335.0,107.0,277.0
3,28,4.0,293.0,26.0,69.0
3,56,18.0,377.0,101.0,129.0
6,363,8.0,313.0,37.0,220.0
7,349,17.0,124.0,98.0,365.0
3,383,18.0,200.0,87.0,305.0
2,322,11.0,63.0,77.0,96.0
6,45,4.0,238.0,50.0,60.0
3,260,12.0,357.0,53.0,188.0
6,371,14.0,42.0,122.0,44.0
4,205,15.0,129.0,19.0,118.0
4,344,17.0,190.0,100.0,332.0
4,27,15.0,251.0,57.0,233.0
2,198,16.0,344.0,65.0,299.0
4,176,9.0,89.0,85.0,346.0
1,232,9.0,34.0,23.0,289.0
2,316,19.0,159.0,66.0,346.0
1,203,5.0,13.0,27.0,112.0
3,158,12.0,375.0,48.0,314.0
6,227,14.0,361.0,113.0,177.0
1,84,22.0,44.0,64.0,288.0
7,348,4.0,241.0,37.0,237.0
1,341,10.0,116.0,48.0,356.0
3,346,11.0,271.0,17.0,237.0
6,267,14.0,257.0,100.0,172.0
6,219,13.0,305.0,18.0,244.0
1,256,5.0,291.0,44.0,284.0
7,42,19.0,311.0,32.0,29.0
2,31,6.0,156.0,19.0,199.0
5,337,11.0,262.0,27.0,198.0
2,378,23.0,32.0,59.0,354.0
6,325,18.0,112.0,60.0,291.0
5,231,13.0,385.0,127.0,198.0
7,211,14.0,49.0,17.0,182.0
3,139,23.0,334.0,109.0,110.0
1,225,21.0,266.0,88.0,36.0
3,141,12.0,202.0,83.0,290.0
3,164,20.0,233.0,100.0,73.0
3,333,12.0,216.0,82.0,82.0
4,368,13.0,253.0,73.0,130.0
5,378,5.0,309.0,115.0,10.0
5,148,20.0,227.0,95.0,189.0
2,189,19.0,196.0,78.0,118.0
5,333,20.0,31.0,42.0,274.0
2,80,4.0,283.0,52.0,190.0
5,306,9.0,138.0,118.0,264.0
4,43,14.0,257.0,90.0,361.0
3,386,22.0,237.0,35.0,162.0
2,111,7.0,177.0,17.0,245.0
2,282,5.0,76.0,66.0,340.0
4,33,6.0,264.0,119.0,22.0
3,225,16.0,231.0,53.0,222.0
1,313,20.0,284.0,80.0,399.0
7,33,8.0,321.0,86.0,374.0
3,271,10.0,354.0,101.0,91.0
1,70,17.0,209.0,54.0,287.0
4,306,8.0,100.0,122.0,143.0
6,133,20.0,111.0,99.0,366.0
6,143,23.0,77.0,61.0,34.0
3,399,14.0,364.0,120.0,382.0
2,275,5.0,192.0,116.0,140.0
5,301,19.0,139.0,32.0,257.0
1,82,4.0,169.0,68.0,134.0
7,196,12.0,332.0,86.0,320.0
5,377,14.0,281.0,71.0,241.0
5,168,12.0,247.0,36.0,210.0
3,301,23.0,173.0,108.0,246.0
3,355,19.0,118.0,77.0,158.0
7,249,17.0,170.0,98.0,280.0
6,319,7.0,295.0,121.0,243.0
5,227,8.0,316.0,86.0,183.0
1,202,10.0,29.0,120.0,78.0
1,84,13.0,90.0,100.0,38.0
5,324,7.0,197.0,19.0,264.0
1,187,11.0,385.0,79.0,61.0
6,315,20.0,194.0,91.0,397.0
6,370,16.0,35.0,83.0,110.0
1,174,19.0,231.0,60.0,112.0
5,16,22.0,231.0,124.0,366.0
1,94,22.0,155.0,106.0,383.0
3,86,7.0,164.0,118.0,62.0
6,173,6.0,99.0,20.0,321.0
7,94,22.0,318.0,16.0,185.0
4,204,8.0,226.0,112.0,316.0
5,349,11.0,292.0,59.0,372.0
6,19,9.0,129.0,114.0,294.0
2,233,19.0,122.0,113.0,131.0
5,174,8.0,264.0,20.0,244.0
2,185,22.0,95.0,54.0,179.0
1,308,19.0,88.0,62.0,293.0
5,228,11.0,185.0,61.0,101.0
1,316,22.0,86.0,110.0,305.0
7,368,15.0,222.0,18.0,30.0
4,87,22.0,92.0,80.0,20.0
4,159,23.0,350.0,60.0,397.0
7,371,10.0,191.0,122.0,17.0
6,92,14.0,296.0,47.0,177.0
1,181,16.0,310.0,90.0,46.0
1,216,11.0,98.0,25.0,246.0
6,302,4.0,296.0,95.0,226.0
2,134,12.0,395.0,78.0,360.0
6,291,8.0,202.0,76.0,231.0
3,96,17.0,120.0,84.0,196.0
7,242,4.0,326.0,119.0,101.0
2,378,7.0,229.0,46.0,386.0
3,152,17.0,172.0,72.0,326.0
4,344,19.0,124.0,62.0,273.0
5,186,8.0,88.0,33.0,268.0
7,362,7.0,395.0,38.0,136.0
1,255,21.0,49.0,73.0,127.0
5,335,20.0,239.0,80.0,361.0
4,366,7.0,246.0,67.0,117.0
3,155,22.0,43.0,26.0,373.0
2,272,18.0,382.0,81.0,227.0
5,115,13.0,263.0,21.0,134.0
5,132,16.0,123.0,70.0,338.0
7,94,17.0,106.0,64.0,193.0
4,183,10.0,16.0,110.0,233.0
2,126,20.0,390.0,104.0,127.0
6,174,21.0,303.0,25.0,258.0
5,86,19.0,208.0,51.0,216.0
3,174,12.0,390.0,115.0,22.0
3,120,15.0,304.0,25.0,286.0
7,264,10.0,42.0,60.0,119.0
2,258,22.0,393.0,70.0,374.0
5,205,23.0,152.0,34.0,306.0
7,175,12.0,125.0,51.0,65.0
4,49,17.0,80.0,75.0,254.0
3,178,22.0,137.0,17.0,309.0
3,133,23.0,337.0,52.0,281.0
6,12,13.0,54.0,55.0,104.0
5,388,16.0,392.0,96.0,81.0
1,195,15.0,83.0,103.0,99.0
3,131,7.0,101.0,79.0,331.0
5,397,15.0,381.0,106.0,56.0
6,160,21.0,51.0,20.0,185.0
5,92,18.0,129.0,88.0,199.0
5,334,19.0,298.0,95.0,229.0
4,96,8.0,333.0,124.0,91.0
3,220,23.0,178.0,97.0,313.0
7,141,8.0,157.0,96.0,395.0
6,234,16.0,240.0,102.0,311.0
5,125,8.0,351.0,122.0,311.0
7,327,22.0,11.0,45.0,239.0
2,133,20.0,359.0,52.0,246.0
1,389,9.0,202.0,117.0,204.0
4,318,10.0,364.0,121.0,133.0
2,96,19.0,311.0,85.0,242.0
5,310,5.0,245.0,60.0,110.0
1,58,9.0,125.0,47.0,369.0
1,218,12.0,197.0,45.0,75.0
7,185,10.0,336.0,53.0,303.0
4,95,21.0,237.0,48.0,245.0
6,309,18.0,69.0,61.0,41.0
5,95,13.0,253.0,44.0,254.0
4,47,21.0,388.0,117.0,138.0
1,33,6.0,393.0,45.0,138.0
1,23,10.0,389.0,70.0,370.0
7,332,4.0,387.0,70.0,343.0
4,267,17.0,167.0,17.0,133.0
7,301,7.0,163.0,73.0,327.0
2,247,10.0,149.0,95.0,196.0
4,232,9.0,302.0,118.0,17.0
1,92,13.0,177.0,108.0,374.0
7,111,12.0,94.0,111.0,151.0
1,323,15.0,343.0,32.0,380.0
3,162,13.0,228.0,87.0,238.0
1,31,15.0,160.0,100.0,375.0
3,56,15.0,263.0,33.0,144.0
4,279,22.0,76.0,102.0,31.0
6,161,16.0,31.0,95.0,158.0
2,180,18.0,294.0,68.0,385.0
5,288,13.0,20.0,16.0,102.0
1,135,12.0,225.0,101.0,50.0
4,180,10.0,234.0,98.0,142.0
6,367,14.0,179.0,36.0,328.0
6,271,23.0,274.0,28.0,320.0
7,386,23.0,34.0,90.0,253.0
4,168,18.0,84.0,118.0,305.0
1,345,14.0,91.0,89.0,345.0
1,143,20.0,14.0,107.0,194.0
3,319,20.0,18.0,87.0,280.0
4,371,11.0,343.0,70.0,373.0
4,196,23.0,340.0,40.0,152.0
4,308,14.0,172.0,96.0,106.0
3,140,16.0,209.0,79.0,52.0
3,106,5.0,396.0,28.0,343.0
6,271,15.0,257.0,112.0,260.0
7,66,5.0,28.0,70.0,74.0
4,23,23.0,392.0,20.0,96.0
4,390,20.0,85.0,107.0,377.0
3,95,8.0,158.0,86.0,239.0
7,157,5.0,166.0,98.0,287.0
6,117,7.0,120.0,82.0,197.0
7,332,21.0,393.0,36.0,271.0
5,47,15.0,206.0,53.0,17.0
3,32,21.0,355.0,49.0,49.0
1,92,5.0,147.0,36.0,81.0
4,138,21.0,58.0,28.0,306.0
5,134,4.0,173.0,47.0,22.0
6,353,13.0,197.0,75.0,382.0
3,186,21.0,182.0,101.0,320.0
3,361,17.0,34.0,17.0,74.0
5,109,15.0,368.0,125.0,396.0
4,187,17.0,200.0,108.0,159.0
2,45,20.0,224.0,43.0,149.0
6,79,11.0,336.0,52.0,128.0
6,326,14.0,326.0,57.0,76.0
4,77,9.0,326.0,38.0,150.0
6,273,18.0,218.0,74.0,293.0
3,388,21.0,285.0,76.0,182.0
7,274,14.0,383.0,80.0,379.0
7,358,5.0,152.0,95.0,178.0
6,212,19.0,92.0,20.0,150.0
7,277,17.0,85.0,21.0,170.0
7,15,14.0,14.0,111.0,365.0
3,29,17.0,277.0,57.0,45.0
3,301,21.0,189.0,126.0,316.0
2,262,12.0,77.0,18.0,215.0
7,151,4.0,76.0,27.0,328.0
5,361,20.0,68.0,37.0,195.0
2,368,19.0,191.0,20.0,124.0
3,31,21.0,169.0,55.0,349.0
3,26,8.0,135.0,95.0,380.0
2,284,15.0,152.0,104.0,243.0
5,301,6.0,153.0,50.0,290.0
2,111,17.0,245.0,109.0,121.0
7,100,18.0,177.0,58.0,103.0
1,396,7.0,200.0,81.0,118.0
6,183,10.0,19.0,105.0,307.0
3,303,16.0,210.0,53.0,244.0
2,193,19.0,57.0,98.0,244.0
5,78,8.0,351.0,108.0,108.0
4,316,19.0,312.0,40.0,82.0
5,95,16.0,330.0,76.0,152.0
4,180,16.0,201.0,101.0,226.0
4,288,19.0,112.0,18.0,338.0
5,320,17.0,91.0,30.0,187.0
1,209,13.0,125.0,26.0,129.0
3,75,22.0,112.0,61.0,255.0
7,139,22.0,79.0,100.0,330.0
7,328,5.0,367.0,60.0,293.0
5,88,12.0,55.0,87.0,23.0
7,15,18.0,216.0,126.0,226.0
1,398,20.0,273.0,127.0,230.0
6,399,22.0,328.0,27.0,379.0
5,44,5.0,132.0,90.0,79.0
1,134,6.0,110.0,82.0,280.0
4,279,10.0,12.0,113.0,107.0
5,70,16.0,114.0,117.0,114.0
2,73,9.0,69.0,43.0,141.0
2,95,12.0,82.0,102.0,393.0
2,371,22.0,13.0,50.0,186.0
5,150,4.0,241.0,70.0,322.0
6,118,11.0,383.0,63.0,12.0
5,25,18.0,149.0,100.0,285.0
2,228,23.0,186.0,93.0,106.0
1,286,21.0,231.0,81.0,40.0
5,101,22.0,144.0,101.0,274.0
3,299,18.0,16.0,84.0,186.0
7,125,14.0,273.0,57.0,34.0
5,182,22.0,390.0,51.0,44.0
1,298,13.0,324.0,106.0,19.0
6,310,17.0,49.0,116.0,76.0
3,258,10.0,271.0,116.0,39.0
3,100,8.0,207.0,101.0,321.0
6,18,8.0,229.0,26.0,223.0
7,19,15.0,240.0,72.0,158.0
7,222,5.0,74.0,121.0,14.0
3,200,6.0,139.0,56.0,224.0
5,99,20.0,341.0,56.0,231.0
5,172,15.0,123.0,113.0,42.0
6,75,15.0,87.0,85.0,76.0
3,270,11.0,267.0,109.0,152.0
3,152,13.0,14.0,37.0,145.0
2,22,17.0,207.0,23.0,302.0
3,66,16.0,267.0,114.0,248.0
6,299,5.0,22.0,55.0,150.0
7,64,9.0,262.0,64.0,260.0
2,398,9.0,326.0,62.0,357.0
5,368,21.0,109.0,60.0,333.0
2,209,8.0,155.0,37.0,101.0
6,149,17.0,335.0,67.0,47.0
5,378,8.0,230.0,55.0,378.0
1,28,5.0,299.0,34.0,295.0
5,287,16.0,143.0,75.0,97.0
3,119,6.0,355.0,78.0,353.0
3,378,11.0,322.0,90.0,304.0
2,384,8.0,80.0,83.0,148.0
7,19,7.0,69.0,117.0,174.0
4,276,13.0,83.0,95.0,179.0
7,78,4.0,380.0,27.0,146.0
1,178,20.0,231.0,37.0,259.0
4,114,19.0,54.0,28.0,133.0
5,162,12.0,236.0,92.0,33.0
2,302,20.0,285.0,49.0,268.0
1,50,23.0,31.0,51.0,163.0
4,241,14.0,270.0,81.0,267.0
6,46,11.0,91.0,110.0,92.0
2,132,18.0,54.0,37.0,220.0
2,349,6.0,179.0,80.0,255.0
4,364,16.0,156.0,97.0,156.0
7,198,20.0,52.0,55.0,66.0
4,45,23.0,214.0,39.0,128.0
1,69,21.0,72.0,76.0,288.0
4,56,20.0,117.0,94.0,327.0
4,92,18.0,76.0,56.0,373.0
1,143,22.0,344.0,25.0,324.0
6,73,9.0,30.0,119.0,52.0
1,369,9.0,72.0,113.0,64.0
6,231,16.0,18.0,89.0,113.0
6,33,13.0,397.0,23.0,365.0
5,198,15.0,382.0,41.0,34.0
1,25,7.0,153.0,36.0,285.0
2,184,5.0,355.0,36.0,380.0
5,42,6.0,122.0,94.0,284.0
7,287,19.0,371.0,124.0,176.0
7,384,10.0,305.0,105.0,18.0
7,179,18.0,388.0,28.0,144.0
7,221,4.0,47.0,101.0,314.0
2,107,9.0,101.0,21.0,21.0
7,226,8.0,57.0,120.0,296.0
5,241,18.0,241.0,113.0,154.0
4,27,7.0,129.0,31.0,48.0
5,16,5.0,204.0,34.0,156.0
3,257,12.0,203.0,84.0,34.0
4,107,22.0,34.0,34.0,249.0
6,202,6.0,248.0,65.0,13.0
7,171,12.0,370.0,51.0,94.0
6,227,23.0,152.0,94.0,225.0
4,49,14.0,80.0,52.0,226.0
6,232,22.0,50.0,33.0,237.0
6,132,23.0,279.0,80.0,285.0
6,63,10.0,311.0,98.0,202.0
6,374,13.0,78.0,49.0,34.0
2,398,19.0,367.0,41.0,263.0
3,60,23.0,75.0,98.0,81.0
4,155,17.0,269.0,100.0,315.0
5,253,16.0,165.0,90.0,47.0
6,221,7.0,161.0,78.0,257.0
4,213,6.0,295.0,37.0,156.0
7,145,11.0,24.0,58.0,204.0
7,261,17.0,37.0,113.0,191.0
4,143,14.0,389.0,39.0,297.0
5,215,16.0,246.0,103.0,142.0
5,38,22.0,341.0,77.0,53.0
6,139,22.0,83.0,113.0,375.0
3,220,5.0,70.0,121.0,251.0
4,208,22.0,392.0,86.0,109.0
1,99,12.0,115.0,103.0,378.0
7,65,14.0,155.0,40.0,204.0
5,276,8.0,371.0,35.0,255.0
3,192,22.0,371.0,99.0,279.0
5,188,4.0,383.0,32.0,280.0
2,386,20.0,360.0,23.0,268.0
5,265,18.0,259.0,22.0,48.0
4,101,20.0,314.0,19.0,175.0
4,399,7.0,24.0,66.0,45.0
5,107,4.0,302.0,99.0,217.0
1,28,16.0,171.0,97.0,173.0
2,279,5.0,348.0,126.0,34.0
7,245,20.0,67.0,104.0,21.0
3,212,17.0,47.0,73.0,141.0
1,251,14.0,182.0,34.0,326.0
2,101,11.0,385.0,87.0,284.0
4,396,6.0,397.0,52.0,213.0
1,367,16.0,270.0,36.0,44.0
3,237,16.0,308.0,93.0,101.0
1,46,7.0,334.0,85.0,266.0
5,92,23.0,10.0,36.0,101.0
3,154,7.0,44.0,97.0,390.0
6,333,6.0,55.0,105.0,352.0
7,257,23.0,102.0,92.0,264.0
7,84,11.0,356.0,92.0,12.0
3,364,10.0,71.0,76.0,259.0
3,147,8.0,252.0,50.0,397.0
3,260,8.0,136.0,39.0,361.0
3,154,8.0,262.0,71.0,269.0
6,317,17.0,262.0,107.0,323.0
1,214,12.0,388.0,77.0,146.0
7,397,15.0,313.0,48.0,114.0
6,99,14.0,297.0,79.0,180.0
1,179,7.0,370.0,61.0,23.0
7,126,16.0,359.0,108.0,31.0
6,115,18.0,354.0,27.0,344.0
3,235,11.0,73.0,27.0,131.0
5,163,16.0,242.0,78.0,203.0
6,343,15.0,62.0,89.0,116.0
3,181,15.0,94.0,123.0,185.0
3,280,20.0,379.0,35.0,333.0
7,122,6.0,259.0,58.0,373.0
4,356,13.0,62.0,108.0,250.0
1,247,14.0,87.0,87.0,98.0
2,153,15.0,251.0,35.0,150.0
6,346,5.0,329.0,65.0,177.0
6,10,23.0,29.0,22.0,60.0
2,100,19.0,302.0,29.0,154.0
5,321,13.0,160.0,41.0,183.0
6,270,19.0,249.0,119.0,60.0
5,148,15.0,133.0,43.0,103.0
1,214,20.0,134.0,55.0,283.0
2,324,21.0,223.0,24.0,195.0
4,304,17.0,393.0,101.0,313.0
3,262,14.0,35.0,113.0,311.0
2,264,8.0,291.0,72.0,104.0
2,190,11.0,362.0,36.0,352.0
2,295,18.0,45.0,22.0,369.0
6,336,9.0,53.0,99.0,198.0
4,215,4.0,42.0,84.0,282.0
4,222,22.0,293.0,23.0,27.0
2,258,12.0,182.0,84.0,218.0
6,21,17.0,87.0,18.0,392.0
2,274,5.0,355.0,58.0,263.0
1,184,19.0,42.0,53.0,319.0
2,395,17.0,255.0,117.0,291.0
1,376,17.0,122.0,118.0,317.0
3,50,8.0,57.0,113.0,195.0
5,250,13.0,151.0,82.0,15.0
7,349,5.0,22.0,42.0,353.0
6,189,4.0,390.0,25.0,288.0
2,310,7.0,226.0,92.0,67.0
4,317,16.0,265.0,113.0,83.0
4,42,20.0,129.0,86.0,124.0
6,297,22.0,20.0,112.0,121.0
1,188,5.0,383.0,77.0,48.0
6,277,5.0,205.0,114.0,325.0
3,48,10.0,99.0,29.0,140.0
3,245,12.0,394.0,29.0,346.0
7,29,20.0,325.0,96.0,16.0
4,300,13.0,367.0,62.0,355.0
4,117,8.0,200.0,105.0,71.0
1,72,20.0,93.0,24.0,24.0
5,284,18.0,118.0,52.0,204.0
7,259,7.0,115.0,23.0,263.0
7,165,11.0,222.0,76.0,80.0
2,96,20.0,150.0,43.0,251.0
7,63,22.0,213.0,54.0,80.0
7,181,5.0,370.0,46.0,180.0
7,64,5.0,319.0,80.0,21.0
7,186,17.0,65.0,53.0,249.0
7,10,20.0,198.0,103.0,70.0
3,208,14.0,351.0,60.0,373.0
3,139,19.0,146.0,44.0,191.0
6,318,12.0,259.0,106.0,54.0
3,172,9.0,324.0,109.0,115.0
3,250,20.0,71.0,46.0,242.0
5,242,16.0,53.0,83.0,348.0
2,239,10.0,137.0,46.0,381.0
4,344,23.0,210.0,26.0,373.0
4,375,6.0,364.0,125.0,76.0
3,131,21.0,388.0,62.0,165.0
6,25,20.0,176.0,120.0,57.0
7,384,23.0,320.0,52.0,361.0
2,217,4.0,392.0,20.0,374.0
5,291,8.0,341.0,77.0,332.0
5,28,12.0,346.0,26.0,300.0
6,293,23.0,342.0,59.0,310.0
7,307,11.0,18.0,36.0,195.0
1,355,19.0,94.0,86.0,266.0
6,221,23.0,96.0,48.0,186.0
1,47,10.0,192.0,82.0,287.0
6,166,17.0,295.0,54.0,162.0
7,309,18.0,222.0,82.0,252.0
5,367,4.0,284.0,46.0,391.0
4,33,5.0,185.0,70.0,276.0
7,268,19.0,382.0,18.0,327.0
6,331,15.0,321.0,88.0,17.0
4,365,13.0,85.0,22.0,159.0
7,39,15.0,336.0,57.0,103.0
7,51,7.0,138.0,26.0,361.0
6,197,17.0,219.0,97.0,43.0
6,153,14.0,103.0,78.0,52.0
6,221,15.0,183.0,52.0,311.0
3,176,17.0,26.0,95.0,133.0
5,78,23.0,325.0,41.0,263.0
3,111,23.0,333.0,56.0,41.0
6,156,16.0,215.0,52.0,70.0
5,237,20.0,283.0,18.0,69.0
3,262,16.0,85.0,22.0,144.0
4,145,9.0,250.0,30.0,134.0
1,264,21.0,80.0,63.0,140.0
6,273,11.0,130.0,37.0,295.0
1,221,8.0,196.0,98.0,306.0
2,184,12.0,137.0,105.0,279.0
3,201,19.0,195.0,87.0,319.0
7,309,18.0,358.0,50.0,296.0
7,149,7.0,88.0,32.0,350.0
7,224,8.0,48.0,61.0,251.0
6,223,10.0,312.0,40.0,312.0
6,175,18.0,88.0,22.0,271.0
7,343,6.0,142.0,123.0,180.0
7,157,8.0,86.0,28.0,34.0
7,325,6.0,386.0,90.0,325.0
1,176,14.0,285.0,29.0,273.0
5,346,13.0,176.0,92.0,376.0
4,85,6.0,237.0,26.0,59.0
3,40,9.0,138.0,123.0,341.0
6,16,21.0,146.0,53.0,104.0
1,29,14.0,263.0,100.0,389.0
3,363,6.0,253.0,16.0,326.0
1,121,6.0,333.0,102.0,212.0
4,12,13.0,299.0,36.0,103.0
2,74,14.0,137.0,87.0,157.0
5,156,20.0,311.0,60.0,230.0
6,306,4.0,376.0,114.0,209.0
3,237,15.0,158.0,124.0,94.0
6,93,17.0,361.0,52.0,147.0
3,224,18.0,172.0,72.0,281.0
1,285,9.0,392.0,74.0,268.0
5,357,7.0,218.0,23.0,45.0
2,237,8.0,143.0,63.0,352.0
6,178,16.0,129.0,48.0,218.0
3,331,23.0,263.0,104.0,304.0
2,66,21.0,286.0,68.0,162.0
6,210,11.0,46.0,85.0,316.0
7,48,10.0,208.0,45.0,129.0
2,215,12.0,252.0,69.0,226.0
7,132,23.0,342.0,110.0,353.0
3,284,12.0,35.0,105.0,243.0
6,284,15.0,184.0,36.0,62.0
1,30,4.0,39.0,92.0,299.0
2,284,20.0,99.0,21.0,346.0
1,395,8.0,88.0,126.0,132.0
6,280,21.0,261.0,117.0,186.0
6,330,6.0,311.0,74.0,54.0
2,365,13.0,317.0,35.0,322.0
1,354,12.0,213.0,81.0,55.0
6,367,11.0,242.0,45.0,104.0
4,323,17.0,236.0,72.0,285.0
1,286,9.0,46.0,68.0,98.0
2,293,8.0,174.0,19.0,258.0
6,249,11.0,381.0,22.0,376.0
7,270,15.0,381.0,70.0,172.0
4,288,22.0,295.0,110.0,199.0
6,362,20.0,221.0,56.0,339.0
5,325,21.0,357.0,48.0,238.0
2,263,21.0,179.0,107.0,145.0
3,248,20.0,260.0,50.0,249.0
2,97,15.0,398.0,23.0,373.0
1,316,19.0,210.0,96.0,395.0
2,257,11.0,373.0,54.0,151.0
2,367,17.0,328.0,59.0,305.0
7,27,23.0,121.0,108.0,197.0
3,140,4.0,305.0,101.0,123.0
2,294,12.0,190.0,125.0,239.0
6,289,17.0,295.0,64.0,274.0
4,226,13.0,35.0,39.0,207.0
5,295,15.0,355.0,57.0,213.0
4,340,14.0,34.0,39.0,232.0
5,194,6.0,49.0,122.0,277.0
7,121,18.0,231.0,62.0,392.0
2,144,10.0,107.0,114.0,345.0
3,121,14.0,282.0,94.0,261.0
6,298,9.0,208.0,25.0,111.0
5,353,20.0,38.0,41.0,41.0
1,187,14.0,239.0,36.0,310.0
7,154,12.0,262.0,74.0,335.0
1,167,4.0,196.0,52.0,264.0
7,234,17.0,282.0,18.0,42.0
1,65,23.0,397.0,51.0,246.0
4,159,5.0,104.0,43.0,166.0
6,172,5.0,293.0,101.0,163.0
7,26,12.0,125.0,20.0,53.0
3,167,18.0,178.0,123.0,130.0
2,301,11.0,284.0,59.0,26.0
5,99,8.0,372.0,125.0,281.0
4,318,7.0,369.0,118.0,259.0
1,50,23.0,81.0,25.0,150.0
6,235,19.0,299.0,123.0,294.0
5,112,12.0,175.0,86.0,74.0
6,297,16.0,352.0,40.0,98.0
7,318,6.0,97.0,110.0,238.0
2,45,8.0,319.0,102.0,141.0
3,266,15.0,103.0,38.0,119.0
6,187,5.0,17.0,71.0,33.0
7,88,16.0,214.0,25.0,294.0
5,156,4.0,389.0,124.0,108.0
7,274,5.0,394.0,63.0,197.0
1,168,15.0,302.0,96.0,275.0
4,204,20.0,126.0,114.0,204.0
5,154,14.0,291.0,43.0,39.0
7,30,22.0,24.0,51.0,115.0
1,302,12.0,133.0,74.0,269.0
1,73,13.0,222.0,32.0,195.0
1,324,9.0,29.0,122.0,129.0
5,286,4.0,243.0,118.0,161.0
2,73,6.0,142.0,36.0,220.0
5,195,11.0,161.0,60.0,74.0
6,62,7.0,156.0,76.0,143.0
7,198,14.0,160.0,117.0,40.0
1,276,19.0,336.0,106.0,148.0
4,278,23.0,62.0,91.0,242.0
5,378,5.0,255.0,18.0,13.0
2,95,4.0,288.0,56.0,16.0
1,27,17.0,304.0,75.0,119.0
6,189,12.0,184.0,63.0,310.0
2,282,20.0,300.0,36.0,233.0
1,84,7.0,300.0,38.0,265.0
5,142,6.0,386.0,57.0,38.0
4,217,18.0,204.0,22.0,64.0
7,35,20.0,114.0,67.0,79.0
4,191,16.0,35.0,91.0,20.0
2,118,18.0,97.0,116.0,394.0
3,308,9.0,223.0,98.0,216.0
7,196,14.0,292.0,60.0,99.0
5,166,20.0,43.0,68.0,18.0
6,179,20.0,258.0,113.0,379.0
6,316,12.0,354.0,25.0,289.0
2,277,7.0,269.0,16.0,116.0
5,37,5.0,342.0,122.0,353.0
6,199,16.0,384.0,119.0,304.0
7,96,16.0,327.0,51.0,270.0
1,261,10.0,11.0,96.0,281.0
5,357,15.0,267.0,103.0,190.0
4,22,18.0,369.0,29.0,294.0
3,262,17.0,365.0,24.0,344.0
4,319,16.0,66.0,125.0,358.0
4,54,6.0,375.0,83.0,340.0
3,211,13.0,177.0,94.0,256.0
1,125,4.0,378.0,102.0,197.0
2,257,22.0,260.0,65.0,106.0
7,26,7.0,384.0,127.0,219.0
2,19,13.0,270.0,89.0,336.0
7,388,12.0,53.0,79.0,350.0
4,54,18.0,376.0,50.0,369.0
6,223,7.0,339.0,104.0,116.0
3,359,5.0,56.0,52.0,274.0
2,301,23.0,213.0,127.0,297.0
4,390,8.0,204.0,72.0,31.0
6,109,22.0,268.0,60.0,92.0
5,97,16.0,239.0,20.0,288.0
2,19,14.0,213.0,52.0,243.0
4,382,9.0,370.0,87.0,223.0
6,214,15.0,25.0,78.0,335.0
6,99,22.0,333.0,67.0,359.0
4,15,5.0,362.0,98.0,162.0
3,180,13.0,38.0,19.0,65.0
3,202,22.0,195.0,126.0,113.0
5,128,10.0,129.0,93.0,45.0
5,135,14.0,239.0,33.0,316.0
2,48,19.0,87.0,124.0,58.0
1,385,13.0,272.0,38.0,310.0
4,346,5.0,377.0,53.0,159.0
1,74,4.0,132.0,120.0,140.0
2,182,6.0,50.0,26.0,80.0
1,51,12.0,17.0,51.0,193.0
2,87,19.0,333.0,54.0,181.0
7,348,6.0,306.0,89.0,289.0
2,395,16.0,85.0,60.0,231.0
1,269,18.0,332.0,106.0,195.0
3,146,7.0,365.0,65.0,23.0
5,14,21.0,132.0,125.0,56.0
5,292,16.0,68.0,62.0,379.0
4,41,7.0,69.0,61.0,230.0
1,99,18.0,211.0,19.0,82.0
5,367,19.0,108.0,125.0,310.0
4,206,21.0,124.0,48.0,358.0
2,113,16.0,293.0,87.0,124.0
6,112,16.0,357.0,126.0,343.0
6,397,4.0,396.0,83.0,45.0
7,178,16.0,89.0,85.0,193.0
2,167,17.0,183.0,125.0,291.0
2,59,13.0,191.0,118.0,307.0
5,186,12.0,99.0,113.0,286.0
7,274,10.0,320.0,44.0,161.0
2,354,10.0,356.0,60.0,146.0
6,58,4.0,195.0,98.0,351.0
4,74,13.0,40.0,113.0,116.0
6,171,5.0,73.0,81.0,208.0
6,24,15.0,369.0,124.0,18.0
3,192,22.0,243.0,117.0,93.0
7,254,15.0,28.0,68.0,395.0
4,82,21.0,122.0,82.0,82.0
2,14,19.0,261.0,107.0,362.0
5,345,12.0,278.0,104.0,85.0
5,13,7.0,108.0,91.0,247.0
5,291,4.0,82.0,115.0,289.0
1,231,12.0,28.0,96.0,192.0
5,102,19.0,279.0,19.0,341.0
5,264,13.0,266.0,44.0,85.0
7,353,8.0,372.0,21.0,374.0
3,110,5.0,206.0,55.0,61.0
3,158,22.0,351.0,43.0,132.0
2,40,15.0,214.0,34.0,296.0
6,315,21.0,36.0,73.0,274.0
3,379,9.0,49.0,96.0,255.0
5,136,16.0,221.0,66.0,108.0
2,367,9.0,299.0,82.0,310.0
6,320,13.0,52.0,105.0,361.0
4,214,20.0,194.0,62.0,304.0
5,358,4.0,189.0,31.0,193.0
7,29,11.0,366.0,50.0,76.0
3,228,21.0,249.0,31.0,220.0
2,234,16.0,51.0,89.0,314.0
4,68,17.0,344.0,37.0,25.0
3,306,9.0,303.0,18.0,246.0
4,89,9.0,130.0,32.0,79.0
3,299,6.0,316.0,34.0,19.0
1,187,14.0,186.0,65.0,172.0
7,246,11.0,377.0,30.0,33.0
6,203,13.0,236.0,97.0,57.0
6,84,20.0,270.0,125.0,191.0
1,242,7.0,95.0,69.0,305.0
5,245,18.0,258.0,50.0,172.0
6,323,8.0,258.0,109.0,212.0
3,300,10.0,317.0,118.0,358.0
2,51,21.0,113.0,71.0,269.0
2,101,8.0,238.0,32.0,48.0
2,394,9.0,336.0,81.0,106.0
5,358,10.0,151.0,123.0,208.0
6,285,14.0,169.0,56.0,21.0
1,294,19.0,365.0,18.0,94.0
1,247,5.0,354.0,54.0,121.0
7,372,5.0,351.0,106.0,313.0
5,395,14.0,90.0,89.0,229.0
5,206,17.0,336.0,64.0,375.0
3,204,12.0,84.0,30.0,340.0
1,64,10.0,292.0,118.0,18.0
4,31,12.0,378.0,126.0,275.0
1,288,12.0,190.0,119.0,392.0
2,126,7.0,48.0,98.0,310.0
2,121,5.0,290.0,114.0,92.0
4,269,7.0,230.0,47.0,78.0
5,68,19.0,34.0,40.0,149.0
7,320,7.0,125.0,94.0,364.0
6,315,23.0,233.0,122.0,135.0
3,207,7.0,334.0,108.0,25.0
7,245,7.0,188.0,47.0,345.0
3,244,11.0,107.0,104.0,351.0
3,199,23.0,294.0,106.0,393.0
1,216,6.0,271.0,77.0,64.0
5,202,6.0,225.0,127.0,81.0
1,313,8.0,66.0,73.0,120.0
6,362,10.0,214.0,81.0,241.0
2,58,23.0,115.0,95.0,353.0
5,106,4.0,204.0,68.0,62.0
4,74,22.0,103.0,31.0,237.0
7,262,20.0,25.0,77.0,380.0
3,113,5.0,113.0,72.0,201.0
3,61,5.0,195.0,99.0,49.0
7,331,15.0,146.0,29.0,239.0
5,239,16.0,19.0,29.0,91.0
4,87,8.0,276.0,124.0,11.0
4,300,13.0,222.0,37.0,87.0
1,322,16.0,244.0,42.0,135.0
6,97,17.0,229.0,38.0,179.0
6,279,15.0,150.0,90.0,275.0
6,370,12.0,387.0,46.0,125.0
6,17,22.0,184.0,81.0,266.0
4,385,6.0,367.0,123.0,322.0
3,379,20.0,158.0,26.0,227.0
6,85,8.0,63.0,38.0,156.0
3,17,14.0,237.0,82.0,160.0
6,382,15.0,325.0,19.0,21.0
5,50,16.0,104.0,31.0,73.0
1,110,16.0,36.0,108.0,330.0
2,130,16.0,49.0,73.0,55.0
6,161,15.0,61.0,80.0,55.0
1,93,18.0,272.0,40.0,205.0
7,106,4.0,101.0,108.0,391.0
4,399,19.0,52.0,21.0,391.0
3,26,13.0,16.0,52.0,293.0
7,171,15.0,35.0,68.0,208.0
5,181,18.0,320.0,112.0,206.0
5,207,7.0,174.0,44.0,118.0
5,267,17.0,246.0,27.0,288.0
4,284,22.0,281.0,74.0,298.0
4,366,22.0,243.0,57.0,395.0
2,145,22.0,136.0,107.0,341.0
4,191,19.0,306.0,24.0,12.0
2,315,22.0,126.0,31.0,202.0
2,69,17.0,200.0,44.0,37.0
4,156,20.0,142.0,20.0,33.0
3,330,9.0,256.0,104.0,97.0
6,162,4.0,151.0,69.0,75.0
4,12,14.0,130.0,35.0,350.0
1,266,21.0,161.0,123.0,109.0
3,214,10.0,344.0,61.0,283.0
5,280,15.0,87.0,111.0,26.0
4,209,22.0,257.0,62.0,49.0
2,369,9.0,40.0,22.0,306.0
4,221,14.0,106.0,59.0,328.0
7,357,10.0,273.0,121.0,16.0
2,295,5.0,26.0,119.0,378.0
1,334,10.0,329.0,58.0,37.0
1,238,16.0,157.0,114.0,239.0
7,212,17.0,108.0,85.0,356.0
4,58,9.0,324.0,20.0,122.0
7,104,9.0,335.0,25.0,276.0
6,46,23.0,20.0,110.0,116.0
3,340,13.0,24.0,62.0,217.0
4,316,5.0,160.0,98.0,226.0
4,271,17.0,316.0,43.0,309.0
3,258,17.0,362.0,87.0,100.0
6,172,19.0,216.0,96.0,286.0
7,243,7.0,100.0,111.0,259.0
2,353,15.0,112.0,26.0,250.0
2,298,6.0,140.0,53.0,356.0
3,149,21.0,219.0,41.0,143.0
6,329,22.0,29.0,58.0,189.0
5,77,15.0,263.0,118.0,251.0
2,167,10.0,364.0,111.0,342.0
6,386,18.0,329.0,28.0,223.0
2,221,19.0,69.0,114.0,271.0
5,169,22.0,362.0,44.0,165.0
3,385,12.0,224.0,106.0,219.0
4,130,21.0,164.0,84.0,386.0
2,331,21.0,76.0,56.0,43.0
4,379,12.0,169.0,17.0,256.0
1,211,9.0,207.0,74.0,170.0
4,92,5.0,266.0,48.0,73.0
2,139,19.0,242.0,20.0,376.0
3,75,10.0,168.0,94.0,174.0
3,80,14.0,62.0,109.0,282.0
4,132,16.0,61.0,81.0,150.0
6,73,18.0,347.0,20.0,273.0
3,17,18.0,241.0,49.0,52.0
3,199,6.0,59.0,46.0,363.0
4,242,18.0,373.0,42.0,393.0
7,80,16.0,19.0,39.0,154.0
2,36,16.0,160.0,42.0,344.0
6,150,4.0,356.0,27.0,273.0
1,57,5.0,366.0,58.0,19.0
3,357,9.0,304.0,122.0,30.0
7,233,22.0,159.0,103.0,302.0
1,55,17.0,335.0,126.0,74.0
4,158,18.0,340.0,39.0,12.0
1,129,7.0,366.0,98.0,223.0
1,301,5.0,280.0,35.0,259.0
6,94,11.0,58.0,57.0,397.0
2,336,10.0,63.0,18.0,33.0
6,269,13.0,231.0,60.0,117.0
3,320,14.0,117.0,29.0,37.0
7,246,13.0,271.0,63.0,15.0
5,93,11.0,320.0,45.0,348.0
6,43,5.0,262.0,88.0,277.0
7,81,14.0,220.0,45.0,38.0
3,183,7.0,280.0,110.0,94.0
7,341,11.0,146.0,123.0,34.0
5,293,21.0,177.0,99.0,111.0
7,279,16.0,221.0,114.0,290.0
1,337,6.0,281.0,114.0,44.0
7,395,10.0,39.0,16.0,92.0
2,234,17.0,163.0,83.0,216.0
2,19,22.0,110.0,22.0,268.0
7,244,17.0,292.0,106.0,52.0
3,52,12.0,187.0,72.0,146.0
7,147,17.0,170.0,21.0,265.0
2,286,22.0,106.0,98.0,335.0
3,111,19.0,372.0,38.0,339.0
3,103,17.0,236.0,46.0,103.0
4,333,8.0,307.0,45.0,313.0
3,313,16.0,126.0,54.0,211.0
5,395,21.0,358.0,109.0,309.0
7,127,21.0,55.0,38.0,160.0
3,395,13.0,312.0,86.0,23.0
2,310,21.0,217.0,29.0,54.0
1,259,23.0,29.0,49.0,80.0
4,301,5.0,202.0,89.0,175.0
5,178,10.0,247.0,41.0,67.0
6,57,14.0,187.0,47.0,99.0
4,371,11.0,166.0,112.0,276.0
1,331,11.0,78.0,41.0,148.0
1,48,6.0,172.0,127.0,291.0
7,145,4.0,218.0,71.0,103.0
1,103,23.0,314.0,27.0,185.0
5,374,17.0,317.0,107.0,337.0
1,179,4.0,154.0,48.0,192.0
4,247,15.0,223.0,32.0,379.0
1,360,15.0,391.0,51.0,34.0
1,108,9.0,42.0,95.0,123.0
1,389,11.0,275.0,81.0,362.0
5,270,22.0,384.0,27.0,190.0
2,364,8.0,43.0,74.0,219.0
2,259,13.0,363.0,19.0,41.0
5,290,5.0,43.0,105.0,85.0
5,163,7.0,226.0,48.0,113.0
4,17,10.0,339.0,102.0,318.0
7,356,5.0,281.0,85.0,199.0
4,351,17.0,48.0,102.0,13.0
3,236,4.0,82.0,71.0,72.0
6,303,14.0,243.0,56.0,240.0
6,261,17.0,229.0,46.0,237.0
3,177,18.0,193.0,16.0,284.0
7,33,4.0,287.0,73.0,342.0
7,46,7.0,397.0,22.0,321.0
7,384,15.0,264.0,72.0,84.0
6,247,21.0,282.0,46.0,250.0
3,282,18.0,275.0,95.0,319.0
6,247,8.0,148.0,102.0,359.0
7,216,6.0,351.0,113.0,127.0
1,176,6.0,232.0,49.0,367.0
6,76,17.0,104.0,108.0,222.0
4,93,4.0,318.0,72.0,282.0
1,14,19.0,328.0,60.0,323.0
5,324,15.0,232.0,23.0,98.0
6,337,21.0,68.0,58.0,379.0
5,254,6.0,118.0,54.0,83.0
1,209,6.0,201.0,103.0,365.0
3,110,11.0,399.0,29.0,383.0
7,107,17.0,71.0,84.0,80.0
6,190,17.0,57.0,30.0,91.0
5,249,19.0,41.0,42.0,257.0
3,228,12.0,37.0,98.0,103.0
6,55,10.0,369.0,114.0,158.0
5,74,13.0,366.0,20.0,173.0
1,149,16.0,41.0,106.0,390.0
5,285,11.0,250.0,71.0,346.0
7,286,8.0,295.0,122.0,112.0
6,196,23.0,186.0,123.0,320.0
6,340,19.0,223.0,46.0,322.0
2,140,5.0,249.0,92.0,255.0
3,221,15.0,64.0,93.0,78.0
6,79,20.0,307.0,98.0,396.0
6,389,7.0,299.0,21.0,373.0
5,239,6.0,277.0,34.0,159.0
6,155,20.0,245.0,82.0,304.0
1,280,15.0,71.0,118.0,394.0
1,139,23.0,362.0,118.0,115.0
4,240,13.0,156.0,48.0,253.0
5,382,12.0,67.0,65.0,147.0
4,331,20.0,195.0,126.0,241.0
5,262,22.0,71.0,52.0,198.0
5,312,9.0,180.0,93.0,301.0
6,124,21.0,39.0,105.0,74.0
4,349,15.0,266.0,52.0,285.0
3,161,14.0,34.0,51.0,215.0
7,315,14.0,102.0,125.0,378.0
5,264,21.0,165.0,40.0,225.0
3,211,7.0,27.0,46.0,208.0
4,378,6.0,252.0,16.0,23.0
1,329,6.0,112.0,118.0,127.0
1,16,10.0,235.0,125.0,263.0
4,228,19.0,359.0,22.0,267.0
1,19,5.0,27.0,21.0,326.0
5,26,5.0,140.0,91.0,375.0
1,110,9.0,286.0,55.0,20.0
3,227,19.0,43.0,67.0,144.0
4,276,6.0,306.0,37.0,311.0
6,311,16.0,165.0,83.0,210.0
2,313,16.0,389.0,104.0,106.0
6,221,23.0,54.0,56.0,376.0
5,334,9.0,297.0,17.0,365.0
6,101,4.0,352.0,93.0,77.0
2,194,21.0,95.0,120.0,31.0
7,381,10.0,13.0,30.0,265.0
3,283,22.0,217.0,30.0,305.0
3,87,9.0,363.0,83.0,212.0
6,52,7.0,64.0,102.0,124.0
1,394,6.0,64.0,114.0,307.0
4,325,16.0,139.0,62.0,306.0
2,281,10.0,374.0,29.0,362.0
7,252,17.0,221.0,107.0,208.0
6,361,9.0,141.0,98.0,91.0
5,63,7.0,111.0,30.0,106.0
5,55,21.0,84.0,79.0,11.0
2,134,7.0,300.0,45.0,42.0
3,32,14.0,333.0,90.0,157.0
6,369,6.0,386.0,121.0,215.0
4,20,19.0,27.0,29.0,38.0
1,236,19.0,267.0,27.0,149.0
5,156,17.0,27.0,120.0,52.0
1,133,9.0,346.0,114.0,208.0
6,115,5.0,205.0,74.0,223.0
2,379,16.0,383.0,54.0,185.0
5,392,20.0,383.0,96.0,306.0
4,296,21.0,372.0,103.0,303.0
4,367,15.0,207.0,53.0,115.0
2,181,11.0,200.0,89.0,370.0
7,65,20.0,205.0,95.0,286.0
5,302,16.0,77.0,106.0,398.0
7,343,12.0,293.0,114.0,324.0
4,351,9.0,323.0,74.0,129.0
5,259,9.0,378.0,52.0,297.0
6,51,22.0,335.0,35.0,222.0
4,129,4.0,16.0,102.0,164.0
3,231,11.0,172.0,78.0,64.0
6,316,20.0,389.0,91.0,168.0
7,234,14.0,310.0,47.0,22.0
6,118,23.0,101.0,54.0,224.0
3,238,5.0,70.0,41.0,370.0
2,242,12.0,346.0,115.0,85.0
2,41,13.0,382.0,40.0,291.0
2,384,4.0,99.0,97.0,221.0
6,123,8.0,301.0,46.0,169.0
4,33,13.0,287.0,61.0,353.0
7,109,22.0,266.0,71.0,132.0
3,99,13.0,196.0,41.0,371.0
3,245,10.0,158.0,108.0,330.0
5,109,15.0,314.0,79.0,262.0
5,171,20.0,60.0,103.0,98.0
4,355,18.0,79.0,91.0,331.0
4,163,17.0,354.0,68.0,39.0
4,313,7.0,214.0,41.0,45.0
2,284,5.0,251.0,21.0,54.0
7,293,6.0,52.0,64.0,346.0
4,87,10.0,26.0,108.0,94.0
7,54,22.0,42.0,116.0,216.0
3,313,11.0,346.0,88.0,18.0
6,99,17.0,228.0,91.0,310.0
4,54,7.0,249.0,64.0,99.0
1,157,10.0,185.0,88.0,259.0
4,137,20.0,292.0,70.0,235.0
6,28,19.0,101.0,104.0,146.0
4,71,18.0,144.0,74.0,122.0
7,76,4.0,219.0,119.0,107.0
4,394,18.0,326.0,22.0,314.0
6,393,20.0,250.0,62.0,205.0
4,106,21.0,213.0,105.0,266.0
2,313,12.0,164.0,62.0,313.0
6,274,9.0,177.0,108.0,109.0
3,105,9.0,268.0,16.0,347.0
5,297,16.0,299.0,117.0,383.0
7,127,16.0,56.0,83.0,237.0
7,357,13.0,286.0,74.0,119.0
1,193,23.0,351.0,103.0,391.0
4,10,7.0,260.0,40.0,74.0
2,341,20.0,252.0,92.0,263.0
4,190,6.0,61.0,83.0,329.0
3,161,7.0,158.0,18.0,319.0
5,180,8.0,133.0,83.0,337.0
1,389,23.0,30.0,103.0,246.0
3,127,17.0,397.0,40.0,36.0
4,350,16.0,344.0,114.0,237.0
3,126,9.0,337.0,79.0,374.0
1,196,4.0,358.0,114.0,92.0
2,28,19.0,223.0,107.0,17.0
7,44,6.0,198.0,92.0,51.0
3,153,10.0,14.0,38.0,122.0
5,202,15.0,293.0,102.0,117.0
1,156,12.0,59.0,94.0,234.0
6,88,9.0,242.0,28.0,251.0
3,186,21.0,151.0,86.0,257.0
6,247,4.0,311.0,28.0,279.0
3,190,8.0,66.0,18.0,354.0
5,250,8.0,161.0,36.0,357.0
4,196,19.0,160.0,125.0,98.0
3,222,22.0,150.0,79.0,178.0
2,203,20.0,337.0,19.0,11.0
4,301,19.0,288.0,102.0,254.0
3,94,14.0,85.0,67.0,218.0
4,118,18.0,283.0,46.0,301.0
4,350,20.0,54.0,96.0,117.0
7,110,4.0,397.0,54.0,35.0
6,155,4.0,293.0,73.0,232.0
4,16,23.0,132.0,119.0,209.0
3,239,22.0,115.0,111.0,288.0
2,107,9.0,295.0,69.0,152.0
6,231,17.0,240.0,72.0,38.0
1,358,12.0,282.0,65.0,43.0
4,209,21.0,378.0,96.0,63.0
7,69,23.0,83.0,114.0,244.0
1,140,15.0,322.0,70.0,220.0
6,173,5.0,91.0,29.0,342.0
5,215,14.0,393.0,115.0,330.0
6,54,10.0,149.0,31.0,252.0
5,357,16.0,329.0,111.0,121.0
4,118,9.0,264.0,86.0,350.0
6,334,23.0,13.0,39.0,244.0
5,386,23.0,223.0,104.0,260.0
7,19,8.0,133.0,36.0,181.0
4,130,19.0,103.0,113.0,51.0
1,183,5.0,349.0,100.0,193.0
3,217,14.0,224.0,89.0,251.0
5,276,15.0,219.0,112.0,109.0
4,11,14.0,212.0,116.0,39.0
7,129,19.0,300.0,74.0,104.0
2,228,5.0,325.0,108.0,80.0
7,184,18.0,119.0,43.0,81.0
5,134,10.0,292.0,28.0,252.0
3,43,4.0,220.0,65.0,253.0
7,24,21.0,304.0,114.0,198.0
6,336,14.0,295.0,57.0,362.0
1,155,20.0,131.0,64.0,146.0
2,297,14.0,229.0,23.0,223.0
6,117,7.0,397.0,68.0,131.0
4,164,17.0,80.0,106.0,222.0
3,219,19.0,366.0,76.0,249.0
6,371,6.0,253.0,18.0,269.0
3,125,21.0,321.0,86.0,175.0
5,386,7.0,156.0,111.0,98.0
2,11,8.0,109.0,39.0,341.0
3,200,14.0,219.0,109.0,207.0
3,118,5.0,14.0,45.0,216.0
3,115,19.0,35.0,20.0,89.0
7,137,17.0,322.0,118.0,133.0
6,380,10.0,123.0,46.0,143.0
6,326,10.0,263.0,88.0,147.0
6,224,5.0,45.0,39.0,177.0
3,206,15.0,100.0,66.0,198.0
3,180,21.0,110.0,110.0,120.0
3,259,4.0,53.0,69.0,215.0
7,375,10.0,310.0,17.0,233.0
3,378,8.0,163.0,84.0,360.0
6,300,10.0,247.0,34.0,197.0
3,121,5.0,356.0,96.0,109.0
5,371,20.0,358.0,89.0,194.0
3,61,14.0,23.0,88.0,315.0
4,344,21.0,258.0,66.0,189.0
1,208,20.0,295.0,19.0,16.0
7,59,12.0,357.0,53.0,390.0
3,155,15.0,272.0,76.0,15.0
2,58,22.0,171.0,82.0,149.0
3,289,17.0,385.0,55.0,91.0
6,332,9.0,275.0,115.0,244.0
6,343,6.0,64.0,50.0,348.0
4,325,8.0,257.0,74.0,203.0
6,147,22.0,185.0,116.0,309.0
7,348,15.0,191.0,79.0,248.0
2,359,21.0,265.0,43.0,33.0
3,178,9.0,150.0,37.0,43.0
1,99,9.0,239.0,95.0,16.0
3,157,20.0,138.0,56.0,199.0
3,393,6.0,19.0,43.0,193.0
2,376,5.0,25.0,33.0,187.0
5,356,11.0,339.0,60.0,371.0
1,200,11.0,112.0,125.0,64.0
3,382,9.0,88.0,19.0,229.0
7,376,15.0,53.0,27.0,295.0
2,239,14.0,74.0,24.0,345.0
6,126,19.0,59.0,45.0,119.0
7,30,16.0,345.0,60.0,341.0
4,368,14.0,374.0,81.0,267.0
2,95,4.0,127.0,107.0,360.0
6,332,13.0,236.0,76.0,150.0
5,151,15.0,307.0,102.0,182.0
5,205,7.0,238.0,31.0,138.0
1,199,11.0,351.0,50.0,180.0
2,293,12.0,236.0,126.0,81.0
4,365,9.0,296.0,79.0,204.0
1,232,16.0,393.0,45.0,343.0
7,342,6.0,125.0,45.0,262.0
6,117,9.0,387.0,24.0,361.0
7,254,18.0,235.0,93.0,66.0
7,102,7.0,174.0,43.0,371.0
5,265,4.0,208.0,111.0,289.0
4,366,19.0,23.0,60.0,127.0
7,225,7.0,333.0,107.0,296.0
4,222,17.0,118.0,94.0,42.0
4,346,6.0,123.0,33.0,169.0
6,121,22.0,339.0,17.0,53.0
7,391,10.0,62.0,48.0,55.0
1,173,21.0,103.0,57.0,94.0
4,241,23.0,322.0,69.0,300.0
5,167,8.0,332.0,107.0,178.0
7,287,21.0,301.0,73.0,190.0
3,46,22.0,105.0,22.0,62.0
6,112,18.0,158.0,23.0,200.0
6,57,14.0,233.0,70.0,163.0
6,110,9.0,348.0,37.0,360.0
2,137,22.0,194.0,51.0,120.0
5,298,4.0,200.0,95.0,375.0
3,386,18.0,20.0,34.0,132.0
5,368,13.0,247.0,51.0,244.0
4,15,20.0,317.0,52.0,300.0
5,380,4.0,19.0,125.0,361.0
6,246,13.0,379.0,17.0,341.0
6,64,21.0,122.0,86.0,11.0
1,237,17.0,384.0,43.0,81.0
3,351,22.0,247.0,126.0,44.0
4,220,5.0,185.0,117.0,272.0
1,34,16.0,59.0,105.0,392.0
7,285,14.0,195.0,40.0,74.0
1,392,14.0,133.0,63.0,244.0
6,130,9.0,169.0,102.0,346.0
4,318,6.0,77.0,29.0,350.0
1,166,17.0,84.0,122.0,34.0
3,378,5.0,28.0,86.0,100.0
7,40,4.0,198.0,112.0,305.0
1,298,22.0,259.0,101.0,336.0
7,391,21.0,17.0,37.0,175.0
6,343,12.0,68.0,17.0,216.0
7,30,16.0,176.0,123.0,265.0
6,364,6.0,56.0,124.0,235.0
3,109,4.0,39.0,35.0,291.0
1,216,10.0,116.0,50.0,346.0
4,234,10.0,40.0,67.0,17.0
5,66,22.0,274.0,25.0,117.0
3,200,14.0,349.0,42.0,322.0
6,30,15.0,254.0,33.0,349.0
4,336,15.0,255.0,30.0,333.0
7,136,11.0,98.0,103.0,279.0
5,260,11.0,214.0,101.0,55.0
3,117,14.0,147.0,16.0,372.0
6,390,4.0,97.0,29.0,95.0
2,108,14.0,33.0,20.0,191.0
6,134,18.0,224.0,109.0,247.0
1,373,7.0,391.0,45.0,174.0
6,361,9.0,117.0,72.0,380.0
1,57,19.0,128.0,22.0,70.0
7,173,5.0,291.0,107.0,181.0
2,42,11.0,398.0,64.0,164.0
1,203,22.0,231.0,96.0,253.0
1,84,10.0,322.0,99.0,44.0
6,240,8.0,332.0,65.0,285.0
1,259,21.0,237.0,120.0,107.0
2,218,16.0,20.0,118.0,187.0
4,111,7.0,63.0,52.0,303.0
1,30,21.0,204.0,74.0,109.0
7,313,22.0,184.0,109.0,294.0
6,98,8.0,359.0,85.0,225.0
4,226,12.0,292.0,115.0,272.0
4,28,8.0,172.0,89.0,196.0
1,386,16.0,250.0,83.0,345.0
4,344,21.0,266.0,122.0,355.0
4,368,23.0,343.0,41.0,306.0
3,269,7.0,387.0,90.0,125.0
5,170,23.0,36.0,111.0,111.0
2,328,10.0,49.0,119.0,284.0
2,218,15.0,63.0,81.0,27.0
3,232,8.0,296.0,93.0,313.0
3,334,7.0,264.0,125.0,364.0
6,253,20.0,76.0,105.0,30.0
7,71,16.0,60.0,123.0,15.0
6,260,8.0,27.0,56.0,180.0
2,31,13.0,145.0,124.0,104.0
2,114,21.0,326.0,126.0,221.0
5,22,13.0,272.0,72.0,196.0
3,22,10.0,205.0,34.0,385.0
6,382,15.0,306.0,26.0,155.0
7,130,7.0,299.0,20.0,198.0
6,108,23.0,151.0,127.0,390.0
5,385,18.0,198.0,46.0,17.0
6,29,16.0,184.0,38.0,298.0
5,369,10.0,277.0,76.0,21.0
6,262,21.0,367.0,72.0,287.0
7,154,12.0,49.0,26.0,191.0
1,304,15.0,284.0,50.0,125.0
4,208,19.0,349.0,58.0,158.0
6,281,19.0,87.0,37.0,386.0
5,106,20.0,369.0,37.0,135.0
5,144,7.0,292.0,58.0,153.0
2,321,18.0,385.0,90.0,345.0
5,350,15.0,64.0,69.0,70.0
5,88,16.0,393.0,79.0,362.0
1,34,14.0,271.0,121.0,111.0
3,377,13.0,338.0,86.0,376.0
3,359,15.0,164.0,46.0,380.0
5,21,19.0,55.0,50.0,239.0
3,162,9.0,201.0,119.0,45.0
2,201,12.0,174.0,89.0,60.0
2,121,15.0,189.0,16.0,313.0
2,373,23.0,199.0,126.0,56.0
1,23,11.0,148.0,124.0,154.0
5,253,13.0,274.0,111.0,142.0
4,280,10.0,146.0,99.0,160.0
2,18,20.0,96.0,47.0,91.0
6,353,20.0,262.0,48.0,169.0
2,32,19.0,50.0,18.0,356.0
1,165,22.0,241.0,32.0,166.0
2,155,4.0,321.0,17.0,229.0
2,181,23.0,147.0,18.0,325.0
7,21,6.0,113.0,81.0,26.0
1,258,8.0,158.0,95.0,328.0
7,182,7.0,207.0,66.0,316.0
7,285,8.0,238.0,19.0,220.0
2,105,19.0,30.0,19.0,93.0
2,323,14.0,100.0,64.0,255.0
6,121,17.0,329.0,54.0,55.0
1,161,22.0,282.0,66.0,352.0
4,283,22.0,90.0,20.0,368.0
5,299,17.0,380.0,78.0,216.0
4,370,10.0,231.0,47.0,94.0
2,24,9.0,242.0,86.0,217.0
5,116,10.0,227.0,107.0,229.0
3,320,4.0,307.0,75.0,72.0
2,189,13.0,105.0,44.0,389.0
4,106,10.0,257.0,93.0,155.0
5,309,6.0,293.0,34.0,207.0
4,309,7.0,222.0,31.0,36.0
3,307,7.0,328.0,52.0,48.0
4,104,23.0,175.0,58.0,30.0
3,362,23.0,335.0,25.0,102.0
1,351,20.0,282.0,62.0,340.0
2,149,15.0,283.0,91.0,83.0
7,136,22.0,377.0,67.0,67.0
4,95,13.0,237.0,78.0,240.0
2,398,21.0,267.0,90.0,281.0
5,258,4.0,246.0,71.0,40.0
2,248,14.0,331.0,64.0,145.0
7,272,22.0,196.0,24.0,171.0
3,207,15.0,219.0,91.0,345.0
2,223,15.0,89.0,99.0,300.0
6,317,4.0,324.0,82.0,206.0
7,209,18.0,387.0,74.0,185.0
5,190,12.0,379.0,65.0,33.0
2,250,6.0,233.0,86.0,135.0
2,329,9.0,95.0,55.0,214.0
5,257,20.0,93.0,31.0,54.0
1,268,23.0,28.0,67.0,42.0
1,110,12.0,385.0,113.0,44.0
6,111,22.0,240.0,79.0,353.0
1,64,9.0,210.0,18.0,25.0
1,43,10.0,370.0,56.0,52.0
7,214,18.0,73.0,42.0,389.0
4,321,12.0,61.0,27.0,333.0
6,135,5.0,128.0,66.0,101.0
3,317,7.0,376.0,28.0,29.0
7,60,21.0,64.0,51.0,355.0
2,42,17.0,386.0,75.0,94.0
5,92,11.0,157.0,115.0,58.0
6,176,18.0,53.0,108.0,18.0
7,360,5.0,97.0,112.0,295.0
1,216,18.0,124.0,25.0,332.0
1,397,16.0,27.0,55.0,156.0
7,246,19.0,366.0,48.0,264.0
6,105,22.0,176.0,43.0,101.0
1,122,9.0,74.0,36.0,393.0
7,194,7.0,360.0,18.0,288.0
2,144,21.0,38.0,40.0,244.0
6,123,15.0,88.0,125.0,203.0
2,36,18.0,354.0,102.0,211.0
6,242,15.0,151.0,77.0,129.0
5,45,18.0,188.0,17.0,237.0
1,85,23.0,38.0,111.0,31.0
1,201,20.0,353.0,90.0,293.0
2,276,15.0,43.0,122.0,226.0
6,270,7.0,151.0,100.0,346.0
5,294,4.0,389.0,48.0,365.0
1,17,21.0,244.0,111.0,373.0
7,254,7.0,363.0,63.0,172.0
5,355,22.0,222.0,63.0,279.0
6,59,21.0,294.0,69.0,383.0
3,198,22.0,277.0,124.0,247.0
1,258,17.0,291.0,33.0,134.0
1,280,10.0,14.0,101.0,171.0
5,60,20.0,113.0,45.0,126.0
7,222,20.0,250.0,65.0,99.0
1,52,16.0,68.0,119.0,364.0
4,24,8.0,235.0,18.0,132.0
1,63,10.0,36.0,79.0,83.0
6,251,10.0,284.0,108.0,160.0
1,387,9.0,26.0,32.0,73.0
2,188,9.0,102.0,47.0,60.0
4,28,5.0,298.0,87.0,371.0
4,221,8.0,370.0,31.0,292.0
5,319,23.0,399.0,84.0,10.0
2,293,23.0,209.0,81.0,243.0
5,351,18.0,368.0,24.0,83.0
7,228,5.0,369.0,21.0,75.0
3,49,23.0,63.0,23.0,104.0
1,154,8.0,149.0,93.0,387.0
7,25,14.0,251.0,120.0,346.0
7,379,18.0,217.0,113.0,58.0
4,167,20.0,16.0,77.0,239.0
3,11,14.0,396.0,99.0,166.0
5,273,7.0,110.0,30.0,34.0
5,320,14.0,90.0,50.0,320.0
1,68,4.0,244.0,97.0,31.0
5,396,9.0,356.0,95.0,115.0
6,358,8.0,344.0,20.0,346.0
2,344,5.0,308.0,29.0,53.0
2,202,4.0,356.0,85.0,383.0
3,71,9.0,24.0,112.0,296.0
7,20,8.0,204.0,30.0,22.0
6,268,7.0,126.0,90.0,170.0
4,172,7.0,399.0,17.0,99.0
3,189,22.0,180.0,33.0,187.0
1,214,13.0,243.0,96.0,24.0
1,133,21.0,374.0,122.0,218.0
4,294,10.0,122.0,67.0,89.0
4,300,13.0,154.0,64.0,163.0
2,335,16.0,192.0,59.0,99.0
7,227,23.0,164.0,17.0,12.0
3,80,7.0,202.0,100.0,163.0
3,60,19.0,84.0,103.0,190.0
7,220,19.0,314.0,51.0,366.0
4,159,13.0,167.0,80.0,18.0
3,56,12.0,234.0,60.0,194.0
2,314,9.0,141.0,35.0,361.0
2,13,17.0,61.0,121.0,237.0
3,191,23.0,115.0,68.0,203.0
6,168,18.0,191.0,61.0,154.0
4,63,10.0,33.0,19.0,24.0
1,286,9.0,255.0,100.0,218.0
1,283,6.0,244.0,65.0,22.0
2,276,22.0,155.0,50.0,223.0
6,325,7.0,311.0,127.0,13.0
4,184,12.0,213.0,80.0,159.0
2,255,22.0,35.0,38.0,353.0
6,85,4.0,158.0,51.0,362.0
1,344,17.0,186.0,94.0,141.0
5,205,10.0,40.0,61.0,81.0
2,249,16.0,178.0,104.0,94.0
3,192,12.0,222.0,120.0,51.0
7,168,18.0,373.0,44.0,28.0
6,148,13.0,100.0,73.0,125.0
4,91,4.0,282.0,93.0,43.0
3,325,15.0,80.0,52.0,29.0
1,346,6.0,128.0,90.0,309.0
2,287,10.0,19.0,103.0,78.0
1,312,11.0,243.0,57.0,314.0
2,348,15.0,202.0,44.0,72.0
2,200,11.0,229.0,81.0,130.0
4,122,23.0,143.0,24.0,193.0
3,262,20.0,97.0,102.0,28.0
2,391,20.0,246.0,33.0,136.0
3,232,4.0,282.0,28.0,15.0
3,290,14.0,296.0,40.0,24.0
1,239,14.0,320.0,69.0,137.0
1,285,11.0,35.0,35.0,371.0
4,169,18.0,54.0,18.0,393.0
2,75,18.0,70.0,55.0,241.0
3,204,6.0,184.0,81.0,84.0
5,277,9.0,139.0,94.0,144.0
5,349,20.0,377.0,117.0,60.0
3,114,21.0,124.0,59.0,217.0
1,118,16.0,89.0,122.0,189.0
7,26,18.0,309.0,85.0,266.0
1,68,12.0,138.0,21.0,294.0
1,39,18.0,366.0,110.0,378.0
3,89,16.0,179.0,100.0,309.0
3,120,10.0,254.0,112.0,355.0
4,38,18.0,125.0,93.0,293.0
2,373,15.0,380.0,107.0,377.0
2,314,15.0,62.0,74.0,383.0
4,117,16.0,138.0,116.0,76.0
5,167,5.0,237.0,113.0,391.0
5,241,12.0,317.0,112.0,67.0
3,363,5.0,242.0,84.0,46.0
3,63,7.0,382.0,49.0,304.0
4,360,6.0,346.0,61.0,153.0
1,241,22.0,345.0,103.0,279.0
1,349,9.0,296.0,62.0,372.0
4,229,17.0,198.0,34.0,320.0
5,287,8.0,324.0,44.0,171.0
5,345,14.0,304.0,17.0,109.0
7,135,16.0,193.0,41.0,147.0
2,326,8.0,267.0,109.0,161.0
6,219,16.0,64.0,103.0,157.0
4,212,8.0,12.0,33.0,179.0
6,340,12.0,251.0,16.0,357.0
5,154,13.0,175.0,93.0,360.0
2,152,22.0,126.0,104.0,286.0
2,234,13.0,80.0,29.0,145.0
1,360,22.0,382.0,33.0,153.0
7,189,19.0,344.0,106.0,179.0
3,135,9.0,203.0,51.0,282.0
1,153,7.0,79.0,22.0,367.0
1,95,8.0,151.0,85.0,162.0
6,204,18.0,252.0,31.0,399.0
2,222,15.0,222.0,102.0,130.0
4,160,6.0,62.0,25.0,33.0
3,66,6.0,311.0,23.0,254.0
6,42,8.0,306.0,42.0,55.0
5,86,9.0,173.0,73.0,350.0
6,83,17.0,366.0,102.0,374.0
5,106,5.0,232.0,71.0,30.0
5,202,5.0,165.0,32.0,99.0
1,285,17.0,189.0,120.0,262.0
4,399,4.0,77.0,116.0,85.0
2,314,4.0,224.0,24.0,225.0
3,44,22.0,185.0,90.0,183.0
7,353,4.0,239.0,52.0,26.0
7,210,5.0,190.0,72.0,82.0
7,391,15.0,341.0,25.0,309.0
6,14,8.0,352.0,63.0,11.0
4,347,13.0,294.0,113.0,243.0
7,280,5.0,240.0,99.0,209.0
2,285,7.0,379.0,50.0,31.0
1,91,4.0,151.0,62.0,280.0
4,288,8.0,363.0,111.0,195.0
3,363,18.0,292.0,124.0,178.0
2,348,11.0,294.0,115.0,339.0
1,333,8.0,216.0,118.0,296.0
5,46,19.0,276.0,49.0,204.0
6,315,13.0,372.0,54.0,226.0
5,27,23.0,333.0,108.0,200.0
4,127,7.0,329.0,51.0,374.0
6,119,13.0,89.0,47.0,78.0
6,168,18.0,296.0,98.0,308.0
5,242,19.0,239.0,102.0,13.0
4,227,12.0,162.0,23.0,250.0
1,394,19.0,209.0,120.0,210.0
4,246,15.0,118.0,102.0,73.0
7,345,17.0,300.0,114.0,165.0
2,339,20.0,281.0,74.0,265.0
5,338,8.0,203.0,67.0,361.0
7,25,10.0,346.0,56.0,37.0
6,395,15.0,330.0,87.0,92.0
3,112,18.0,353.0,23.0,78.0
3,252,12.0,213.0,93.0,170.0
1,102,9.0,74.0,64.0,311.0
5,94,7.0,233.0,16.0,96.0
3,43,5.0,309.0,99.0,249.0
7,105,4.0,320.0,104.0,81.0
2,120,13.0,59.0,79.0,396.0
5,165,18.0,138.0,39.0,168.0
1,210,21.0,253.0,86.0,339.0
5,146,10.0,99.0,30.0,30.0
1,303,20.0,309.0,36.0,230.0
2,279,20.0,221.0,36.0,78.0
5,180,23.0,94.0,94.0,340.0
1,385,8.0,219.0,59.0,105.0
3,145,23.0,71.0,48.0,64.0
1,322,9.0,290.0,87.0,249.0
5,330,15.0,250.0,28.0,228.0
2,347,17.0,365.0,121.0,359.0
1,154,7.0,186.0,118.0,355.0
1,175,19.0,227.0,28.0,272.0
4,173,20.0,21.0,73.0,277.0
5,91,16.0,345.0,87.0,327.0
6,212,21.0,52.0,83.0,153.0
1,153,16.0,261.0,60.0,36.0
7,390,4.0,286.0,51.0,109.0
6,225,4.0,331.0,75.0,115.0
7,312,22.0,52.0,40.0,207.0
2,65,9.0,242.0,50.0,106.0
4,161,21.0,258.0,124.0,298.0
4,35,23.0,241.0,125.0,175.0
3,220,7.0,219.0,80.0,307.0
4,319,13.0,52.0,81.0,316.0
3,105,8.0,142.0,38.0,301.0
6,356,14.0,341.0,71.0,108.0
6,261,14.0,90.0,67.0,149.0
1,260,10.0,395.0,77.0,229.0
2,289,19.0,264.0,108.0,242.0
5,18,23.0,260.0,59.0,141.0
2,278,20.0,215.0,64.0,243.0
7,246,4.0,335.0,92.0,326.0
6,274,10.0,287.0,45.0,168.0
4,99,17.0,354.0,27.0,76.0
2,367,12.0,46.0,19.0,259.0
2,40,7.0,94.0,43.0,314.0
6,71,20.0,84.0,32.0,141.0
3,184,20.0,15.0,57.0,319.0
7,144,16.0,316.0,112.0,188.0
6,21,5.0,315.0,104.0,48.0
1,396,7.0,261.0,104.0,313.0
4,339,8.0,325.0,79.0,223.0
2,288,14.0,296.0,38.0,392.0
1,352,16.0,60.0,43.0,323.0
7,237,7.0,67.0,55.0,139.0
6,153,18.0,120.0,126.0,386.0
3,111,19.0,215.0,70.0,171.0
1,367,11.0,57.0,74.0,226.0
5,235,22.0,116.0,23.0,349.0
7,171,15.0,296.0,72.0,282.0
2,19,11.0,311.0,92.0,323.0
1,140,11.0,154.0,91.0,346.0
3,57,5.0,232.0,26.0,243.0
7,193,17.0,55.0,119.0,186.0
2,297,16.0,57.0,28.0,307.0
7,254,20.0,185.0,75.0,183.0
6,39,5.0,374.0,109.0,200.0
2,343,6.0,294.0,88.0,176.0
4,69,4.0,304.0,100.0,140.0
3,232,7.0,146.0,56.0,82.0
3,101,15.0,298.0,76.0,317.0
5,22,7.0,315.0,93.0,171.0
2,287,7.0,154.0,28.0,68.0
1,59,4.0,298.0,85.0,161.0
7,293,16.0,53.0,44.0,327.0
2,196,6.0,274.0,62.0,93.0
3,215,18.0,16.0,24.0,127.0
2,160,11.0,90.0,16.0,283.0
7,68,15.0,57.0,62.0,31.0
3,114,8.0,322.0,71.0,53.0
4,186,23.0,37.0,81.0,78.0
5,158,23.0,51.0,97.0,286.0
1,273,19.0,346.0,72.0,353.0
1,56,13.0,104.0,109.0,109.0
2,133,11.0,120.0,30.0,353.0
6,381,16.0,294.0,35.0,100.0
4,40,6.0,312.0,84.0,320.0
2,376,8.0,200.0,80.0,97.0
4,363,10.0,186.0,35.0,230.0
7,14,4.0,89.0,78.0,117.0
7,269,7.0,343.0,34.0,218.0
3,149,6.0,61.0,29.0,136.0
2,361,5.0,381.0,30.0,238.0
7,255,15.0,37.0,94.0,187.0
3,149,6.0,229.0,91.0,385.0
7,168,4.0,279.0,102.0,63.0
5,182,10.0,161.0,112.0,186.0
7,55,4.0,209.0,16.0,174.0
6,191,12.0,156.0,24.0,367.0
1,232,22.0,267.0,118.0,207.0
4,43,13.0,112.0,52.0,358.0
7,109,11.0,196.0,114.0,236.0
6,58,21.0,301.0,25.0,385.0
4,51,17.0,308.0,91.0,146.0
7,209,23.0,36.0,105.0,10.0
5,101,7.0,306.0,36.0,116.0
6,268,15.0,201.0,24.0,122.0
1,247,18.0,394.0,19.0,277.0
5,114,15.0,270.0,87.0,293.0
2,48,22.0,125.0,111.0,81.0
6,324,5.0,192.0,26.0,96.0
5,108,23.0,381.0,126.0,224.0
4,149,21.0,111.0,47.0,391.0
7,210,7.0,269.0,86.0,102.0
7,69,15.0,312.0,37.0,192.0
2,64,10.0,238.0,102.0,361.0
5,360,15.0,63.0,58.0,83.0
4,127,8.0,82.0,65.0,238.0
1,90,8.0,41.0,87.0,226.0
3,57,13.0,30.0,92.0,267.0
6,79,11.0,301.0,78.0,261.0
1,376,11.0,355.0,99.0,258.0
1,353,23.0,368.0,71.0,182.0
7,337,22.0,49.0,60.0,104.0
2,146,17.0,251.0,87.0,209.0
2,135,22.0,335.0,39.0,347.0
1,151,22.0,18.0,63.0,154.0
4,83,12.0,252.0,115.0,341.0
5,73,8.0,204.0,110.0,309.0
2,148,22.0,114.0,53.0,186.0
2,257,23.0,41.0,110.0,64.0
6,386,18.0,103.0,45.0,389.0
6,323,12.0,148.0,47.0,102.0
3,74,16.0,126.0,49.0,277.0
2,291,22.0,304.0,19.0,91.0
3,257,9.0,48.0,77.0,78.0
2,83,5.0,211.0,125.0,17.0
3,223,18.0,300.0,33.0,259.0
3,238,22.0,321.0,85.0,365.0
5,322,22.0,318.0,99.0,271.0
2,36,17.0,195.0,31.0,279.0
2,336,21.0,141.0,63.0,302.0
5,180,18.0,364.0,35.0,59.0
7,309,16.0,225.0,20.0,82.0
5,157,7.0,33.0,58.0,114.0
2,262,4.0,381.0,77.0,181.0
3,378,8.0,281.0,73.0,371.0
1,116,19.0,82.0,99.0,164.0
2,207,13.0,49.0,103.0,289.0
1,66,23.0,362.0,45.0,216.0
4,321,12.0,208.0,32.0,57.0
6,296,18.0,132.0,19.0,123.0
5,341,17.0,384.0,80.0,383.0
6,79,13.0,175.0,25.0,218.0
5,268,7.0,385.0,101.0,164.0
4,255,12.0,116.0,62.0,361.0
3,325,11.0,295.0,104.0,70.0
5,181,11.0,130.0,51.0,213.0
2,260,21.0,339.0,56.0,205.0
4,207,10.0,226.0,105.0,384.0
5,184,20.0,165.0,20.0,340.0
3,269,8.0,120.0,118.0,198.0
2,14,19.0,137.0,30.0,187.0
5,26,19.0,61.0,37.0,254.0
1,381,13.0,228.0,42.0,356.0
4,15,21.0,104.0,80.0,78.0
5,115,12.0,255.0,49.0,72.0
2,393,23.0,386.0,24.0,233.0
7,302,23.0,285.0,109.0,357.0
4,285,22.0,311.0,58.0,178.0
4,40,21.0,246.0,59.0,333.0
1,84,8.0,386.0,97.0,279.0
4,317,20.0,163.0,34.0,215.0
4,46,12.0,381.0,111.0,58.0
3,365,15.0,393.0,104.0,155.0
1,23,7.0,298.0,30.0,301.0
5,284,23.0,76.0,112.0,307.0
5,115,23.0,335.0,105.0,191.0
7,280,23.0,227.0,103.0,131.0
1,20,19.0,105.0,26.0,393.0
4,77,23.0,252.0,99.0,181.0
6,262,10.0,236.0,62.0,252.0
1,321,18.0,230.0,67.0,157.0
3,311,21.0,316.0,119.0,269.0
2,392,14.0,117.0,85.0,63.0
3,77,16.0,282.0,16.0,286.0
4,137,5.0,351.0,30.0,29.0
2,224,6.0,363.0,31.0,230.0
5,109,10.0,290.0,110.0,90.0
5,82,23.0,241.0,84.0,86.0
6,181,8.0,42.0,17.0,45.0
6,13,20.0,88.0,103.0,51.0
4,394,5.0,260.0,117.0,68.0
6,275,17.0,58.0,64.0,369.0
6,292,16.0,396.0,85.0,137.0
5,273,10.0,108.0,115.0,317.0
7,150,22.0,139.0,19.0,363.0
6,34,8.0,75.0,92.0,101.0
7,198,11.0,159.0,80.0,128.0
1,10,7.0,286.0,122.0,18.0
6,235,20.0,203.0,99.0,178.0
5,22,10.0,27.0,78.0,278.0
5,130,8.0,297.0,48.0,276.0
4,310,5.0,375.0,125.0,287.0
7,324,23.0,25.0,124.0,179.0
5,29,11.0,344.0,103.0,247.0
6,39,11.0,150.0,46.0,227.0
3,222,14.0,396.0,48.0,16.0
6,334,18.0,53.0,52.0,43.0
5,390,22.0,287.0,69.0,123.0
3,109,12.0,213.0,82.0,92.0
7,95,19.0,359.0,90.0,353.0
3,211,8.0,357.0,45.0,399.0
5,167,20.0,201.0,88.0,139.0
1,30,18.0,377.0,107.0,175.0
4,100,10.0,243.0,102.0,195.0
2,119,12.0,348.0,30.0,163.0
4,269,16.0,375.0,103.0,132.0
7,46,16.0,352.0,79.0,307.0
6,59,19.0,271.0,28.0,68.0
2,317,19.0,54.0,17.0,138.0
3,381,5.0,396.0,119.0,300.0
7,27,15.0,23.0,24.0,47.0
5,87,11.0,35.0,48.0,368.0
7,35,16.0,376.0,126.0,221.0
4,230,23.0,240.0,34.0,167.0
2,37,23.0,95.0,78.0,194.0
5,226,13.0,361.0,97.0,205.0
4,119,19.0,229.0,22.0,330.0
4,279,21.0,322.0,47.0,146.0
6,235,8.0,106.0,27.0,354.0
4,26,4.0,291.0,52.0,279.0
6,31,19.0,167.0,112.0,207.0
1,103,23.0,75.0,96.0,225.0
3,197,16.0,98.0,72.0,260.0
6,297,13.0,392.0,108.0,254.0
5,260,23.0,23.0,92.0,240.0
4,341,6.0,30.0,63.0,267.0
2,350,13.0,127.0,29.0,113.0
1,132,18.0,341.0,95.0,23.0
4,228,21.0,179.0,118.0,141.0
1,89,7.0,21.0,123.0,111.0
3,318,16.0,369.0,53.0,306.0
3,398,11.0,390.0,64.0,151.0
6,322,19.0,191.0,42.0,12.0
5,266,9.0,250.0,85.0,370.0
7,125,21.0,396.0,54.0,393.0
6,355,10.0,138.0,104.0,257.0
4,283,4.0,20.0,59.0,57.0
2,201,21.0,255.0,84.0,117.0
6,387,18.0,339.0,85.0,288.0
7,63,6.0,159.0,123.0,233.0
1,216,5.0,108.0,50.0,46.0
3,294,13.0,74.0,19.0,317.0
5,237,7.0,319.0,32.0,139.0
3,32,23.0,351.0,33.0,83.0
7,78,19.0,324.0,44.0,234.0
6,284,14.0,150.0,71.0,249.0
1,142,14.0,209.0,78.0,96.0
4,284,23.0,351.0,87.0,396.0
7,215,15.0,268.0,92.0,116.0
3,272,21.0,244.0,20.0,277.0
7,92,11.0,132.0,68.0,243.0
7,142,16.0,185.0,27.0,53.0
2,182,8.0,188.0,40.0,259.0
5,160,19.0,218.0,76.0,366.0
4,349,9.0,121.0,30.0,198.0
1,158,8.0,391.0,66.0,141.0
4,91,13.0,252.0,120.0,200.0
6,397,15.0,157.0,80.0,51.0
2,383,11.0,57.0,102.0,225.0
5,352,20.0,176.0,80.0,70.0
4,15,8.0,41.0,66.0,72.0
3,301,10.0,279.0,76.0,290.0
2,130,12.0,79.0,32.0,100.0
1,102,22.0,39.0,120.0,122.0
4,326,9.0,380.0,25.0,147.0
3,314,15.0,347.0,113.0,382.0
2,137,5.0,296.0,40.0,290.0
3,92,13.0,355.0,77.0,128.0
3,244,14.0,51.0,52.0,13.0
4,315,12.0,17.0,71.0,286.0
6,385,12.0,377.0,53.0,41.0
1,101,18.0,81.0,99.0,83.0
7,388,23.0,69.0,80.0,370.0
4,325,7.0,377.0,119.0,35.0
5,55,4.0,282.0,79.0,111.0
7,116,8.0,256.0,101.0,391.0
3,165,21.0,67.0,43.0,111.0
2,380,4.0,70.0,90.0,202.0
5,169,14.0,225.0,60.0,181.0
6,312,17.0,160.0,118.0,177.0
2,355,7.0,178.0,73.0,158.0
1,190,20.0,84.0,79.0,317.0
2,359,11.0,32.0,34.0,95.0
6,92,23.0,88.0,101.0,331.0
1,163,19.0,38.0,117.0,82.0
1,56,13.0,130.0,93.0,282.0
6,182,15.0,48.0,45.0,27.0
4,49,15.0,283.0,92.0,135.0
1,256,13.0,11.0,98.0,140.0
6,18,20.0,109.0,113.0,11.0
7,374,4.0,275.0,51.0,307.0
6,141,8.0,252.0,22.0,31.0
2,247,9.0,111.0,72.0,191.0
3,45,10.0,143.0,68.0,359.0
6,230,7.0,262.0,48.0,334.0
7,364,8.0,22.0,40.0,338.0
2,318,18.0,53.0,123.0,134.0
2,182,23.0,104.0,25.0,305.0
2,155,21.0,277.0,43.0,16.0
3,183,7.0,225.0,69.0,179.0
5,76,20.0,129.0,53.0,329.0
7,171,4.0,225.0,72.0,133.0
6,301,9.0,58.0,81.0,92.0
4,278,17.0,17.0,96.0,399.0
3,390,11.0,151.0,85.0,239.0
1,179,16.0,118.0,121.0,292.0
7,321,14.0,236.0,99.0,23.0
4,345,9.0,287.0,124.0,48.0
5,217,11.0,223.0,55.0,397.0
6,150,10.0,234.0,50.0,113.0
6,224,17.0,226.0,35.0,119.0
4,322,16.0,374.0,88.0,214.0
6,257,20.0,231.0,38.0,191.0
2,286,10.0,21.0,46.0,231.0
3,34,11.0,338.0,124.0,201.0
4,240,15.0,240.0,113.0,80.0
4,74,6.0,155.0,106.0,115.0
2,143,7.0,13.0,118.0,21.0
3,49,18.0,110.0,117.0,287.0
6,339,11.0,334.0,20.0,29.0
1,173,22.0,92.0,102.0,127.0
7,57,10.0,197.0,121.0,363.0
5,180,14.0,263.0,33.0,399.0
3,289,23.0,253.0,60.0,153.0
7,197,18.0,388.0,86.0,299.0
7,113,8.0,327.0,89.0,346.0
4,63,14.0,393.0,50.0,51.0
4,369,4.0,73.0,111.0,128.0
6,142,13.0,236.0,92.0,336.0
5,340,12.0,83.0,65.0,359.0
2,78,10.0,93.0,43.0,338.0
1,260,8.0,115.0,22.0,354.0
3,136,8.0,29.0,99.0,305.0
3,24,5.0,354.0,91.0,174.0
2,233,12.0,264.0,19.0,58.0
4,98,16.0,316.0,96.0,375.0
6,99,13.0,140.0,68.0,367.0
6,260,12.0,92.0,18.0,27.0
4,151,17.0,380.0,103.0,147.0
1,302,6.0,167.0,104.0,336.0
7,72,18.0,84.0,61.0,211.0
1,196,15.0,92.0,30.0,188.0
3,230,5.0,170.0,31.0,304.0
7,278,22.0,363.0,105.0,56.0
7,302,14.0,102.0,66.0,336.0
5,56,17.0,12.0,58.0,393.0
2,363,11.0,64.0,31.0,151.0
2,63,19.0,219.0,117.0,122.0
2,272,16.0,221.0,73.0,150.0
6,142,21.0,142.0,60.0,192.0
1,33,12.0,324.0,116.0,106.0
7,38,12.0,27.0,124.0,261.0
2,35,17.0,219.0,22.0,398.0
5,164,19.0,244.0,55.0,74.0
5,71,7.0,110.0,38.0,394.0
5,209,6.0,301.0,121.0,321.0
7,111,12.0,233.0,85.0,19.0
2,10,20.0,118.0,55.0,43.0
4,80,14.0,282.0,112.0,322.0
7,388,15.0,93.0,47.0,117.0
6,72,20.0,368.0,74.0,105.0
3,129,11.0,247.0,108.0,38.0
5,281,9.0,95.0,90.0,374.0
7,241,18.0,73.0,72.0,264.0
7,194,10.0,33.0,116.0,62.0
4,162,11.0,20.0,75.0,238.0
1,204,10.0,328.0,41.0,159.0
7,275,11.0,240.0,63.0,360.0
4,391,16.0,237.0,76.0,245.0
1,212,15.0,139.0,76.0,345.0
2,261,23.0,222.0,66.0,178.0
3,258,23.0,100.0,75.0,339.0
3,382,18.0,346.0,52.0,292.0
1,96,19.0,318.0,112.0,373.0
2,88,7.0,300.0,54.0,111.0
3,317,4.0,334.0,60.0,178.0
6,80,6.0,372.0,49.0,355.0
5,18,10.0,292.0,53.0,258.0
3,325,4.0,231.0,38.0,81.0
4,380,19.0,24.0,30.0,165.0
5,15,6.0,105.0,106.0,286.0
3,224,12.0,323.0,120.0,30.0
1,74,17.0,382.0,29.0,116.0
1,90,13.0,73.0,85.0,37.0
5,235,18.0,47.0,82.0,298.0
6,62,10.0,365.0,125.0,212.0
3,170,21.0,235.0,107.0,235.0
7,139,11.0,19.0,34.0,324.0
7,348,6.0,190.0,101.0,231.0
4,353,10.0,105.0,19.0,93.0
3,192,15.0,284.0,91.0,374.0
3,312,14.0,108.0,96.0,245.0
6,397,16.0,304.0,91.0,348.0
3,358,8.0,159.0,119.0,316.0
4,395,4.0,253.0,115.0,62.0
4,384,15.0,227.0,21.0,310.0
7,271,13.0,25.0,20.0,285.0
1,38,18.0,94.0,34.0,322.0
4,75,18.0,47.0,41.0,120.0
2,71,23.0,28.0,98.0,262.0
1,111,18.0,97.0,29.0,341.0
4,114,23.0,274.0,61.0,133.0
1,357,8.0,383.0,61.0,100.0
4,65,10.0,267.0,61.0,74.0
6,277,19.0,274.0,108.0,309.0
2,104,10.0,161.0,114.0,117.0
5,80,12.0,132.0,106.0,299.0
2,43,19.0,376.0,103.0,334.0
3,259,17.0,304.0,87.0,369.0
3,189,17.0,81.0,31.0,351.0
2,58,21.0,329.0,90.0,50.0
6,118,20.0,210.0,75.0,67.0
3,51,18.0,132.0,117.0,213.0
7,82,21.0,17.0,76.0,99.0
1,259,5.0,309.0,92.0,125.0
3,383,14.0,111.0,43.0,397.0
6,396,19.0,162.0,107.0,188.0
5,239,5.0,77.0,25.0,317.0
1,71,11.0,259.0,31.0,363.0
5,210,8.0,223.0,63.0,216.0
3,79,4.0,351.0,90.0,112.0
4,168,23.0,29.0,113.0,303.0
7,200,5.0,371.0,31.0,38.0
3,288,10.0,63.0,124.0,198.0
2,177,18.0,302.0,45.0,215.0
2,345,14.0,320.0,110.0,11.0
1,185,21.0,97.0,21.0,227.0
2,321,7.0,106.0,54.0,147.0
6,373,22.0,354.0,97.0,237.0
7,262,5.0,232.0,76.0,185.0
2,305,23.0,17.0,46.0,320.0
7,284,18.0,151.0,39.0,156.0
6,161,21.0,189.0,111.0,367.0
5,111,5.0,373.0,34.0,322.0
6,41,19.0,324.0,71.0,369.0
7,374,18.0,169.0,24.0,396.0
4,244,15.0,269.0,92.0,239.0
2,168,15.0,86.0,53.0,369.0
4,377,22.0,277.0,20.0,51.0
1,223,23.0,253.0,17.0,332.0
6,220,9.0,327.0,95.0,76.0
7,123,16.0,364.0,67.0,66.0
4,290,22.0,287.0,119.0,164.0
3,173,5.0,179.0,89.0,184.0
7,361,7.0,274.0,29.0,176.0
2,391,18.0,355.0,18.0,335.0
3,312,5.0,167.0,102.0,336.0
4,352,9.0,174.0,24.0,137.0
6,218,23.0,27.0,124.0,312.0
7,377,20.0,70.0,90.0,307.0
3,348,11.0,33.0,58.0,185.0
5,228,10.0,117.0,96.0,346.0
4,273,20.0,236.0,118.0,261.0
5,78,4.0,37.0,60.0,360.0
2,215,21.0,130.0,109.0,132.0
3,146,16.0,73.0,52.0,149.0
1,63,18.0,118.0,42.0,12.0
7,386,11.0,366.0,35.0,221.0
3,380,17.0,51.0,32.0,257.0
2,288,10.0,56.0,67.0,22.0
1,349,9.0,11.0,17.0,272.0
1,300,12.0,191.0,121.0,182.0
4,209,7.0,216.0,32.0,349.0
3,387,7.0,378.0,84.0,364.0
5,297,9.0,328.0,115.0,217.0
3,291,10.0,397.0,21.0,55.0
7,346,7.0,283.0,95.0,315.0
1,365,4.0,158.0,32.0,268.0
3,114,12.0,68.0,90.0,113.0
3,265,22.0,264.0,111.0,233.0
5,144,8.0,151.0,80.0,136.0
1,366,14.0,357.0,19.0,37.0
5,152,9.0,253.0,109.0,376.0
1,143,4.0,106.0,113.0,171.0
3,252,10.0,99.0,48.0,296.0
3,235,10.0,161.0,59.0,297.0
6,85,8.0,311.0,74.0,90.0
2,66,15.0,195.0,60.0,186.0
1,355,23.0,43.0,49.0,98.0
6,358,12.0,220.0,58.0,91.0
5,91,19.0,304.0,100.0,245.0
4,372,5.0,255.0,124.0,192.0
7,58,4.0,129.0,109.0,147.0
2,398,23.0,29.0,100.0,61.0
3,267,21.0,127.0,26.0,114.0
1,337,18.0,22.0,65.0,391.0
7,337,19.0,42.0,110.0,82.0
6,193,4.0,102.0,51.0,220.0
1,132,19.0,23.0,125.0,334.0
1,34,16.0,167.0,79.0,277.0
6,83,20.0,48.0,42.0,73.0
4,341,5.0,203.0,100.0,103.0
2,29,19.0,283.0,113.0,95.0
4,178,16.0,67.0,120.0,201.0
7,389,7.0,118.0,57.0,52.0
1,20,19.0,376.0,47.0,244.0
3,130,9.0,46.0,106.0,392.0
4,67,17.0,194.0,76.0,310.0
2,371,14.0,156.0,25.0,19.0
5,202,7.0,156.0,39.0,399.0
3,164,22.0,79.0,90.0,25.0
6,90,10.0,266.0,100.0,343.0
7,357,14.0,331.0,117.0,155.0
6,211,12.0,394.0,90.0,382.0
6,201,16.0,68.0,98.0,160.0
7,178,20.0,74.0,127.0,318.0
3,237,12.0,377.0,17.0,335.0
7,274,22.0,172.0,63.0,243.0
4,233,15.0,103.0,126.0,216.0
4,214,21.0,360.0,103.0,245.0
4,129,19.0,284.0,120.0,98.0
2,374,18.0,24.0,71.0,99.0
3,113,14.0,39.0,98.0,216.0
5,32,12.0,366.0,34.0,370.0
7,62,16.0,162.0,36.0,253.0
2,204,9.0,355.0,127.0,220.0
6,61,13.0,232.0,27.0,207.0
1,116,15.0,208.0,29.0,124.0
1,232,23.0,140.0,100.0,120.0
3,183,6.0,153.0,71.0,110.0
3,194,16.0,203.0,17.0,245.0
7,80,9.0,175.0,64.0,288.0
2,216,15.0,65.0,83.0,336.0
3,118,11.0,203.0,26.0,71.0
1,42,6.0,140.0,90.0,130.0
2,13,15.0,135.0,33.0,80.0
1,375,23.0,17.0,29.0,259.0
7,378,12.0,318.0,48.0,48.0
7,342,23.0,170.0,74.0,23.0
7,99,4.0,189.0,78.0,262.0
2,373,4.0,333.0,87.0,316.0
5,178,6.0,294.0,45.0,74.0
4,139,20.0,123.0,124.0,51.0
3,37,5.0,322.0,120.0,281.0
3,134,12.0,399.0,64.0,89.0
5,163,17.0,155.0,67.0,313.0
6,303,17.0,82.0,89.0,303.0
2,241,17.0,146.0,32.0,296.0
3,65,12.0,163.0,83.0,237.0
1,350,12.0,115.0,47.0,235.0
5,232,6.0,294.0,23.0,32.0
5,284,10.0,192.0,69.0,45.0
1,321,17.0,193.0,72.0,112.0
1,327,22.0,231.0,127.0,270.0
3,266,19.0,34.0,30.0,148.0
2,270,6.0,324.0,30.0,106.0
2,399,10.0,262.0,115.0,292.0
6,329,14.0,230.0,63.0,266.0
1,34,13.0,123.0,102.0,327.0
5,273,5.0,145.0,39.0,252.0
4,179,20.0,156.0,52.0,377.0
3,223,19.0,372.0,103.0,115.0
6,77,18.0,225.0,108.0,385.0
3,338,4.0,182.0,67.0,155.0
1,261,7.0,89.0,102.0,367.0
5,387,14.0,189.0,110.0,112.0
2,174,19.0,289.0,59.0,386.0
1,198,6.0,13.0,56.0,129.0
2,295,22.0,356.0,112.0,166.0
5,342,23.0,58.0,127.0,24.0
2,127,4.0,121.0,52.0,372.0
1,170,23.0,262.0,107.0,45.0
5,73,10.0,386.0,68.0,21.0
5,327,23.0,199.0,70.0,214.0
5,185,8.0,253.0,65.0,323.0
1,150,22.0,66.0,76.0,252.0
3,88,13.0,122.0,105.0,336.0
4,298,21.0,12.0,38.0,391.0
7,137,11.0,134.0,76.0,67.0
3,162,9.0,32.0,44.0,168.0
5,365,4.0,36.0,111.0,77.0
1,273,6.0,272.0,67.0,282.0
3,129,16.0,204.0,117.0,55.0
5,127,19.0,332.0,112.0,121.0
4,298,6.0,357.0,114.0,249.0
2,26,14.0,41.0,34.0,269.0
6,291,4.0,389.0,79.0,32.0
3,95,19.0,254.0,46.0,277.0
4,118,4.0,160.0,50.0,293.0
4,314,4.0,316.0,25.0,26.0
3,194,15.0,356.0,65.0,398.0
6,347,7.0,368.0,47.0,380.0
3,75,14.0,232.0,58.0,152.0
5,252,14.0,321.0,80.0,15.0
4,219,8.0,132.0,49.0,140.0
4,366,7.0,392.0,100.0,17.0
5,318,4.0,118.0,76.0,208.0
5,163,13.0,62.0,91.0,367.0
7,140,12.0,25.0,26.0,284.0
7,25,11.0,335.0,53.0,171.0
4,272,15.0,152.0,66.0,113.0
3,346,20.0,172.0,98.0,233.0
6,339,9.0,307.0,64.0,175.0
7,14,5.0,102.0,61.0,20.0
4,146,10.0,290.0,17.0,67.0
6,40,11.0,169.0,105.0,88.0
4,347,6.0,86.0,30.0,12.0
2,72,19.0,231.0,43.0,74.0
6,96,22.0,11.0,19.0,145.0
1,179,12.0,279.0,120.0,35.0
2,72,7.0,68.0,105.0,36.0
6,150,23.0,267.0,72.0,144.0
2,10,23.0,313.0,91.0,217.0
5,251,22.0,213.0,123.0,120.0
2,311,13.0,17.0,30.0,328.0
2,131,6.0,134.0,111.0,104.0
5,115,21.0,183.0,54.0,89.0
2,173,23.0,180.0,105.0,109.0
2,263,13.0,175.0,50.0,290.0
4,273,19.0,91.0,38.0,214.0
2,145,18.0,371.0,85.0,323.0
3,27,20.0,111.0,82.0,147.0
2,181,16.0,173.0,110.0,335.0
4,373,10.0,53.0,23.0,225.0
4,34,23.0,126.0,96.0,11.0
3,19,16.0,263.0,85.0,55.0
3,169,6.0,334.0,88.0,58.0
3,332,15.0,169.0,43.0,177.0
5,20,19.0,140.0,82.0,211.0
1,219,23.0,107.0,109.0,349.0
6,239,20.0,183.0,115.0,140.0
4,31,8.0,82.0,72.0,137.0
1,385,10.0,268.0,122.0,190.0
7,22,5.0,381.0,81.0,54.0
2,212,17.0,201.0,34.0,14.0
5,154,8.0,253.0,38.0,278.0
5,183,22.0,126.0,57.0,69.0
2,348,21.0,340.0,73.0,11.0
5,229,12.0,273.0,48.0,263.0
6,220,13.0,31.0,74.0,260.0
5,66,9.0,272.0,77.0,87.0
7,216,4.0,22.0,37.0,37.0
7,247,4.0,28.0,17.0,60.0
3,290,22.0,97.0,104.0,112.0
2,225,8.0,325.0,125.0,259.0
6,371,20.0,184.0,66.0,227.0
2,388,10.0,246.0,23.0,48.0
4,355,11.0,67.0,31.0,386.0
2,369,11.0,283.0,107.0,99.0
1,246,8.0,339.0,18.0,281.0
3,300,5.0,342.0,55.0,129.0
5,230,13.0,286.0,110.0,322.0
1,389,7.0,275.0,104.0,90.0
4,72,18.0,181.0,37.0,105.0
2,255,23.0,260.0,40.0,177.0
6,24,14.0,264.0,64.0,24.0
4,38,7.0,375.0,63.0,304.0
1,50,8.0,48.0,107.0,244.0
6,311,18.0,32.0,52.0,346.0
4,214,12.0,81.0,110.0,302.0
4,163,12.0,340.0,49.0,366.0
6,116,15.0,266.0,29.0,68.0
6,170,11.0,10.0,95.0,251.0
6,143,6.0,374.0,22.0,368.0
6,397,14.0,111.0,116.0,185.0
6,214,20.0,364.0,51.0,363.0
5,38,15.0,176.0,81.0,237.0
1,117,16.0,115.0,112.0,383.0
7,150,12.0,136.0,89.0,134.0
4,19,8.0,242.0,74.0,183.0
1,339,7.0,245.0,38.0,127.0
5,61,15.0,146.0,43.0,52.0
5,68,13.0,266.0,34.0,138.0
4,67,8.0,359.0,89.0,131.0
1,56,5.0,341.0,113.0,64.0
7,166,20.0,80.0,87.0,98.0
4,136,15.0,47.0,51.0,398.0
7,30,18.0,248.0,19.0,398.0
4,250,23.0,329.0,92.0,223.0
3,397,20.0,17.0,87.0,80.0
6,267,8.0,17.0,74.0,163.0
5,336,18.0,137.0,59.0,32.0
1,140,14.0,242.0,57.0,206.0
7,228,5.0,153.0,48.0,181.0
5,210,8.0,31.0,47.0,87.0
6,150,10.0,91.0,108.0,212.0
1,112,13.0,22.0,74.0,264.0
7,296,18.0,104.0,32.0,382.0
6,360,14.0,367.0,71.0,203.0
2,207,20.0,95.0,29.0,101.0
7,284,7.0,387.0,19.0,377.0
5,373,18.0,163.0,121.0,235.0
3,290,6.0,345.0,25.0,363.0
6,237,18.0,183.0,47.0,90.0
6,384,5.0,173.0,88.0,261.0
5,203,11.0,237.0,67.0,129.0
5,258,16.0,210.0,116.0,234.0
5,339,6.0,152.0,125.0,380.0
7,202,7.0,180.0,127.0,318.0
5,82,18.0,12.0,63.0,389.0
3,353,7.0,353.0,17.0,68.0
4,266,9.0,51.0,20.0,221.0
3,239,19.0,170.0,96.0,262.0
6,234,18.0,258.0,83.0,352.0
2,55,14.0,14.0,42.0,341.0
6,206,14.0,147.0,91.0,137.0
1,64,6.0,330.0,92.0,319.0
2,190,5.0,195.0,17.0,167.0
5,248,20.0,105.0,97.0,31.0
7,278,12.0,348.0,113.0,352.0
7,25,5.0,345.0,69.0,44.0
6,58,22.0,48.0,65.0,57.0
5,56,21.0,219.0,63.0,169.0
1,39,8.0,111.0,24.0,194.0
3,298,10.0,22.0,50.0,322.0
5,164,14.0,92.0,108.0,138.0
5,359,17.0,106.0,94.0,204.0
3,61,14.0,277.0,68.0,130.0
6,345,14.0,49.0,125.0,324.0
1,301,7.0,199.0,126.0,267.0
7,180,16.0,363.0,124.0,32.0
6,364,22.0,358.0,31.0,99.0
1,393,14.0,101.0,53.0,268.0
5,94,23.0,48.0,52.0,267.0
3,351,19.0,187.0,101.0,113.0
6,115,22.0,197.0,105.0,47.0
4,156,12.0,323.0,62.0,156.0
5,232,12.0,98.0,62.0,23.0
7,84,19.0,358.0,41.0,257.0
4,194,11.0,255.0,26.0,380.0
4,343,9.0,321.0,45.0,249.0
7,399,15.0,14.0,40.0,378.0
6,287,12.0,267.0,29.0,330.0
7,369,15.0,53.0,114.0,332.0
3,364,16.0,308.0,29.0,310.0
5,390,22.0,325.0,76.0,298.0
1,268,5.0,104.0,58.0,257.0
6,107,9.0,341.0,47.0,197.0
4,384,23.0,261.0,69.0,161.0
3,176,19.0,93.0,78.0,166.0
2,60,17.0,368.0,83.0,327.0
6,53,23.0,104.0,40.0,189.0
4,100,15.0,27.0,104.0,33.0
1,204,23.0,293.0,55.0,138.0
5,237,14.0,279.0,69.0,65.0
7,144,12.0,72.0,20.0,89.0
3,116,11.0,351.0,109.0,345.0
2,52,13.0,325.0,17.0,377.0
5,192,19.0,15.0,78.0,47.0
1,48,22.0,356.0,32.0,233.0
4,278,14.0,223.0,110.0,239.0
6,214,7.0,368.0,78.0,84.0
7,172,9.0,152.0,109.0,310.0
4,32,7.0,34.0,111.0,114.0
1,265,4.0,222.0,24.0,84.0
6,364,4.0,74.0,109.0,81.0
6,237,17.0,97.0,42.0,179.0
4,32,19.0,370.0,117.0,107.0
7,234,9.0,23.0,121.0,215.0
6,92,21.0,369.0,83.0,14.0
4,240,12.0,165.0,37.0,91.0
4,395,19.0,346.0,100.0,305.0
6,124,14.0,101.0,81.0,269.0
7,392,7.0,272.0,35.0,47.0
5,278,4.0,31.0,95.0,180.0
2,275,20.0,247.0,123.0,329.0
7,52,5.0,201.0,62.0,16.0
6,330,8.0,158.0,97.0,247.0
2,168,5.0,19.0,109.0,393.0
2,148,8.0,383.0,124.0,136.0
7,384,17.0,320.0,90.0,357.0
2,197,15.0,300.0,72.0,32.0
5,218,16.0,61.0,27.0,121.0
3,146,13.0,299.0,72.0,90.0
7,25,21.0,372.0,88.0,336.0
7,231,8.0,169.0,93.0,383.0
4,391,20.0,258.0,119.0,387.0
7,241,4.0,258.0,64.0,45.0
3,346,22.0,66.0,76.0,59.0
7,194,20.0,62.0,63.0,184.0
5,396,12.0,229.0,84.0,272.0
5,208,23.0,204.0,110.0,20.0
1,148,8.0,90.0,102.0,11.0
5,111,23.0,333.0,58.0,346.0
5,331,17.0,158.0,125.0,118.0
1,320,5.0,11.0,26.0,101.0
2,78,13.0,115.0,56.0,92.0
1,273,20.0,16.0,97.0,357.0
4,138,12.0,187.0,53.0,142.0
3,26,13.0,266.0,72.0,79.0
3,248,16.0,192.0,94.0,46.0
2,88,14.0,340.0,115.0,347.0
1,335,18.0,101.0,112.0,248.0
7,322,9.0,223.0,42.0,383.0
6,58,12.0,319.0,123.0,72.0
1,64,9.0,383.0,17.0,210.0
7,161,11.0,112.0,31.0,97.0
2,167,20.0,36.0,117.0,290.0
7,197,8.0,324.0,58.0,16.0
5,287,13.0,246.0,44.0,381.0
6,96,10.0,290.0,95.0,325.0
2,262,14.0,220.0,42.0,160.0
3,162,8.0,153.0,72.0,110.0
6,199,10.0,270.0,25.0,126.0
1,216,16.0,53.0,111.0,263.0
4,361,19.0,204.0,78.0,335.0
1,174,21.0,330.0,24.0,359.0
6,324,11.0,135.0,40.0,18.0
3,193,21.0,194.0,32.0,120.0
7,376,20.0,159.0,96.0,96.0
1,110,10.0,156.0,61.0,21.0
1,80,12.0,159.0,42.0,45.0
4,392,12.0,46.0,121.0,257.0
5,163,19.0,261.0,46.0,169.0
6,244,8.0,15.0,106.0,290.0
2,335,9.0,107.0,104.0,378.0
6,303,4.0,215.0,26.0,372.0
7,38,22.0,221.0,58.0,134.0
1,373,21.0,309.0,114.0,199.0
3,45,7.0,342.0,109.0,333.0
1,280,17.0,188.0,72.0,163.0
6,237,13.0,274.0,116.0,91.0
5,246,21.0,353.0,39.0,347.0
7,351,8.0,126.0,118.0,240.0
4,356,4.0,319.0,114.0,360.0
3,105,15.0,157.0,71.0,307.0
4,233,14.0,308.0,21.0,339.0
1,281,6.0,376.0,71.0,385.0
1,128,13.0,216.0,127.0,344.0
7,381,23.0,257.0,113.0,132.0
7,156,12.0,135.0,82.0,275.0
6,145,16.0,125.0,96.0,275.0
4,83,18.0,268.0,114.0,185.0
4,345,7.0,63.0,104.0,294.0
2,113,13.0,173.0,97.0,12.0
5,180,19.0,324.0,71.0,329.0
1,19,16.0,55.0,85.0,180.0
5,128,16.0,358.0,74.0,53.0
7,31,17.0,253.0,25.0,338.0
4,335,22.0,86.0,57.0,75.0
2,361,16.0,257.0,95.0,311.0
3,236,14.0,265.0,111.0,44.0
4,365,20.0,263.0,22.0,32.0
4,105,8.0,256.0,84.0,78.0
2,45,9.0,28.0,28.0,61.0
5,394,14.0,119.0,18.0,79.0
2,337,21.0,85.0,84.0,279.0
1,86,8.0,342.0,40.0,250.0
1,263,21.0,224.0,104.0,380.0
6,282,16.0,264.0,108.0,87.0
1,268,6.0,170.0,33.0,93.0
3,69,17.0,174.0,115.0,67.0
3,203,5.0,36.0,26.0,365.0
6,164,7.0,233.0,34.0,191.0
5,280,10.0,310.0,122.0,16.0
5,50,20.0,159.0,82.0,15.0
6,217,20.0,249.0,78.0,180.0
6,242,9.0,296.0,19.0,15.0
4,227,5.0,356.0,74.0,61.0
3,186,20.0,32.0,50.0,236.0
2,174,5.0,222.0,71.0,219.0
2,361,23.0,269.0,94.0,193.0
2,187,16.0,41.0,89.0,173.0
7,40,12.0,81.0,51.0,230.0
4,50,19.0,30.0,65.0,324.0
4,183,22.0,87.0,92.0,22.0
6,96,5.0,192.0,70.0,24.0
1,146,6.0,40.0,86.0,201.0
5,192,22.0,156.0,56.0,337.0
3,20,23.0,346.0,105.0,233.0
2,88,16.0,152.0,81.0,292.0
5,336,18.0,315.0,94.0,377.0
3,75,11.0,305.0,80.0,98.0
7,130,19.0,142.0,35.0,342.0
4,240,5.0,124.0,72.0,176.0
4,242,9.0,240.0,35.0,148.0
2,204,17.0,163.0,117.0,397.0
5,18,9.0,183.0,91.0,251.0
2,391,10.0,305.0,112.0,315.0
7,311,4.0,316.0,123.0,81.0
5,27,13.0,21.0,112.0,43.0
3,341,7.0,153.0,36.0,111.0
4,62,9.0,248.0,66.0,76.0
7,288,10.0,159.0,39.0,275.0
2,383,11.0,318.0,63.0,141.0
2,204,18.0,328.0,68.0,350.0
3,313,12.0,37.0,69.0,334.0
1,98,7.0,396.0,115.0,203.0
3,47,21.0,227.0,83.0,151.0
3,169,13.0,315.0,33.0,144.0
4,125,7.0,396.0,89.0,388.0
1,102,18.0,235.0,38.0,74.0
2,197,19.0,27.0,70.0,120.0
6,291,13.0,89.0,94.0,101.0
5,97,7.0,324.0,66.0,378.0
2,224,4.0,262.0,36.0,369.0
4,111,18.0,316.0,79.0,304.0
7,306,23.0,236.0,46.0,97.0
3,352,14.0,321.0,104.0,193.0
2,32,8.0,283.0,112.0,259.0
6,219,17.0,19.0,60.0,46.0
7,294,10.0,358.0,72.0,361.0
2,168,18.0,11.0,66.0,159.0
7,48,19.0,60.0,79.0,303.0
5,307,20.0,181.0,57.0,16.0
5,244,17.0,63.0,72.0,211.0
1,265,12.0,79.0,38.0,32.0
6,60,20.0,217.0,55.0,19.0
6,227,23.0,386.0,28.0,95.0
3,294,11.0,36.0,51.0,103.0
4,198,17.0,14.0,50.0,72.0
3,46,21.0,313.0,62.0,155.0
4,168,22.0,395.0,23.0,326.0
4,276,20.0,144.0,81.0,169.0
2,108,12.0,122.0,37.0,50.0
5,332,5.0,351.0,120.0,385.0
2,74,20.0,290.0,55.0,211.0
7,298,14.0,396.0,37.0,41.0
6,107,11.0,352.0,91.0,310.0
4,398,8.0,17.0,22.0,62.0
4,72,5.0,169.0,65.0,124.0
1,150,18.0,283.0,64.0,282.0
7,397,21.0,67.0,40.0,231.0
4,193,6.0,54.0,86.0,92.0
5,150,8.0,213.0,48.0,316.0
2,243,19.0,69.0,60.0,20.0
5,54,22.0,299.0,78.0,264.0
5,242,18.0,67.0,58.0,113.0
7,382,10.0,382.0,80.0,55.0
5,238,12.0,223.0,77.0,207.0
2,175,8.0,81.0,68.0,338.0
7,377,8.0,238.0,106.0,86.0
1,302,19.0,109.0,17.0,224.0
5,72,20.0,287.0,101.0,65.0
1,11,4.0,23.0,61.0,192.0
3,370,7.0,92.0,105.0,68.0
3,133,9.0,239.0,98.0,78.0
5,135,23.0,185.0,114.0,312.0
2,297,7.0,129.0,51.0,201.0
6,230,12.0,369.0,41.0,157.0
1,74,20.0,393.0,104.0,300.0
1,253,11.0,302.0,93.0,397.0
4,38,9.0,233.0,41.0,49.0
5,385,21.0,179.0,125.0,203.0
1,346,7.0,239.0,124.0,371.0
4,195,8.0,174.0,125.0,201.0
4,214,23.0,111.0,44.0,16.0
4,336,7.0,353.0,40.0,308.0
2,203,13.0,268.0,55.0,198.0
6,235,4.0,368.0,54.0,64.0
5,128,15.0,81.0,91.0,89.0
7,350,22.0,67.0,112.0,39.0
2,102,18.0,232.0,34.0,249.0
3,31,19.0,248.0,99.0,185.0
3,380,17.0,336.0,94.0,175.0
5,190,19.0,236.0,22.0,394.0
4,331,15.0,184.0,24.0,68.0
5,74,17.0,332.0,36.0,186.0
5,317,7.0,250.0,112.0,42.0
7,355,23.0,248.0,88.0,330.0
4,29,23.0,56.0,38.0,171.0
6,30,16.0,332.0,97.0,315.0
6,73,13.0,254.0,116.0,205.0
7,152,18.0,295.0,126.0,196.0
2,282,17.0,88.0,21.0,289.0
7,41,22.0,88.0,102.0,208.0
4,100,13.0,247.0,70.0,383.0
2,130,4.0,207.0,26.0,317.0
3,348,8.0,204.0,111.0,339.0
6,244,15.0,289.0,79.0,18.0
6,102,6.0,286.0,40.0,18.0
1,281,18.0,120.0,72.0,63.0
4,74,9.0,68.0,119.0,161.0
1,100,19.0,344.0,71.0,69.0
1,369,23.0,342.0,96.0,164.0
4,199,9.0,84.0,123.0,309.0
2,394,13.0,210.0,89.0,232.0
6,71,15.0,396.0,24.0,130.0
6,385,7.0,208.0,54.0,394.0
3,173,4.0,179.0,18.0,148.0
3,115,12.0,166.0,19.0,54.0
1,327,11.0,32.0,66.0,153.0
2,358,21.0,321.0,123.0,389.0
5,384,19.0,143.0,91.0,113.0
3,190,22.0,93.0,60.0,121.0
3,266,18.0,99.0,77.0,225.0
7,20,21.0,117.0,122.0,233.0
4,136,13.0,331.0,45.0,280.0
4,349,8.0,167.0,74.0,176.0
4,340,20.0,39.0,20.0,222.0
5,107,16.0,109.0,105.0,324.0
3,385,19.0,27.0,121.0,234.0
2,233,13.0,259.0,89.0,170.0
2,123,7.0,62.0,100.0,208.0
3,44,13.0,165.0,41.0,292.0
6,283,5.0,259.0,98.0,352.0
6,66,23.0,228.0,77.0,92.0
7,266,19.0,49.0,23.0,61.0
5,13,7.0,339.0,88.0,348.0
1,362,7.0,126.0,65.0,170.0
5,371,18.0,168.0,66.0,174.0
1,58,11.0,264.0,56.0,105.0
2,332,7.0,191.0,64.0,56.0
3,116,16.0,133.0,23.0,374.0
6,86,6.0,344.0,44.0,147.0
6,295,20.0,11.0,115.0,195.0
3,320,9.0,246.0,73.0,79.0
4,334,10.0,40.0,59.0,165.0
3,189,5.0,174.0,86.0,23.0
7,142,15.0,136.0,126.0,215.0
7,161,15.0,313.0,42.0,278.0
7,138,11.0,158.0,56.0,398.0
6,202,16.0,205.0,79.0,224.0
7,309,17.0,259.0,23.0,258.0
4,73,14.0,192.0,88.0,291.0
4,245,6.0,98.0,40.0,106.0
3,178,23.0,338.0,109.0,51.0
6,80,10.0,162.0,58.0,90.0
6,359,19.0,268.0,83.0,250.0
7,169,15.0,366.0,69.0,65.0
2,132,18.0,182.0,61.0,339.0
4,331,17.0,215.0,117.0,95.0
1,208,4.0,32.0,119.0,83.0
6,364,15.0,384.0,124.0,314.0
1,102,23.0,333.0,127.0,190.0
2,199,10.0,66.0,77.0,115.0
1,10,10.0,294.0,127.0,104.0
7,156,13.0,189.0,78.0,195.0
7,175,21.0,389.0,114.0,200.0
4,277,4.0,193.0,17.0,36.0
4,196,8.0,119.0,33.0,20.0
2,386,8.0,353.0,99.0,64.0
5,226,16.0,145.0,80.0,117.0
4,218,12.0,292.0,52.0,131.0
4,45,6.0,93.0,43.0,375.0
5,76,10.0,396.0,77.0,233.0
2,161,9.0,110.0,103.0,70.0
1,211,16.0,311.0,107.0,173.0
3,370,4.0,106.0,85.0,240.0
4,57,13.0,270.0,59.0,99.0
2,168,5.0,339.0,55.0,207.0
1,384,7.0,316.0,36.0,228.0
1,234,15.0,11.0,113.0,392.0
3,324,4.0,268.0,44.0,324.0
1,252,22.0,37.0,42.0,343.0
1,82,19.0,140.0,90.0,20.0
1,149,20.0,226.0,102.0,81.0
3,129,9.0,55.0,38.0,249.0
2,83,7.0,390.0,26.0,52.0
6,174,8.0,171.0,98.0,250.0
6,261,5.0,155.0,17.0,232.0
5,145,13.0,386.0,78.0,54.0
4,325,18.0,202.0,70.0,20.0
4,168,9.0,225.0,68.0,217.0
3,383,5.0,33.0,17.0,47.0
4,262,8.0,116.0,36.0,170.0
4,389,21.0,248.0,109.0,207.0
4,194,19.0,384.0,52.0,160.0
2,376,11.0,66.0,121.0,43.0
2,164,16.0,81.0,122.0,217.0
4,267,11.0,77.0,109.0,343.0
3,250,18.0,234.0,45.0,390.0
3,286,8.0,182.0,96.0,341.0
1,161,15.0,38.0,87.0,62.0
5,344,14.0,353.0,99.0,254.0
3,326,20.0,303.0,28.0,99.0
4,106,22.0,372.0,20.0,182.0
6,182,9.0,32.0,104.0,32.0
6,309,5.0,151.0,50.0,105.0
1,83,10.0,130.0,93.0,129.0
2,327,10.0,55.0,37.0,221.0
1,85,23.0,22.0,51.0,219.0
2,154,17.0,254.0,79.0,351.0
2,180,22.0,221.0,65.0,263.0
1,129,9.0,49.0,22.0,235.0
4,374,20.0,112.0,29.0,159.0
2,329,17.0,66.0,84.0,373.0
1,206,6.0,276.0,31.0,137.0
5,373,9.0,91.0,39.0,340.0
2,299,14.0,353.0,111.0,49.0
7,52,8.0,177.0,84.0,244.0
4,119,11.0,374.0,67.0,133.0
2,222,11.0,192.0,45.0,146.0
2,33,11.0,221.0,47.0,292.0
5,193,21.0,295.0,57.0,230.0
3,116,22.0,179.0,89.0,160.0
5,128,5.0,230.0,126.0,26.0
7,192,16.0,64.0,36.0,131.0
6,24,21.0,292.0,20.0,309.0
6,27,5.0,110.0,119.0,89.0
4,197,22.0,283.0,42.0,242.0
3,333,21.0,149.0,113.0,212.0
4,323,11.0,332.0,96.0,137.0
2,37,19.0,150.0,103.0,111.0
1,360,15.0,375.0,56.0,246.0
4,116,13.0,223.0,16.0,351.0
3,63,8.0,110.0,71.0,46.0
6,21,5.0,73.0,59.0,226.0
3,230,15.0,374.0,110.0,286.0
6,123,16.0,361.0,57.0,381.0
4,298,18.0,108.0,30.0,43.0
4,221,12.0,243.0,88.0,290.0
5,108,20.0,183.0,47.0,96.0
1,96,13.0,122.0,123.0,243.0
5,317,4.0,33.0,95.0,96.0
2,220,13.0,120.0,126.0,317.0
3,343,6.0,228.0,110.0,361.0
3,168,14.0,293.0,61.0,391.0
6,382,11.0,121.0,102.0,285.0
6,202,4.0,152.0,83.0,295.0
2,103,23.0,117.0,98.0,222.0
4,237,4.0,146.0,22.0,101.0
5,111,12.0,206.0,93.0,18.0
1,372,17.0,57.0,48.0,225.0
2,351,5.0,120.0,80.0,66.0
4,97,20.0,193.0,119.0,111.0
7,96,4.0,285.0,59.0,15.0
6,365,4.0,76.0,103.0,222.0
7,79,8.0,211.0,59.0,102.0
6,219,16.0,133.0,58.0,121.0
7,50,10.0,234.0,85.0,38.0
4,214,4.0,345.0,78.0,109.0
4,378,20.0,343.0,16.0,229.0
2,53,10.0,32.0,21.0,373.0
5,344,8.0,161.0,77.0,380.0
3,127,11.0,128.0,53.0,103.0
6,23,18.0,185.0,69.0,304.0
5,14,21.0,56.0,36.0,124.0
5,210,12.0,21.0,23.0,334.0
6,373,16.0,47.0,17.0,218.0
2,66,23.0,287.0,25.0,75.0
3,157,11.0,260.0,97.0,168.0
6,118,16.0,23.0,53.0,215.0
3,106,5.0,310.0,109.0,228.0
5,123,6.0,341.0,18.0,320.0
2,86,16.0,296.0,58.0,164.0
4,302,12.0,357.0,99.0,376.0
1,102,10.0,342.0,73.0,109.0
1,243,10.0,212.0,82.0,210.0
1,136,5.0,231.0,67.0,382.0
2,242,18.0,303.0,85.0,371.0
1,18,10.0,309.0,30.0,387.0
7,212,12.0,27.0,99.0,250.0
4,209,7.0,11.0,39.0,199.0
4,279,6.0,291.0,87.0,137.0
2,284,21.0,120.0,107.0,87.0
4,115,11.0,376.0,44.0,332.0
3,53,23.0,65.0,90.0,58.0
5,238,20.0,37.0,78.0,292.0
6,74,4.0,88.0,91.0,28.0
7,114,15.0,264.0,29.0,227.0
3,263,6.0,384.0,21.0,359.0
7,246,10.0,100.0,38.0,226.0
3,220,17.0,270.0,23.0,52.0
5,204,18.0,49.0,102.0,11.0
5,267,4.0,242.0,28.0,319.0
4,145,7.0,52.0,31.0,258.0
3,189,16.0,108.0,100.0,216.0
1,200,12.0,131.0,89.0,364.0
7,175,5.0,254.0,40.0,40.0
4,381,11.0,145.0,117.0,224.0
3,374,23.0,357.0,80.0,25.0
6,172,16.0,11.0,90.0,194.0
4,181,14.0,99.0,60.0,271.0
4,14,23.0,46.0,75.0,319.0
7,218,4.0,150.0,115.0,24.0
3,285,11.0,258.0,78.0,307.0
3,95,17.0,381.0,70.0,12.0
2,151,22.0,178.0,118.0,110.0
3,27,19.0,93.0,91.0,390.0
7,324,9.0,88.0,47.0,97.0
1,242,16.0,41.0,117.0,198.0
7,144,20.0,214.0,113.0,133.0
5,252,16.0,130.0,63.0,15.0
7,321,11.0,360.0,19.0,214.0
1,164,13.0,196.0,31.0,100.0
4,113,11.0,64.0,65.0,155.0
2,134,12.0,281.0,67.0,372.0
3,341,8.0,305.0,26.0,157.0
2,176,15.0,236.0,37.0,209.0
7,86,16.0,262.0,37.0,191.0
6,370,12.0,135.0,63.0,160.0
1,220,4.0,89.0,49.0,211.0
7,299,5.0,172.0,81.0,255.0
2,348,6.0,343.0,16.0,168.0
4,131,10.0,241.0,98.0,197.0
5,41,5.0,31.0,77.0,283.0
2,350,11.0,301.0,75.0,383.0
2,351,15.0,255.0,33.0,299.0
5,38,21.0,154.0,29.0,35.0
5,244,16.0,308.0,87.0,229.0
2,185,7.0,374.0,65.0,372.0
3,131,14.0,101.0,83.0,134.0
2,263,13.0,352.0,18.0,392.0
6,119,21.0,80.0,81.0,287.0
2,212,5.0,171.0,74.0,13.0
6,196,13.0,185.0,54.0,264.0
2,96,16.0,177.0,118.0,379.0
3,277,16.0,154.0,21.0,390.0
1,115,6.0,193.0,118.0,372.0
4,81,6.0,156.0,25.0,179.0
6,216,12.0,318.0,95.0,244.0
1,27,19.0,298.0,112.0,246.0
1,337,16.0,275.0,82.0,200.0
3,259,11.0,324.0,59.0,67.0
6,288,20.0,236.0,77.0,132.0
4,287,8.0,31.0,85.0,118.0
7,24,11.0,295.0,83.0,131.0
4,182,5.0,323.0,34.0,184.0
1,24,12.0,98.0,118.0,303.0
7,18,11.0,115.0,73.0,104.0
2,74,11.0,222.0,55.0,195.0
6,300,12.0,228.0,87.0,339.0
4,157,13.0,259.0,97.0,229.0
3,360,15.0,284.0,18.0,63.0
1,208,7.0,399.0,25.0,274.0
2,72,22.0,33.0,78.0,312.0
6,224,16.0,241.0,35.0,396.0
6,142,5.0,78.0,21.0,269.0
5,211,12.0,399.0,63.0,93.0
7,67,5.0,233.0,31.0,296.0
6,358,9.0,323.0,75.0,18.0
2,332,17.0,282.0,80.0,393.0
6,116,5.0,391.0,116.0,89.0
7,252,13.0,74.0,110.0,150.0
3,227,9.0,345.0,96.0,69.0
5,313,13.0,189.0,56.0,257.0
4,122,7.0,287.0,91.0,45.0
7,324,4.0,293.0,115.0,370.0
7,30,16.0,139.0,64.0,163.0
3,237,12.0,288.0,90.0,270.0
3,305,14.0,64.0,99.0,52.0
5,177,6.0,258.0,57.0,21.0
3,310,19.0,199.0,93.0,245.0
1,329,23.0,361.0,73.0,274.0
4,155,16.0,185.0,123.0,183.0
5,98,14.0,362.0,120.0,347.0
6,273,9.0,84.0,69.0,128.0
5,111,9.0,115.0,109.0,196.0
7,253,10.0,37.0,28.0,25.0
2,374,18.0,372.0,125.0,277.0
3,102,4.0,119.0,77.0,375.0
6,45,15.0,91.0,117.0,180.0
3,386,22.0,334.0,102.0,374.0
2,123,8.0,331.0,93.0,282.0
3,196,14.0,295.0,115.0,396.0
7,99,11.0,109.0,115.0,399.0
7,323,7.0,298.0,50.0,166.0
5,367,8.0,295.0,42.0,211.0
6,123,10.0,303.0,104.0,179.0
1,39,23.0,96.0,19.0,189.0
7,23,20.0,105.0,53.0,81.0
2,310,10.0,320.0,27.0,223.0
5,290,14.0,268.0,21.0,128.0
2,314,21.0,368.0,66.0,286.0
7,71,15.0,175.0,69.0,377.0
2,132,12.0,369.0,37.0,295.0
4,374,21.0,177.0,24.0,38.0
5,150,8.0,238.0,23.0,91.0
6,276,5.0,140.0,28.0,397.0
7,149,11.0,192.0,42.0,371.0
6,67,11.0,43.0,107.0,354.0
6,17,21.0,20.0,42.0,286.0
5,317,14.0,168.0,69.0,230.0
7,46,23.0,32.0,113.0,51.0
7,182,20.0,306.0,35.0,219.0
2,213,15.0,64.0,68.0,252.0
5,268,12.0,352.0,24.0,175.0
6,243,5.0,346.0,23.0,74.0
4,381,9.0,360.0,84.0,301.0
3,93,14.0,319.0,46.0,22.0
3,99,7.0,249.0,52.0,136.0
5,225,23.0,349.0,120.0,91.0
2,46,17.0,13.0,57.0,260.0
2,255,10.0,92.0,54.0,360.0
5,355,22.0,229.0,22.0,105.0
7,115,14.0,347.0,49.0,136.0
6,378,23.0,303.0,51.0,328.0
3,46,15.0,244.0,100.0,122.0
6,227,9.0,40.0,95.0,98.0
6,51,10.0,165.0,92.0,128.0
5,169,20.0,367.0,65.0,238.0
7,169,13.0,302.0,23.0,132.0
1,231,22.0,39.0,86.0,27.0
5,252,7.0,345.0,38.0,246.0
6,123,20.0,118.0,86.0,282.0
1,317,21.0,113.0,110.0,344.0
3,59,23.0,26.0,28.0,16.0
5,293,6.0,112.0,103.0,77.0
7,166,18.0,226.0,75.0,44.0
4,37,10.0,44.0,19.0,122.0
2,94,23.0,363.0,112.0,365.0
6,57,11.0,96.0,18.0,134.0
7,341,5.0,174.0,74.0,243.0
6,243,13.0,347.0,80.0,313.0
5,354,15.0,368.0,106.0,251.0
4,32,18.0,277.0,122.0,161.0
7,386,7.0,82.0,65.0,282.0
5,44,21.0,138.0,23.0,358.0
2,268,17.0,92.0,127.0,82.0
2,209,7.0,386.0,49.0,342.0
2,138,15.0,349.0,84.0,24.0
6,142,23.0,127.0,62.0,369.0
3,186,7.0,346.0,45.0,232.0
4,77,6.0,109.0,124.0,281.0
6,244,17.0,293.0,24.0,49.0
2,74,17.0,147.0,61.0,118.0
6,240,5.0,181.0,103.0,264.0
7,389,8.0,132.0,38.0,88.0
4,198,18.0,125.0,36.0,41.0
4,358,20.0,257.0,34.0,289.0
4,383,15.0,45.0,100.0,313.0
4,166,6.0,176.0,37.0,47.0
3,117,9.0,346.0,108.0,379.0
5,157,13.0,79.0,102.0,323.0
2,80,11.0,194.0,45.0,53.0
6,283,5.0,37.0,56.0,85.0
1,377,13.0,45.0,39.0,49.0
1,151,16.0,28.0,120.0,67.0
5,325,13.0,260.0,59.0,317.0
7,295,20.0,366.0,103.0,65.0
5,55,12.0,66.0,46.0,33.0
2,16,9.0,383.0,111.0,130.0
1,159,11.0,56.0,69.0,389.0
2,110,22.0,205.0,40.0,360.0
2,251,21.0,60.0,69.0,91.0
3,141,4.0,117.0,122.0,15.0
1,144,7.0,85.0,93.0,69.0
1,128,17.0,373.0,29.0,366.0
6,83,14.0,252.0,82.0,220.0
2,331,6.0,278.0,36.0,86.0
6,358,7.0,35.0,50.0,106.0
2,72,11.0,289.0,104.0,368.0
7,256,21.0,110.0,115.0,51.0
5,232,17.0,127.0,116.0,179.0
6,137,16.0,83.0,38.0,252.0
5,357,22.0,304.0,118.0,211.0
3,271,12.0,353.0,48.0,161.0
1,230,21.0,99.0,85.0,105.0
4,150,13.0,53.0,78.0,295.0
7,260,13.0,234.0,44.0,148.0
5,214,5.0,233.0,64.0,114.0
6,269,6.0,270.0,93.0,201.0
5,248,23.0,268.0,83.0,359.0
1,373,4.0,54.0,83.0,304.0
1,116,11.0,352.0,70.0,235.0
1,179,14.0,168.0,24.0,383.0
4,278,14.0,81.0,50.0,245.0
6,151,12.0,296.0,116.0,154.0
7,131,14.0,59.0,64.0,71.0
3,182,13.0,260.0,58.0,181.0
6,296,8.0,57.0,75.0,136.0
2,273,11.0,120.0,37.0,172.0
7,297,11.0,240.0,86.0,337.0
6,222,20.0,102.0,30.0,355.0
3,303,15.0,278.0,64.0,183.0
7,164,18.0,113.0,102.0,157.0
5,20,17.0,370.0,47.0,171.0
6,156,17.0,160.0,40.0,37.0
2,11,8.0,388.0,120.0,386.0
7,384,18.0,61.0,100.0,195.0
4,91,8.0,397.0,31.0,83.0
7,102,18.0,326.0,31.0,152.0
3,203,13.0,45.0,16.0,96.0
4,355,4.0,175.0,113.0,116.0
7,368,6.0,382.0,104.0,354.0
2,16,21.0,127.0,86.0,54.0
4,225,8.0,260.0,26.0,289.0
6,379,21.0,143.0,120.0,103.0
7,66,14.0,249.0,16.0,32.0
2,370,11.0,93.0,81.0,349.0
3,318,8.0,295.0,59.0,131.0
1,139,7.0,185.0,50.0,176.0
5,181,16.0,210.0,66.0,51.0
7,289,13.0,219.0,95.0,268.0
1,63,15.0,272.0,68.0,177.0
5,215,21.0,374.0,17.0,79.0
5,327,18.0,280.0,56.0,103.0
7,360,23.0,294.0,97.0,359.0
3,397,6.0,26.0,94.0,19.0
3,287,14.0,288.0,125.0,203.0
3,186,12.0,108.0,121.0,216.0
2,344,15.0,231.0,37.0,235.0
6,99,11.0,175.0,42.0,316.0
4,389,14.0,48.0,102.0,130.0
5,136,13.0,274.0,21.0,52.0
5,72,14.0,364.0,52.0,41.0
4,288,7.0,266.0,72.0,296.0
6,352,21.0,278.0,61.0,72.0
7,109,5.0,335.0,63.0,166.0
3,93,21.0,389.0,71.0,109.0
2,197,21.0,201.0,99.0,354.0
2,270,21.0,93.0,36.0,163.0
6,124,8.0,210.0,50.0,241.0
2,93,21.0,288.0,47.0,249.0
5,34,7.0,254.0,79.0,237.0
6,260,23.0,85.0,81.0,151.0
6,232,12.0,394.0,84.0,146.0
4,316,19.0,169.0,116.0,181.0
6,260,23.0,211.0,93.0,122.0
3,276,12.0,117.0,67.0,55.0
4,306,17.0,29.0,109.0,206.0
5,266,19.0,77.0,42.0,54.0
4,332,22.0,44.0,89.0,188.0
1,167,5.0,62.0,90.0,260.0
7,129,12.0,327.0,76.0,150.0
7,11,4.0,100.0,41.0,245.0
7,267,12.0,284.0,88.0,76.0
5,280,11.0,94.0,104.0,27.0
1,147,7.0,184.0,40.0,44.0
3,243,9.0,68.0,45.0,172.0
3,77,23.0,271.0,49.0,269.0
7,296,18.0,369.0,32.0,82.0
5,52,4.0,131.0,18.0,18.0
2,298,13.0,12.0,37.0,192.0
5,149,19.0,262.0,119.0,273.0
7,62,16.0,334.0,34.0,314.0
7,107,10.0,319.0,100.0,234.0
1,14,21.0,216.0,96.0,397.0
3,158,14.0,130.0,79.0,154.0
1,333,9.0,310.0,127.0,187.0
1,241,9.0,18.0,20.0,61.0
5,172,12.0,284.0,48.0,311.0
7,163,8.0,208.0,119.0,122.0
3,320,5.0,112.0,108.0,50.0
7,132,9.0,172.0,17.0,342.0
2,322,6.0,19.0,55.0,276.0
4,16,6.0,59.0,87.0,26.0
7,348,8.0,194.0,90.0,48.0
5,177,6.0,49.0,59.0,395.0
4,105,4.0,372.0,120.0,121.0
4,240,23.0,321.0,115.0,196.0
7,244,21.0,130.0,67.0,153.0
4,69,7.0,264.0,50.0,378.0
7,278,4.0,94.0,74.0,368.0
3,151,11.0,247.0,73.0,363.0
2,183,12.0,313.0,40.0,290.0
2,329,23.0,212.0,70.0,140.0
2,71,22.0,128.0,26.0,52.0
2,128,19.0,333.0,111.0,187.0
4,257,18.0,395.0,68.0,162.0
2,316,5.0,359.0,18.0,124.0
2,395,18.0,82.0,68.0,332.0
2,28,7.0,366.0,45.0,38.0
2,285,23.0,283.0,40.0,322.0
7,40,22.0,15.0,122.0,149.0
4,211,23.0,216.0,50.0,365.0
7,182,20.0,173.0,23.0,293.0
4,27,18.0,51.0,20.0,385.0
6,110,10.0,271.0,30.0,389.0
2,215,5.0,102.0,108.0,54.0
6,346,10.0,227.0,28.0,217.0
3,180,22.0,49.0,17.0,204.0
6,297,10.0,232.0,99.0,382.0
1,52,21.0,238.0,49.0,163.0
1,185,12.0,322.0,71.0,184.0
1,386,21.0,142.0,92.0,331.0
7,68,11.0,238.0,83.0,295.0
7,63,7.0,59.0,123.0,170.0
3,386,12.0,222.0,53.0,52.0
2,16,8.0,231.0,92.0,290.0
5,117,7.0,317.0,93.0,306.0
4,41,17.0,284.0,101.0,153.0
5,268,21.0,256.0,112.0,112.0
5,302,15.0,182.0,123.0,335.0
1,255,12.0,395.0,27.0,85.0
1,200,8.0,218.0,90.0,284.0
6,109,8.0,141.0,93.0,358.0
5,237,7.0,176.0,30.0,67.0
4,165,22.0,309.0,76.0,95.0
6,118,15.0,131.0,118.0,145.0
6,231,17.0,308.0,67.0,269.0
2,213,10.0,354.0,64.0,266.0
5,66,8.0,219.0,83.0,196.0
4,315,21.0,211.0,119.0,87.0
1,385,23.0,335.0,72.0,17.0
4,19,18.0,259.0,115.0,63.0
2,162,23.0,48.0,56.0,53.0
5,50,11.0,217.0,92.0,70.0
3,373,23.0,190.0,95.0,17.0
5,383,17.0,365.0,36.0,290.0
5,20,17.0,25.0,65.0,356.0
6,23,4.0,17.0,41.0,41.0
5,271,5.0,85.0,94.0,207.0
1,114,7.0,180.0,104.0,207.0
7,50,8.0,201.0,40.0,317.0
3,92,19.0,193.0,60.0,146.0
1,156,6.0,184.0,112.0,97.0
6,257,4.0,350.0,68.0,54.0
4,79,15.0,68.0,74.0,264.0
4,202,14.0,342.0,50.0,324.0
4,336,9.0,287.0,40.0,389.0
3,291,12.0,157.0,113.0,357.0
6,195,16.0,231.0,28.0,294.0
4,207,12.0,102.0,49.0,49.0
6,281,5.0,65.0,82.0,231.0
1,172,7.0,215.0,70.0,61.0
4,315,6.0,281.0,105.0,20.0
3,389,5.0,83.0,77.0,397.0
5,333,20.0,76.0,101.0,104.0
7,253,10.0,244.0,89.0,190.0
5,163,17.0,164.0,101.0,83.0
1,325,9.0,307.0,37.0,353.0
7,64,23.0,164.0,25.0,119.0
3,389,9.0,300.0,40.0,127.0
3,29,19.0,165.0,54.0,331.0
4,236,23.0,179.0,21.0,293.0
2,174,23.0,100.0,101.0,133.0
6,224,11.0,366.0,77.0,142.0
4,32,23.0,242.0,85.0,326.0
7,12,12.0,75.0,18.0,186.0
5,291,4.0,309.0,112.0,14.0
6,130,17.0,279.0,88.0,39.0
1,30,7.0,356.0,89.0,260.0
1,30,13.0,86.0,109.0,162.0
3,363,8.0,260.0,90.0,192.0
5,268,7.0,32.0,98.0,12.0
4,124,8.0,364.0,23.0,68.0
2,320,8.0,357.0,97.0,288.0
4,385,20.0,285.0,114.0,75.0
3,185,19.0,332.0,29.0,156.0
5,173,6.0,280.0,101.0,116.0
2,252,15.0,94.0,98.0,280.0
4,278,11.0,161.0,75.0,10.0
1,385,13.0,95.0,62.0,118.0
3,196,7.0,291.0,41.0,155.0
4,44,10.0,319.0,53.0,164.0
4,119,17.0,206.0,121.0,281.0
3,122,14.0,153.0,125.0,150.0
6,263,22.0,69.0,88.0,18.0
5,263,10.0,123.0,117.0,69.0
6,166,12.0,48.0,108.0,49.0
2,257,7.0,51.0,55.0,124.0
1,149,8.0,44.0,29.0,82.0
4,190,23.0,225.0,49.0,332.0
3,221,19.0,322.0,91.0,121.0
3,337,21.0,312.0,118.0,307.0
2,258,9.0,296.0,106.0,44.0
6,54,20.0,51.0,56.0,193.0
4,238,14.0,263.0,84.0,285.0
4,358,13.0,386.0,50.0,131.0
7,309,21.0,236.0,37.0,370.0
2,115,17.0,14.0,118.0,69.0
3,80,18.0,286.0,42.0,315.0
5,99,12.0,81.0,94.0,147.0
6,294,17.0,94.0,35.0,268.0
6,91,13.0,80.0,24.0,263.0
2,267,8.0,222.0,32.0,253.0
1,313,7.0,43.0,68.0,145.0
6,361,8.0,46.0,102.0,142.0
1,283,13.0,117.0,69.0,90.0
7,124,16.0,28.0,36.0,100.0
3,38,19.0,189.0,46.0,216.0
2,376,5.0,370.0,33.0,352.0
2,19,10.0,214.0,85.0,222.0
3,383,11.0,178.0,96.0,189.0
6,203,14.0,267.0,38.0,39.0
3,32,9.0,110.0,34.0,99.0
7,154,16.0,345.0,28.0,132.0
3,386,22.0,287.0,82.0,147.0
2,124,7.0,224.0,112.0,386.0
2,75,4.0,282.0,65.0,19.0
6,265,22.0,317.0,91.0,293.0
1,249,16.0,384.0,47.0,217.0
6,146,6.0,366.0,97.0,188.0
7,271,11.0,98.0,62.0,135.0
2,329,10.0,393.0,112.0,284.0
5,246,12.0,207.0,93.0,244.0
7,193,21.0,362.0,82.0,273.0
7,394,12.0,230.0,105.0,12.0
1,192,5.0,256.0,121.0,54.0
2,171,12.0,138.0,40.0,397.0
2,142,19.0,54.0,66.0,218.0
6,243,8.0,217.0,38.0,184.0
3,340,9.0,177.0,26.0,28.0
3,367,10.0,240.0,24.0,296.0
6,246,10.0,85.0,28.0,167.0
6,212,14.0,313.0,125.0,196.0
7,219,8.0,174.0,83.0,195.0
3,233,18.0,285.0,53.0,320.0
1,186,7.0,256.0,45.0,307.0
1,197,5.0,87.0,51.0,223.0
4,126,10.0,382.0,104.0,335.0
3,109,18.0,77.0,46.0,284.0
2,46,21.0,287.0,22.0,240.0
4,336,9.0,82.0,97.0,154.0
2,28,6.0,355.0,101.0,217.0
3,276,22.0,286.0,77.0,320.0
5,93,15.0,135.0,49.0,245.0
7,63,20.0,288.0,48.0,113.0
5,131,5.0,333.0,109.0,171.0
5,111,5.0,360.0,87.0,107.0
6,254,14.0,103.0,86.0,343.0
6,268,11.0,100.0,112.0,391.0
6,337,23.0,211.0,66.0,21.0
4,184,19.0,275.0,77.0,388.0
6,19,5.0,358.0,26.0,91.0
3,157,10.0,384.0,101.0,333.0
6,146,14.0,368.0,41.0,273.0
1,125,21.0,118.0,100.0,206.0
4,338,7.0,18.0,117.0,54.0
3,105,15.0,386.0,121.0,293.0
1,60,7.0,247.0,94.0,157.0
4,235,19.0,47.0,64.0,90.0
6,334,23.0,148.0,43.0,278.0
3,175,17.0,255.0,53.0,348.0
2,100,19.0,144.0,120.0,263.0
2,89,12.0,89.0,121.0,189.0
1,191,10.0,33.0,34.0,140.0
1,73,17.0,192.0,22.0,372.0
5,398,6.0,371.0,120.0,35.0
1,349,23.0,399.0,65.0,104.0
4,349,9.0,156.0,54.0,91.0
7,350,18.0,348.0,114.0,277.0
1,106,14.0,347.0,68.0,343.0
1,44,12.0,330.0,124.0,352.0
4,396,23.0,213.0,105.0,287.0
1,35,13.0,42.0,35.0,299.0
5,378,16.0,280.0,86.0,41.0
6,156,18.0,115.0,61.0,34.0
7,224,13.0,100.0,79.0,169.0
4,29,23.0,106.0,67.0,118.0
3,326,18.0,118.0,49.0,336.0
2,376,9.0,248.0,67.0,280.0
7,362,11.0,302.0,31.0,247.0
2,136,6.0,208.0,77.0,206.0
7,105,7.0,105.0,68.0,118.0
3,117,4.0,173.0,123.0,339.0
6,24,7.0,44.0,50.0,169.0
7,262,12.0,182.0,25.0,107.0
2,231,14.0,134.0,66.0,58.0
6,202,5.0,313.0,41.0,171.0
2,391,20.0,239.0,114.0,36.0
5,362,15.0,312.0,99.0,178.0
5,91,14.0,70.0,98.0,308.0
6,174,22.0,338.0,33.0,209.0
2,70,20.0,269.0,115.0,318.0
4,52,8.0,318.0,28.0,121.0
3,260,15.0,56.0,105.0,65.0
7,45,6.0,254.0,100.0,158.0
7,358,11.0,13.0,23.0,201.0
1,104,18.0,372.0,69.0,222.0
2,256,19.0,305.0,76.0,338.0
3,141,14.0,250.0,102.0,39.0
1,123,10.0,181.0,95.0,155.0
6,231,8.0,303.0,68.0,387.0
3,303,5.0,276.0,42.0,54.0
3,74,8.0,199.0,63.0,146.0
6,144,19.0,242.0,26.0,293.0
3,376,9.0,45.0,103.0,115.0
1,320,14.0,133.0,55.0,381.0
2,267,22.0,399.0,25.0,242.0
1,327,6.0,176.0,63.0,246.0
3,60,14.0,146.0,33.0,367.0
5,296,8.0,149.0,51.0,97.0
5,275,10.0,203.0,72.0,257.0
2,200,15.0,322.0,29.0,395.0
6,253,12.0,286.0,102.0,299.0
5,315,23.0,253.0,99.0,311.0
5,104,16.0,312.0,102.0,71.0
2,272,10.0,50.0,34.0,334.0
4,360,7.0,91.0,50.0,51.0
7,197,16.0,56.0,65.0,299.0
4,251,12.0,25.0,81.0,251.0
2,384,17.0,45.0,116.0,318.0
4,150,10.0,359.0,108.0,55.0
1,274,17.0,314.0,52.0,290.0
5,89,11.0,161.0,32.0,137.0
5,12,11.0,132.0,18.0,173.0
6,386,8.0,372.0,36.0,345.0
6,65,7.0,110.0,23.0,168.0
6,188,13.0,142.0,115.0,162.0
3,271,6.0,221.0,87.0,143.0
5,137,6.0,104.0,30.0,177.0
1,35,16.0,354.0,119.0,167.0
5,80,18.0,155.0,34.0,123.0
1,146,20.0,127.0,77.0,175.0
7,59,20.0,375.0,45.0,125.0
7,272,10.0,106.0,40.0,374.0
3,112,16.0,197.0,102.0,274.0
3,60,16.0,358.0,120.0,386.0
5,359,4.0,76.0,75.0,396.0
3,148,6.0,133.0,24.0,264.0
4,69,15.0,42.0,76.0,235.0
7,26,6.0,155.0,127.0,107.0
1,284,15.0,356.0,62.0,37.0
2,294,14.0,26.0,119.0,136.0
7,298,6.0,394.0,28.0,233.0
2,347,18.0,141.0,42.0,119.0
3,258,5.0,87.0,77.0,20.0
6,185,19.0,189.0,34.0,251.0
3,303,13.0,307.0,26.0,365.0
3,233,19.0,309.0,88.0,305.0
7,374,9.0,243.0,85.0,73.0
3,281,16.0,167.0,109.0,205.0
6,319,23.0,70.0,124.0,166.0
5,266,17.0,306.0,16.0,292.0
5,113,11.0,147.0,73.0,143.0
5,69,16.0,99.0,49.0,208.0
6,196,4.0,140.0,28.0,187.0
6,248,22.0,27.0,36.0,180.0
7,374,4.0,192.0,60.0,186.0
2,100,17.0,65.0,62.0,123.0
2,332,9.0,87.0,113.0,366.0
7,313,10.0,337.0,59.0,382.0
5,264,22.0,116.0,63.0,219.0
6,358,7.0,91.0,106.0,140.0
1,124,13.0,287.0,95.0,141.0
1,185,15.0,15.0,69.0,319.0
1,203,4.0,257.0,21.0,299.0
5,321,8.0,179.0,83.0,22.0
6,227,18.0,290.0,116.0,375.0
1,179,10.0,232.0,28.0,104.0
6,338,13.0,270.0,114.0,17.0
2,337,7.0,224.0,100.0,52.0
1,104,19.0,170.0,109.0,356.0
6,121,22.0,88.0,103.0,44.0
5,372,7.0,371.0,91.0,11.0
5,249,17.0,15.0,56.0,354.0
4,102,10.0,388.0,19.0,141.0
5,209,22.0,56.0,110.0,250.0
1,90,6.0,192.0,70.0,92.0
7,226,10.0,398.0,104.0,275.0
6,125,7.0,139.0,30.0,275.0
1,278,11.0,19.0,26.0,321.0
7,156,5.0,101.0,97.0,396.0
7,70,15.0,341.0,101.0,309.0
5,139,6.0,29.0,121.0,192.0
7,84,21.0,344.0,127.0,22.0
4,368,15.0,323.0,92.0,191.0
1,118,11.0,189.0,49.0,153.0
4,117,14.0,275.0,126.0,307.0
4,102,14.0,16.0,45.0,284.0
2,78,4.0,152.0,73.0,271.0
6,264,13.0,362.0,89.0,393.0
7,119,13.0,113.0,54.0,134.0
4,78,14.0,399.0,39.0,67.0
7,348,23.0,121.0,67.0,154.0
2,67,12.0,141.0,64.0,42.0
5,308,13.0,266.0,124.0,371.0
7,359,18.0,173.0,108.0,176.0
7,189,9.0,297.0,117.0,208.0
7,142,10.0,307.0,63.0,312.0
2,328,5.0,57.0,79.0,282.0
1,270,13.0,31.0,66.0,203.0
3,109,19.0,184.0,95.0,389.0
1,248,9.0,213.0,79.0,280.0
1,306,16.0,233.0,51.0,74.0
6,367,8.0,348.0,90.0,83.0
5,164,10.0,343.0,46.0,78.0
4,20,14.0,191.0,127.0,275.0
5,197,11.0,188.0,94.0,134.0
7,220,16.0,151.0,96.0,306.0
4,268,18.0,168.0,59.0,281.0
4,174,17.0,139.0,73.0,175.0
2,109,15.0,169.0,62.0,267.0
1,22,23.0,213.0,37.0,121.0
5,316,20.0,286.0,26.0,23.0
1,80,23.0,65.0,88.0,155.0
5,71,15.0,193.0,76.0,289.0
1,75,9.0,246.0,26.0,133.0
2,70,16.0,312.0,86.0,195.0
7,26,15.0,33.0,116.0,85.0
7,126,11.0,299.0,55.0,188.0
2,238,11.0,134.0,31.0,166.0
4,300,9.0,19.0,112.0,393.0
7,177,15.0,146.0,29.0,183.0
3,384,5.0,399.0,37.0,94.0
5,323,17.0,397.0,78.0,353.0
6,208,12.0,271.0,122.0,345.0
4,304,9.0,145.0,63.0,344.0
1,361,19.0,101.0,48.0,297.0
1,95,18.0,20.0,54.0,114.0
7,207,9.0,377.0,31.0,72.0
7,101,7.0,224.0,31.0,89.0
2,41,4.0,150.0,54.0,59.0
2,112,19.0,114.0,93.0,315.0
5,369,5.0,43.0,118.0,373.0
2,203,9.0,74.0,114.0,152.0
7,290,6.0,56.0,52.0,369.0
4,308,20.0,230.0,88.0,247.0
7,326,5.0,365.0,25.0,190.0
2,95,10.0,231.0,84.0,161.0
7,148,8.0,29.0,57.0,36.0
2,107,15.0,356.0,119.0,136.0
6,84,21.0,107.0,90.0,354.0
1,127,17.0,330.0,53.0,392.0
3,222,12.0,39.0,104.0,320.0
2,320,19.0,80.0,97.0,295.0
4,299,23.0,314.0,41.0,285.0
1,215,11.0,134.0,56.0,31.0
3,325,18.0,302.0,112.0,332.0
4,138,8.0,66.0,25.0,320.0
6,231,18.0,178.0,94.0,353.0
6,389,9.0,366.0,35.0,171.0
2,200,20.0,105.0,23.0,60.0
5,123,4.0,365.0,56.0,63.0
4,137,8.0,185.0,42.0,202.0
4,245,17.0,189.0,85.0,176.0
2,173,18.0,283.0,35.0,292.0
2,257,6.0,321.0,99.0,384.0
4,56,11.0,217.0,35.0,121.0
2,259,12.0,290.0,89.0,70.0
3,203,12.0,74.0,119.0,253.0
4,291,12.0,379.0,71.0,227.0
6,277,7.0,109.0,111.0,38.0
6,356,6.0,375.0,74.0,290.0
7,375,8.0,148.0,51.0,230.0
5,71,9.0,305.0,98.0,301.0
1,217,13.0,108.0,104.0,178.0
4,78,9.0,30.0,90.0,315.0
1,39,23.0,200.0,99.0,184.0
5,285,12.0,302.0,48.0,36.0
4,350,12.0,41.0,64.0,225.0
5,36,13.0,154.0,53.0,206.0
5,109,7.0,352.0,40.0,321.0
1,146,7.0,61.0,121.0,267.0
4,74,17.0,256.0,89.0,303.0
6,392,22.0,159.0,96.0,62.0
4,372,12.0,292.0,59.0,288.0
2,63,19.0,25.0,89.0,148.0
3,38,11.0,170.0,34.0,321.0
5,176,9.0,61.0,43.0,165.0
5,294,12.0,75.0,63.0,25.0
7,92,23.0,242.0,35.0,100.0
7,172,14.0,151.0,99.0,392.0
6,129,14.0,268.0,75.0,70.0
4,50,22.0,222.0,55.0,327.0
2,10,5.0,287.0,62.0,186.0
3,31,6.0,253.0,75.0,54.0
7,253,11.0,45.0,112.0,393.0
5,341,9.0,142.0,55.0,214.0
2,369,18.0,283.0,26.0,167.0
7,249,16.0,31.0,52.0,210.0
2,292,21.0,274.0,62.0,21.0
3,301,4.0,272.0,82.0,118.0
7,374,6.0,169.0,71.0,180.0
4,57,11.0,304.0,100.0,280.0
6,10,8.0,152.0,33.0,184.0
1,372,21.0,345.0,120.0,252.0
4,81,23.0,169.0,42.0,73.0
2,391,15.0,316.0,52.0,142.0
3,239,18.0,110.0,17.0,34.0
3,392,14.0,211.0,46.0,326.0
1,70,16.0,380.0,59.0,191.0
1,174,6.0,20.0,99.0,317.0
6,24,8.0,271.0,43.0,183.0
4,334,18.0,91.0,42.0,396.0
3,296,15.0,96.0,33.0,383.0
4,339,12.0,185.0,67.0,325.0
6,268,22.0,136.0,93.0,306.0
4,148,17.0,272.0,62.0,372.0
5,337,23.0,159.0,97.0,375.0
1,116,19.0,343.0,114.0,332.0
4,58,18.0,193.0,66.0,216.0
3,219,21.0,86.0,111.0,66.0
1,39,13.0,356.0,77.0,253.0
1,14,10.0,370.0,72.0,232.0
6,69,14.0,359.0,69.0,107.0
5,317,9.0,391.0,75.0,20.0
2,341,13.0,165.0,88.0,49.0
5,29,20.0,134.0,94.0,182.0
3,153,10.0,76.0,108.0,32.0
2,98,11.0,84.0,35.0,206.0
4,210,20.0,232.0,75.0,388.0
5,212,13.0,188.0,63.0,310.0
4,222,18.0,369.0,52.0,61.0
4,259,16.0,89.0,122.0,339.0
7,373,21.0,120.0,84.0,245.0
7,394,12.0,274.0,72.0,326.0
2,139,8.0,366.0,111.0,65.0
6,283,5.0,114.0,76.0,397.0
3,147,13.0,101.0,17.0,133.0
7,232,8.0,56.0,43.0,70.0
6,285,11.0,364.0,105.0,360.0
7,268,19.0,38.0,77.0,329.0
4,196,16.0,109.0,73.0,209.0
2,361,9.0,78.0,46.0,269.0
7,52,9.0,387.0,76.0,163.0
6,112,4.0,86.0,103.0,171.0
3,245,22.0,249.0,49.0,308.0
3,55,21.0,287.0,57.0,153.0
4,13,17.0,42.0,64.0,234.0
1,278,17.0,321.0,80.0,98.0
2,263,14.0,133.0,67.0,141.0
2,365,12.0,12.0,38.0,396.0
3,164,19.0,252.0,40.0,306.0
3,388,19.0,275.0,21.0,311.0
1,10,12.0,95.0,123.0,384.0
4,374,17.0,45.0,65.0,107.0
4,31,13.0,389.0,118.0,25.0
5,106,8.0,64.0,122.0,237.0
1,378,11.0,142.0,56.0,357.0
4,291,17.0,41.0,124.0,144.0
1,66,12.0,101.0,86.0,332.0
7,263,20.0,224.0,97.0,214.0
1,379,5.0,142.0,46.0,231.0
3,346,17.0,64.0,18.0,112.0
1,214,15.0,18.0,122.0,16.0
5,79,16.0,46.0,102.0,339.0
2,161,10.0,111.0,87.0,314.0
2,139,6.0,357.0,89.0,193.0
1,39,4.0,334.0,81.0,230.0
7,150,5.0,324.0,85.0,303.0
2,12,6.0,178.0,70.0,134.0
6,342,9.0,312.0,34.0,388.0
2,11,18.0,173.0,61.0,233.0
4,166,20.0,363.0,41.0,48.0
2,89,17.0,80.0,71.0,366.0
4,315,19.0,167.0,115.0,121.0
4,19,14.0,335.0,123.0,317.0
4,112,11.0,89.0,49.0,341.0
6,120,20.0,305.0,74.0,387.0
5,64,11.0,356.0,16.0,191.0
6,201,13.0,18.0,20.0,175.0
1,234,12.0,387.0,53.0,385.0
1,99,12.0,369.0,121.0,357.0
5,45,9.0,31.0,74.0,278.0
1,41,6.0,78.0,46.0,159.0
2,276,21.0,162.0,16.0,82.0
6,259,21.0,36.0,61.0,270.0
3,68,8.0,18.0,55.0,62.0
5,380,7.0,80.0,30.0,391.0
2,302,16.0,113.0,60.0,316.0
2,338,7.0,99.0,105.0,20.0
3,266,13.0,371.0,75.0,149.0
4,93,16.0,81.0,70.0,222.0
4,347,23.0,190.0,86.0,105.0
7,150,14.0,279.0,80.0,155.0
5,245,19.0,261.0,26.0,362.0
5,384,18.0,392.0,19.0,313.0
5,338,14.0,226.0,55.0,306.0
4,312,8.0,297.0,37.0,329.0
7,206,23.0,82.0,105.0,240.0
1,274,17.0,41.0,59.0,383.0
5,302,10.0,336.0,31.0,283.0
4,398,19.0,380.0,18.0,239.0
4,138,6.0,198.0,98.0,220.0
7,241,10.0,211.0,76.0,111.0
7,53,6.0,294.0,50.0,357.0
5,164,23.0,381.0,113.0,147.0
2,347,8.0,212.0,77.0,355.0
4,25,16.0,114.0,27.0,318.0
3,248,20.0,93.0,104.0,272.0
2,178,16.0,329.0,110.0,326.0
1,168,10.0,288.0,59.0,288.0
7,217,10.0,375.0,108.0,20.0
7,316,17.0,263.0,80.0,180.0
1,262,18.0,150.0,40.0,312.0
6,197,18.0,243.0,73.0,75.0
6,177,23.0,287.0,124.0,271.0
4,61,16.0,41.0,35.0,118.0
4,179,5.0,372.0,16.0,279.0
6,62,8.0,378.0,47.0,232.0
1,253,23.0,206.0,64.0,74.0
3,84,12.0,145.0,48.0,12.0
1,125,10.0,157.0,20.0,21.0
2,106,11.0,188.0,19.0,27.0
4,95,5.0,98.0,74.0,52.0
1,213,15.0,13.0,104.0,187.0
6,293,10.0,261.0,50.0,254.0
1,233,18.0,170.0,95.0,223.0
6,29,19.0,61.0,54.0,67.0
3,258,13.0,331.0,45.0,197.0
6,354,15.0,199.0,27.0,170.0
4,289,22.0,283.0,25.0,356.0
2,72,4.0,338.0,91.0,197.0
7,280,21.0,318.0,93.0,379.0
1,111,10.0,315.0,22.0,313.0
1,149,13.0,273.0,86.0,87.0
1,201,18.0,308.0,43.0,237.0
7,398,21.0,168.0,69.0,219.0
1,319,15.0,221.0,47.0,61.0
7,167,14.0,382.0,59.0,159.0
2,220,20.0,256.0,57.0,17.0
5,70,15.0,245.0,106.0,194.0
3,355,6.0,49.0,95.0,99.0
2,264,9.0,115.0,32.0,395.0
4,294,7.0,304.0,59.0,18.0
1,90,19.0,239.0,66.0,347.0
5,90,9.0,135.0,90.0,116.0
7,179,10.0,225.0,89.0,365.0
3,208,8.0,224.0,91.0,192.0
7,327,18.0,114.0,97.0,60.0
5,233,4.0,213.0,109.0,379.0
4,47,19.0,316.0,19.0,266.0
7,290,11.0,250.0,29.0,114.0
4,278,19.0,219.0,76.0,115.0
4,325,15.0,77.0,71.0,350.0
3,60,6.0,20.0,40.0,63.0
7,256,21.0,286.0,101.0,266.0
1,347,15.0,28.0,113.0,51.0
4,363,8.0,277.0,86.0,151.0
1,290,16.0,332.0,64.0,359.0
5,369,6.0,283.0,79.0,94.0
5,369,6.0,309.0,76.0,212.0
5,145,5.0,136.0,61.0,40.0
3,362,23.0,322.0,88.0,140.0
4,156,15.0,32.0,19.0,318.0
4,17,15.0,117.0,31.0,306.0
5,163,15.0,51.0,69.0,127.0
3,211,4.0,281.0,44.0,90.0
1,362,19.0,233.0,118.0,239.0
1,165,6.0,170.0,62.0,140.0
2,335,18.0,141.0,50.0,331.0
4,127,15.0,253.0,21.0,303.0
7,141,8.0,144.0,73.0,85.0
7,136,11.0,256.0,27.0,199.0
7,221,15.0,101.0,127.0,214.0
1,89,6.0,31.0,110.0,354.0
7,261,20.0,281.0,64.0,381.0
4,84,20.0,340.0,99.0,18.0
4,285,6.0,118.0,110.0,127.0
2,199,21.0,106.0,56.0,211.0
2,288,20.0,53.0,117.0,281.0
5,89,17.0,226.0,21.0,168.0
2,365,18.0,316.0,89.0,363.0
2,340,13.0,184.0,126.0,166.0
1,271,5.0,41.0,61.0,146.0
3,121,9.0,363.0,123.0,150.0
3,375,16.0,60.0,27.0,147.0
3,344,4.0,122.0,95.0,277.0
1,352,23.0,92.0,67.0,329.0
5,157,10.0,266.0,72.0,28.0
2,125,10.0,97.0,45.0,222.0
6,343,8.0,24.0,64.0,92.0
2,236,16.0,207.0,78.0,249.0
7,228,10.0,73.0,27.0,92.0
4,334,13.0,213.0,34.0,123.0
1,109,18.0,49.0,32.0,260.0
6,43,16.0,253.0,51.0,338.0
3,256,8.0,340.0,40.0,280.0
3,302,23.0,91.0,86.0,183.0
5,217,17.0,202.0,87.0,345.0
6,70,19.0,178.0,82.0,61.0
3,132,19.0,286.0,96.0,92.0
5,233,5.0,381.0,58.0,306.0
2,172,4.0,352.0,19.0,295.0
3,85,7.0,376.0,32.0,154.0
2,187,4.0,324.0,67.0,348.0
2,239,13.0,220.0,44.0,77.0
4,161,12.0,160.0,107.0,84.0
2,192,14.0,99.0,97.0,376.0
1,198,14.0,74.0,32.0,346.0
4,153,9.0,100.0,41.0,255.0
5,88,14.0,137.0,106.0,149.0
6,29,5.0,334.0,111.0,12.0
4,324,23.0,193.0,34.0,222.0
6,297,11.0,304.0,38.0,373.0
6,79,21.0,15.0,104.0,85.0
1,378,12.0,154.0,94.0,261.0
3,173,15.0,89.0,125.0,340.0
1,329,11.0,312.0,44.0,360.0
5,279,10.0,344.0,122.0,300.0
1,292,7.0,123.0,64.0,253.0
6,368,12.0,77.0,127.0,280.0
2,37,17.0,146.0,42.0,180.0
4,196,8.0,243.0,83.0,163.0
1,46,12.0,113.0,20.0,247.0
7,76,22.0,57.0,81.0,258.0
4,148,7.0,284.0,94.0,98.0
5,116,11.0,135.0,16.0,176.0
1,156,22.0,276.0,122.0,158.0
2,212,17.0,78.0,50.0,112.0
6,154,7.0,265.0,91.0,364.0
3,131,9.0,88.0,121.0,249.0
5,361,5.0,144.0,32.0,125.0
5,77,22.0,185.0,116.0,55.0
3,389,15.0,171.0,108.0,324.0
1,316,17.0,99.0,123.0,379.0
5,285,13.0,59.0,86.0,38.0
7,392,7.0,368.0,30.0,370.0
2,41,23.0,298.0,96.0,91.0
3,266,16.0,367.0,87.0,105.0
7,78,23.0,271.0,40.0,65.0
2,255,13.0,126.0,72.0,346.0
1,125,16.0,295.0,80.0,172.0
2,91,19.0,59.0,121.0,179.0
6,130,15.0,334.0,52.0,190.0
6,15,10.0,193.0,43.0,39.0
3,131,23.0,192.0,107.0,118.0
4,358,13.0,159.0,71.0,302.0
7,144,12.0,136.0,32.0,154.0
1,16,15.0,234.0,74.0,288.0
1,329,5.0,251.0,51.0,310.0
3,252,11.0,171.0,48.0,37.0
4,313,6.0,388.0,32.0,292.0
3,155,9.0,29.0,123.0,153.0
4,17,9.0,12.0,72.0,79.0
1,155,12.0,329.0,97.0,19.0
5,286,8.0,185.0,117.0,162.0
1,139,22.0,289.0,61.0,62.0
5,147,6.0,359.0,113.0,371.0
1,74,18.0,169.0,84.0,127.0
6,293,7.0,177.0,99.0,362.0
5,147,5.0,393.0,29.0,341.0
1,328,20.0,254.0,105.0,356.0
6,377,12.0,156.0,82.0,86.0
2,213,4.0,28.0,89.0,249.0
2,221,12.0,104.0,23.0,387.0
2,211,18.0,250.0,57.0,28.0
7,354,20.0,324.0,20.0,52.0
3,34,14.0,361.0,81.0,78.0
3,14,12.0,308.0,35.0,213.0
2,324,4.0,11.0,105.0,322.0
5,344,18.0,103.0,68.0,211.0
2,100,22.0,198.0,80.0,287.0
5,209,4.0,331.0,39.0,49.0
7,149,15.0,304.0,56.0,73.0
3,177,20.0,214.0,117.0,241.0
4,393,21.0,373.0,39.0,32.0
3,313,6.0,135.0,54.0,198.0
2,30,8.0,116.0,35.0,157.0
5,45,22.0,66.0,73.0,135.0
2,371,11.0,370.0,71.0,378.0
7,119,8.0,246.0,52.0,305.0
5,211,17.0,127.0,52.0,331.0
1,31,13.0,239.0,41.0,389.0
2,153,13.0,331.0,112.0,169.0
6,231,6.0,136.0,65.0,304.0
7,29,15.0,166.0,76.0,212.0
1,66,14.0,143.0,52.0,160.0
5,333,13.0,25.0,26.0,148.0
2,347,15.0,82.0,97.0,56.0
2,153,6.0,39.0,49.0,353.0
1,394,22.0,80.0,89.0,30.0
4,287,15.0,14.0,31.0,252.0
1,181,10.0,156.0,91.0,21.0
7,360,4.0,63.0,23.0,64.0
6,365,15.0,230.0,98.0,313.0
3,274,16.0,152.0,39.0,293.0
5,33,18.0,214.0,49.0,291.0
3,233,13.0,71.0,78.0,116.0
3,240,12.0,192.0,89.0,227.0
4,251,17.0,104.0,27.0,276.0
7,217,4.0,50.0,24.0,80.0
1,318,7.0,113.0,59.0,140.0
6,214,16.0,269.0,20.0,150.0
7,296,13.0,259.0,48.0,32.0
6,152,18.0,39.0,76.0,139.0
3,176,20.0,262.0,60.0,104.0
2,115,7.0,372.0,47.0,312.0
7,368,20.0,51.0,74.0,29.0
6,386,19.0,121.0,96.0,72.0
5,17,16.0,29.0,121.0,153.0
3,305,13.0,289.0,118.0,241.0
7,294,13.0,71.0,53.0,114.0
3,373,4.0,132.0,63.0,95.0
2,389,13.0,297.0,33.0,101.0
7,234,7.0,319.0,92.0,338.0
7,219,6.0,260.0,88.0,84.0
5,61,5.0,27.0,103.0,200.0
3,227,21.0,280.0,100.0,146.0
5,83,8.0,128.0,63.0,54.0
6,294,8.0,155.0,17.0,175.0
5,247,19.0,77.0,58.0,180.0
1,150,13.0,283.0,108.0,182.0
2,389,18.0,34.0,32.0,235.0
1,227,21.0,382.0,35.0,88.0
7,311,14.0,202.0,46.0,378.0
2,350,21.0,135.0,25.0,133.0
1,322,16.0,120.0,100.0,107.0
1,53,12.0,69.0,75.0,306.0
1,63,7.0,123.0,25.0,380.0
1,230,21.0,397.0,29.0,196.0
5,242,7.0,266.0,106.0,229.0
6,149,14.0,182.0,54.0,310.0
2,64,5.0,128.0,51.0,37.0
4,262,19.0,305.0,74.0,41.0
7,110,15.0,193.0,53.0,27.0
4,290,4.0,316.0,44.0,316.0
1,206,8.0,201.0,44.0,328.0
1,160,5.0,144.0,127.0,346.0
6,206,15.0,202.0,73.0,233.0
3,291,10.0,18.0,55.0,200.0
6,92,4.0,354.0,117.0,355.0
3,225,6.0,200.0,99.0,242.0
3,382,23.0,341.0,41.0,358.0
5,209,4.0,272.0,122.0,282.0
3,16,23.0,15.0,73.0,339.0
2,43,9.0,371.0,68.0,351.0
2,317,19.0,315.0,59.0,46.0
3,105,5.0,214.0,27.0,98.0
5,290,14.0,272.0,117.0,202.0
5,61,11.0,51.0,112.0,392.0
2,302,23.0,88.0,37.0,49.0
6,288,5.0,381.0,59.0,294.0
5,345,8.0,204.0,97.0,21.0
5,268,11.0,249.0,56.0,229.0
4,377,15.0,210.0,96.0,161.0
1,200,17.0,355.0,40.0,59.0
5,129,4.0,147.0,61.0,223.0
6,280,11.0,101.0,38.0,78.0
2,246,19.0,60.0,55.0,388.0
5,173,17.0,166.0,46.0,44.0
3,83,18.0,14.0,107.0,355.0
6,265,20.0,320.0,59.0,138.0
3,199,8.0,168.0,121.0,345.0
6,92,16.0,215.0,104.0,378.0
2,211,19.0,377.0,100.0,364.0
7,327,6.0,156.0,127.0,70.0
3,251,5.0,70.0,66.0,101.0
5,303,9.0,367.0,23.0,292.0
1,316,7.0,109.0,68.0,223.0
1,361,18.0,106.0,69.0,79.0
6,215,9.0,63.0,112.0,27.0
5,27,4.0,101.0,22.0,327.0
7,148,14.0,232.0,119.0,77.0
3,247,21.0,188.0,53.0,129.0
2,392,4.0,319.0,25.0,375.0
3,46,23.0,273.0,22.0,11.0
5,392,13.0,202.0,113.0,296.0
4,256,12.0,152.0,20.0,103.0
7,12,22.0,341.0,62.0,108.0
7,14,19.0,287.0,116.0,191.0
6,266,15.0,396.0,23.0,116.0
3,306,5.0,391.0,44.0,379.0
6,190,11.0,117.0,106.0,111.0
1,131,16.0,10.0,25.0,231.0
3,249,6.0,257.0,126.0,127.0
2,290,14.0,16.0,82.0,383.0
5,93,15.0,165.0,78.0,168.0
2,366,15.0,345.0,67.0,278.0
6,382,21.0,271.0,121.0,114.0
7,194,20.0,44.0,44.0,162.0
1,183,20.0,379.0,24.0,132.0
3,299,23.0,165.0,124.0,101.0
2,167,19.0,250.0,58.0,206.0
5,135,18.0,352.0,31.0,395.0
4,118,19.0,186.0,75.0,377.0
4,124,11.0,397.0,51.0,385.0
4,297,20.0,107.0,46.0,10.0
4,269,15.0,291.0,102.0,228.0
7,51,22.0,151.0,34.0,322.0
4,316,21.0,149.0,64.0,334.0
2,392,22.0,357.0,42.0,16.0
1,147,21.0,85.0,35.0,185.0
1,270,20.0,344.0,55.0,231.0
2,327,12.0,231.0,88.0,41.0
7,29,22.0,287.0,38.0,64.0
7,336,12.0,82.0,71.0,296.0
5,363,5.0,261.0,34.0,75.0
4,187,6.0,213.0,52.0,293.0
4,146,5.0,358.0,42.0,110.0
4,196,18.0,24.0,22.0,255.0
6,23,9.0,94.0,57.0,322.0
3,187,17.0,308.0,117.0,133.0
3,205,4.0,250.0,105.0,285.0
7,210,15.0,137.0,17.0,261.0
1,10,7.0,167.0,121.0,299.0
3,41,11.0,63.0,54.0,21.0
1,242,13.0,138.0,35.0,250.0
7,110,13.0,378.0,33.0,374.0
3,108,16.0,132.0,66.0,263.0
1,78,21.0,188.0,65.0,58.0
5,304,21.0,15.0,85.0,356.0
6,263,8.0,274.0,36.0,117.0
4,46,14.0,344.0,36.0,121.0
3,241,10.0,64.0,54.0,287.0
7,67,4.0,135.0,111.0,177.0
6,74,20.0,166.0,71.0,106.0
7,336,22.0,276.0,40.0,223.0
2,33,13.0,197.0,122.0,122.0
5,239,22.0,85.0,44.0,113.0
6,252,14.0,372.0,123.0,127.0
1,185,6.0,76.0,42.0,138.0
6,132,20.0,212.0,63.0,80.0
6,71,17.0,136.0,41.0,180.0
3,391,4.0,130.0,105.0,30.0
2,71,20.0,50.0,58.0,324.0
5,367,4.0,381.0,74.0,341.0
5,27,11.0,188.0,62.0,208.0
4,305,22.0,206.0,58.0,159.0
7,385,14.0,86.0,108.0,60.0
7,318,16.0,25.0,35.0,357.0
1,280,20.0,377.0,50.0,188.0
2,186,15.0,134.0,124.0,370.0
6,154,6.0,148.0,76.0,384.0
7,86,22.0,126.0,98.0,116.0
7,186,13.0,399.0,46.0,202.0
3,378,19.0,156.0,20.0,116.0
3,359,13.0,189.0,113.0,225.0
1,29,8.0,382.0,106.0,376.0
2,329,20.0,134.0,92.0,183.0
4,90,4.0,101.0,126.0,50.0
7,26,12.0,86.0,89.0,334.0
2,66,4.0,28.0,18.0,173.0
4,139,10.0,373.0,107.0,167.0
1,59,12.0,325.0,54.0,268.0
1,313,15.0,295.0,59.0,138.0
3,215,9.0,258.0,71.0,367.0
2,206,10.0,283.0,82.0,117.0
3,320,11.0,72.0,56.0,85.0
3,49,21.0,160.0,95.0,287.0
7,222,4.0,380.0,53.0,315.0
1,80,16.0,47.0,41.0,24.0
2,130,12.0,228.0,58.0,189.0
6,243,7.0,232.0,126.0,206.0
7,52,7.0,159.0,28.0,373.0
5,372,20.0,234.0,51.0,59.0
6,242,20.0,177.0,36.0,55.0
6,31,20.0,112.0,56.0,144.0
7,254,19.0,198.0,66.0,350.0
6,322,22.0,144.0,20.0,265.0
5,287,22.0,311.0,17.0,275.0
1,13,4.0,26.0,35.0,329.0
5,344,5.0,70.0,37.0,88.0
5,67,10.0,64.0,42.0,111.0
6,306,9.0,110.0,50.0,75.0
6,174,8.0,154.0,60.0,95.0
7,350,16.0,316.0,65.0,377.0
5,88,19.0,226.0,70.0,11.0
4,271,11.0,177.0,117.0,381.0
1,296,19.0,12.0,36.0,342.0
4,11,9.0,309.0,70.0,217.0
1,126,8.0,250.0,46.0,85.0
1,321,20.0,30.0,126.0,397.0
4,96,17.0,320.0,92.0,377.0
1,126,21.0,33.0,83.0,142.0
4,225,7.0,321.0,73.0,216.0
6,100,19.0,41.0,116.0,328.0
1,152,9.0,214.0,61.0,248.0
4,299,13.0,275.0,53.0,77.0
1,82,7.0,84.0,17.0,347.0
6,210,14.0,17.0,119.0,220.0
7,333,8.0,73.0,98.0,85.0
6,273,6.0,259.0,53.0,291.0
2,252,11.0,102.0,101.0,15.0
3,231,21.0,72.0,51.0,103.0
1,362,18.0,349.0,121.0,16.0
2,263,9.0,247.0,76.0,352.0
4,37,4.0,398.0,107.0,17.0
5,382,9.0,158.0,40.0,17.0
1,91,8.0,287.0,85.0,273.0
2,211,6.0,61.0,74.0,342.0
3,145,21.0,278.0,35.0,41.0
2,304,15.0,259.0,77.0,391.0
2,220,10.0,389.0,66.0,11.0
7,102,19.0,105.0,92.0,372.0
4,159,14.0,361.0,58.0,75.0
6,168,12.0,153.0,42.0,199.0
1,334,20.0,257.0,28.0,280.0
7,86,10.0,15.0,94.0,290.0
1,48,20.0,83.0,39.0,277.0
3,51,21.0,385.0,127.0,120.0
2,323,22.0,257.0,119.0,306.0
1,121,13.0,328.0,88.0,167.0
6,199,22.0,398.0,95.0,325.0
1,160,4.0,111.0,62.0,395.0
4,10,19.0,21.0,124.0,248.0
6,235,20.0,54.0,111.0,84.0
7,112,16.0,390.0,81.0,167.0
2,362,9.0,349.0,123.0,217.0
4,252,8.0,246.0,96.0,209.0
1,109,20.0,74.0,48.0,150.0
3,298,11.0,55.0,97.0,129.0
2,204,21.0,211.0,62.0,10.0
3,258,22.0,274.0,115.0,343.0
4,167,17.0,230.0,87.0,46.0
5,293,14.0,329.0,50.0,36.0
4,368,13.0,75.0,124.0,181.0
1,90,20.0,269.0,105.0,357.0
5,391,6.0,322.0,97.0,170.0
5,24,19.0,256.0,78.0,227.0
7,346,9.0,349.0,93.0,15.0
6,213,17.0,168.0,53.0,47.0
1,109,14.0,206.0,109.0,142.0
6,74,13.0,181.0,17.0,108.0
6,312,15.0,309.0,33.0,214.0
6,393,20.0,101.0,19.0,311.0
3,22,13.0,218.0,86.0,325.0
5,244,6.0,14.0,98.0,136.0
2,322,9.0,256.0,127.0,114.0
7,50,22.0,366.0,45.0,351.0
6,336,4.0,235.0,127.0,336.0
3,264,22.0,85.0,112.0,147.0
4,59,10.0,228.0,17.0,332.0
7,62,6.0,149.0,105.0,130.0
4,98,8.0,95.0,16.0,82.0
1,11,19.0,23.0,16.0,198.0
2,392,7.0,117.0,51.0,25.0
2,318,5.0,33.0,37.0,89.0
5,389,8.0,358.0,109.0,335.0
4,396,5.0,190.0,90.0,101.0
1,256,15.0,12.0,27.0,89.0
4,47,19.0,295.0,89.0,254.0
7,158,4.0,135.0,29.0,250.0
5,203,14.0,301.0,98.0,376.0
5,343,19.0,381.0,43.0,250.0
5,269,5.0,124.0,118.0,46.0
3,161,9.0,240.0,71.0,177.0
6,233,16.0,392.0,20.0,15.0
7,210,23.0,25.0,63.0,397.0
1,151,4.0,56.0,28.0,115.0
2,285,10.0,173.0,41.0,169.0
4,113,7.0,121.0,100.0,230.0
2,318,14.0,214.0,92.0,299.0
3,155,6.0,143.0,81.0,142.0
5,201,4.0,220.0,90.0,367.0
4,251,8.0,12.0,62.0,287.0
3,24,18.0,39.0,99.0,357.0
5,377,8.0,59.0,90.0,48.0
1,182,11.0,106.0,98.0,332.0
5,290,4.0,280.0,56.0,164.0
6,52,13.0,200.0,119.0,184.0
5,142,7.0,196.0,95.0,43.0
6,335,16.0,346.0,42.0,266.0
4,121,19.0,40.0,97.0,35.0
6,135,18.0,53.0,36.0,289.0
3,265,11.0,138.0,60.0,248.0
6,32,11.0,289.0,99.0,289.0
4,119,14.0,195.0,25.0,67.0
4,391,18.0,195.0,102.0,358.0
1,135,11.0,223.0,100.0,393.0
6,262,19.0,374.0,98.0,201.0
5,35,23.0,264.0,114.0,295.0
3,27,19.0,33.0,22.0,356.0
1,334,23.0,245.0,110.0,295.0
4,111,9.0,291.0,76.0,54.0
2,257,8.0,13.0,27.0,369.0
4,92,13.0,100.0,82.0,206.0
7,201,20.0,42.0,32.0,36.0
7,309,9.0,164.0,82.0,120.0
1,26,20.0,327.0,100.0,301.0
4,33,13.0,353.0,114.0,323.0
2,338,10.0,64.0,67.0,354.0
1,54,20.0,322.0,92.0,380.0
1,43,20.0,231.0,82.0,377.0
2,172,18.0,291.0,77.0,251.0
7,284,12.0,74.0,44.0,159.0
3,240,9.0,78.0,37.0,55.0
3,314,18.0,19.0,26.0,191.0
2,297,18.0,12.0,36.0,116.0
1,238,11.0,124.0,95.0,300.0
4,391,16.0,121.0,104.0,115.0
5,14,22.0,363.0,102.0,361.0
4,315,5.0,122.0,111.0,346.0
5,253,7.0,185.0,81.0,304.0
4,266,5.0,116.0,111.0,86.0
2,289,15.0,146.0,98.0,321.0
1,66,16.0,169.0,101.0,32.0
3,15,21.0,35.0,64.0,147.0
6,223,6.0,136.0,121.0,275.0
7,136,16.0,244.0,19.0,200.0
2,250,19.0,28.0,63.0,270.0
1,367,17.0,80.0,22.0,399.0
7,71,17.0,107.0,64.0,277.0
3,378,12.0,170.0,60.0,220.0
6,359,23.0,296.0,97.0,278.0
4,88,19.0,392.0,45.0,82.0
1,94,21.0,65.0,118.0,65.0
2,286,17.0,187.0,77.0,152.0
5,73,15.0,221.0,40.0,192.0
5,41,12.0,90.0,127.0,132.0
2,396,12.0,375.0,124.0,165.0
2,231,19.0,263.0,47.0,17.0
7,127,13.0,128.0,59.0,37.0
1,141,16.0,351.0,98.0,280.0
1,348,21.0,290.0,44.0,73.0
3,194,5.0,82.0,71.0,220.0
6,334,8.0,329.0,27.0,297.0
4,252,8.0,341.0,21.0,240.0
4,379,9.0,215.0,117.0,399.0
7,279,6.0,247.0,78.0,138.0
5,59,18.0,175.0,95.0,180.0
3,301,11.0,242.0,77.0,174.0
2,251,14.0,142.0,57.0,249.0
6,44,22.0,210.0,127.0,247.0
3,36,12.0,70.0,48.0,311.0
1,340,7.0,290.0,92.0,150.0
6,234,10.0,292.0,107.0,120.0
1,338,22.0,67.0,20.0,55.0
3,220,7.0,211.0,19.0,108.0
4,206,18.0,177.0,34.0,109.0
1,27,16.0,43.0,114.0,305.0
4,195,23.0,79.0,125.0,146.0
1,309,10.0,174.0,89.0,95.0
5,206,23.0,40.0,31.0,59.0
4,158,16.0,248.0,81.0,379.0
2,108,20.0,155.0,122.0,36.0
1,263,14.0,94.0,69.0,356.0
6,161,11.0,329.0,68.0,136.0
1,138,7.0,103.0,55.0,279.0
3,157,19.0,386.0,118.0,339.0
4,127,22.0,228.0,123.0,351.0
1,332,19.0,320.0,114.0,259.0
4,161,7.0,156.0,27.0,394.0
7,248,21.0,160.0,53.0,125.0
6,399,16.0,362.0,110.0,56.0
7,341,15.0,202.0,102.0,382.0
5,159,9.0,94.0,60.0,97.0
1,330,18.0,298.0,17.0,302.0
7,171,6.0,41.0,69.0,294.0
1,60,15.0,307.0,73.0,203.0
5,236,23.0,340.0,64.0,117.0
6,24,8.0,240.0,54.0,288.0
7,346,7.0,219.0,61.0,160.0
3,46,17.0,181.0,23.0,178.0
5,225,13.0,199.0,28.0,159.0
4,382,23.0,165.0,62.0,74.0
1,96,12.0,25.0,84.0,344.0
2,83,7.0,38.0,61.0,399.0
4,178,11.0,247.0,102.0,50.0
4,269,17.0,135.0,35.0,57.0
6,103,4.0,148.0,38.0,187.0
2,377,23.0,88.0,56.0,249.0
1,155,20.0,88.0,63.0,193.0
2,243,15.0,183.0,119.0,399.0
4,348,9.0,376.0,50.0,194.0
6,62,10.0,148.0,95.0,343.0
2,283,15.0,199.0,95.0,45.0
7,295,11.0,361.0,42.0,294.0
5,290,21.0,296.0,34.0,193.0
5,72,5.0,105.0,64.0,65.0
5,253,4.0,232.0,46.0,222.0
6,165,9.0,190.0,18.0,85.0
6,39,12.0,281.0,67.0,244.0
5,133,23.0,190.0,105.0,291.0
1,116,20.0,281.0,101.0,392.0
2,44,8.0,326.0,59.0,20.0
3,61,13.0,316.0,48.0,157.0
6,313,19.0,255.0,59.0,242.0
5,368,8.0,204.0,108.0,134.0
7,385,4.0,389.0,78.0,210.0
3,234,12.0,307.0,126.0,57.0
6,170,19.0,212.0,21.0,277.0
1,110,13.0,28.0,109.0,268.0
5,94,16.0,300.0,85.0,354.0
3,25,19.0,291.0,125.0,204.0
5,55,19.0,18.0,96.0,91.0
6,290,19.0,177.0,27.0,47.0
1,103,23.0,32.0,85.0,367.0
7,82,17.0,132.0,111.0,394.0
6,229,10.0,248.0,101.0,121.0
5,244,13.0,291.0,56.0,378.0
7,371,17.0,340.0,22.0,218.0
5,254,17.0,387.0,108.0,76.0
3,347,21.0,171.0,16.0,360.0
2,83,9.0,40.0,116.0,181.0
1,218,12.0,176.0,119.0,142.0
2,30,8.0,126.0,21.0,289.0
5,397,21.0,248.0,60.0,292.0
3,279,6.0,365.0,87.0,284.0
6,267,6.0,55.0,45.0,338.0
7,142,18.0,92.0,76.0,139.0
4,30,11.0,132.0,34.0,14.0
7,244,5.0,355.0,88.0,66.0
6,206,14.0,274.0,78.0,378.0
5,147,4.0,186.0,74.0,132.0
2,37,22.0,144.0,99.0,112.0
2,204,4.0,48.0,48.0,321.0
4,124,23.0,233.0,60.0,213.0
2,302,17.0,72.0,42.0,254.0
1,228,4.0,213.0,102.0,325.0
3,371,14.0,274.0,63.0,272.0
6,20,13.0,166.0,102.0,296.0
6,69,10.0,237.0,27.0,150.0
2,224,10.0,51.0,43.0,183.0
4,79,14.0,397.0,82.0,86.0
4,341,21.0,295.0,45.0,163.0
7,211,15.0,367.0,72.0,359.0
2,210,10.0,228.0,40.0,19.0
4,20,4.0,171.0,71.0,273.0
3,59,22.0,145.0,126.0,202.0
2,162,18.0,27.0,96.0,264.0
6,275,13.0,228.0,54.0,294.0
2,35,21.0,130.0,105.0,355.0
1,240,9.0,260.0,33.0,350.0
5,245,4.0,19.0,47.0,190.0
3,36,4.0,358.0,44.0,397.0
5,225,17.0,386.0,78.0,355.0
4,179,21.0,93.0,18.0,54.0
2,73,14.0,243.0,102.0,11.0
7,370,15.0,223.0,44.0,234.0
4,286,23.0,240.0,42.0,127.0
1,220,5.0,38.0,108.0,166.0
1,172,20.0,389.0,75.0,332.0
7,255,21.0,143.0,85.0,346.0
2,250,23.0,15.0,48.0,343.0
4,144,10.0,126.0,66.0,366.0
6,196,17.0,160.0,37.0,330.0
3,302,21.0,25.0,16.0,122.0
1,50,9.0,271.0,61.0,196.0
5,149,13.0,345.0,22.0,179.0
2,217,22.0,123.0,97.0,284.0
4,154,18.0,345.0,28.0,75.0
7,305,9.0,160.0,18.0,209.0
7,340,6.0,354.0,114.0,120.0
6,321,21.0,354.0,26.0,271.0
7,50,20.0,248.0,31.0,83.0
3,201,13.0,262.0,87.0,138.0
2,300,6.0,61.0,107.0,73.0
1,316,4.0,373.0,47.0,300.0
2,294,18.0,66.0,34.0,89.0
1,173,14.0,332.0,19.0,124.0
4,249,21.0,20.0,59.0,348.0
2,321,4.0,86.0,44.0,111.0
5,238,4.0,230.0,84.0,370.0
1,303,11.0,139.0,49.0,227.0
4,252,12.0,355.0,111.0,126.0
2,247,16.0,171.0,101.0,246.0
1,332,15.0,351.0,75.0,83.0
5,176,11.0,46.0,72.0,91.0
2,124,16.0,72.0,48.0,184.0
4,149,17.0,223.0,34.0,155.0
4,217,15.0,244.0,73.0,210.0
5,192,10.0,365.0,31.0,333.0
3,177,9.0,259.0,41.0,28.0
3,140,14.0,373.0,52.0,75.0
5,211,12.0,35.0,31.0,11.0
7,144,23.0,112.0,74.0,385.0
4,367,18.0,10.0,23.0,34.0
3,157,17.0,243.0,53.0,226.0
1,239,22.0,208.0,94.0,126.0
2,228,5.0,322.0,124.0,239.0
3,330,11.0,263.0,127.0,217.0
2,363,16.0,102.0,42.0,251.0
1,204,11.0,12.0,46.0,264.0
6,278,7.0,283.0,46.0,108.0
6,366,5.0,124.0,44.0,178.0
6,103,14.0,385.0,49.0,192.0
2,146,22.0,116.0,59.0,389.0
2,335,21.0,169.0,117.0,65.0
6,263,14.0,226.0,43.0,198.0
1,384,4.0,188.0,97.0,196.0
7,361,20.0,204.0,60.0,121.0
2,50,7.0,62.0,73.0,123.0
3,359,8.0,156.0,48.0,218.0
4,111,6.0,233.0,46.0,255.0
7,303,22.0,317.0,115.0,304.0
1,224,10.0,239.0,72.0,206.0
5,304,16.0,392.0,22.0,208.0
3,179,16.0,379.0,27.0,224.0
6,139,9.0,338.0,75.0,145.0
6,259,17.0,103.0,38.0,234.0
1,132,8.0,46.0,70.0,389.0
4,119,15.0,206.0,119.0,28.0
4,47,9.0,126.0,20.0,92.0
3,392,17.0,135.0,82.0,254.0
3,398,23.0,131.0,107.0,156.0
5,50,9.0,305.0,61.0,149.0
6,45,5.0,285.0,88.0,283.0
1,377,14.0,378.0,60.0,371.0
4,119,11.0,53.0,39.0,260.0
4,380,11.0,384.0,116.0,296.0
3,325,8.0,382.0,84.0,334.0
2,376,21.0,283.0,19.0,46.0
1,196,19.0,206.0,17.0,240.0
4,244,9.0,323.0,32.0,316.0
4,70,5.0,128.0,103.0,37.0
3,162,13.0,171.0,124.0,224.0
6,113,8.0,138.0,102.0,367.0
7,193,11.0,377.0,64.0,36.0
6,55,10.0,224.0,75.0,106.0
7,50,9.0,364.0,53.0,188.0
5,338,19.0,26.0,38.0,280.0
6,92,15.0,240.0,123.0,296.0
2,347,8.0,90.0,43.0,162.0
7,73,11.0,384.0,68.0,398.0
2,25,15.0,264.0,122.0,277.0
6,243,17.0,234.0,48.0,44.0
6,73,20.0,183.0,78.0,382.0
3,248,20.0,315.0,35.0,203.0
7,319,6.0,116.0,120.0,264.0
7,18,10.0,361.0,76.0,279.0
4,278,20.0,155.0,98.0,160.0
2,75,14.0,88.0,79.0,181.0
5,202,8.0,335.0,91.0,188.0
2,289,4.0,322.0,103.0,10.0
4,350,17.0,112.0,57.0,32.0
6,54,9.0,294.0,55.0,181.0
3,376,15.0,64.0,46.0,230.0
4,330,4.0,376.0,113.0,184.0
3,12,16.0,179.0,25.0,317.0
7,312,21.0,259.0,78.0,135.0
5,197,4.0,190.0,24.0,261.0
4,383,4.0,368.0,99.0,25.0
4,295,6.0,160.0,101.0,247.0
5,165,6.0,24.0,77.0,224.0
5,298,10.0,346.0,80.0,122.0
5,238,5.0,242.0,55.0,278.0
4,237,14.0,238.0,42.0,80.0
7,260,15.0,345.0,87.0,243.0
7,58,22.0,370.0,60.0,223.0
3,385,22.0,353.0,69.0,33.0
5,226,7.0,126.0,48.0,264.0
6,225,9.0,391.0,69.0,391.0
6,61,17.0,143.0,102.0,112.0
4,325,13.0,202.0,62.0,324.0
6,164,21.0,183.0,26.0,378.0
5,48,23.0,27.0,124.0,46.0
1,332,6.0,393.0,86.0,187.0
7,359,15.0,160.0,51.0,296.0
5,372,9.0,329.0,55.0,329.0
5,322,12.0,212.0,79.0,74.0
6,290,9.0,346.0,83.0,362.0
5,397,11.0,55.0,29.0,152.0
5,292,15.0,217.0,26.0,170.0
6,31,9.0,65.0,17.0,396.0
4,115,11.0,390.0,87.0,336.0
6,122,16.0,75.0,29.0,168.0
4,322,17.0,342.0,41.0,39.0
3,183,5.0,165.0,124.0,344.0
1,362,20.0,218.0,51.0,318.0
3,137,11.0,19.0,69.0,231.0
1,78,23.0,207.0,107.0,234.0
1,251,16.0,45.0,18.0,211.0
5,37,4.0,372.0,64.0,255.0
3,43,22.0,128.0,28.0,225.0
1,27,10.0,177.0,111.0,385.0
7,206,6.0,100.0,87.0,160.0
2,98,7.0,159.0,112.0,307.0
4,272,11.0,268.0,57.0,232.0
1,85,12.0,225.0,124.0,87.0
1,165,18.0,346.0,50.0,88.0
3,213,9.0,196.0,20.0,262.0
1,45,10.0,20.0,44.0,214.0
7,223,19.0,234.0,109.0,334.0
7,44,17.0,388.0,38.0,224.0
7,322,23.0,397.0,101.0,39.0
6,158,21.0,204.0,42.0,230.0
7,275,19.0,365.0,52.0,25.0
2,339,12.0,251.0,116.0,339.0
3,22,7.0,196.0,101.0,154.0
7,174,8.0,205.0,105.0,154.0
7,15,22.0,37.0,17.0,247.0
5,168,4.0,398.0,104.0,290.0
7,251,7.0,108.0,107.0,98.0
4,201,11.0,21.0,74.0,86.0
5,141,19.0,241.0,79.0,329.0
5,118,19.0,217.0,51.0,278.0
3,164,23.0,239.0,17.0,270.0
1,118,9.0,54.0,55.0,48.0
1,350,11.0,183.0,50.0,172.0
6,339,21.0,74.0,58.0,81.0
1,113,16.0,176.0,88.0,164.0
5,33,17.0,203.0,66.0,301.0
6,114,16.0,72.0,120.0,384.0
1,104,15.0,135.0,94.0,70.0
1,225,4.0,173.0,114.0,157.0
7,32,20.0,386.0,116.0,194.0
6,104,4.0,225.0,22.0,139.0
5,254,16.0,87.0,89.0,18.0
2,202,23.0,269.0,102.0,101.0
6,26,10.0,358.0,29.0,23.0
7,81,14.0,295.0,102.0,84.0
1,245,23.0,321.0,62.0,149.0
7,338,21.0,216.0,126.0,188.0
3,207,8.0,331.0,72.0,11.0
7,60,6.0,32.0,69.0,68.0
6,273,11.0,206.0,61.0,364.0
1,32,14.0,230.0,73.0,336.0
7,53,6.0,21.0,20.0,34.0
4,381,10.0,311.0,97.0,342.0
2,57,15.0,47.0,75.0,317.0
2,338,10.0,114.0,70.0,73.0
7,176,20.0,24.0,80.0,126.0
5,206,5.0,208.0,29.0,69.0
2,379,12.0,387.0,40.0,264.0
6,133,13.0,128.0,42.0,44.0
5,373,4.0,304.0,105.0,130.0
1,357,6.0,76.0,96.0,181.0
5,151,11.0,124.0,35.0,321.0
3,263,5.0,133.0,63.0,81.0
3,114,10.0,47.0,51.0,32.0
5,49,5.0,46.0,38.0,142.0
4,355,18.0,271.0,127.0,275.0
2,55,14.0,92.0,52.0,257.0
3,326,19.0,27.0,70.0,336.0
4,181,17.0,288.0,78.0,329.0
2,271,6.0,112.0,67.0,329.0
2,389,6.0,333.0,52.0,58.0
6,74,14.0,12.0,112.0,58.0
4,258,23.0,375.0,81.0,396.0
7,387,18.0,337.0,123.0,297.0
2,297,20.0,264.0,41.0,219.0
3,326,5.0,162.0,53.0,73.0
1,294,20.0,199.0,44.0,243.0
6,52,23.0,121.0,113.0,90.0
3,58,13.0,318.0,115.0,193.0
5,281,21.0,60.0,36.0,72.0
5,108,13.0,194.0,17.0,211.0
7,154,11.0,276.0,30.0,277.0
6,134,13.0,365.0,21.0,150.0
3,277,14.0,290.0,62.0,48.0
2,191,4.0,202.0,48.0,149.0
6,222,21.0,227.0,88.0,367.0
2,170,23.0,130.0,109.0,349.0
7,84,20.0,111.0,117.0,198.0
6,319,16.0,136.0,33.0,102.0
6,399,10.0,189.0,51.0,254.0
7,32,12.0,101.0,16.0,270.0
4,132,4.0,111.0,21.0,142.0
7,167,15.0,294.0,124.0,307.0
4,291,9.0,241.0,89.0,356.0
3,312,6.0,333.0,53.0,36.0
2,203,16.0,316.0,98.0,396.0
3,320,15.0,122.0,82.0,68.0
2,381,16.0,284.0,18.0,36.0
3,121,16.0,38.0,38.0,19.0
3,172,5.0,112.0,61.0,380.0
7,21,4.0,17.0,52.0,319.0
1,296,7.0,330.0,24.0,298.0
5,365,5.0,82.0,126.0,204.0
5,61,11.0,143.0,63.0,183.0
6,60,12.0,268.0,111.0,262.0
7,150,22.0,82.0,18.0,134.0
2,141,16.0,245.0,118.0,258.0
4,138,5.0,18.0,24.0,119.0
5,390,19.0,252.0,32.0,125.0
6,98,14.0,162.0,91.0,37.0
5,171,19.0,379.0,106.0,216.0
7,244,19.0,398.0,77.0,380.0
6,151,10.0,137.0,119.0,203.0
3,224,15.0,286.0,58.0,211.0
5,188,21.0,51.0,27.0,100.0
6,89,16.0,327.0,22.0,195.0
3,116,8.0,99.0,72.0,31.0
6,254,20.0,199.0,58.0,14.0
5,103,17.0,155.0,86.0,47.0
3,295,23.0,349.0,76.0,134.0
5,213,15.0,79.0,127.0,356.0
2,161,11.0,256.0,111.0,154.0
3,34,9.0,42.0,59.0,301.0
3,50,15.0,252.0,102.0,278.0
5,244,13.0,18.0,34.0,121.0
6,307,4.0,349.0,18.0,248.0
3,122,10.0,174.0,32.0,215.0
1,304,15.0,282.0,101.0,126.0
4,82,10.0,264.0,16.0,155.0
7,20,23.0,333.0,31.0,57.0
4,303,7.0,84.0,92.0,171.0
7,364,22.0,215.0,87.0,148.0
1,303,21.0,310.0,55.0,74.0
3,143,17.0,77.0,26.0,321.0
1,199,19.0,250.0,37.0,304.0
1,45,18.0,264.0,18.0,142.0
6,98,10.0,62.0,17.0,187.0
4,30,14.0,121.0,95.0,27.0
5,66,7.0,100.0,31.0,112.0
7,32,18.0,143.0,109.0,73.0
3,366,23.0,127.0,29.0,87.0
3,368,7.0,99.0,66.0,340.0
2,362,4.0,189.0,18.0,116.0
3,59,22.0,273.0,105.0,369.0
4,159,11.0,139.0,42.0,290.0
1,78,15.0,260.0,27.0,183.0
3,264,19.0,303.0,100.0,141.0
4,277,4.0,362.0,105.0,336.0
3,308,22.0,308.0,117.0,56.0
7,333,23.0,364.0,81.0,15.0
6,310,12.0,53.0,18.0,44.0
7,61,21.0,138.0,126.0,111.0
5,109,13.0,54.0,81.0,60.0
7,14,11.0,331.0,49.0,360.0
4,114,22.0,192.0,79.0,189.0
2,323,9.0,43.0,51.0,361.0
1,304,13.0,180.0,72.0,253.0
5,116,11.0,296.0,126.0,274.0
3,211,11.0,302.0,17.0,82.0
1,350,18.0,108.0,85.0,209.0
7,173,18.0,155.0,111.0,20.0
2,113,10.0,228.0,125.0,230.0
2,363,9.0,168.0,25.0,347.0
3,163,4.0,308.0,30.0,333.0
3,186,18.0,106.0,100.0,102.0
4,132,17.0,335.0,58.0,169.0
4,345,4.0,279.0,87.0,252.0
5,245,16.0,177.0,55.0,232.0
1,206,11.0,354.0,52.0,46.0
5,72,13.0,218.0,110.0,211.0
2,57,7.0,91.0,61.0,319.0
6,261,19.0,74.0,56.0,239.0
2,115,8.0,375.0,108.0,87.0
1,51,21.0,48.0,82.0,277.0
2,174,11.0,130.0,40.0,83.0
5,317,19.0,77.0,125.0,195.0
4,366,7.0,231.0,103.0,330.0
3,103,6.0,342.0,25.0,294.0
7,62,16.0,58.0,88.0,363.0
3,107,6.0,45.0,30.0,384.0
5,48,10.0,193.0,126.0,220.0
7,119,6.0,243.0,115.0,330.0
5,329,23.0,276.0,60.0,376.0
4,64,7.0,252.0,94.0,40.0
7,341,13.0,300.0,17.0,181.0
7,231,21.0,53.0,78.0,388.0
6,290,19.0,173.0,60.0,153.0
5,19,10.0,126.0,112.0,259.0
5,79,10.0,56.0,95.0,84.0
3,35,15.0,324.0,70.0,98.0
4,249,17.0,64.0,76.0,65.0
4,126,12.0,139.0,94.0,178.0
2,34,22.0,20.0,25.0,24.0
2,283,11.0,143.0,45.0,64.0
7,333,21.0,259.0,39.0,285.0
4,98,8.0,97.0,111.0,331.0
7,326,18.0,293.0,30.0,93.0
4,376,6.0,276.0,65.0,298.0
5,301,12.0,202.0,67.0,387.0
2,197,13.0,185.0,66.0,76.0
3,230,6.0,225.0,120.0,27.0
2,325,12.0,122.0,29.0,399.0
7,397,21.0,370.0,18.0,95.0
1,97,18.0,50.0,68.0,39.0
6,144,16.0,180.0,47.0,95.0
7,117,4.0,119.0,93.0,204.0
2,127,18.0,64.0,101.0,180.0
2,93,23.0,132.0,115.0,133.0
6,39,9.0,69.0,102.0,267.0
1,94,12.0,78.0,32.0,351.0
4,170,16.0,189.0,125.0,170.0
7,304,18.0,265.0,50.0,103.0
1,119,9.0,97.0,54.0,88.0
6,141,22.0,189.0,126.0,287.0
5,84,12.0,353.0,19.0,341.0
4,62,9.0,334.0,56.0,161.0
2,383,22.0,94.0,30.0,73.0
7,291,4.0,147.0,21.0,346.0
1,76,12.0,152.0,105.0,139.0
1,329,5.0,239.0,45.0,29.0
7,265,7.0,79.0,59.0,77.0
2,85,7.0,153.0,24.0,276.0
4,140,23.0,215.0,72.0,278.0
4,281,16.0,386.0,19.0,41.0
4,230,4.0,392.0,124.0,396.0
3,113,22.0,41.0,95.0,45.0
1,196,16.0,364.0,19.0,314.0
6,217,10.0,19.0,55.0,179.0
2,253,16.0,332.0,119.0,391.0
3,283,13.0,320.0,114.0,148.0
4,82,4.0,305.0,123.0,275.0
6,342,14.0,314.0,110.0,57.0
7,33,16.0,203.0,111.0,78.0
6,314,8.0,53.0,122.0,277.0
7,13,18.0,79.0,30.0,366.0
3,230,10.0,375.0,81.0,253.0
5,71,7.0,186.0,108.0,77.0
2,277,10.0,179.0,40.0,288.0
4,92,21.0,245.0,65.0,72.0
1,117,14.0,321.0,30.0,218.0
2,178,18.0,134.0,113.0,55.0
3,314,5.0,302.0,104.0,212.0
5,346,20.0,87.0,49.0,56.0
7,312,23.0,251.0,45.0,79.0
4,357,10.0,326.0,35.0,392.0
1,357,15.0,203.0,93.0,48.0
7,137,15.0,164.0,30.0,126.0
7,138,17.0,288.0,29.0,399.0
2,179,11.0,201.0,82.0,31.0
6,128,12.0,344.0,43.0,226.0
3,152,13.0,267.0,16.0,270.0
7,72,12.0,146.0,127.0,84.0
1,350,20.0,350.0,30.0,239.0
3,22,17.0,127.0,70.0,133.0
3,283,19.0,210.0,37.0,36.0
4,222,10.0,27.0,90.0,302.0
6,387,9.0,307.0,103.0,383.0
3,385,17.0,353.0,118.0,398.0
3,155,21.0,38.0,39.0,136.0
3,106,9.0,155.0,64.0,211.0
5,341,11.0,217.0,48.0,160.0
7,25,6.0,211.0,48.0,39.0
6,320,13.0,11.0,86.0,209.0
7,292,4.0,295.0,66.0,381.0
7,130,16.0,144.0,89.0,198.0
2,381,9.0,395.0,21.0,279.0
3,337,23.0,367.0,64.0,253.0
5,123,15.0,324.0,32.0,197.0
4,262,11.0,214.0,61.0,71.0
7,322,5.0,25.0,55.0,151.0
4,160,19.0,139.0,94.0,226.0
4,199,10.0,218.0,113.0,14.0
1,300,8.0,69.0,22.0,325.0
1,211,8.0,83.0,117.0,148.0
3,93,14.0,220.0,77.0,267.0
7,249,8.0,78.0,75.0,374.0
5,59,9.0,189.0,66.0,203.0
5,144,4.0,158.0,56.0,77.0
3,76,20.0,57.0,97.0,338.0
6,315,14.0,378.0,125.0,245.0
5,60,13.0,204.0,86.0,206.0
1,35,12.0,306.0,76.0,336.0
6,135,18.0,368.0,71.0,82.0
2,324,8.0,50.0,65.0,19.0
4,226,6.0,195.0,121.0,241.0
2,386,12.0,358.0,31.0,338.0
1,110,22.0,222.0,24.0,356.0
5,147,18.0,34.0,54.0,170.0
6,15,18.0,228.0,28.0,10.0
2,104,23.0,163.0,65.0,368.0
6,327,5.0,17.0,67.0,247.0
5,300,22.0,166.0,89.0,178.0
5,55,20.0,333.0,44.0,282.0
4,385,9.0,278.0,24.0,280.0
4,60,6.0,311.0,30.0,140.0
5,137,23.0,249.0,70.0,281.0
1,367,11.0,127.0,63.0,60.0
3,299,10.0,113.0,118.0,359.0
1,13,23.0,47.0,113.0,137.0
6,370,19.0,118.0,111.0,293.0
3,274,5.0,77.0,43.0,29.0
2,239,19.0,197.0,123.0,46.0
1,143,4.0,89.0,59.0,100.0
3,49,11.0,375.0,120.0,95.0
6,222,14.0,21.0,65.0,264.0
7,33,6.0,286.0,88.0,19.0
2,10,22.0,387.0,79.0,264.0
5,197,19.0,257.0,77.0,392.0
2,208,16.0,284.0,94.0,253.0
3,259,6.0,397.0,50.0,289.0
3,383,14.0,292.0,26.0,41.0
4,317,17.0,244.0,48.0,222.0
2,125,14.0,315.0,63.0,89.0
5,196,9.0,272.0,38.0,362.0
1,209,17.0,108.0,126.0,58.0
5,87,22.0,292.0,98.0,384.0
2,206,5.0,161.0,46.0,303.0
7,310,16.0,256.0,91.0,183.0
5,218,5.0,284.0,56.0,88.0
7,298,5.0,393.0,61.0,183.0
3,48,9.0,220.0,47.0,130.0
4,175,9.0,178.0,54.0,332.0
7,271,18.0,49.0,98.0,292.0
5,218,15.0,264.0,63.0,65.0
3,240,16.0,49.0,44.0,340.0
4,80,17.0,13.0,109.0,157.0
4,355,23.0,114.0,121.0,170.0
7,197,16.0,180.0,121.0,398.0
1,98,17.0,302.0,91.0,306.0
2,179,6.0,98.0,39.0,347.0
1,197,18.0,91.0,21.0,66.0
2,55,20.0,279.0,68.0,214.0
2,105,14.0,70.0,76.0,149.0
2,69,21.0,87.0,127.0,156.0
6,261,10.0,329.0,57.0,89.0
7,340,22.0,264.0,39.0,141.0
3,381,19.0,156.0,23.0,17.0
6,313,20.0,389.0,81.0,106.0
1,180,6.0,71.0,72.0,188.0
7,184,4.0,96.0,100.0,359.0
6,213,9.0,17.0,103.0,172.0
1,242,7.0,185.0,77.0,112.0
7,126,8.0,326.0,102.0,151.0
2,16,11.0,158.0,77.0,226.0
5,64,10.0,100.0,44.0,196.0
4,260,22.0,394.0,101.0,158.0
4,322,7.0,106.0,92.0,122.0
3,372,17.0,270.0,62.0,78.0
5,361,17.0,256.0,65.0,282.0
5,46,5.0,93.0,40.0,63.0
1,249,10.0,222.0,37.0,175.0
4,246,19.0,157.0,116.0,266.0
5,125,21.0,49.0,79.0,217.0
5,119,23.0,118.0,38.0,313.0
7,79,15.0,368.0,61.0,137.0
5,24,16.0,159.0,34.0,37.0
3,166,8.0,254.0,40.0,284.0
7,119,4.0,180.0,79.0,272.0
5,293,7.0,30.0,77.0,183.0
4,299,5.0,65.0,101.0,31.0
4,304,10.0,347.0,99.0,217.0
1,337,4.0,383.0,61.0,127.0
5,144,16.0,95.0,50.0,104.0
3,225,12.0,39.0,39.0,340.0
5,61,10.0,171.0,62.0,310.0
7,305,8.0,154.0,114.0,52.0
7,310,12.0,183.0,106.0,26.0
3,191,15.0,275.0,115.0,116.0
3,100,12.0,83.0,28.0,230.0
7,380,8.0,390.0,53.0,108.0
5,183,17.0,197.0,18.0,37.0
4,88,10.0,123.0,53.0,311.0
3,204,22.0,288.0,64.0,90.0
4,80,19.0,105.0,37.0,107.0
6,144,4.0,57.0,102.0,321.0
6,109,8.0,313.0,26.0,102.0
4,12,19.0,212.0,36.0,102.0
4,114,20.0,187.0,78.0,374.0
3,394,20.0,301.0,23.0,382.0
3,360,6.0,204.0,61.0,101.0
3,20,22.0,313.0,119.0,69.0
5,381,21.0,391.0,63.0,213.0
5,85,19.0,176.0,81.0,45.0
3,316,15.0,309.0,18.0,92.0
4,219,21.0,118.0,18.0,344.0
4,156,10.0,19.0,83.0,87.0
7,314,20.0,204.0,72.0,23.0
4,275,5.0,142.0,17.0,314.0
5,159,4.0,165.0,55.0,17.0
6,318,17.0,116.0,84.0,234.0
5,130,6.0,69.0,17.0,280.0
6,246,4.0,221.0,84.0,148.0
1,221,6.0,189.0,26.0,239.0
1,346,12.0,193.0,98.0,189.0
5,273,19.0,356.0,74.0,44.0
7,99,20.0,135.0,116.0,216.0
1,239,10.0,379.0,108.0,55.0
2,274,5.0,391.0,24.0,222.0
6,15,14.0,282.0,46.0,324.0
2,308,14.0,30.0,87.0,245.0
2,278,19.0,327.0,67.0,197.0
7,118,22.0,256.0,20.0,128.0
2,95,5.0,371.0,48.0,222.0
5,218,14.0,180.0,104.0,340.0
2,81,21.0,62.0,27.0,169.0
2,244,6.0,140.0,40.0,130.0
5,293,6.0,155.0,60.0,283.0
5,143,22.0,49.0,108.0,351.0
1,330,4.0,21.0,91.0,171.0
7,146,15.0,27.0,89.0,130.0
7,292,18.0,244.0,89.0,218.0
1,85,16.0,299.0,63.0,82.0
6,334,7.0,364.0,66.0,166.0
3,382,15.0,320.0,56.0,370.0
2,109,4.0,224.0,41.0,395.0
5,30,5.0,291.0,33.0,375.0
4,184,8.0,343.0,30.0,383.0
4,283,22.0,377.0,43.0,332.0
4,45,22.0,69.0,18.0,64.0
3,65,8.0,266.0,27.0,66.0
7,44,11.0,288.0,113.0,274.0
7,276,20.0,49.0,50.0,97.0
6,338,10.0,246.0,103.0,148.0
5,243,10.0,49.0,24.0,129.0
5,80,11.0,16.0,61.0,168.0
3,192,21.0,166.0,121.0,252.0
1,344,9.0,357.0,31.0,129.0
7,67,12.0,281.0,35.0,37.0
2,324,17.0,308.0,54.0,286.0
6,282,10.0,110.0,79.0,207.0
1,54,12.0,90.0,126.0,124.0
1,346,17.0,114.0,113.0,327.0
6,355,10.0,187.0,48.0,317.0
3,159,16.0,398.0,74.0,31.0
2,207,7.0,393.0,89.0,61.0
3,266,15.0,357.0,48.0,216.0
5,250,20.0,277.0,25.0,174.0
3,383,4.0,169.0,26.0,159.0
7,232,20.0,122.0,120.0,302.0
1,193,20.0,312.0,26.0,37.0
4,321,21.0,133.0,44.0,394.0
3,350,5.0,385.0,76.0,220.0
2,356,15.0,278.0,98.0,302.0
6,311,7.0,140.0,121.0,330.0
1,310,9.0,54.0,125.0,12.0
6,199,21.0,385.0,60.0,224.0
6,25,5.0,276.0,120.0,330.0
1,254,5.0,356.0,117.0,121.0
4,37,14.0,208.0,45.0,109.0
4,150,10.0,267.0,33.0,106.0
6,78,19.0,392.0,86.0,246.0
3,107,5.0,110.0,22.0,391.0
7,18,6.0,239.0,84.0,192.0
4,14,8.0,327.0,30.0,201.0
7,46,16.0,47.0,57.0,29.0
4,204,19.0,215.0,27.0,67.0
1,337,5.0,58.0,32.0,254.0
3,386,20.0,26.0,50.0,98.0
6,304,4.0,96.0,69.0,161.0
7,239,23.0,10.0,30.0,261.0
5,384,15.0,245.0,46.0,67.0
3,116,11.0,286.0,55.0,191.0
6,198,9.0,228.0,75.0,163.0
5,362,16.0,350.0,41.0,334.0
3,342,8.0,328.0,45.0,269.0
2,322,12.0,179.0,21.0,125.0
4,150,4.0,15.0,73.0,199.0
2,229,17.0,50.0,65.0,297.0
7,373,12.0,72.0,98.0,251.0
1,18,5.0,316.0,74.0,397.0
1,62,17.0,25.0,81.0,301.0
3,317,17.0,283.0,44.0,199.0
5,120,22.0,67.0,22.0,98.0
2,222,14.0,65.0,57.0,386.0
7,381,4.0,280.0,119.0,384.0
7,133,11.0,106.0,109.0,289.0
2,293,19.0,21.0,70.0,183.0
2,104,11.0,36.0,109.0,16.0
5,379,8.0,190.0,127.0,287.0
1,38,5.0,134.0,92.0,125.0
7,252,7.0,83.0,65.0,41.0
5,252,14.0,116.0,84.0,96.0
5,298,20.0,115.0,77.0,305.0
5,232,9.0,179.0,39.0,318.0
2,316,16.0,57.0,94.0,351.0
1,394,6.0,204.0,104.0,98.0
3,90,16.0,267.0,56.0,272.0
7,124,10.0,111.0,117.0,308.0
3,61,12.0,135.0,40.0,238.0
4,365,4.0,163.0,49.0,138.0
5,244,23.0,389.0,24.0,103.0
3,293,14.0,313.0,122.0,139.0
4,379,9.0,170.0,100.0,182.0
7,346,6.0,323.0,97.0,181.0
7,271,5.0,264.0,109.0,225.0
2,13,8.0,354.0,19.0,343.0
7,157,4.0,126.0,90.0,249.0
6,10,5.0,326.0,83.0,252.0
2,216,20.0,222.0,71.0,246.0
6,168,12.0,91.0,33.0,82.0
5,358,14.0,296.0,21.0,341.0
3,372,21.0,114.0,29.0,191.0
5,216,21.0,328.0,84.0,13.0
7,117,5.0,176.0,28.0,101.0
6,185,19.0,121.0,126.0,105.0
2,223,13.0,330.0,55.0,67.0
2,230,10.0,90.0,70.0,362.0
1,133,13.0,39.0,121.0,287.0
4,22,11.0,380.0,106.0,354.0
6,83,23.0,302.0,42.0,89.0
6,381,5.0,145.0,62.0,343.0
4,379,9.0,82.0,16.0,123.0
4,74,12.0,256.0,103.0,202.0
4,190,9.0,371.0,49.0,59.0
6,358,4.0,40.0,71.0,241.0
5,182,7.0,327.0,16.0,74.0
5,45,6.0,289.0,72.0,59.0
3,21,5.0,338.0,122.0,316.0
1,133,16.0,35.0,58.0,197.0
3,106,15.0,163.0,61.0,228.0
2,73,9.0,231.0,71.0,306.0
6,160,4.0,255.0,63.0,144.0
3,142,16.0,353.0,34.0,371.0
7,13,19.0,300.0,74.0,389.0
2,229,10.0,30.0,102.0,69.0
5,28,13.0,216.0,50.0,154.0
2,327,19.0,53.0,38.0,165.0
6,346,15.0,184.0,53.0,67.0
3,283,15.0,44.0,114.0,395.0
4,92,11.0,351.0,96.0,65.0
4,305,7.0,116.0,60.0,97.0
5,244,21.0,95.0,85.0,193.0
6,130,22.0,339.0,99.0,311.0
4,191,16.0,126.0,35.0,245.0
4,121,14.0,200.0,51.0,90.0
6,209,16.0,56.0,102.0,270.0
6,144,22.0,340.0,40.0,37.0
2,274,4.0,362.0,34.0,176.0
2,64,17.0,155.0,66.0,61.0
7,378,6.0,23.0,81.0,295.0
1,77,12.0,226.0,105.0,157.0
4,184,8.0,196.0,18.0,34.0
6,101,11.0,60.0,120.0,64.0
3,318,10.0,201.0,21.0,196.0
2,146,10.0,23.0,124.0,55.0
5,130,16.0,182.0,75.0,284.0
2,36,9.0,385.0,104.0,286.0
1,117,6.0,396.0,45.0,298.0
1,306,6.0,172.0,87.0,241.0
3,288,9.0,257.0,64.0,52.0
5,362,20.0,95.0,64.0,336.0
4,44,7.0,233.0,47.0,320.0
5,77,14.0,22.0,115.0,97.0
5,393,14.0,367.0,52.0,366.0
7,43,15.0,24.0,103.0,244.0
2,351,7.0,245.0,51.0,24.0
4,85,23.0,369.0,118.0,310.0
6,365,10.0,264.0,122.0,312.0
6,263,20.0,247.0,52.0,52.0
3,367,15.0,73.0,57.0,171.0
2,337,10.0,95.0,107.0,382.0
2,285,21.0,397.0,93.0,357.0
7,364,15.0,146.0,93.0,223.0
5,31,4.0,18.0,66.0,175.0
7,264,5.0,213.0,48.0,221.0
4,198,19.0,82.0,117.0,266.0
7,224,23.0,126.0,87.0,384.0
3,252,23.0,156.0,127.0,72.0
6,148,21.0,30.0,63.0,96.0
6,96,15.0,295.0,80.0,266.0
2,274,20.0,245.0,85.0,93.0
5,327,10.0,67.0,31.0,109.0
3,271,5.0,281.0,115.0,322.0
4,193,9.0,129.0,19.0,272.0
3,15,20.0,361.0,79.0,100.0
1,285,7.0,193.0,28.0,382.0
3,312,16.0,110.0,114.0,340.0
4,332,18.0,256.0,67.0,75.0
7,113,21.0,326.0,119.0,193.0
6,107,8.0,81.0,38.0,176.0
6,61,22.0,171.0,75.0,385.0
3,253,9.0,200.0,19.0,108.0
6,36,10.0,344.0,26.0,376.0
5,245,10.0,352.0,16.0,271.0
1,289,5.0,298.0,76.0,22.0
7,321,14.0,155.0,70.0,164.0
2,110,12.0,341.0,116.0,344.0
6,112,20.0,259.0,50.0,46.0
6,238,6.0,178.0,49.0,129.0
1,314,13.0,249.0,104.0,180.0
3,353,18.0,253.0,75.0,352.0
1,112,17.0,148.0,62.0,351.0
3,236,9.0,127.0,112.0,358.0
7,196,6.0,94.0,72.0,144.0
5,304,6.0,91.0,45.0,307.0
6,78,22.0,67.0,83.0,359.0
3,61,12.0,16.0,24.0,345.0
7,347,4.0,122.0,74.0,252.0
1,237,8.0,385.0,61.0,331.0
4,30,23.0,42.0,53.0,231.0
5,151,16.0,207.0,57.0,277.0
7,392,10.0,373.0,32.0,360.0
2,203,4.0,61.0,46.0,174.0
7,249,4.0,371.0,48.0,396.0
1,268,12.0,157.0,28.0,61.0
2,244,22.0,331.0,35.0,292.0
1,45,5.0,48.0,111.0,362.0
2,52,8.0,37.0,95.0,356.0
3,101,11.0,149.0,105.0,16.0
7,215,5.0,111.0,78.0,18.0
6,110,8.0,135.0,78.0,342.0
2,18,8.0,32.0,104.0,177.0
6,40,19.0,331.0,108.0,189.0
4,70,4.0,377.0,22.0,320.0
5,139,16.0,114.0,53.0,207.0
7,236,7.0,104.0,23.0,383.0
3,277,21.0,185.0,64.0,310.0
5,269,9.0,13.0,104.0,310.0
7,32,6.0,172.0,69.0,154.0
5,302,22.0,138.0,101.0,201.0
5,259,12.0,57.0,98.0,198.0
5,355,11.0,171.0,61.0,231.0
1,132,21.0,355.0,52.0,112.0
6,294,17.0,201.0,43.0,193.0
6,296,14.0,271.0,18.0,287.0
3,308,7.0,189.0,93.0,234.0
5,87,6.0,292.0,78.0,380.0
7,92,14.0,300.0,81.0,357.0
7,106,4.0,208.0,63.0,355.0
1,299,12.0,244.0,83.0,380.0
1,247,15.0,18.0,116.0,356.0
6,237,16.0,210.0,115.0,70.0
7,372,16.0,238.0,53.0,301.0
6,176,20.0,11.0,107.0,213.0
6,192,15.0,165.0,88.0,11.0
7,122,21.0,228.0,68.0,114.0
4,28,14.0,287.0,73.0,364.0
3,258,6.0,217.0,123.0,383.0
6,112,14.0,227.0,123.0,66.0
6,128,21.0,313.0,78.0,87.0
3,167,10.0,316.0,119.0,297.0
2,215,14.0,63.0,50.0,316.0
7,230,7.0,64.0,35.0,158.0
4,279,6.0,75.0,16.0,188.0
1,92,14.0,382.0,124.0,24.0
7,160,7.0,21.0,108.0,304.0
4,373,15.0,194.0,53.0,264.0
7,185,22.0,106.0,54.0,325.0
7,154,7.0,381.0,68.0,341.0
6,270,15.0,239.0,16.0,296.0
6,288,17.0,256.0,95.0,100.0
7,248,10.0,221.0,65.0,327.0
5,172,12.0,190.0,25.0,287.0
6,113,12.0,181.0,94.0,263.0
6,55,8.0,112.0,39.0,339.0
1,198,15.0,38.0,74.0,207.0
2,161,12.0,148.0,29.0,216.0
4,14,15.0,154.0,35.0,35.0
1,78,17.0,278.0,96.0,91.0
6,333,8.0,383.0,57.0,244.0
7,86,22.0,216.0,86.0,106.0
6,77,14.0,275.0,72.0,342.0
1,181,17.0,267.0,30.0,255.0
4,379,21.0,341.0,88.0,207.0
7,34,19.0,131.0,16.0,230.0
4,35,4.0,26.0,108.0,375.0
5,399,8.0,395.0,73.0,338.0
3,293,21.0,226.0,58.0,23.0
5,224,7.0,50.0,89.0,60.0
7,117,13.0,306.0,23.0,149.0
3,65,11.0,344.0,26.0,356.0
4,272,22.0,391.0,41.0,81.0
1,33,7.0,291.0,104.0,315.0
5,40,18.0,207.0,73.0,280.0
6,198,16.0,378.0,118.0,342.0
4,275,4.0,363.0,122.0,148.0
1,395,14.0,126.0,120.0,74.0
2,364,9.0,110.0,27.0,265.0
7,373,14.0,132.0,117.0,39.0
7,152,9.0,218.0,118.0,380.0
1,299,8.0,253.0,80.0,173.0
1,366,20.0,168.0,95.0,373.0
5,81,10.0,127.0,56.0,372.0
3,93,13.0,395.0,27.0,118.0
4,315,18.0,159.0,73.0,246.0
3,145,14.0,12.0,124.0,49.0
5,19,14.0,256.0,57.0,283.0
2,24,16.0,119.0,96.0,256.0
1,324,14.0,215.0,42.0,115.0
4,295,9.0,347.0,108.0,35.0
4,217,9.0,277.0,62.0,331.0
7,324,6.0,97.0,66.0,292.0
3,262,8.0,305.0,86.0,175.0
2,54,10.0,390.0,21.0,68.0
5,231,18.0,247.0,43.0,147.0
2,73,21.0,240.0,60.0,202.0
4,24,11.0,373.0,21.0,327.0
6,150,22.0,311.0,33.0,120.0
2,172,23.0,144.0,61.0,255.0
1,40,13.0,182.0,61.0,112.0
4,366,6.0,377.0,119.0,129.0
7,291,15.0,213.0,29.0,354.0
5,272,8.0,153.0,28.0,193.0
7,14,21.0,288.0,83.0,248.0
5,298,7.0,131.0,80.0,272.0
3,298,4.0,293.0,31.0,347.0
7,351,18.0,265.0,44.0,338.0
6,101,11.0,83.0,32.0,68.0
5,22,5.0,129.0,116.0,171.0
7,302,19.0,179.0,58.0,334.0
6,151,18.0,137.0,51.0,130.0
3,203,8.0,168.0,103.0,50.0
1,265,15.0,100.0,16.0,13.0
4,67,23.0,182.0,97.0,46.0
7,146,9.0,190.0,97.0,180.0
6,289,11.0,172.0,45.0,41.0
5,72,16.0,394.0,106.0,284.0
6,108,6.0,16.0,18.0,89.0
6,371,23.0,40.0,81.0,391.0
7,295,17.0,38.0,122.0,108.0
5,53,7.0,322.0,43.0,250.0
3,42,15.0,375.0,90.0,25.0
7,336,19.0,216.0,112.0,83.0
4,363,18.0,352.0,37.0,224.0
1,265,15.0,122.0,126.0,348.0
5,311,12.0,374.0,86.0,155.0
2,341,8.0,128.0,39.0,299.0
5,24,17.0,393.0,122.0,29.0
7,291,18.0,42.0,112.0,276.0
1,47,6.0,143.0,94.0,85.0
5,54,11.0,365.0,32.0,252.0
2,192,10.0,185.0,35.0,296.0
5,179,15.0,136.0,64.0,276.0
2,372,12.0,26.0,91.0,176.0
7,385,15.0,349.0,124.0,297.0
2,371,15.0,223.0,66.0,93.0
3,16,10.0,116.0,122.0,142.0
2,282,5.0,94.0,106.0,387.0
6,21,4.0,175.0,115.0,267.0
2,315,22.0,17.0,87.0,221.0
5,201,14.0,253.0,19.0,355.0
1,395,16.0,288.0,124.0,246.0
6,276,11.0,390.0,19.0,93.0
2,229,12.0,200.0,120.0,117.0
1,215,9.0,111.0,117.0,143.0
5,325,7.0,244.0,117.0,90.0
2,193,11.0,265.0,73.0,200.0
7,87,19.0,28.0,62.0,182.0
7,377,17.0,294.0,48.0,25.0
2,39,4.0,356.0,101.0,54.0
5,23,4.0,27.0,60.0,94.0
1,297,9.0,131.0,73.0,203.0
7,379,17.0,382.0,39.0,192.0
3,222,4.0,118.0,97.0,276.0
6,28,7.0,145.0,35.0,90.0
6,350,17.0,323.0,29.0,345.0
3,81,19.0,148.0,81.0,97.0
1,240,8.0,377.0,85.0,264.0
2,243,18.0,240.0,50.0,34.0
2,106,23.0,23.0,62.0,180.0
6,301,16.0,283.0,77.0,56.0
3,333,13.0,77.0,19.0,248.0
3,117,21.0,251.0,64.0,43.0
2,45,9.0,261.0,123.0,252.0
6,281,17.0,263.0,113.0,348.0
4,56,8.0,187.0,106.0,130.0
4,25,19.0,310.0,98.0,131.0
3,353,15.0,213.0,70.0,110.0
3,294,11.0,164.0,51.0,279.0
3,290,18.0,249.0,24.0,253.0
7,271,14.0,190.0,121.0,93.0
6,207,11.0,276.0,53.0,194.0
4,245,13.0,33.0,71.0,53.0
3,15,9.0,325.0,77.0,360.0
3,308,23.0,124.0,66.0,177.0
1,203,6.0,74.0,99.0,178.0
2,36,20.0,142.0,112.0,106.0
2,210,9.0,73.0,31.0,164.0
5,327,13.0,223.0,113.0,44.0
1,25,15.0,125.0,94.0,363.0
1,71,6.0,342.0,87.0,301.0
3,246,19.0,318.0,70.0,71.0
2,153,10.0,86.0,94.0,281.0
5,84,23.0,295.0,80.0,228.0
6,393,9.0,106.0,47.0,262.0
6,195,4.0,170.0,33.0,68.0
4,216,9.0,285.0,46.0,265.0
2,21,9.0,168.0,123.0,28.0
6,38,10.0,110.0,54.0,343.0
2,58,23.0,266.0,115.0,128.0
6,108,20.0,77.0,101.0,332.0
2,374,17.0,267.0,49.0,57.0
2,366,21.0,11.0,106.0,166.0
7,238,11.0,95.0,60.0,27.0
6,212,7.0,363.0,71.0,238.0
1,336,4.0,244.0,96.0,232.0
6,290,14.0,292.0,88.0,73.0
2,152,7.0,121.0,100.0,184.0
6,136,11.0,134.0,23.0,41.0
3,239,20.0,248.0,119.0,334.0
6,265,16.0,92.0,102.0,129.0
6,308,8.0,97.0,125.0,185.0
2,197,5.0,378.0,66.0,25.0
3,298,6.0,198.0,64.0,98.0
4,275,4.0,325.0,88.0,200.0
1,64,8.0,336.0,94.0,294.0
1,81,22.0,129.0,122.0,106.0
3,327,13.0,310.0,53.0,281.0
4,175,22.0,208.0,67.0,102.0
3,240,16.0,394.0,71.0,112.0
1,347,23.0,393.0,59.0,61.0
3,266,4.0,145.0,44.0,21.0
2,275,16.0,197.0,42.0,336.0
4,271,8.0,338.0,74.0,192.0
7,346,4.0,302.0,67.0,320.0
2,242,6.0,40.0,125.0,196.0
7,349,18.0,15.0,50.0,45.0
2,275,16.0,196.0,119.0,164.0
1,86,13.0,154.0,50.0,301.0
4,121,4.0,345.0,103.0,378.0
1,350,21.0,250.0,59.0,202.0
1,42,13.0,174.0,90.0,224.0
4,49,23.0,332.0,62.0,97.0
3,245,12.0,295.0,101.0,138.0
5,266,11.0,148.0,91.0,109.0
3,219,4.0,270.0,106.0,183.0
5,71,16.0,208.0,51.0,389.0
1,113,14.0,122.0,68.0,358.0
1,209,8.0,310.0,99.0,71.0
1,312,17.0,72.0,107.0,389.0
6,212,8.0,362.0,115.0,75.0
2,257,10.0,143.0,33.0,105.0
2,201,21.0,168.0,117.0,367.0
4,244,20.0,350.0,93.0,317.0
5,398,11.0,265.0,93.0,214.0
3,271,16.0,341.0,60.0,298.0
6,332,16.0,164.0,101.0,221.0
5,242,23.0,136.0,103.0,317.0
3,369,10.0,57.0,69.0,27.0
7,117,6.0,320.0,26.0,99.0
2,199,20.0,195.0,71.0,226.0
5,36,15.0,84.0,84.0,374.0
4,217,6.0,161.0,75.0,162.0
7,222,7.0,263.0,49.0,21.0
1,358,11.0,247.0,72.0,274.0
1,203,5.0,141.0,71.0,350.0
2,150,13.0,383.0,47.0,348.0
5,188,13.0,132.0,107.0,42.0
7,337,21.0,141.0,97.0,311.0
5,154,17.0,342.0,115.0,344.0
6,13,9.0,92.0,106.0,349.0
6,157,12.0,327.0,72.0,121.0
7,214,11.0,19.0,121.0,390.0
3,273,10.0,91.0,60.0,39.0
6,70,7.0,18.0,62.0,110.0
1,248,6.0,226.0,117.0,364.0
6,376,23.0,355.0,96.0,119.0
2,229,22.0,68.0,73.0,398.0
1,212,18.0,392.0,24.0,375.0
7,232,18.0,101.0,105.0,316.0
2,339,13.0,17.0,67.0,336.0
3,200,5.0,372.0,70.0,40.0
6,166,18.0,131.0,127.0,74.0
1,185,13.0,382.0,94.0,158.0
3,259,17.0,305.0,51.0,241.0
7,119,13.0,223.0,113.0,200.0
6,258,7.0,127.0,86.0,238.0
2,330,16.0,27.0,110.0,324.0
6,107,13.0,15.0,125.0,90.0
6,384,4.0,361.0,76.0,212.0
4,118,4.0,133.0,67.0,255.0
5,70,21.0,299.0,115.0,266.0
7,204,17.0,102.0,89.0,135.0
7,107,22.0,80.0,86.0,274.0
3,26,9.0,364.0,88.0,122.0
1,46,5.0,269.0,89.0,282.0
5,25,10.0,307.0,117.0,73.0
6,16,14.0,40.0,24.0,261.0
4,173,6.0,195.0,37.0,137.0
3,313,17.0,286.0,32.0,134.0
4,387,19.0,323.0,28.0,294.0
2,251,13.0,14.0,69.0,82.0
5,154,22.0,287.0,24.0,182.0
1,287,13.0,53.0,42.0,350.0
4,298,19.0,358.0,59.0,41.0
2,264,11.0,95.0,51.0,155.0
6,137,6.0,349.0,17.0,164.0
7,146,23.0,255.0,65.0,351.0
1,343,7.0,121.0,81.0,72.0
2,255,20.0,177.0,43.0,257.0
6,182,9.0,136.0,81.0,376.0
7,230,11.0,379.0,64.0,305.0
6,201,9.0,214.0,116.0,129.0
4,340,5.0,27.0,73.0,19.0
3,252,17.0,112.0,75.0,210.0
1,282,14.0,24.0,60.0,35.0
1,319,16.0,167.0,107.0,94.0
6,284,16.0,64.0,115.0,168.0
1,186,12.0,247.0,117.0,379.0
2,260,9.0,285.0,59.0,195.0
5,345,22.0,198.0,20.0,127.0
2,71,9.0,245.0,111.0,298.0
3,178,20.0,90.0,84.0,105.0
5,63,6.0,62.0,70.0,286.0
5,247,19.0,118.0,71.0,190.0
6,212,18.0,232.0,18.0,335.0
6,118,17.0,399.0,26.0,65.0
1,335,19.0,273.0,46.0,398.0
7,379,15.0,54.0,47.0,121.0
5,331,13.0,247.0,70.0,42.0
1,99,8.0,65.0,85.0,329.0
7,58,17.0,335.0,60.0,52.0
7,332,4.0,113.0,35.0,219.0
6,397,13.0,350.0,103.0,363.0
1,143,13.0,156.0,17.0,194.0
5,378,7.0,52.0,57.0,199.0
6,327,12.0,142.0,53.0,330.0
6,71,20.0,212.0,104.0,389.0
1,49,9.0,296.0,93.0,217.0
3,300,15.0,359.0,47.0,212.0
6,241,22.0,218.0,113.0,312.0
6,230,18.0,271.0,87.0,179.0
6,114,21.0,383.0,71.0,194.0
1,208,19.0,12.0,88.0,42.0
5,200,16.0,105.0,18.0,151.0
4,130,14.0,114.0,62.0,150.0
5,124,14.0,278.0,120.0,239.0
1,285,19.0,47.0,88.0,175.0
2,368,5.0,142.0,66.0,174.0
6,29,6.0,307.0,81.0,43.0
2,144,8.0,105.0,91.0,185.0
7,137,13.0,335.0,68.0,95.0
6,156,13.0,245.0,83.0,210.0
4,367,9.0,399.0,93.0,252.0
1,93,10.0,226.0,66.0,373.0
6,160,12.0,374.0,35.0,224.0
2,331,4.0,367.0,81.0,186.0
2,332,14.0,90.0,23.0,396.0
3,65,17.0,169.0,31.0,250.0
7,62,21.0,178.0,62.0,192.0
1,235,20.0,222.0,109.0,72.0
1,175,21.0,186.0,38.0,343.0
7,378,17.0,365.0,60.0,118.0
3,349,9.0,129.0,89.0,207.0
6,113,22.0,201.0,120.0,195.0
6,34,21.0,334.0,103.0,306.0
2,129,22.0,165.0,44.0,368.0
3,109,16.0,107.0,100.0,146.0
3,113,6.0,219.0,102.0,210.0
2,229,22.0,360.0,125.0,301.0
4,162,8.0,348.0,126.0,270.0
2,241,10.0,23.0,126.0,373.0
7,30,7.0,219.0,79.0,164.0
7,106,5.0,345.0,126.0,254.0
5,52,9.0,55.0,58.0,66.0
7,264,19.0,293.0,42.0,329.0
4,210,23.0,342.0,66.0,383.0
1,251,17.0,42.0,73.0,50.0
2,53,8.0,174.0,61.0,394.0
3,350,21.0,183.0,91.0,195.0
4,179,11.0,290.0,29.0,288.0
4,291,5.0,313.0,77.0,13.0
2,76,6.0,98.0,54.0,353.0
1,27,23.0,386.0,120.0,296.0
4,287,7.0,133.0,103.0,62.0
6,40,6.0,303.0,78.0,115.0
3,275,7.0,383.0,74.0,364.0
2,158,5.0,185.0,38.0,294.0
7,70,13.0,206.0,126.0,72.0
4,369,4.0,233.0,24.0,337.0
3,38,15.0,109.0,105.0,139.0
3,242,7.0,132.0,79.0,63.0
1,123,23.0,379.0,18.0,378.0
1,132,4.0,177.0,112.0,233.0
6,284,6.0,238.0,85.0,327.0
4,312,4.0,12.0,38.0,172.0
4,313,9.0,46.0,16.0,31.0
7,110,17.0,315.0,50.0,244.0
1,56,16.0,34.0,99.0,325.0
2,394,19.0,291.0,56.0,253.0
5,117,13.0,66.0,117.0,276.0
4,343,5.0,209.0,77.0,49.0
1,399,11.0,55.0,24.0,154.0
7,176,15.0,266.0,89.0,172.0
5,286,16.0,230.0,85.0,180.0
1,181,18.0,40.0,67.0,350.0
2,62,11.0,190.0,26.0,259.0
2,215,4.0,105.0,20.0,123.0
1,266,21.0,104.0,85.0,359.0
1,152,23.0,149.0,43.0,183.0
4,330,8.0,58.0,85.0,190.0
7,374,12.0,357.0,23.0,313.0
1,223,7.0,299.0,39.0,193.0
3,203,21.0,78.0,65.0,167.0
6,171,23.0,90.0,18.0,54.0
4,181,10.0,363.0,77.0,346.0
4,190,14.0,337.0,67.0,120.0
4,330,17.0,306.0,49.0,275.0
7,315,8.0,268.0,104.0,250.0
1,379,14.0,95.0,71.0,281.0
6,101,7.0,46.0,71.0,137.0
7,19,11.0,18.0,41.0,203.0
7,61,19.0,185.0,55.0,186.0
5,289,21.0,339.0,47.0,222.0
5,94,17.0,56.0,95.0,398.0
7,212,21.0,203.0,59.0,106.0
4,185,8.0,135.0,89.0,251.0
7,139,16.0,294.0,48.0,29.0
5,169,9.0,198.0,107.0,130.0
6,292,14.0,291.0,119.0,71.0
4,43,17.0,75.0,107.0,152.0
7,126,14.0,126.0,51.0,18.0
7,295,6.0,340.0,123.0,324.0
4,201,17.0,114.0,59.0,188.0
6,185,5.0,347.0,73.0,126.0
2,342,10.0,285.0,25.0,389.0
5,332,9.0,114.0,40.0,171.0
4,285,4.0,293.0,59.0,99.0
1,117,14.0,71.0,119.0,391.0
4,134,13.0,36.0,100.0,308.0
1,251,18.0,370.0,89.0,286.0
5,159,14.0,18.0,97.0,139.0
2,105,9.0,132.0,49.0,298.0
5,184,18.0,252.0,118.0,324.0
2,194,4.0,252.0,73.0,289.0
7,77,19.0,94.0,100.0,332.0
6,286,22.0,320.0,29.0,239.0
3,83,4.0,104.0,116.0,117.0
7,150,18.0,188.0,99.0,29.0
1,50,13.0,52.0,38.0,105.0
3,354,4.0,99.0,48.0,328.0
4,215,13.0,261.0,60.0,127.0
7,325,9.0,116.0,49.0,340.0
2,129,4.0,214.0,124.0,237.0
1,151,21.0,67.0,51.0,313.0
3,76,16.0,144.0,41.0,301.0
4,95,12.0,84.0,46.0,18.0
7,95,23.0,61.0,31.0,56.0
5,140,15.0,168.0,38.0,94.0
6,378,7.0,347.0,113.0,181.0
3,128,15.0,84.0,77.0,363.0
2,332,6.0,12.0,122.0,96.0
4,390,9.0,330.0,76.0,268.0
3,297,12.0,29.0,30.0,166.0
6,26,6.0,383.0,115.0,369.0
7,390,6.0,186.0,65.0,325.0
1,119,23.0,254.0,100.0,207.0
6,378,8.0,18.0,91.0,182.0
1,173,20.0,111.0,112.0,121.0
4,391,22.0,162.0,91.0,303.0
4,372,17.0,130.0,29.0,83.0
7,232,18.0,25.0,106.0,117.0
6,182,17.0,209.0,113.0,106.0
4,387,8.0,318.0,111.0,382.0
5,357,10.0,170.0,77.0,284.0
2,56,20.0,314.0,37.0,394.0
4,300,13.0,331.0,27.0,302.0
2,330,15.0,106.0,99.0,311.0
7,327,12.0,257.0,33.0,63.0
3,200,21.0,317.0,40.0,250.0
6,169,22.0,169.0,41.0,162.0
3,372,11.0,10.0,36.0,111.0
5,67,15.0,206.0,44.0,376.0
1,310,12.0,324.0,16.0,281.0
1,260,7.0,359.0,83.0,339.0
6,204,11.0,177.0,127.0,14.0
2,239,22.0,19.0,47.0,287.0
1,45,10.0,350.0,31.0,316.0
4,221,11.0,239.0,116.0,380.0
5,181,20.0,184.0,91.0,186.0
6,192,14.0,181.0,33.0,195.0
1,239,10.0,156.0,114.0,292.0
1,110,5.0,366.0,74.0,384.0
1,140,19.0,235.0,38.0,363.0
1,191,5.0,43.0,99.0,289.0
5,397,22.0,346.0,37.0,212.0
4,33,11.0,200.0,36.0,332.0
7,343,8.0,173.0,94.0,280.0
2,97,15.0,92.0,77.0,73.0
3,272,8.0,224.0,64.0,299.0
7,149,17.0,234.0,40.0,111.0
3,65,12.0,331.0,101.0,367.0
7,204,10.0,132.0,60.0,152.0
1,221,13.0,251.0,91.0,152.0
6,60,7.0,394.0,30.0,157.0
3,136,10.0,115.0,104.0,19.0
6,240,21.0,96.0,127.0,383.0
5,319,18.0,97.0,106.0,347.0
1,13,19.0,298.0,78.0,100.0
3,273,16.0,130.0,84.0,348.0
3,132,4.0,336.0,61.0,147.0
7,364,6.0,359.0,122.0,23.0
5,110,12.0,172.0,61.0,123.0
4,267,16.0,182.0,88.0,79.0
3,78,12.0,334.0,32.0,134.0
5,117,17.0,47.0,116.0,181.0
6,348,20.0,109.0,86.0,20.0
1,157,16.0,261.0,25.0,363.0
2,283,8.0,159.0,100.0,70.0
1,368,14.0,245.0,51.0,72.0
3,203,10.0,286.0,78.0,302.0
7,39,11.0,260.0,93.0,162.0
6,296,19.0,109.0,120.0,295.0
5,238,9.0,310.0,35.0,136.0
1,285,18.0,169.0,16.0,30.0
2,178,14.0,341.0,105.0,171.0
5,239,22.0,176.0,48.0,60.0
7,271,7.0,156.0,20.0,346.0
5,321,8.0,337.0,17.0,370.0
3,230,15.0,391.0,54.0,184.0
4,161,6.0,106.0,107.0,154.0
4,11,21.0,270.0,115.0,28.0
7,272,12.0,228.0,97.0,353.0
7,82,22.0,153.0,39.0,61.0
7,381,8.0,74.0,102.0,297.0
2,339,19.0,304.0,18.0,213.0
1,220,17.0,117.0,23.0,189.0
1,10,5.0,163.0,88.0,373.0
7,76,22.0,51.0,94.0,97.0
6,204,6.0,340.0,116.0,177.0
3,327,20.0,223.0,118.0,359.0
6,57,14.0,249.0,22.0,118.0
6,393,21.0,206.0,74.0,268.0
7,336,13.0,164.0,117.0,295.0
7,101,22.0,88.0,54.0,290.0
1,385,14.0,391.0,55.0,344.0
3,246,6.0,336.0,84.0,325.0
2,330,6.0,390.0,44.0,290.0
3,294,8.0,198.0,95.0,321.0
7,105,18.0,106.0,52.0,59.0
4,54,18.0,324.0,127.0,215.0
1,199,22.0,219.0,74.0,261.0
7,398,22.0,165.0,90.0,353.0
1,99,4.0,229.0,125.0,303.0
7,124,5.0,56.0,60.0,255.0
6,237,21.0,325.0,93.0,190.0
5,187,11.0,234.0,40.0,80.0
7,359,6.0,199.0,122.0,255.0
4,113,20.0,178.0,92.0,332.0
4,208,5.0,306.0,74.0,147.0
1,37,17.0,349.0,21.0,58.0
2,29,11.0,206.0,47.0,387.0
6,248,4.0,312.0,32.0,153.0
1,258,16.0,187.0,99.0,328.0
4,59,8.0,302.0,84.0,133.0
3,97,11.0,58.0,88.0,87.0
1,341,11.0,103.0,30.0,307.0
6,14,15.0,286.0,104.0,163.0
5,214,4.0,263.0,108.0,138.0
4,367,20.0,42.0,101.0,193.0
6,185,7.0,162.0,110.0,332.0
3,236,6.0,315.0,18.0,307.0
5,383,18.0,261.0,115.0,305.0
5,251,22.0,163.0,115.0,256.0
5,333,7.0,146.0,97.0,327.0
6,123,19.0,318.0,119.0,11.0
1,188,6.0,84.0,101.0,212.0
7,388,23.0,44.0,42.0,331.0
7,303,17.0,295.0,39.0,212.0
7,30,22.0,50.0,58.0,271.0
5,325,21.0,395.0,82.0,19.0
6,185,18.0,160.0,56.0,216.0
6,193,15.0,260.0,84.0,180.0
4,395,12.0,328.0,72.0,315.0
1,177,15.0,31.0,38.0,96.0
2,203,18.0,293.0,115.0,41.0
2,118,11.0,206.0,40.0,72.0
1,212,18.0,151.0,66.0,35.0
2,32,14.0,240.0,99.0,245.0
4,107,6.0,71.0,35.0,318.0
3,220,9.0,260.0,23.0,145.0
3,310,9.0,187.0,32.0,108.0
6,347,15.0,264.0,96.0,33.0
5,304,7.0,372.0,17.0,92.0
7,174,17.0,21.0,91.0,399.0
2,392,21.0,146.0,125.0,86.0
6,163,5.0,377.0,22.0,168.0
7,156,9.0,348.0,23.0,169.0
2,97,23.0,38.0,34.0,32.0
3,371,12.0,138.0,90.0,337.0
3,377,13.0,138.0,127.0,385.0
1,380,6.0,271.0,29.0,270.0
1,302,23.0,277.0,114.0,193.0
2,283,4.0,385.0,34.0,105.0
4,86,14.0,186.0,103.0,26.0
4,230,7.0,200.0,114.0,384.0
3,31,6.0,98.0,27.0,37.0
2,238,7.0,129.0,108.0,374.0
6,249,4.0,300.0,55.0,294.0
4,86,17.0,275.0,61.0,202.0
3,20,6.0,171.0,44.0,49.0
6,161,22.0,304.0,37.0,86.0
3,205,9.0,17.0,63.0,245.0
5,183,8.0,251.0,100.0,322.0
2,351,22.0,348.0,62.0,349.0
7,96,8.0,342.0,60.0,278.0
4,24,19.0,322.0,98.0,380.0
2,330,15.0,15.0,35.0,14.0
6,323,18.0,126.0,127.0,394.0
6,206,22.0,148.0,87.0,186.0
4,394,6.0,289.0,119.0,94.0
5,378,8.0,344.0,121.0,394.0
1,347,12.0,131.0,38.0,311.0
5,186,16.0,180.0,99.0,322.0
7,333,14.0,160.0,68.0,352.0
4,118,13.0,367.0,60.0,260.0
5,264,9.0,280.0,105.0,269.0
1,389,12.0,95.0,116.0,62.0
2,371,7.0,119.0,44.0,184.0
1,295,17.0,151.0,44.0,130.0
2,249,11.0,104.0,64.0,153.0
1,77,14.0,257.0,87.0,12.0
3,130,5.0,341.0,93.0,157.0
4,117,23.0,232.0,25.0,170.0
3,93,4.0,83.0,60.0,69.0
4,186,9.0,169.0,24.0,158.0
3,248,5.0,171.0,78.0,282.0
4,146,20.0,219.0,56.0,180.0
2,243,17.0,26.0,120.0,227.0
7,327,18.0,280.0,116.0,17.0
3,325,22.0,138.0,17.0,311.0
7,69,17.0,31.0,51.0,297.0
5,260,9.0,227.0,111.0,169.0
5,319,14.0,210.0,104.0,182.0
2,96,19.0,389.0,31.0,317.0
6,245,11.0,239.0,46.0,150.0
7,87,19.0,22.0,94.0,132.0
1,34,21.0,326.0,57.0,208.0
2,13,15.0,180.0,64.0,78.0
7,336,21.0,299.0,39.0,349.0
6,338,7.0,224.0,37.0,231.0
6,14,21.0,167.0,82.0,188.0
5,134,22.0,355.0,19.0,40.0
4,314,19.0,58.0,40.0,67.0
4,109,16.0,266.0,54.0,242.0
4,245,10.0,255.0,104.0,150.0
4,290,16.0,103.0,112.0,345.0
5,54,7.0,44.0,47.0,395.0
3,179,13.0,328.0,77.0,95.0
3,153,12.0,284.0,118.0,185.0
6,174,11.0,323.0,120.0,78.0
4,205,15.0,36.0,122.0,97.0
5,384,11.0,394.0,47.0,363.0
6,331,17.0,226.0,102.0,333.0
4,80,5.0,284.0,118.0,369.0
6,365,14.0,15.0,105.0,303.0
6,16,22.0,380.0,84.0,259.0
3,379,20.0,127.0,61.0,282.0
7,242,9.0,63.0,73.0,203.0
2,300,12.0,275.0,56.0,179.0
5,288,22.0,287.0,109.0,270.0
7,88,5.0,35.0,116.0,13.0
6,18,6.0,230.0,21.0,161.0
4,201,18.0,243.0,113.0,151.0
1,234,18.0,65.0,43.0,362.0
6,274,12.0,202.0,87.0,384.0
2,43,13.0,372.0,54.0,310.0
3,120,11.0,285.0,34.0,356.0
3,240,15.0,340.0,17.0,76.0
1,248,14.0,217.0,35.0,142.0
5,250,16.0,357.0,112.0,287.0
2,163,16.0,22.0,85.0,232.0
2,136,16.0,40.0,89.0,185.0
4,291,4.0,205.0,101.0,48.0
2,359,23.0,96.0,29.0,167.0
3,274,22.0,132.0,99.0,51.0
6,149,23.0,264.0,87.0,40.0
4,364,11.0,225.0,77.0,111.0
4,312,10.0,327.0,118.0,204.0
2,80,21.0,207.0,45.0,88.0
5,52,7.0,137.0,91.0,141.0
3,120,15.0,125.0,126.0,304.0
1,18,12.0,87.0,52.0,21.0
3,89,14.0,367.0,127.0,220.0
7,218,16.0,56.0,89.0,352.0
3,217,23.0,157.0,90.0,276.0
3,44,19.0,114.0,71.0,291.0
6,386,15.0,127.0,84.0,181.0
5,115,11.0,368.0,32.0,283.0
6,286,4.0,343.0,29.0,184.0
1,211,20.0,302.0,39.0,255.0
4,370,15.0,79.0,55.0,171.0
1,326,11.0,143.0,64.0,370.0
1,379,12.0,10.0,24.0,230.0
2,66,22.0,26.0,120.0,148.0
3,76,21.0,241.0,126.0,269.0
3,124,9.0,368.0,23.0,69.0
3,21,14.0,385.0,49.0,379.0
1,360,21.0,247.0,22.0,316.0
1,147,19.0,354.0,40.0,299.0
4,119,22.0,271.0,30.0,281.0
3,178,7.0,338.0,47.0,97.0
1,387,7.0,127.0,51.0,221.0
4,69,10.0,166.0,29.0,69.0
4,221,7.0,160.0,117.0,176.0
2,332,15.0,373.0,17.0,262.0
5,119,4.0,40.0,26.0,80.0
7,240,15.0,54.0,65.0,81.0
1,231,10.0,317.0,84.0,284.0
7,202,7.0,160.0,37.0,297.0
6,114,6.0,226.0,96.0,345.0
1,364,5.0,240.0,27.0,55.0
5,133,15.0,353.0,106.0,236.0
3,21,8.0,140.0,22.0,73.0
2,25,10.0,125.0,120.0,170.0
1,389,21.0,310.0,123.0,99.0
6,252,10.0,387.0,38.0,278.0
6,96,14.0,356.0,63.0,118.0
1,156,13.0,22.0,82.0,235.0
6,307,12.0,327.0,34.0,90.0
1,96,6.0,260.0,36.0,266.0
6,266,17.0,107.0,77.0,292.0
5,223,21.0,363.0,60.0,393.0
5,280,15.0,132.0,16.0,53.0
5,123,22.0,311.0,40.0,121.0
1,28,5.0,343.0,67.0,149.0
7,298,7.0,311.0,99.0,127.0
7,247,14.0,269.0,77.0,272.0
2,240,11.0,177.0,72.0,209.0
6,361,11.0,221.0,61.0,278.0
3,302,13.0,198.0,100.0,105.0
1,62,21.0,156.0,94.0,10.0
1,219,10.0,280.0,46.0,312.0
4,65,19.0,156.0,105.0,106.0
6,44,23.0,17.0,29.0,315.0
6,107,11.0,211.0,60.0,265.0
6,28,4.0,70.0,113.0,153.0
5,201,11.0,340.0,118.0,261.0
2,260,11.0,233.0,80.0,181.0
2,229,12.0,165.0,116.0,165.0
5,146,14.0,53.0,45.0,97.0
1,350,21.0,198.0,110.0,188.0
7,86,13.0,170.0,17.0,80.0
4,213,4.0,239.0,127.0,358.0
1,393,10.0,278.0,31.0,326.0
5,26,21.0,145.0,98.0,175.0
2,357,20.0,223.0,59.0,79.0
6,98,10.0,391.0,125.0,101.0
2,107,16.0,245.0,52.0,223.0
5,126,5.0,356.0,82.0,183.0
6,240,11.0,68.0,116.0,250.0
6,351,19.0,315.0,89.0,193.0
1,113,16.0,228.0,99.0,203.0
5,347,18.0,154.0,103.0,340.0
5,24,16.0,91.0,83.0,151.0
2,47,8.0,193.0,35.0,224.0
5,80,17.0,226.0,123.0,119.0
1,198,21.0,233.0,47.0,310.0
6,223,5.0,183.0,58.0,373.0
5,90,20.0,182.0,86.0,50.0
4,44,13.0,19.0,98.0,387.0
6,363,10.0,152.0,68.0,187.0
3,168,20.0,349.0,61.0,50.0
6,334,9.0,113.0,66.0,316.0
4,183,14.0,167.0,41.0,49.0
3,78,4.0,73.0,23.0,108.0
2,390,8.0,276.0,33.0,34.0
3,13,11.0,353.0,84.0,339.0
3,142,18.0,349.0,26.0,19.0
5,20,7.0,393.0,116.0,142.0
3,295,22.0,89.0,75.0,71.0
6,176,11.0,204.0,69.0,346.0
2,142,23.0,291.0,35.0,320.0
6,256,16.0,155.0,117.0,63.0
3,124,18.0,299.0,68.0,303.0
7,274,14.0,68.0,110.0,357.0
3,277,17.0,264.0,83.0,392.0
5,142,21.0,116.0,38.0,274.0
2,345,14.0,87.0,40.0,297.0
7,98,6.0,186.0,74.0,327.0
7,284,9.0,394.0,93.0,347.0
7,221,14.0,53.0,90.0,89.0
1,102,12.0,304.0,105.0,58.0
5,288,5.0,358.0,52.0,284.0
2,366,11.0,241.0,46.0,160.0
5,362,16.0,208.0,95.0,99.0
7,354,11.0,23.0,17.0,371.0
7,72,16.0,203.0,64.0,223.0
2,119,9.0,166.0,110.0,246.0
5,130,21.0,165.0,36.0,117.0
1,34,10.0,184.0,104.0,246.0
6,31,15.0,342.0,26.0,320.0
3,81,22.0,154.0,17.0,100.0
7,123,11.0,267.0,91.0,334.0
3,379,20.0,278.0,28.0,364.0
6,252,6.0,61.0,36.0,226.0
4,182,16.0,256.0,97.0,179.0
7,168,16.0,185.0,116.0,394.0
1,243,5.0,43.0,46.0,276.0
2,214,5.0,198.0,59.0,332.0
7,151,22.0,217.0,53.0,110.0
6,255,15.0,138.0,56.0,303.0
5,158,20.0,103.0,78.0,355.0
2,40,12.0,125.0,42.0,152.0
6,109,22.0,167.0,116.0,250.0
1,201,17.0,150.0,47.0,124.0
2,37,20.0,17.0,91.0,398.0
5,316,23.0,257.0,21.0,41.0
7,213,17.0,378.0,34.0,67.0
6,119,16.0,90.0,63.0,282.0
2,25,20.0,38.0,118.0,177.0
5,128,19.0,244.0,75.0,325.0
3,32,6.0,19.0,114.0,175.0
6,391,12.0,254.0,80.0,159.0
6,255,23.0,108.0,109.0,188.0
6,303,7.0,388.0,17.0,103.0
7,263,4.0,176.0,35.0,297.0
5,105,11.0,277.0,77.0,233.0
3,149,4.0,306.0,31.0,118.0
1,272,21.0,299.0,61.0,272.0
5,371,19.0,37.0,67.0,39.0
1,351,4.0,61.0,20.0,333.0
7,280,8.0,308.0,30.0,44.0
1,111,19.0,295.0,22.0,219.0
1,60,16.0,326.0,22.0,280.0
3,63,9.0,245.0,98.0,331.0
2,175,20.0,293.0,107.0,14.0
2,266,5.0,202.0,58.0,337.0
6,31,19.0,381.0,58.0,158.0
6,195,5.0,198.0,30.0,175.0
2,249,5.0,226.0,61.0,247.0
2,144,20.0,66.0,36.0,261.0
7,86,7.0,293.0,110.0,149.0
3,300,4.0,219.0,67.0,237.0
1,71,15.0,163.0,79.0,166.0
3,89,21.0,88.0,33.0,324.0
3,209,16.0,242.0,81.0,277.0
6,252,16.0,67.0,37.0,151.0
4,124,13.0,154.0,24.0,272.0
3,19,21.0,370.0,120.0,195.0
7,79,19.0,333.0,35.0,379.0
4,250,22.0,366.0,103.0,29.0
6,229,7.0,70.0,51.0,197.0
7,93,20.0,249.0,112.0,84.0
6,392,6.0,243.0,84.0,203.0
5,383,23.0,324.0,19.0,56.0
4,274,4.0,138.0,69.0,274.0
5,309,19.0,210.0,47.0,343.0
4,48,12.0,202.0,59.0,369.0
3,255,8.0,15.0,118.0,151.0
7,47,19.0,368.0,59.0,54.0
6,126,4.0,371.0,37.0,250.0
1,223,8.0,79.0,95.0,107.0
3,281,12.0,345.0,119.0,152.0
4,336,4.0,317.0,22.0,303.0
7,269,15.0,184.0,107.0,238.0
5,389,7.0,148.0,26.0,379.0
2,298,20.0,94.0,32.0,144.0
7,290,9.0,104.0,32.0,251.0
4,134,17.0,78.0,119.0,74.0
4,103,22.0,263.0,107.0,254.0
5,142,9.0,167.0,109.0,87.0
6,184,4.0,288.0,62.0,358.0
4,276,17.0,218.0,90.0,341.0
1,212,7.0,299.0,57.0,288.0
5,309,13.0,157.0,69.0,94.0
4,126,17.0,302.0,122.0,164.0
7,96,11.0,155.0,18.0,25.0
1,317,9.0,206.0,92.0,252.0
1,263,16.0,140.0,110.0,368.0
4,244,10.0,194.0,105.0,69.0
6,181,10.0,301.0,42.0,352.0
4,68,5.0,147.0,100.0,302.0
4,198,19.0,304.0,92.0,170.0
2,205,16.0,33.0,48.0,195.0
1,40,4.0,67.0,95.0,249.0
2,148,11.0,254.0,101.0,268.0
7,62,9.0,358.0,111.0,295.0
3,104,12.0,194.0,93.0,331.0
4,353,18.0,319.0,24.0,162.0
5,165,18.0,69.0,82.0,277.0
5,76,4.0,384.0,121.0,69.0
6,316,4.0,202.0,121.0,319.0
3,121,12.0,379.0,18.0,12.0
4,220,10.0,164.0,83.0,252.0
4,372,16.0,198.0,36.0,98.0
5,321,18.0,320.0,38.0,271.0
5,14,23.0,213.0,83.0,130.0
4,262,17.0,49.0,78.0,172.0
2,224,17.0,335.0,73.0,147.0
6,126,7.0,149.0,103.0,138.0
1,271,17.0,391.0,28.0,137.0
3,176,16.0,384.0,39.0,30.0
3,359,9.0,151.0,36.0,82.0
4,198,8.0,81.0,79.0,34.0
7,47,8.0,333.0,36.0,100.0
6,247,23.0,358.0,76.0,344.0
7,396,9.0,332.0,105.0,202.0
2,22,10.0,206.0,126.0,176.0
1,155,18.0,86.0,88.0,227.0
1,326,5.0,19.0,99.0,35.0
6,76,7.0,167.0,125.0,352.0
6,115,8.0,216.0,127.0,203.0
4,154,19.0,194.0,92.0,380.0
5,272,21.0,167.0,87.0,382.0
1,314,16.0,368.0,56.0,162.0
4,317,20.0,231.0,86.0,153.0
5,38,19.0,376.0,126.0,249.0
6,17,7.0,369.0,95.0,27.0
2,298,14.0,183.0,31.0,142.0
4,85,20.0,92.0,60.0,353.0
4,20,15.0,229.0,97.0,226.0
2,99,18.0,20.0,59.0,175.0
4,333,12.0,149.0,117.0,161.0
1,276,12.0,252.0,100.0,136.0
7,382,23.0,241.0,28.0,275.0
2,113,14.0,191.0,117.0,163.0
7,79,22.0,238.0,31.0,170.0
2,72,22.0,211.0,127.0,384.0
6,107,19.0,380.0,17.0,306.0
7,276,15.0,122.0,92.0,327.0
4,239,8.0,56.0,29.0,337.0
6,49,11.0,343.0,18.0,45.0
3,399,12.0,253.0,70.0,126.0
5,319,13.0,126.0,108.0,195.0
2,254,4.0,28.0,34.0,285.0
2,122,14.0,251.0,57.0,353.0
4,290,4.0,191.0,104.0,349.0
1,39,14.0,346.0,100.0,396.0
2,347,21.0,266.0,73.0,260.0
1,296,8.0,36.0,31.0,94.0
5,387,13.0,344.0,92.0,380.0
4,44,11.0,194.0,89.0,163.0
5,385,17.0,292.0,126.0,246.0
3,175,19.0,389.0,84.0,314.0
6,226,7.0,128.0,55.0,28.0
7,16,10.0,347.0,52.0,314.0
6,224,8.0,342.0,38.0,40.0
6,141,20.0,147.0,62.0,293.0
5,329,22.0,270.0,28.0,385.0
3,325,11.0,278.0,93.0,298.0
3,285,17.0,362.0,94.0,308.0
6,72,8.0,122.0,84.0,247.0
5,132,14.0,358.0,81.0,283.0
7,363,7.0,271.0,84.0,151.0
5,205,20.0,91.0,37.0,329.0
5,305,20.0,315.0,49.0,56.0
2,337,18.0,279.0,38.0,398.0
7,287,22.0,396.0,26.0,333.0
1,69,11.0,33.0,75.0,85.0
6,210,13.0,150.0,69.0,58.0
1,248,6.0,245.0,96.0,94.0
2,368,16.0,120.0,61.0,111.0
2,290,12.0,122.0,78.0,278.0
3,318,4.0,287.0,62.0,67.0
2,70,10.0,149.0,74.0,308.0
2,74,7.0,94.0,43.0,171.0
1,346,21.0,337.0,32.0,322.0
5,227,10.0,196.0,31.0,213.0
2,200,22.0,219.0,32.0,298.0
3,259,9.0,194.0,26.0,174.0
3,396,22.0,30.0,45.0,343.0
1,269,13.0,35.0,36.0,316.0
6,96,12.0,14.0,34.0,176.0
5,393,21.0,355.0,114.0,333.0
3,374,4.0,228.0,16.0,89.0
5,201,16.0,123.0,27.0,336.0
4,133,6.0,300.0,56.0,71.0
5,178,12.0,291.0,108.0,391.0
1,126,7.0,324.0,85.0,120.0
3,206,13.0,129.0,21.0,383.0
3,125,9.0,110.0,83.0,377.0
4,84,14.0,382.0,109.0,307.0
3,88,16.0,166.0,117.0,259.0
1,304,5.0,19.0,69.0,297.0
7,153,7.0,280.0,99.0,329.0
2,333,5.0,20.0,103.0,135.0
4,80,13.0,386.0,56.0,188.0
3,315,9.0,68.0,22.0,189.0
6,381,20.0,171.0,95.0,214.0
4,272,13.0,59.0,56.0,138.0
1,276,6.0,344.0,91.0,32.0
1,372,16.0,174.0,38.0,141.0
2,359,14.0,82.0,94.0,300.0
5,179,11.0,336.0,55.0,349.0
5,87,15.0,367.0,85.0,182.0
6,242,5.0,340.0,81.0,298.0
6,303,12.0,11.0,56.0,397.0
6,237,19.0,143.0,106.0,124.0
6,298,11.0,180.0,28.0,276.0
6,326,19.0,93.0,91.0,259.0
7,178,8.0,290.0,51.0,196.0
7,304,12.0,68.0,91.0,290.0
7,210,15.0,70.0,64.0,56.0
6,174,4.0,156.0,88.0,10.0
2,269,20.0,107.0,85.0,12.0
2,329,23.0,331.0,55.0,19.0
6,386,9.0,19.0,98.0,390.0
2,56,16.0,130.0,59.0,143.0
7,261,22.0,245.0,78.0,123.0
7,138,19.0,129.0,122.0,47.0
2,359,23.0,143.0,18.0,380.0
6,57,8.0,382.0,34.0,327.0
6,144,23.0,16.0,118.0,354.0
1,113,4.0,228.0,126.0,23.0
4,291,14.0,212.0,124.0,70.0
1,272,22.0,345.0,35.0,252.0
5,113,15.0,288.0,17.0,107.0
4,89,22.0,379.0,71.0,292.0
7,325,19.0,69.0,89.0,187.0
7,366,17.0,171.0,113.0,300.0
2,163,23.0,90.0,124.0,72.0
4,352,16.0,87.0,117.0,224.0
2,386,17.0,161.0,123.0,199.0
7,311,4.0,374.0,31.0,206.0
4,305,5.0,189.0,47.0,160.0
3,232,16.0,130.0,25.0,123.0
1,239,10.0,29.0,88.0,232.0
4,31,14.0,371.0,22.0,329.0
3,205,23.0,226.0,90.0,312.0
5,142,17.0,27.0,25.0,381.0
5,263,21.0,154.0,100.0,29.0
2,133,4.0,31.0,67.0,115.0
1,359,11.0,172.0,121.0,138.0
5,244,17.0,190.0,50.0,110.0
2,334,13.0,86.0,59.0,333.0
4,337,12.0,119.0,74.0,109.0
5,71,6.0,56.0,38.0,245.0
4,80,16.0,136.0,72.0,290.0
5,292,18.0,303.0,96.0,361.0
7,329,18.0,249.0,81.0,195.0
7,393,6.0,210.0,66.0,161.0
3,116,18.0,90.0,58.0,320.0
5,333,5.0,320.0,92.0,289.0
4,78,18.0,126.0,107.0,15.0
7,248,18.0,392.0,106.0,222.0
2,335,14.0,282.0,95.0,155.0
2,276,4.0,310.0,29.0,163.0
7,48,5.0,131.0,85.0,11.0
2,142,14.0,277.0,45.0,351.0
7,346,23.0,14.0,45.0,264.0
1,154,11.0,119.0,89.0,267.0
1,241,17.0,170.0,65.0,361.0
3,399,12.0,370.0,83.0,328.0
1,276,7.0,240.0,66.0,177.0
6,352,4.0,397.0,71.0,209.0
2,37,5.0,370.0,126.0,323.0
6,301,5.0,212.0,122.0,31.0
1,71,6.0,399.0,116.0,222.0
3,17,5.0,232.0,28.0,238.0
3,270,19.0,133.0,67.0,205.0
3,145,8.0,44.0,117.0,265.0
4,185,18.0,353.0,30.0,143.0
6,290,16.0,315.0,41.0,31.0
4,366,19.0,43.0,112.0,89.0
5,89,20.0,190.0,65.0,366.0
3,18,15.0,86.0,94.0,167.0
1,31,10.0,58.0,77.0,39.0
2,187,16.0,378.0,77.0,41.0
2,125,16.0,398.0,100.0,28.0
4,166,5.0,256.0,112.0,144.0
7,199,20.0,97.0,62.0,112.0
4,90,21.0,185.0,59.0,230.0
3,206,11.0,237.0,59.0,125.0
6,340,9.0,174.0,107.0,208.0
2,276,17.0,125.0,84.0,54.0
6,89,22.0,197.0,124.0,292.0
5,172,16.0,56.0,112.0,59.0
3,71,13.0,272.0,127.0,25.0
5,156,6.0,92.0,105.0,100.0
4,13,6.0,321.0,22.0,337.0
1,108,23.0,203.0,104.0,178.0
5,354,15.0,329.0,70.0,188.0
3,29,14.0,194.0,125.0,238.0
4,248,17.0,270.0,90.0,276.0
3,233,11.0,302.0,47.0,21.0
3,227,20.0,382.0,115.0,95.0
7,128,14.0,308.0,77.0,126.0
1,318,17.0,283.0,52.0,333.0
2,185,12.0,183.0,92.0,254.0
4,162,15.0,370.0,58.0,97.0
6,325,16.0,13.0,80.0,138.0
4,139,12.0,141.0,25.0,52.0
5,260,11.0,391.0,84.0,332.0
3,47,6.0,214.0,29.0,38.0
7,53,9.0,13.0,27.0,131.0
6,73,19.0,98.0,23.0,229.0
7,331,20.0,249.0,30.0,247.0
5,372,5.0,248.0,37.0,119.0
3,251,5.0,78.0,126.0,103.0
7,275,11.0,290.0,18.0,324.0
2,74,22.0,155.0,120.0,103.0
2,87,8.0,82.0,27.0,139.0
1,106,9.0,23.0,89.0,385.0
6,178,21.0,290.0,54.0,287.0
6,53,9.0,319.0,64.0,154.0
4,232,14.0,72.0,41.0,303.0
1,98,19.0,176.0,53.0,134.0
1,227,8.0,24.0,102.0,311.0
7,353,8.0,309.0,84.0,306.0
5,319,17.0,388.0,84.0,183.0
3,294,10.0,398.0,93.0,42.0
4,105,20.0,201.0,122.0,172.0
7,279,16.0,268.0,58.0,21.0
2,201,13.0,380.0,105.0,124.0
2,365,5.0,17.0,109.0,375.0
7,364,10.0,215.0,114.0,202.0
3,43,12.0,35.0,81.0,24.0
4,50,20.0,301.0,17.0,336.0
6,234,23.0,36.0,105.0,22.0
6,398,8.0,306.0,75.0,226.0
5,43,21.0,129.0,33.0,351.0
3,278,12.0,306.0,92.0,45.0
6,358,7.0,155.0,79.0,239.0
6,133,21.0,40.0,68.0,67.0
2,324,21.0,104.0,35.0,146.0
2,376,5.0,225.0,32.0,277.0
2,50,13.0,175.0,19.0,13.0
3,258,9.0,231.0,103.0,132.0
1,300,5.0,71.0,60.0,262.0
3,369,19.0,258.0,39.0,208.0
7,170,12.0,250.0,93.0,133.0
7,150,4.0,74.0,49.0,281.0
1,356,15.0,182.0,67.0,32.0
7,73,7.0,242.0,85.0,351.0
2,220,19.0,46.0,51.0,373.0
4,268,23.0,117.0,42.0,193.0
7,158,9.0,119.0,99.0,196.0
3,150,19.0,325.0,41.0,272.0
7,382,15.0,235.0,124.0,93.0
1,310,19.0,163.0,90.0,203.0
2,264,15.0,125.0,40.0,247.0
3,209,18.0,232.0,77.0,322.0
6,378,8.0,149.0,67.0,29.0
2,71,9.0,233.0,103.0,118.0
1,260,11.0,352.0,41.0,290.0
5,51,15.0,122.0,54.0,175.0
2,69,5.0,302.0,73.0,185.0
1,319,9.0,272.0,80.0,126.0
3,67,13.0,154.0,93.0,142.0
1,317,13.0,59.0,98.0,219.0
4,250,16.0,23.0,100.0,84.0
2,297,23.0,160.0,18.0,157.0
4,249,22.0,310.0,94.0,39.0
3,358,4.0,352.0,23.0,167.0
3,262,13.0,275.0,73.0,33.0
2,254,16.0,317.0,87.0,115.0
3,122,21.0,319.0,69.0,354.0
6,327,22.0,350.0,28.0,30.0
4,169,5.0,52.0,58.0,375.0
3,309,4.0,323.0,99.0,154.0
7,303,9.0,37.0,115.0,143.0
5,166,6.0,67.0,70.0,276.0
6,164,7.0,208.0,120.0,367.0
2,291,6.0,12.0,42.0,366.0
7,162,9.0,224.0,121.0,349.0
4,242,9.0,123.0,105.0,207.0
5,91,21.0,220.0,42.0,277.0
2,132,23.0,342.0,75.0,295.0
4,104,8.0,163.0,111.0,186.0
1,58,22.0,125.0,20.0,330.0
2,122,9.0,160.0,93.0,82.0
7,300,9.0,168.0,69.0,162.0
3,55,11.0,244.0,118.0,64.0
1,165,9.0,82.0,50.0,133.0
6,49,23.0,67.0,80.0,229.0
2,28,18.0,105.0,114.0,159.0
6,167,9.0,32.0,82.0,14.0
7,108,10.0,39.0,104.0,386.0
7,304,15.0,183.0,67.0,230.0
7,136,7.0,208.0,67.0,242.0
1,83,14.0,235.0,16.0,398.0
7,387,15.0,95.0,75.0,24.0
4,347,14.0,133.0,21.0,138.0
1,317,15.0,52.0,24.0,189.0
6,206,9.0,358.0,57.0,103.0
2,200,14.0,353.0,33.0,68.0
1,109,8.0,362.0,75.0,295.0
4,78,15.0,103.0,88.0,113.0
2,202,19.0,346.0,55.0,216.0
1,112,14.0,305.0,44.0,20.0
3,294,23.0,323.0,74.0,100.0
3,382,6.0,265.0,37.0,55.0
2,79,16.0,295.0,40.0,365.0
2,30,19.0,364.0,77.0,317.0
5,57,17.0,113.0,58.0,390.0
4,87,11.0,209.0,120.0,87.0
3,333,6.0,380.0,85.0,66.0
2,247,12.0,132.0,46.0,86.0
7,10,19.0,78.0,123.0,60.0
1,167,13.0,135.0,29.0,75.0
7,39,16.0,194.0,81.0,190.0
5,89,14.0,233.0,127.0,13.0
5,108,7.0,288.0,54.0,373.0
6,193,14.0,19.0,18.0,37.0
6,108,23.0,322.0,68.0,179.0
5,265,7.0,327.0,94.0,109.0
1,183,15.0,314.0,107.0,277.0
2,370,19.0,181.0,107.0,47.0
7,80,21.0,139.0,55.0,39.0
4,166,15.0,289.0,114.0,64.0
7,387,5.0,397.0,118.0,118.0
1,128,12.0,16.0,95.0,216.0
7,295,10.0,132.0,96.0,169.0
3,318,10.0,329.0,81.0,53.0
6,253,6.0,106.0,23.0,48.0
7,165,23.0,235.0,101.0,132.0
6,309,14.0,88.0,61.0,116.0
5,347,20.0,109.0,28.0,133.0
5,48,14.0,275.0,106.0,303.0
7,228,14.0,370.0,77.0,311.0
5,253,4.0,333.0,114.0,341.0
5,82,20.0,253.0,76.0,15.0
4,223,8.0,340.0,35.0,246.0
5,154,9.0,112.0,31.0,262.0
7,165,17.0,29.0,39.0,245.0
4,348,19.0,251.0,42.0,47.0
5,299,18.0,145.0,51.0,282.0
7,42,17.0,80.0,71.0,148.0
4,55,6.0,32.0,60.0,136.0
5,385,14.0,382.0,70.0,270.0
2,208,12.0,332.0,122.0,342.0
1,377,14.0,190.0,85.0,221.0
5,88,13.0,169.0,82.0,140.0
4,330,4.0,209.0,112.0,294.0
3,123,9.0,218.0,104.0,197.0
3,354,15.0,126.0,118.0,285.0
5,84,11.0,140.0,33.0,119.0
2,211,4.0,55.0,79.0,385.0
3,278,10.0,148.0,88.0,42.0
7,331,20.0,80.0,43.0,388.0
4,63,21.0,351.0,72.0,315.0
7,171,16.0,178.0,87.0,104.0
3,248,14.0,348.0,98.0,75.0
5,61,18.0,238.0,22.0,114.0
2,242,20.0,105.0,123.0,89.0
7,223,12.0,152.0,84.0,156.0
7,338,22.0,324.0,87.0,257.0
1,136,7.0,229.0,117.0,201.0
5,255,16.0,271.0,116.0,97.0
6,166,12.0,195.0,95.0,361.0
5,261,16.0,249.0,71.0,345.0
5,134,6.0,115.0,126.0,315.0
7,342,17.0,176.0,47.0,324.0
5,326,17.0,37.0,98.0,30.0
7,274,8.0,111.0,79.0,238.0
4,26,20.0,240.0,117.0,311.0
3,251,17.0,219.0,115.0,59.0
6,231,18.0,258.0,94.0,202.0
4,371,17.0,265.0,79.0,242.0
3,170,22.0,220.0,76.0,117.0
6,195,16.0,387.0,126.0,42.0
3,131,15.0,251.0,116.0,173.0
5,16,19.0,41.0,50.0,322.0
6,76,9.0,161.0,79.0,84.0
5,325,6.0,177.0,71.0,202.0
5,386,17.0,356.0,23.0,394.0
3,200,22.0,23.0,85.0,165.0
4,235,10.0,382.0,54.0,252.0
4,132,6.0,177.0,95.0,103.0
6,323,18.0,224.0,93.0,177.0
1,145,13.0,254.0,90.0,168.0
1,242,8.0,115.0,68.0,153.0
4,37,22.0,212.0,116.0,308.0
1,333,12.0,23.0,50.0,232.0
3,66,11.0,169.0,17.0,222.0
3,87,8.0,135.0,104.0,45.0
3,347,13.0,171.0,39.0,144.0
2,367,5.0,12.0,43.0,364.0
5,10,10.0,85.0,114.0,313.0
7,217,4.0,242.0,127.0,156.0
1,328,17.0,74.0,117.0,40.0
5,238,14.0,242.0,116.0,314.0
2,46,5.0,232.0,53.0,166.0
7,96,16.0,276.0,57.0,288.0
4,136,11.0,367.0,122.0,175.0
7,144,4.0,340.0,106.0,349.0
5,231,11.0,272.0,56.0,397.0
7,187,18.0,249.0,44.0,198.0
3,181,9.0,33.0,68.0,64.0
7,87,21.0,172.0,78.0,43.0
1,126,23.0,379.0,26.0,18.0
3,90,22.0,118.0,22.0,131.0
7,60,21.0,202.0,103.0,273.0
4,90,23.0,236.0,60.0,399.0
7,100,11.0,200.0,63.0,132.0
1,215,5.0,37.0,25.0,145.0
4,86,14.0,147.0,102.0,287.0
7,275,22.0,38.0,100.0,133.0
4,325,7.0,392.0,65.0,197.0
6,131,8.0,22.0,104.0,24.0
6,168,16.0,246.0,55.0,142.0
6,38,15.0,90.0,71.0,390.0
4,75,17.0,361.0,117.0,84.0
3,365,16.0,255.0,33.0,80.0
1,147,12.0,188.0,67.0,238.0
1,218,12.0,148.0,120.0,214.0
1,71,20.0,148.0,19.0,182.0
4,82,23.0,395.0,48.0,194.0
7,28,12.0,359.0,30.0,152.0
1,102,12.0,34.0,102.0,316.0
4,210,13.0,142.0,55.0,211.0
1,12,12.0,77.0,102.0,23.0
6,157,17.0,355.0,51.0,326.0
2,59,17.0,186.0,83.0,238.0
3,362,8.0,24.0,56.0,241.0
7,360,13.0,10.0,64.0,25.0
4,128,19.0,95.0,80.0,278.0
6,375,13.0,332.0,34.0,351.0
4,200,9.0,175.0,88.0,121.0
1,240,21.0,20.0,84.0,185.0
7,51,10.0,24.0,111.0,348.0
4,26,13.0,207.0,52.0,144.0
5,396,19.0,66.0,121.0,48.0
7,103,4.0,364.0,38.0,237.0
6,253,9.0,107.0,91.0,388.0
5,39,7.0,359.0,24.0,111.0
3,83,8.0,156.0,45.0,42.0
7,12,8.0,11.0,50.0,71.0
3,124,17.0,351.0,32.0,299.0
1,60,22.0,305.0,98.0,93.0
7,356,20.0,390.0,87.0,322.0
6,231,10.0,142.0,121.0,274.0
7,69,13.0,320.0,111.0,309.0
7,135,12.0,183.0,111.0,183.0
2,42,13.0,23.0,35.0,65.0
3,378,13.0,279.0,87.0,347.0
2,113,13.0,270.0,77.0,55.0
6,74,12.0,378.0,64.0,136.0
7,330,6.0,58.0,63.0,281.0
1,55,13.0,182.0,124.0,171.0
5,387,15.0,351.0,26.0,77.0
3,391,10.0,227.0,127.0,224.0
1,227,4.0,232.0,47.0,374.0
6,196,15.0,248.0,66.0,172.0
4,258,22.0,324.0,31.0,268.0
3,96,21.0,202.0,113.0,40.0
5,197,21.0,240.0,80.0,61.0
6,124,14.0,329.0,109.0,31.0
6,105,5.0,227.0,75.0,375.0
6,371,20.0,305.0,61.0,289.0
3,200,23.0,370.0,60.0,48.0
3,29,17.0,57.0,112.0,60.0
7,288,17.0,129.0,71.0,117.0
3,75,22.0,29.0,44.0,397.0
4,167,11.0,37.0,127.0,215.0
1,157,15.0,329.0,57.0,283.0
2,265,7.0,368.0,24.0,365.0
4,244,20.0,128.0,20.0,223.0
5,179,5.0,50.0,102.0,335.0
4,100,12.0,237.0,119.0,219.0
6,176,5.0,202.0,37.0,360.0
7,202,21.0,250.0,33.0,231.0
3,124,20.0,83.0,89.0,104.0
2,104,21.0,357.0,19.0,290.0
5,28,12.0,335.0,38.0,66.0
1,101,14.0,178.0,84.0,13.0
2,280,6.0,184.0,36.0,133.0
3,56,9.0,79.0,96.0,242.0
4,387,6.0,133.0,106.0,124.0
4,15,16.0,329.0,121.0,70.0
4,186,8.0,238.0,27.0,288.0
6,241,17.0,39.0,63.0,31.0
2,242,7.0,383.0,118.0,246.0
2,331,22.0,303.0,20.0,93.0
6,162,16.0,368.0,102.0,323.0
3,219,20.0,344.0,40.0,62.0
2,355,4.0,167.0,79.0,268.0
4,178,11.0,68.0,19.0,335.0
2,361,21.0,351.0,113.0,124.0
1,131,8.0,131.0,77.0,49.0
6,117,16.0,321.0,21.0,364.0
4,321,13.0,168.0,111.0,310.0
4,183,8.0,308.0,73.0,173.0
5,192,19.0,124.0,47.0,238.0
2,190,10.0,317.0,92.0,145.0
3,330,11.0,94.0,102.0,16.0
7,52,20.0,277.0,25.0,163.0
3,127,8.0,23.0,115.0,271.0
3,120,20.0,47.0,17.0,115.0
4,160,9.0,14.0,52.0,98.0
2,334,10.0,75.0,106.0,224.0
4,178,4.0,160.0,126.0,342.0
1,231,22.0,325.0,63.0,334.0
4,361,9.0,275.0,79.0,314.0
6,116,14.0,322.0,124.0,306.0
4,150,19.0,100.0,105.0,329.0
1,364,4.0,125.0,95.0,299.0
1,239,10.0,343.0,78.0,145.0
6,295,6.0,252.0,20.0,84.0
1,395,7.0,14.0,108.0,227.0
1,255,22.0,62.0,88.0,159.0
4,56,5.0,247.0,99.0,184.0
2,269,8.0,321.0,99.0,11.0
3,365,5.0,30.0,82.0,187.0
6,250,15.0,355.0,99.0,126.0
5,192,10.0,209.0,54.0,170.0
2,49,16.0,288.0,16.0,346.0
6,231,18.0,78.0,103.0,155.0
3,46,10.0,208.0,84.0,22.0
7,86,12.0,10.0,59.0,178.0
7,330,7.0,290.0,46.0,108.0
2,137,14.0,151.0,41.0,226.0
5,25,11.0,235.0,25.0,169.0
1,142,5.0,380.0,103.0,172.0
7,345,14.0,230.0,67.0,133.0
2,199,17.0,24.0,100.0,185.0
4,161,22.0,215.0,126.0,182.0
6,261,4.0,330.0,89.0,168.0
7,13,20.0,61.0,55.0,186.0
2,255,4.0,200.0,21.0,256.0
1,182,7.0,210.0,16.0,138.0
1,159,18.0,199.0,26.0,38.0
3,35,19.0,222.0,103.0,275.0
6,46,17.0,286.0,123.0,125.0
5,161,6.0,168.0,112.0,271.0
3,226,7.0,312.0,101.0,25.0
3,128,9.0,321.0,73.0,177.0
2,178,22.0,15.0,127.0,11.0
1,223,22.0,147.0,38.0,298.0
3,390,22.0,193.0,22.0,57.0
3,54,16.0,93.0,96.0,352.0
5,305,15.0,394.0,53.0,165.0
6,275,10.0,189.0,22.0,139.0
6,62,4.0,216.0,73.0,394.0
5,397,16.0,116.0,44.0,381.0
4,396,22.0,319.0,42.0,16.0
1,83,13.0,216.0,37.0,325.0
1,27,15.0,324.0,87.0,105.0
5,69,18.0,43.0,18.0,237.0
5,115,7.0,251.0,49.0,174.0
1,244,17.0,322.0,96.0,288.0
3,381,17.0,231.0,18.0,323.0
6,168,22.0,257.0,43.0,92.0
6,130,18.0,374.0,97.0,224.0
7,234,19.0,151.0,18.0,386.0
1,141,21.0,40.0,103.0,178.0
5,44,11.0,349.0,30.0,10.0
6,324,15.0,85.0,68.0,181.0
2,186,17.0,107.0,71.0,385.0
7,297,5.0,10.0,100.0,283.0
6,105,9.0,314.0,48.0,18.0
2,209,23.0,392.0,69.0,256.0
4,169,21.0,151.0,51.0,151.0
6,143,20.0,96.0,60.0,189.0
2,383,19.0,123.0,42.0,150.0
6,355,16.0,348.0,127.0,337.0
4,341,22.0,153.0,59.0,307.0
1,155,17.0,123.0,42.0,153.0
4,214,19.0,276.0,22.0,25.0
5,20,18.0,347.0,109.0,356.0
2,239,10.0,140.0,65.0,29.0
1,176,20.0,80.0,54.0,392.0
2,49,7.0,286.0,61.0,297.0
2,373,8.0,292.0,109.0,307.0
3,78,22.0,106.0,38.0,215.0
7,198,11.0,198.0,107.0,390.0
7,165,20.0,40.0,55.0,113.0
2,228,21.0,70.0,24.0,155.0
4,33,12.0,197.0,21.0,225.0
6,62,4.0,25.0,50.0,387.0
6,76,4.0,277.0,64.0,214.0
4,91,23.0,105.0,103.0,361.0
7,272,8.0,31.0,35.0,322.0
4,89,23.0,85.0,24.0,100.0
1,129,14.0,215.0,114.0,235.0
7,193,10.0,332.0,63.0,195.0
1,115,18.0,247.0,33.0,287.0
2,332,20.0,33.0,117.0,241.0
6,264,5.0,21.0,89.0,275.0
4,85,20.0,115.0,86.0,85.0
1,248,5.0,315.0,36.0,145.0
6,223,16.0,205.0,110.0,337.0
7,365,10.0,323.0,78.0,207.0
2,49,23.0,46.0,42.0,306.0
3,146,13.0,40.0,55.0,129.0
3,299,17.0,62.0,109.0,195.0
4,167,8.0,105.0,83.0,267.0
7,187,21.0,26.0,121.0,212.0
2,131,22.0,199.0,75.0,392.0
2,32,4.0,325.0,114.0,357.0
4,287,22.0,329.0,81.0,261.0
1,66,19.0,390.0,27.0,350.0
2,86,4.0,340.0,37.0,227.0
5,81,13.0,128.0,68.0,132.0
7,85,16.0,294.0,94.0,273.0
3,40,17.0,309.0,85.0,266.0
4,330,21.0,134.0,106.0,14.0
7,296,18.0,20.0,26.0,392.0
5,70,12.0,340.0,75.0,86.0
5,289,12.0,246.0,57.0,393.0
7,54,4.0,327.0,91.0,88.0
7,55,14.0,85.0,58.0,304.0
1,221,22.0,254.0,27.0,141.0
7,87,4.0,339.0,106.0,101.0
1,266,9.0,64.0,43.0,328.0
1,179,23.0,182.0,108.0,39.0
2,81,11.0,74.0,82.0,286.0
2,91,17.0,349.0,85.0,95.0
4,287,12.0,305.0,50.0,331.0
1,332,18.0,205.0,48.0,36.0
2,362,19.0,31.0,31.0,352.0
6,293,5.0,309.0,24.0,360.0
1,238,8.0,206.0,86.0,54.0
5,122,21.0,203.0,72.0,270.0
2,339,14.0,347.0,25.0,129.0
5,148,21.0,72.0,66.0,20.0
3,377,19.0,375.0,104.0,121.0
3,72,10.0,126.0,58.0,356.0
2,140,6.0,316.0,59.0,197.0
5,265,18.0,40.0,89.0,263.0
2,61,16.0,54.0,106.0,95.0
4,149,10.0,389.0,58.0,385.0
3,120,6.0,192.0,122.0,353.0
2,34,13.0,310.0,114.0,134.0
2,11,20.0,27.0,119.0,182.0
7,16,13.0,99.0,68.0,304.0
7,263,5.0,57.0,45.0,150.0
5,11,7.0,384.0,49.0,114.0
6,89,21.0,28.0,65.0,196.0
7,50,23.0,220.0,89.0,298.0
6,158,18.0,262.0,31.0,270.0
3,317,22.0,286.0,72.0,132.0
4,85,23.0,371.0,62.0,358.0
7,167,5.0,317.0,22.0,60.0
5,357,8.0,369.0,114.0,301.0
6,296,6.0,26.0,59.0,382.0
7,396,22.0,339.0,21.0,209.0
4,241,11.0,378.0,94.0,337.0
3,382,23.0,327.0,91.0,245.0
6,241,21.0,43.0,78.0,281.0
2,201,12.0,302.0,50.0,274.0
2,247,4.0,28.0,110.0,383.0
1,57,20.0,273.0,95.0,67.0
3,130,23.0,121.0,90.0,11.0
4,180,5.0,306.0,53.0,315.0
1,308,16.0,161.0,82.0,271.0
4,282,12.0,105.0,16.0,166.0
2,23,8.0,319.0,83.0,19.0
5,155,21.0,233.0,58.0,271.0
1,243,4.0,181.0,27.0,30.0
2,50,11.0,344.0,107.0,118.0
4,274,17.0,317.0,40.0,68.0
3,208,4.0,76.0,120.0,142.0
5,346,4.0,352.0,123.0,194.0
2,104,11.0,333.0,36.0,258.0
1,328,17.0,304.0,32.0,166.0
5,134,18.0,202.0,92.0,366.0
2,216,22.0,67.0,30.0,13.0
7,165,5.0,129.0,53.0,166.0
7,275,9.0,104.0,26.0,173.0
5,257,13.0,128.0,106.0,112.0
3,331,16.0,156.0,31.0,162.0
2,261,6.0,306.0,35.0,122.0
1,193,17.0,196.0,44.0,359.0
6,111,10.0,130.0,34.0,340.0
4,285,4.0,190.0,85.0,46.0
1,46,16.0,37.0,61.0,141.0
2,27,20.0,280.0,30.0,182.0
5,258,5.0,138.0,27.0,271.0
4,246,17.0,225.0,25.0,233.0
2,340,4.0,97.0,100.0,117.0
3,151,15.0,395.0,109.0,218.0
1,241,7.0,39.0,66.0,259.0
1,244,8.0,302.0,100.0,43.0
6,338,19.0,96.0,120.0,186.0
1,256,12.0,155.0,121.0,374.0
2,314,18.0,210.0,83.0,150.0
1,285,19.0,288.0,118.0,383.0
6,142,16.0,346.0,84.0,84.0
2,181,8.0,324.0,42.0,388.0
5,117,15.0,269.0,53.0,14.0
2,313,20.0,347.0,99.0,319.0
6,221,13.0,371.0,114.0,275.0
4,209,18.0,380.0,36.0,329.0
1,85,13.0,341.0,47.0,341.0
7,299,10.0,287.0,17.0,386.0
3,211,12.0,95.0,82.0,130.0
2,398,7.0,219.0,18.0,275.0
1,326,19.0,276.0,35.0,278.0
2,141,11.0,239.0,75.0,181.0
3,316,6.0,155.0,74.0,363.0
7,198,16.0,18.0,83.0,247.0
5,112,9.0,27.0,82.0,380.0
7,41,23.0,201.0,115.0,111.0
4,36,7.0,41.0,87.0,55.0
5,168,17.0,283.0,122.0,176.0
5,198,6.0,233.0,112.0,68.0
3,148,12.0,374.0,63.0,65.0
6,167,22.0,284.0,34.0,212.0
6,121,18.0,371.0,121.0,124.0
1,360,5.0,159.0,33.0,80.0
3,281,5.0,230.0,124.0,89.0
4,143,10.0,302.0,115.0,293.0
6,12,19.0,323.0,25.0,70.0
5,74,20.0,170.0,88.0,268.0
3,48,9.0,118.0,53.0,252.0
4,93,16.0,104.0,125.0,217.0
1,382,7.0,323.0,66.0,174.0
7,48,6.0,256.0,57.0,335.0
6,311,10.0,286.0,93.0,154.0
4,297,20.0,110.0,105.0,163.0
7,312,23.0,277.0,79.0,321.0
6,250,15.0,263.0,58.0,151.0
2,90,14.0,310.0,125.0,312.0
7,351,15.0,90.0,38.0,74.0
1,382,8.0,323.0,73.0,46.0
3,151,21.0,287.0,36.0,399.0
7,269,8.0,161.0,81.0,261.0
2,246,20.0,275.0,107.0,318.0
6,203,22.0,211.0,51.0,87.0
1,319,14.0,313.0,46.0,31.0
7,158,8.0,184.0,51.0,189.0
6,57,6.0,235.0,27.0,153.0
2,371,11.0,319.0,69.0,99.0
4,116,21.0,156.0,22.0,164.0
6,322,14.0,323.0,93.0,278.0
1,83,13.0,147.0,33.0,333.0
7,32,20.0,97.0,102.0,77.0
6,384,20.0,289.0,59.0,385.0
2,311,15.0,230.0,49.0,151.0
6,345,19.0,367.0,44.0,119.0
2,241,13.0,352.0,108.0,11.0
5,90,22.0,184.0,102.0,77.0
2,54,21.0,398.0,102.0,326.0
4,207,11.0,216.0,71.0,366.0
4,57,8.0,37.0,54.0,228.0
6,386,23.0,375.0,55.0,166.0
1,184,23.0,354.0,86.0,116.0
3,224,12.0,210.0,59.0,237.0
4,357,5.0,52.0,33.0,99.0
4,214,12.0,225.0,119.0,105.0
4,337,23.0,77.0,106.0,383.0
4,202,15.0,79.0,38.0,69.0
3,45,23.0,23.0,53.0,344.0
7,169,16.0,109.0,41.0,338.0
4,318,10.0,237.0,16.0,349.0
5,263,21.0,294.0,69.0,340.0
4,298,21.0,167.0,35.0,269.0
6,59,16.0,290.0,53.0,307.0
7,50,6.0,290.0,38.0,382.0
5,100,20.0,194.0,73.0,314.0
2,89,12.0,35.0,49.0,239.0
3,304,12.0,220.0,37.0,204.0
4,83,20.0,103.0,85.0,59.0
2,100,10.0,16.0,19.0,351.0
3,35,9.0,237.0,72.0,291.0
4,305,19.0,12.0,37.0,211.0
1,145,4.0,42.0,77.0,178.0
1,28,11.0,229.0,28.0,43.0
7,222,14.0,189.0,42.0,28.0
7,213,20.0,173.0,37.0,235.0
4,107,19.0,108.0,109.0,151.0
5,370,23.0,107.0,102.0,144.0
6,227,8.0,257.0,25.0,57.0
5,204,17.0,369.0,102.0,291.0
2,35,12.0,233.0,44.0,46.0
1,195,21.0,366.0,125.0,208.0
1,131,12.0,223.0,76.0,357.0
6,200,15.0,159.0,22.0,186.0
7,384,5.0,322.0,76.0,161.0
6,259,18.0,88.0,58.0,188.0
3,313,7.0,103.0,77.0,63.0
4,386,18.0,136.0,113.0,391.0
5,372,11.0,239.0,78.0,360.0
1,147,19.0,243.0,86.0,315.0
3,89,15.0,83.0,103.0,194.0
1,247,15.0,301.0,65.0,309.0
1,322,13.0,392.0,80.0,392.0
7,247,4.0,105.0,56.0,291.0
2,157,17.0,172.0,104.0,136.0
3,391,22.0,385.0,96.0,38.0
1,320,4.0,239.0,82.0,326.0
7,155,14.0,43.0,54.0,96.0
2,16,22.0,77.0,116.0,291.0
2,243,22.0,268.0,52.0,361.0
3,367,4.0,14.0,114.0,395.0
2,126,17.0,244.0,92.0,84.0
7,10,16.0,71.0,116.0,91.0
3,234,9.0,350.0,21.0,13.0
7,321,13.0,360.0,99.0,159.0
7,16,15.0,46.0,103.0,223.0
6,368,14.0,302.0,73.0,275.0
2,367,9.0,159.0,50.0,282.0
3,341,15.0,264.0,18.0,265.0
6,164,15.0,81.0,19.0,284.0
4,350,5.0,126.0,26.0,344.0
5,271,13.0,394.0,114.0,321.0
5,113,8.0,170.0,49.0,170.0
7,367,6.0,245.0,34.0,13.0
6,251,13.0,147.0,86.0,42.0
7,195,6.0,142.0,107.0,178.0
1,158,21.0,205.0,105.0,86.0
4,335,20.0,384.0,17.0,109.0
6,306,23.0,11.0,68.0,15.0
7,240,21.0,171.0,110.0,231.0
6,396,5.0,65.0,21.0,329.0
5,316,13.0,297.0,50.0,308.0
7,229,5.0,341.0,71.0,262.0
7,10,12.0,174.0,107.0,337.0
1,226,17.0,52.0,57.0,165.0
6,63,4.0,98.0,32.0,81.0
5,96,23.0,379.0,75.0,314.0
3,334,16.0,133.0,70.0,369.0
7,162,21.0,164.0,26.0,186.0
5,59,15.0,377.0,107.0,183.0
3,163,17.0,391.0,42.0,363.0
1,109,5.0,272.0,50.0,189.0
5,294,20.0,142.0,87.0,116.0
4,218,23.0,324.0,98.0,344.0
3,239,21.0,173.0,44.0,24.0
4,186,11.0,347.0,99.0,255.0
4,286,7.0,89.0,63.0,213.0
2,322,15.0,305.0,68.0,250.0
6,370,9.0,24.0,92.0,44.0
5,179,13.0,119.0,83.0,140.0
5,238,23.0,282.0,123.0,221.0
6,70,13.0,134.0,20.0,336.0
4,281,7.0,317.0,73.0,132.0
2,242,16.0,60.0,22.0,99.0
7,358,11.0,352.0,45.0,74.0
1,179,11.0,209.0,65.0,323.0
4,94,18.0,348.0,63.0,161.0
2,307,20.0,75.0,25.0,399.0
7,396,18.0,288.0,18.0,263.0
6,200,18.0,214.0,89.0,94.0
3,256,20.0,277.0,75.0,375.0
3,42,10.0,109.0,86.0,326.0
3,111,6.0,186.0,106.0,160.0
2,282,12.0,136.0,72.0,217.0
6,359,7.0,238.0,28.0,289.0
2,83,14.0,159.0,76.0,87.0
5,93,5.0,281.0,87.0,317.0
4,231,7.0,242.0,26.0,243.0
1,197,10.0,123.0,116.0,320.0
6,174,5.0,19.0,18.0,329.0
2,357,7.0,80.0,48.0,163.0
6,394,4.0,153.0,74.0,249.0
2,183,21.0,199.0,43.0,21.0
1,249,22.0,133.0,125.0,298.0
1,264,19.0,365.0,85.0,346.0
5,221,18.0,245.0,52.0,187.0
3,263,5.0,239.0,90.0,155.0
6,77,21.0,159.0,127.0,111.0
3,88,15.0,66.0,120.0,70.0
4,72,16.0,185.0,92.0,156.0
1,306,23.0,85.0,115.0,10.0
3,65,11.0,165.0,62.0,100.0
1,244,19.0,17.0,65.0,20.0
6,145,14.0,331.0,78.0,216.0
7,128,4.0,349.0,23.0,82.0
2,165,9.0,242.0,84.0,234.0
7,169,11.0,392.0,30.0,370.0
6,174,5.0,290.0,22.0,119.0
4,19,6.0,103.0,41.0,355.0
5,325,13.0,111.0,92.0,119.0
2,87,15.0,299.0,106.0,237.0
6,352,19.0,223.0,50.0,47.0
5,274,16.0,246.0,23.0,78.0
7,116,18.0,58.0,89.0,394.0
1,266,20.0,314.0,50.0,86.0
6,128,8.0,127.0,86.0,390.0
3,324,16.0,212.0,86.0,160.0
4,375,15.0,394.0,73.0,141.0
5,361,19.0,115.0,110.0,398.0
6,256,10.0,32.0,104.0,61.0
4,148,13.0,334.0,88.0,125.0
4,266,10.0,211.0,115.0,275.0
4,236,16.0,156.0,101.0,32.0
3,82,14.0,329.0,55.0,227.0
4,263,13.0,66.0,62.0,146.0
7,300,13.0,124.0,51.0,388.0
3,158,17.0,340.0,108.0,213.0
5,241,17.0,85.0,95.0,66.0
6,159,14.0,175.0,127.0,392.0
1,313,11.0,357.0,19.0,259.0
1,268,9.0,294.0,57.0,315.0
7,343,9.0,68.0,119.0,151.0
7,90,23.0,80.0,83.0,209.0
3,75,11.0,48.0,109.0,130.0
4,382,10.0,183.0,79.0,149.0
1,372,16.0,334.0,70.0,393.0
6,107,13.0,369.0,79.0,133.0
7,363,21.0,380.0,117.0,325.0
1,204,6.0,378.0,27.0,67.0
3,321,8.0,98.0,24.0,393.0
5,252,8.0,293.0,70.0,288.0
4,297,6.0,398.0,25.0,10.0
6,54,6.0,80.0,49.0,254.0
7,361,21.0,19.0,51.0,380.0
4,236,15.0,205.0,77.0,103.0
6,230,23.0,302.0,27.0,160.0
2,131,21.0,267.0,64.0,198.0
5,214,18.0,214.0,27.0,234.0
2,230,5.0,111.0,71.0,199.0
6,139,16.0,300.0,63.0,175.0
5,31,17.0,313.0,123.0,54.0
6,78,21.0,152.0,79.0,157.0
6,102,12.0,260.0,31.0,212.0
6,119,16.0,153.0,108.0,14.0
6,12,11.0,83.0,35.0,65.0
2,253,5.0,51.0,102.0,110.0
7,264,17.0,295.0,78.0,96.0
2,100,12.0,281.0,88.0,350.0
4,208,6.0,20.0,18.0,265.0
4,20,10.0,174.0,125.0,188.0
7,277,11.0,287.0,93.0,326.0
3,70,17.0,347.0,105.0,211.0
2,230,13.0,132.0,33.0,348.0
7,110,20.0,154.0,64.0,222.0
6,226,15.0,228.0,43.0,303.0
3,126,8.0,29.0,18.0,284.0
3,83,14.0,144.0,123.0,167.0
7,150,5.0,257.0,31.0,88.0
7,45,12.0,119.0,115.0,366.0
6,180,10.0,399.0,88.0,329.0
2,288,11.0,344.0,112.0,292.0
4,70,4.0,294.0,124.0,315.0
1,210,20.0,41.0,90.0,263.0
2,87,13.0,159.0,36.0,79.0
7,235,13.0,168.0,47.0,22.0
4,243,11.0,72.0,84.0,380.0
4,226,23.0,326.0,50.0,180.0
2,162,8.0,64.0,24.0,242.0
6,37,15.0,110.0,110.0,71.0
2,320,9.0,367.0,75.0,16.0
4,253,14.0,13.0,56.0,112.0
5,111,21.0,319.0,89.0,218.0
2,377,19.0,23.0,67.0,252.0
6,182,22.0,79.0,92.0,301.0
6,36,10.0,354.0,36.0,75.0
2,289,14.0,227.0,121.0,353.0
7,181,5.0,53.0,66.0,116.0
7,21,5.0,17.0,43.0,361.0
6,168,13.0,268.0,81.0,76.0
5,380,14.0,328.0,80.0,133.0
2,168,18.0,49.0,97.0,164.0
7,213,22.0,245.0,47.0,155.0
3,200,14.0,159.0,19.0,40.0
6,304,21.0,313.0,48.0,176.0
2,336,13.0,349.0,57.0,62.0
4,194,5.0,217.0,27.0,344.0
1,302,15.0,232.0,120.0,394.0
1,246,23.0,133.0,62.0,227.0
3,391,12.0,329.0,83.0,134.0
2,387,14.0,360.0,93.0,215.0
2,96,23.0,377.0,78.0,184.0
6,143,15.0,244.0,23.0,266.0
4,194,23.0,375.0,47.0,76.0
2,272,12.0,95.0,97.0,379.0
5,81,7.0,324.0,101.0,153.0
4,117,5.0,34.0,112.0,157.0
3,163,15.0,95.0,51.0,103.0
4,363,10.0,262.0,54.0,150.0
3,178,7.0,377.0,87.0,220.0
5,21,12.0,353.0,70.0,396.0
4,313,10.0,388.0,32.0,397.0
2,108,11.0,89.0,36.0,129.0
7,147,21.0,288.0,61.0,238.0
7,88,22.0,246.0,49.0,110.0
7,113,16.0,237.0,35.0,331.0
6,85,13.0,277.0,103.0,59.0
5,29,4.0,176.0,51.0,196.0
5,200,18.0,77.0,31.0,190.0
5,384,15.0,110.0,44.0,265.0
1,270,5.0,269.0,92.0,29.0
7,277,15.0,93.0,59.0,221.0
4,224,12.0,17.0,114.0,145.0
3,304,10.0,61.0,85.0,229.0
7,303,21.0,257.0,40.0,288.0
1,175,8.0,225.0,32.0,61.0
2,386,23.0,143.0,33.0,143.0
6,319,7.0,287.0,81.0,134.0
7,164,11.0,398.0,102.0,162.0
4,97,15.0,256.0,126.0,241.0
6,336,17.0,286.0,44.0,151.0
5,46,6.0,143.0,95.0,380.0
6,243,19.0,232.0,19.0,170.0
4,203,5.0,261.0,99.0,139.0
2,353,20.0,95.0,42.0,342.0
7,392,12.0,182.0,108.0,291.0
6,198,4.0,167.0,48.0,397.0
4,110,4.0,94.0,112.0,212.0
5,37,12.0,38.0,27.0,269.0
1,352,8.0,152.0,104.0,68.0
5,138,7.0,355.0,28.0,120.0
5,18,4.0,311.0,68.0,70.0
2,130,12.0,191.0,50.0,316.0
3,248,13.0,128.0,81.0,78.0
2,159,6.0,266.0,78.0,326.0
7,248,4.0,261.0,96.0,230.0
2,276,13.0,144.0,83.0,340.0
6,209,4.0,163.0,23.0,99.0
3,393,13.0,123.0,119.0,322.0
4,210,22.0,260.0,89.0,366.0
4,343,9.0,186.0,41.0,42.0
7,397,22.0,259.0,25.0,341.0
6,398,9.0,150.0,65.0,152.0
3,263,19.0,317.0,74.0,333.0
6,204,10.0,78.0,101.0,74.0
6,88,22.0,382.0,20.0,175.0
6,186,17.0,156.0,50.0,73.0
3,133,8.0,280.0,21.0,61.0
1,333,15.0,293.0,65.0,177.0
2,366,15.0,139.0,96.0,194.0
4,209,7.0,47.0,108.0,216.0
5,258,18.0,230.0,75.0,241.0
1,25,23.0,221.0,110.0,187.0
5,283,23.0,342.0,70.0,12.0
4,205,4.0,88.0,74.0,108.0
3,206,7.0,374.0,77.0,28.0
2,314,13.0,116.0,21.0,87.0
3,52,5.0,314.0,29.0,390.0
3,391,5.0,137.0,65.0,111.0
2,370,4.0,33.0,121.0,344.0
2,163,16.0,275.0,67.0,87.0
5,87,23.0,366.0,68.0,378.0
7,292,20.0,267.0,42.0,254.0
2,212,11.0,329.0,24.0,201.0
6,212,13.0,298.0,92.0,122.0
2,79,16.0,67.0,94.0,278.0
5,92,18.0,56.0,124.0,157.0
3,245,8.0,15.0,102.0,244.0
4,298,5.0,36.0,122.0,330.0
2,388,14.0,49.0,80.0,327.0
3,280,9.0,257.0,17.0,215.0
3,25,15.0,167.0,28.0,207.0
2,275,12.0,162.0,111.0,38.0
6,212,6.0,182.0,127.0,341.0
7,240,15.0,129.0,95.0,214.0
3,385,22.0,38.0,91.0,333.0
5,126,9.0,171.0,106.0,175.0
6,35,14.0,11.0,116.0,301.0
6,239,8.0,148.0,43.0,244.0
4,99,14.0,126.0,69.0,229.0
6,114,6.0,322.0,29.0,92.0
2,221,9.0,157.0,107.0,389.0
4,342,4.0,201.0,124.0,230.0
6,291,15.0,291.0,73.0,244.0
3,198,7.0,49.0,93.0,166.0
3,358,15.0,334.0,96.0,17.0
4,95,19.0,41.0,123.0,77.0
3,11,11.0,374.0,63.0,158.0
2,56,17.0,97.0,105.0,31.0
5,232,19.0,237.0,113.0,260.0
1,341,11.0,349.0,95.0,290.0
1,347,21.0,217.0,108.0,378.0
7,370,11.0,268.0,27.0,366.0
1,133,20.0,395.0,54.0,321.0
4,118,20.0,355.0,39.0,199.0
5,20,23.0,260.0,67.0,389.0
7,228,21.0,224.0,108.0,141.0
6,276,17.0,375.0,79.0,306.0
3,268,14.0,227.0,47.0,361.0
6,86,12.0,234.0,40.0,211.0
6,167,22.0,250.0,36.0,46.0
1,137,23.0,170.0,108.0,304.0
1,11,18.0,92.0,107.0,115.0
4,26,13.0,371.0,121.0,391.0
1,78,23.0,360.0,113.0,97.0
1,328,17.0,105.0,79.0,337.0
6,309,10.0,50.0,108.0,92.0
1,121,7.0,181.0,104.0,183.0
6,69,13.0,44.0,93.0,398.0
5,122,8.0,183.0,122.0,42.0
6,203,22.0,271.0,97.0,19.0
6,117,15.0,90.0,65.0,146.0
7,34,21.0,205.0,115.0,232.0
6,88,6.0,274.0,75.0,14.0
5,159,14.0,381.0,69.0,56.0
6,351,14.0,324.0,99.0,341.0
4,225,4.0,145.0,77.0,390.0
2,152,23.0,81.0,99.0,49.0
2,145,11.0,296.0,52.0,74.0
5,209,17.0,375.0,45.0,146.0
6,375,15.0,117.0,116.0,357.0
2,29,6.0,125.0,24.0,380.0
7,268,23.0,151.0,66.0,154.0
6,231,4.0,14.0,48.0,99.0
5,92,12.0,112.0,33.0,98.0
5,309,8.0,127.0,65.0,310.0
2,62,10.0,278.0,94.0,54.0
2,271,22.0,384.0,61.0,96.0
7,237,14.0,117.0,104.0,337.0
4,44,8.0,45.0,84.0,93.0
4,354,20.0,225.0,27.0,350.0
5,270,22.0,249.0,52.0,64.0
1,144,17.0,265.0,110.0,196.0
7,69,18.0,93.0,118.0,349.0
6,375,14.0,159.0,67.0,109.0
5,140,6.0,62.0,42.0,22.0
2,353,11.0,155.0,123.0,126.0
7,204,21.0,229.0,77.0,159.0
1,270,8.0,326.0,30.0,294.0
7,180,6.0,274.0,84.0,136.0
4,272,22.0,67.0,61.0,103.0
3,348,17.0,343.0,88.0,185.0
5,154,13.0,150.0,69.0,159.0
3,23,19.0,188.0,116.0,130.0
4,147,13.0,66.0,58.0,268.0
5,207,5.0,50.0,32.0,50.0
7,103,7.0,267.0,42.0,143.0
6,67,11.0,287.0,109.0,382.0
3,162,20.0,84.0,112.0,325.0
6,151,17.0,95.0,63.0,329.0
6,262,5.0,98.0,127.0,40.0
2,304,22.0,126.0,39.0,337.0
2,370,6.0,193.0,98.0,295.0
1,79,7.0,198.0,57.0,359.0
2,115,19.0,361.0,25.0,141.0
4,213,20.0,203.0,117.0,328.0
6,112,16.0,347.0,62.0,263.0
1,152,16.0,56.0,64.0,20.0
7,56,11.0,171.0,109.0,130.0
5,316,19.0,393.0,127.0,370.0
5,296,17.0,51.0,82.0,68.0
5,147,5.0,357.0,58.0,148.0
1,268,22.0,265.0,110.0,142.0
1,246,4.0,183.0,113.0,355.0
4,211,10.0,45.0,102.0,188.0
7,381,10.0,203.0,63.0,327.0
2,25,20.0,92.0,17.0,98.0
7,316,13.0,305.0,34.0,69.0
7,379,6.0,251.0,38.0,281.0
7,365,4.0,250.0,103.0,296.0
7,209,22.0,357.0,70.0,382.0
3,138,4.0,304.0,103.0,223.0
2,145,6.0,368.0,84.0,159.0
6,98,21.0,385.0,77.0,176.0
2,36,12.0,75.0,37.0,59.0
7,321,7.0,316.0,69.0,339.0
7,395,14.0,183.0,102.0,76.0
7,69,16.0,39.0,85.0,50.0
1,215,22.0,180.0,82.0,322.0
7,38,4.0,284.0,88.0,342.0
4,375,16.0,128.0,69.0,133.0
6,377,18.0,72.0,65.0,279.0
1,331,13.0,319.0,72.0,386.0
5,233,21.0,56.0,72.0,245.0
1,117,22.0,357.0,101.0,383.0
4,238,22.0,190.0,27.0,299.0
6,96,22.0,41.0,61.0,285.0
7,306,14.0,15.0,113.0,97.0
3,328,16.0,221.0,41.0,393.0
6,254,10.0,142.0,51.0,356.0
5,81,23.0,395.0,44.0,105.0
5,17,21.0,131.0,91.0,196.0
6,207,11.0,377.0,71.0,225.0
4,22,7.0,137.0,99.0,243.0
3,17,20.0,181.0,33.0,244.0
1,298,11.0,260.0,127.0,242.0
7,322,10.0,181.0,89.0,290.0
4,386,18.0,101.0,113.0,264.0
5,309,11.0,344.0,109.0,356.0
1,149,9.0,188.0,111.0,31.0
7,147,18.0,376.0,87.0,210.0
7,278,4.0,159.0,73.0,138.0
1,31,10.0,326.0,71.0,134.0
5,389,14.0,241.0,39.0,102.0
1,330,6.0,370.0,63.0,35.0
4,18,11.0,175.0,54.0,199.0
7,196,22.0,71.0,26.0,277.0
7,96,9.0,304.0,60.0,388.0
5,17,19.0,144.0,62.0,185.0
7,41,10.0,153.0,96.0,315.0
1,62,17.0,297.0,34.0,374.0
3,167,13.0,52.0,72.0,354.0
3,170,21.0,134.0,30.0,36.0
3,326,12.0,146.0,66.0,234.0
4,382,17.0,161.0,112.0,359.0
5,399,6.0,163.0,112.0,321.0
1,194,17.0,228.0,114.0,325.0
3,255,19.0,146.0,107.0,99.0
2,289,22.0,242.0,33.0,218.0
5,338,10.0,336.0,44.0,306.0
2,351,18.0,105.0,54.0,108.0
7,316,4.0,207.0,88.0,366.0
6,140,9.0,234.0,33.0,218.0
1,362,13.0,283.0,123.0,110.0
6,252,21.0,261.0,116.0,121.0
1,272,14.0,210.0,21.0,237.0
3,51,18.0,261.0,67.0,391.0
1,395,20.0,22.0,53.0,190.0
6,224,20.0,336.0,71.0,245.0
4,231,16.0,287.0,123.0,364.0
4,386,23.0,216.0,112.0,120.0
1,255,9.0,370.0,31.0,355.0
6,54,4.0,364.0,95.0,17.0
2,89,8.0,199.0,17.0,364.0
4,187,9.0,321.0,65.0,62.0
1,66,23.0,262.0,43.0,86.0
5,260,16.0,297.0,50.0,302.0
7,219,11.0,243.0,115.0,35.0
1,383,11.0,161.0,123.0,221.0
5,164,8.0,276.0,120.0,258.0
6,329,22.0,219.0,99.0,257.0
6,56,11.0,291.0,73.0,290.0
4,393,4.0,117.0,63.0,392.0
1,290,14.0,365.0,107.0,147.0
1,99,19.0,247.0,66.0,62.0
3,87,12.0,297.0,43.0,305.0
2,149,16.0,175.0,25.0,307.0
6,24,19.0,222.0,33.0,273.0
6,121,20.0,34.0,96.0,239.0
4,232,16.0,384.0,78.0,394.0
1,231,8.0,302.0,74.0,263.0
6,121,5.0,224.0,58.0,291.0
3,94,23.0,185.0,16.0,191.0
2,394,17.0,257.0,40.0,198.0
3,158,21.0,83.0,126.0,26.0
2,297,4.0,283.0,25.0,303.0
6,58,15.0,318.0,108.0,326.0
3,208,14.0,98.0,52.0,40.0
4,296,4.0,165.0,120.0,199.0
7,206,16.0,87.0,21.0,60.0
2,245,6.0,46.0,91.0,219.0
7,108,6.0,258.0,100.0,36.0
6,315,18.0,176.0,76.0,166.0
4,82,4.0,256.0,62.0,30.0
4,105,18.0,225.0,47.0,262.0
3,42,13.0,273.0,72.0,241.0
4,356,22.0,161.0,49.0,224.0
2,259,11.0,248.0,77.0,193.0
4,81,12.0,264.0,72.0,174.0
2,373,14.0,193.0,123.0,258.0
2,252,16.0,183.0,28.0,308.0
3,190,4.0,177.0,114.0,72.0
2,279,13.0,326.0,117.0,382.0
3,85,11.0,75.0,124.0,70.0
7,80,9.0,209.0,53.0,19.0
3,177,15.0,187.0,106.0,248.0
6,223,23.0,351.0,23.0,171.0
3,158,21.0,40.0,35.0,206.0
7,232,8.0,124.0,89.0,232.0
6,17,15.0,77.0,116.0,132.0
3,201,21.0,183.0,19.0,187.0
5,47,8.0,394.0,85.0,78.0
3,323,16.0,91.0,71.0,125.0
4,396,16.0,392.0,90.0,86.0
1,329,19.0,268.0,31.0,358.0
2,185,18.0,279.0,127.0,212.0
3,239,8.0,307.0,51.0,319.0
1,228,18.0,42.0,16.0,173.0
4,235,11.0,208.0,53.0,268.0
6,299,8.0,14.0,35.0,183.0
5,375,15.0,214.0,93.0,119.0
1,40,21.0,148.0,45.0,213.0
5,14,18.0,352.0,102.0,185.0
7,255,7.0,356.0,40.0,113.0
6,25,20.0,206.0,42.0,30.0
1,92,17.0,117.0,20.0,80.0
3,225,18.0,106.0,72.0,178.0
5,117,23.0,260.0,91.0,168.0
7,318,21.0,341.0,87.0,307.0
5,121,5.0,377.0,57.0,105.0
7,105,13.0,355.0,118.0,86.0
4,259,4.0,180.0,48.0,329.0
1,258,15.0,145.0,38.0,74.0
7,109,23.0,198.0,98.0,13.0
6,124,10.0,299.0,22.0,121.0
7,285,20.0,53.0,89.0,97.0
6,262,9.0,277.0,32.0,340.0
7,373,9.0,359.0,59.0,139.0
2,335,18.0,78.0,19.0,128.0
6,269,13.0,371.0,118.0,31.0
7,32,21.0,326.0,19.0,205.0
7,356,6.0,306.0,107.0,297.0
6,152,17.0,293.0,123.0,172.0
7,293,17.0,184.0,117.0,312.0
3,371,16.0,188.0,75.0,399.0
6,106,8.0,317.0,85.0,118.0
2,11,6.0,37.0,71.0,299.0
6,164,7.0,203.0,76.0,174.0
6,308,10.0,80.0,72.0,327.0
6,185,6.0,44.0,62.0,227.0
7,178,22.0,321.0,72.0,14.0
7,305,4.0,41.0,83.0,169.0
3,228,8.0,316.0,126.0,242.0
6,212,17.0,183.0,56.0,77.0
7,53,23.0,27.0,84.0,106.0
2,366,11.0,107.0,59.0,102.0
3,67,8.0,393.0,32.0,22.0
2,100,15.0,292.0,76.0,52.0
5,390,16.0,43.0,71.0,63.0
4,208,13.0,237.0,31.0,332.0
5,166,21.0,305.0,75.0,309.0
5,197,21.0,103.0,25.0,49.0
1,60,23.0,91.0,98.0,280.0
3,185,18.0,11.0,52.0,296.0
4,350,23.0,138.0,25.0,278.0
5,362,7.0,365.0,116.0,64.0
4,271,18.0,340.0,119.0,96.0
5,371,12.0,342.0,34.0,32.0
7,367,15.0,77.0,27.0,141.0
3,138,6.0,312.0,27.0,23.0
4,201,18.0,213.0,16.0,273.0
3,182,19.0,176.0,21.0,200.0
1,372,11.0,270.0,112.0,275.0
6,61,22.0,186.0,115.0,320.0
7,275,23.0,147.0,40.0,376.0
5,263,21.0,276.0,51.0,242.0
2,300,18.0,148.0,87.0,176.0
6,169,4.0,56.0,118.0,152.0
2,383,5.0,331.0,61.0,388.0
1,35,16.0,210.0,33.0,287.0
1,278,8.0,169.0,76.0,259.0
5,100,13.0,148.0,116.0,211.0
6,150,5.0,102.0,126.0,339.0
7,31,5.0,278.0,65.0,359.0
4,40,19.0,160.0,84.0,202.0
5,128,4.0,80.0,19.0,374.0
6,254,7.0,179.0,36.0,258.0
5,303,16.0,129.0,16.0,106.0
3,15,16.0,275.0,33.0,399.0
7,265,15.0,52.0,62.0,320.0
2,150,13.0,56.0,18.0,213.0
6,321,10.0,383.0,65.0,210.0
1,356,14.0,135.0,97.0,141.0
5,284,23.0,239.0,60.0,352.0
4,207,12.0,39.0,44.0,194.0
3,80,15.0,60.0,23.0,172.0
1,108,8.0,131.0,60.0,325.0
3,183,18.0,303.0,108.0,162.0
7,93,14.0,69.0,80.0,78.0
3,257,21.0,235.0,84.0,169.0
3,301,18.0,230.0,70.0,36.0
7,372,20.0,22.0,58.0,132.0
1,253,18.0,250.0,27.0,212.0
6,258,4.0,191.0,72.0,174.0
1,77,14.0,214.0,74.0,117.0
6,268,16.0,372.0,74.0,336.0
7,43,16.0,169.0,22.0,275.0
6,23,19.0,44.0,120.0,79.0
6,85,22.0,319.0,68.0,54.0
4,328,4.0,152.0,116.0,30.0
1,97,9.0,115.0,74.0,375.0
6,85,17.0,133.0,48.0,31.0
3,24,7.0,194.0,104.0,104.0
3,194,20.0,358.0,125.0,89.0
2,311,13.0,377.0,67.0,351.0
4,149,9.0,172.0,92.0,142.0
7,62,6.0,221.0,76.0,132.0
5,145,16.0,113.0,34.0,348.0
2,178,7.0,112.0,47.0,94.0
3,327,14.0,305.0,88.0,315.0
1,250,17.0,231.0,63.0,189.0
4,205,19.0,368.0,122.0,343.0
1,224,17.0,167.0,75.0,189.0
2,206,14.0,24.0,62.0,13.0
7,347,19.0,170.0,27.0,229.0
5,348,14.0,110.0,59.0,309.0
4,286,4.0,35.0,95.0,18.0
2,284,6.0,106.0,61.0,232.0
6,41,14.0,106.0,60.0,253.0
2,111,13.0,26.0,37.0,21.0
5,55,17.0,181.0,76.0,253.0
5,29,13.0,175.0,101.0,28.0
6,168,7.0,255.0,56.0,370.0
1,380,21.0,309.0,115.0,376.0
6,161,20.0,386.0,71.0,362.0
7,247,11.0,146.0,17.0,200.0
7,189,13.0,100.0,30.0,269.0
4,353,5.0,191.0,21.0,394.0
2,213,10.0,144.0,31.0,178.0
7,69,19.0,192.0,94.0,111.0
3,54,23.0,38.0,86.0,14.0
3,377,15.0,153.0,104.0,216.0
5,385,7.0,130.0,99.0,197.0
6,242,15.0,201.0,95.0,153.0
3,331,10.0,124.0,71.0,309.0
7,70,21.0,383.0,96.0,223.0
2,221,16.0,325.0,64.0,38.0
6,92,13.0,78.0,40.0,232.0
7,51,4.0,184.0,126.0,67.0
2,352,10.0,355.0,127.0,185.0
2,185,8.0,108.0,81.0,57.0
7,396,18.0,320.0,68.0,256.0
5,300,17.0,126.0,40.0,125.0
7,289,17.0,27.0,125.0,228.0
1,171,21.0,165.0,64.0,111.0
3,254,8.0,265.0,106.0,348.0
2,123,6.0,150.0,72.0,259.0
6,385,18.0,206.0,87.0,315.0
2,50,9.0,111.0,65.0,335.0
1,196,5.0,135.0,71.0,38.0
1,35,10.0,397.0,50.0,168.0
6,364,23.0,394.0,65.0,197.0
5,217,12.0,41.0,53.0,373.0
2,38,4.0,27.0,79.0,256.0
1,269,20.0,142.0,103.0,346.0
4,88,10.0,332.0,85.0,292.0
5,335,7.0,149.0,104.0,105.0
5,298,23.0,332.0,59.0,166.0
2,278,13.0,193.0,123.0,95.0
4,66,18.0,395.0,90.0,361.0
7,366,12.0,148.0,23.0,140.0
4,261,8.0,29.0,105.0,212.0
1,315,17.0,53.0,122.0,312.0
2,397,20.0,262.0,91.0,259.0
2,149,17.0,275.0,59.0,136.0
1,263,16.0,30.0,55.0,209.0
3,394,15.0,73.0,110.0,157.0
6,189,6.0,11.0,126.0,184.0
4,75,8.0,117.0,109.0,82.0
5,27,6.0,325.0,92.0,295.0
7,157,19.0,229.0,83.0,369.0
6,345,14.0,74.0,73.0,103.0
3,389,4.0,192.0,107.0,227.0
5,315,15.0,308.0,116.0,257.0
6,186,21.0,141.0,79.0,351.0
7,93,23.0,63.0,101.0,164.0
6,377,5.0,195.0,81.0,160.0
6,384,4.0,152.0,54.0,370.0
5,173,7.0,51.0,51.0,393.0
7,270,10.0,351.0,66.0,281.0
3,114,7.0,163.0,91.0,51.0
6,347,14.0,328.0,53.0,233.0
1,149,5.0,137.0,77.0,183.0
7,362,7.0,259.0,111.0,11.0
4,231,10.0,117.0,96.0,83.0
5,310,19.0,152.0,37.0,315.0
1,72,6.0,227.0,76.0,393.0
7,67,7.0,345.0,71.0,300.0
1,195,16.0,148.0,26.0,347.0
7,296,6.0,81.0,39.0,383.0
2,231,16.0,300.0,80.0,120.0
6,255,13.0,88.0,87.0,26.0
7,301,22.0,66.0,21.0,321.0
3,120,5.0,17.0,81.0,157.0
4,125,8.0,36.0,79.0,104.0
6,21,23.0,126.0,125.0,106.0
3,339,16.0,103.0,65.0,357.0
6,124,8.0,252.0,22.0,348.0
1,155,6.0,191.0,122.0,77.0
7,227,11.0,234.0,29.0,121.0
7,304,10.0,43.0,86.0,234.0
5,362,18.0,327.0,75.0,58.0
6,185,17.0,162.0,41.0,232.0
7,217,9.0,75.0,26.0,214.0
1,46,21.0,81.0,49.0,362.0
5,215,12.0,54.0,30.0,362.0
1,34,7.0,205.0,47.0,116.0
6,107,17.0,314.0,103.0,141.0
3,335,22.0,353.0,105.0,204.0
1,299,12.0,263.0,76.0,183.0
6,189,23.0,105.0,91.0,39.0
6,13,17.0,48.0,68.0,74.0
3,288,23.0,228.0,94.0,317.0
4,144,17.0,258.0,17.0,59.0
6,113,16.0,220.0,102.0,229.0
5,60,6.0,278.0,101.0,330.0
2,309,11.0,363.0,29.0,96.0
5,273,15.0,296.0,27.0,133.0
4,131,7.0,227.0,45.0,390.0
6,345,9.0,317.0,78.0,285.0
5,280,16.0,48.0,45.0,63.0
4,319,14.0,379.0,122.0,83.0
1,20,4.0,169.0,56.0,386.0
7,48,15.0,392.0,110.0,255.0
2,281,10.0,382.0,105.0,340.0
5,269,6.0,119.0,101.0,287.0
2,42,12.0,362.0,19.0,202.0
6,375,23.0,198.0,47.0,229.0
7,165,11.0,310.0,77.0,133.0
4,28,5.0,235.0,58.0,21.0
6,339,6.0,399.0,86.0,134.0
3,267,21.0,182.0,99.0,107.0
4,169,22.0,39.0,95.0,288.0
3,137,4.0,145.0,119.0,337.0
2,178,7.0,370.0,64.0,312.0
2,149,14.0,184.0,21.0,35.0
5,41,16.0,97.0,119.0,186.0
3,325,19.0,235.0,94.0,107.0
3,395,16.0,320.0,84.0,77.0
5,220,8.0,181.0,57.0,193.0
5,45,8.0,153.0,60.0,268.0
1,189,11.0,278.0,86.0,88.0
6,138,10.0,390.0,114.0,350.0
4,244,12.0,293.0,84.0,61.0
4,195,10.0,179.0,107.0,355.0
2,361,10.0,131.0,85.0,312.0
1,171,10.0,102.0,86.0,228.0
3,336,5.0,273.0,65.0,192.0
6,243,17.0,375.0,68.0,389.0
6,253,6.0,381.0,120.0,270.0
3,206,11.0,347.0,50.0,99.0
2,166,10.0,386.0,59.0,261.0
6,199,16.0,296.0,40.0,109.0
3,69,7.0,123.0,104.0,227.0
1,182,6.0,258.0,51.0,357.0
3,328,15.0,190.0,88.0,190.0
7,327,4.0,221.0,22.0,93.0
3,201,14.0,249.0,16.0,285.0
7,260,22.0,97.0,69.0,104.0
7,83,15.0,134.0,83.0,42.0
3,59,7.0,241.0,93.0,264.0
7,202,19.0,328.0,37.0,397.0
1,369,11.0,281.0,50.0,380.0
1,277,23.0,387.0,61.0,245.0
3,229,19.0,203.0,19.0,365.0
4,25,17.0,35.0,76.0,245.0
3,52,23.0,106.0,70.0,281.0
4,398,22.0,136.0,90.0,164.0
4,303,22.0,347.0,60.0,329.0
5,233,4.0,369.0,49.0,86.0
5,368,4.0,205.0,67.0,281.0
1,25,21.0,224.0,103.0,337.0
2,209,22.0,398.0,44.0,226.0
6,57,22.0,364.0,34.0,72.0
4,52,19.0,350.0,39.0,38.0
7,163,23.0,131.0,86.0,157.0
3,347,4.0,39.0,68.0,249.0
4,81,6.0,197.0,80.0,365.0
2,41,12.0,319.0,33.0,371.0
2,216,7.0,366.0,34.0,57.0
7,210,9.0,311.0,57.0,222.0
2,372,14.0,118.0,55.0,244.0
1,382,11.0,227.0,30.0,46.0
1,35,17.0,382.0,43.0,212.0
3,19,22.0,307.0,72.0,254.0
4,343,21.0,339.0,72.0,77.0
3,80,6.0,226.0,28.0,194.0
4,25,17.0,280.0,97.0,318.0
2,223,4.0,279.0,106.0,396.0
2,332,13.0,104.0,38.0,143.0
7,83,8.0,17.0,25.0,165.0
4,60,6.0,292.0,28.0,246.0
3,84,22.0,316.0,80.0,223.0
1,51,11.0,271.0,53.0,102.0
5,356,11.0,132.0,81.0,371.0
4,223,9.0,396.0,29.0,37.0
6,206,22.0,108.0,87.0,255.0
4,69,23.0,179.0,68.0,79.0
3,25,22.0,226.0,65.0,280.0
6,10,7.0,179.0,76.0,278.0
4,39,15.0,204.0,21.0,308.0
1,37,20.0,298.0,46.0,361.0
3,210,4.0,156.0,21.0,235.0
2,384,7.0,201.0,106.0,61.0
2,325,5.0,193.0,98.0,76.0
5,364,22.0,361.0,36.0,13.0
4,391,9.0,210.0,58.0,328.0
2,171,17.0,35.0,44.0,282.0
6,185,6.0,77.0,35.0,78.0
1,168,16.0,30.0,94.0,340.0
7,136,4.0,292.0,108.0,228.0
1,263,8.0,279.0,80.0,299.0
6,247,10.0,106.0,70.0,156.0
6,154,5.0,14.0,53.0,382.0
6,310,18.0,51.0,40.0,62.0
5,101,16.0,393.0,34.0,76.0
6,379,4.0,42.0,70.0,32.0
7,322,15.0,224.0,77.0,109.0
2,366,16.0,206.0,82.0,21.0
6,286,19.0,177.0,87.0,35.0
3,141,19.0,393.0,65.0,212.0
4,383,23.0,100.0,94.0,213.0
2,196,21.0,303.0,97.0,364.0
5,64,13.0,301.0,71.0,168.0
2,325,11.0,60.0,83.0,110.0
3,382,21.0,36.0,25.0,131.0
2,83,11.0,294.0,92.0,366.0
1,396,6.0,89.0,66.0,349.0
6,39,23.0,336.0,85.0,232.0
1,345,11.0,321.0,80.0,262.0
5,142,17.0,152.0,92.0,177.0
3,213,12.0,340.0,120.0,258.0
6,293,7.0,331.0,19.0,12.0
3,94,19.0,142.0,89.0,171.0
7,189,9.0,336.0,19.0,387.0
5,187,21.0,76.0,27.0,271.0
6,40,22.0,230.0,23.0,27.0
1,331,13.0,98.0,38.0,25.0
2,381,10.0,399.0,46.0,386.0
1,356,13.0,158.0,117.0,251.0
2,167,9.0,121.0,59.0,311.0
7,184,15.0,388.0,122.0,391.0
2,56,10.0,100.0,42.0,377.0
2,228,8.0,124.0,80.0,87.0
4,25,12.0,63.0,101.0,80.0
4,225,10.0,340.0,53.0,24.0
1,266,20.0,218.0,54.0,374.0
6,68,12.0,276.0,37.0,263.0
4,340,21.0,152.0,34.0,18.0
4,33,14.0,300.0,16.0,358.0
6,195,7.0,251.0,122.0,280.0
1,235,10.0,131.0,52.0,23.0
1,310,18.0,363.0,24.0,189.0
1,227,16.0,201.0,110.0,321.0
1,189,15.0,389.0,16.0,228.0
5,208,5.0,269.0,28.0,374.0
7,163,6.0,338.0,70.0,262.0
2,297,11.0,239.0,73.0,74.0
5,94,18.0,77.0,43.0,22.0
2,378,11.0,26.0,120.0,158.0
3,84,6.0,291.0,52.0,387.0
7,302,6.0,337.0,121.0,253.0
5,281,4.0,145.0,27.0,300.0
2,13,9.0,372.0,73.0,140.0
2,61,18.0,93.0,33.0,93.0
5,369,15.0,265.0,96.0,53.0
1,65,17.0,231.0,109.0,49.0
3,346,6.0,277.0,51.0,182.0
4,181,4.0,163.0,66.0,396.0
6,94,23.0,285.0,43.0,301.0
5,345,22.0,71.0,114.0,384.0
3,195,18.0,189.0,42.0,380.0
6,269,10.0,289.0,109.0,24.0
7,235,15.0,124.0,34.0,152.0
3,171,23.0,87.0,66.0,218.0
2,214,21.0,72.0,55.0,296.0
1,88,5.0,356.0,68.0,289.0
4,147,8.0,140.0,108.0,65.0
4,376,12.0,119.0,105.0,371.0
2,145,18.0,240.0,87.0,218.0
2,116,16.0,316.0,21.0,340.0
6,87,9.0,273.0,127.0,31.0
7,390,4.0,180.0,21.0,329.0
4,395,23.0,373.0,23.0,207.0
3,270,8.0,255.0,114.0,172.0
2,53,13.0,396.0,69.0,82.0
5,339,21.0,53.0,77.0,221.0
7,249,8.0,84.0,96.0,347.0
3,175,14.0,239.0,60.0,162.0
5,298,19.0,363.0,110.0,66.0
4,335,14.0,335.0,89.0,169.0
6,136,8.0,59.0,55.0,101.0
3,142,4.0,333.0,75.0,19.0
7,239,5.0,124.0,45.0,153.0
7,313,23.0,121.0,59.0,279.0
7,344,22.0,248.0,75.0,11.0
2,284,13.0,250.0,38.0,222.0
2,299,14.0,335.0,41.0,124.0
1,133,12.0,280.0,51.0,238.0
2,128,16.0,123.0,112.0,100.0
3,375,20.0,203.0,19.0,226.0
3,389,21.0,114.0,108.0,342.0
6,255,22.0,361.0,91.0,185.0
7,58,19.0,364.0,38.0,314.0
1,70,7.0,275.0,45.0,107.0
5,42,18.0,188.0,45.0,160.0
5,191,8.0,159.0,37.0,267.0
2,394,12.0,169.0,54.0,251.0
1,336,17.0,347.0,44.0,26.0
6,326,20.0,149.0,102.0,18.0
2,31,14.0,186.0,76.0,212.0
2,297,19.0,256.0,63.0,261.0
6,283,6.0,358.0,107.0,114.0
7,283,19.0,177.0,46.0,234.0
6,168,9.0,76.0,50.0,80.0
3,204,6.0,105.0,111.0,321.0
6,283,17.0,64.0,50.0,255.0
7,229,9.0,366.0,126.0,25.0
1,198,13.0,383.0,36.0,35.0
5,63,5.0,210.0,123.0,285.0
6,211,22.0,361.0,81.0,308.0
6,368,4.0,174.0,111.0,335.0
6,167,14.0,63.0,17.0,276.0
1,154,11.0,276.0,43.0,125.0
1,139,15.0,379.0,24.0,274.0
2,60,4.0,239.0,35.0,102.0
4,288,23.0,123.0,121.0,335.0
4,286,22.0,87.0,79.0,315.0
7,201,20.0,219.0,80.0,192.0
6,87,13.0,301.0,73.0,72.0
2,334,8.0,312.0,74.0,135.0
2,231,23.0,394.0,124.0,227.0
4,246,16.0,232.0,69.0,43.0
6,80,20.0,34.0,58.0,59.0
7,45,11.0,168.0,23.0,163.0
2,32,4.0,249.0,124.0,123.0
4,42,11.0,319.0,75.0,391.0
6,31,16.0,54.0,37.0,34.0
5,353,16.0,134.0,126.0,160.0
5,178,11.0,90.0,97.0,209.0
1,68,5.0,384.0,118.0,258.0
2,64,7.0,309.0,20.0,186.0
5,56,15.0,14.0,117.0,167.0
4,121,14.0,60.0,81.0,391.0
5,86,9.0,262.0,72.0,39.0
7,132,8.0,344.0,44.0,182.0
2,19,10.0,90.0,85.0,200.0
6,268,13.0,274.0,25.0,242.0
2,125,8.0,40.0,113.0,157.0
1,292,10.0,166.0,88.0,224.0
3,160,14.0,65.0,123.0,329.0
6,335,13.0,398.0,70.0,258.0
5,40,21.0,344.0,121.0,339.0
5,323,15.0,262.0,77.0,61.0
6,134,22.0,310.0,33.0,84.0
2,110,13.0,78.0,103.0,117.0
2,90,14.0,219.0,83.0,285.0
7,331,13.0,134.0,74.0,216.0
6,90,23.0,77.0,122.0,357.0
7,44,5.0,130.0,35.0,81.0
2,296,23.0,230.0,49.0,300.0
3,236,16.0,48.0,56.0,237.0
7,230,22.0,103.0,111.0,57.0
1,381,23.0,105.0,119.0,319.0
3,113,5.0,206.0,106.0,362.0
3,313,18.0,180.0,112.0,338.0
1,323,21.0,153.0,58.0,195.0
7,392,14.0,381.0,72.0,258.0
5,284,13.0,241.0,58.0,328.0
2,392,4.0,205.0,58.0,150.0
7,316,19.0,75.0,126.0,170.0
5,148,8.0,146.0,87.0,339.0
7,218,9.0,92.0,103.0,357.0
3,274,12.0,272.0,46.0,310.0
1,355,10.0,83.0,97.0,280.0
3,243,9.0,280.0,43.0,293.0
1,188,15.0,360.0,55.0,352.0
1,192,6.0,385.0,41.0,283.0
3,315,22.0,376.0,112.0,391.0
7,168,22.0,228.0,38.0,324.0
7,367,12.0,295.0,116.0,109.0
5,223,23.0,92.0,92.0,90.0
4,384,23.0,187.0,19.0,396.0
4,356,7.0,336.0,18.0,47.0
3,105,19.0,119.0,117.0,296.0
3,243,16.0,234.0,87.0,293.0
1,325,13.0,315.0,104.0,381.0
3,207,4.0,22.0,58.0,356.0
3,130,11.0,216.0,118.0,349.0
2,142,18.0,224.0,28.0,19.0
5,78,12.0,235.0,28.0,231.0
6,244,8.0,136.0,21.0,21.0
7,269,5.0,64.0,57.0,294.0
3,330,12.0,220.0,35.0,260.0
7,30,22.0,19.0,48.0,125.0
3,19,20.0,363.0,30.0,50.0
3,52,5.0,136.0,36.0,128.0
2,189,9.0,127.0,116.0,151.0
7,385,21.0,351.0,81.0,33.0
4,257,13.0,177.0,93.0,266.0
4,149,14.0,42.0,61.0,84.0
7,118,6.0,315.0,86.0,383.0
5,205,22.0,151.0,26.0,91.0
4,310,11.0,359.0,30.0,261.0
5,243,14.0,386.0,94.0,245.0
6,258,6.0,179.0,57.0,134.0
1,236,21.0,234.0,121.0,24.0
6,261,19.0,130.0,48.0,396.0
6,143,7.0,292.0,16.0,115.0
1,75,22.0,370.0,28.0,368.0
3,332,5.0,279.0,17.0,128.0
5,109,20.0,189.0,98.0,374.0
2,377,10.0,14.0,94.0,130.0
3,50,19.0,167.0,99.0,135.0
4,303,15.0,346.0,26.0,83.0
2,338,5.0,121.0,120.0,53.0
4,83,6.0,164.0,40.0,139.0
2,320,10.0,86.0,68.0,369.0
2,343,23.0,34.0,93.0,44.0
2,252,8.0,306.0,41.0,216.0
7,260,15.0,172.0,30.0,371.0
2,218,7.0,315.0,112.0,118.0
1,373,15.0,15.0,37.0,99.0
6,305,15.0,318.0,18.0,38.0
4,185,19.0,350.0,114.0,71.0
1,49,10.0,238.0,38.0,312.0
2,345,12.0,161.0,71.0,29.0
7,13,10.0,293.0,83.0,361.0
3,289,18.0,340.0,77.0,262.0
3,244,4.0,60.0,19.0,382.0
6,158,20.0,324.0,67.0,291.0
7,366,5.0,100.0,62.0,368.0
4,200,12.0,348.0,125.0,110.0
4,243,16.0,351.0,55.0,168.0
7,394,19.0,383.0,21.0,91.0
6,23,9.0,176.0,82.0,332.0
6,91,15.0,76.0,61.0,190.0
2,289,7.0,51.0,127.0,366.0
5,43,10.0,341.0,36.0,107.0
5,297,11.0,166.0,95.0,157.0
7,358,16.0,187.0,118.0,342.0
4,115,7.0,267.0,105.0,294.0
1,272,6.0,382.0,32.0,326.0
6,287,9.0,396.0,115.0,321.0
4,203,19.0,126.0,126.0,311.0
5,26,11.0,88.0,33.0,142.0
4,146,21.0,214.0,40.0,166.0
6,45,9.0,193.0,69.0,181.0
1,209,13.0,334.0,115.0,262.0
2,358,17.0,217.0,76.0,223.0
5,99,15.0,317.0,91.0,171.0
5,49,4.0,336.0,32.0,384.0
3,22,18.0,256.0,55.0,224.0
2,57,21.0,116.0,66.0,202.0
7,246,4.0,156.0,94.0,33.0
3,155,8.0,67.0,76.0,62.0
2,235,18.0,315.0,16.0,19.0
4,170,7.0,289.0,66.0,291.0
7,264,20.0,41.0,48.0,347.0
1,111,10.0,36.0,116.0,31.0
6,379,5.0,82.0,108.0,28.0
5,317,7.0,137.0,123.0,176.0
2,148,11.0,258.0,105.0,307.0
4,29,19.0,362.0,29.0,248.0
3,96,19.0,89.0,63.0,326.0
2,98,10.0,118.0,103.0,360.0
5,256,7.0,35.0,77.0,277.0
4,189,14.0,290.0,121.0,281.0
3,340,5.0,101.0,107.0,344.0
3,179,7.0,24.0,97.0,60.0
5,241,16.0,113.0,54.0,113.0
3,46,7.0,263.0,61.0,350.0
2,165,23.0,363.0,70.0,210.0
1,125,5.0,296.0,48.0,285.0
6,162,7.0,44.0,61.0,328.0
3,106,9.0,145.0,99.0,244.0
6,191,7.0,231.0,113.0,50.0
4,26,10.0,45.0,37.0,378.0
6,221,10.0,30.0,20.0,298.0
6,190,15.0,307.0,81.0,217.0
5,169,10.0,199.0,57.0,114.0
6,334,9.0,193.0,101.0,352.0
1,325,18.0,213.0,107.0,81.0
4,378,12.0,43.0,121.0,61.0
7,49,6.0,177.0,49.0,291.0
4,131,9.0,247.0,71.0,286.0
5,324,20.0,394.0,76.0,62.0
2,280,20.0,58.0,45.0,92.0
7,73,13.0,291.0,17.0,71.0
5,313,11.0,326.0,42.0,305.0
5,75,15.0,42.0,107.0,303.0
5,218,9.0,302.0,96.0,266.0
7,39,4.0,20.0,39.0,242.0
4,275,13.0,206.0,56.0,131.0
6,293,4.0,372.0,51.0,181.0
1,77,10.0,296.0,37.0,283.0
6,342,7.0,290.0,110.0,246.0
3,344,14.0,62.0,60.0,14.0
1,166,8.0,52.0,99.0,355.0
4,380,6.0,56.0,34.0,345.0
3,100,8.0,370.0,42.0,154.0
7,37,15.0,200.0,69.0,354.0
3,382,20.0,132.0,24.0,330.0
7,109,20.0,388.0,106.0,241.0
7,167,15.0,122.0,125.0,322.0
2,271,5.0,42.0,43.0,208.0
6,152,22.0,390.0,95.0,305.0
2,237,14.0,145.0,19.0,342.0
5,365,12.0,54.0,90.0,311.0
7,195,18.0,301.0,55.0,398.0
1,142,7.0,236.0,53.0,53.0
1,75,6.0,83.0,94.0,73.0
3,172,11.0,356.0,115.0,295.0
1,93,22.0,278.0,74.0,136.0
5,44,17.0,267.0,84.0,161.0
5,320,19.0,293.0,40.0,317.0
2,291,23.0,102.0,73.0,170.0
7,368,21.0,318.0,36.0,191.0
2,225,5.0,294.0,124.0,321.0
6,123,22.0,386.0,93.0,103.0
6,241,19.0,57.0,96.0,11.0
2,110,13.0,191.0,99.0,97.0
2,305,11.0,131.0,48.0,359.0
6,273,23.0,15.0,125.0,261.0
4,386,14.0,317.0,88.0,385.0
1,50,13.0,176.0,122.0,105.0
4,196,22.0,301.0,125.0,65.0
3,233,23.0,78.0,36.0,119.0
5,83,19.0,331.0,125.0,77.0
7,224,16.0,36.0,32.0,180.0
7,364,6.0,163.0,82.0,68.0
4,367,4.0,272.0,28.0,317.0
7,226,12.0,11.0,77.0,360.0
6,384,20.0,148.0,56.0,219.0
7,10,18.0,196.0,68.0,313.0
7,43,7.0,76.0,85.0,52.0
6,215,20.0,82.0,116.0,394.0
5,74,4.0,235.0,102.0,181.0
2,315,8.0,371.0,61.0,352.0
1,268,17.0,190.0,84.0,317.0
2,51,11.0,129.0,90.0,215.0
1,255,14.0,276.0,77.0,61.0
6,156,8.0,347.0,66.0,118.0
1,378,16.0,288.0,125.0,147.0
4,237,19.0,389.0,105.0,216.0
5,320,17.0,313.0,63.0,269.0
1,366,14.0,354.0,21.0,392.0
3,242,12.0,327.0,88.0,132.0
2,334,19.0,363.0,54.0,219.0
1,149,14.0,323.0,91.0,276.0
5,24,20.0,30.0,113.0,285.0
4,152,17.0,62.0,52.0,338.0
2,243,8.0,387.0,127.0,73.0
1,280,18.0,357.0,104.0,357.0
7,262,17.0,108.0,61.0,30.0
5,42,12.0,112.0,90.0,50.0
4,248,21.0,304.0,53.0,391.0
7,146,18.0,136.0,114.0,34.0
4,168,10.0,36.0,19.0,371.0
2,184,18.0,76.0,78.0,336.0
7,87,10.0,200.0,64.0,116.0
2,213,11.0,19.0,55.0,113.0
3,292,21.0,123.0,91.0,396.0
2,290,19.0,213.0,127.0,27.0
7,244,17.0,353.0,109.0,54.0
3,81,17.0,367.0,53.0,36.0
2,82,10.0,251.0,44.0,96.0
7,81,16.0,42.0,40.0,15.0
5,87,23.0,311.0,121.0,37.0
7,398,18.0,228.0,107.0,83.0
5,72,20.0,23.0,97.0,353.0
7,37,20.0,258.0,45.0,390.0
5,93,11.0,294.0,16.0,112.0
3,397,12.0,374.0,61.0,329.0
7,305,8.0,201.0,34.0,243.0
6,244,12.0,255.0,52.0,148.0
5,128,20.0,181.0,90.0,311.0
3,98,23.0,149.0,80.0,261.0
6,212,16.0,150.0,73.0,296.0
6,376,5.0,77.0,102.0,245.0
6,315,20.0,78.0,112.0,21.0
4,366,23.0,204.0,93.0,264.0
3,295,4.0,253.0,31.0,380.0
5,77,16.0,115.0,105.0,19.0
7,79,17.0,146.0,18.0,245.0
7,377,18.0,226.0,31.0,214.0
1,131,9.0,297.0,125.0,38.0
7,357,16.0,154.0,69.0,194.0
6,26,23.0,117.0,57.0,378.0
7,395,22.0,166.0,42.0,316.0
4,294,18.0,339.0,78.0,112.0
7,356,9.0,241.0,97.0,121.0
5,95,22.0,241.0,96.0,398.0
2,235,9.0,245.0,83.0,178.0
3,34,22.0,140.0,26.0,283.0
1,342,14.0,357.0,38.0,78.0
2,83,20.0,69.0,118.0,90.0
7,139,23.0,159.0,61.0,81.0
3,66,10.0,355.0,96.0,93.0
3,224,18.0,141.0,33.0,32.0
7,198,9.0,206.0,126.0,320.0
6,342,20.0,290.0,87.0,110.0
5,381,16.0,50.0,99.0,390.0
5,315,23.0,301.0,97.0,42.0
4,391,23.0,169.0,81.0,312.0
1,349,14.0,206.0,29.0,357.0
1,191,7.0,204.0,113.0,198.0
1,183,21.0,325.0,108.0,121.0
4,291,13.0,264.0,95.0,53.0
7,322,11.0,376.0,117.0,53.0
7,157,12.0,371.0,89.0,272.0
1,241,11.0,275.0,94.0,385.0
4,28,14.0,161.0,68.0,308.0
4,272,4.0,224.0,56.0,312.0
3,190,10.0,398.0,60.0,102.0
7,311,9.0,395.0,83.0,190.0
7,220,4.0,88.0,41.0,336.0
2,147,20.0,120.0,58.0,217.0
3,266,11.0,202.0,48.0,298.0
4,325,6.0,57.0,69.0,108.0
3,183,8.0,279.0,86.0,198.0
7,244,17.0,250.0,31.0,201.0
4,365,20.0,344.0,90.0,230.0
5,274,4.0,345.0,72.0,201.0
4,301,9.0,130.0,96.0,140.0
7,307,21.0,224.0,55.0,383.0
7,285,7.0,186.0,70.0,108.0
7,204,14.0,298.0,21.0,53.0
3,269,21.0,232.0,49.0,228.0
1,258,19.0,219.0,56.0,92.0
5,218,11.0,250.0,86.0,235.0
1,169,12.0,343.0,47.0,131.0
6,190,18.0,295.0,91.0,382.0
1,240,13.0,332.0,22.0,274.0
1,18,21.0,161.0,76.0,348.0
1,396,12.0,119.0,68.0,339.0
7,369,13.0,137.0,35.0,18.0
7,390,10.0,50.0,63.0,298.0
3,272,23.0,65.0,37.0,384.0
3,288,13.0,283.0,92.0,332.0
1,273,17.0,200.0,84.0,33.0
7,274,13.0,172.0,63.0,67.0
3,194,9.0,55.0,54.0,81.0
3,173,19.0,64.0,90.0,87.0
7,180,23.0,139.0,85.0,264.0
3,65,4.0,326.0,52.0,56.0
6,181,10.0,91.0,34.0,49.0
1,309,10.0,61.0,28.0,95.0
2,92,10.0,119.0,26.0,358.0
6,284,5.0,106.0,94.0,94.0
1,11,19.0,146.0,58.0,82.0
6,174,6.0,312.0,104.0,37.0
5,68,8.0,43.0,102.0,103.0
5,82,9.0,390.0,114.0,121.0
4,333,18.0,127.0,98.0,237.0
3,18,7.0,272.0,58.0,62.0
3,184,12.0,359.0,25.0,203.0
2,392,22.0,158.0,121.0,287.0
2,390,6.0,99.0,62.0,111.0
4,16,7.0,79.0,46.0,233.0
2,105,5.0,300.0,51.0,221.0
5,329,10.0,233.0,76.0,236.0
6,165,18.0,254.0,38.0,264.0
7,182,13.0,381.0,66.0,35.0
3,268,17.0,266.0,31.0,366.0
1,243,9.0,212.0,39.0,124.0
3,287,7.0,391.0,49.0,94.0
4,271,4.0,71.0,60.0,210.0
7,265,13.0,129.0,38.0,91.0
4,241,5.0,278.0,103.0,398.0
1,124,20.0,253.0,48.0,114.0
5,300,4.0,238.0,36.0,109.0
7,114,16.0,314.0,79.0,143.0
6,230,4.0,282.0,27.0,278.0
6,258,14.0,123.0,101.0,392.0
3,341,14.0,252.0,51.0,343.0
1,258,23.0,192.0,68.0,391.0
7,39,19.0,372.0,91.0,320.0
3,358,20.0,382.0,37.0,161.0
5,212,5.0,353.0,39.0,86.0
6,207,15.0,81.0,25.0,270.0
6,318,13.0,169.0,70.0,167.0
7,157,10.0,280.0,96.0,103.0
4,131,12.0,114.0,71.0,166.0
7,213,20.0,60.0,107.0,145.0
6,52,23.0,42.0,47.0,372.0
4,222,13.0,297.0,120.0,364.0
4,341,10.0,222.0,104.0,69.0
4,315,14.0,151.0,117.0,75.0
4,305,7.0,280.0,37.0,42.0
4,116,19.0,120.0,35.0,149.0
3,67,17.0,203.0,67.0,180.0
7,335,8.0,11.0,29.0,353.0
4,335,19.0,380.0,22.0,111.0
6,240,17.0,200.0,78.0,324.0
1,236,20.0,309.0,82.0,82.0
4,275,6.0,144.0,27.0,205.0
5,35,5.0,93.0,112.0,176.0
7,91,7.0,203.0,92.0,111.0
2,201,16.0,221.0,77.0,94.0
7,99,8.0,51.0,70.0,224.0
7,240,21.0,282.0,74.0,215.0
6,249,23.0,206.0,126.0,306.0
1,325,15.0,148.0,56.0,241.0
1,302,21.0,215.0,60.0,301.0
6,212,7.0,311.0,25.0,105.0
2,296,6.0,357.0,98.0,39.0
3,263,17.0,337.0,31.0,376.0
6,211,21.0,17.0,105.0,360.0
4,380,19.0,158.0,74.0,339.0
7,390,19.0,60.0,71.0,173.0
2,163,14.0,260.0,45.0,32.0
3,399,16.0,389.0,52.0,118.0
3,300,13.0,318.0,64.0,62.0
7,355,17.0,90.0,39.0,96.0
4,121,22.0,64.0,117.0,276.0
5,43,11.0,276.0,86.0,100.0
6,279,20.0,52.0,74.0,100.0
1,292,18.0,119.0,112.0,14.0
7,22,14.0,202.0,23.0,60.0
4,245,19.0,334.0,97.0,164.0
7,174,15.0,12.0,93.0,139.0
7,174,13.0,79.0,121.0,247.0
2,21,5.0,299.0,104.0,60.0
6,295,10.0,326.0,114.0,55.0
6,283,7.0,261.0,19.0,365.0
7,377,13.0,374.0,93.0,149.0
5,311,15.0,223.0,39.0,311.0
6,190,23.0,292.0,121.0,248.0
6,73,18.0,192.0,119.0,212.0
3,105,17.0,50.0,119.0,290.0
7,365,22.0,108.0,19.0,219.0
5,59,9.0,142.0,75.0,393.0
2,28,5.0,253.0,75.0,252.0
4,226,14.0,144.0,37.0,325.0
5,384,12.0,62.0,49.0,393.0
1,279,17.0,69.0,43.0,349.0
3,134,22.0,167.0,26.0,366.0
5,357,20.0,229.0,64.0,83.0
4,280,20.0,293.0,123.0,224.0
6,318,17.0,152.0,121.0,265.0
3,112,6.0,175.0,64.0,150.0
6,151,19.0,232.0,39.0,187.0
4,15,14.0,213.0,33.0,63.0
2,326,8.0,323.0,78.0,365.0
5,236,18.0,349.0,89.0,310.0
5,229,17.0,336.0,71.0,140.0
3,172,5.0,222.0,115.0,32.0
1,158,8.0,171.0,98.0,45.0
7,64,5.0,126.0,40.0,318.0
4,208,19.0,364.0,123.0,87.0
3,293,11.0,389.0,113.0,363.0
6,30,10.0,102.0,52.0,208.0
3,60,20.0,175.0,39.0,212.0
2,338,9.0,60.0,25.0,122.0
3,56,13.0,241.0,104.0,310.0
4,124,8.0,13.0,117.0,160.0
4,191,7.0,120.0,28.0,334.0
5,86,10.0,309.0,32.0,287.0
1,226,9.0,386.0,30.0,110.0
4,156,22.0,95.0,96.0,384.0
2,15,6.0,325.0,119.0,224.0
3,287,13.0,217.0,102.0,190.0
2,225,20.0,251.0,97.0,332.0
5,288,21.0,307.0,112.0,328.0
3,269,7.0,295.0,111.0,259.0
3,285,21.0,170.0,31.0,272.0
4,278,17.0,272.0,22.0,27.0
1,270,12.0,355.0,64.0,281.0
5,66,20.0,194.0,98.0,318.0
3,344,13.0,37.0,74.0,17.0
7,384,18.0,156.0,63.0,355.0
1,356,5.0,276.0,52.0,252.0
3,336,14.0,227.0,33.0,124.0
7,220,21.0,335.0,44.0,38.0
7,194,8.0,333.0,52.0,25.0
7,80,22.0,343.0,29.0,121.0
2,350,14.0,137.0,103.0,291.0
2,218,22.0,67.0,38.0,148.0
5,118,18.0,36.0,87.0,143.0
6,66,13.0,188.0,60.0,280.0
1,276,11.0,105.0,32.0,122.0
7,341,6.0,165.0,50.0,28.0
2,115,15.0,28.0,70.0,78.0
4,15,21.0,216.0,70.0,193.0
3,300,12.0,120.0,94.0,303.0
4,197,16.0,324.0,125.0,332.0
2,93,21.0,34.0,34.0,129.0
4,278,7.0,47.0,106.0,147.0
7,227,7.0,64.0,91.0,155.0
3,49,7.0,248.0,116.0,379.0
4,190,17.0,157.0,62.0,330.0
6,227,5.0,128.0,100.0,300.0
7,272,15.0,224.0,75.0,383.0
4,90,16.0,60.0,113.0,377.0
1,209,5.0,160.0,88.0,334.0
2,76,10.0,366.0,124.0,334.0
5,114,19.0,139.0,120.0,104.0
3,175,5.0,198.0,65.0,252.0
2,88,11.0,39.0,54.0,28.0
3,382,14.0,257.0,35.0,182.0
4,375,18.0,295.0,97.0,64.0
7,57,18.0,347.0,22.0,325.0
3,114,21.0,42.0,26.0,101.0
6,86,19.0,285.0,86.0,350.0
1,181,10.0,344.0,21.0,144.0
5,310,4.0,39.0,76.0,168.0
2,259,23.0,60.0,106.0,394.0
3,107,13.0,262.0,68.0,255.0
7,228,19.0,250.0,99.0,36.0
2,112,5.0,284.0,16.0,125.0
4,330,12.0,280.0,119.0,179.0
7,384,19.0,344.0,127.0,82.0
4,124,6.0,94.0,77.0,121.0
6,276,19.0,329.0,79.0,123.0
6,132,11.0,268.0,49.0,25.0
3,316,9.0,246.0,106.0,85.0
5,276,14.0,71.0,110.0,145.0
4,129,5.0,345.0,34.0,204.0
4,310,20.0,230.0,30.0,125.0
4,336,11.0,16.0,26.0,359.0
2,43,14.0,50.0,108.0,387.0
4,46,8.0,380.0,109.0,179.0
4,273,21.0,28.0,47.0,127.0
1,145,7.0,230.0,49.0,247.0
3,83,9.0,108.0,23.0,151.0
2,229,4.0,98.0,44.0,285.0
7,326,19.0,22.0,79.0,84.0
2,120,7.0,231.0,40.0,212.0
4,298,13.0,93.0,17.0,337.0
3,96,13.0,354.0,81.0,232.0
1,23,18.0,165.0,40.0,394.0
5,360,5.0,159.0,115.0,332.0
7,56,15.0,132.0,29.0,271.0
5,168,13.0,121.0,99.0,260.0
2,395,11.0,383.0,89.0,86.0
5,318,8.0,61.0,76.0,305.0
1,55,5.0,14.0,53.0,23.0
7,87,23.0,382.0,54.0,391.0
5,325,7.0,19.0,56.0,342.0
5,66,22.0,72.0,76.0,43.0
7,206,17.0,390.0,60.0,38.0
5,246,14.0,187.0,81.0,316.0
1,57,11.0,272.0,99.0,323.0
2,118,5.0,62.0,98.0,373.0
5,121,17.0,220.0,71.0,219.0
2,381,10.0,155.0,88.0,241.0
1,277,8.0,102.0,89.0,135.0
5,246,16.0,172.0,16.0,357.0
6,393,4.0,272.0,62.0,262.0
7,201,21.0,245.0,126.0,95.0
1,394,20.0,261.0,117.0,99.0
3,299,21.0,226.0,41.0,121.0
6,203,14.0,117.0,75.0,42.0
3,277,22.0,197.0,96.0,303.0
7,245,17.0,111.0,107.0,182.0
6,289,8.0,368.0,19.0,307.0
2,171,15.0,25.0,82.0,39.0
1,174,4.0,32.0,69.0,399.0
2,225,4.0,138.0,63.0,292.0
5,238,7.0,231.0,21.0,301.0
3,174,12.0,250.0,88.0,216.0
1,346,13.0,269.0,65.0,10.0
6,200,4.0,194.0,125.0,381.0
4,123,15.0,319.0,110.0,152.0
1,333,22.0,329.0,123.0,135.0
3,89,7.0,355.0,94.0,197.0
6,52,21.0,70.0,102.0,82.0
7,38,16.0,245.0,98.0,97.0
1,14,21.0,234.0,23.0,293.0
5,103,9.0,310.0,119.0,172.0
1,77,23.0,173.0,97.0,174.0
7,135,12.0,361.0,60.0,287.0
1,234,20.0,205.0,124.0,52.0
1,119,9.0,99.0,70.0,221.0
2,271,11.0,197.0,93.0,205.0
4,132,11.0,260.0,17.0,319.0
1,117,17.0,33.0,28.0,77.0
7,36,22.0,170.0,44.0,174.0
2,62,11.0,192.0,110.0,112.0
4,321,23.0,240.0,118.0,293.0
2,15,8.0,76.0,102.0,259.0
7,69,15.0,277.0,125.0,46.0
2,193,14.0,22.0,62.0,373.0
1,356,20.0,319.0,52.0,28.0
1,362,19.0,307.0,118.0,25.0
2,180,9.0,233.0,116.0,186.0
3,88,6.0,85.0,29.0,81.0
5,131,15.0,318.0,51.0,201.0
3,98,17.0,155.0,126.0,16.0
1,292,23.0,318.0,67.0,10.0
4,167,17.0,361.0,28.0,136.0
6,357,19.0,22.0,55.0,311.0
7,297,9.0,183.0,20.0,365.0
1,237,4.0,346.0,27.0,241.0
3,14,15.0,262.0,19.0,88.0
5,150,23.0,341.0,77.0,303.0
5,115,12.0,70.0,89.0,371.0
5,10,23.0,47.0,39.0,168.0
4,392,20.0,156.0,74.0,389.0
5,93,23.0,381.0,88.0,199.0
3,52,9.0,212.0,21.0,155.0
7,318,21.0,154.0,24.0,102.0
2,36,10.0,30.0,97.0,229.0
4,11,4.0,148.0,88.0,393.0
5,363,20.0,364.0,69.0,183.0
7,93,19.0,194.0,43.0,261.0
5,92,5.0,257.0,88.0,176.0
3,257,11.0,149.0,39.0,164.0
3,130,20.0,148.0,82.0,143.0
6,229,8.0,377.0,22.0,350.0
4,63,20.0,237.0,25.0,170.0
7,87,10.0,161.0,23.0,399.0
2,29,4.0,72.0,71.0,69.0
7,380,8.0,56.0,82.0,204.0
5,69,20.0,388.0,80.0,236.0
6,230,4.0,151.0,66.0,147.0
4,107,19.0,29.0,116.0,379.0
7,65,20.0,175.0,98.0,272.0
5,105,16.0,61.0,24.0,160.0
5,274,9.0,77.0,92.0,328.0
2,278,20.0,398.0,103.0,54.0
2,55,10.0,57.0,98.0,313.0
5,390,13.0,285.0,85.0,258.0
5,292,8.0,275.0,49.0,238.0
5,280,14.0,220.0,107.0,15.0
4,361,4.0,327.0,108.0,202.0
5,152,18.0,204.0,110.0,112.0
7,58,6.0,393.0,80.0,246.0
3,87,5.0,347.0,82.0,11.0
2,389,17.0,74.0,65.0,240.0
5,320,10.0,339.0,114.0,315.0
5,239,5.0,106.0,127.0,383.0
4,108,12.0,80.0,104.0,275.0
2,286,14.0,116.0,95.0,123.0
4,274,4.0,203.0,83.0,36.0
2,142,5.0,285.0,46.0,53.0
2,205,22.0,93.0,52.0,199.0
2,84,12.0,158.0,68.0,19.0
4,141,16.0,103.0,126.0,143.0
2,158,10.0,126.0,36.0,266.0
3,43,18.0,210.0,123.0,299.0
6,390,13.0,147.0,24.0,287.0
4,376,19.0,319.0,20.0,221.0
6,267,17.0,191.0,42.0,88.0
7,355,19.0,114.0,53.0,192.0
3,344,16.0,86.0,93.0,53.0
5,199,10.0,79.0,81.0,227.0
5,168,7.0,205.0,96.0,207.0
4,209,4.0,296.0,79.0,152.0
1,199,18.0,212.0,78.0,324.0
1,36,12.0,378.0,81.0,167.0
3,181,5.0,301.0,91.0,204.0
5,278,20.0,144.0,42.0,375.0
6,265,12.0,297.0,64.0,340.0
3,342,5.0,181.0,61.0,89.0
2,354,5.0,333.0,98.0,64.0
5,36,20.0,268.0,65.0,72.0
6,163,19.0,346.0,61.0,30.0
7,254,6.0,32.0,86.0,356.0
4,50,20.0,168.0,76.0,349.0
3,388,21.0,303.0,124.0,41.0
3,368,12.0,218.0,38.0,303.0
7,372,19.0,218.0,87.0,188.0
7,236,11.0,221.0,22.0,100.0
7,130,10.0,335.0,78.0,391.0
2,193,16.0,394.0,112.0,298.0
4,206,5.0,128.0,127.0,198.0
3,213,15.0,158.0,79.0,172.0
1,36,13.0,80.0,21.0,235.0
3,318,7.0,185.0,86.0,362.0
2,155,16.0,377.0,66.0,129.0
1,114,21.0,31.0,33.0,360.0
6,291,19.0,44.0,101.0,31.0
5,137,14.0,346.0,102.0,37.0
7,87,22.0,290.0,122.0,261.0
4,268,17.0,273.0,32.0,355.0
6,289,19.0,335.0,83.0,350.0
5,216,20.0,354.0,22.0,184.0
7,320,23.0,358.0,120.0,105.0
6,250,19.0,256.0,98.0,60.0
6,134,16.0,147.0,97.0,259.0
3,35,23.0,148.0,35.0,294.0
6,184,14.0,343.0,31.0,65.0
3,146,20.0,189.0,118.0,317.0
7,33,8.0,305.0,82.0,32.0
5,220,12.0,126.0,42.0,33.0
7,324,12.0,253.0,48.0,19.0
5,288,11.0,272.0,127.0,60.0
4,127,6.0,288.0,112.0,123.0
6,209,13.0,206.0,49.0,127.0
1,103,23.0,296.0,92.0,31.0
4,166,16.0,15.0,126.0,329.0
7,254,13.0,256.0,23.0,156.0
5,143,23.0,246.0,44.0,71.0
4,325,10.0,136.0,54.0,231.0
2,42,23.0,241.0,89.0,379.0
2,20,15.0,214.0,127.0,23.0
3,397,21.0,244.0,111.0,262.0
1,142,7.0,195.0,127.0,209.0
1,111,9.0,225.0,17.0,301.0
2,367,15.0,142.0,109.0,157.0
2,341,19.0,60.0,105.0,284.0
4,157,20.0,55.0,93.0,282.0
3,356,8.0,44.0,33.0,233.0
2,329,11.0,384.0,36.0,270.0
7,268,11.0,379.0,121.0,273.0
6,251,6.0,345.0,88.0,320.0
2,358,22.0,103.0,41.0,225.0
1,127,4.0,83.0,116.0,340.0
2,224,11.0,193.0,66.0,97.0
5,37,11.0,352.0,105.0,104.0
6,394,5.0,335.0,74.0,305.0
5,372,15.0,375.0,62.0,11.0
6,155,9.0,44.0,32.0,340.0
4,53,7.0,302.0,19.0,115.0
4,37,11.0,334.0,26.0,397.0
4,301,22.0,92.0,126.0,278.0
6,334,21.0,210.0,57.0,321.0
6,388,17.0,256.0,109.0,379.0
2,284,9.0,192.0,127.0,337.0
4,354,21.0,131.0,93.0,122.0
3,171,19.0,207.0,22.0,168.0
6,245,21.0,397.0,37.0,349.0
4,74,11.0,340.0,74.0,105.0
5,198,6.0,202.0,84.0,374.0
2,197,12.0,45.0,126.0,289.0
3,352,6.0,376.0,50.0,236.0
1,126,23.0,179.0,83.0,194.0
6,329,9.0,387.0,33.0,37.0
7,334,9.0,392.0,118.0,207.0
4,74,19.0,216.0,25.0,320.0
3,45,6.0,113.0,108.0,287.0
6,138,18.0,159.0,99.0,313.0
7,23,14.0,158.0,103.0,139.0
4,362,11.0,274.0,73.0,333.0
3,353,8.0,279.0,30.0,56.0
1,369,11.0,198.0,67.0,135.0
6,116,5.0,363.0,73.0,212.0
7,307,15.0,134.0,56.0,237.0
7,235,4.0,240.0,109.0,51.0
1,349,16.0,170.0,98.0,385.0
2,334,6.0,266.0,20.0,239.0
4,88,16.0,115.0,98.0,195.0
2,32,5.0,190.0,28.0,391.0
4,124,11.0,272.0,99.0,255.0
2,124,11.0,121.0,66.0,37.0
6,60,21.0,274.0,95.0,30.0
1,318,20.0,130.0,57.0,109.0
3,87,17.0,283.0,27.0,74.0
7,12,18.0,199.0,127.0,126.0
7,177,20.0,367.0,73.0,57.0
4,21,16.0,321.0,56.0,173.0
2,236,20.0,84.0,115.0,381.0
6,98,15.0,50.0,108.0,225.0
1,104,15.0,168.0,27.0,145.0
2,263,12.0,263.0,62.0,213.0
4,193,18.0,370.0,19.0,302.0
1,246,9.0,63.0,66.0,76.0
1,21,8.0,251.0,38.0,104.0
6,101,19.0,50.0,70.0,41.0
6,296,9.0,373.0,54.0,248.0
2,62,22.0,384.0,24.0,15.0
4,257,7.0,77.0,73.0,115.0
6,34,14.0,334.0,99.0,145.0
3,208,5.0,20.0,73.0,260.0
4,179,12.0,289.0,71.0,158.0
5,266,12.0,92.0,78.0,128.0
4,193,20.0,129.0,68.0,217.0
6,83,15.0,17.0,20.0,262.0
5,341,7.0,276.0,103.0,364.0
5,323,21.0,121.0,50.0,182.0
2,189,18.0,346.0,53.0,105.0
5,190,17.0,281.0,92.0,313.0
5,28,21.0,300.0,86.0,209.0
5,352,8.0,119.0,95.0,339.0
1,26,16.0,77.0,94.0,251.0
4,323,13.0,150.0,93.0,352.0
7,254,13.0,277.0,25.0,212.0
5,265,8.0,66.0,111.0,368.0
6,381,11.0,342.0,95.0,104.0
2,258,11.0,293.0,40.0,293.0
7,44,11.0,329.0,124.0,270.0
5,335,22.0,189.0,63.0,201.0
7,170,8.0,215.0,98.0,282.0
2,363,9.0,71.0,19.0,38.0
4,157,12.0,143.0,52.0,19.0
2,363,19.0,91.0,115.0,160.0
7,378,16.0,64.0,97.0,328.0
1,186,19.0,298.0,104.0,53.0
7,317,5.0,51.0,55.0,342.0
4,208,21.0,105.0,19.0,67.0
1,287,12.0,175.0,54.0,297.0
4,46,13.0,200.0,61.0,113.0
6,111,22.0,107.0,17.0,114.0
2,343,5.0,327.0,90.0,384.0
3,348,20.0,27.0,76.0,111.0
6,198,9.0,188.0,87.0,260.0
6,57,8.0,248.0,83.0,195.0
4,384,15.0,111.0,34.0,296.0
4,253,20.0,266.0,17.0,244.0
4,263,8.0,161.0,80.0,152.0
2,262,18.0,242.0,67.0,221.0
4,95,5.0,294.0,30.0,344.0
7,276,12.0,56.0,90.0,381.0
4,107,14.0,40.0,91.0,130.0
4,77,19.0,317.0,116.0,89.0
1,374,18.0,190.0,18.0,17.0
5,358,23.0,125.0,98.0,256.0
7,348,8.0,325.0,50.0,276.0
4,209,21.0,30.0,22.0,55.0
6,303,21.0,285.0,53.0,23.0
5,323,4.0,159.0,24.0,256.0
7,386,9.0,144.0,84.0,167.0
7,360,10.0,31.0,75.0,108.0
4,385,23.0,235.0,99.0,100.0
2,50,8.0,161.0,66.0,263.0
2,88,7.0,118.0,40.0,370.0
2,103,10.0,204.0,37.0,204.0
2,179,16.0,203.0,93.0,91.0
3,120,18.0,39.0,24.0,194.0
7,293,11.0,25.0,89.0,111.0
4,218,21.0,52.0,122.0,391.0
5,158,22.0,136.0,43.0,81.0
1,16,15.0,365.0,83.0,154.0
3,197,13.0,364.0,56.0,152.0
1,291,4.0,234.0,92.0,384.0
5,120,19.0,294.0,66.0,239.0
3,23,23.0,148.0,65.0,84.0
4,197,9.0,164.0,27.0,76.0
6,86,17.0,74.0,31.0,233.0
3,251,18.0,362.0,96.0,81.0
5,201,12.0,69.0,19.0,385.0
6,336,14.0,166.0,61.0,202.0
5,11,14.0,118.0,47.0,132.0
2,181,18.0,280.0,18.0,387.0
7,241,14.0,269.0,34.0,20.0
7,336,17.0,253.0,30.0,177.0
3,207,6.0,288.0,113.0,248.0
4,44,7.0,279.0,126.0,254.0
7,38,18.0,100.0,74.0,51.0
4,288,18.0,139.0,81.0,98.0
5,221,7.0,259.0,97.0,344.0
2,386,9.0,84.0,76.0,199.0
6,170,7.0,152.0,90.0,257.0
4,248,10.0,49.0,23.0,387.0
3,353,19.0,36.0,50.0,47.0
4,22,18.0,216.0,91.0,262.0
3,209,12.0,41.0,70.0,235.0
7,308,11.0,15.0,117.0,327.0
7,112,12.0,256.0,125.0,227.0
1,279,16.0,209.0,32.0,284.0
4,301,16.0,358.0,44.0,206.0
3,294,13.0,132.0,89.0,151.0
7,282,15.0,362.0,78.0,367.0
5,93,15.0,99.0,33.0,132.0
3,266,11.0,152.0,90.0,49.0
3,380,14.0,69.0,123.0,358.0
1,231,18.0,105.0,64.0,355.0
5,287,16.0,286.0,94.0,69.0
3,251,13.0,337.0,38.0,378.0
2,387,4.0,399.0,38.0,160.0
5,59,4.0,100.0,31.0,59.0
2,382,19.0,111.0,95.0,107.0
2,386,15.0,349.0,119.0,133.0
2,162,15.0,80.0,74.0,121.0
3,367,7.0,144.0,82.0,133.0
1,387,12.0,256.0,30.0,75.0
5,213,20.0,296.0,59.0,309.0
7,65,22.0,268.0,40.0,383.0
4,41,4.0,275.0,123.0,145.0
6,12,4.0,343.0,107.0,167.0
1,16,22.0,306.0,40.0,312.0
2,367,4.0,141.0,56.0,362.0
7,171,23.0,131.0,20.0,133.0
7,96,16.0,312.0,85.0,36.0
4,186,18.0,273.0,46.0,231.0
3,369,15.0,313.0,86.0,102.0
6,244,11.0,388.0,27.0,47.0
6,329,15.0,344.0,40.0,76.0
2,171,18.0,357.0,99.0,117.0
1,305,7.0,306.0,108.0,157.0
6,311,5.0,358.0,99.0,56.0
2,313,13.0,114.0,69.0,187.0
7,228,19.0,250.0,96.0,273.0
6,246,23.0,390.0,54.0,66.0
2,385,8.0,95.0,105.0,311.0
6,305,17.0,317.0,26.0,194.0
6,200,4.0,366.0,45.0,398.0
1,325,11.0,147.0,79.0,254.0
5,188,16.0,321.0,36.0,352.0
1,286,15.0,90.0,33.0,228.0
6,327,21.0,116.0,98.0,349.0
5,124,21.0,150.0,54.0,281.0
3,205,11.0,318.0,69.0,155.0
3,385,17.0,279.0,65.0,220.0
2,256,4.0,351.0,101.0,303.0
7,394,19.0,349.0,107.0,153.0
1,341,6.0,306.0,29.0,30.0
3,267,19.0,118.0,57.0,331.0
4,34,8.0,62.0,50.0,155.0
7,198,10.0,43.0,37.0,230.0
1,363,21.0,399.0,101.0,99.0
6,177,22.0,134.0,82.0,389.0
2,103,14.0,171.0,94.0,367.0
1,391,17.0,349.0,112.0,178.0
4,234,12.0,80.0,35.0,295.0
1,213,15.0,294.0,44.0,75.0
2,235,11.0,195.0,71.0,323.0
7,205,14.0,30.0,89.0,294.0
7,303,13.0,273.0,72.0,305.0
3,383,7.0,281.0,92.0,86.0
5,187,22.0,58.0,41.0,99.0
7,169,23.0,48.0,63.0,355.0
3,159,17.0,395.0,95.0,235.0
2,173,6.0,286.0,38.0,80.0
6,398,7.0,249.0,49.0,356.0
3,149,21.0,292.0,94.0,137.0
4,249,14.0,59.0,24.0,124.0
4,110,17.0,18.0,110.0,220.0
7,162,8.0,220.0,31.0,20.0
7,327,23.0,280.0,76.0,191.0
4,364,7.0,261.0,82.0,225.0
2,391,9.0,143.0,124.0,244.0
1,272,7.0,185.0,45.0,191.0
4,347,13.0,152.0,90.0,216.0
4,103,14.0,29.0,75.0,356.0
5,157,10.0,262.0,40.0,206.0
3,54,11.0,259.0,65.0,237.0
3,327,21.0,323.0,35.0,187.0
6,170,16.0,183.0,97.0,173.0
2,59,21.0,359.0,122.0,289.0
4,30,8.0,291.0,119.0,259.0
2,157,23.0,185.0,92.0,50.0
6,220,12.0,201.0,97.0,103.0
6,310,10.0,104.0,114.0,257.0
5,78,22.0,179.0,33.0,240.0
7,277,13.0,77.0,90.0,378.0
7,111,8.0,340.0,97.0,46.0
1,145,12.0,336.0,60.0,176.0
4,362,19.0,96.0,83.0,23.0
4,201,4.0,334.0,92.0,27.0
2,39,22.0,319.0,99.0,281.0
5,323,7.0,41.0,26.0,60.0
7,115,12.0,54.0,93.0,276.0
6,25,8.0,361.0,55.0,13.0
7,198,17.0,17.0,82.0,141.0
3,47,17.0,45.0,59.0,101.0
2,354,17.0,390.0,94.0,384.0
4,170,19.0,259.0,94.0,59.0
6,383,19.0,125.0,96.0,14.0
7,141,9.0,287.0,100.0,167.0
5,60,4.0,95.0,35.0,346.0
4,193,23.0,163.0,96.0,384.0
4,94,11.0,90.0,106.0,35.0
4,394,13.0,165.0,123.0,152.0
6,390,23.0,277.0,24.0,82.0
2,360,20.0,113.0,26.0,231.0
3,226,19.0,96.0,29.0,136.0
4,287,15.0,297.0,29.0,282.0
4,183,7.0,17.0,96.0,363.0
4,376,9.0,321.0,119.0,233.0
4,260,4.0,395.0,58.0,66.0
4,123,17.0,333.0,86.0,192.0
7,142,8.0,105.0,43.0,75.0
3,320,20.0,81.0,101.0,96.0
4,263,9.0,132.0,61.0,64.0
5,166,20.0,379.0,30.0,71.0
6,189,9.0,278.0,74.0,225.0
5,309,6.0,349.0,69.0,261.0
4,46,12.0,373.0,119.0,142.0
3,97,12.0,30.0,98.0,366.0
7,371,4.0,116.0,67.0,195.0
5,341,5.0,82.0,61.0,180.0
1,192,10.0,216.0,50.0,167.0
5,160,12.0,149.0,76.0,111.0
1,106,16.0,380.0,99.0,198.0
1,60,16.0,160.0,41.0,149.0
1,373,21.0,178.0,86.0,362.0
2,91,12.0,302.0,90.0,366.0
4,107,15.0,351.0,124.0,178.0
2,377,9.0,385.0,63.0,241.0
6,310,19.0,109.0,31.0,378.0
4,307,18.0,385.0,95.0,255.0
5,316,9.0,47.0,22.0,74.0
5,310,10.0,145.0,17.0,282.0
1,64,6.0,157.0,107.0,156.0
4,269,21.0,178.0,109.0,261.0
5,163,20.0,117.0,126.0,172.0
4,152,14.0,55.0,106.0,286.0
5,399,8.0,178.0,65.0,25.0
5,344,17.0,140.0,74.0,260.0
1,138,7.0,335.0,96.0,190.0
5,41,8.0,391.0,113.0,158.0
6,173,16.0,249.0,81.0,151.0
7,27,18.0,351.0,91.0,322.0
4,163,22.0,350.0,35.0,296.0
3,331,22.0,320.0,73.0,266.0
6,377,4.0,46.0,45.0,143.0
4,161,14.0,121.0,63.0,312.0
6,100,21.0,27.0,25.0,339.0
7,326,6.0,276.0,56.0,303.0
5,349,21.0,74.0,124.0,47.0
1,306,23.0,120.0,108.0,123.0
7,90,20.0,316.0,59.0,82.0
5,174,21.0,215.0,22.0,332.0
2,113,10.0,56.0,96.0,233.0
6,381,5.0,383.0,102.0,55.0
7,123,20.0,200.0,115.0,343.0
7,343,10.0,46.0,50.0,57.0
2,89,5.0,268.0,78.0,106.0
7,294,15.0,170.0,91.0,104.0
1,200,21.0,217.0,119.0,250.0
2,133,20.0,160.0,29.0,186.0
4,315,21.0,154.0,41.0,354.0
4,388,15.0,371.0,57.0,260.0
5,208,11.0,234.0,126.0,259.0
3,183,20.0,186.0,118.0,232.0
4,242,21.0,307.0,115.0,372.0
1,353,5.0,106.0,113.0,83.0
4,10,11.0,220.0,60.0,347.0
2,308,13.0,376.0,119.0,117.0
4,372,15.0,80.0,51.0,130.0
5,14,5.0,246.0,22.0,296.0
6,96,9.0,264.0,89.0,327.0
6,326,14.0,345.0,60.0,349.0
7,214,18.0,258.0,22.0,118.0
1,132,7.0,72.0,27.0,349.0
1,71,18.0,342.0,70.0,281.0
4,115,19.0,94.0,67.0,394.0
4,76,14.0,355.0,47.0,81.0
4,104,15.0,10.0,34.0,355.0
6,56,4.0,254.0,101.0,20.0
1,339,13.0,322.0,60.0,237.0
5,215,13.0,288.0,17.0,182.0
4,191,5.0,279.0,81.0,288.0
1,21,7.0,347.0,79.0,254.0
1,254,19.0,32.0,89.0,307.0
1,152,16.0,75.0,20.0,225.0
2,292,15.0,160.0,104.0,289.0
1,79,18.0,22.0,62.0,298.0
6,372,17.0,194.0,20.0,99.0
4,393,21.0,257.0,71.0,122.0
1,141,8.0,312.0,100.0,21.0
4,316,22.0,95.0,48.0,161.0
3,177,23.0,326.0,38.0,78.0
7,81,22.0,239.0,114.0,30.0
6,41,15.0,396.0,70.0,198.0
2,320,16.0,370.0,80.0,224.0
6,310,21.0,343.0,92.0,318.0
6,24,5.0,113.0,59.0,32.0
1,399,4.0,21.0,86.0,335.0
3,259,23.0,268.0,58.0,338.0
7,284,14.0,81.0,17.0,16.0
6,73,14.0,80.0,45.0,102.0
1,136,22.0,248.0,49.0,395.0
5,120,19.0,224.0,107.0,96.0
2,59,8.0,193.0,28.0,266.0
5,297,6.0,271.0,61.0,221.0
1,141,18.0,224.0,107.0,322.0
7,316,23.0,266.0,95.0,205.0
7,262,17.0,58.0,74.0,382.0
5,294,15.0,135.0,48.0,274.0
2,89,9.0,333.0,26.0,208.0
4,311,8.0,37.0,105.0,203.0
7,382,20.0,235.0,17.0,342.0
5,20,16.0,217.0,91.0,254.0
1,163,7.0,202.0,77.0,38.0
4,110,18.0,140.0,121.0,259.0
7,198,10.0,16.0,115.0,336.0
4,302,20.0,70.0,50.0,227.0
4,28,18.0,165.0,44.0,298.0
1,109,11.0,199.0,90.0,399.0
7,286,9.0,365.0,109.0,342.0
3,12,9.0,322.0,35.0,259.0
3,282,6.0,78.0,39.0,375.0
3,120,20.0,230.0,29.0,67.0
1,168,5.0,305.0,51.0,137.0
2,301,11.0,199.0,34.0,256.0
5,45,14.0,97.0,16.0,244.0
5,308,14.0,298.0,114.0,389.0
6,27,18.0,383.0,67.0,360.0
4,43,21.0,34.0,17.0,190.0
6,197,8.0,47.0,126.0,132.0
5,196,5.0,58.0,30.0,194.0
3,277,12.0,288.0,53.0,14.0
4,202,9.0,187.0,38.0,307.0
6,255,12.0,271.0,82.0,281.0
5,395,8.0,335.0,44.0,67.0
3,188,9.0,265.0,108.0,232.0
2,340,21.0,311.0,18.0,119.0
4,153,18.0,12.0,37.0,330.0
6,27,20.0,149.0,46.0,384.0
5,317,18.0,89.0,34.0,131.0
6,150,12.0,262.0,81.0,165.0
2,48,5.0,353.0,72.0,101.0
5,223,6.0,248.0,36.0,193.0
3,67,16.0,19.0,75.0,204.0
4,88,15.0,347.0,51.0,254.0
2,78,9.0,369.0,34.0,144.0
4,161,14.0,195.0,76.0,380.0
6,244,16.0,357.0,77.0,167.0
6,50,23.0,379.0,76.0,247.0
1,284,10.0,292.0,26.0,118.0
2,256,23.0,86.0,125.0,203.0
7,366,5.0,162.0,106.0,231.0
3,81,18.0,128.0,36.0,91.0
4,210,23.0,68.0,25.0,271.0
4,102,13.0,224.0,18.0,76.0
1,178,16.0,377.0,69.0,184.0
7,226,4.0,102.0,54.0,285.0
5,316,20.0,34.0,83.0,330.0
1,15,12.0,371.0,19.0,32.0
3,147,18.0,307.0,42.0,11.0
3,370,14.0,398.0,25.0,107.0
3,371,20.0,191.0,90.0,294.0
3,107,9.0,197.0,92.0,390.0
4,203,12.0,342.0,69.0,238.0
2,28,19.0,217.0,37.0,136.0
1,111,12.0,233.0,120.0,22.0
7,27,19.0,199.0,95.0,303.0
5,82,16.0,154.0,51.0,66.0
4,75,8.0,147.0,119.0,150.0
6,181,6.0,344.0,25.0,36.0
1,105,12.0,42.0,124.0,149.0
5,285,5.0,65.0,83.0,104.0
1,221,5.0,274.0,105.0,329.0
7,227,23.0,344.0,72.0,398.0
7,222,11.0,371.0,34.0,182.0
6,117,5.0,185.0,106.0,57.0
7,113,15.0,397.0,31.0,247.0
5,56,14.0,174.0,60.0,28.0
7,249,15.0,355.0,73.0,46.0
5,384,23.0,223.0,81.0,116.0
6,290,9.0,13.0,78.0,104.0
1,60,20.0,162.0,96.0,39.0
4,139,22.0,74.0,52.0,135.0
5,226,23.0,251.0,28.0,321.0
4,169,21.0,336.0,39.0,201.0
6,87,22.0,367.0,85.0,343.0
2,274,22.0,264.0,42.0,96.0
2,387,14.0,352.0,16.0,361.0
1,252,15.0,349.0,72.0,381.0
1,48,6.0,190.0,60.0,28.0
6,176,18.0,283.0,41.0,201.0
6,256,4.0,131.0,38.0,114.0
7,91,4.0,81.0,126.0,220.0
7,226,7.0,23.0,46.0,316.0
2,387,6.0,260.0,21.0,181.0
7,396,15.0,343.0,76.0,245.0
2,93,6.0,363.0,83.0,44.0
1,211,16.0,17.0,19.0,48.0
4,27,21.0,144.0,88.0,330.0
1,67,19.0,33.0,41.0,34.0
1,363,4.0,308.0,87.0,141.0
2,353,7.0,306.0,94.0,121.0
5,321,16.0,126.0,81.0,350.0
3,299,20.0,308.0,49.0,83.0
4,201,16.0,122.0,98.0,129.0
2,187,17.0,294.0,72.0,129.0
5,253,14.0,181.0,103.0,18.0
6,62,6.0,323.0,91.0,387.0
1,323,5.0,170.0,24.0,55.0
1,230,6.0,272.0,70.0,119.0
7,124,15.0,159.0,73.0,49.0
7,55,9.0,343.0,25.0,289.0
2,281,20.0,106.0,100.0,313.0
2,122,14.0,230.0,123.0,334.0
3,51,8.0,62.0,114.0,167.0
3,131,8.0,267.0,64.0,33.0
4,152,4.0,155.0,38.0,52.0
2,309,19.0,320.0,82.0,165.0
1,49,23.0,32.0,99.0,136.0
5,317,16.0,329.0,85.0,300.0
3,260,14.0,350.0,109.0,229.0
2,310,11.0,120.0,34.0,290.0
1,290,18.0,154.0,28.0,317.0
3,86,13.0,253.0,62.0,372.0
6,391,13.0,315.0,23.0,247.0
2,85,8.0,164.0,82.0,340.0
5,20,23.0,30.0,57.0,396.0
1,24,13.0,117.0,36.0,74.0
4,253,21.0,68.0,125.0,215.0
6,139,19.0,112.0,80.0,355.0
7,134,19.0,51.0,51.0,235.0
2,274,6.0,57.0,98.0,205.0
2,156,5.0,41.0,121.0,64.0
1,99,18.0,140.0,82.0,309.0
2,27,16.0,384.0,118.0,264.0
2,79,23.0,185.0,117.0,334.0
3,204,18.0,286.0,77.0,62.0
1,352,11.0,249.0,16.0,267.0
4,388,17.0,289.0,101.0,214.0
3,218,13.0,27.0,125.0,231.0
4,172,12.0,70.0,85.0,76.0
6,292,23.0,183.0,76.0,27.0
6,337,9.0,182.0,108.0,305.0
4,300,23.0,318.0,37.0,193.0
1,24,4.0,130.0,41.0,348.0
4,44,11.0,318.0,16.0,359.0
2,168,18.0,257.0,20.0,353.0
3,170,13.0,107.0,117.0,12.0
3,17,18.0,274.0,77.0,140.0
1,236,9.0,245.0,23.0,231.0
1,133,18.0,372.0,19.0,155.0
5,346,18.0,62.0,81.0,249.0
7,325,7.0,355.0,74.0,30.0
7,178,11.0,279.0,114.0,273.0
3,226,12.0,370.0,82.0,90.0
1,319,7.0,303.0,27.0,243.0
3,33,18.0,254.0,43.0,293.0
1,163,14.0,237.0,22.0,131.0
4,40,14.0,262.0,66.0,97.0
1,125,22.0,146.0,93.0,20.0
1,26,9.0,16.0,45.0,106.0
5,250,7.0,107.0,48.0,157.0
3,290,22.0,211.0,32.0,372.0
6,67,17.0,246.0,126.0,373.0
4,94,9.0,190.0,55.0,258.0
6,233,5.0,26.0,92.0,323.0
3,394,5.0,65.0,41.0,272.0
6,381,6.0,253.0,115.0,71.0
1,61,21.0,41.0,99.0,382.0
6,127,5.0,207.0,114.0,302.0
1,290,15.0,344.0,69.0,56.0
7,181,22.0,48.0,20.0,49.0
7,346,12.0,128.0,55.0,225.0
4,91,10.0,105.0,126.0,80.0
4,257,14.0,243.0,112.0,44.0
3,243,5.0,158.0,49.0,157.0
6,58,8.0,17.0,59.0,214.0
2,201,4.0,334.0,21.0,184.0
7,207,15.0,160.0,111.0,135.0
1,105,20.0,132.0,115.0,201.0
2,209,17.0,88.0,54.0,159.0
6,245,22.0,334.0,111.0,259.0
3,106,14.0,37.0,105.0,60.0
5,232,13.0,324.0,73.0,330.0
5,263,22.0,192.0,118.0,40.0
2,98,17.0,363.0,67.0,89.0
7,94,5.0,152.0,24.0,356.0
7,131,17.0,196.0,31.0,200.0
2,161,15.0,159.0,108.0,105.0
4,320,17.0,225.0,45.0,280.0
4,205,11.0,269.0,28.0,323.0
3,124,4.0,18.0,40.0,298.0
3,330,19.0,214.0,49.0,218.0
2,196,9.0,314.0,77.0,262.0
2,24,19.0,74.0,83.0,246.0
7,333,7.0,111.0,123.0,331.0
3,387,15.0,374.0,70.0,147.0
7,50,9.0,348.0,24.0,361.0
1,211,16.0,151.0,99.0,160.0
3,384,11.0,136.0,31.0,117.0
2,221,9.0,188.0,103.0,57.0
4,87,20.0,213.0,88.0,194.0
5,101,14.0,26.0,41.0,264.0
5,361,8.0,263.0,123.0,89.0
2,279,9.0,196.0,25.0,113.0
3,203,22.0,52.0,124.0,120.0
3,59,12.0,336.0,120.0,147.0
3,341,10.0,84.0,44.0,38.0
3,54,21.0,312.0,31.0,246.0
7,382,23.0,287.0,39.0,218.0
1,60,21.0,344.0,21.0,279.0
3,111,8.0,305.0,47.0,274.0
7,320,18.0,347.0,61.0,348.0
2,387,7.0,187.0,31.0,118.0
7,307,4.0,38.0,44.0,172.0
1,36,19.0,355.0,50.0,155.0
1,82,4.0,156.0,43.0,341.0
7,46,6.0,349.0,96.0,57.0
1,251,12.0,234.0,25.0,91.0
3,239,22.0,376.0,84.0,147.0
5,295,5.0,323.0,34.0,33.0
7,215,21.0,55.0,95.0,342.0
3,260,5.0,378.0,33.0,134.0
3,165,4.0,218.0,34.0,158.0
4,399,20.0,131.0,71.0,322.0
3,114,9.0,352.0,70.0,34.0
1,226,7.0,357.0,105.0,95.0
1,181,12.0,134.0,88.0,275.0
6,274,18.0,75.0,67.0,256.0
3,87,15.0,294.0,49.0,289.0
2,62,10.0,282.0,51.0,282.0
3,374,23.0,182.0,47.0,153.0
7,195,14.0,218.0,124.0,100.0
7,51,16.0,318.0,83.0,89.0
3,242,19.0,392.0,114.0,46.0
7,194,20.0,307.0,72.0,266.0
7,268,4.0,32.0,117.0,190.0
2,302,4.0,178.0,72.0,57.0
4,342,13.0,32.0,37.0,259.0
7,396,11.0,10.0,34.0,97.0
1,104,16.0,304.0,120.0,330.0
7,335,9.0,11.0,122.0,202.0
5,204,9.0,317.0,17.0,134.0
6,96,15.0,391.0,76.0,13.0
1,200,21.0,108.0,92.0,387.0
2,139,10.0,362.0,116.0,228.0
5,147,11.0,240.0,52.0,280.0
5,95,22.0,189.0,120.0,355.0
3,204,16.0,303.0,70.0,242.0
4,311,7.0,114.0,64.0,221.0
2,336,11.0,366.0,103.0,342.0
5,39,5.0,287.0,47.0,23.0
7,67,22.0,57.0,43.0,317.0
1,21,12.0,279.0,103.0,368.0
1,280,15.0,70.0,22.0,260.0
3,244,17.0,249.0,83.0,75.0
3,346,18.0,189.0,49.0,90.0
6,79,6.0,182.0,113.0,31.0
1,273,6.0,334.0,127.0,307.0
2,274,16.0,227.0,21.0,117.0
4,363,8.0,195.0,106.0,342.0
5,149,20.0,100.0,121.0,355.0
1,387,15.0,140.0,119.0,69.0
2,14,4.0,306.0,30.0,374.0
5,228,15.0,385.0,22.0,328.0
2,306,7.0,63.0,58.0,310.0
5,12,20.0,88.0,75.0,37.0
6,364,12.0,112.0,95.0,266.0
2,325,6.0,136.0,111.0,351.0
7,112,5.0,253.0,48.0,191.0
5,97,7.0,266.0,40.0,264.0
1,204,18.0,106.0,108.0,24.0
7,97,14.0,10.0,39.0,297.0
2,281,14.0,74.0,118.0,150.0
6,352,11.0,76.0,109.0,277.0
5,338,21.0,310.0,77.0,33.0
3,150,12.0,217.0,36.0,109.0
4,77,19.0,144.0,123.0,92.0
7,337,7.0,131.0,34.0,267.0
6,349,23.0,79.0,48.0,275.0
4,244,17.0,345.0,73.0,150.0
7,201,20.0,38.0,93.0,79.0
4,27,17.0,357.0,96.0,307.0
7,289,16.0,229.0,120.0,312.0
1,294,6.0,309.0,117.0,193.0
7,114,19.0,28.0,43.0,108.0
4,29,21.0,191.0,30.0,300.0
5,232,7.0,315.0,73.0,362.0
2,106,6.0,367.0,78.0,220.0
3,318,12.0,212.0,49.0,391.0
3,384,15.0,115.0,35.0,390.0
1,94,5.0,277.0,117.0,11.0
4,207,23.0,271.0,126.0,397.0
2,323,18.0,298.0,69.0,238.0
7,96,17.0,278.0,102.0,316.0
7,58,16.0,37.0,76.0,30.0
5,368,7.0,22.0,122.0,70.0
4,389,5.0,144.0,39.0,44.0
4,109,22.0,197.0,39.0,130.0
2,218,19.0,82.0,87.0,125.0
2,50,18.0,281.0,54.0,215.0
7,374,10.0,165.0,35.0,370.0
7,332,13.0,237.0,32.0,73.0
2,162,18.0,256.0,54.0,264.0
6,197,20.0,143.0,121.0,283.0
4,103,19.0,219.0,41.0,192.0
4,387,20.0,189.0,23.0,295.0
5,262,9.0,203.0,23.0,83.0
2,71,15.0,85.0,42.0,134.0
4,307,5.0,341.0,120.0,47.0
1,42,23.0,93.0,97.0,303.0
5,196,16.0,116.0,86.0,377.0
5,29,4.0,111.0,76.0,355.0
4,113,22.0,110.0,78.0,35.0
6,384,4.0,381.0,26.0,167.0
4,184,23.0,144.0,84.0,58.0
3,325,19.0,179.0,27.0,335.0
1,397,16.0,173.0,75.0,392.0
4,15,17.0,385.0,68.0,384.0
3,341,16.0,322.0,31.0,57.0
2,123,21.0,280.0,70.0,164.0
5,206,7.0,117.0,77.0,200.0
7,107,23.0,84.0,30.0,343.0
3,173,12.0,188.0,56.0,339.0
4,171,20.0,254.0,103.0,306.0
7,397,5.0,26.0,69.0,386.0
7,30,18.0,52.0,82.0,198.0
7,178,13.0,32.0,36.0,238.0
3,261,15.0,216.0,57.0,299.0
3,242,16.0,121.0,69.0,89.0
7,30,20.0,101.0,112.0,79.0
1,185,17.0,131.0,127.0,308.0
2,270,13.0,334.0,84.0,380.0
6,266,20.0,358.0,82.0,304.0
1,165,19.0,347.0,127.0,269.0
1,226,23.0,238.0,31.0,36.0
1,81,14.0,298.0,73.0,66.0
7,74,21.0,316.0,64.0,341.0
6,101,20.0,29.0,93.0,336.0
4,341,5.0,166.0,85.0,60.0
3,68,7.0,368.0,109.0,254.0
2,230,4.0,346.0,95.0,189.0
3,202,15.0,301.0,23.0,355.0
1,377,13.0,365.0,107.0,378.0
7,86,8.0,296.0,34.0,111.0
3,297,10.0,54.0,33.0,23.0
2,208,22.0,239.0,28.0,385.0
7,378,22.0,389.0,95.0,210.0
5,214,5.0,332.0,97.0,273.0
6,179,10.0,117.0,87.0,199.0
3,194,7.0,329.0,126.0,182.0
5,218,11.0,14.0,39.0,117.0
6,349,9.0,190.0,68.0,98.0
2,219,7.0,102.0,126.0,54.0
4,317,11.0,117.0,87.0,33.0
6,369,13.0,102.0,57.0,234.0
5,208,18.0,288.0,115.0,299.0
1,258,19.0,18.0,102.0,336.0
4,130,22.0,49.0,109.0,359.0
5,216,11.0,218.0,104.0,171.0
5,29,8.0,140.0,23.0,283.0
6,329,19.0,81.0,102.0,97.0
5,232,8.0,192.0,87.0,96.0
5,42,10.0,12.0,64.0,357.0
5,250,23.0,73.0,69.0,225.0
4,296,10.0,287.0,76.0,267.0
3,109,14.0,32.0,76.0,22.0
7,393,13.0,184.0,44.0,364.0
5,124,20.0,93.0,112.0,179.0
5,264,5.0,182.0,16.0,390.0
7,278,22.0,92.0,121.0,146.0
6,265,18.0,238.0,60.0,354.0
3,92,7.0,395.0,119.0,94.0
6,137,14.0,72.0,48.0,324.0
3,80,19.0,22.0,52.0,124.0
3,151,12.0,137.0,49.0,56.0
7,126,10.0,64.0,67.0,34.0
7,158,10.0,166.0,22.0,283.0
6,62,19.0,110.0,76.0,327.0
5,344,10.0,180.0,28.0,220.0
2,179,5.0,54.0,84.0,28.0
4,117,15.0,245.0,69.0,32.0
2,290,18.0,175.0,19.0,279.0
6,274,19.0,337.0,77.0,383.0
5,269,23.0,102.0,125.0,396.0
5,214,22.0,237.0,64.0,351.0
7,376,18.0,217.0,78.0,208.0
7,172,12.0,230.0,101.0,53.0
6,178,11.0,139.0,22.0,190.0
7,334,18.0,231.0,38.0,109.0
4,107,13.0,192.0,100.0,27.0
1,183,17.0,60.0,74.0,263.0
6,22,13.0,44.0,126.0,202.0
3,10,20.0,285.0,114.0,388.0
3,365,7.0,10.0,34.0,20.0
1,88,21.0,369.0,64.0,390.0
5,334,11.0,228.0,120.0,120.0
3,304,10.0,296.0,21.0,373.0
5,139,4.0,180.0,106.0,292.0
1,160,20.0,138.0,24.0,183.0
1,64,4.0,83.0,44.0,204.0
3,98,7.0,34.0,114.0,350.0
5,332,10.0,221.0,46.0,235.0
2,134,15.0,324.0,27.0,193.0
3,282,11.0,259.0,86.0,320.0
5,311,6.0,35.0,101.0,315.0
2,368,7.0,118.0,75.0,301.0
3,372,5.0,218.0,30.0,64.0
3,98,22.0,379.0,74.0,269.0
3,13,19.0,147.0,26.0,31.0
4,325,14.0,297.0,18.0,362.0
7,374,8.0,55.0,112.0,194.0
2,347,20.0,359.0,80.0,130.0
3,205,15.0,399.0,55.0,44.0
5,355,6.0,106.0,81.0,79.0
4,286,12.0,95.0,38.0,70.0
3,103,17.0,388.0,51.0,172.0
3,124,11.0,346.0,47.0,10.0
2,187,15.0,137.0,61.0,204.0
7,206,21.0,97.0,83.0,263.0
1,287,22.0,19.0,58.0,312.0
4,255,16.0,373.0,72.0,55.0
1,53,12.0,76.0,35.0,388.0
7,99,11.0,181.0,54.0,243.0
4,166,12.0,201.0,95.0,248.0
7,31,13.0,364.0,92.0,70.0
4,31,23.0,280.0,59.0,188.0
5,370,11.0,10.0,46.0,269.0
1,262,18.0,254.0,44.0,316.0
4,323,21.0,138.0,23.0,193.0
5,18,13.0,36.0,118.0,344.0
5,90,22.0,200.0,36.0,278.0
1,158,4.0,115.0,62.0,125.0
2,68,11.0,93.0,126.0,131.0
1,375,9.0,335.0,67.0,39.0
4,297,23.0,207.0,124.0,252.0
3,148,10.0,79.0,53.0,188.0
7,286,14.0,394.0,78.0,323.0
1,80,8.0,371.0,122.0,362.0
6,336,8.0,235.0,99.0,386.0
3,171,15.0,297.0,31.0,52.0
7,156,16.0,75.0,23.0,326.0
7,317,9.0,359.0,103.0,365.0
2,74,18.0,85.0,73.0,82.0
2,253,5.0,21.0,53.0,205.0
3,328,18.0,188.0,52.0,211.0
3,92,6.0,112.0,52.0,63.0
7,123,7.0,154.0,66.0,140.0
6,24,6.0,238.0,85.0,342.0
4,97,19.0,154.0,103.0,319.0
3,29,23.0,381.0,53.0,239.0
3,155,11.0,387.0,62.0,169.0
5,60,15.0,303.0,18.0,351.0
1,51,4.0,340.0,41.0,224.0
5,370,12.0,192.0,79.0,355.0
6,325,22.0,59.0,74.0,167.0
1,343,5.0,112.0,37.0,103.0
1,394,20.0,279.0,21.0,50.0
5,274,8.0,342.0,38.0,239.0
4,270,10.0,185.0,68.0,392.0
4,112,14.0,192.0,18.0,210.0
3,281,23.0,396.0,19.0,216.0
1,149,16.0,394.0,45.0,379.0
3,315,17.0,391.0,86.0,337.0
7,145,8.0,201.0,93.0,355.0
5,180,6.0,241.0,67.0,252.0
1,383,22.0,389.0,100.0,221.0
1,234,14.0,126.0,17.0,113.0
6,315,8.0,87.0,33.0,16.0
6,356,21.0,235.0,36.0,50.0
6,248,18.0,22.0,110.0,54.0
1,47,19.0,64.0,99.0,277.0
7,365,9.0,161.0,63.0,110.0
4,69,20.0,140.0,19.0,135.0
2,131,23.0,183.0,42.0,199.0
1,79,15.0,219.0,86.0,326.0
4,235,4.0,366.0,31.0,202.0
3,143,21.0,211.0,62.0,171.0
6,336,8.0,222.0,54.0,152.0
6,302,4.0,249.0,34.0,244.0
2,300,6.0,276.0,96.0,257.0
3,366,17.0,348.0,21.0,118.0
1,275,21.0,304.0,112.0,279.0
3,254,11.0,34.0,122.0,244.0
6,308,7.0,390.0,85.0,87.0
3,189,15.0,248.0,109.0,177.0
1,17,21.0,317.0,22.0,398.0
3,193,18.0,269.0,99.0,142.0
1,162,12.0,212.0,64.0,24.0
2,307,9.0,126.0,100.0,168.0
6,10,15.0,76.0,81.0,369.0
2,17,8.0,325.0,31.0,186.0
4,368,17.0,122.0,123.0,26.0
3,274,7.0,140.0,38.0,186.0
7,230,19.0,77.0,126.0,250.0
1,23,15.0,62.0,59.0,184.0
7,330,9.0,151.0,86.0,152.0
1,395,6.0,41.0,35.0,317.0
5,20,21.0,37.0,125.0,390.0
5,342,14.0,224.0,110.0,15.0
3,66,23.0,159.0,31.0,183.0
7,167,10.0,309.0,21.0,349.0
7,323,17.0,87.0,122.0,337.0
5,320,18.0,336.0,102.0,93.0
7,79,22.0,161.0,75.0,170.0
5,299,23.0,230.0,101.0,369.0
7,139,15.0,272.0,29.0,138.0
1,45,8.0,128.0,56.0,292.0
6,384,5.0,120.0,32.0,155.0
3,60,16.0,193.0,111.0,52.0
3,253,16.0,329.0,81.0,198.0
7,21,12.0,277.0,53.0,268.0
5,376,12.0,371.0,61.0,12.0
6,310,14.0,16.0,46.0,31.0
6,348,11.0,267.0,67.0,150.0
5,363,4.0,305.0,65.0,300.0
5,272,5.0,65.0,78.0,363.0
5,55,18.0,179.0,97.0,69.0
7,164,10.0,384.0,40.0,107.0
4,138,15.0,207.0,36.0,250.0
6,31,13.0,144.0,26.0,356.0
4,392,19.0,120.0,88.0,252.0
1,83,6.0,226.0,18.0,214.0
1,344,5.0,23.0,47.0,79.0
6,395,17.0,25.0,35.0,182.0
4,169,15.0,31.0,23.0,75.0
5,187,6.0,168.0,26.0,117.0
7,55,7.0,172.0,109.0,339.0
3,59,17.0,224.0,20.0,94.0
5,383,22.0,379.0,81.0,340.0
5,354,15.0,347.0,60.0,246.0
2,207,23.0,359.0,116.0,291.0
4,96,15.0,144.0,79.0,204.0
4,194,17.0,206.0,127.0,137.0
3,285,17.0,39.0,91.0,220.0
7,285,15.0,61.0,127.0,260.0
1,105,17.0,17.0,108.0,64.0
3,237,16.0,343.0,84.0,369.0
3,352,23.0,172.0,85.0,187.0
4,176,22.0,208.0,25.0,368.0
2,305,20.0,154.0,18.0,347.0
6,133,19.0,311.0,62.0,255.0
2,367,6.0,85.0,120.0,232.0
1,378,6.0,225.0,23.0,117.0
5,249,6.0,210.0,122.0,200.0
3,324,18.0,86.0,65.0,144.0
6,389,23.0,194.0,64.0,121.0
5,224,15.0,393.0,105.0,301.0
7,137,7.0,256.0,40.0,89.0
3,285,20.0,396.0,112.0,187.0
7,274,6.0,351.0,112.0,185.0
6,62,14.0,17.0,17.0,106.0
5,394,14.0,107.0,67.0,373.0
2,360,20.0,288.0,91.0,82.0
4,145,4.0,238.0,41.0,25.0
6,349,15.0,216.0,,
2,387,20.0,264.0,,
2,347,19.0,193.0,,
4,314,16.0,187.0,,
6,372,16.0,291.0,,
5,294,12.0,98.0,,
7,77,8.0,307.0,,
6,121,13.0,224.0,,
2,223,4.0,112.0,,
1,153,6.0,289.0,,
7,114,10.0,280.0,,
7,327,10.0,18.0,,
1,278,19.0,140.0,,
5,255,19.0,391.0,,
5,116,15.0,156.0,,
5,247,4.0,264.0,,
2,264,15.0,216.0,,
6,159,23.0,364.0,,
5,203,6.0,104.0,,
2,216,15.0,393.0,,
6,396,17.0,96.0,,
1,255,15.0,58.0,,
1,327,19.0,125.0,,
5,219,8.0,185.0,,
3,112,18.0,69.0,,
6,166,4.0,119.0,,
6,236,22.0,301.0,,
5,57,9.0,178.0,,
2,119,11.0,301.0,,
3,241,4.0,10.0,,
2,320,19.0,132.0,,
5,384,4.0,355.0,,
5,146,21.0,276.0,,
4,366,5.0,286.0,,
1,309,14.0,195.0,,
4,137,14.0,286.0,,
2,216,4.0,107.0,,
1,170,7.0,229.0,,
7,125,18.0,317.0,,
4,321,16.0,84.0,,
3,256,8.0,200.0,,
7,232,6.0,61.0,,
7,59,15.0,285.0,,
1,178,17.0,268.0,,
6,267,11.0,94.0,,
1,13,17.0,370.0,,
4,75,21.0,115.0,,
1,274,18.0,186.0,,
6,19,12.0,313.0,,
3,222,4.0,147.0,,
6,204,8.0,379.0,,
5,335,18.0,253.0,,
7,62,16.0,93.0,,
3,65,16.0,83.0,,
7,106,11.0,280.0,,
2,328,16.0,228.0,,
7,102,23.0,287.0,,
2,281,19.0,29.0,,
3,235,5.0,299.0,,
1,105,20.0,320.0,,
1,332,16.0,329.0,,
1,125,9.0,232.0,,
1,253,6.0,343.0,,
3,345,8.0,215.0,,
6,330,7.0,158.0,,
7,66,8.0,156.0,,
7,254,20.0,120.0,,
1,347,8.0,18.0,,
1,39,15.0,346.0,,
2,105,5.0,300.0,,
2,230,6.0,318.0,,
6,314,13.0,148.0,,
7,189,14.0,283.0,,
7,291,11.0,156.0,,
5,23,7.0,357.0,,
6,361,18.0,225.0,,
2,314,10.0,11.0,,
1,315,7.0,63.0,,
4,395,18.0,215.0,,
4,377,19.0,215.0,,
2,253,10.0,57.0,,
6,372,8.0,190.0,,
3,242,22.0,166.0,,
5,13,17.0,190.0,,
6,284,7.0,312.0,,
4,301,7.0,90.0,,
1,366,21.0,117.0,,
5,344,8.0,245.0,,
3,288,16.0,214.0,,
1,198,12.0,82.0,,
5,56,14.0,34.0,,
7,296,7.0,140.0,,
6,361,10.0,53.0,,
7,156,11.0,324.0,,
5,375,5.0,226.0,,
1,389,8.0,290.0,,
4,346,13.0,57.0,,
7,205,16.0,399.0,,
7,174,16.0,155.0,,
3,253,17.0,311.0,,
4,156,14.0,59.0,,
5,57,19.0,286.0,,
6,87,20.0,298.0,,
6,186,4.0,42.0,,
3,382,14.0,337.0,,
1,373,21.0,294.0,,
1,211,7.0,278.0,,
2,85,14.0,252.0,,
6,243,12.0,360.0,,
5,142,23.0,374.0,,
5,19,14.0,361.0,,
7,306,6.0,57.0,,
2,250,16.0,350.0,,
3,372,19.0,354.0,,
1,168,15.0,106.0,,
3,243,19.0,15.0,,
6,58,6.0,254.0,,
3,135,20.0,201.0,,
6,16,11.0,160.0,,
1,31,19.0,293.0,,
1,38,20.0,158.0,,
1,145,19.0,45.0,,
6,69,5.0,297.0,,
2,282,13.0,294.0,,
3,399,9.0,245.0,,
3,349,6.0,116.0,,
1,118,6.0,74.0,,
3,366,13.0,50.0,,
2,39,10.0,260.0,,
7,226,13.0,48.0,,
2,74,7.0,144.0,,
3,302,16.0,325.0,,
3,344,12.0,371.0,,
6,351,12.0,221.0,,
6,351,12.0,168.0,,
5,273,19.0,247.0,,
5,298,20.0,68.0,,
7,238,6.0,39.0,,
1,370,4.0,124.0,,
4,152,15.0,358.0,,
1,208,9.0,133.0,,
2,197,6.0,214.0,,
7,32,15.0,288.0,,
3,382,5.0,88.0,,
6,93,20.0,271.0,,
1,232,14.0,344.0,,
6,32,13.0,240.0,,
4,261,8.0,355.0,,
1,219,19.0,85.0,,
7,225,14.0,132.0,,
7,192,21.0,31.0,,
7,166,8.0,130.0,,
5,137,13.0,345.0,,
3,96,15.0,72.0,,
5,169,13.0,174.0,,
5,370,23.0,380.0,,
4,207,21.0,110.0,,
4,380,5.0,233.0,,
7,124,,,,
5,32,,,,
1,139,,,,
2,163,,,,
2,24,,,,
6,196,,,,
7,50,,,,
