阶段,轮次,事件,活动列数,Benders切数,LP目标值,theta_CNY,真实能源成本_CNY,Benders违反_CNY,最大区域违反_CNY,theta_A_CNY,theta_B_CNY,theta_C_CNY,theta_D_CNY,theta_E_CNY,theta_F_CNY,真实能源成本_A_CNY,真实能源成本_B_CNY,真实能源成本_C_CNY,真实能源成本_D_CNY,真实能源成本_E_CNY,真实能源成本_F_CNY,区域违反_A_CNY,区域违反_B_CNY,区域违反_C_CNY,区域违反_D_CNY,区域违反_E_CNY,区域违反_F_CNY,新增列数,最小缺失列约化成本,根节点闭合,MIP状态,MIP目标值,当前RSS_GiB,累计分钟,主导违反区域,LP界,MIP Gap,阶段运行秒,峰值RSS_GiB,可行Latency上界_ms,Latency下界_ms,Latency相对Gap,成本上界违反_CNY
R1 Cost再认证,1,added_region_benders_cuts,137139,310,-459343492.0037055,-459343492.0037055,-456312743.6172176,3030748.386487901,2212471.526547998,-0.0,-0.0,-0.0,-142783279.19999963,-154222712.20370588,-162337500.60000005,0.0,0.0,0.0,-140570807.67345163,-153875304.9562261,-161866630.98754123,0.0,0.0,0.0,2212471.526547998,347407.2474797666,470869.6124588251,0,nan,False,,,0.22217178344726562,0.3761082132657369,RegionD,-459343492.0037055,,14.933823108673096,0.18577194213867188,,,,
R1 Cost再认证,2,added_region_benders_cuts,137139,313,-459343492.0037055,-459343492.0037055,-457676680.52952564,1666811.474179864,900616.977381736,-0.0,-0.0,-0.0,-142783279.19999963,-154222712.20370588,-162337500.60000005,0.0,0.0,0.0,-142680239.61089647,-153559557.2960123,-161436883.62261832,0.0,0.0,0.0,103039.58910316229,663154.9076935649,900616.977381736,0,nan,False,,,0.23328399658203125,0.519498062133789,RegionF,-459343492.0037055,,23.537214040756226,0.22150421142578125,,,,
R1 Cost再认证,3,added_region_benders_cuts,137139,315,-459343492.0037055,-459343492.0037055,-458718528.8643161,624963.1393893957,597428.1075134873,-0.0,-0.0,-0.0,-142783279.19999963,-154222712.20370588,-162337500.60000005,0.0,0.0,0.0,-142783279.19999963,-153625284.0961924,-162309965.5681253,0.0,0.0,0.0,0.0,597428.1075134873,27535.031874746084,0,nan,False,,,0.23050689697265625,0.6640836477279664,RegionE,-459343492.0037055,,32.21234917640686,0.23227310180664062,,,,
R1 Cost再认证,4,added_region_benders_cuts,137139,318,-459343492.0037055,-459343492.0037055,-459200208.17196876,143283.83173674345,128121.17338171601,-0.0,-0.0,-0.0,-142783279.19999963,-154222712.20370588,-162337500.60000005,0.0,0.0,0.0,-142778823.95830417,-154094591.03032416,-162326793.1833418,0.0,0.0,0.0,4455.241695463657,128121.17338171601,10707.416658252478,0,nan,False,,,0.23502731323242188,0.8476376295089721,RegionE,-459343492.0037055,,43.22558808326721,0.23233413696289062,,,,
R1 Cost再认证,5,added_region_benders_cuts,137139,321,-459343492.0037055,-459343492.0037055,-459147532.9159466,195959.08775889874,126584.99128708243,-0.0,-0.0,-0.0,-142783279.19999963,-154222712.20370588,-162337500.60000005,0.0,0.0,0.0,-142765815.72171316,-154096127.2124188,-162285589.981816,0.0,0.0,0.0,17463.478286474943,126584.99128708243,51910.61818405986,0,nan,False,,,0.24000930786132812,1.0017170826594035,RegionE,-459343492.0037055,,52.47035527229309,0.23522186279296875,,,,
R1 Cost再认证,6,added_region_benders_cuts,137139,323,-459343492.0037055,-459343492.0037055,-459025109.1779034,318382.8258020878,224245.48610848188,-0.0,-0.0,-0.0,-142783279.19999963,-154222712.20370588,-162337500.60000005,0.0,0.0,0.0,-142783279.19999963,-153998466.7175974,-162243363.2603077,0.0,0.0,0.0,0.0,224245.48610848188,94137.3396923542,0,nan,False,,,0.24270248413085938,1.1545379439989725,RegionE,-459343492.0037055,,61.639606952667236,0.24129867553710938,,,,
R1 Cost再认证,7,added_region_benders_cuts,137139,326,-459343492.0037055,-459343492.0037055,-459219567.5869234,123924.41678208113,111627.17148986459,-0.0,-0.0,-0.0,-142783279.19999963,-154222712.20370588,-162337500.60000005,0.0,0.0,0.0,-142777022.55697393,-154111085.032216,-162331459.99773464,0.0,0.0,0.0,6256.643025696278,111627.17148986459,6040.602265417576,0,nan,False,,,0.24670791625976562,1.3130202412605285,RegionE,-459343492.0037055,,71.1485447883606,0.27252197265625,,,,
R1 Cost再认证,8,added_region_benders_cuts,137139,328,-459343492.0037055,-459343492.0037055,-459196822.19355786,146669.8101476431,143344.56841218472,-0.0,-0.0,-0.0,-142783279.19999963,-154222712.20370588,-162337500.60000005,0.0,0.0,0.0,-142783279.19999963,-154079367.6352937,-162334175.3582659,0.0,0.0,0.0,0.0,143344.56841218472,3325.241734147072,0,nan,False,,,0.2901611328125,1.4638294021288554,RegionE,-459343492.0037055,,80.1970944404602,0.27252197265625,,,,
R1 Cost再认证,9,added_region_benders_cuts,137139,330,-459343492.0037055,-459343492.0037055,-459131218.3007587,212273.7029467821,149065.5156660974,-0.0,-0.0,-0.0,-142783279.19999963,-154222712.20370588,-162337500.60000005,0.0,0.0,0.0,-142783279.19999963,-154073646.68803978,-162274292.41272068,0.0,0.0,0.0,0.0,149065.5156660974,63208.18727937341,0,nan,False,,,0.25466156005859375,1.6280193686485291,RegionE,-459343492.0037055,,90.04849243164062,0.2905120849609375,,,,
R1 Cost再认证,10,added_region_benders_cuts,137139,332,-459343492.0037055,-459343492.0037055,-459205791.2080609,137700.79564458132,102873.89902994037,-0.0,-0.0,-0.0,-142783279.19999963,-154222712.20370588,-162337500.60000005,0.0,0.0,0.0,-142783279.19999963,-154119838.30467594,-162302673.7033867,0.0,0.0,0.0,0.0,102873.89902994037,34826.89661335945,0,nan,False,,,0.29261016845703125,1.7887667934099833,RegionE,-459343492.0037055,,99.69333791732788,0.2905120849609375,,,,
R1 Cost再认证,11,added_region_benders_cuts,137139,334,-459343492.0037055,-459343492.0037055,-459248732.00864583,94759.99505966902,82828.48947879672,-0.0,-0.0,-0.0,-142783279.19999963,-154222712.20370588,-162337500.60000005,0.0,0.0,0.0,-142783279.19999963,-154139883.71422708,-162325569.09442037,0.0,0.0,0.0,0.0,82828.48947879672,11931.505579680204,0,nan,False,,,0.2959136962890625,1.9668100794156393,RegionE,-459343492.0037055,,110.37593507766724,0.2905120849609375,,,,
R1 Cost再认证,12,added_region_benders_cuts,137139,336,-459343492.0037055,-459343492.0037055,-459175023.7147743,168468.28893119097,98305.24787822366,-0.0,-0.0,-0.0,-142783279.19999963,-154222712.20370588,-162337500.60000005,0.0,0.0,0.0,-142783279.19999963,-154124406.95582765,-162267337.5589485,0.0,0.0,0.0,0.0,98305.24787822366,70163.0410515666,0,nan,False,,,0.25707244873046875,2.1425830245018007,RegionE,-459343492.0037055,,120.92231178283691,0.2954368591308594,,,,
R1 Cost再认证,13,added_region_benders_cuts,137139,338,-459343492.0037055,-459343492.0037055,-459277427.12402374,66064.87968176603,39102.17437785864,-0.0,-0.0,-0.0,-142783279.19999963,-154222712.20370588,-162337500.60000005,0.0,0.0,0.0,-142783279.19999963,-154195749.49840313,-162298398.4256222,0.0,0.0,0.0,0.0,26962.705302745104,39102.17437785864,0,nan,False,,,0.2999687194824219,2.342712171872457,RegionF,-459343492.0037055,,132.9300606250763,0.2954368591308594,,,,
R1 Cost再认证,14,added_region_benders_cuts,137139,340,-459343492.0037055,-459343492.0037055,-459295645.60781753,47846.395887970924,46409.6637365222,-0.0,-0.0,-0.0,-142783279.19999963,-154222712.20370588,-162337500.60000005,0.0,0.0,0.0,-142783279.19999963,-154176302.53996935,-162336063.86784977,0.0,0.0,0.0,0.0,46409.6637365222,1436.732150286436,0,nan,False,,,0.29953765869140625,2.51757968266805,RegionE,-459343492.0037055,,143.4221112728119,0.3003196716308594,,,,
R1 Cost再认证,15,added_region_benders_cuts,137139,342,-459343492.0037055,-459343492.0037055,-459315565.3942059,27926.609499573708,25142.7551535666,-0.0,-0.0,-0.0,-142783279.19999963,-154222712.20370588,-162337500.60000005,0.0,0.0,0.0,-142783279.19999963,-154197569.4485523,-162334716.7456552,0.0,0.0,0.0,0.0,25142.7551535666,2783.854344844818,0,nan,False,,,0.25925445556640625,2.6839424411455792,RegionE,-459343492.0037055,,153.40387678146362,0.3003196716308594,,,,
R1 Cost再认证,16,added_region_benders_cuts,137139,344,-459343492.0037055,-459343492.0037055,-459295195.35178083,48296.65192466974,37319.09311002493,-0.0,-0.0,-0.0,-142783279.19999963,-154222712.20370588,-162337500.60000005,0.0,0.0,0.0,-142783279.19999963,-154185393.11059585,-162326523.04118657,0.0,0.0,0.0,0.0,37319.09311002493,10977.558813482523,0,nan,False,,,0.30783843994140625,2.8533679087956747,RegionE,-459343492.0037055,,163.56940484046936,0.3003196716308594,,,,
R1 Cost再认证,17,added_region_benders_cuts,137139,346,-459343492.0037055,-459343492.0037055,-459274483.9631127,69008.04059278965,47989.61829987168,-0.0,-0.0,-0.0,-142783279.19999963,-154222712.20370588,-162337500.60000005,0.0,0.0,0.0,-142783279.19999963,-154174722.585406,-162316482.1777083,0.0,0.0,0.0,0.0,47989.61829987168,21018.422291755676,0,nan,False,,,0.307769775390625,3.0344937086105346,RegionE,-459343492.0037055,,174.43695282936096,0.3079261779785156,,,,
R1 Cost再认证,18,added_region_benders_cuts,137139,347,-459343492.0037055,-459343492.0037055,-459303330.1247724,40161.87893307209,40161.8789319098,-0.0,-0.0,-0.0,-142783279.19999963,-154222712.20370588,-162337500.60000005,0.0,0.0,0.0,-142783279.19999963,-154182550.32477397,-162337500.60000005,0.0,0.0,0.0,0.0,40161.8789319098,0.0,0,nan,False,,,0.31427001953125,3.2092999895413716,RegionE,-459343492.0037055,,184.92532968521118,0.30825042724609375,,,,
R1 Cost再认证,19,added_region_benders_cuts,137139,349,-459343492.0037055,-459343492.0037055,-459299623.9872686,43868.01643687487,28079.318239331245,-0.0,-0.0,-0.0,-142783279.19999963,-154222712.20370588,-162337500.60000005,0.0,0.0,0.0,-142783279.19999963,-154194632.88546655,-162321711.9018038,0.0,0.0,0.0,0.0,28079.318239331245,15788.698196262121,0,nan,False,,,0.31829071044921875,3.385738774140676,RegionE,-459343492.0037055,,195.51165676116943,0.31472015380859375,,,,
R1 Cost再认证,20,added_region_benders_cuts,137139,350,-459343492.0037055,-459343492.0037055,-459323313.45625895,20178.54744654894,20178.547445386648,-0.0,-0.0,-0.0,-142783279.19999963,-154222712.20370588,-162337500.60000005,0.0,0.0,0.0,-142783279.19999963,-154202533.6562605,-162337500.60000005,0.0,0.0,0.0,0.0,20178.547445386648,0.0,0,nan,False,,,0.3227691650390625,3.5532271385192873,RegionE,-459343492.0037055,,205.5609586238861,0.3185691833496094,,,,
R1 Cost再认证,21,added_region_benders_cuts,137139,352,-459343492.0037055,-459343492.0037055,-459306658.3218749,36833.681830585,22332.0751452744,-0.0,-0.0,-0.0,-142783279.19999963,-154222712.20370588,-162337500.60000005,0.0,0.0,0.0,-142783279.19999963,-154208210.5970217,-162315168.52485478,0.0,0.0,0.0,0.0,14501.606684178114,22332.0751452744,0,nan,False,,,0.3189125061035156,3.705045672257741,RegionF,-459343492.0037055,,214.67007064819336,0.3229103088378906,,,,
R1 Cost再认证,22,added_region_benders_cuts,137139,354,-459343492.0037055,-459343492.0037055,-459300860.05408937,42631.94961613417,31504.454868346453,-0.0,-0.0,-0.0,-142783279.19999963,-154222712.20370588,-162337500.60000005,0.0,0.0,0.0,-142783279.19999963,-154191207.74883753,-162326373.10525343,0.0,0.0,0.0,0.0,31504.454868346453,11127.494746625423,0,nan,False,,,0.3198738098144531,3.863554584980011,RegionE,-459343492.0037055,,224.18060541152954,0.3229103088378906,,,,
R1 Cost再认证,23,added_region_benders_cuts,137139,356,-459343492.0037055,-459343492.0037055,-459322399.6092904,21092.394415080547,19099.544931560755,-0.0,-0.0,-0.0,-142783279.19999963,-154222712.20370588,-162337500.60000005,0.0,0.0,0.0,-142783279.19999963,-154203612.65877432,-162335507.7505178,0.0,0.0,0.0,0.0,19099.544931560755,1992.849482268095,0,nan,False,,,0.3283119201660156,4.024309996763865,RegionE,-459343492.0037055,,233.8259301185608,0.3229103088378906,,,,
R1 Cost再认证,24,added_region_benders_cuts,137139,357,-459343492.0037055,-459343492.0037055,-459276658.6669986,66833.33670687675,66833.33670565486,-0.0,-0.0,-0.0,-142783279.19999963,-154222712.20370588,-162337500.60000005,0.0,0.0,0.0,-142783279.19999963,-154155878.86700022,-162337500.60000005,0.0,0.0,0.0,0.0,66833.33670565486,0.0,0,nan,False,,,0.3226585388183594,4.191671204566956,RegionE,-459343492.0037055,,243.86760258674622,0.3284950256347656,,,,
R1 Cost再认证,25,added_region_benders_cuts,137139,358,-459343492.0037055,-459343492.0037055,-459315076.2585055,28415.74519997835,28415.745198726654,-0.0,-0.0,-0.0,-142783279.19999963,-154222712.20370588,-162337500.60000005,0.0,0.0,0.0,-142783279.19999963,-154194296.45850715,-162337500.60000005,0.0,0.0,0.0,0.0,28415.745198726654,0.0,0,nan,False,,,0.3269233703613281,4.3551669160525,RegionE,-459343492.0037055,,253.6773452758789,0.3284950256347656,,,,
R1 Cost再认证,26,added_region_benders_cuts,137139,359,-459343492.0037055,-459343492.0037055,-459325938.14966875,17553.85403674841,17553.85403558612,-0.0,-0.0,-0.0,-142783279.19999963,-154222712.20370588,-162337500.60000005,0.0,0.0,0.0,-142783279.19999963,-154205158.3496703,-162337500.60000005,0.0,0.0,0.0,0.0,17553.85403558612,0.0,0,nan,False,,,0.32558441162109375,4.523824234803517,RegionE,-459343492.0037055,,263.79678440093994,0.3284950256347656,,,,
R1 Cost再认证,27,added_region_benders_cuts,137139,360,-459343492.0037055,-459343492.0037055,-459331972.9308352,11519.072870314121,11519.07286915183,-0.0,-0.0,-0.0,-142783279.19999963,-154222712.20370588,-162337500.60000005,0.0,0.0,0.0,-142783279.19999963,-154211193.13083673,-162337500.60000005,0.0,0.0,0.0,0.0,11519.07286915183,0.0,0,nan,False,,,0.32697296142578125,4.681705021858216,RegionE,-459343492.0037055,,273.2696316242218,0.3284950256347656,,,,
R1 Cost再认证,28,added_region_benders_cuts,137139,361,-459343492.0037055,-459343492.0037055,-459318455.4081326,25036.59557288885,25036.595571666956,-0.0,-0.0,-0.0,-142783279.19999963,-154222712.20370588,-162337500.60000005,0.0,0.0,0.0,-142783279.19999963,-154197675.6081342,-162337500.60000005,0.0,0.0,0.0,0.0,25036.595571666956,0.0,0,nan,False,,,0.2762298583984375,4.828447671731313,RegionE,-459343492.0037055,,282.07419061660767,0.3284950256347656,,,,
R1 Cost再认证,29,added_region_benders_cuts,137139,363,-459343492.0037055,-459343492.0037055,-459325511.7761632,17980.22754228115,17975.41647401452,-0.0,-0.0,-0.0,-142783279.19999963,-154222712.20370588,-162337500.60000005,0.0,0.0,0.0,-142783279.19999963,-154204736.78723186,-162337495.78893295,0.0,0.0,0.0,0.0,17975.41647401452,4.8110671043396,0,nan,False,,,0.3313713073730469,4.893502128124237,RegionE,-459343492.0037055,,285.9774580001831,0.3284950256347656,,,,
R1 Cost再认证,30,added_region_benders_cuts,137139,365,-459343492.0037055,-459343492.0037055,-459334252.1977406,9239.805964887142,8529.343489259481,-0.0,-0.0,-0.0,-142783279.19999963,-154222712.20370588,-162337500.60000005,0.0,0.0,0.0,-142782568.73752517,-154214182.86021662,-162337500.60000005,0.0,0.0,0.0,710.4624744653702,8529.343489259481,0.0,0,nan,False,,,0.3214073181152344,4.961059367656707,RegionE,-459343492.0037055,,290.03089237213135,0.3315696716308594,,,,
R1 Cost再认证,31,added_region_benders_cuts,137139,367,-459343492.0037055,-459343492.0037055,-459321671.2049188,21820.798786699772,18707.295293539762,-0.0,-0.0,-0.0,-142783279.19999963,-154222712.20370588,-162337500.60000005,0.0,0.0,0.0,-142783279.19999963,-154204004.90841234,-162334387.096508,0.0,0.0,0.0,0.0,18707.295293539762,3113.5034920573235,0,nan,False,,,0.3308868408203125,5.0266193072001135,RegionE,-459343492.0037055,,293.9644887447357,0.3315696716308594,,,,
R1 Cost再认证,32,added_region_benders_cuts,137139,369,-459343492.0037055,-459343492.0037055,-459327752.5454659,15739.458239614964,9518.535479933023,-0.0,-0.0,-0.0,-142783279.19999963,-154222712.20370588,-162337500.60000005,0.0,0.0,0.0,-142783279.19999963,-154213193.66822594,-162331279.67724165,0.0,0.0,0.0,0.0,9518.535479933023,6220.92275840044,0,nan,False,,,0.3286590576171875,5.088467212518056,RegionE,-459343492.0037055,,297.67536306381226,0.3315696716308594,,,,
R1 Cost再认证,33,added_region_benders_cuts,137139,370,-459343492.0037055,-459343492.0037055,-459300128.1242236,43363.87948191166,43363.879480689764,-0.0,-0.0,-0.0,-142783279.19999963,-154222712.20370588,-162337500.60000005,0.0,0.0,0.0,-142783279.19999963,-154179348.3242252,-162337500.60000005,0.0,0.0,0.0,0.0,43363.879480689764,0.0,0,nan,False,,,0.33180999755859375,5.150918340682983,RegionE,-459343492.0037055,,301.4224307537079,0.3315696716308594,,,,
R1 Cost再认证,34,added_region_benders_cuts,137139,372,-459343492.0037055,-459343492.0037055,-459336163.3657181,7328.637987375259,4772.628691226244,-0.0,-0.0,-0.0,-142783279.19999963,-154222712.20370588,-162337500.60000005,0.0,0.0,0.0,-142783279.19999963,-154217939.57501465,-162334944.59070513,0.0,0.0,0.0,0.0,4772.628691226244,2556.00929492712,0,nan,False,,,0.3314857482910156,5.217079675197601,RegionE,-459343492.0037055,,305.39211082458496,0.3321571350097656,,,,
R1 Cost再认证,35,added_region_benders_cuts,137139,374,-459343492.0037055,-459343492.0037055,-459315712.28211766,27779.721587836742,15405.360302060843,-0.0,-0.0,-0.0,-142783279.19999963,-154222712.20370588,-162337500.60000005,0.0,0.0,0.0,-142783279.19999963,-154207306.84340382,-162325126.2387155,0.0,0.0,0.0,0.0,15405.360302060843,12374.361284554005,0,nan,False,,,0.3294105529785156,5.2787327806154885,RegionE,-459343492.0037055,,309.0912971496582,0.3321571350097656,,,,
R1 Cost再认证,36,added_region_benders_cuts,137139,375,-459343492.0037055,-459343492.0037055,-459319882.9433043,23609.060401201248,23609.060400009155,-0.0,-0.0,-0.0,-142783279.19999963,-154222712.20370588,-162337500.60000005,0.0,0.0,0.0,-142783279.19999963,-154199103.14330587,-162337500.60000005,0.0,0.0,0.0,0.0,23609.060400009155,0.0,0,nan,False,,,0.3351936340332031,5.341885352134705,RegionE,-459343492.0037055,,312.88045144081116,0.3321571350097656,,,,
R1 Cost再认证,37,added_region_benders_cuts,137139,376,-459343492.0037055,-459343492.0037055,-459328866.1698845,14625.833820998669,14625.833819806576,-0.0,-0.0,-0.0,-142783279.19999963,-154222712.20370588,-162337500.60000005,0.0,0.0,0.0,-142783279.19999963,-154208086.36988607,-162337500.60000005,0.0,0.0,0.0,0.0,14625.833819806576,0.0,0,nan,False,,,0.33277130126953125,5.405875138441721,RegionE,-459343492.0037055,,316.7198386192322,0.3354682922363281,,,,
R1 Cost再认证,38,added_region_benders_cuts,137139,378,-459343492.0037055,-459343492.0037055,-459327801.3559891,15690.647716403008,13103.318385154009,-0.0,-0.0,-0.0,-142783279.19999963,-154222712.20370588,-162337500.60000005,0.0,0.0,0.0,-142783279.19999963,-154209608.88532072,-162334913.27067,0.0,0.0,0.0,0.0,13103.318385154009,2587.3293300569057,0,nan,False,,,0.33989715576171875,5.4681569536526995,RegionE,-459343492.0037055,,320.45674753189087,0.3354682922363281,,,,
R1 Cost再认证,39,added_region_benders_cuts,137139,379,-459343492.0037055,-459343492.0037055,-459330955.6605378,12536.343167722225,12536.343166470528,-0.0,-0.0,-0.0,-142783279.19999963,-154222712.20370588,-162337500.60000005,0.0,0.0,0.0,-142783279.19999963,-154210175.8605394,-162337500.60000005,0.0,0.0,0.0,0.0,12536.343166470528,0.0,0,nan,False,,,0.340911865234375,5.532640167077383,RegionE,-459343492.0037055,,324.3257403373718,0.33927154541015625,,,,
R1 Cost再认证,40,added_region_benders_cuts,137139,380,-459343492.0037055,-459343492.0037055,-459327650.4461858,15841.557519674301,15841.55751851201,-0.0,-0.0,-0.0,-142783279.19999963,-154222712.20370588,-162337500.60000005,0.0,0.0,0.0,-142783279.19999963,-154206870.64618737,-162337500.60000005,0.0,0.0,0.0,0.0,15841.55751851201,0.0,0,nan,False,,,0.33954620361328125,5.600285017490387,RegionE,-459343492.0037055,,328.3844313621521,0.3412208557128906,,,,
R1 Cost再认证,41,added_region_benders_cuts,137139,381,-459343492.0037055,-459343492.0037055,-459333569.56319296,9922.440512537956,9922.440511256456,-0.0,-0.0,-0.0,-142783279.19999963,-154222712.20370588,-162337500.60000005,0.0,0.0,0.0,-142783279.19999963,-154212789.76319462,-162337500.60000005,0.0,0.0,0.0,0.0,9922.440511256456,0.0,0,nan,False,,,0.3426628112792969,5.668214154243469,RegionE,-459343492.0037055,,332.46017956733704,0.3412208557128906,,,,
R1 Cost再认证,42,added_region_benders_cuts,137139,382,-459343492.0037055,-459343492.0037055,-459340688.8007043,2803.203001201153,2803.2029999792576,-0.0,-0.0,-0.0,-142783279.19999963,-154222712.20370588,-162337500.60000005,0.0,0.0,0.0,-142783279.19999963,-154219909.0007059,-162337500.60000005,0.0,0.0,0.0,0.0,2803.2029999792576,0.0,0,nan,False,,,0.3413047790527344,5.731314587593078,RegionE,-459343492.0037055,,336.2462055683136,0.3428840637207031,,,,
R1 Cost再认证,43,added_region_benders_cuts,137139,383,-459340688.80070555,-459340688.80070555,-459335778.05895895,4910.741746604443,4910.741745352745,-0.0,-0.0,-0.0,-142783279.19999963,-154219909.0007059,-162337500.60000005,0.0,0.0,0.0,-142783279.19999963,-154214998.25896055,-162337500.60000005,0.0,0.0,0.0,0.0,4910.741745352745,0.0,0,nan,False,,,0.3422660827636719,5.795460347334544,RegionE,-459340688.80070555,,340.0949511528015,0.3428840637207031,,,,
R1 Cost再认证,44,added_region_benders_cuts,137139,385,-459340688.80070555,-459340688.80070555,-459330399.51947266,10289.281232893467,10224.371817618608,-0.0,-0.0,-0.0,-142783279.19999963,-154219909.0007059,-162337500.60000005,0.0,0.0,0.0,-142783279.19999963,-154209684.62888828,-162337435.690586,0.0,0.0,0.0,0.0,10224.371817618608,64.90941405296326,0,nan,False,,,0.3438377380371094,5.86009635925293,RegionE,-459340688.80070555,,343.97311186790466,0.3428840637207031,,,,
R1 Cost再认证,45,added_region_benders_cuts,137139,386,-459340688.80070555,-459340688.80070555,-459335802.27130294,4886.52940261364,4886.529401481152,-0.0,-0.0,-0.0,-142783279.19999963,-154219909.0007059,-162337500.60000005,0.0,0.0,0.0,-142783279.19999963,-154215022.47130442,-162337500.60000005,0.0,0.0,0.0,0.0,4886.529401481152,0.0,0,nan,False,,,0.3433685302734375,5.923624857266744,RegionE,-459340688.80070555,,347.7848217487335,0.34404754638671875,,,,
R1 Cost再认证,46,added_region_benders_cuts,137139,387,-459340688.80070555,-459340688.80070555,-459340211.44013023,477.3605753183365,477.3605741262436,-0.0,-0.0,-0.0,-142783279.19999963,-154219909.0007059,-162337500.60000005,0.0,0.0,0.0,-142783279.19999963,-154219431.64013177,-162337500.60000005,0.0,0.0,0.0,0.0,477.3605741262436,0.0,0,nan,False,,,0.3429412841796875,5.986036348342895,RegionE,-459340688.80070555,,351.5295112133026,0.34404754638671875,,,,
R1 Cost再认证,47,added_region_benders_cuts,137139,388,-459340688.80070555,-459340688.80070555,-459327509.2521788,13179.548526763916,13179.548525571823,-0.0,-0.0,-0.0,-142783279.19999963,-154219909.0007059,-162337500.60000005,0.0,0.0,0.0,-142783279.19999963,-154206729.45218033,-162337500.60000005,0.0,0.0,0.0,0.0,13179.548525571823,0.0,0,nan,False,,,0.3424530029296875,6.102744845549266,RegionE,-459340688.80070555,,358.5320210456848,0.34404754638671875,,,,
R1 Cost再认证,48,added_region_benders_cuts,137139,390,-459340688.80070555,-459340688.80070555,-459332914.2392507,7774.561454832554,7774.430359423161,-0.0,-0.0,-0.0,-142783279.19999963,-154219909.0007059,-162337500.60000005,0.0,0.0,0.0,-142783279.19999963,-154212134.57034647,-162337500.468906,0.0,0.0,0.0,0.0,7774.430359423161,0.1310940682888031,0,nan,False,,,0.3428535461425781,6.257265953222911,RegionE,-459340688.80070555,,367.8032875061035,0.34404754638671875,,,,
R1 Cost再认证,49,added_region_benders_cuts,137139,391,-459340688.80070555,-459340688.80070555,-459340102.96653,585.8341755270958,585.8341742455959,-0.0,-0.0,-0.0,-142783279.19999963,-154219909.0007059,-162337500.60000005,0.0,0.0,0.0,-142783279.19999963,-154219323.16653165,-162337500.60000005,0.0,0.0,0.0,0.0,585.8341742455959,0.0,0,nan,False,,,0.34358978271484375,6.405795439084371,RegionE,-459340688.80070555,,376.71505665779114,0.34404754638671875,,,,
R1 Cost再认证,50,added_region_benders_cuts,137139,392,-459340688.80070555,-459340688.80070555,-459317516.7528897,23172.047815859318,23172.04781460762,-0.0,-0.0,-0.0,-142783279.19999963,-154219909.0007059,-162337500.60000005,0.0,0.0,0.0,-142783279.19999963,-154196736.9528913,-162337500.60000005,0.0,0.0,0.0,0.0,23172.04781460762,0.0,0,nan,False,,,0.3408203125,6.5708518902460735,RegionE,-459340688.80070555,,386.6184437274933,0.34404754638671875,,,,
R1 Cost再认证,51,added_region_benders_cuts,137139,393,-459340688.80070555,-459340688.80070555,-459340685.3570524,3.443653166294098,3.4436519145965576,-0.0,-0.0,-0.0,-142783279.19999963,-154219909.0007059,-162337500.60000005,0.0,0.0,0.0,-142783279.19999963,-154219905.55705398,-162337500.60000005,0.0,0.0,0.0,0.0,3.4436519145965576,0.0,0,nan,False,,,0.3447532653808594,6.721598402659098,RegionE,-459340688.80070555,,395.6632344722748,0.34404754638671875,,,,
R1 Cost再认证,52,added_region_benders_cuts,137139,395,-459340688.80070555,-459340688.80070555,-459338681.4515081,2007.3491974473,2005.904085457325,-0.0,-0.0,-0.0,-142783279.19999963,-154219909.0007059,-162337500.60000005,0.0,0.0,0.0,-142783279.19999963,-154217903.09662044,-162337499.15488926,0.0,0.0,0.0,0.0,2005.904085457325,1.44511079788208,0,nan,False,,,0.3456916809082031,6.8735873103141785,RegionE,-459340688.80070555,,404.7825689315796,0.34493255615234375,,,,
R1 Cost再认证,53,added_region_benders_cuts,137139,396,-459340688.80070555,-459340688.80070555,-459336613.56912214,4075.231583416462,4075.231582224369,-0.0,-0.0,-0.0,-142783279.19999963,-154219909.0007059,-162337500.60000005,0.0,0.0,0.0,-142783279.19999963,-154215833.76912367,-162337500.60000005,0.0,0.0,0.0,0.0,4075.231582224369,0.0,0,nan,False,,,0.34433746337890625,6.940444004535675,RegionE,-459340688.80070555,,408.7939705848694,0.3459053039550781,,,,
R1 Cost再认证,54,added_region_benders_cuts,137139,398,-459340688.80070555,-459340688.80070555,-459336069.38386565,4619.416839897633,3279.1500204503536,-0.0,-0.0,-0.0,-142783279.19999963,-154219909.0007059,-162337500.60000005,0.0,0.0,0.0,-142783279.19999963,-154216629.85068545,-162336160.33318183,0.0,0.0,0.0,0.0,3279.1500204503536,1340.2668182253838,0,nan,False,,,0.34526824951171875,7.002916395664215,RegionE,-459340688.80070555,,412.5423140525818,0.3459053039550781,,,,
R1 Cost再认证,55,added_region_benders_cuts,137139,400,-459340688.80070555,-459340688.80070555,-459329979.064,10709.73670554161,9498.34897902608,-0.0,-0.0,-0.0,-142783279.19999963,-154219909.0007059,-162337500.60000005,0.0,0.0,0.0,-142783279.19999963,-154210410.65172687,-162336289.21227476,0.0,0.0,0.0,0.0,9498.34897902608,1211.3877252936363,0,nan,False,,,0.3482398986816406,7.067664802074432,RegionE,-459340688.80070555,,416.4272184371948,0.3459053039550781,,,,
R1 Cost再认证,56,added_region_benders_cuts,137139,402,-459340688.80070555,-459340688.80070555,-459334128.291637,6560.509068548679,5565.110067844391,-0.0,-0.0,-0.0,-142783279.19999963,-154219909.0007059,-162337500.60000005,0.0,0.0,0.0,-142783279.19999963,-154218913.60170636,-162331935.4899322,0.0,0.0,0.0,0.0,995.3989995419979,5565.110067844391,0,nan,False,,,0.3461112976074219,7.130794552961985,RegionF,-459340688.80070555,,420.215003490448,0.3485527038574219,,,,
R1 Cost再认证,57,root_lp_closed,137139,402,-459340688.80070555,-459340688.80070555,-459340688.8007043,1.2516975402832031e-06,0.0,-0.0,-0.0,-0.0,-142783279.19999963,-154219909.0007059,-162337500.60000005,0.0,0.0,0.0,-142783279.19999963,-154219909.0007059,-162337500.60000005,0.0,0.0,0.0,0.0,0.0,0.0,0,0.0,True,,,0.277130126953125,7.410923135280609,RegionA,-459340688.80070555,,437.02271842956543,0.3485527038574219,,,,
R1 Cost再认证,57,integer_added_region_benders_cuts,137139,405,-459340688.80070555,-459340688.80070555,-458915638.4099378,425050.3907677531,209335.783703655,0.0,0.0,0.0,-142783279.19999963,-154219909.0007059,-162337500.60000005,0.0,0.0,0.0,-142656408.68392876,-154131064.90971386,-162128164.8162964,0.0,0.0,0.0,126870.51607087255,88844.09099203348,209335.783703655,0,0.0,False,需要继续,-459340688.80070555,0.277130126953125,7.410923135280609,RegionF,-459340688.80070555,0.0,437.02271842956543,0.3485527038574219,,,,0.0
R1 Cost再认证,58,added_region_benders_cuts,137139,406,-459340688.80070555,-459340688.80070555,-459319131.3456038,21557.45510172844,21557.45510056615,-0.0,-0.0,-0.0,-142783279.19999963,-154219909.0007059,-162337500.60000005,0.0,0.0,0.0,-142783279.19999963,-154198351.54560533,-162337500.60000005,0.0,0.0,0.0,0.0,21557.45510056615,0.0,0,nan,False,,,0.34368133544921875,7.859923295180002,RegionE,-459340688.80070555,,463.96272802352905,0.3485527038574219,,,,
R1 Cost再认证,59,added_region_benders_cuts,137139,408,-459340688.80070555,-459340688.80070555,-459298796.1681767,41892.632528841496,24176.566520750523,-0.0,-0.0,-0.0,-142783279.19999963,-154219909.0007059,-162337500.60000005,0.0,0.0,0.0,-142783279.19999963,-154195732.43418515,-162319784.5339932,0.0,0.0,0.0,0.0,24176.566520750523,17716.066006839275,0,nan,False,,,0.34391021728515625,7.923442852497101,RegionE,-459340688.80070555,,467.77390146255493,0.3485527038574219,,,,
R1 Cost再认证,60,added_region_benders_cuts,137139,409,-459340688.80070555,-459340688.80070555,-459330387.11652374,10301.684181809425,10301.68418058753,-0.0,-0.0,-0.0,-142783279.19999963,-154219909.0007059,-162337500.60000005,0.0,0.0,0.0,-142783279.19999963,-154219909.0007059,-162327198.91581947,0.0,0.0,0.0,0.0,0.0,10301.68418058753,0,nan,False,,,0.34381103515625,7.985104978084564,RegionF,-459340688.80070555,,471.47362899780273,0.3485527038574219,,,,
R1 Cost再认证,61,added_region_benders_cuts,137139,411,-459340688.80070555,-459340688.80070555,-459317079.1178393,23609.68286627531,12695.788014948368,-0.0,-0.0,-0.0,-142783279.19999963,-154219909.0007059,-162337500.60000005,0.0,0.0,0.0,-142783279.19999963,-154208995.10585582,-162324804.8119851,0.0,0.0,0.0,0.0,10913.894850075245,12695.788014948368,0,nan,False,,,0.3464164733886719,8.047127409776051,RegionF,-459340688.80070555,,475.194974899292,0.3485527038574219,,,,
R1 Cost再认证,62,added_region_benders_cuts,137139,413,-459340688.80070555,-459340688.80070555,-459312850.0155434,27838.78516215086,23858.556887686253,-0.0,-0.0,-0.0,-142783279.19999963,-154219909.0007059,-162337500.60000005,0.0,0.0,0.0,-142783279.19999963,-154196050.4438182,-162333520.3717268,0.0,0.0,0.0,0.0,23858.556887686253,3980.228273242712,0,nan,False,,,0.34210205078125,8.109890878200531,RegionE,-459340688.80070555,,478.96078300476074,0.3485527038574219,,,,
R1 Cost再认证,63,added_region_benders_cuts,137139,414,-459340688.80070555,-459340688.80070555,-459337484.72756636,3204.073139190674,3204.0731379687786,-0.0,-0.0,-0.0,-142783279.19999963,-154219909.0007059,-162337500.60000005,0.0,0.0,0.0,-142783279.19999963,-154219909.0007059,-162334296.52686208,0.0,0.0,0.0,0.0,0.0,3204.0731379687786,0,nan,False,,,0.3428688049316406,8.172650289535522,RegionF,-459340688.80070555,,482.72634768486023,0.3485527038574219,,,,
R1 Cost再认证,64,root_lp_closed,137139,414,-459340688.80070555,-459340688.80070555,-459340688.8007043,1.2516975402832031e-06,0.0,-0.0,-0.0,-0.0,-142783279.19999963,-154219909.0007059,-162337500.60000005,0.0,0.0,0.0,-142783279.19999963,-154219909.0007059,-162337500.60000005,0.0,0.0,0.0,0.0,0.0,0.0,0,0.0,True,,,0.2843589782714844,8.449036920070649,RegionA,-459340688.80070555,,499.3095455169678,0.3485527038574219,,,,
R1 Cost再认证,64,integer_added_region_benders_cuts,137139,417,-459340688.80070555,-459340688.80070555,-458085853.90157,1254834.89913553,1044398.6881063282,0.0,0.0,0.0,-142783279.19999963,-154219909.0007059,-162337500.60000005,0.0,0.0,0.0,-141738880.5118933,-154072325.3211941,-162274648.0684838,0.0,0.0,0.0,1044398.6881063282,147583.6795117855,62852.53151625395,0,0.0,False,需要继续,-459340688.80070555,0.2843589782714844,8.449036920070649,RegionD,-459340688.80070555,0.0,499.3095455169678,0.3485527038574219,,,,0.0
R1 Cost再认证,65,added_region_benders_cuts,137139,420,-459340688.80070555,-459340688.80070555,-459265961.4222822,74727.37842333317,48691.1845908165,-0.0,-0.0,-0.0,-142783279.19999963,-154219909.0007059,-162337500.60000005,0.0,0.0,0.0,-142779266.2999013,-154171217.81611508,-162315477.30626708,0.0,0.0,0.0,4012.900098323822,48691.1845908165,22023.293732970953,0,nan,False,,,0.3609657287597656,8.92173256079356,RegionE,-459340688.80070555,,527.6712839603424,0.35912322998046875,,,,
R1 Cost再认证,66,added_region_benders_cuts,137139,422,-459340688.80070555,-459340688.80070555,-459211220.1508847,129468.6498208642,111800.56133517623,-0.0,-0.0,-0.0,-142783279.19999963,-154219909.0007059,-162337500.60000005,0.0,0.0,0.0,-142783279.19999963,-154108108.43937072,-162319832.51151556,0.0,0.0,0.0,0.0,111800.56133517623,17668.08848449588,0,nan,False,,,0.28926849365234375,8.985997100671133,RegionE,-459340688.80070555,,531.5271563529968,0.36022186279296875,,,,
R1 Cost再认证,67,added_region_benders_cuts,137139,424,-459340688.80070555,-459340688.80070555,-459299720.647226,40968.15347957611,31748.065390348434,-0.0,-0.0,-0.0,-142783279.19999963,-154219909.0007059,-162337500.60000005,0.0,0.0,0.0,-142783279.19999963,-154210688.91261795,-162305752.5346097,0.0,0.0,0.0,0.0,9220.088087946177,31748.065390348434,0,nan,False,,,0.36431121826171875,9.048758379618327,RegionF,-459340688.80070555,,535.2928330898285,0.36022186279296875,,,,
R1 Cost再认证,68,added_region_benders_cuts,137139,426,-459340688.80070555,-459340688.80070555,-459314477.7970884,26211.003617167473,23436.519878268242,-0.0,-0.0,-0.0,-142783279.19999963,-154219909.0007059,-162337500.60000005,0.0,0.0,0.0,-142783279.19999963,-154217134.5169682,-162314064.0801218,0.0,0.0,0.0,0.0,2774.483737707138,23436.519878268242,0,nan,False,,,0.3643341064453125,9.110841802755992,RegionF,-459340688.80070555,,539.0178384780884,0.3645057678222656,,,,
R1 Cost再认证,69,added_region_benders_cuts,137139,428,-459340688.80070555,-459340688.80070555,-459302470.7292284,38218.07147717476,24336.796166211367,-0.0,-0.0,-0.0,-142783279.19999963,-154219909.0007059,-162337500.60000005,0.0,0.0,0.0,-142783279.19999963,-154195572.2045397,-162323619.32469028,0.0,0.0,0.0,0.0,24336.796166211367,13881.2753097713,0,nan,False,,,0.3604545593261719,9.174310831228892,RegionE,-459340688.80070555,,542.8259801864624,0.3646583557128906,,,,
R1 Cost再认证,70,added_region_benders_cuts,137139,430,-459340688.80070555,-459340688.80070555,-459305365.1870698,35323.61363577843,24610.826229929924,-0.0,-0.0,-0.0,-142783279.19999963,-154219909.0007059,-162337500.60000005,0.0,0.0,0.0,-142783279.19999963,-154195298.17447597,-162326787.81259537,0.0,0.0,0.0,0.0,24610.826229929924,10712.787404686213,0,nan,False,,,0.3610649108886719,9.302527801195781,RegionE,-459340688.80070555,,550.5189983844757,0.3646583557128906,,,,
R1 Cost再认证,71,added_region_benders_cuts,137139,432,-459340688.80070555,-459340688.80070555,-459314041.95501786,26646.845687687397,22852.4195805192,-0.0,-0.0,-0.0,-142783279.19999963,-154219909.0007059,-162337500.60000005,0.0,0.0,0.0,-142783279.19999963,-154197056.58112538,-162333706.1738942,0.0,0.0,0.0,0.0,22852.4195805192,3794.4261058568954,0,nan,False,,,0.361663818359375,9.41130512158076,RegionE,-459340688.80070555,,557.0456376075745,0.3646583557128906,,,,
R1 Cost再认证,72,added_region_benders_cuts,137139,434,-459340688.80070555,-459340688.80070555,-459331102.1399497,9586.660755872726,7791.129274964333,-0.0,-0.0,-0.0,-142783279.19999963,-154219909.0007059,-162337500.60000005,0.0,0.0,0.0,-142783279.19999963,-154212117.87143093,-162335705.0685204,0.0,0.0,0.0,0.0,7791.129274964333,1795.5314796566963,0,nan,False,,,0.364288330078125,9.474178397655487,RegionE,-459340688.80070555,,560.8180341720581,0.3646583557128906,,,,
R1 Cost再认证,73,added_region_benders_cuts,137139,435,-459340688.80070555,-459340688.80070555,-459332381.9309502,8306.869755327702,8306.869754076004,-0.0,-0.0,-0.0,-142783279.19999963,-154219909.0007059,-162337500.60000005,0.0,0.0,0.0,-142783279.19999963,-154211602.13095182,-162337500.60000005,0.0,0.0,0.0,0.0,8306.869754076004,0.0,0,nan,False,,,0.3635673522949219,9.540936108430227,RegionE,-459340688.80070555,,564.8234968185425,0.3646583557128906,,,,
R1 Cost再认证,74,added_region_benders_cuts,137139,437,-459340688.80070555,-459340688.80070555,-459333773.3405821,6915.460123479366,4206.457427084446,-0.0,-0.0,-0.0,-142783279.19999963,-154219909.0007059,-162337500.60000005,0.0,0.0,0.0,-142783279.19999963,-154217199.9980107,-162333294.14257297,0.0,0.0,0.0,0.0,2709.0026952028275,4206.457427084446,0,nan,False,,,0.3649330139160156,9.686512013276419,RegionF,-459340688.80070555,,573.558051109314,0.3646583557128906,,,,
R1 Cost再认证,75,added_region_benders_cuts,137139,438,-459340688.80070555,-459340688.80070555,-459332915.9133031,7772.88740247488,7772.887401282787,-0.0,-0.0,-0.0,-142783279.19999963,-154219909.0007059,-162337500.60000005,0.0,0.0,0.0,-142783279.19999963,-154212136.11330462,-162337500.60000005,0.0,0.0,0.0,0.0,7772.887401282787,0.0,0,nan,False,,,0.3659400939941406,9.844200551509857,RegionE,-459340688.80070555,,583.0193634033203,0.3651885986328125,,,,
R1 Cost再认证,76,added_region_benders_cuts,137139,439,-459340688.80070555,-459340688.80070555,-459319604.70031327,21084.10039228201,21084.100391089916,-0.0,-0.0,-0.0,-142783279.19999963,-154219909.0007059,-162337500.60000005,0.0,0.0,0.0,-142783279.19999963,-154198824.9003148,-162337500.60000005,0.0,0.0,0.0,0.0,21084.100391089916,0.0,0,nan,False,,,0.3640594482421875,10.032985111077627,RegionE,-459340688.80070555,,594.3464369773865,0.36615753173828125,,,,
R1 Cost再认证,77,added_region_benders_cuts,137139,441,-459340688.80070555,-459340688.80070555,-459329713.6582052,10975.142500340939,7576.063024759293,-0.0,-0.0,-0.0,-142783279.19999963,-154219909.0007059,-162337500.60000005,0.0,0.0,0.0,-142783279.19999963,-154212332.93768114,-162334101.52052575,0.0,0.0,0.0,0.0,7576.063024759293,3399.079474300146,0,nan,False,,,0.36321258544921875,10.20357767343521,RegionE,-459340688.80070555,,604.5819907188416,0.36615753173828125,,,,
R1 Cost再认证,78,added_region_benders_cuts,137139,442,-459340688.80070555,-459340688.80070555,-459323563.00469524,17125.79601031542,17125.796009123325,-0.0,-0.0,-0.0,-142783279.19999963,-154219909.0007059,-162337500.60000005,0.0,0.0,0.0,-142783279.19999963,-154202783.20469677,-162337500.60000005,0.0,0.0,0.0,0.0,17125.796009123325,0.0,0,nan,False,,,0.36582183837890625,10.268249273300171,RegionE,-459340688.80070555,,608.4622867107391,0.36615753173828125,,,,
R1 Cost再认证,79,added_region_benders_cuts,137139,443,-459340688.80070555,-459340688.80070555,-459331429.5738327,9259.226872861385,9259.22687163949,-0.0,-0.0,-0.0,-142783279.19999963,-154219909.0007059,-162337500.60000005,0.0,0.0,0.0,-142783279.19999963,-154219909.0007059,-162328241.3731284,0.0,0.0,0.0,0.0,0.0,9259.22687163949,0,nan,False,,,0.3635978698730469,10.331486642360687,RegionF,-459340688.80070555,,612.2565288543701,0.36615753173828125,,,,
R1 Cost再认证,80,added_region_benders_cuts,137139,445,-459340688.80070555,-459340688.80070555,-459323181.6988649,17507.101840674877,14768.576896309853,-0.0,-0.0,-0.0,-142783279.19999963,-154219909.0007059,-162337500.60000005,0.0,0.0,0.0,-142783279.19999963,-154205140.4238096,-162334762.07505694,0.0,0.0,0.0,0.0,14768.576896309853,2738.524943113327,0,nan,False,,,0.3662452697753906,10.410990118980408,RegionE,-459340688.80070555,,617.0267374515533,0.36615753173828125,,,,
R1 Cost再认证,81,added_region_benders_cuts,137139,447,-459340688.80070555,-459340688.80070555,-459315375.85886365,25312.94184190035,24855.51514840126,-0.0,-0.0,-0.0,-142783279.19999963,-154219909.0007059,-162337500.60000005,0.0,0.0,0.0,-142783279.19999963,-154195053.4855575,-162337043.17330778,0.0,0.0,0.0,0.0,24855.51514840126,457.42669227719307,0,nan,False,,,0.3653221130371094,10.547932807604472,RegionE,-459340688.80070555,,625.2432987689972,0.3664512634277344,,,,
R1 Cost再认证,82,added_region_benders_cuts,137139,449,-459340688.80070555,-459340688.80070555,-459330940.1750968,9748.625608742237,5833.983189105988,-0.0,-0.0,-0.0,-142783279.19999963,-154219909.0007059,-162337500.60000005,0.0,0.0,0.0,-142783279.19999963,-154214075.0175168,-162333585.9575816,0.0,0.0,0.0,0.0,5833.983189105988,3914.6424184441566,0,nan,False,,,0.36617279052734375,10.614538757006327,RegionE,-459340688.80070555,,629.2396557331085,0.3664512634277344,,,,
R1 Cost再认证,83,added_region_benders_cuts,137139,450,-459340688.80070555,-459340688.80070555,-459340220.0580962,468.7426093816757,468.7426081597805,-0.0,-0.0,-0.0,-142783279.19999963,-154219909.0007059,-162337500.60000005,0.0,0.0,0.0,-142783279.19999963,-154219909.0007059,-162337031.8573919,0.0,0.0,0.0,0.0,0.0,468.7426081597805,0,nan,False,,,0.3646392822265625,10.678725818792978,RegionF,-459340688.80070555,,633.0908794403076,0.36660003662109375,,,,
R1 Cost再认证,84,added_region_benders_cuts,137139,452,-459340688.80070555,-459340688.80070555,-459309342.34012216,31346.460583388805,28622.727399885654,-0.0,-0.0,-0.0,-142783279.19999963,-154219909.0007059,-162337500.60000005,0.0,0.0,0.0,-142783279.19999963,-154191286.273306,-162334776.86681768,0.0,0.0,0.0,0.0,28622.727399885654,2723.7331823706627,0,nan,False,,,0.36569976806640625,10.741867880026499,RegionE,-459340688.80070555,,636.8794031143188,0.36660003662109375,,,,
R1 Cost再认证,85,root_lp_closed,137139,452,-459340688.80070555,-459340688.80070555,-459340688.8007043,1.2516975402832031e-06,0.0,-0.0,-0.0,-0.0,-142783279.19999963,-154219909.0007059,-162337500.60000005,0.0,0.0,0.0,-142783279.19999963,-154219909.0007059,-162337500.60000005,0.0,0.0,0.0,0.0,0.0,0.0,0,0.0,True,,,0.289520263671875,11.02284305493037,RegionA,-459340688.80070555,,653.737913608551,0.36660003662109375,,,,
R1 Cost再认证,85,integer_added_region_benders_cuts,137139,454,-459340688.80070555,-459340688.80070555,-459141358.9896717,199329.81103384495,162701.90750470757,0.0,0.0,0.0,-142783279.19999963,-154219909.0007059,-162337500.60000005,0.0,0.0,0.0,-142783279.19999963,-154183281.09717804,-162174798.69249535,0.0,0.0,0.0,0.0,36627.90352785587,162701.90750470757,0,0.0,False,需要继续,-459340688.80070555,0.289520263671875,11.02284305493037,RegionF,-459340688.80070555,0.0,653.737913608551,0.36660003662109375,,,,0.0
R1 Cost再认证,86,added_region_benders_cuts,137139,455,-459340688.80070555,-459340688.80070555,-459340105.2852906,583.5154149532318,583.5154137611389,-0.0,-0.0,-0.0,-142783279.19999963,-154219909.0007059,-162337500.60000005,0.0,0.0,0.0,-142783279.19999963,-154219325.48529214,-162337500.60000005,0.0,0.0,0.0,0.0,583.5154137611389,0.0,0,nan,False,,,0.35552978515625,11.905598302682241,RegionE,-459340688.80070555,,706.7032284736633,0.36660003662109375,,,,
R1 Cost再认证,87,added_region_benders_cuts,137139,456,-459340688.80070555,-459340688.80070555,-459338845.975514,1842.8251915574074,1842.8251903057098,-0.0,-0.0,-0.0,-142783279.19999963,-154219909.0007059,-162337500.60000005,0.0,0.0,0.0,-142783279.19999963,-154218066.1755156,-162337500.60000005,0.0,0.0,0.0,0.0,1842.8251903057098,0.0,0,nan,False,,,0.3535499572753906,12.058546936511993,RegionE,-459340688.80070555,,715.8801465034485,0.36660003662109375,,,,
R1 Cost再认证,88,added_region_benders_cuts,137139,457,-459340688.80070555,-459340688.80070555,-459308887.2265117,31801.57419383526,31801.574192613363,-0.0,-0.0,-0.0,-142783279.19999963,-154219909.0007059,-162337500.60000005,0.0,0.0,0.0,-142783279.19999963,-154188107.42651328,-162337500.60000005,0.0,0.0,0.0,0.0,31801.574192613363,0.0,0,nan,False,,,0.3515205383300781,12.22847576936086,RegionE,-459340688.80070555,,726.0758764743805,0.36660003662109375,,,,
R1 Cost再认证,89,added_region_benders_cuts,137139,458,-459340688.80070555,-459340688.80070555,-459333019.6720559,7669.128649652004,7669.128648430109,-0.0,-0.0,-0.0,-142783279.19999963,-154219909.0007059,-162337500.60000005,0.0,0.0,0.0,-142783279.19999963,-154212239.87205747,-162337500.60000005,0.0,0.0,0.0,0.0,7669.128648430109,0.0,0,nan,False,,,0.3551292419433594,12.37559867699941,RegionE,-459340688.80070555,,734.9032509326935,0.36660003662109375,,,,
R1 Cost再认证,90,added_region_benders_cuts,137139,460,-459340688.80070555,-459340688.80070555,-459326325.1120181,14363.688687443733,8659.180676192045,-0.0,-0.0,-0.0,-142783279.19999963,-154219909.0007059,-162337500.60000005,0.0,0.0,0.0,-142783279.19999963,-154211249.8200297,-162331796.09199008,0.0,0.0,0.0,0.0,8659.180676192045,5704.508009970188,0,nan,False,,,0.35965728759765625,12.533699623743694,RegionE,-459340688.80070555,,744.3893077373505,0.36660003662109375,,,,
R1 Cost再认证,91,added_region_benders_cuts,137139,461,-459340688.80070555,-459340688.80070555,-459335114.68481797,5574.115887582302,5574.115886330605,-0.0,-0.0,-0.0,-142783279.19999963,-154219909.0007059,-162337500.60000005,0.0,0.0,0.0,-142783279.19999963,-154214334.88481957,-162337500.60000005,0.0,0.0,0.0,0.0,5574.115886330605,0.0,0,nan,False,,,0.35866546630859375,12.67591319878896,RegionE,-459340688.80070555,,752.9221222400665,0.36660003662109375,,,,
R1 Cost再认证,92,added_region_benders_cuts,137139,463,-459340688.80070555,-459340688.80070555,-459336641.7518133,4047.048892259598,3074.8422073423862,-0.0,-0.0,-0.0,-142783279.19999963,-154219909.0007059,-162337500.60000005,0.0,0.0,0.0,-142783279.19999963,-154218936.79402226,-162334425.7577927,0.0,0.0,0.0,0.0,972.2066836357117,3074.8422073423862,0,nan,False,,,0.3574104309082031,12.78383582830429,RegionF,-459340688.80070555,,759.3974800109863,0.36660003662109375,,,,
R1 Cost再认证,93,added_region_benders_cuts,137139,465,-459340688.80070555,-459340688.80070555,-459337180.8458746,3507.954830944538,3506.866764485836,-0.0,-0.0,-0.0,-142783279.19999963,-154219909.0007059,-162337500.60000005,0.0,0.0,0.0,-142783279.19999963,-154216402.1339414,-162337499.5119349,0.0,0.0,0.0,0.0,3506.866764485836,1.0880651473999023,0,nan,False,,,0.3578605651855469,12.846874527136485,RegionE,-459340688.80070555,,763.179801940918,0.36660003662109375,,,,
R1 Cost再认证,94,added_region_benders_cuts,137139,467,-459340688.80070555,-459340688.80070555,-459323543.1459413,17145.65476423502,13613.378591179848,-0.0,-0.0,-0.0,-142783279.19999963,-154219909.0007059,-162337500.60000005,0.0,0.0,0.0,-142783279.19999963,-154206295.62211472,-162333968.32382822,0.0,0.0,0.0,0.0,13613.378591179848,3532.2761718332767,0,nan,False,,,0.3551445007324219,12.91063168446223,RegionE,-459340688.80070555,,767.0052313804626,0.36660003662109375,,,,
R1 Cost再认证,95,added_region_benders_cuts,137139,468,-459340688.80070555,-459340688.80070555,-459334069.5060327,6619.294672846794,6619.294671654701,-0.0,-0.0,-0.0,-142783279.19999963,-154219909.0007059,-162337500.60000005,0.0,0.0,0.0,-142783279.19999963,-154213289.70603424,-162337500.60000005,0.0,0.0,0.0,0.0,6619.294671654701,0.0,0,nan,False,,,0.35681915283203125,12.97295739253362,RegionE,-459340688.80070555,,770.7447738647461,0.36660003662109375,,,,
R1 Cost再认证,96,added_region_benders_cuts,137139,469,-459340688.80070555,-459340688.80070555,-459338906.78668374,1782.0140218138695,1782.0140205919743,-0.0,-0.0,-0.0,-142783279.19999963,-154219909.0007059,-162337500.60000005,0.0,0.0,0.0,-142783279.19999963,-154218126.9866853,-162337500.60000005,0.0,0.0,0.0,0.0,1782.0140205919743,0.0,0,nan,False,,,0.3633613586425781,13.037592152754465,RegionE,-459340688.80070555,,774.6228594779968,0.36660003662109375,,,,
R1 Cost再认证,97,added_region_benders_cuts,137139,470,-459340688.80070555,-459340688.80070555,-459338258.4424554,2430.358250141144,2430.358248859644,-0.0,-0.0,-0.0,-142783279.19999963,-154219909.0007059,-162337500.60000005,0.0,0.0,0.0,-142783279.19999963,-154217478.64245704,-162337500.60000005,0.0,0.0,0.0,0.0,2430.358248859644,0.0,0,nan,False,,,0.3611564636230469,13.101260495185851,RegionE,-459340688.80070555,,778.44296002388,0.36660003662109375,,,,
R1 Cost再认证,98,added_region_benders_cuts,137139,471,-459340688.80070555,-459340688.80070555,-459338669.8438161,2018.95688945055,2018.9568882286549,-0.0,-0.0,-0.0,-142783279.19999963,-154219909.0007059,-162337500.60000005,0.0,0.0,0.0,-142783279.19999963,-154217890.04381767,-162337500.60000005,0.0,0.0,0.0,0.0,2018.9568882286549,0.0,0,nan,False,,,0.3654670715332031,13.163322353363037,RegionE,-459340688.80070555,,782.1666715145111,0.36660003662109375,,,,
R1 Cost再认证,99,added_region_benders_cuts,137139,472,-459340688.80070555,-459340688.80070555,-459338340.60196644,2348.1987391114235,2348.1987378299236,-0.0,-0.0,-0.0,-142783279.19999963,-154219909.0007059,-162337500.60000005,0.0,0.0,0.0,-142783279.19999963,-154217560.80196807,-162337500.60000005,0.0,0.0,0.0,0.0,2348.1987378299236,0.0,0,nan,False,,,0.37113189697265625,13.228015303611755,RegionE,-459340688.80070555,,786.0482485294342,0.36660003662109375,,,,
R1 Cost再认证,100,added_region_benders_cuts,137139,473,-459340688.80070555,-459340688.80070555,-459339642.71685994,1046.083845615387,1046.0838443636894,-0.0,-0.0,-0.0,-142783279.19999963,-154219909.0007059,-162337500.60000005,0.0,0.0,0.0,-142783279.19999963,-154218862.91686153,-162337500.60000005,0.0,0.0,0.0,0.0,1046.0838443636894,0.0,0,nan,False,,,0.3692436218261719,13.316714231173197,RegionE,-459340688.80070555,,791.3701841831207,0.3712959289550781,,,,
R1 Cost再认证,101,added_region_benders_cuts,137139,475,-459340688.80070555,-459340688.80070555,-459339519.81284356,1168.9878619909286,648.9757051467896,-0.0,-0.0,-0.0,-142783279.19999963,-154219909.0007059,-162337500.60000005,0.0,0.0,0.0,-142783279.19999963,-154219388.98855028,-162336851.6242949,0.0,0.0,0.0,0.0,520.0121556222439,648.9757051467896,0,nan,False,,,0.365570068359375,13.47741193373998,RegionF,-459340688.80070555,,801.0120463371277,0.3712959289550781,,,,
R1 Cost再认证,102,added_region_benders_cuts,137139,476,-459340688.80070555,-459340688.80070555,-459340537.3931865,151.4075190424919,151.40751776099205,-0.0,-0.0,-0.0,-142783279.19999963,-154219909.0007059,-162337500.60000005,0.0,0.0,0.0,-142783279.19999963,-154219757.59318814,-162337500.60000005,0.0,0.0,0.0,0.0,151.40751776099205,0.0,0,nan,False,,,0.3666191101074219,13.626052693525951,RegionE,-459340688.80070555,,809.9304919242859,0.3712959289550781,,,,
R1 Cost再认证,103,root_lp_closed,137139,476,-459340688.80070555,-459340688.80070555,-459340688.8007043,1.2516975402832031e-06,0.0,-0.0,-0.0,-0.0,-142783279.19999963,-154219909.0007059,-162337500.60000005,0.0,0.0,0.0,-142783279.19999963,-154219909.0007059,-162337500.60000005,0.0,0.0,0.0,0.0,0.0,0.0,0,0.0,True,,,0.2921600341796875,14.337151463826498,RegionA,-459340688.80070555,,852.5964181423187,0.3712959289550781,,,,
R1 Cost再认证,103,integer_added_region_benders_cuts,137139,479,-459340688.80070555,-459340688.80070555,-459199087.1064514,141601.69425415993,83268.22011655569,0.0,0.0,0.0,-142783279.19999963,-154219909.0007059,-162337500.60000005,0.0,0.0,0.0,-142751746.64199424,-154193108.08457497,-162254232.3798835,0.0,0.0,0.0,31532.55800539255,26800.916130930185,83268.22011655569,0,0.0,False,需要继续,-459340688.80070555,0.2921600341796875,14.337151463826498,RegionF,-459340688.80070555,0.0,852.5964181423187,0.3712959289550781,,,,0.0
R1 Cost再认证,104,added_region_benders_cuts,137139,480,-459340688.80070555,-459340688.80070555,-459338865.5682367,1823.23246884346,1823.2324676215649,-0.0,-0.0,-0.0,-142783279.19999963,-154219909.0007059,-162337500.60000005,0.0,0.0,0.0,-142783279.19999963,-154219909.0007059,-162335677.36753243,0.0,0.0,0.0,0.0,0.0,1823.2324676215649,0,nan,False,,,0.3609657287597656,15.403045618534088,RegionF,-459340688.80070555,,916.5500674247742,0.3712959289550781,,,,
R1 Cost再认证,105,added_region_benders_cuts,137139,481,-459340688.80070555,-459340688.80070555,-459339635.252371,1053.5483345389366,1053.548333287239,-0.0,-0.0,-0.0,-142783279.19999963,-154219909.0007059,-162337500.60000005,0.0,0.0,0.0,-142783279.19999963,-154218855.4523726,-162337500.60000005,0.0,0.0,0.0,0.0,1053.548333287239,0.0,0,nan,False,,,0.3557891845703125,15.560844480991364,RegionE,-459340688.80070555,,926.0179991722107,0.3712959289550781,,,,
R1 Cost再认证,106,added_region_benders_cuts,137139,482,-459340688.80070555,-459340688.80070555,-459338956.94697833,1731.853727221489,1731.8537259697914,-0.0,-0.0,-0.0,-142783279.19999963,-154219909.0007059,-162337500.60000005,0.0,0.0,0.0,-142783279.19999963,-154218177.14697993,-162337500.60000005,0.0,0.0,0.0,0.0,1731.8537259697914,0.0,0,nan,False,,,0.3510932922363281,15.713691012064617,RegionE,-459340688.80070555,,935.1887910366058,0.3712959289550781,,,,
R1 Cost再认证,107,root_lp_closed,137139,482,-459340688.80070555,-459340688.80070555,-459340688.8007043,1.2516975402832031e-06,0.0,-0.0,-0.0,-0.0,-142783279.19999963,-154219909.0007059,-162337500.60000005,0.0,0.0,0.0,-142783279.19999963,-154219909.0007059,-162337500.60000005,0.0,0.0,0.0,0.0,0.0,0.0,0,0.0,True,,,0.2925453186035156,16.403086467583975,RegionA,-459340688.80070555,,976.5525183677673,0.3712959289550781,,,,
R1 Cost再认证,107,integer_added_region_benders_cuts,137139,485,-459340688.80070555,-459340688.80070555,-459009481.36145765,331207.4392479062,228681.09942302108,0.0,0.0,0.0,-142783279.19999963,-154219909.0007059,-162337500.60000005,0.0,0.0,0.0,-142554598.1005766,-154189999.39584556,-162264883.86503655,0.0,0.0,0.0,228681.09942302108,29909.60486033559,72616.73496350646,0,0.0,False,需要继续,-459340688.80070555,0.2925453186035156,16.403086467583975,RegionD,-459340688.80070555,0.0,976.5525183677673,0.3712959289550781,,,,0.0
R1 Cost再认证,108,added_region_benders_cuts,137139,487,-459340688.80070555,-459340688.80070555,-459328542.79249865,12146.008206903934,6871.018855929375,-0.0,-0.0,-0.0,-142783279.19999963,-154219909.0007059,-162337500.60000005,0.0,0.0,0.0,-142783279.19999963,-154213037.98184997,-162332225.61065036,0.0,0.0,0.0,0.0,6871.018855929375,5274.98934969306,0,nan,False,,,0.3722801208496094,17.443846253554025,RegionE,-459340688.80070555,,1038.9981055259705,0.3716545104980469,,,,
R1 Cost再认证,109,added_region_benders_cuts,137139,489,-459340688.80070555,-459340688.80070555,-459325687.27346855,15001.527236998081,14907.438131272793,-0.0,-0.0,-0.0,-142783279.19999963,-154219909.0007059,-162337500.60000005,0.0,0.0,0.0,-142783279.19999963,-154205001.56257463,-162337406.5108956,0.0,0.0,0.0,0.0,14907.438131272793,94.08910444378853,0,nan,False,,,0.3633918762207031,17.631383641560873,RegionE,-459340688.80070555,,1050.2503488063812,0.3724327087402344,,,,
R1 Cost再认证,110,added_region_benders_cuts,137139,490,-459340688.80070555,-459340688.80070555,-459339552.3049443,1136.4957612752914,1136.4957599937916,-0.0,-0.0,-0.0,-142783279.19999963,-154219909.0007059,-162337500.60000005,0.0,0.0,0.0,-142783279.19999963,-154219909.0007059,-162336364.10424006,0.0,0.0,0.0,0.0,0.0,1136.4957599937916,0,nan,False,,,0.295654296875,17.79631470044454,RegionF,-459340688.80070555,,1060.1462123394012,0.3724327087402344,,,,
R1 Cost再认证,111,added_region_benders_cuts,137139,491,-459340688.80070555,-459340688.80070555,-459326162.7592767,14526.041428864002,14526.04142767191,-0.0,-0.0,-0.0,-142783279.19999963,-154219909.0007059,-162337500.60000005,0.0,0.0,0.0,-142783279.19999963,-154219909.0007059,-162322974.55857238,0.0,0.0,0.0,0.0,0.0,14526.04142767191,0,nan,False,,,0.3618354797363281,17.976345642407736,RegionF,-459340688.80070555,,1070.948068857193,0.3724327087402344,,,,
R1 Cost再认证,112,added_region_benders_cuts,137139,492,-459340688.80070555,-459340688.80070555,-459329725.43086964,10963.369835913181,10963.369834721088,-0.0,-0.0,-0.0,-142783279.19999963,-154219909.0007059,-162337500.60000005,0.0,0.0,0.0,-142783279.19999963,-154208945.63087118,-162337500.60000005,0.0,0.0,0.0,0.0,10963.369834721088,0.0,0,nan,False,,,0.361572265625,18.169788022836048,RegionE,-459340688.80070555,,1082.5546116828918,0.3724327087402344,,,,
R1 Cost再认证,113,added_region_benders_cuts,137139,494,-459340688.80070555,-459340688.80070555,-459335085.4796126,5603.321092963219,5353.090802848339,-0.0,-0.0,-0.0,-142783279.19999963,-154219909.0007059,-162337500.60000005,0.0,0.0,0.0,-142783279.19999963,-154214555.90990305,-162337250.36971116,0.0,0.0,0.0,0.0,5353.090802848339,250.2302888929844,0,nan,False,,,0.36490631103515625,18.350331167380016,RegionE,-459340688.80070555,,1093.3872003555298,0.3724327087402344,,,,
R1 Cost再认证,114,added_region_benders_cuts,137139,496,-459340688.80070555,-459340688.80070555,-459328728.54171634,11960.258989214897,7064.139870643616,-0.0,-0.0,-0.0,-142783279.19999963,-154219909.0007059,-162337500.60000005,0.0,0.0,0.0,-142783279.19999963,-154215012.8815886,-162330436.4601294,0.0,0.0,0.0,0.0,4896.119117289782,7064.139870643616,0,nan,False,,,0.36658477783203125,18.547931138674418,RegionF,-459340688.80070555,,1105.243198633194,0.3724327087402344,,,,
R1 Cost再认证,115,added_region_benders_cuts,137139,497,-459340688.80070555,-459340688.80070555,-459340339.0603732,349.740332365036,349.74033111333847,-0.0,-0.0,-0.0,-142783279.19999963,-154219909.0007059,-162337500.60000005,0.0,0.0,0.0,-142783279.19999963,-154219909.0007059,-162337150.85966894,0.0,0.0,0.0,0.0,0.0,349.74033111333847,0,nan,False,,,0.36995697021484375,18.722888294855753,RegionF,-459340688.80070555,,1115.740628004074,0.3724327087402344,,,,
R1 Cost再认证,116,added_region_benders_cuts,137139,498,-459340688.80070555,-459340688.80070555,-459331048.01888716,9640.781818389893,9640.7818171978,-0.0,-0.0,-0.0,-142783279.19999963,-154219909.0007059,-162337500.60000005,0.0,0.0,0.0,-142783279.19999963,-154219909.0007059,-162327859.81818286,0.0,0.0,0.0,0.0,0.0,9640.7818171978,0,nan,False,,,0.3682708740234375,18.87254721323649,RegionF,-459340688.80070555,,1124.7201631069183,0.3724327087402344,,,,
R1 Cost再认证,117,root_lp_closed,137139,498,-459340688.80070555,-459340688.80070555,-459340688.8007043,1.2516975402832031e-06,0.0,-0.0,-0.0,-0.0,-142783279.19999963,-154219909.0007059,-162337500.60000005,0.0,0.0,0.0,-142783279.19999963,-154219909.0007059,-162337500.60000005,0.0,0.0,0.0,0.0,0.0,0.0,0,0.0,True,,,0.29496002197265625,19.57891560792923,RegionA,-459340688.80070555,,1167.1022667884827,0.3724327087402344,,,,
R1 Cost再认证,117,integer_added_region_benders_cuts,137139,501,-459340688.80070555,-459340688.80070555,-459084945.33988917,255743.46081638336,124277.09266388416,0.0,0.0,0.0,-142783279.19999963,-154219909.0007059,-162337500.60000005,0.0,0.0,0.0,-142692018.06826785,-154095631.908042,-162297295.3635807,0.0,0.0,0.0,91261.13173177838,124277.09266388416,40205.23641934991,0,0.0,False,需要继续,-459340688.80070555,0.29496002197265625,19.57891560792923,RegionE,-459340688.80070555,0.0,1167.1022667884827,0.3724327087402344,,,,0.0
R1 Cost再认证,118,added_region_benders_cuts,137139,503,-459340688.80070555,-459340688.80070555,-459336218.8764788,4469.924226760864,4252.1826213002205,-0.0,-0.0,-0.0,-142783279.19999963,-154219909.0007059,-162337500.60000005,0.0,0.0,0.0,-142783279.19999963,-154219691.2591017,-162333248.41737875,0.0,0.0,0.0,0.0,217.74160420894623,4252.1826213002205,0,nan,False,,,0.3691825866699219,20.646366918087004,RegionF,-459340688.80070555,,1231.1493453979492,0.37500762939453125,,,,
R1 Cost再认证,119,added_region_benders_cuts,137139,505,-459340688.80070555,-459340688.80070555,-459317680.7365477,23008.06415784359,12594.987146288157,-0.0,-0.0,-0.0,-142783279.19999963,-154219909.0007059,-162337500.60000005,0.0,0.0,0.0,-142783279.19999963,-154209495.92369556,-162324905.61285377,0.0,0.0,0.0,0.0,10413.077010333538,12594.987146288157,0,nan,False,,,0.3692207336425781,20.777730135122933,RegionF,-459340688.80070555,,1239.031138420105,0.37500762939453125,,,,
R1 Cost再认证,120,root_lp_closed,137139,505,-459340688.80070555,-459340688.80070555,-459340688.8007043,1.2516975402832031e-06,0.0,-0.0,-0.0,-0.0,-142783279.19999963,-154219909.0007059,-162337500.60000005,0.0,0.0,0.0,-142783279.19999963,-154219909.0007059,-162337500.60000005,0.0,0.0,0.0,0.0,0.0,0.0,0,0.0,True,,,0.29558563232421875,21.05969580411911,RegionA,-459340688.80070555,,1255.9490785598755,0.37500762939453125,,,,
R1 Cost再认证,120,integer_added_region_benders_cuts,137139,508,-459340688.80070555,-459340688.80070555,-458849960.1400884,490728.6606171727,302105.37516728044,0.0,0.0,0.0,-142783279.19999963,-154219909.0007059,-162337500.60000005,0.0,0.0,0.0,-142762712.16681644,-153917803.62553862,-162169444.3477345,0.0,0.0,0.0,20567.033183187246,302105.37516728044,168056.25226554275,0,0.0,False,需要继续,-459340688.80070555,0.29558563232421875,21.05969580411911,RegionE,-459340688.80070555,0.0,1255.9490785598755,0.37500762939453125,,,,0.0
R1 Cost再认证,121,added_region_benders_cuts,137139,510,-459340688.80070555,-459340688.80070555,-459305937.34502566,34751.455679893494,21892.942190229893,-0.0,-0.0,-0.0,-142783279.19999963,-154219909.0007059,-162337500.60000005,0.0,0.0,0.0,-142783279.19999963,-154198016.05851567,-162324642.0865116,0.0,0.0,0.0,0.0,21892.942190229893,12858.513488441706,0,nan,False,,,0.3762474060058594,21.717824200789135,RegionE,-459340688.80070555,,1295.436782360077,0.3761405944824219,,,,
R1 Cost再认证,122,added_region_benders_cuts,137139,511,-459340688.80070555,-459340688.80070555,-459327053.2200857,13635.580619871616,13635.580618649721,-0.0,-0.0,-0.0,-142783279.19999963,-154219909.0007059,-162337500.60000005,0.0,0.0,0.0,-142783279.19999963,-154206273.42008725,-162337500.60000005,0.0,0.0,0.0,0.0,13635.580618649721,0.0,0,nan,False,,,0.3786201477050781,21.783705818653107,RegionE,-459340688.80070555,,1299.3896794319153,0.37640380859375,,,,
R1 Cost再认证,123,added_region_benders_cuts,137139,513,-459340688.80070555,-459340688.80070555,-459326008.74589485,14680.0548107028,12894.97812229395,-0.0,-0.0,-0.0,-142783279.19999963,-154219909.0007059,-162337500.60000005,0.0,0.0,0.0,-142783279.19999963,-154207014.0225836,-162335715.52331287,0.0,0.0,0.0,0.0,12894.97812229395,1785.0766871869564,0,nan,False,,,0.382415771484375,21.847082960605622,RegionE,-459340688.80070555,,1303.1923079490662,0.3788185119628906,,,,
R1 Cost再认证,124,added_region_benders_cuts,137139,514,-459340688.80070555,-459340688.80070555,-459338487.4850115,2201.3156940340996,2201.315692782402,-0.0,-0.0,-0.0,-142783279.19999963,-154219909.0007059,-162337500.60000005,0.0,0.0,0.0,-142783279.19999963,-154217707.68501312,-162337500.60000005,0.0,0.0,0.0,0.0,2201.315692782402,0.0,0,nan,False,,,0.3800315856933594,21.912281346321105,RegionE,-459340688.80070555,,1307.1042110919952,0.3825950622558594,,,,
R1 Cost再认证,125,root_lp_closed,137139,514,-459340688.80070555,-459340688.80070555,-459340688.8007043,1.2516975402832031e-06,0.0,-0.0,-0.0,-0.0,-142783279.19999963,-154219909.0007059,-162337500.60000005,0.0,0.0,0.0,-142783279.19999963,-154219909.0007059,-162337500.60000005,0.0,0.0,0.0,0.0,0.0,0.0,0,0.0,True,,,0.29803466796875,22.198959056536356,RegionA,-459340688.80070555,,1324.3048737049103,0.3825950622558594,,,,
R1 Cost再认证,125,integer_added_region_benders_cuts,137139,516,-459340688.80070555,-459340688.80070555,-459149264.223994,191424.57671153545,144944.5248849988,0.0,0.0,0.0,-142783279.19999963,-154219909.0007059,-162337500.60000005,0.0,0.0,0.0,-142783279.19999963,-154173428.9488804,-162192556.07511505,0.0,0.0,0.0,0.0,46480.051825493574,144944.5248849988,0,0.0,False,需要继续,-459340688.80070555,0.29803466796875,22.198959056536356,RegionF,-459340688.80070555,0.0,1324.3048737049103,0.3825950622558594,,,,0.0
R1 Cost再认证,126,added_region_benders_cuts,137139,517,-459340688.80070555,-459340688.80070555,-459331772.5164428,8916.284262776375,8916.284261524677,-0.0,-0.0,-0.0,-142783279.19999963,-154219909.0007059,-162337500.60000005,0.0,0.0,0.0,-142783279.19999963,-154210992.71644437,-162337500.60000005,0.0,0.0,0.0,0.0,8916.284261524677,0.0,0,nan,False,,,0.3805084228515625,22.69218244552612,RegionE,-459340688.80070555,,1353.8982770442963,0.3825950622558594,,,,
R1 Cost再认证,127,added_region_benders_cuts,137139,519,-459340688.80070555,-459340688.80070555,-459328350.67141724,12338.129288315773,11203.198737055063,-0.0,-0.0,-0.0,-142783279.19999963,-154219909.0007059,-162337500.60000005,0.0,0.0,0.0,-142783279.19999963,-154218774.07015586,-162326297.401263,0.0,0.0,0.0,0.0,1134.9305500388145,11203.198737055063,0,nan,False,,,0.3798484802246094,22.758057391643526,RegionF,-459340688.80070555,,1357.8507738113403,0.3825950622558594,,,,
R1 Cost再认证,128,added_region_benders_cuts,137139,520,-459340688.80070555,-459340688.80070555,-459340687.92889625,0.8718093037605286,0.8718080520629883,-0.0,-0.0,-0.0,-142783279.19999963,-154219909.0007059,-162337500.60000005,0.0,0.0,0.0,-142783279.19999963,-154219909.0007059,-162337499.728192,0.0,0.0,0.0,0.0,0.0,0.8718080520629883,0,nan,False,,,0.3783149719238281,22.823639539877572,RegionF,-459340688.80070555,,1361.7857027053833,0.3825950622558594,,,,
R1 Cost再认证,129,added_region_benders_cuts,137139,521,-459340688.80070555,-459340688.80070555,-459337083.48171276,3605.31899279356,3605.3189915418625,-0.0,-0.0,-0.0,-142783279.19999963,-154219909.0007059,-162337500.60000005,0.0,0.0,0.0,-142783279.19999963,-154219909.0007059,-162333895.2810085,0.0,0.0,0.0,0.0,0.0,3605.3189915418625,0,nan,False,,,0.377777099609375,22.890007122357687,RegionF,-459340688.80070555,,1365.76775765419,0.3825950622558594,,,,
R1 Cost再认证,130,added_region_benders_cuts,137139,522,-459340688.80070555,-459340688.80070555,-459338533.17836684,2155.6223387122154,2155.622337460518,-0.0,-0.0,-0.0,-142783279.19999963,-154219909.0007059,-162337500.60000005,0.0,0.0,0.0,-142783279.19999963,-154217753.37836844,-162337500.60000005,0.0,0.0,0.0,0.0,2155.622337460518,0.0,0,nan,False,,,0.378570556640625,22.95542927980423,RegionE,-459340688.80070555,,1369.6930871009827,0.3825950622558594,,,,
R1 Cost再认证,131,added_region_benders_cuts,137139,524,-459340688.80070555,-459340688.80070555,-459323041.42794615,17647.3727594018,11433.192015647888,-0.0,-0.0,-0.0,-142783279.19999963,-154219909.0007059,-162337500.60000005,0.0,0.0,0.0,-142783279.19999963,-154213694.8199634,-162326067.4079844,0.0,0.0,0.0,0.0,6214.1807425022125,11433.192015647888,0,nan,False,,,0.377471923828125,23.022561422983806,RegionF,-459340688.80070555,,1373.7210156917572,0.3825950622558594,,,,
R1 Cost再认证,132,added_region_benders_cuts,137139,525,-459340688.80070555,-459340688.80070555,-459337968.1369032,2720.6638023257256,2720.6638011336327,-0.0,-0.0,-0.0,-142783279.19999963,-154219909.0007059,-162337500.60000005,0.0,0.0,0.0,-142783279.19999963,-154217188.33690476,-162337500.60000005,0.0,0.0,0.0,0.0,2720.6638011336327,0.0,0,nan,False,,,0.29886627197265625,23.087227018674216,RegionE,-459340688.80070555,,1377.6009514331818,0.3825950622558594,,,,
R1 Cost再认证,133,added_region_benders_cuts,137139,526,-459340688.80070555,-459340688.80070555,-459340133.3735865,555.427119076252,555.4271178245544,-0.0,-0.0,-0.0,-142783279.19999963,-154219909.0007059,-162337500.60000005,0.0,0.0,0.0,-142783279.19999963,-154219353.57358807,-162337500.60000005,0.0,0.0,0.0,0.0,555.4271178245544,0.0,0,nan,False,,,0.3736839294433594,23.150810201962788,RegionE,-459340688.80070555,,1381.4159424304962,0.3825950622558594,,,,
R1 Cost再认证,134,added_region_benders_cuts,137139,527,-459340688.80070555,-459340688.80070555,-459313750.56686527,26938.23384028673,26938.233839064837,-0.0,-0.0,-0.0,-142783279.19999963,-154219909.0007059,-162337500.60000005,0.0,0.0,0.0,-142783279.19999963,-154192970.76686683,-162337500.60000005,0.0,0.0,0.0,0.0,26938.233839064837,0.0,0,nan,False,,,0.3749046325683594,23.213643538951874,RegionE,-459340688.80070555,,1385.1859426498413,0.3825950622558594,,,,
R1 Cost再认证,135,added_region_benders_cuts,137139,528,-459340688.80070555,-459340688.80070555,-459336109.418658,4579.382047533989,4579.382046282291,-0.0,-0.0,-0.0,-142783279.19999963,-154219909.0007059,-162337500.60000005,0.0,0.0,0.0,-142783279.19999963,-154219909.0007059,-162332921.21795377,0.0,0.0,0.0,0.0,0.0,4579.382046282291,0,nan,False,,,0.3753547668457031,23.276869757970175,RegionF,-459340688.80070555,,1388.9795157909393,0.3825950622558594,,,,
R1 Cost再认证,136,added_region_benders_cuts,137139,529,-459340688.80070555,-459340688.80070555,-459333874.7128394,6814.087866127491,6814.087864845991,-0.0,-0.0,-0.0,-142783279.19999963,-154219909.0007059,-162337500.60000005,0.0,0.0,0.0,-142783279.19999963,-154219909.0007059,-162330686.5121352,0.0,0.0,0.0,0.0,0.0,6814.087864845991,0,nan,False,,,0.38182830810546875,23.340187923113504,RegionF,-459340688.80070555,,1392.7786056995392,0.3825950622558594,,,,
R1 Cost再认证,137,root_lp_closed,137139,529,-459340688.80070555,-459340688.80070555,-459340688.8007043,1.2516975402832031e-06,0.0,-0.0,-0.0,-0.0,-142783279.19999963,-154219909.0007059,-162337500.60000005,0.0,0.0,0.0,-142783279.19999963,-154219909.0007059,-162337500.60000005,0.0,0.0,0.0,0.0,0.0,0.0,0,0.0,True,,,0.30023956298828125,23.614639147122702,RegionA,-459340688.80070555,,1409.245679140091,0.3825950622558594,,,,
R1 Cost再认证,137,integer_added_region_benders_cuts,137139,531,-459340688.80070555,-459340688.80070555,-459284370.54594606,56318.25475949049,55704.43751421571,0.0,0.0,0.0,-142783279.19999963,-154219909.0007059,-162337500.60000005,0.0,0.0,0.0,-142782665.3827555,-154219909.0007059,-162281796.16248584,0.0,0.0,0.0,613.8172441422939,0.0,55704.43751421571,0,0.0,False,需要继续,-459340688.80070555,0.30023956298828125,23.614639147122702,RegionF,-459340688.80070555,0.0,1409.245679140091,0.3825950622558594,,,,0.0
R1 Cost再认证,138,added_region_benders_cuts,137139,533,-459340688.80070555,-459340688.80070555,-459338794.7804085,1894.020297050476,1892.7342794835567,-0.0,-0.0,-0.0,-142783279.19999963,-154219909.0007059,-162337500.60000005,0.0,0.0,0.0,-142783279.19999963,-154219907.71468955,-162335607.86572057,0.0,0.0,0.0,0.0,1.2860163450241089,1892.7342794835567,0,nan,False,,,0.39162445068359375,24.090018812815348,RegionF,-459340688.80070555,,1437.7684590816498,0.3870735168457031,,,,
R1 Cost再认证,139,added_region_benders_cuts,137139,535,-459340688.80070555,-459340688.80070555,-459301052.68512374,39636.115581810474,26370.63007771969,-0.0,-0.0,-0.0,-142783279.19999963,-154219909.0007059,-162337500.60000005,0.0,0.0,0.0,-142783279.19999963,-154193538.37062818,-162324235.11449718,0.0,0.0,0.0,0.0,26370.63007771969,13265.48550286889,0,nan,False,,,0.3869209289550781,24.15875778992971,RegionE,-459340688.80070555,,1441.8927977085114,0.3907203674316406,,,,
R1 Cost再认证,140,added_region_benders_cuts,137139,537,-459340688.80070555,-459340688.80070555,-459336289.7141518,4399.086553752422,3033.3744545280933,-0.0,-0.0,-0.0,-142783279.19999963,-154219909.0007059,-162337500.60000005,0.0,0.0,0.0,-142783279.19999963,-154218543.28860795,-162334467.22554553,0.0,0.0,0.0,0.0,1365.7120979428291,3033.3744545280933,0,nan,False,,,0.3861045837402344,24.222871927420297,RegionF,-459340688.80070555,,1445.7396459579468,0.3907203674316406,,,,
R1 Cost再认证,141,root_lp_closed,137139,537,-459340688.80070555,-459340688.80070555,-459340688.8007043,1.2516975402832031e-06,0.0,-0.0,-0.0,-0.0,-142783279.19999963,-154219909.0007059,-162337500.60000005,0.0,0.0,0.0,-142783279.19999963,-154219909.0007059,-162337500.60000005,0.0,0.0,0.0,0.0,0.0,0.0,0,0.0,True,,,0.30084991455078125,24.500017408529917,RegionA,-459340688.80070555,,1462.368374824524,0.3907203674316406,,,,
R1 Cost再认证,141,integer_added_region_benders_cuts,137139,540,-459340688.80070555,-459340688.80070555,-459206036.0890331,134652.71167254448,101067.57089570165,0.0,0.0,0.0,-142783279.19999963,-154219909.00070596,-162337500.60000005,0.0,0.0,0.0,-142682211.62910393,-154200931.57997054,-162322892.87995985,0.0,0.0,0.0,101067.57089570165,18977.420735418797,14607.72004020214,0,0.0,False,需要继续,-459340688.8007057,0.30084991455078125,24.500017408529917,RegionD,-459340688.80070555,0.0,1462.368374824524,0.3907203674316406,,,,0.0
R1 Cost再认证,142,added_region_benders_cuts,137139,541,-459340688.80070555,-459340688.80070555,-459330356.28699344,10332.513712108135,10332.513710856438,-0.0,-0.0,-0.0,-142783279.19999963,-154219909.0007059,-162337500.60000005,0.0,0.0,0.0,-142783279.19999963,-154219909.0007059,-162327168.0862892,0.0,0.0,0.0,0.0,0.0,10332.513710856438,0,nan,False,,,0.38985443115234375,25.269628059864043,RegionF,-459340688.80070555,,1508.5450139045715,0.3907203674316406,,,,
R1 Cost再认证,143,added_region_benders_cuts,137139,543,-459340688.80070555,-459340688.80070555,-459336591.8903526,4096.910352945328,4063.7948482334614,-0.0,-0.0,-0.0,-142783279.19999963,-154219909.0007059,-162337500.60000005,0.0,0.0,0.0,-142783279.19999963,-154219875.88520238,-162333436.80515182,0.0,0.0,0.0,0.0,33.11550351977348,4063.7948482334614,0,nan,False,,,0.3889045715332031,25.332957339286803,RegionF,-459340688.80070555,,1512.3447706699371,0.3907203674316406,,,,
R1 Cost再认证,144,added_region_benders_cuts,137139,544,-459340688.80070555,-459340688.80070555,-459327981.52893215,12707.271773397923,12707.271772116423,-0.0,-0.0,-0.0,-142783279.19999963,-154219909.0007059,-162337500.60000005,0.0,0.0,0.0,-142783279.19999963,-154219909.0007059,-162324793.32822794,0.0,0.0,0.0,0.0,0.0,12707.271772116423,0,nan,False,,,0.391693115234375,25.395810198783874,RegionF,-459340688.80070555,,1516.1159422397614,0.3907203674316406,,,,
R1 Cost再认证,145,root_lp_closed,137139,544,-459340688.80070555,-459340688.80070555,-459340688.8007043,1.2516975402832031e-06,0.0,-0.0,-0.0,-0.0,-142783279.19999963,-154219909.0007059,-162337500.60000005,0.0,0.0,0.0,-142783279.19999963,-154219909.0007059,-162337500.60000005,0.0,0.0,0.0,0.0,0.0,0.0,0,0.0,True,,,0.3014869689941406,25.669306699434916,RegionA,-459340688.80070555,,1532.5257322788239,0.39183807373046875,,,,
R1 Cost再认证,145,integer_added_region_benders_cuts,137139,547,-459340688.80070555,-459340688.80070555,-459098834.1428196,241854.65788596869,111961.71431231499,0.0,0.0,0.0,-142783279.19999963,-154219909.0007059,-162337500.60000005,0.0,0.0,0.0,-142736095.0648126,-154137200.19232053,-162225538.88568774,0.0,0.0,0.0,47184.13518702984,82708.80838537216,111961.71431231499,0,0.0,False,需要继续,-459340688.80070555,0.3014869689941406,25.669306699434916,RegionF,-459340688.80070555,0.0,1532.5257322788239,0.39183807373046875,,,,0.0
R1 Cost再认证,146,added_region_benders_cuts,137139,548,-459340688.80070555,-459340688.80070555,-459296902.83169436,43785.96901118755,43785.96900996566,-0.0,-0.0,-0.0,-142783279.19999963,-154219909.0007059,-162337500.60000005,0.0,0.0,0.0,-142783279.19999963,-154219909.0007059,-162293714.6309901,0.0,0.0,0.0,0.0,0.0,43785.96900996566,0,nan,False,,,0.3880653381347656,26.17178221940994,RegionF,-459340688.80070555,,1562.6742634773254,0.39183807373046875,,,,
R1 Cost再认证,147,added_region_benders_cuts,137139,549,-459340688.80070555,-459340688.80070555,-459327889.240384,12799.560321569443,12799.560320347548,-0.0,-0.0,-0.0,-142783279.19999963,-154219909.0007059,-162337500.60000005,0.0,0.0,0.0,-142783279.19999963,-154219909.0007059,-162324701.0396797,0.0,0.0,0.0,0.0,0.0,12799.560320347548,0,nan,False,,,0.3923454284667969,26.236670760313668,RegionF,-459340688.80070555,,1566.567575931549,0.39183807373046875,,,,
R1 Cost再认证,148,root_lp_closed,137139,549,-459340688.80070555,-459340688.80070555,-459340688.8007043,1.2516975402832031e-06,0.0,-0.0,-0.0,-0.0,-142783279.19999963,-154219909.0007059,-162337500.60000005,0.0,0.0,0.0,-142783279.19999963,-154219909.0007059,-162337500.60000005,0.0,0.0,0.0,0.0,0.0,0.0,0,0.0,True,,,0.30307769775390625,26.546318459510804,RegionA,-459340688.80070555,,1585.146437883377,0.3924903869628906,,,,
R1 Cost再认证,148,integer_added_region_benders_cuts,137139,552,-459340688.80070555,-459340688.80070555,-459196361.034207,144327.76649856567,74929.95475012064,0.0,0.0,0.0,-142783279.19999963,-154219909.0007059,-162337500.60000005,0.0,0.0,0.0,-142762137.57670045,-154144979.04595578,-162289244.41155198,0.0,0.0,0.0,21141.62329918146,74929.95475012064,48256.18844807148,0,0.0,False,需要继续,-459340688.80070555,0.30307769775390625,26.546318459510804,RegionE,-459340688.80070555,0.0,1585.146437883377,0.3924903869628906,,,,0.0
R1 Cost再认证,149,added_region_benders_cuts,137139,554,-459340688.80070555,-459340688.80070555,-459323056.8638805,17631.936825037003,17454.697224020958,-0.0,-0.0,-0.0,-142783279.19999963,-154219909.0007059,-162337500.60000005,0.0,0.0,0.0,-142783279.19999963,-154219731.76110613,-162320045.90277603,0.0,0.0,0.0,0.0,177.23959976434708,17454.697224020958,0,nan,False,,,0.38692474365234375,27.652843272686006,RegionF,-459340688.80070555,,1651.5379266738892,0.3924903869628906,,,,
R1 Cost再认证,150,root_lp_closed,137139,554,-459340688.80070555,-459340688.80070555,-459340688.8007043,1.2516975402832031e-06,0.0,-0.0,-0.0,-0.0,-142783279.19999963,-154219909.0007059,-162337500.60000005,0.0,0.0,0.0,-142783279.19999963,-154219909.0007059,-162337500.60000005,0.0,0.0,0.0,0.0,0.0,0.0,0,0.0,True,,,0.295440673828125,28.35633720954259,RegionA,-459340688.80070555,,1693.7475628852844,0.3924903869628906,,,,
R1 Cost再认证,150,integer_added_region_benders_cuts,137139,557,-459340688.80070555,-459340688.80070555,-458969098.71898085,371590.0817247033,220366.5939012766,0.0,0.0,0.0,-142783279.19999963,-154219909.0007059,-162337500.60000005,0.0,0.0,0.0,-142732966.55558214,-153999542.40680462,-162236589.75659522,0.0,0.0,0.0,50312.644417494535,220366.5939012766,100910.8434048295,0,0.0,False,需要继续,-459340688.80070555,0.295440673828125,28.35633720954259,RegionE,-459340688.80070555,0.0,1693.7475628852844,0.3924903869628906,,,,0.0
R1 Cost再认证,151,added_region_benders_cuts,137139,558,-459340688.80070555,-459340688.80070555,-459340531.905538,156.89516752958298,156.89516627788544,-0.0,-0.0,-0.0,-142783279.19999963,-154219909.0007059,-162337500.60000005,0.0,0.0,0.0,-142783279.19999963,-154219752.10553962,-162337500.60000005,0.0,0.0,0.0,0.0,156.89516627788544,0.0,0,nan,False,,,0.3892631530761719,29.502629594008127,RegionE,-459340688.80070555,,1762.5251059532166,0.3924903869628906,,,,
R1 Cost再认证,152,root_lp_closed,137139,558,-459340688.80070555,-459340688.80070555,-459340688.8007043,1.2516975402832031e-06,0.0,-0.0,-0.0,-0.0,-142783279.19999963,-154219909.0007059,-162337500.60000005,0.0,0.0,0.0,-142783279.19999963,-154219909.0007059,-162337500.60000005,0.0,0.0,0.0,0.0,0.0,0.0,0,0.0,True,,,0.296661376953125,30.15528324842453,RegionA,-459340688.80070555,,1801.6843252182007,0.3924903869628906,,,,
R1 Cost再认证,152,integer_added_region_benders_cuts,137139,561,-459340688.80070555,-459340688.80070555,-459261512.0753684,79176.72533714771,28441.36207509041,0.0,0.0,0.0,-142783279.19999963,-154219909.0007059,-162337500.60000005,0.0,0.0,0.0,-142760955.63221887,-154191497.20522574,-162309059.23792496,0.0,0.0,0.0,22323.56778076291,28411.795480161905,28441.36207509041,0,0.0,False,需要继续,-459340688.80070555,0.296661376953125,30.15528324842453,RegionF,-459340688.80070555,0.0,1801.6843252182007,0.3924903869628906,,,,0.0
R1 Cost再认证,153,added_region_benders_cuts,137139,562,-459340688.80070555,-459340688.80070555,-459337204.24298453,3484.557721018791,3484.557719796896,-0.0,-0.0,-0.0,-142783279.19999963,-154219909.0007059,-162337500.60000005,0.0,0.0,0.0,-142783279.19999963,-154219909.0007059,-162334016.04228026,0.0,0.0,0.0,0.0,0.0,3484.557719796896,0,nan,False,,,0.3876838684082031,31.483759931723277,RegionF,-459340688.80070555,,1881.3929262161255,0.3924903869628906,,,,
R1 Cost再认证,154,root_lp_closed,137139,562,-459340688.80070555,-459340688.80070555,-459340688.8007043,1.2516975402832031e-06,0.0,-0.0,-0.0,-0.0,-142783279.19999963,-154219909.0007059,-162337500.60000005,0.0,0.0,0.0,-142783279.19999963,-154219909.0007059,-162337500.60000005,0.0,0.0,0.0,0.0,0.0,0.0,0,0.0,True,,,0.29734039306640625,32.14484116236369,RegionA,-459340688.80070555,,1921.0578000545502,0.3924903869628906,,,,
R1 Cost再认证,154,integer_added_region_benders_cuts,137139,564,-459340688.80070555,-459340688.80070555,-459233109.2154189,107579.58528667688,65760.66898396611,0.0,0.0,0.0,-142783279.19999963,-154219909.0007059,-162337500.60000005,0.0,0.0,0.0,-142741460.2836982,-154219909.0007059,-162271739.9310161,0.0,0.0,0.0,41818.91630142927,0.0,65760.66898396611,0,0.0,False,需要继续,-459340688.80070555,0.29734039306640625,32.14484116236369,RegionF,-459340688.80070555,0.0,1921.0578000545502,0.3924903869628906,,,,0.0
R1 Cost再认证,155,added_region_benders_cuts,137139,566,-459340688.80070555,-459340688.80070555,-459337872.5330347,2816.2676708698273,1820.054366350174,-0.0,-0.0,-0.0,-142783279.19999963,-154219909.0007059,-162337500.60000005,0.0,0.0,0.0,-142783279.19999963,-154218088.94633955,-162336504.3866968,0.0,0.0,0.0,0.0,1820.054366350174,996.2133032679558,0,nan,False,,,0.37973785400390625,32.76179355780284,RegionE,-459340688.80070555,,1958.074943780899,0.3924903869628906,,,,
R1 Cost再认证,156,added_region_benders_cuts,137139,567,-459340688.80070555,-459340688.80070555,-459331909.8586342,8778.942071378231,8778.942070156336,-0.0,-0.0,-0.0,-142783279.19999963,-154219909.0007059,-162337500.60000005,0.0,0.0,0.0,-142783279.19999963,-154219909.0007059,-162328721.6579299,0.0,0.0,0.0,0.0,0.0,8778.942070156336,0,nan,False,,,0.3817138671875,32.83171854019165,RegionF,-459340688.80070555,,1962.270442724228,0.3924903869628906,,,,
R1 Cost再认证,157,root_lp_closed,137139,567,-459340688.80070555,-459340688.80070555,-459340688.8007043,1.2516975402832031e-06,0.0,-0.0,-0.0,-0.0,-142783279.19999963,-154219909.0007059,-162337500.60000005,0.0,0.0,0.0,-142783279.19999963,-154219909.0007059,-162337500.60000005,0.0,0.0,0.0,0.0,0.0,0.0,0,0.0,True,,,0.2894859313964844,33.49393548965454,RegionA,-459340688.80070555,,2002.0034596920013,0.3924903869628906,,,,
R1 Cost再认证,157,integer_added_region_benders_cuts,137139,570,-459340688.80070555,-459340688.80070555,-459263504.1178439,77184.68286162615,35814.43354308605,0.0,0.0,0.0,-142783279.19999963,-154219909.0007059,-162337500.60000005,0.0,0.0,0.0,-142751167.08135408,-154210650.87003422,-162301686.16645697,0.0,0.0,0.0,32112.11864554882,9258.130671679974,35814.43354308605,0,0.0,False,需要继续,-459340688.80070555,0.2894859313964844,33.49393548965454,RegionF,-459340688.80070555,0.0,2002.0034596920013,0.3924903869628906,,,,0.0
R1 Cost再认证,158,root_lp_closed,137139,570,-459340688.80070555,-459340688.80070555,-459340688.8007043,1.2516975402832031e-06,0.0,-0.0,-0.0,-0.0,-142783279.19999963,-154219909.0007059,-162337500.60000005,0.0,0.0,0.0,-142783279.19999963,-154219909.0007059,-162337500.60000005,0.0,0.0,0.0,0.0,0.0,0.0,0,0.0,True,,,0.28985595703125,34.18429003159205,RegionA,-459340688.80070555,,2043.424732208252,0.3924903869628906,,,,
R1 Cost再认证,158,integer_added_region_benders_cuts,137139,573,-459340688.80070555,-459340688.80070555,-459265146.6760014,75542.12470412254,68963.8819425404,0.0,0.0,0.0,-142783279.19999963,-154219909.0007059,-162337500.60000005,0.0,0.0,0.0,-142782728.86112466,-154213881.09682056,-162268536.7180575,0.0,0.0,0.0,550.3388749659061,6027.90388533473,68963.8819425404,0,0.0,False,需要继续,-459340688.80070555,0.28985595703125,34.18429003159205,RegionF,-459340688.80070555,0.0,2043.424732208252,0.3924903869628906,,,,0.0
R1 Cost再认证,159,added_region_benders_cuts,137139,575,-459340688.80070555,-459340688.80070555,-459307097.01703894,33591.78366661072,32716.53802266717,-0.0,-0.0,-0.0,-142783279.19999963,-154219909.0007059,-162337500.60000005,0.0,0.0,0.0,-142783279.19999963,-154187192.46268323,-162336625.35435733,0.0,0.0,0.0,0.0,32716.53802266717,875.245642721653,0,nan,False,,,0.3799400329589844,35.069437305132546,RegionE,-459340688.80070555,,2096.5335686206818,0.3924903869628906,,,,
R1 Cost再认证,160,added_region_benders_cuts,137139,576,-459340688.80070555,-459340688.80070555,-459338533.76298445,2155.0377210974693,2155.037719875574,-0.0,-0.0,-0.0,-142783279.19999963,-154219909.0007059,-162337500.60000005,0.0,0.0,0.0,-142783279.19999963,-154217753.96298602,-162337500.60000005,0.0,0.0,0.0,0.0,2155.037719875574,0.0,0,nan,False,,,0.3820686340332031,35.24054463307063,RegionE,-459340688.80070555,,2106.8000082969666,0.3924903869628906,,,,
R1 Cost再认证,161,added_region_benders_cuts,137139,577,-459340688.80070555,-459340688.80070555,-459332241.53666365,8447.264041900635,8447.264040648937,-0.0,-0.0,-0.0,-142783279.19999963,-154219909.0007059,-162337500.60000005,0.0,0.0,0.0,-142783279.19999963,-154219909.0007059,-162329053.3359594,0.0,0.0,0.0,0.0,0.0,8447.264040648937,0,nan,False,,,0.3823738098144531,35.44220610062281,RegionF,-459340688.80070555,,2118.8996963500977,0.3924903869628906,,,,
R1 Cost再认证,162,added_region_benders_cuts,137139,578,-459340688.80070555,-459340688.80070555,-459339374.6687376,1314.1319679617882,1314.1319667696953,-0.0,-0.0,-0.0,-142783279.19999963,-154219909.0007059,-162337500.60000005,0.0,0.0,0.0,-142783279.19999963,-154218594.86873913,-162337500.60000005,0.0,0.0,0.0,0.0,1314.1319667696953,0.0,0,nan,False,,,0.38263702392578125,35.51011762619019,RegionE,-459340688.80070555,,2122.97438788414,0.3924903869628906,,,,
R1 Cost再认证,163,root_lp_closed,137139,578,-459340688.80070555,-459340688.80070555,-459340688.8007043,1.2516975402832031e-06,0.0,-0.0,-0.0,-0.0,-142783279.19999963,-154219909.0007059,-162337500.60000005,0.0,0.0,0.0,-142783279.19999963,-154219909.0007059,-162337500.60000005,0.0,0.0,0.0,0.0,0.0,0.0,0,0.0,True,,,0.2908515930175781,35.82374557654063,RegionA,-459340688.80070555,,2141.7920649051666,0.3924903869628906,,,,
R1 Cost再认证,163,integer_added_region_benders_cuts,137139,579,-459340688.80070555,-459340688.80070555,-459281341.5000264,59347.30067914724,59347.30067786574,0.0,0.0,0.0,-142783279.19999963,-154219909.0007059,-162337500.60000005,0.0,0.0,0.0,-142783279.19999963,-154219909.0007059,-162278153.2993222,0.0,0.0,0.0,0.0,0.0,59347.30067786574,0,0.0,False,需要继续,-459340688.80070555,0.2908515930175781,35.82374557654063,RegionF,-459340688.80070555,0.0,2141.7920649051666,0.3924903869628906,,,,0.0
R1 Cost再认证,164,added_region_benders_cuts,137139,580,-459340688.80070555,-459340688.80070555,-459340688.6454196,0.15528595447540283,0.15528473258018494,-0.0,-0.0,-0.0,-142783279.19999963,-154219909.0007059,-162337500.60000005,0.0,0.0,0.0,-142783279.19999963,-154219909.0007059,-162337500.44471532,0.0,0.0,0.0,0.0,0.0,0.15528473258018494,0,nan,False,,,0.3844718933105469,36.34320878585179,RegionF,-459340688.80070555,,2172.9598574638367,0.3924903869628906,,,,
R1 Cost再认证,165,added_region_benders_cuts,137139,581,-459340688.80070555,-459340688.80070555,-459339414.7212755,1274.0794300436974,1274.0794288516045,-0.0,-0.0,-0.0,-142783279.19999963,-154219909.0007059,-162337500.60000005,0.0,0.0,0.0,-142783279.19999963,-154218634.92127705,-162337500.60000005,0.0,0.0,0.0,0.0,1274.0794288516045,0.0,0,nan,False,,,0.3875389099121094,36.41321699221929,RegionE,-459340688.80070555,,2177.1603498458862,0.3924903869628906,,,,
R1 Cost再认证,166,added_region_benders_cuts,137139,582,-459340688.80070555,-459340688.80070555,-459337483.4644352,3205.3362703323364,3205.3362690210342,-0.0,-0.0,-0.0,-142783279.19999963,-154219909.0007059,-162337500.60000005,0.0,0.0,0.0,-142783279.19999963,-154219909.0007059,-162334295.26373103,0.0,0.0,0.0,0.0,0.0,3205.3362690210342,0,nan,False,,,0.3882942199707031,36.4806934316953,RegionF,-459340688.80070555,,2181.208936214447,0.3924903869628906,,,,
R1 Cost再认证,167,added_region_benders_cuts,137139,583,-459340688.80070555,-459340688.80070555,-459339710.9787264,977.8219791650772,977.821977943182,-0.0,-0.0,-0.0,-142783279.19999963,-154219909.0007059,-162337500.60000005,0.0,0.0,0.0,-142783279.19999963,-154219909.0007059,-162336522.7780221,0.0,0.0,0.0,0.0,0.0,977.821977943182,0,nan,False,,,0.38819122314453125,36.547900489966075,RegionF,-459340688.80070555,,2185.2413597106934,0.3924903869628906,,,,
R1 Cost再认证,168,added_region_benders_cuts,137139,584,-459340688.80070555,-459340688.80070555,-459339745.66685957,943.1338459849358,943.1338447928429,-0.0,-0.0,-0.0,-142783279.19999963,-154219909.0007059,-162337500.60000005,0.0,0.0,0.0,-142783279.19999963,-154218965.8668611,-162337500.60000005,0.0,0.0,0.0,0.0,943.1338447928429,0.0,0,nan,False,,,0.3890876770019531,36.61371443271637,RegionE,-459340688.80070555,,2189.190196275711,0.3924903869628906,,,,
R1 Cost再认证,169,added_region_benders_cuts,137139,586,-459340688.80070555,-459340688.80070555,-459340251.9478531,436.85285246372223,376.72403198480606,-0.0,-0.0,-0.0,-142783279.19999963,-154219909.0007059,-162337500.60000005,0.0,0.0,0.0,-142783279.19999963,-154219848.87188667,-162337123.87596807,0.0,0.0,0.0,0.0,60.12881922721863,376.72403198480606,0,nan,False,,,0.3891258239746094,36.68214540084203,RegionF,-459340688.80070555,,2193.2960543632507,0.3924903869628906,,,,
R1 Cost再认证,170,added_region_benders_cuts,137139,588,-459340688.80070555,-459340688.80070555,-459337115.3134324,3573.487273156643,2884.3642356693745,-0.0,-0.0,-0.0,-142783279.19999963,-154219909.0007059,-162337500.60000005,0.0,0.0,0.0,-142783279.19999963,-154219219.87766957,-162334616.23576438,0.0,0.0,0.0,0.0,689.1230363249779,2884.3642356693745,0,nan,False,,,0.38910675048828125,36.751967366536455,RegionF,-459340688.80070555,,2197.4853723049164,0.3924903869628906,,,,
R1 Cost再认证,171,root_lp_closed,137139,588,-459340688.80070555,-459340688.80070555,-459340688.8007043,1.2516975402832031e-06,0.0,-0.0,-0.0,-0.0,-142783279.19999963,-154219909.0007059,-162337500.60000005,0.0,0.0,0.0,-142783279.19999963,-154219909.0007059,-162337500.60000005,0.0,0.0,0.0,0.0,0.0,0.0,0,0.0,True,,,0.2941474914550781,37.04095910787582,RegionA,-459340688.80070555,,2214.8248767852783,0.3924903869628906,,,,
R1 Cost再认证,171,integer_added_region_benders_cuts,137139,591,-459340688.80070555,-459340688.80070555,-459307291.3271852,33397.473520338535,19901.764985084534,0.0,0.0,0.0,-142783279.19999963,-154219909.0007059,-162337500.60000005,0.0,0.0,0.0,-142778516.74066445,-154211175.75150704,-162317598.83501497,0.0,0.0,0.0,4762.459335178137,8733.24919885397,19901.764985084534,0,0.0,False,需要继续,-459340688.80070555,0.2941474914550781,37.04095910787582,RegionF,-459340688.80070555,0.0,2214.8248767852783,0.3924903869628906,,,,0.0
R1 Cost再认证,172,added_region_benders_cuts,137139,593,-459340688.80070555,-459340688.80070555,-459332737.56275356,7951.237951993942,5826.507932364941,-0.0,-0.0,-0.0,-142783279.19999963,-154219909.0007059,-162337500.60000005,0.0,0.0,0.0,-142783279.19999963,-154217784.27068746,-162331674.0920677,0.0,0.0,0.0,0.0,2124.7300184369087,5826.507932364941,0,nan,False,,,0.38118743896484375,37.54772979815801,RegionF,-459340688.80070555,,2245.2311182022095,0.3924903869628906,,,,
R1 Cost再认证,173,added_region_benders_cuts,137139,595,-459340688.80070555,-459340688.80070555,-459334326.4535357,6362.347169876099,4220.561763584614,-0.0,-0.0,-0.0,-142783279.19999963,-154219909.0007059,-162337500.60000005,0.0,0.0,0.0,-142783279.19999963,-154217767.2153008,-162333280.03823647,0.0,0.0,0.0,0.0,2141.785405099392,4220.561763584614,0,nan,False,,,0.3815345764160156,37.61143393516541,RegionF,-459340688.80070555,,2249.053366422653,0.3924903869628906,,,,
R1 Cost再认证,174,added_region_benders_cuts,137139,597,-459340688.80070555,-459340688.80070555,-459336762.09433293,3926.7063726186752,2228.1189727187157,-0.0,-0.0,-0.0,-142783279.19999963,-154219909.0007059,-162337500.60000005,0.0,0.0,0.0,-142783279.19999963,-154218210.4133072,-162335272.48102733,0.0,0.0,0.0,0.0,1698.5873987078667,2228.1189727187157,0,nan,False,,,0.3817329406738281,37.67528892358144,RegionF,-459340688.80070555,,2252.8846657276154,0.3924903869628906,,,,
R1 Cost再认证,175,added_region_benders_cuts,137139,598,-459340688.80070555,-459340688.80070555,-459340687.99885535,0.8018501996994019,0.8018489480018616,-0.0,-0.0,-0.0,-142783279.19999963,-154219909.0007059,-162337500.60000005,0.0,0.0,0.0,-142783279.19999963,-154219909.0007059,-162337499.7981511,0.0,0.0,0.0,0.0,0.0,0.8018489480018616,0,nan,False,,,0.3818397521972656,37.739453597863516,RegionF,-459340688.80070555,,2256.73454618454,0.3924903869628906,,,,
R1 Cost再认证,176,added_region_benders_cuts,137139,600,-459340688.80070555,-459340688.80070555,-459340299.7068744,389.0938311815262,286.6936348974705,-0.0,-0.0,-0.0,-142783279.19999963,-154219909.0007059,-162337500.60000005,0.0,0.0,0.0,-142783279.19999963,-154219622.307071,-162337398.19980505,0.0,0.0,0.0,0.0,286.6936348974705,102.40019500255585,0,nan,False,,,0.381866455078125,37.801940727233884,RegionE,-459340688.80070555,,2260.483773946762,0.3924903869628906,,,,
R1 Cost再认证,177,root_lp_closed,137139,600,-459340688.80070555,-459340688.80070555,-459340688.8007043,1.2516975402832031e-06,0.0,-0.0,-0.0,-0.0,-142783279.19999963,-154219909.0007059,-162337500.60000005,0.0,0.0,0.0,-142783279.19999963,-154219909.0007059,-162337500.60000005,0.0,0.0,0.0,0.0,0.0,0.0,0,0.0,True,,,0.2918510437011719,38.0760799407959,RegionA,-459340688.80070555,,2276.932126760483,0.3924903869628906,,,,
R1 Cost再认证,177,integer_added_region_benders_cuts,137139,603,-459340688.80070555,-459340688.80070555,-459322918.4897686,17770.310936927795,8466.097139418125,0.0,0.0,0.0,-142783279.19999963,-154219909.0007059,-162337500.60000005,0.0,0.0,0.0,-142780810.28317004,-154211442.90356648,-162330665.30303347,0.0,0.0,0.0,2468.916829586029,8466.097139418125,6835.296966582537,0,0.0,False,需要继续,-459340688.80070555,0.2918510437011719,38.0760799407959,RegionE,-459340688.80070555,0.0,2276.932126760483,0.3924903869628906,,,,0.0
R1 Cost再认证,178,root_lp_closed,137139,603,-459340688.80070555,-459340688.80070555,-459340688.8007043,1.2516975402832031e-06,0.0,-0.0,-0.0,-0.0,-142783279.19999963,-154219909.0007059,-162337500.60000005,0.0,0.0,0.0,-142783279.19999963,-154219909.0007059,-162337500.60000005,0.0,0.0,0.0,0.0,0.0,0.0,0,0.0,True,,,0.2922706604003906,38.81324742635091,RegionA,-459340688.80070555,,2321.1621758937836,0.3924903869628906,,,,
R1 Cost再认证,178,integer_added_region_benders_cuts,137139,604,-459340688.80070555,-459340688.80070555,-459338172.4105287,2516.390176832676,2516.390175640583,0.0,0.0,0.0,-142783279.19999963,-154219909.0007059,-162337500.60000005,0.0,0.0,0.0,-142783279.19999963,-154219909.0007059,-162334984.2098244,0.0,0.0,0.0,0.0,0.0,2516.390175640583,0,0.0,False,需要继续,-459340688.80070555,0.2922706604003906,38.81324742635091,RegionF,-459340688.80070555,0.0,2321.1621758937836,0.3924903869628906,,,,0.0
R1 Cost再认证,179,added_region_benders_cuts,137139,606,-459340688.80070555,-459340688.80070555,-459339291.932427,1396.8682785630226,1103.6781286001205,-0.0,-0.0,-0.0,-142783279.19999963,-154219909.0007059,-162337500.60000005,0.0,0.0,0.0,-142783279.19999963,-154218805.3225773,-162337207.40985137,0.0,0.0,0.0,0.0,1103.6781286001205,293.1901486814022,0,nan,False,,,0.38916015625,39.31043400764465,RegionE,-459340688.80070555,,2350.993370771408,0.3924903869628906,,,,
R1 Cost再认证,180,added_region_benders_cuts,137139,607,-459340688.80070555,-459340688.80070555,-459340324.75777364,364.04293191432953,364.042930662632,-0.0,-0.0,-0.0,-142783279.19999963,-154219909.0007059,-162337500.60000005,0.0,0.0,0.0,-142783279.19999963,-154219909.0007059,-162337136.5570694,0.0,0.0,0.0,0.0,0.0,364.042930662632,0,nan,False,,,0.3891448974609375,39.37357678413391,RegionF,-459340688.80070555,,2354.7819373607635,0.3924903869628906,,,,
R1 Cost再认证,181,added_region_benders_cuts,137139,608,-459340688.80070555,-459340688.80070555,-459338985.2075999,1703.59310567379,1703.5931044220924,-0.0,-0.0,-0.0,-142783279.19999963,-154219909.0007059,-162337500.60000005,0.0,0.0,0.0,-142783279.19999963,-154219909.0007059,-162335797.00689563,0.0,0.0,0.0,0.0,0.0,1703.5931044220924,0,nan,False,,,0.38916015625,39.43659746646881,RegionF,-459340688.80070555,,2358.5631783008575,0.3924903869628906,,,,
R1 Cost再认证,182,added_region_benders_cuts,137139,609,-459340688.80070555,-459340688.80070555,-459334019.6390195,6669.161686062813,6669.161684811115,-0.0,-0.0,-0.0,-142783279.19999963,-154219909.0007059,-162337500.60000005,0.0,0.0,0.0,-142783279.19999963,-154219909.0007059,-162330831.43831524,0.0,0.0,0.0,0.0,0.0,6669.161684811115,0,nan,False,,,0.38915252685546875,39.49854922691981,RegionF,-459340688.80070555,,2362.2802839279175,0.3924903869628906,,,,
R1 Cost再认证,183,root_lp_closed,137139,609,-459340688.80070555,-459340688.80070555,-459340688.8007043,1.2516975402832031e-06,0.0,-0.0,-0.0,-0.0,-142783279.19999963,-154219909.0007059,-162337500.60000005,0.0,0.0,0.0,-142783279.19999963,-154219909.0007059,-162337500.60000005,0.0,0.0,0.0,0.0,0.0,0.0,0,0.0,True,,,0.294586181640625,39.77150491476059,RegionA,-459340688.80070555,,2378.6576251983643,0.3924903869628906,,,,
R1 Cost再认证,183,integer_added_region_benders_cuts,137139,610,-459340688.80070555,-459340688.80070555,-459337456.0875317,3232.713173866272,3232.713172584772,0.0,0.0,0.0,-142783279.19999963,-154219909.0007059,-162337500.60000005,0.0,0.0,0.0,-142783279.19999963,-154219909.0007059,-162334267.88682747,0.0,0.0,0.0,0.0,0.0,3232.713172584772,0,0.0,False,需要继续,-459340688.80070555,0.294586181640625,39.77150491476059,RegionF,-459340688.80070555,0.0,2378.6576251983643,0.3924903869628906,,,,0.0
R1 Cost再认证,184,root_lp_closed,137139,610,-459340688.80070555,-459340688.80070555,-459340688.8007043,1.2516975402832031e-06,0.0,-0.0,-0.0,-0.0,-142783279.19999963,-154219909.0007059,-162337500.60000005,0.0,0.0,0.0,-142783279.19999963,-154219909.0007059,-162337500.60000005,0.0,0.0,0.0,0.0,0.0,0.0,0,0.0,True,,,0.29311370849609375,40.8629639228185,RegionA,-459340688.80070555,,2444.145165681839,0.3924903869628906,,,,
R1 Cost再认证,184,integer_added_region_benders_cuts,137139,612,-459340688.80070555,-459340688.80070555,-459320685.2265788,20003.574126780033,11096.238925009966,0.0,0.0,0.0,-142783279.19999963,-154219909.0007059,-162337500.60000005,0.0,0.0,0.0,-142783279.19999963,-154208812.7617809,-162328593.26479954,0.0,0.0,0.0,0.0,11096.238925009966,8907.33520051837,0,0.0,False,需要继续,-459340688.80070555,0.29311370849609375,40.8629639228185,RegionE,-459340688.80070555,0.0,2444.145165681839,0.3924903869628906,,,,0.0
R1 Cost再认证,185,root_lp_closed,137139,612,-459340688.80070555,-459340688.80070555,-459340688.8007043,1.2516975402832031e-06,0.0,-0.0,-0.0,-0.0,-142783279.19999963,-154219909.0007059,-162337500.60000005,0.0,0.0,0.0,-142783279.19999963,-154219909.0007059,-162337500.60000005,0.0,0.0,0.0,0.0,0.0,0.0,0,0.0,True,,,0.2939300537109375,41.695181500911715,RegionA,-459340688.80070555,,2494.0782203674316,0.3924903869628906,,,,
R1 Cost再认证,185,integer_added_region_benders_cuts,137139,615,-459340688.80070555,-459340688.80070555,-458957293.03870326,383395.7620022893,211744.53094047308,0.0,0.0,0.0,-142783279.19999963,-154219909.0007059,-162337500.60000005,0.0,0.0,0.0,-142777749.46774364,-154008164.46976542,-162171379.10119542,0.0,0.0,0.0,5529.732255995274,211744.53094047308,166121.49880462885,0,0.0,False,需要继续,-459340688.80070555,0.2939300537109375,41.695181500911715,RegionE,-459340688.80070555,0.0,2494.0782203674316,0.3924903869628906,,,,0.0
R1 Cost再认证,186,root_lp_closed,137139,615,-459340688.80070555,-459340688.80070555,-459340688.8007043,1.2516975402832031e-06,0.0,-0.0,-0.0,-0.0,-142783279.19999963,-154219909.0007059,-162337500.60000005,0.0,0.0,0.0,-142783279.19999963,-154219909.0007059,-162337500.60000005,0.0,0.0,0.0,0.0,0.0,0.0,0,0.0,True,,,0.2934417724609375,42.445736185709634,RegionA,-459340688.80070555,,2539.111501455307,0.3924903869628906,,,,
R1 Cost再认证,186,integer_added_region_benders_cuts,137139,616,-459340688.80070555,-459340688.80070555,-459338535.14215666,2153.6585488915443,2153.658547639847,0.0,0.0,0.0,-142783279.19999963,-154219909.0007059,-162337500.60000005,0.0,0.0,0.0,-142783279.19999963,-154219909.0007059,-162335346.9414524,0.0,0.0,0.0,0.0,0.0,2153.658547639847,0,0.0,False,需要继续,-459340688.80070555,0.2934417724609375,42.445736185709634,RegionF,-459340688.80070555,0.0,2539.111501455307,0.3924903869628906,,,,0.0
R1 Cost再认证,187,root_lp_closed,137139,616,-459340688.80070555,-459340688.80070555,-459340688.8007043,1.2516975402832031e-06,0.0,-0.0,-0.0,-0.0,-142783279.19999963,-154219909.0007059,-162337500.60000005,0.0,0.0,0.0,-142783279.19999963,-154219909.0007059,-162337500.60000005,0.0,0.0,0.0,0.0,0.0,0.0,0,0.0,True,,,0.2937507629394531,43.195305315653485,RegionA,-459340688.80070555,,2584.085649251938,0.3924903869628906,,,,
R1 Cost再认证,187,integer_added_region_benders_cuts,137139,618,-459340688.80070555,-459340688.80070555,-459251584.6881108,89104.1125947237,77268.43423587084,0.0,0.0,0.0,-142783279.19999963,-154219909.0007059,-162337500.60000005,0.0,0.0,0.0,-142783279.19999963,-154208073.32234818,-162260232.16576418,0.0,0.0,0.0,0.0,11835.678357720375,77268.43423587084,0,0.0,False,需要继续,-459340688.80070555,0.2937507629394531,43.195305315653485,RegionF,-459340688.80070555,0.0,2584.085649251938,0.3924903869628906,,,,0.0
R1 Cost再认证,188,root_lp_closed,137139,618,-459340688.80070555,-459340688.80070555,-459340688.8007043,1.2516975402832031e-06,0.0,-0.0,-0.0,-0.0,-142783279.19999963,-154219909.0007059,-162337500.60000005,0.0,0.0,0.0,-142783279.19999963,-154219909.0007059,-162337500.60000005,0.0,0.0,0.0,0.0,0.0,0.0,0,0.0,True,,,0.2960395812988281,43.943134295940396,RegionA,-459340688.80070555,,2628.955388069153,0.3924903869628906,,,,
R1 Cost再认证,188,integer_added_region_benders_cuts,137139,621,-459340688.80070555,-459340688.80070555,-458969896.79898053,370792.001725018,247336.97995090485,0.0,0.0,0.0,-142783279.19999963,-154219909.0007059,-162337500.60000005,0.0,0.0,0.0,-142726707.06128505,-153972572.020755,-162270617.71694168,0.0,0.0,0.0,56572.13871458173,247336.97995090485,66882.88305836916,0,0.0,False,需要继续,-459340688.80070555,0.2960395812988281,43.943134295940396,RegionE,-459340688.80070555,0.0,2628.955388069153,0.3924903869628906,,,,0.0
R1 Cost再认证,189,added_region_benders_cuts,137139,622,-459340688.80070555,-459340688.80070555,-459340688.1490672,0.6516383290290833,0.6516370475292206,-0.0,-0.0,-0.0,-142783279.19999963,-154219909.0007059,-162337500.60000005,0.0,0.0,0.0,-142783279.19999963,-154219909.0007059,-162337499.948363,0.0,0.0,0.0,0.0,0.0,0.6516370475292206,0,nan,False,,,0.39038848876953125,44.46494667927424,RegionF,-459340688.80070555,,2660.2641310691833,0.3924903869628906,,,,
R1 Cost再认证,190,added_region_benders_cuts,137139,623,-459340688.80070555,-459340688.80070555,-459338560.7007405,2128.0999650359154,2128.09996381402,-0.0,-0.0,-0.0,-142783279.19999963,-154219909.0007059,-162337500.60000005,0.0,0.0,0.0,-142783279.19999963,-154217780.90074208,-162337500.60000005,0.0,0.0,0.0,0.0,2128.09996381402,0.0,0,nan,False,,,0.3927803039550781,44.52967792749405,RegionE,-459340688.80070555,,2664.148005962372,0.3924903869628906,,,,
R1 Cost再认证,191,root_lp_closed,137139,623,-459340688.80070555,-459340688.80070555,-459340688.8007043,1.2516975402832031e-06,0.0,-0.0,-0.0,-0.0,-142783279.19999963,-154219909.0007059,-162337500.60000005,0.0,0.0,0.0,-142783279.19999963,-154219909.0007059,-162337500.60000005,0.0,0.0,0.0,0.0,0.0,0.0,0,0.0,True,,,0.2969093322753906,44.80455261866252,RegionA,-459340688.80070555,,2680.64048743248,0.39293670654296875,,,,
R1 Cost再认证,191,integer_added_region_benders_cuts,137139,626,-459340688.80070555,-459340688.80070555,-459177635.94900376,163052.85170179605,98636.55606457591,0.0,0.0,0.0,-142783279.19999963,-154219909.0007059,-162337500.60000005,0.0,0.0,0.0,-142745596.38795316,-154193175.5171163,-162238864.04393548,0.0,0.0,0.0,37682.81204646826,26733.483589589596,98636.55606457591,0,0.0,False,需要继续,-459340688.80070555,0.2969093322753906,44.80455261866252,RegionF,-459340688.80070555,0.0,2680.64048743248,0.39293670654296875,,,,0.0
R1 Cost再认证,192,added_region_benders_cuts,137139,627,-459340688.80070555,-459340688.80070555,-459340449.0021536,239.79855197668076,239.79855072498322,-0.0,-0.0,-0.0,-142783279.19999963,-154219909.0007059,-162337500.60000005,0.0,0.0,0.0,-142783279.19999963,-154219669.20215517,-162337500.60000005,0.0,0.0,0.0,0.0,239.79855072498322,0.0,0,nan,False,,,0.3828239440917969,45.98421566883723,RegionE,-459340688.80070555,,2751.4202704429626,0.39293670654296875,,,,
R1 Cost再认证,193,root_lp_closed,137139,627,-459340688.80070555,-459340688.80070555,-459340688.8007043,1.2516975402832031e-06,0.0,-0.0,-0.0,-0.0,-142783279.19999963,-154219909.0007059,-162337500.60000005,0.0,0.0,0.0,-142783279.19999963,-154219909.0007059,-162337500.60000005,0.0,0.0,0.0,0.0,0.0,0.0,0,0.0,True,,,0.29633331298828125,46.661540353298186,RegionA,-459340688.80070555,,2792.05975151062,0.39293670654296875,,,,
R1 Cost再认证,193,integer_added_region_benders_cuts,137139,630,-459340688.80070555,-459340688.80070555,-459234707.3750716,105981.42563396692,83413.2017430067,0.0,0.0,0.0,-142783279.19999963,-154219909.0007059,-162337500.60000005,0.0,0.0,0.0,-142699865.99825662,-154217649.90949875,-162317191.46731743,0.0,0.0,0.0,83413.2017430067,2259.0912071466446,20309.13268262148,0,0.0,False,需要继续,-459340688.80070555,0.29633331298828125,46.661540353298186,RegionD,-459340688.80070555,0.0,2792.05975151062,0.39293670654296875,,,,0.0
R1 Cost再认证,194,root_lp_closed,137139,630,-459340688.80070555,-459340688.80070555,-459340688.8007043,1.2516975402832031e-06,0.0,-0.0,-0.0,-0.0,-142783279.19999963,-154219909.0007059,-162337500.60000005,0.0,0.0,0.0,-142783279.19999963,-154219909.0007059,-162337500.60000005,0.0,0.0,0.0,0.0,0.0,0.0,0,0.0,True,,,0.2939872741699219,48.25288378794988,RegionA,-459340688.80070555,,2887.5403575897217,0.39293670654296875,,,,
R1 Cost再认证,194,integer_added_region_benders_cuts,137139,631,-459340688.80070555,-459340688.80070555,-459264275.40507275,76413.39563280344,76413.39563155174,0.0,0.0,0.0,-142783279.19999963,-154219909.0007059,-162337500.60000005,0.0,0.0,0.0,-142783279.19999963,-154219909.0007059,-162261087.2043685,0.0,0.0,0.0,0.0,0.0,76413.39563155174,0,0.0,False,需要继续,-459340688.80070555,0.2939872741699219,48.25288378794988,RegionF,-459340688.80070555,0.0,2887.5403575897217,0.39293670654296875,,,,0.0
R1 Cost再认证,195,added_region_benders_cuts,137139,632,-459340688.80070555,-459340688.80070555,-459335854.57066196,4834.230043590069,4834.230042397976,-0.0,-0.0,-0.0,-142783279.19999963,-154219909.0007059,-162337500.60000005,0.0,0.0,0.0,-142783279.19999963,-154215074.7706635,-162337500.60000005,0.0,0.0,0.0,0.0,4834.230042397976,0.0,0,nan,False,,,0.39009857177734375,49.37742642958959,RegionE,-459340688.80070555,,2955.0129160881042,0.39293670654296875,,,,
R1 Cost再认证,196,root_lp_closed,137139,632,-459340688.80070555,-459340688.80070555,-459340688.8007043,1.2516975402832031e-06,0.0,-0.0,-0.0,-0.0,-142783279.19999963,-154219909.0007059,-162337500.60000005,0.0,0.0,0.0,-142783279.19999963,-154219909.0007059,-162337500.60000005,0.0,0.0,0.0,0.0,0.0,0.0,0,0.0,True,,,0.295166015625,50.07899624903997,RegionA,-459340688.80070555,,2997.107105255127,0.39293670654296875,,,,
R1 Cost再认证,196,integer_added_region_benders_cuts,137139,635,-459340688.80070555,-459340688.80070555,-459265204.0202244,75484.78048115969,51820.95860502124,0.0,0.0,0.0,-142783279.19999963,-154219909.0007059,-162337500.60000005,0.0,0.0,0.0,-142779191.28092775,-154200333.09790295,-162285679.64139503,0.0,0.0,0.0,4087.919071882963,19575.902802944183,51820.95860502124,0,0.0,False,需要继续,-459340688.80070555,0.295166015625,50.07899624903997,RegionF,-459340688.80070555,0.0,2997.107105255127,0.39293670654296875,,,,0.0
R1 Cost再认证,197,root_lp_closed,137139,635,-459340688.80070555,-459340688.80070555,-459340688.8007043,1.2516975402832031e-06,0.0,-0.0,-0.0,-0.0,-142783279.19999963,-154219909.0007059,-162337500.60000005,0.0,0.0,0.0,-142783279.19999963,-154219909.0007059,-162337500.60000005,0.0,0.0,0.0,0.0,0.0,0.0,0,0.0,True,,,0.2951698303222656,51.76477539539337,RegionA,-459340688.80070555,,3098.253854036331,0.39293670654296875,,,,
R1 Cost再认证,197,integer_added_region_benders_cuts,137139,637,-459340688.80070555,-459340688.80070555,-459329188.1150574,11500.685648143291,9279.552485704422,0.0,0.0,0.0,-142783279.19999963,-154219909.0007059,-162337500.60000005,0.0,0.0,0.0,-142781058.06683847,-154219909.0007059,-162328221.04751435,0.0,0.0,0.0,2221.1331611573696,0.0,9279.552485704422,0,0.0,False,需要继续,-459340688.80070555,0.2951698303222656,51.76477539539337,RegionF,-459340688.80070555,0.0,3098.253854036331,0.39293670654296875,,,,0.0
R1 Cost再认证,198,root_lp_closed,137139,637,-459340688.80070555,-459340688.80070555,-459340688.8007043,1.2516975402832031e-06,0.0,-0.0,-0.0,-0.0,-142783279.19999963,-154219909.0007059,-162337500.60000005,0.0,0.0,0.0,-142783279.19999963,-154219909.0007059,-162337500.60000005,0.0,0.0,0.0,0.0,0.0,0.0,0,0.0,True,,,0.2930412292480469,53.12405783335368,RegionA,-459340688.80070555,,3179.8108003139496,0.39293670654296875,,,,
R1 Cost再认证,198,integer_added_region_benders_cuts,137139,640,-459340688.80070555,-459340688.80070555,-459238939.72313446,101749.07757109404,85038.90233010054,0.0,0.0,0.0,-142783279.19999963,-154219909.0007059,-162337500.60000005,0.0,0.0,0.0,-142698240.29766953,-154205709.66223228,-162334989.76323387,0.0,0.0,0.0,85038.90233010054,14199.33847361803,2510.8367661833763,0,0.0,False,需要继续,-459340688.80070555,0.2930412292480469,53.12405783335368,RegionD,-459340688.80070555,0.0,3179.8108003139496,0.39293670654296875,,,,0.0
R1 Cost再认证,199,added_region_benders_cuts,137139,642,-459340688.80070555,-459340688.80070555,-459338469.0623618,2219.7383437752724,1383.524956792593,-0.0,-0.0,-0.0,-142783279.19999963,-154219909.0007059,-162337500.60000005,0.0,0.0,0.0,-142783279.19999963,-154218525.4757491,-162336664.3866143,0.0,0.0,0.0,0.0,1383.524956792593,836.2133857607841,0,nan,False,,,0.3875389099121094,54.217024799187975,RegionE,-459340688.80070555,,3245.3888182640076,0.39293670654296875,,,,
R1 Cost再认证,200,added_region_benders_cuts,137139,643,-459340688.80070555,-459340688.80070555,-459335481.45743185,5207.343273699284,5207.343272447586,-0.0,-0.0,-0.0,-142783279.19999963,-154219909.0007059,-162337500.60000005,0.0,0.0,0.0,-142783279.19999963,-154214701.65743345,-162337500.60000005,0.0,0.0,0.0,0.0,5207.343272447586,0.0,0,nan,False,,,0.3879280090332031,54.37693375349045,RegionE,-459340688.80070555,,3254.9833555221558,0.39293670654296875,,,,
R1 Cost再认证,201,added_region_benders_cuts,137139,644,-459340688.80070555,-459340688.80070555,-459340683.43982446,5.360881090164185,5.360879868268967,-0.0,-0.0,-0.0,-142783279.19999963,-154219909.0007059,-162337500.60000005,0.0,0.0,0.0,-142783279.19999963,-154219903.63982603,-162337500.60000005,0.0,0.0,0.0,0.0,5.360879868268967,0.0,0,nan,False,,,0.29590606689453125,54.52525188922882,RegionE,-459340688.80070555,,3263.882443666458,0.39293670654296875,,,,
R1 Cost再认证,202,added_region_benders_cuts,137139,646,-459340688.80070555,-459340688.80070555,-459318539.11642444,22149.684281110764,21397.2840397954,-0.0,-0.0,-0.0,-142783279.19999963,-154219909.0007059,-162337500.60000005,0.0,0.0,0.0,-142783279.19999963,-154198511.7166661,-162336748.19976008,0.0,0.0,0.0,0.0,21397.2840397954,752.4002399742603,0,nan,False,,,0.3879814147949219,54.672178999582925,RegionE,-459340688.80070555,,3272.6980702877045,0.39293670654296875,,,,
R1 Cost再认证,203,root_lp_closed,137139,646,-459340688.80070555,-459340688.80070555,-459340688.8007043,1.2516975402832031e-06,0.0,-0.0,-0.0,-0.0,-142783279.19999963,-154219909.0007059,-162337500.60000005,0.0,0.0,0.0,-142783279.19999963,-154219909.0007059,-162337500.60000005,0.0,0.0,0.0,0.0,0.0,0.0,0,0.0,True,,,0.29450225830078125,55.3459750533104,RegionA,-459340688.80070555,,3313.1258335113525,0.39293670654296875,,,,
R1 Cost再认证,203,integer_added_region_benders_cuts,137139,649,-459340688.80070555,-459340688.80070555,-459223464.2239888,117224.57671678066,60680.097547352314,0.0,0.0,0.0,-142783279.19999963,-154219909.0007059,-162337500.60000005,0.0,0.0,0.0,-142730652.77914843,-154215990.9423889,-162276820.5024527,0.0,0.0,0.0,52626.42085120082,3918.0583170056343,60680.097547352314,0,0.0,False,需要继续,-459340688.80070555,0.29450225830078125,55.3459750533104,RegionF,-459340688.80070555,0.0,3313.1258335113525,0.39293670654296875,,,,0.0
R1 Cost再认证,204,added_region_benders_cuts,137139,650,-459340688.80070555,-459340688.80070555,-459340501.00615567,187.79454988241196,187.79454863071442,-0.0,-0.0,-0.0,-142783279.19999963,-154219909.0007059,-162337500.60000005,0.0,0.0,0.0,-142783279.19999963,-154219721.20615727,-162337500.60000005,0.0,0.0,0.0,0.0,187.79454863071442,0.0,0,nan,False,,,0.3889274597167969,56.30263392527898,RegionE,-459340688.80070555,,3370.525365829468,0.39293670654296875,,,,
R1 Cost再认证,205,added_region_benders_cuts,137139,651,-459340688.80070555,-459340688.80070555,-459336137.79984397,4551.00086158514,4551.000860333443,-0.0,-0.0,-0.0,-142783279.19999963,-154219909.0007059,-162337500.60000005,0.0,0.0,0.0,-142783279.19999963,-154215357.99984556,-162337500.60000005,0.0,0.0,0.0,0.0,4551.000860333443,0.0,0,nan,False,,,0.3849296569824219,56.470802104473115,RegionE,-459340688.80070555,,3380.6154565811157,0.39293670654296875,,,,
R1 Cost再认证,206,added_region_benders_cuts,137139,652,-459340688.80070555,-459340688.80070555,-459338791.9139388,1896.886766731739,1896.8867655098438,-0.0,-0.0,-0.0,-142783279.19999963,-154219909.0007059,-162337500.60000005,0.0,0.0,0.0,-142783279.19999963,-154219909.0007059,-162335603.71323454,0.0,0.0,0.0,0.0,0.0,1896.8867655098438,0,nan,False,,,0.3893890380859375,56.537417960166934,RegionF,-459340688.80070555,,3384.6124079227448,0.39293670654296875,,,,
R1 Cost再认证,207,root_lp_closed,137139,652,-459340688.80070555,-459340688.80070555,-459340688.8007043,1.2516975402832031e-06,0.0,-0.0,-0.0,-0.0,-142783279.19999963,-154219909.0007059,-162337500.60000005,0.0,0.0,0.0,-142783279.19999963,-154219909.0007059,-162337500.60000005,0.0,0.0,0.0,0.0,0.0,0.0,0,0.0,True,,,0.29537200927734375,57.06609148979187,RegionA,-459340688.80070555,,3416.332819700241,0.39293670654296875,,,,
R1 Cost再认证,207,integer_added_region_benders_cuts,137139,655,-459340688.80070555,-459340688.80070555,-458925154.33307916,415534.46762639284,301271.74178901315,0.0,0.0,0.0,-142783279.19999963,-154219909.0007059,-162337500.60000005,0.0,0.0,0.0,-142765711.79406503,-153918637.25891688,-162240805.28009838,0.0,0.0,0.0,17567.405934602022,301271.74178901315,96695.31990167499,0,0.0,False,需要继续,-459340688.80070555,0.29537200927734375,57.06609148979187,RegionE,-459340688.80070555,0.0,3416.332819700241,0.39293670654296875,,,,0.0
R1 Cost再认证,208,added_region_benders_cuts,137139,657,-459340688.80070555,-459340688.80070555,-459337363.577373,3325.2233325242996,3199.0169597268105,-0.0,-0.0,-0.0,-142783279.19999963,-154219909.0007059,-162337500.60000005,0.0,0.0,0.0,-142783279.19999963,-154216709.98374617,-162337374.3936285,0.0,0.0,0.0,0.0,3199.0169597268105,126.20637154579163,0,nan,False,,,0.3906097412109375,58.21064405441284,RegionE,-459340688.80070555,,3485.0059735774994,0.39293670654296875,,,,
R1 Cost再认证,209,root_lp_closed,137139,657,-459340688.80070555,-459340688.80070555,-459340688.8007043,1.2516975402832031e-06,0.0,-0.0,-0.0,-0.0,-142783279.19999963,-154219909.0007059,-162337500.60000005,0.0,0.0,0.0,-142783279.19999963,-154219909.0007059,-162337500.60000005,0.0,0.0,0.0,0.0,0.0,0.0,0,0.0,True,,,0.29628753662109375,58.89157061179479,RegionA,-459340688.80070555,,3525.8615670204163,0.39293670654296875,,,,
R1 Cost再认证,209,integer_added_region_benders_cuts,137139,659,-459340688.80070555,-459340688.80070555,-459307726.89936936,32961.901336193085,19101.878897041082,0.0,0.0,0.0,-142783279.19999963,-154219909.0007059,-162337500.60000005,0.0,0.0,0.0,-142764177.3211026,-154219909.0007059,-162323640.57756218,0.0,0.0,0.0,19101.878897041082,0.0,13860.022437870502,0,0.0,False,需要继续,-459340688.80070555,0.29628753662109375,58.89157061179479,RegionD,-459340688.80070555,0.0,3525.8615670204163,0.39293670654296875,,,,0.0
R1 Cost再认证,210,added_region_benders_cuts,137139,660,-459340688.80070555,-459340688.80070555,-459339996.7703344,692.0303711295128,692.0303699076176,-0.0,-0.0,-0.0,-142783279.19999963,-154219909.0007059,-162337500.60000005,0.0,0.0,0.0,-142783279.19999963,-154219909.0007059,-162336808.56963015,0.0,0.0,0.0,0.0,0.0,692.0303699076176,0,nan,False,,,0.39943695068359375,59.83524384895961,RegionF,-459340688.80070555,,3582.481961250305,0.4023284912109375,,,,
R1 Cost再认证,211,added_region_benders_cuts,137139,662,-459340688.80070555,-459340688.80070555,-459337819.2404024,2869.5603031516075,2223.097730964422,-0.0,-0.0,-0.0,-142783279.19999963,-154219909.0007059,-162337500.60000005,0.0,0.0,0.0,-142783279.19999963,-154219262.538135,-162335277.5022691,0.0,0.0,0.0,0.0,646.4625709056854,2223.097730964422,0,nan,False,,,0.4001731872558594,59.977761538823444,RegionF,-459340688.80070555,,3591.0330226421356,0.4023284912109375,,,,
R1 Cost再认证,212,added_region_benders_cuts,137139,663,-459340688.80070555,-459340688.80070555,-459339945.188371,743.612334549427,743.6123332977295,-0.0,-0.0,-0.0,-142783279.19999963,-154219909.0007059,-162337500.60000005,0.0,0.0,0.0,-142782535.58766633,-154219909.0007059,-162337500.60000005,0.0,0.0,0.0,743.6123332977295,0.0,0.0,0,nan,False,,,0.4010124206542969,60.13128120104472,RegionD,-459340688.80070555,,3600.244202375412,0.4023284912109375,,,,
R1 Cost再认证,213,root_lp_closed,137139,663,-459340688.80070555,-459340688.80070555,-459340688.8007043,1.2516975402832031e-06,0.0,-0.0,-0.0,-0.0,-142783279.19999963,-154219909.0007059,-162337500.60000005,0.0,0.0,0.0,-142783279.19999963,-154219909.0007059,-162337500.60000005,0.0,0.0,0.0,0.0,0.0,0.0,0,0.0,True,,,0.29570770263671875,60.5448032617569,RegionA,-459340688.80070555,,3625.0555260181427,0.4023284912109375,,,,
R1 Cost再认证,213,integer_added_region_benders_cuts,137139,665,-459340688.80070555,-459340688.80070555,-459222308.3375509,118380.46315467358,94902.30638182163,0.0,0.0,0.0,-142783279.19999963,-154219909.0007059,-162337500.60000005,0.0,0.0,0.0,-142688376.8936178,-154219909.0007059,-162314022.44322842,0.0,0.0,0.0,94902.30638182163,0.0,23478.15677163005,0,0.0,False,需要继续,-459340688.80070555,0.29570770263671875,60.5448032617569,RegionD,-459340688.80070555,0.0,3625.0555260181427,0.4023284912109375,,,,0.0
R1 Cost再认证,214,added_region_benders_cuts,137139,666,-459340688.80070555,-459340688.80070555,-459340687.662914,1.1377915740013123,1.137790322303772,-0.0,-0.0,-0.0,-142783279.19999963,-154219909.0007059,-162337500.60000005,0.0,0.0,0.0,-142783279.19999963,-154219909.0007059,-162337499.46220973,0.0,0.0,0.0,0.0,0.0,1.137790322303772,0,nan,False,,,0.39044189453125,61.47168210744858,RegionF,-459340688.80070555,,3680.6682567596436,0.4023284912109375,,,,
R1 Cost再认证,215,root_lp_closed,137139,666,-459340688.80070555,-459340688.80070555,-459340688.8007043,1.2516975402832031e-06,0.0,-0.0,-0.0,-0.0,-142783279.19999963,-154219909.0007059,-162337500.60000005,0.0,0.0,0.0,-142783279.19999963,-154219909.0007059,-162337500.60000005,0.0,0.0,0.0,0.0,0.0,0.0,0,0.0,True,,,0.2960357666015625,61.99748855829239,RegionA,-459340688.80070555,,3712.216643810272,0.4023284912109375,,,,
R1 Cost再认证,215,integer_added_region_benders_cuts,137139,669,-459340688.80070555,-459340688.80070555,-459236710.7037106,103978.09699493647,39391.666024297476,0.0,0.0,0.0,-142783279.19999963,-154219909.0007059,-162337500.60000005,0.0,0.0,0.0,-142754468.40322378,-154180517.3346816,-162301724.96580648,0.0,0.0,0.0,28810.796775847673,39391.666024297476,35775.63419356942,0,0.0,False,需要继续,-459340688.80070555,0.2960357666015625,61.99748855829239,RegionE,-459340688.80070555,0.0,3712.216643810272,0.4023284912109375,,,,0.0
R1 Cost再认证,216,root_lp_closed,137139,669,-459340688.80070555,-459340688.80070555,-459340688.8007043,1.2516975402832031e-06,0.0,-0.0,-0.0,-0.0,-142783279.19999963,-154219909.0007059,-162337500.60000005,0.0,0.0,0.0,-142783279.19999963,-154219909.0007059,-162337500.60000005,0.0,0.0,0.0,0.0,0.0,0.0,0,0.0,True,,,0.2951164245605469,62.815752653280896,RegionA,-459340688.80070555,,3761.3124895095825,0.4023284912109375,,,,
R1 Cost再认证,216,integer_added_region_benders_cuts,137139,672,-459340688.80070555,-459340688.80070555,-459288936.73703516,51752.063670396805,25261.3018373847,0.0,0.0,0.0,-142783279.19999963,-154219909.0007059,-162337500.60000005,0.0,0.0,0.0,-142780163.59073126,-154194647.6988685,-162314125.44743657,0.0,0.0,0.0,3115.6092683672905,25261.3018373847,23375.152563482523,0,0.0,False,需要继续,-459340688.80070555,0.2951164245605469,62.815752653280896,RegionE,-459340688.80070555,0.0,3761.3124895095825,0.4023284912109375,,,,0.0
R1 Cost再认证,217,root_lp_closed,137139,672,-459340688.80070555,-459340688.80070555,-459340688.8007043,1.2516975402832031e-06,0.0,-0.0,-0.0,-0.0,-142783279.19999963,-154219909.0007059,-162337500.60000005,0.0,0.0,0.0,-142783279.19999963,-154219909.0007059,-162337500.60000005,0.0,0.0,0.0,0.0,0.0,0.0,0,0.0,True,,,0.2961921691894531,64.33664837678273,RegionA,-459340688.80070555,,3852.566232919693,0.4023284912109375,,,,
R1 Cost再认证,217,integer_added_region_benders_cuts,137139,675,-459340688.80070555,-459340688.80070555,-459299687.5503555,41001.25035005808,23269.47805145383,0.0,0.0,0.0,-142783279.19999963,-154219909.0007059,-162337500.60000005,0.0,0.0,0.0,-142776689.14866388,-154196639.52265444,-162326358.8790384,0.0,0.0,0.0,6590.05133575201,23269.47805145383,11141.720961660147,0,0.0,False,需要继续,-459340688.80070555,0.2961921691894531,64.33664837678273,RegionE,-459340688.80070555,0.0,3852.566232919693,0.4023284912109375,,,,0.0
R1 Cost再认证,218,added_region_benders_cuts,137139,676,-459340688.80070555,-459340688.80070555,-459339686.42275196,1002.3779535889626,1002.3779523968697,-0.0,-0.0,-0.0,-142783279.19999963,-154219909.0007059,-162337500.60000005,0.0,0.0,0.0,-142783279.19999963,-154218906.6227535,-162337500.60000005,0.0,0.0,0.0,0.0,1002.3779523968697,0.0,0,nan,False,,,0.3921089172363281,65.65583427349726,RegionE,-459340688.80070555,,3931.7173867225647,0.4023284912109375,,,,
R1 Cost再认证,219,added_region_benders_cuts,137139,677,-459340688.80070555,-459340688.80070555,-459340010.51756436,678.2831411957741,678.2831400036812,-0.0,-0.0,-0.0,-142783279.19999963,-154219909.0007059,-162337500.60000005,0.0,0.0,0.0,-142783279.19999963,-154219230.7175659,-162337500.60000005,0.0,0.0,0.0,0.0,678.2831400036812,0.0,0,nan,False,,,0.3924674987792969,65.84683071374893,RegionE,-459340688.80070555,,3943.177173137665,0.4023284912109375,,,,
R1 Cost再认证,220,added_region_benders_cuts,137139,678,-459340688.80070555,-459340688.80070555,-459340307.01342845,381.7872771024704,381.7872758805752,-0.0,-0.0,-0.0,-142783279.19999963,-154219909.0007059,-162337500.60000005,0.0,0.0,0.0,-142783279.19999963,-154219527.21343002,-162337500.60000005,0.0,0.0,0.0,0.0,381.7872758805752,0.0,0,nan,False,,,0.392608642578125,66.0435443242391,RegionE,-459340688.80070555,,3954.9799897670746,0.4023284912109375,,,,
R1 Cost再认证,221,added_region_benders_cuts,137139,679,-459340688.80070555,-459340688.80070555,-459340302.17472506,386.62598049640656,386.6259792149067,-0.0,-0.0,-0.0,-142783279.19999963,-154219909.0007059,-162337500.60000005,0.0,0.0,0.0,-142783279.19999963,-154219909.0007059,-162337113.97402084,0.0,0.0,0.0,0.0,0.0,386.6259792149067,0,nan,False,,,0.3926734924316406,66.13913865884145,RegionF,-459340688.80070555,,3960.715649843216,0.4023284912109375,,,,
R1 Cost再认证,222,root_lp_closed,137139,679,-459340688.80070555,-459340688.80070555,-459340688.8007043,1.2516975402832031e-06,0.0,-0.0,-0.0,-0.0,-142783279.19999963,-154219909.0007059,-162337500.60000005,0.0,0.0,0.0,-142783279.19999963,-154219909.0007059,-162337500.60000005,0.0,0.0,0.0,0.0,0.0,0.0,0,0.0,True,,,0.2975273132324219,66.44334282477696,RegionA,-459340688.80070555,,3978.967899799347,0.4023284912109375,,,,
R1 Cost再认证,222,integer_added_region_benders_cuts,137139,682,-459340688.80070555,-459340688.80070555,-459233692.6482288,106996.15247672796,46533.77875685692,0.0,0.0,0.0,-142783279.19999963,-154219909.0007059,-162337500.60000005,0.0,0.0,0.0,-142760273.93124604,-154182451.89574084,-162290966.8212432,0.0,0.0,0.0,23005.2687535882,37457.10496506095,46533.77875685692,0,0.0,False,需要继续,-459340688.80070555,0.2975273132324219,66.44334282477696,RegionF,-459340688.80070555,0.0,3978.967899799347,0.4023284912109375,,,,0.0
R1 Cost再认证,223,root_lp_closed,137139,682,-459340688.80070555,-459340688.80070555,-459340688.8007043,1.2516975402832031e-06,0.0,-0.0,-0.0,-0.0,-142783279.19999963,-154219909.0007059,-162337500.60000005,0.0,0.0,0.0,-142783279.19999963,-154219909.0007059,-162337500.60000005,0.0,0.0,0.0,0.0,0.0,0.0,0,0.0,True,,,0.2974433898925781,68.2500918785731,RegionA,-459340688.80070555,,4087.372843027115,0.4023284912109375,,,,
R1 Cost再认证,223,integer_added_region_benders_cuts,137139,685,-459340688.80070555,-459340688.80070555,-459274518.064935,66170.73577052355,54041.610783457756,0.0,0.0,0.0,-142783279.19999963,-154219909.0007059,-162337500.60000005,0.0,0.0,0.0,-142774914.01863137,-154216145.05708832,-162283458.9892166,0.0,0.0,0.0,8365.181368261576,3763.943617582321,54041.610783457756,0,0.0,False,需要继续,-459340688.80070555,0.2974433898925781,68.2500918785731,RegionF,-459340688.80070555,0.0,4087.372843027115,0.4023284912109375,,,,0.0
R1 Cost再认证,224,root_lp_closed,137139,685,-459340688.80070555,-459340688.80070555,-459340688.8007043,1.2516975402832031e-06,0.0,-0.0,-0.0,-0.0,-142783279.19999963,-154219909.0007059,-162337500.60000005,0.0,0.0,0.0,-142783279.19999963,-154219909.0007059,-162337500.60000005,0.0,0.0,0.0,0.0,0.0,0.0,0,0.0,True,,,0.2978324890136719,69.13954575061798,RegionA,-459340688.80070555,,4140.740075349808,0.4023284912109375,,,,
R1 Cost再认证,224,integer_added_region_benders_cuts,137139,687,-459340688.80070555,-459340688.80070555,-459313957.91791284,26730.882792711258,26135.125278413296,0.0,0.0,0.0,-142783279.19999963,-154219909.0007059,-162337500.60000005,0.0,0.0,0.0,-142782683.4424866,-154219909.0007059,-162311365.47472164,0.0,0.0,0.0,595.7575130164623,0.0,26135.125278413296,0,0.0,False,需要继续,-459340688.80070555,0.2978324890136719,69.13954575061798,RegionF,-459340688.80070555,0.0,4140.740075349808,0.4023284912109375,,,,0.0
R1 Cost再认证,225,added_region_benders_cuts,137139,688,-459340688.80070555,-459340688.80070555,-459336836.76970655,3852.030999004841,3852.0309977531433,-0.0,-0.0,-0.0,-142783279.19999963,-154219909.0007059,-162337500.60000005,0.0,0.0,0.0,-142783279.19999963,-154216056.96970814,-162337500.60000005,0.0,0.0,0.0,0.0,3852.0309977531433,0.0,0,nan,False,,,0.3949241638183594,69.64972866773606,RegionE,-459340688.80070555,,4171.351050376892,0.4023284912109375,,,,
R1 Cost再认证,226,root_lp_closed,137139,688,-459340688.80070555,-459340688.80070555,-459340688.8007043,1.2516975402832031e-06,0.0,-0.0,-0.0,-0.0,-142783279.19999963,-154219909.0007059,-162337500.60000005,0.0,0.0,0.0,-142783279.19999963,-154219909.0007059,-162337500.60000005,0.0,0.0,0.0,0.0,0.0,0.0,0,0.0,True,,,0.2982215881347656,69.92891107400258,RegionA,-459340688.80070555,,4188.101994752884,0.4023284912109375,,,,
R1 Cost再认证,226,integer_added_region_benders_cuts,137139,689,-459340688.80070555,-459340688.80070555,-459305065.65302825,35623.14767730236,35623.14767611027,0.0,0.0,0.0,-142783279.19999963,-154219909.0007059,-162337500.60000005,0.0,0.0,0.0,-142783279.19999963,-154184285.8530298,-162337500.60000005,0.0,0.0,0.0,0.0,35623.14767611027,0.0,0,0.0,False,需要继续,-459340688.80070555,0.2982215881347656,69.92891107400258,RegionE,-459340688.80070555,0.0,4188.101994752884,0.4023284912109375,,,,0.0
R1 Cost再认证,227,root_lp_closed,137139,689,-459340688.80070555,-459340688.80070555,-459340688.8007043,1.2516975402832031e-06,0.0,-0.0,-0.0,-0.0,-142783279.19999963,-154219909.0007059,-162337500.60000005,0.0,0.0,0.0,-142783279.19999963,-154219909.0007059,-162337500.60000005,0.0,0.0,0.0,0.0,0.0,0.0,0,0.0,True,,,0.2982826232910156,72.17285681565603,RegionA,-459340688.80070555,,4322.73873925209,0.40781402587890625,,,,
R1 Cost再认证,227,integer_added_region_benders_cuts,137139,691,-459340688.80070555,-459340688.80070555,-459191060.06569105,149628.73501449823,76890.30111017823,0.0,0.0,0.0,-142783279.19999963,-154219909.0007059,-162337500.60000005,0.0,0.0,0.0,-142783279.19999963,-154147170.56680277,-162260610.29888988,0.0,0.0,0.0,0.0,72738.43390312791,76890.30111017823,0,0.0,False,需要继续,-459340688.80070555,0.2982826232910156,72.17285681565603,RegionF,-459340688.80070555,0.0,4322.73873925209,0.40781402587890625,,,,0.0
R1 Cost再认证,228,root_lp_closed,137139,691,-459340688.80070555,-459340688.80070555,-459340688.8007043,1.2516975402832031e-06,0.0,-0.0,-0.0,-0.0,-142783279.19999963,-154219909.0007059,-162337500.60000005,0.0,0.0,0.0,-142783279.19999963,-154219909.0007059,-162337500.60000005,0.0,0.0,0.0,0.0,0.0,0.0,0,0.0,True,,,0.2982597351074219,73.83500634829203,RegionA,-459340688.80070555,,4422.467711210251,0.40781402587890625,,,,
R1 Cost再认证,228,integer_added_region_benders_cuts,137139,693,-459340688.80070555,-459340688.80070555,-459294042.83655113,46645.96415442228,32338.121283262968,0.0,0.0,0.0,-142783279.19999963,-154219909.0007059,-162337500.60000005,0.0,0.0,0.0,-142783279.19999963,-154205601.15783602,-162305162.4787168,0.0,0.0,0.0,0.0,14307.842869877815,32338.121283262968,0,0.0,False,需要继续,-459340688.80070555,0.2982597351074219,73.83500634829203,RegionF,-459340688.80070555,0.0,4422.467711210251,0.40781402587890625,,,,0.0
R1 Cost再认证,229,added_region_benders_cuts,137139,694,-459340688.80070555,-459340688.80070555,-459340684.8517379,3.9489676356315613,3.9489663541316986,-0.0,-0.0,-0.0,-142783279.19999963,-154219909.0007059,-162337500.60000005,0.0,0.0,0.0,-142783279.19999963,-154219909.0007059,-162337496.6510337,0.0,0.0,0.0,0.0,0.0,3.9489663541316986,0,nan,False,,,0.4135932922363281,74.836665447553,RegionF,-459340688.80070555,,4482.567257165909,0.40781402587890625,,,,
R1 Cost再认证,230,root_lp_closed,137139,694,-459340688.80070555,-459340688.80070555,-459340688.8007043,1.2516975402832031e-06,0.0,-0.0,-0.0,-0.0,-142783279.19999963,-154219909.0007059,-162337500.60000005,0.0,0.0,0.0,-142783279.19999963,-154219909.0007059,-162337500.60000005,0.0,0.0,0.0,0.0,0.0,0.0,0,0.0,True,,,0.29933929443359375,75.37606004873912,RegionA,-459340688.80070555,,4514.930933237076,0.413726806640625,,,,
R1 Cost再认证,230,integer_added_region_benders_cuts,137139,697,-459340688.80070555,-459340688.80070555,-458950044.6175668,390644.18313872814,212248.8330976665,0.0,0.0,0.0,-142783279.19999963,-154219909.0007059,-162337500.60000005,0.0,0.0,0.0,-142724528.44762117,-154100264.40304446,-162125251.7669024,0.0,0.0,0.0,58750.752378463745,119644.5976614356,212248.8330976665,0,0.0,False,需要继续,-459340688.80070555,0.29933929443359375,75.37606004873912,RegionF,-459340688.80070555,0.0,4514.930933237076,0.413726806640625,,,,0.0
R1 Cost再认证,231,added_region_benders_cuts,137139,698,-459340688.80070555,-459340688.80070555,-459340688.1978152,0.6028903722763062,0.6028891205787659,-0.0,-0.0,-0.0,-142783279.19999963,-154219909.0007059,-162337500.60000005,0.0,0.0,0.0,-142783279.19999963,-154219908.39781678,-162337500.60000005,0.0,0.0,0.0,0.0,0.6028891205787659,0.0,0,nan,False,,,0.4140281677246094,76.82043066819509,RegionE,-459340688.80070555,,4601.593170404434,0.413726806640625,,,,
R1 Cost再认证,232,added_region_benders_cuts,137139,699,-459340688.80070555,-459340688.80070555,-459340465.84264183,222.9580637216568,222.95806246995926,-0.0,-0.0,-0.0,-142783279.19999963,-154219909.0007059,-162337500.60000005,0.0,0.0,0.0,-142783279.19999963,-154219686.04264343,-162337500.60000005,0.0,0.0,0.0,0.0,222.95806246995926,0.0,0,nan,False,,,0.4144554138183594,77.02601133187612,RegionE,-459340688.80070555,,4613.928010225296,0.414154052734375,,,,
R1 Cost再认证,233,added_region_benders_cuts,137139,700,-459340688.80070555,-459340688.80070555,-459339784.90863794,903.8920676112175,903.89206635952,-0.0,-0.0,-0.0,-142783279.19999963,-154219909.0007059,-162337500.60000005,0.0,0.0,0.0,-142783279.19999963,-154219005.10863954,-162337500.60000005,0.0,0.0,0.0,0.0,903.89206635952,0.0,0,nan,False,,,0.4145393371582031,77.23172624905904,RegionE,-459340688.80070555,,4626.270905256271,0.41460418701171875,,,,
R1 Cost再认证,234,added_region_benders_cuts,137139,701,-459340688.80070555,-459340688.80070555,-459339506.39907944,1182.401626110077,1182.401624828577,-0.0,-0.0,-0.0,-142783279.19999963,-154219909.0007059,-162337500.60000005,0.0,0.0,0.0,-142783279.19999963,-154219909.0007059,-162336318.19837523,0.0,0.0,0.0,0.0,0.0,1182.401624828577,0,nan,False,,,0.4146461486816406,77.42641627788544,RegionF,-459340688.80070555,,4637.952306985855,0.4146575927734375,,,,
R1 Cost再认证,235,root_lp_closed,137139,701,-459340688.80070555,-459340688.80070555,-459340688.8007043,1.2516975402832031e-06,0.0,-0.0,-0.0,-0.0,-142783279.19999963,-154219909.0007059,-162337500.60000005,0.0,0.0,0.0,-142783279.19999963,-154219909.0007059,-162337500.60000005,0.0,0.0,0.0,0.0,0.0,0.0,0,0.0,True,,,0.29888916015625,77.98641437689463,RegionA,-459340688.80070555,,4671.552192926407,0.4147758483886719,,,,
R1 Cost再认证,235,integer_added_region_benders_cuts,137139,702,-459340688.80070555,-459340688.80070555,-459303340.08465904,37348.71604651213,37348.716045320034,0.0,0.0,0.0,-142783279.19999963,-154219909.0007059,-162337500.60000005,0.0,0.0,0.0,-142783279.19999963,-154219909.0007059,-162300151.88395473,0.0,0.0,0.0,0.0,0.0,37348.716045320034,0,0.0,False,需要继续,-459340688.80070555,0.29888916015625,77.98641437689463,RegionF,-459340688.80070555,0.0,4671.552192926407,0.4147758483886719,,,,0.0
R1 Cost再认证,236,added_region_benders_cuts,137139,703,-459340688.80070555,-459340688.80070555,-459340415.289496,273.5112095475197,273.5112083554268,-0.0,-0.0,-0.0,-142783279.19999963,-154219909.0007059,-162337500.60000005,0.0,0.0,0.0,-142783279.19999963,-154219635.48949754,-162337500.60000005,0.0,0.0,0.0,0.0,273.5112083554268,0.0,0,nan,False,,,0.4037933349609375,79.25619481404622,RegionE,-459340688.80070555,,4747.739019155502,0.4147758483886719,,,,
R1 Cost再认证,237,added_region_benders_cuts,137139,704,-459340688.80070555,-459340688.80070555,-459338187.99915415,2500.801551401615,2500.8015501499176,-0.0,-0.0,-0.0,-142783279.19999963,-154219909.0007059,-162337500.60000005,0.0,0.0,0.0,-142783279.19999963,-154217408.19915575,-162337500.60000005,0.0,0.0,0.0,0.0,2500.8015501499176,0.0,0,nan,False,,,0.4041633605957031,79.43902318874994,RegionE,-459340688.80070555,,4758.708721637726,0.4147758483886719,,,,
R1 Cost再认证,238,added_region_benders_cuts,137139,705,-459340688.80070555,-459340688.80070555,-459336709.6680539,3979.1326516270638,3979.132650375366,-0.0,-0.0,-0.0,-142783279.19999963,-154219909.0007059,-162337500.60000005,0.0,0.0,0.0,-142783279.19999963,-154215929.86805552,-162337500.60000005,0.0,0.0,0.0,0.0,3979.132650375366,0.0,0,nan,False,,,0.4043731689453125,79.58209652900696,RegionE,-459340688.80070555,,4767.293122053146,0.4147758483886719,,,,
R1 Cost再认证,239,root_lp_closed,137139,705,-459340688.80070555,-459340688.80070555,-459340688.8007043,1.2516975402832031e-06,0.0,-0.0,-0.0,-0.0,-142783279.19999963,-154219909.0007059,-162337500.60000005,0.0,0.0,0.0,-142783279.19999963,-154219909.0007059,-162337500.60000005,0.0,0.0,0.0,0.0,0.0,0.0,0,0.0,True,,,0.29956817626953125,80.07562512556711,RegionA,-459340688.80070555,,4796.904837846756,0.4147758483886719,,,,
R1 Cost再认证,239,integer_added_region_benders_cuts,137139,706,-459340688.80070555,-459340688.80070555,-459336965.42668056,3723.3740249872208,3723.3740237653255,0.0,0.0,0.0,-142783279.19999963,-154219909.0007059,-162337500.60000005,0.0,0.0,0.0,-142783279.19999963,-154219909.0007059,-162333777.2259763,0.0,0.0,0.0,0.0,0.0,3723.3740237653255,0,0.0,False,需要继续,-459340688.80070555,0.29956817626953125,80.07562512556711,RegionF,-459340688.80070555,0.0,4796.904837846756,0.4147758483886719,,,,0.0
R1 Cost再认证,240,added_region_benders_cuts,137139,707,-459340688.80070555,-459340688.80070555,-459333132.30586153,7556.494844019413,7556.494842767715,-0.0,-0.0,-0.0,-142783279.19999963,-154219909.0007059,-162337500.60000005,0.0,0.0,0.0,-142783279.19999963,-154212352.50586313,-162337500.60000005,0.0,0.0,0.0,0.0,7556.494842767715,0.0,0,nan,False,,,0.41143798828125,81.00601644515991,RegionE,-459340688.80070555,,4852.728317022324,0.4147758483886719,,,,
R1 Cost再认证,241,added_region_benders_cuts,137139,708,-459340688.80070555,-459340688.80070555,-459340373.1617457,315.6389598250389,315.63895857334137,-0.0,-0.0,-0.0,-142783279.19999963,-154219909.0007059,-162337500.60000005,0.0,0.0,0.0,-142783279.19999963,-154219593.36174732,-162337500.60000005,0.0,0.0,0.0,0.0,315.63895857334137,0.0,0,nan,False,,,0.4118232727050781,81.19356826543807,RegionE,-459340688.80070555,,4863.981426239014,0.4147758483886719,,,,
R1 Cost再认证,242,root_lp_closed,137139,708,-459340688.80070555,-459340688.80070555,-459340688.8007043,1.2516975402832031e-06,0.0,-0.0,-0.0,-0.0,-142783279.19999963,-154219909.0007059,-162337500.60000005,0.0,0.0,0.0,-142783279.19999963,-154219909.0007059,-162337500.60000005,0.0,0.0,0.0,0.0,0.0,0.0,0,0.0,True,,,0.3004493713378906,82.06570829947789,RegionA,-459340688.80070555,,4916.309828281403,0.4147758483886719,,,,
R1 Cost再认证,242,integer_added_region_benders_cuts,137139,709,-459340688.80070555,-459340688.80070555,-459328939.7758662,11749.02483934164,11749.024838089943,0.0,0.0,0.0,-142783279.19999963,-154219909.0007059,-162337500.60000005,0.0,0.0,0.0,-142783279.19999963,-154208159.9758678,-162337500.60000005,0.0,0.0,0.0,0.0,11749.024838089943,0.0,0,0.0,False,需要继续,-459340688.80070555,0.3004493713378906,82.06570829947789,RegionE,-459340688.80070555,0.0,4916.309828281403,0.4147758483886719,,,,0.0
R1 Cost再认证,243,added_region_benders_cuts,137139,710,-459340688.80070555,-459340688.80070555,-459339247.88443315,1440.9162724018097,1440.9162711501122,-0.0,-0.0,-0.0,-142783279.19999963,-154219909.0007059,-162337500.60000005,0.0,0.0,0.0,-142783279.19999963,-154218468.08443475,-162337500.60000005,0.0,0.0,0.0,0.0,1440.9162711501122,0.0,0,nan,False,,,0.4130401611328125,82.73577634096145,RegionE,-459340688.80070555,,4956.513910770416,0.4147758483886719,,,,
R1 Cost再认证,244,root_lp_closed,137139,710,-459340688.80070555,-459340688.80070555,-459340688.8007043,1.2516975402832031e-06,0.0,-0.0,-0.0,-0.0,-142783279.19999963,-154219909.0007059,-162337500.60000005,0.0,0.0,0.0,-142783279.19999963,-154219909.0007059,-162337500.60000005,0.0,0.0,0.0,0.0,0.0,0.0,0,0.0,True,,,0.2997550964355469,83.01861237684885,RegionA,-459340688.80070555,,4973.48407292366,0.4147758483886719,,,,
R1 Cost再认证,244,integer_added_region_benders_cuts,137139,712,-459340688.80070555,-459340688.80070555,-459337031.2666097,3657.534095823765,3034.125754505396,0.0,0.0,0.0,-142783279.19999963,-154219909.0007059,-162337500.60000005,0.0,0.0,0.0,-142783279.19999963,-154216874.8749514,-162336877.19166,0.0,0.0,0.0,0.0,3034.125754505396,623.4083400666714,0,0.0,False,需要继续,-459340688.80070555,0.2997550964355469,83.01861237684885,RegionE,-459340688.80070555,0.0,4973.48407292366,0.4147758483886719,,,,0.0
R1 Cost再认证,245,root_lp_closed,137139,712,-459340688.80070555,-459340688.80070555,-459340688.8007043,1.2516975402832031e-06,0.0,-0.0,-0.0,-0.0,-142783279.19999963,-154219909.0007059,-162337500.60000005,0.0,0.0,0.0,-142783279.19999963,-154219909.0007059,-162337500.60000005,0.0,0.0,0.0,0.0,0.0,0.0,0,0.0,True,,,0.3002166748046875,83.74018413623175,RegionA,-459340688.80070555,,5016.778378486633,0.42162322998046875,,,,
R1 Cost再认证,245,integer_added_region_benders_cuts,137139,713,-459340688.80070555,-459340688.80070555,-459335215.11639243,5473.676207840443,5473.68431186676,0.0,0.0,0.0,-142783279.19999963,-154219908.99260065,-162337500.60000005,0.0,0.0,0.0,-142777805.51568776,-154219909.0007059,-162337500.60000005,0.0,0.0,0.0,5473.68431186676,-0.008105248212814331,0.0,0,0.0,False,需要继续,-459340688.79260033,0.3002166748046875,83.74018413623175,RegionD,-459340688.80070555,1.76453308149054e-11,5016.778378486633,0.42162322998046875,,,,0.0
R1 Cost再认证,246,added_region_benders_cuts,137139,714,-459340688.80070555,-459340688.80070555,-459340264.89685816,423.90384739637375,423.9038461446762,-0.0,-0.0,-0.0,-142783279.19999963,-154219909.0007059,-162337500.60000005,0.0,0.0,0.0,-142783279.19999963,-154219909.0007059,-162337076.6961539,0.0,0.0,0.0,0.0,0.0,423.9038461446762,0,nan,False,,,0.4092674255371094,84.39451827208201,RegionF,-459340688.80070555,,5056.0384266376495,0.42162322998046875,,,,
R1 Cost再认证,247,root_lp_closed,137139,714,-459340688.80070555,-459340688.80070555,-459340688.8007043,1.2516975402832031e-06,0.0,-0.0,-0.0,-0.0,-142783279.19999963,-154219909.0007059,-162337500.60000005,0.0,0.0,0.0,-142783279.19999963,-154219909.0007059,-162337500.60000005,0.0,0.0,0.0,0.0,0.0,0.0,0,0.0,True,,,0.3009071350097656,84.67758833567301,RegionA,-459340688.80070555,,5073.02263045311,0.42162322998046875,,,,
R1 Cost再认证,247,integer_added_region_benders_cuts,137139,715,-459340688.80070555,-459340688.80070555,-459337209.21932626,3479.5813792943954,3479.5813779830933,0.0,0.0,0.0,-142783279.19999963,-154219909.0007059,-162337500.60000005,0.0,0.0,0.0,-142783279.19999963,-154219909.0007059,-162334021.01862207,0.0,0.0,0.0,0.0,0.0,3479.5813779830933,0,0.0,False,需要继续,-459340688.80070555,0.3009071350097656,84.67758833567301,RegionF,-459340688.80070555,0.0,5073.02263045311,0.42162322998046875,,,,0.0
R1 Cost再认证,248,root_lp_closed,137139,715,-459340688.80070555,-459340688.80070555,-459340688.8007043,1.2516975402832031e-06,0.0,-0.0,-0.0,-0.0,-142783279.19999963,-154219909.0007059,-162337500.60000005,0.0,0.0,0.0,-142783279.19999963,-154219909.0007059,-162337500.60000005,0.0,0.0,0.0,0.0,0.0,0.0,0,0.0,True,,,0.3005561828613281,85.55055470863978,RegionA,-459340688.80070555,,5125.400612831116,0.42162322998046875,,,,
R1 Cost再认证,248,integer_added_region_benders_cuts,137139,718,-459340688.80070555,-459340688.80070555,-459159002.47585356,181686.32485198975,104548.65664693713,0.0,0.0,0.0,-142783279.19999963,-154219909.0007059,-162337500.60000005,0.0,0.0,0.0,-142782005.05862707,-154115360.34405896,-162261637.07316852,0.0,0.0,0.0,1274.1413725614548,104548.65664693713,75863.52683153749,0,0.0,False,需要继续,-459340688.80070555,0.3005561828613281,85.55055470863978,RegionE,-459340688.80070555,0.0,5125.400612831116,0.42162322998046875,,,,0.0
R1 Cost再认证,249,root_lp_closed,137139,718,-459340688.80070555,-459340688.80070555,-459340688.8007043,1.2516975402832031e-06,0.0,-0.0,-0.0,-0.0,-142783279.19999963,-154219909.0007059,-162337500.60000005,0.0,0.0,0.0,-142783279.19999963,-154219909.0007059,-162337500.60000005,0.0,0.0,0.0,0.0,0.0,0.0,0,0.0,True,,,0.3007316589355469,86.4818476041158,RegionA,-459340688.80070555,,5181.278186559677,0.42162322998046875,,,,
R1 Cost再认证,249,integer_added_region_benders_cuts,137139,720,-459340688.80070555,-459340688.80070555,-459313808.3514914,26880.449214160442,23331.503090173006,0.0,0.0,0.0,-142783279.19999963,-154219909.0007059,-162337500.60000005,0.0,0.0,0.0,-142759947.69690946,-154216360.05458316,-162337500.60000005,0.0,0.0,0.0,23331.503090173006,3548.9461227357388,0.0,0,0.0,False,需要继续,-459340688.80070555,0.3007316589355469,86.4818476041158,RegionD,-459340688.80070555,0.0,5181.278186559677,0.42162322998046875,,,,0.0
R1 Cost再认证,250,root_lp_closed,137139,720,-459340688.80070555,-459340688.80070555,-459340688.8007043,1.2516975402832031e-06,0.0,-0.0,-0.0,-0.0,-142783279.19999963,-154219909.0007059,-162337500.60000005,0.0,0.0,0.0,-142783279.19999963,-154219909.0007059,-162337500.60000005,0.0,0.0,0.0,0.0,0.0,0.0,0,0.0,True,,,0.3011741638183594,87.21813165744146,RegionA,-459340688.80070555,,5225.455229759216,0.42162322998046875,,,,
R1 Cost再认证,250,integer_added_region_benders_cuts,137139,723,-459340688.80070555,-459340688.80070555,-459330920.6840746,9768.116630971432,7660.6624447107315,0.0,0.0,0.0,-142783279.19999963,-154219909.0007059,-162337500.60000005,0.0,0.0,0.0,-142781756.58653724,-154212248.3382612,-162336915.7592774,0.0,0.0,0.0,1522.6134623885155,7660.6624447107315,584.8407226502895,0,0.0,False,需要继续,-459340688.80070555,0.3011741638183594,87.21813165744146,RegionE,-459340688.80070555,0.0,5225.455229759216,0.42162322998046875,,,,0.0
R1 Cost再认证,251,root_lp_closed,137139,723,-459340688.80070555,-459340688.80070555,-459340688.8007043,1.2516975402832031e-06,0.0,-0.0,-0.0,-0.0,-142783279.19999963,-154219909.0007059,-162337500.60000005,0.0,0.0,0.0,-142783279.19999963,-154219909.0007059,-162337500.60000005,0.0,0.0,0.0,0.0,0.0,0.0,0,0.0,True,,,0.3011436462402344,88.73927268187205,RegionA,-459340688.80070555,,5316.723691225052,0.42162322998046875,,,,
R1 Cost再认证,251,integer_added_region_benders_cuts,137139,724,-459340688.80070555,-459340688.80070555,-459340550.5433829,138.25732266902924,138.2573214173317,0.0,0.0,0.0,-142783279.19999963,-154219909.0007059,-162337500.60000005,0.0,0.0,0.0,-142783279.19999963,-154219770.74338448,-162337500.60000005,0.0,0.0,0.0,0.0,138.2573214173317,0.0,0,0.0,False,需要继续,-459340688.80070555,0.3011436462402344,88.73927268187205,RegionE,-459340688.80070555,0.0,5316.723691225052,0.42162322998046875,,,,0.0
R1 Cost再认证,252,root_lp_closed,137139,724,-459340688.80070555,-459340688.80070555,-459340688.8007043,1.2516975402832031e-06,0.0,-0.0,-0.0,-0.0,-142783279.19999963,-154219909.0007059,-162337500.60000005,0.0,0.0,0.0,-142783279.19999963,-154219909.0007059,-162337500.60000005,0.0,0.0,0.0,0.0,0.0,0.0,0,0.0,True,,,0.3008575439453125,89.86259951194127,RegionA,-459340688.80070555,,5384.123301029205,0.42162322998046875,,,,
R1 Cost再认证,252,integer_added_region_benders_cuts,137139,726,-459340688.80070555,-459340688.80070555,-459323128.5461143,17560.254591226578,13708.433933615685,0.0,0.0,0.0,-142783279.19999963,-154219909.0007059,-162337500.60000005,0.0,0.0,0.0,-142783279.19999963,-154216057.1800496,-162323792.16606644,0.0,0.0,0.0,0.0,3851.820656299591,13708.433933615685,0,0.0,False,需要继续,-459340688.80070555,0.3008575439453125,89.86259951194127,RegionF,-459340688.80070555,0.0,5384.123301029205,0.42162322998046875,,,,0.0
R1 Cost再认证,253,root_lp_closed,137139,726,-459340688.80070555,-459340688.80070555,-459340688.8007043,1.2516975402832031e-06,0.0,-0.0,-0.0,-0.0,-142783279.19999963,-154219909.0007059,-162337500.60000005,0.0,0.0,0.0,-142783279.19999963,-154219909.0007059,-162337500.60000005,0.0,0.0,0.0,0.0,0.0,0.0,0,0.0,True,,,0.30164337158203125,90.59156202872595,RegionA,-459340688.80070555,,5427.861052036285,0.42162322998046875,,,,
R1 Cost再认证,253,integer_added_region_benders_cuts,137139,727,-459340688.80070555,-459340688.80070555,-459339673.33791804,1015.4627875089645,1015.4627861976624,0.0,0.0,0.0,-142783279.19999963,-154219909.0007059,-162337500.60000005,0.0,0.0,0.0,-142783279.19999963,-154219909.0007059,-162336485.13721386,0.0,0.0,0.0,0.0,0.0,1015.4627861976624,0,0.0,False,需要继续,-459340688.80070555,0.30164337158203125,90.59156202872595,RegionF,-459340688.80070555,0.0,5427.861052036285,0.42162322998046875,,,,0.0
R1 Cost再认证,254,root_lp_closed,137139,727,-459340688.80070555,-459340688.80070555,-459340688.8007043,1.2516975402832031e-06,0.0,-0.0,-0.0,-0.0,-142783279.19999963,-154219909.0007059,-162337500.60000005,0.0,0.0,0.0,-142783279.19999963,-154219909.0007059,-162337500.60000005,0.0,0.0,0.0,0.0,0.0,0.0,0,0.0,True,,,0.3010826110839844,91.35324606895446,RegionA,-459340688.80070555,,5473.562094449997,0.42162322998046875,,,,
R1 Cost再认证,254,integer_added_region_benders_cuts,137139,729,-459340688.80070555,-459340688.80070555,-459329749.03356856,10939.767136991024,5772.463823407888,0.0,0.0,0.0,-142783279.19999963,-154219909.0007059,-162337500.60000005,0.0,0.0,0.0,-142778111.89668736,-154219909.0007059,-162331728.13617665,0.0,0.0,0.0,5167.303312271833,0.0,5772.463823407888,0,0.0,False,需要继续,-459340688.80070555,0.3010826110839844,91.35324606895446,RegionF,-459340688.80070555,0.0,5473.562094449997,0.42162322998046875,,,,0.0
R1 Cost再认证,255,root_lp_closed,137139,729,-459340688.80070555,-459340688.80070555,-459340688.8007043,1.2516975402832031e-06,0.0,-0.0,-0.0,-0.0,-142783279.19999963,-154219909.0007059,-162337500.60000005,0.0,0.0,0.0,-142783279.19999963,-154219909.0007059,-162337500.60000005,0.0,0.0,0.0,0.0,0.0,0.0,0,0.0,True,,,0.3016357421875,92.51125173568725,RegionA,-459340688.80070555,,5543.042434453964,0.42162322998046875,,,,
R1 Cost再认证,255,integer_added_region_benders_cuts,137139,730,-459340688.80070555,-459340688.80070555,-459330058.8415683,10629.959137260914,10629.959135979414,0.0,0.0,0.0,-142783279.19999963,-154219909.0007059,-162337500.60000005,0.0,0.0,0.0,-142783279.19999963,-154219909.0007059,-162326870.64086407,0.0,0.0,0.0,0.0,0.0,10629.959135979414,0,0.0,False,需要继续,-459340688.80070555,0.3016357421875,92.51125173568725,RegionF,-459340688.80070555,0.0,5543.042434453964,0.42162322998046875,,,,0.0
