Hour,TaskCount,TotalGPU,TotalGPUHour,Count_RegionA_RealTimeInference,GPU_RegionA_RealTimeInference,GPUHour_RegionA_RealTimeInference,Count_RegionA_BatchInference,GPU_RegionA_BatchInference,GPUHour_RegionA_BatchInference,Count_RegionA_AITraining,GPU_RegionA_AITraining,GPUHour_RegionA_AITraining,Count_RegionB_RealTimeInference,GPU_RegionB_RealTimeInference,GPUHour_RegionB_RealTimeInference,Count_RegionB_BatchInference,GPU_RegionB_BatchInference,GPUHour_RegionB_BatchInference,Count_RegionB_AITraining,GPU_RegionB_AITraining,GPUHour_RegionB_AITraining,Count_RegionC_RealTimeInference,GPU_RegionC_RealTimeInference,GPUHour_RegionC_RealTimeInference,Count_RegionC_BatchInference,GPU_RegionC_BatchInference,GPUHour_RegionC_BatchInference,Count_RegionC_AITraining,GPU_RegionC_AITraining,GPUHour_RegionC_AITraining,Count_RegionD_RealTimeInference,GPU_RegionD_RealTimeInference,GPUHour_RegionD_RealTimeInference,Count_RegionD_BatchInference,GPU_RegionD_BatchInference,GPUHour_RegionD_BatchInference,Count_RegionD_AITraining,GPU_RegionD_AITraining,GPUHour_RegionD_AITraining,Count_RegionE_RealTimeInference,GPU_RegionE_RealTimeInference,GPUHour_RegionE_RealTimeInference,Count_RegionE_BatchInference,GPU_RegionE_BatchInference,GPUHour_RegionE_BatchInference,Count_RegionE_AITraining,GPU_RegionE_AITraining,GPUHour_RegionE_AITraining,Count_RegionF_RealTimeInference,GPU_RegionF_RealTimeInference,GPUHour_RegionF_RealTimeInference,Count_RegionF_BatchInference,GPU_RegionF_BatchInference,GPUHour_RegionF_BatchInference,Count_RegionF_AITraining,GPU_RegionF_AITraining,GPUHour_RegionF_AITraining
0,19,657,2104.7333333333336,2.0,9.0,38.45,2.0,22.0,25.133333333333333,0.0,0.0,0.0,3.0,12.0,49.349999999999994,0.0,0.0,0.0,2.0,85.0,158.0,2.0,4.0,3.6,1.0,13.0,21.666666666666668,0.0,0.0,0.0,0.0,0.0,0.0,0.0,0.0,0.0,4.0,312.0,1009.1500000000001,0.0,0.0,0.0,1.0,23.0,44.85,1.0,61.0,89.46666666666665,0.0,0.0,0.0,0.0,0.0,0.0,1.0,116.0,665.0666666666667
1,18,753,2831.1666666666665,1.0,2.0,11.066666666666666,1.0,22.0,143.0,0.0,0.0,0.0,3.0,9.0,11.733333333333334,0.0,0.0,0.0,0.0,0.0,0.0,0.0,0.0,0.0,2.0,17.0,96.96666666666667,3.0,177.0,891.5166666666667,1.0,4.0,2.6,1.0,16.0,71.73333333333333,2.0,173.0,645.4166666666666,0.0,0.0,0.0,0.0,0.0,0.0,2.0,139.0,160.53333333333333,0.0,0.0,0.0,0.0,0.0,0.0,2.0,194.0,796.5999999999999
2,28,909,3144.4333333333334,4.0,17.0,81.58333333333333,2.0,26.0,129.66666666666666,0.0,0.0,0.0,4.0,15.0,22.266666666666666,2.0,38.0,140.2,2.0,139.0,308.0833333333333,1.0,1.0,4.6,1.0,16.0,65.6,0.0,0.0,0.0,0.0,0.0,0.0,3.0,59.0,153.11666666666665,4.0,308.0,1141.6000000000001,0.0,0.0,0.0,2.0,23.0,82.18333333333334,1.0,73.0,188.58333333333334,0.0,0.0,0.0,0.0,0.0,0.0,2.0,194.0,826.95
3,16,532,1904.4833333333333,4.0,23.0,108.48333333333335,1.0,18.0,53.1,0.0,0.0,0.0,2.0,7.0,34.25,2.0,28.0,27.466666666666665,1.0,59.0,163.23333333333332,0.0,0.0,0.0,0.0,0.0,0.0,0.0,0.0,0.0,0.0,0.0,0.0,1.0,21.0,17.849999999999998,1.0,93.0,350.3,0.0,0.0,0.0,1.0,9.0,51.150000000000006,2.0,156.0,400.48333333333335,0.0,0.0,0.0,0.0,0.0,0.0,1.0,118.0,698.1666666666667
4,14,438,1315.1333333333332,2.0,11.0,34.11666666666667,1.0,18.0,94.5,0.0,0.0,0.0,1.0,2.0,13.066666666666666,3.0,42.0,184.03333333333333,0.0,0.0,0.0,1.0,5.0,13.75,1.0,12.0,37.0,0.0,0.0,0.0,0.0,0.0,0.0,0.0,0.0,0.0,2.0,147.0,155.41666666666666,0.0,0.0,0.0,0.0,0.0,0.0,2.0,191.0,758.4166666666667,0.0,0.0,0.0,1.0,10.0,24.833333333333336,0.0,0.0,0.0
5,21,455,1617.4666666666667,3.0,15.0,54.81666666666666,0.0,0.0,0.0,0.0,0.0,0.0,2.0,7.0,42.266666666666666,0.0,0.0,0.0,0.0,0.0,0.0,1.0,3.0,3.8,3.0,36.0,147.9,0.0,0.0,0.0,1.0,3.0,6.950000000000001,1.0,6.0,38.099999999999994,4.0,163.0,687.85,1.0,3.0,10.25,1.0,12.0,11.6,1.0,56.0,53.199999999999996,0.0,0.0,0.0,1.0,6.0,14.9,2.0,145.0,545.8333333333334
6,23,463,1538.7666666666667,2.0,7.0,8.25,0.0,0.0,0.0,0.0,0.0,0.0,6.0,27.0,102.05,4.0,57.0,157.31666666666666,0.0,0.0,0.0,2.0,8.0,40.81666666666667,1.0,6.0,34.4,1.0,86.0,295.26666666666665,0.0,0.0,0.0,0.0,0.0,0.0,3.0,124.0,338.8,0.0,0.0,0.0,0.0,0.0,0.0,0.0,0.0,0.0,0.0,0.0,0.0,1.0,9.0,50.4,3.0,139.0,511.4666666666667
7,17,770,2319.233333333333,1.0,6.0,34.6,1.0,14.0,45.5,1.0,18.0,73.19999999999999,1.0,2.0,7.7,1.0,18.0,104.69999999999999,1.0,21.0,19.25,0.0,0.0,0.0,0.0,0.0,0.0,1.0,107.0,529.65,0.0,0.0,0.0,1.0,11.0,16.5,3.0,293.0,904.35,0.0,0.0,0.0,1.0,20.0,39.0,2.0,170.0,203.96666666666667,0.0,0.0,0.0,2.0,37.0,129.7,1.0,53.0,211.11666666666667
8,24,576,2055.45,2.0,6.0,22.833333333333336,1.0,22.0,105.23333333333333,1.0,80.0,368.0,5.0,22.0,90.56666666666666,0.0,0.0,0.0,1.0,31.0,83.7,5.0,21.0,96.26666666666667,0.0,0.0,0.0,0.0,0.0,0.0,0.0,0.0,0.0,0.0,0.0,0.0,2.0,147.0,627.0833333333333,2.0,4.0,14.200000000000001,1.0,11.0,24.566666666666666,1.0,90.0,336.0,0.0,0.0,0.0,1.0,13.0,85.14999999999999,2.0,129.0,201.85
9,17,359,1047.15,0.0,0.0,0.0,0.0,0.0,0.0,0.0,0.0,0.0,4.0,19.0,81.48333333333333,1.0,23.0,75.89999999999999,0.0,0.0,0.0,0.0,0.0,0.0,2.0,29.0,31.883333333333333,0.0,0.0,0.0,0.0,0.0,0.0,1.0,12.0,16.200000000000003,1.0,107.0,48.15,1.0,5.0,25.083333333333332,3.0,34.0,195.16666666666666,3.0,120.0,522.45,0.0,0.0,0.0,1.0,10.0,50.83333333333333,0.0,0.0,0.0
10,19,800,2069.4166666666665,1.0,5.0,13.5,0.0,0.0,0.0,0.0,0.0,0.0,3.0,14.0,29.48333333333333,1.0,7.0,46.31666666666666,0.0,0.0,0.0,1.0,2.0,7.3,2.0,31.0,59.633333333333326,0.0,0.0,0.0,0.0,0.0,0.0,0.0,0.0,0.0,1.0,123.0,590.4,0.0,0.0,0.0,3.0,48.0,102.11666666666666,3.0,280.0,990.6666666666666,0.0,0.0,0.0,0.0,0.0,0.0,4.0,290.0,230.0
11,25,669,1911.9166666666667,2.0,13.0,43.8,1.0,16.0,54.4,0.0,0.0,0.0,3.0,12.0,30.583333333333332,1.0,23.0,24.916666666666664,0.0,0.0,0.0,3.0,11.0,14.900000000000002,1.0,10.0,27.166666666666668,0.0,0.0,0.0,0.0,0.0,0.0,4.0,67.0,227.39999999999998,3.0,234.0,568.4333333333334,0.0,0.0,0.0,1.0,21.0,65.10000000000001,0.0,0.0,0.0,0.0,0.0,0.0,2.0,24.0,29.133333333333333,4.0,238.0,826.0833333333333
12,18,493,1805.1166666666666,2.0,6.0,21.766666666666666,1.0,16.0,6.4,0.0,0.0,0.0,1.0,7.0,2.4499999999999997,0.0,0.0,0.0,1.0,119.0,602.9333333333333,2.0,7.0,41.18333333333334,1.0,17.0,52.7,1.0,49.0,169.86666666666667,0.0,0.0,0.0,1.0,20.0,41.66666666666667,2.0,100.0,385.3166666666666,0.0,0.0,0.0,1.0,20.0,106.66666666666666,2.0,107.0,249.48333333333332,2.0,8.0,50.449999999999996,1.0,17.0,74.23333333333332,0.0,0.0,0.0
13,25,753,2860.6,2.0,7.0,24.383333333333333,4.0,56.0,279.5,1.0,45.0,28.5,1.0,2.0,11.866666666666667,2.0,28.0,111.66666666666666,0.0,0.0,0.0,2.0,6.0,24.6,2.0,40.0,161.96666666666667,1.0,28.0,13.533333333333333,0.0,0.0,0.0,2.0,25.0,149.08333333333331,0.0,0.0,0.0,0.0,0.0,0.0,1.0,12.0,68.2,4.0,281.0,1105.7333333333333,1.0,4.0,13.066666666666666,0.0,0.0,0.0,2.0,219.0,868.5
14,25,583,1536.4833333333333,4.0,17.0,13.983333333333333,0.0,0.0,0.0,0.0,0.0,0.0,5.0,21.0,91.96666666666667,1.0,5.0,28.833333333333332,0.0,0.0,0.0,3.0,15.0,41.166666666666664,0.0,0.0,0.0,0.0,0.0,0.0,1.0,2.0,7.5,1.0,16.0,19.466666666666665,4.0,230.0,817.5,0.0,0.0,0.0,1.0,16.0,10.133333333333333,2.0,147.0,229.8,0.0,0.0,0.0,2.0,22.0,53.8,1.0,92.0,222.33333333333331
15,28,789,2751.5,3.0,13.0,49.9,0.0,0.0,0.0,0.0,0.0,0.0,7.0,28.0,89.63333333333333,1.0,7.0,44.800000000000004,1.0,98.0,454.0666666666667,3.0,15.0,58.0,3.0,37.0,162.25,0.0,0.0,0.0,0.0,0.0,0.0,0.0,0.0,0.0,4.0,267.0,1073.6166666666668,1.0,3.0,1.7,1.0,22.0,50.233333333333334,1.0,65.0,61.75,0.0,0.0,0.0,1.0,23.0,45.233333333333334,2.0,211.0,660.3166666666667
16,18,294,690.4,2.0,9.0,33.1,3.0,39.0,117.76666666666665,1.0,50.0,91.66666666666666,1.0,1.0,5.233333333333333,2.0,33.0,90.1,2.0,118.0,209.31666666666666,5.0,15.0,45.61666666666667,0.0,0.0,0.0,0.0,0.0,0.0,1.0,6.0,10.2,0.0,0.0,0.0,0.0,0.0,0.0,0.0,0.0,0.0,1.0,23.0,87.39999999999999,0.0,0.0,0.0,0.0,0.0,0.0,0.0,0.0,0.0,0.0,0.0,0.0
17,25,834,2674.9833333333336,2.0,9.0,16.650000000000002,1.0,19.0,27.55,0.0,0.0,0.0,3.0,16.0,47.38333333333333,3.0,42.0,136.76666666666665,1.0,33.0,78.1,2.0,9.0,25.049999999999997,1.0,20.0,101.66666666666666,0.0,0.0,0.0,0.0,0.0,0.0,1.0,6.0,5.699999999999999,1.0,87.0,214.60000000000002,1.0,7.0,15.866666666666667,0.0,0.0,0.0,3.0,213.0,465.01666666666665,0.0,0.0,0.0,1.0,8.0,23.2,5.0,365.0,1517.4333333333334
18,22,603,2119.3333333333335,2.0,12.0,33.65,2.0,17.0,46.516666666666666,1.0,41.0,269.91666666666663,2.0,11.0,51.666666666666664,1.0,12.0,40.2,1.0,109.0,363.33333333333337,3.0,7.0,15.983333333333334,3.0,48.0,108.46666666666667,1.0,40.0,148.66666666666669,0.0,0.0,0.0,1.0,18.0,7.5,2.0,158.0,635.4666666666667,0.0,0.0,0.0,0.0,0.0,0.0,0.0,0.0,0.0,0.0,0.0,0.0,1.0,20.0,26.666666666666664,2.0,110.0,371.29999999999995
19,26,829,4049.016666666667,4.0,7.0,26.21666666666667,2.0,40.0,135.71666666666667,3.0,255.0,1424.5166666666667,2.0,7.0,16.5,1.0,5.0,11.666666666666668,2.0,155.0,826.1833333333334,1.0,1.0,3.5833333333333335,0.0,0.0,0.0,1.0,23.0,49.83333333333333,0.0,0.0,0.0,2.0,21.0,56.85,2.0,195.0,1084.5833333333335,0.0,0.0,0.0,1.0,16.0,83.2,1.0,29.0,85.55000000000001,0.0,0.0,0.0,3.0,41.0,106.35,1.0,34.0,138.26666666666665
20,19,577,2045.9166666666667,1.0,2.0,4.033333333333333,2.0,39.0,174.73333333333335,0.0,0.0,0.0,1.0,2.0,0.36666666666666664,2.0,23.0,25.766666666666666,1.0,52.0,200.20000000000002,1.0,5.0,27.0,0.0,0.0,0.0,0.0,0.0,0.0,1.0,1.0,2.3333333333333335,3.0,25.0,58.38333333333333,2.0,151.0,362.3833333333333,0.0,0.0,0.0,2.0,40.0,125.5,1.0,85.0,461.83333333333337,0.0,0.0,0.0,0.0,0.0,0.0,2.0,152.0,603.3833333333333
21,21,1105,2819.9166666666665,4.0,15.0,57.7,1.0,11.0,44.36666666666667,1.0,59.0,222.23333333333332,0.0,0.0,0.0,4.0,50.0,86.4,1.0,122.0,61.0,1.0,1.0,2.216666666666667,1.0,12.0,55.199999999999996,0.0,0.0,0.0,0.0,0.0,0.0,0.0,0.0,0.0,1.0,95.0,489.25000000000006,0.0,0.0,0.0,0.0,0.0,0.0,3.0,334.0,868.0333333333333,0.0,0.0,0.0,0.0,0.0,0.0,4.0,406.0,933.5166666666667
22,17,249,917.5166666666668,3.0,20.0,30.08333333333334,0.0,0.0,0.0,0.0,0.0,0.0,5.0,19.0,52.68333333333334,0.0,0.0,0.0,0.0,0.0,0.0,3.0,10.0,35.68333333333334,1.0,4.0,18.8,1.0,45.0,21.75,0.0,0.0,0.0,0.0,0.0,0.0,2.0,135.0,702.7833333333334,0.0,0.0,0.0,0.0,0.0,0.0,0.0,0.0,0.0,1.0,5.0,30.25,1.0,11.0,25.483333333333334,0.0,0.0,0.0
23,21,435,1134.25,4.0,17.0,45.8,1.0,22.0,100.1,2.0,88.0,289.1,4.0,18.0,34.18333333333334,1.0,19.0,79.8,0.0,0.0,0.0,1.0,7.0,44.68333333333334,1.0,9.0,36.599999999999994,0.0,0.0,0.0,0.0,0.0,0.0,1.0,8.0,46.8,1.0,98.0,63.7,0.0,0.0,0.0,1.0,17.0,109.08333333333334,0.0,0.0,0.0,1.0,6.0,21.400000000000002,2.0,27.0,157.39999999999998,1.0,99.0,105.6
24,19,676,2642.25,2.0,6.0,31.4,1.0,21.0,11.55,0.0,0.0,0.0,1.0,3.0,18.0,2.0,13.0,59.85,0.0,0.0,0.0,0.0,0.0,0.0,0.0,0.0,0.0,0.0,0.0,0.0,0.0,0.0,0.0,1.0,18.0,107.7,3.0,173.0,694.8833333333332,0.0,0.0,0.0,3.0,37.0,203.75,1.0,63.0,266.7,0.0,0.0,0.0,2.0,28.0,137.43333333333334,3.0,314.0,1110.9833333333331
25,17,405,922.6333333333334,3.0,4.0,21.083333333333332,1.0,7.0,36.050000000000004,0.0,0.0,0.0,2.0,12.0,32.53333333333333,2.0,15.0,27.783333333333335,1.0,127.0,154.51666666666665,1.0,2.0,5.133333333333334,1.0,7.0,44.449999999999996,0.0,0.0,0.0,0.0,0.0,0.0,0.0,0.0,0.0,0.0,0.0,0.0,0.0,0.0,0.0,0.0,0.0,0.0,3.0,170.0,419.1333333333333,0.0,0.0,0.0,2.0,15.0,11.75,1.0,46.0,170.20000000000002
26,24,688,2667.3833333333337,2.0,14.0,80.5,0.0,0.0,0.0,0.0,0.0,0.0,2.0,5.0,12.1,0.0,0.0,0.0,0.0,0.0,0.0,0.0,0.0,0.0,1.0,18.0,45.599999999999994,1.0,79.0,393.68333333333334,0.0,0.0,0.0,3.0,35.0,112.91666666666667,2.0,65.0,202.25,1.0,6.0,28.5,4.0,49.0,173.96666666666667,2.0,105.0,135.71666666666667,1.0,2.0,1.0666666666666667,2.0,37.0,108.71666666666667,3.0,273.0,1372.3666666666668
27,24,727,1795.95,2.0,12.0,34.166666666666664,0.0,0.0,0.0,0.0,0.0,0.0,5.0,14.0,62.16666666666667,1.0,23.0,113.46666666666667,0.0,0.0,0.0,2.0,9.0,15.75,0.0,0.0,0.0,1.0,115.0,51.75,2.0,9.0,7.183333333333334,2.0,9.0,27.299999999999997,3.0,169.0,574.5333333333333,1.0,7.0,42.46666666666667,0.0,0.0,0.0,1.0,117.0,122.85000000000001,0.0,0.0,0.0,1.0,13.0,54.38333333333334,3.0,230.0,689.9333333333334
28,27,1196,3074.8,4.0,19.0,60.233333333333334,1.0,12.0,15.8,0.0,0.0,0.0,1.0,4.0,5.666666666666667,1.0,19.0,43.38333333333333,0.0,0.0,0.0,2.0,7.0,42.86666666666667,2.0,38.0,128.6,0.0,0.0,0.0,0.0,0.0,0.0,0.0,0.0,0.0,7.0,556.0,1164.25,0.0,0.0,0.0,1.0,22.0,99.36666666666666,2.0,169.0,817.4833333333333,1.0,7.0,30.099999999999998,1.0,7.0,14.349999999999998,4.0,336.0,652.7
29,29,1024,3397.5,2.0,7.0,13.833333333333334,2.0,23.0,53.81666666666666,1.0,105.0,621.25,3.0,10.0,32.13333333333333,0.0,0.0,0.0,0.0,0.0,0.0,3.0,12.0,66.16666666666667,2.0,35.0,133.4,0.0,0.0,0.0,0.0,0.0,0.0,4.0,53.0,170.16666666666669,4.0,300.0,972.05,0.0,0.0,0.0,0.0,0.0,0.0,4.0,351.0,992.3166666666666,1.0,4.0,12.133333333333333,1.0,8.0,21.2,2.0,116.0,309.0333333333333
30,15,396,1336.8666666666666,2.0,9.0,43.0,1.0,4.0,8.666666666666666,2.0,151.0,376.7166666666667,4.0,15.0,36.7,0.0,0.0,0.0,1.0,102.0,571.1999999999999,1.0,2.0,7.0,1.0,6.0,26.199999999999996,0.0,0.0,0.0,0.0,0.0,0.0,2.0,31.0,155.91666666666666,0.0,0.0,0.0,0.0,0.0,0.0,0.0,0.0,0.0,1.0,76.0,111.46666666666665,0.0,0.0,0.0,0.0,0.0,0.0,0.0,0.0,0.0
31,15,178,656.2166666666667,3.0,18.0,93.91666666666667,1.0,5.0,10.583333333333334,1.0,63.0,150.15,3.0,11.0,17.28333333333333,1.0,9.0,56.25,0.0,0.0,0.0,1.0,4.0,22.066666666666666,1.0,7.0,21.583333333333336,0.0,0.0,0.0,0.0,0.0,0.0,1.0,22.0,111.46666666666667,1.0,17.0,102.28333333333333,0.0,0.0,0.0,2.0,22.0,70.63333333333333,0.0,0.0,0.0,0.0,0.0,0.0,0.0,0.0,0.0,0.0,0.0,0.0
32,33,1205,3740.866666666667,0.0,0.0,0.0,1.0,4.0,5.733333333333333,0.0,0.0,0.0,4.0,25.0,60.300000000000004,3.0,44.0,78.76666666666667,0.0,0.0,0.0,1.0,6.0,4.6000000000000005,5.0,61.0,258.1333333333333,2.0,172.0,486.9333333333334,0.0,0.0,0.0,4.0,60.0,167.26666666666665,3.0,119.0,456.1333333333333,0.0,0.0,0.0,1.0,22.0,19.066666666666666,3.0,214.0,466.23333333333335,1.0,5.0,4.583333333333333,0.0,0.0,0.0,5.0,473.0,1733.1166666666668
33,23,731,2453.1833333333334,2.0,2.0,9.083333333333332,4.0,65.0,208.66666666666669,0.0,0.0,0.0,1.0,6.0,24.1,0.0,0.0,0.0,0.0,0.0,0.0,1.0,7.0,46.08333333333333,0.0,0.0,0.0,1.0,76.0,110.2,0.0,0.0,0.0,3.0,33.0,101.66666666666666,1.0,30.0,76.5,0.0,0.0,0.0,1.0,22.0,85.43333333333334,3.0,313.0,1079.6333333333332,1.0,4.0,15.266666666666667,1.0,8.0,14.8,4.0,165.0,681.75
34,34,1140,4660.566666666667,5.0,15.0,47.28333333333333,3.0,25.0,84.25,1.0,51.0,337.45,1.0,2.0,7.766666666666667,2.0,37.0,204.16666666666669,0.0,0.0,0.0,3.0,11.0,20.616666666666664,3.0,52.0,130.13333333333333,1.0,97.0,370.2166666666667,0.0,0.0,0.0,0.0,0.0,0.0,4.0,307.0,1142.3166666666666,0.0,0.0,0.0,1.0,15.0,15.25,4.0,303.0,1393.4,0.0,0.0,0.0,3.0,37.0,132.48333333333335,3.0,188.0,775.2333333333333
35,15,423,1361.4833333333333,1.0,4.0,20.6,1.0,17.0,25.5,0.0,0.0,0.0,0.0,0.0,0.0,1.0,8.0,8.0,0.0,0.0,0.0,2.0,12.0,9.666666666666666,2.0,42.0,109.15,0.0,0.0,0.0,0.0,0.0,0.0,1.0,21.0,120.75,2.0,201.0,732.4833333333333,0.0,0.0,0.0,2.0,34.0,27.866666666666667,1.0,68.0,245.93333333333334,1.0,4.0,5.333333333333333,1.0,12.0,56.2,0.0,0.0,0.0
36,15,691,2790.233333333333,2.0,10.0,36.55,1.0,15.0,44.5,1.0,68.0,283.33333333333337,1.0,3.0,12.899999999999999,1.0,14.0,90.06666666666666,1.0,74.0,479.76666666666665,0.0,0.0,0.0,1.0,12.0,69.8,0.0,0.0,0.0,0.0,0.0,0.0,0.0,0.0,0.0,5.0,364.0,1574.2833333333333,0.0,0.0,0.0,0.0,0.0,0.0,0.0,0.0,0.0,0.0,0.0,0.0,0.0,0.0,0.0,2.0,131.0,199.03333333333333
37,16,504,1346.5166666666667,1.0,3.0,13.75,2.0,24.0,55.800000000000004,1.0,56.0,127.86666666666666,2.0,10.0,29.266666666666666,1.0,22.0,90.93333333333334,0.0,0.0,0.0,1.0,6.0,26.400000000000002,0.0,0.0,0.0,1.0,33.0,35.2,0.0,0.0,0.0,1.0,17.0,81.88333333333333,1.0,65.0,334.75,0.0,0.0,0.0,0.0,0.0,0.0,2.0,150.0,378.3333333333333,0.0,0.0,0.0,1.0,19.0,76.31666666666666,2.0,99.0,96.01666666666668
38,20,542,1041.1499999999999,1.0,1.0,0.8333333333333334,1.0,4.0,3.933333333333333,0.0,0.0,0.0,5.0,19.0,70.35,1.0,10.0,29.0,0.0,0.0,0.0,3.0,19.0,91.0,0.0,0.0,0.0,1.0,111.0,484.69999999999993,0.0,0.0,0.0,1.0,13.0,58.5,1.0,53.0,92.75,0.0,0.0,0.0,3.0,35.0,66.7,2.0,229.0,128.98333333333335,0.0,0.0,0.0,0.0,0.0,0.0,1.0,48.0,14.399999999999999
39,27,531,1337.9166666666665,5.0,20.0,52.95,4.0,48.0,173.0,0.0,0.0,0.0,3.0,4.0,17.233333333333334,2.0,22.0,83.7,0.0,0.0,0.0,2.0,9.0,21.7,1.0,10.0,7.833333333333333,0.0,0.0,0.0,1.0,3.0,7.0,3.0,55.0,117.7,2.0,136.0,290.93333333333334,1.0,6.0,20.700000000000003,0.0,0.0,0.0,2.0,121.0,375.41666666666663,0.0,0.0,0.0,0.0,0.0,0.0,1.0,97.0,169.75
40,25,719,3094.2,4.0,16.0,69.05000000000001,1.0,22.0,106.69999999999999,0.0,0.0,0.0,1.0,7.0,3.15,1.0,8.0,12.8,0.0,0.0,0.0,1.0,4.0,9.466666666666667,3.0,27.0,95.75,0.0,0.0,0.0,0.0,0.0,0.0,1.0,7.0,22.75,3.0,150.0,590.3666666666667,1.0,1.0,5.75,2.0,12.0,28.133333333333333,0.0,0.0,0.0,0.0,0.0,0.0,0.0,0.0,0.0,7.0,465.0,2150.2833333333333
41,16,664,2928.9,2.0,11.0,29.666666666666668,2.0,23.0,66.53333333333333,0.0,0.0,0.0,0.0,0.0,0.0,1.0,18.0,41.7,1.0,37.0,126.41666666666666,1.0,2.0,7.833333333333333,1.0,11.0,29.700000000000003,2.0,180.0,818.2833333333334,1.0,2.0,6.033333333333333,1.0,19.0,27.55,1.0,123.0,369.0,1.0,1.0,2.1666666666666665,0.0,0.0,0.0,1.0,125.0,810.4166666666666,0.0,0.0,0.0,0.0,0.0,0.0,1.0,112.0,593.6
42,24,473,2135.5499999999997,6.0,28.0,80.15,2.0,26.0,99.96666666666668,0.0,0.0,0.0,3.0,9.0,38.38333333333333,0.0,0.0,0.0,0.0,0.0,0.0,2.0,10.0,7.550000000000001,1.0,7.0,1.4000000000000001,0.0,0.0,0.0,1.0,1.0,3.033333333333333,1.0,19.0,86.76666666666667,2.0,54.0,145.5,0.0,0.0,0.0,0.0,0.0,0.0,2.0,146.0,855.3499999999999,1.0,7.0,13.066666666666666,2.0,45.0,110.65,1.0,121.0,693.7333333333333
43,21,585,2099.8166666666666,3.0,8.0,37.71666666666667,4.0,67.0,211.8,0.0,0.0,0.0,2.0,13.0,50.56666666666666,0.0,0.0,0.0,1.0,59.0,322.53333333333336,1.0,3.0,7.45,2.0,34.0,168.06666666666666,1.0,125.0,766.6666666666667,1.0,5.0,1.1666666666666667,1.0,18.0,26.4,1.0,126.0,121.8,0.0,0.0,0.0,0.0,0.0,0.0,1.0,52.0,54.6,0.0,0.0,0.0,1.0,12.0,22.0,2.0,63.0,309.05
44,22,916,3744.4,1.0,1.0,3.3,0.0,0.0,0.0,1.0,111.0,703.0,2.0,8.0,30.03333333333333,1.0,15.0,3.0,1.0,66.0,343.2,1.0,4.0,5.8,2.0,13.0,31.383333333333333,1.0,44.0,269.8666666666667,1.0,5.0,30.166666666666664,2.0,32.0,74.13333333333334,5.0,359.0,1558.1000000000001,0.0,0.0,0.0,1.0,4.0,21.266666666666666,2.0,129.0,189.9,0.0,0.0,0.0,0.0,0.0,0.0,1.0,125.0,481.25
45,19,504,2226.6,1.0,7.0,32.43333333333334,1.0,23.0,145.28333333333333,0.0,0.0,0.0,2.0,4.0,19.15,1.0,19.0,82.01666666666667,0.0,0.0,0.0,2.0,12.0,28.999999999999996,0.0,0.0,0.0,1.0,21.0,118.65,0.0,0.0,0.0,4.0,28.0,69.13333333333333,1.0,75.0,322.5,1.0,6.0,19.900000000000002,0.0,0.0,0.0,3.0,203.0,927.9833333333333,0.0,0.0,0.0,1.0,19.0,3.8000000000000003,1.0,87.0,456.75
46,19,418,1072.1333333333332,0.0,0.0,0.0,1.0,21.0,55.65,1.0,53.0,187.26666666666665,0.0,0.0,0.0,1.0,13.0,38.13333333333333,0.0,0.0,0.0,4.0,19.0,23.2,2.0,24.0,62.14999999999999,0.0,0.0,0.0,0.0,0.0,0.0,0.0,0.0,0.0,1.0,24.0,15.2,0.0,0.0,0.0,2.0,38.0,92.23333333333332,2.0,109.0,136.63333333333333,1.0,7.0,35.233333333333334,2.0,32.0,81.06666666666666,2.0,78.0,345.3666666666667
47,14,385,945.75,2.0,11.0,40.983333333333334,1.0,4.0,9.6,1.0,69.0,259.9,1.0,2.0,11.933333333333334,2.0,36.0,81.53333333333333,0.0,0.0,0.0,0.0,0.0,0.0,0.0,0.0,0.0,0.0,0.0,0.0,0.0,0.0,0.0,2.0,24.0,134.71666666666664,0.0,0.0,0.0,0.0,0.0,0.0,0.0,0.0,0.0,2.0,204.0,302.9,1.0,1.0,6.383333333333334,1.0,7.0,42.0,1.0,27.0,55.800000000000004
48,25,800,2839.9,3.0,4.0,21.3,1.0,17.0,14.733333333333334,1.0,53.0,31.799999999999997,0.0,0.0,0.0,5.0,80.0,370.83333333333337,0.0,0.0,0.0,0.0,0.0,0.0,2.0,34.0,103.93333333333334,1.0,74.0,151.7,0.0,0.0,0.0,2.0,33.0,195.25,2.0,107.0,515.2666666666667,0.0,0.0,0.0,0.0,0.0,0.0,2.0,219.0,684.4,1.0,7.0,24.383333333333333,3.0,47.0,196.16666666666666,2.0,125.0,530.1333333333333
49,23,664,1787.6166666666668,1.0,5.0,30.166666666666664,1.0,20.0,121.0,0.0,0.0,0.0,5.0,24.0,117.41666666666667,2.0,22.0,123.43333333333334,1.0,22.0,119.53333333333333,2.0,5.0,11.933333333333334,2.0,22.0,68.5,1.0,108.0,696.6,0.0,0.0,0.0,2.0,32.0,56.53333333333333,2.0,227.0,222.39999999999998,0.0,0.0,0.0,0.0,0.0,0.0,3.0,64.0,92.03333333333333,0.0,0.0,0.0,0.0,0.0,0.0,1.0,113.0,128.06666666666666
50,17,488,1930.7333333333333,0.0,0.0,0.0,2.0,16.0,82.6,1.0,88.0,484.0,1.0,7.0,6.183333333333334,2.0,28.0,72.63333333333334,0.0,0.0,0.0,1.0,3.0,7.9,1.0,10.0,25.166666666666664,0.0,0.0,0.0,0.0,0.0,0.0,2.0,20.0,45.9,2.0,66.0,229.56666666666666,0.0,0.0,0.0,0.0,0.0,0.0,2.0,157.0,742.45,1.0,1.0,2.183333333333333,1.0,7.0,5.483333333333333,1.0,85.0,226.66666666666666
51,21,572,2131.7333333333336,3.0,12.0,46.1,0.0,0.0,0.0,1.0,86.0,364.06666666666666,3.0,14.0,71.6,3.0,24.0,79.69999999999999,0.0,0.0,0.0,0.0,0.0,0.0,3.0,49.0,109.74999999999999,1.0,75.0,443.75,0.0,0.0,0.0,0.0,0.0,0.0,1.0,41.0,230.9666666666667,1.0,5.0,32.16666666666667,0.0,0.0,0.0,0.0,0.0,0.0,0.0,0.0,0.0,1.0,23.0,126.88333333333333,4.0,243.0,626.75
52,19,295,1230.6166666666666,4.0,13.0,44.96666666666667,1.0,21.0,81.89999999999999,0.0,0.0,0.0,1.0,4.0,8.533333333333333,0.0,0.0,0.0,1.0,24.0,136.8,3.0,14.0,33.78333333333334,0.0,0.0,0.0,0.0,0.0,0.0,0.0,0.0,0.0,3.0,31.0,49.71666666666667,0.0,0.0,0.0,1.0,2.0,11.233333333333333,0.0,0.0,0.0,1.0,115.0,645.9166666666666,1.0,5.0,15.833333333333332,1.0,13.0,68.89999999999999,2.0,53.0,133.0333333333333
53,21,850,3820.0,4.0,10.0,43.21666666666667,1.0,11.0,44.916666666666664,0.0,0.0,0.0,2.0,12.0,19.599999999999998,1.0,7.0,33.36666666666667,0.0,0.0,0.0,0.0,0.0,0.0,1.0,9.0,18.15,1.0,32.0,32.53333333333333,0.0,0.0,0.0,0.0,0.0,0.0,4.0,365.0,1638.85,0.0,0.0,0.0,1.0,16.0,83.2,4.0,312.0,1591.4666666666667,0.0,0.0,0.0,1.0,5.0,16.5,1.0,71.0,298.2
54,20,537,2190.4,1.0,6.0,28.3,1.0,22.0,73.33333333333334,0.0,0.0,0.0,4.0,21.0,90.4,2.0,30.0,182.5,0.0,0.0,0.0,2.0,11.0,53.46666666666666,1.0,22.0,142.63333333333333,0.0,0.0,0.0,0.0,0.0,0.0,1.0,5.0,20.583333333333332,2.0,124.0,422.9,0.0,0.0,0.0,1.0,7.0,21.7,0.0,0.0,0.0,0.0,0.0,0.0,0.0,0.0,0.0,5.0,289.0,1154.5833333333333
55,12,523,2050.35,1.0,5.0,21.25,1.0,7.0,27.066666666666666,0.0,0.0,0.0,1.0,4.0,9.4,0.0,0.0,0.0,1.0,115.0,636.3333333333334,1.0,4.0,13.8,1.0,8.0,40.4,0.0,0.0,0.0,0.0,0.0,0.0,0.0,0.0,0.0,2.0,151.0,121.03333333333333,0.0,0.0,0.0,1.0,22.0,38.5,2.0,202.0,1127.5666666666666,0.0,0.0,0.0,1.0,5.0,15.0,0.0,0.0,0.0
56,23,536,1699.8999999999999,3.0,11.0,23.633333333333333,1.0,9.0,49.8,0.0,0.0,0.0,2.0,12.0,40.5,1.0,9.0,40.65,0.0,0.0,0.0,3.0,14.0,15.116666666666667,2.0,36.0,44.800000000000004,0.0,0.0,0.0,0.0,0.0,0.0,2.0,35.0,96.94999999999999,3.0,230.0,869.75,0.0,0.0,0.0,2.0,33.0,84.1,2.0,124.0,374.26666666666665,0.0,0.0,0.0,2.0,23.0,60.333333333333336,0.0,0.0,0.0
57,30,863,2630.9833333333336,1.0,7.0,3.8500000000000005,3.0,41.0,52.43333333333334,0.0,0.0,0.0,1.0,1.0,2.6666666666666665,3.0,24.0,25.166666666666664,1.0,85.0,255.0,3.0,12.0,36.63333333333333,1.0,17.0,59.78333333333333,0.0,0.0,0.0,0.0,0.0,0.0,6.0,92.0,349.75,4.0,293.0,1193.0666666666666,0.0,0.0,0.0,3.0,41.0,106.41666666666669,0.0,0.0,0.0,0.0,0.0,0.0,1.0,4.0,9.666666666666666,3.0,246.0,536.55
58,22,634,1719.5166666666667,1.0,5.0,6.5,4.0,46.0,164.1,0.0,0.0,0.0,1.0,7.0,44.56666666666666,3.0,29.0,102.16666666666667,0.0,0.0,0.0,1.0,1.0,4.683333333333334,2.0,12.0,12.083333333333334,1.0,125.0,35.416666666666664,0.0,0.0,0.0,1.0,6.0,34.9,6.0,349.0,1266.3000000000002,0.0,0.0,0.0,1.0,12.0,37.6,0.0,0.0,0.0,0.0,0.0,0.0,0.0,0.0,0.0,1.0,42.0,11.2
59,12,142,349.8333333333333,0.0,0.0,0.0,0.0,0.0,0.0,0.0,0.0,0.0,3.0,13.0,26.533333333333335,2.0,16.0,41.599999999999994,0.0,0.0,0.0,1.0,7.0,41.18333333333334,1.0,14.0,51.1,0.0,0.0,0.0,1.0,1.0,1.0833333333333333,1.0,7.0,5.483333333333333,1.0,44.0,121.0,0.0,0.0,0.0,0.0,0.0,0.0,1.0,33.0,44.0,0.0,0.0,0.0,1.0,7.0,17.849999999999998,0.0,0.0,0.0
60,19,546,1626.9833333333333,2.0,8.0,9.233333333333334,1.0,7.0,11.083333333333332,0.0,0.0,0.0,4.0,14.0,64.03333333333333,2.0,33.0,82.11666666666666,0.0,0.0,0.0,1.0,7.0,26.366666666666667,1.0,18.0,36.0,1.0,92.0,389.4666666666667,0.0,0.0,0.0,0.0,0.0,0.0,4.0,246.0,462.20000000000005,0.0,0.0,0.0,0.0,0.0,0.0,1.0,97.0,454.28333333333336,1.0,4.0,4.533333333333333,1.0,20.0,87.66666666666667,0.0,0.0,0.0
61,24,857,2717.9166666666665,5.0,23.0,72.75,1.0,4.0,16.533333333333335,0.0,0.0,0.0,0.0,0.0,0.0,3.0,43.0,103.64999999999999,0.0,0.0,0.0,1.0,7.0,11.200000000000001,1.0,13.0,84.28333333333333,0.0,0.0,0.0,1.0,6.0,1.4,2.0,23.0,107.96666666666667,4.0,308.0,1661.5,1.0,6.0,1.4,0.0,0.0,0.0,2.0,182.0,451.31666666666666,0.0,0.0,0.0,0.0,0.0,0.0,3.0,242.0,205.91666666666666
62,16,513,1513.1,2.0,10.0,20.1,2.0,17.0,10.666666666666668,1.0,100.0,121.66666666666666,1.0,5.0,3.333333333333333,2.0,42.0,176.06666666666666,0.0,0.0,0.0,0.0,0.0,0.0,0.0,0.0,0.0,0.0,0.0,0.0,1.0,5.0,21.0,1.0,20.0,50.33333333333333,3.0,176.0,613.4333333333334,1.0,6.0,3.5,0.0,0.0,0.0,0.0,0.0,0.0,0.0,0.0,0.0,0.0,0.0,0.0,2.0,132.0,493.0
63,20,745,2899.9166666666665,2.0,6.0,25.866666666666667,3.0,35.0,131.75,1.0,97.0,67.89999999999999,1.0,1.0,2.5833333333333335,1.0,20.0,100.33333333333333,0.0,0.0,0.0,1.0,7.0,25.900000000000002,1.0,18.0,45.3,0.0,0.0,0.0,0.0,0.0,0.0,1.0,8.0,47.2,4.0,411.0,1888.7833333333333,0.0,0.0,0.0,1.0,14.0,7.933333333333334,1.0,82.0,401.8,1.0,6.0,8.399999999999999,1.0,15.0,52.0,1.0,25.0,94.16666666666667
64,15,469,1321.95,2.0,2.0,3.9833333333333334,1.0,18.0,16.2,0.0,0.0,0.0,1.0,1.0,5.616666666666666,1.0,23.0,14.950000000000001,0.0,0.0,0.0,1.0,3.0,5.95,1.0,18.0,7.2,1.0,57.0,151.04999999999998,0.0,0.0,0.0,1.0,23.0,70.91666666666667,2.0,201.0,762.5500000000001,0.0,0.0,0.0,0.0,0.0,0.0,0.0,0.0,0.0,0.0,0.0,0.0,2.0,24.0,99.63333333333334,2.0,99.0,183.9
65,16,413,941.5,0.0,0.0,0.0,1.0,9.0,40.949999999999996,0.0,0.0,0.0,3.0,17.0,55.533333333333324,1.0,4.0,6.4,0.0,0.0,0.0,1.0,5.0,3.5833333333333335,0.0,0.0,0.0,0.0,0.0,0.0,0.0,0.0,0.0,1.0,12.0,3.5999999999999996,2.0,168.0,109.01666666666668,0.0,0.0,0.0,1.0,18.0,67.5,1.0,65.0,323.9166666666667,0.0,0.0,0.0,3.0,36.0,85.93333333333334,2.0,79.0,245.06666666666666
66,24,772,2152.133333333333,1.0,1.0,3.0833333333333335,6.0,67.0,175.61666666666667,1.0,92.0,44.46666666666667,2.0,6.0,20.833333333333332,1.0,9.0,18.15,0.0,0.0,0.0,1.0,1.0,5.283333333333333,1.0,20.0,91.33333333333333,0.0,0.0,0.0,0.0,0.0,0.0,4.0,80.0,220.33333333333334,3.0,290.0,768.1500000000001,0.0,0.0,0.0,0.0,0.0,0.0,1.0,60.0,325.0,0.0,0.0,0.0,1.0,20.0,132.33333333333331,2.0,126.0,347.55
67,25,764,3279.016666666667,5.0,23.0,92.01666666666667,1.0,13.0,52.21666666666667,1.0,102.0,549.1,1.0,4.0,2.0,1.0,15.0,35.5,0.0,0.0,0.0,1.0,4.0,13.333333333333334,2.0,27.0,55.133333333333326,1.0,43.0,189.20000000000002,0.0,0.0,0.0,1.0,14.0,49.0,2.0,196.0,1169.75,1.0,2.0,10.1,1.0,18.0,82.5,1.0,63.0,223.64999999999998,2.0,12.0,58.2,1.0,15.0,60.25,3.0,213.0,637.0666666666667
68,13,286,1303.6,1.0,5.0,31.166666666666668,1.0,9.0,45.3,0.0,0.0,0.0,2.0,6.0,14.433333333333334,0.0,0.0,0.0,0.0,0.0,0.0,2.0,7.0,31.916666666666668,2.0,29.0,117.88333333333333,0.0,0.0,0.0,1.0,4.0,1.7333333333333334,1.0,9.0,1.9500000000000002,2.0,120.0,475.6,0.0,0.0,0.0,0.0,0.0,0.0,1.0,97.0,583.6166666666667,0.0,0.0,0.0,0.0,0.0,0.0,0.0,0.0,0.0
69,24,1084,3556.633333333333,0.0,0.0,0.0,1.0,15.0,98.25,1.0,92.0,154.86666666666667,3.0,15.0,64.5,1.0,4.0,9.533333333333333,1.0,104.0,670.8000000000001,0.0,0.0,0.0,3.0,32.0,141.13333333333333,0.0,0.0,0.0,0.0,0.0,0.0,2.0,31.0,80.43333333333332,3.0,288.0,822.05,0.0,0.0,0.0,2.0,19.0,53.0,4.0,291.0,568.9,0.0,0.0,0.0,1.0,19.0,121.60000000000001,2.0,174.0,771.5666666666666
70,18,459,1561.0833333333333,1.0,5.0,32.083333333333336,1.0,16.0,67.2,1.0,23.0,73.98333333333333,2.0,5.0,2.4000000000000004,3.0,30.0,107.99999999999999,0.0,0.0,0.0,1.0,5.0,22.333333333333336,2.0,26.0,48.53333333333334,1.0,80.0,117.33333333333333,0.0,0.0,0.0,0.0,0.0,0.0,0.0,0.0,0.0,0.0,0.0,0.0,1.0,21.0,119.0,2.0,208.0,841.3166666666666,1.0,3.0,6.6000000000000005,1.0,9.0,15.899999999999999,1.0,28.0,106.39999999999999
71,19,649,1488.25,1.0,4.0,6.6,3.0,48.0,135.25,0.0,0.0,0.0,3.0,12.0,24.233333333333334,1.0,11.0,47.483333333333334,0.0,0.0,0.0,3.0,10.0,9.966666666666667,0.0,0.0,0.0,1.0,61.0,72.18333333333334,0.0,0.0,0.0,2.0,26.0,33.333333333333336,0.0,0.0,0.0,0.0,0.0,0.0,0.0,0.0,0.0,2.0,159.0,575.9333333333333,0.0,0.0,0.0,0.0,0.0,0.0,3.0,318.0,583.2666666666667
72,19,499,1884.6666666666665,1.0,5.0,12.5,0.0,0.0,0.0,1.0,120.0,560.0,1.0,2.0,7.966666666666667,1.0,22.0,41.06666666666667,0.0,0.0,0.0,3.0,17.0,67.48333333333333,1.0,16.0,61.333333333333336,0.0,0.0,0.0,1.0,7.0,29.75,3.0,38.0,108.81666666666666,1.0,77.0,413.2333333333333,0.0,0.0,0.0,1.0,10.0,48.666666666666664,2.0,62.0,175.5666666666667,0.0,0.0,0.0,1.0,7.0,21.583333333333336,2.0,116.0,336.7
73,22,396,834.7666666666667,3.0,14.0,33.33333333333333,4.0,44.0,100.56666666666666,0.0,0.0,0.0,2.0,14.0,32.083333333333336,1.0,12.0,44.8,0.0,0.0,0.0,2.0,5.0,19.716666666666665,1.0,22.0,16.133333333333333,0.0,0.0,0.0,0.0,0.0,0.0,1.0,18.0,90.89999999999999,0.0,0.0,0.0,1.0,1.0,0.75,1.0,20.0,89.33333333333334,2.0,151.0,242.83333333333331,0.0,0.0,0.0,3.0,35.0,95.31666666666666,1.0,60.0,69.0
74,24,864,2911.5833333333335,1.0,6.0,18.1,1.0,19.0,26.916666666666668,0.0,0.0,0.0,1.0,6.0,21.1,2.0,42.0,209.9,0.0,0.0,0.0,6.0,15.0,27.96666666666667,2.0,15.0,92.80000000000001,0.0,0.0,0.0,0.0,0.0,0.0,0.0,0.0,0.0,4.0,380.0,1334.0166666666667,0.0,0.0,0.0,1.0,20.0,96.66666666666666,5.0,355.0,1072.7166666666667,1.0,6.0,11.399999999999999,0.0,0.0,0.0,0.0,0.0,0.0
75,21,874,2954.116666666667,1.0,7.0,34.300000000000004,0.0,0.0,0.0,0.0,0.0,0.0,2.0,7.0,19.783333333333335,1.0,15.0,3.25,0.0,0.0,0.0,2.0,7.0,30.31666666666667,1.0,22.0,132.73333333333332,0.0,0.0,0.0,0.0,0.0,0.0,1.0,20.0,8.333333333333334,3.0,310.0,1194.1333333333332,0.0,0.0,0.0,1.0,15.0,28.0,5.0,220.0,1083.25,1.0,6.0,30.0,1.0,21.0,114.8,2.0,224.0,275.2166666666667
76,20,649,1961.1833333333334,1.0,3.0,8.5,1.0,22.0,52.43333333333333,0.0,0.0,0.0,1.0,6.0,37.1,0.0,0.0,0.0,0.0,0.0,0.0,1.0,1.0,1.2833333333333334,2.0,27.0,69.45,0.0,0.0,0.0,1.0,4.0,23.533333333333335,1.0,15.0,50.0,5.0,303.0,558.6833333333334,0.0,0.0,0.0,1.0,23.0,21.083333333333332,2.0,147.0,788.6499999999999,0.0,0.0,0.0,2.0,20.0,76.76666666666667,2.0,78.0,273.7
77,30,639,2108.9500000000003,7.0,19.0,70.15,5.0,61.0,187.1,2.0,117.0,420.75,6.0,20.0,56.483333333333334,0.0,0.0,0.0,0.0,0.0,0.0,2.0,8.0,22.233333333333334,0.0,0.0,0.0,1.0,67.0,432.15000000000003,0.0,0.0,0.0,1.0,7.0,3.033333333333333,1.0,121.0,223.85000000000002,0.0,0.0,0.0,1.0,14.0,83.3,0.0,0.0,0.0,0.0,0.0,0.0,1.0,8.0,19.733333333333334,3.0,197.0,590.1666666666667
78,15,339,894.45,3.0,15.0,52.516666666666666,2.0,36.0,179.75,0.0,0.0,0.0,3.0,12.0,55.83333333333333,0.0,0.0,0.0,0.0,0.0,0.0,1.0,4.0,24.2,0.0,0.0,0.0,0.0,0.0,0.0,0.0,0.0,0.0,1.0,22.0,10.633333333333333,3.0,138.0,197.03333333333333,0.0,0.0,0.0,1.0,13.0,32.93333333333333,1.0,99.0,341.55,0.0,0.0,0.0,0.0,0.0,0.0,0.0,0.0,0.0
79,18,400,1473.7833333333333,2.0,8.0,43.56666666666666,2.0,25.0,109.73333333333333,0.0,0.0,0.0,2.0,5.0,22.833333333333336,2.0,32.0,83.25000000000001,0.0,0.0,0.0,1.0,3.0,19.799999999999997,2.0,18.0,82.8,1.0,125.0,620.8333333333334,0.0,0.0,0.0,1.0,5.0,7.75,0.0,0.0,0.0,0.0,0.0,0.0,1.0,17.0,84.15,2.0,100.0,322.1,1.0,6.0,10.700000000000001,0.0,0.0,0.0,1.0,56.0,66.26666666666667
80,23,499,1358.5833333333333,0.0,0.0,0.0,0.0,0.0,0.0,0.0,0.0,0.0,5.0,20.0,83.86666666666667,2.0,14.0,75.33333333333334,1.0,54.0,247.49999999999997,4.0,13.0,32.65,3.0,34.0,86.23333333333333,0.0,0.0,0.0,0.0,0.0,0.0,2.0,32.0,95.26666666666668,1.0,105.0,143.5,1.0,6.0,24.299999999999997,0.0,0.0,0.0,1.0,27.0,17.55,1.0,5.0,10.0,0.0,0.0,0.0,2.0,189.0,542.3833333333333
81,26,387,1406.6166666666668,2.0,8.0,41.03333333333333,5.0,60.0,288.98333333333335,0.0,0.0,0.0,2.0,6.0,38.0,0.0,0.0,0.0,0.0,0.0,0.0,4.0,17.0,54.766666666666666,1.0,11.0,28.416666666666668,0.0,0.0,0.0,1.0,2.0,4.3,4.0,55.0,228.08333333333334,1.0,35.0,172.08333333333334,0.0,0.0,0.0,2.0,27.0,146.95,3.0,141.0,360.25,0.0,0.0,0.0,0.0,0.0,0.0,1.0,25.0,43.75
82,20,743,2974.75,1.0,5.0,22.333333333333336,1.0,21.0,138.95,1.0,92.0,561.1999999999999,0.0,0.0,0.0,0.0,0.0,0.0,1.0,91.0,318.5,2.0,8.0,15.1,2.0,42.0,247.95000000000002,0.0,0.0,0.0,0.0,0.0,0.0,2.0,11.0,50.68333333333333,3.0,231.0,260.1,1.0,5.0,12.083333333333332,0.0,0.0,0.0,2.0,121.0,718.3666666666667,1.0,3.0,15.95,1.0,21.0,54.6,2.0,92.0,558.9333333333334
83,18,627,2372.4,1.0,3.0,16.35,2.0,13.0,21.316666666666666,1.0,47.0,166.06666666666666,3.0,14.0,25.65,1.0,18.0,77.39999999999999,1.0,124.0,208.73333333333335,2.0,7.0,28.983333333333334,1.0,18.0,68.7,1.0,66.0,90.2,0.0,0.0,0.0,0.0,0.0,0.0,1.0,70.0,301.0,0.0,0.0,0.0,2.0,25.0,45.1,1.0,108.0,675.0,0.0,0.0,0.0,0.0,0.0,0.0,1.0,114.0,647.9
84,18,581,2227.2333333333336,3.0,8.0,20.0,1.0,17.0,28.049999999999997,0.0,0.0,0.0,1.0,1.0,1.4166666666666667,0.0,0.0,0.0,1.0,106.0,199.63333333333333,2.0,9.0,25.3,0.0,0.0,0.0,0.0,0.0,0.0,0.0,0.0,0.0,4.0,54.0,163.96666666666667,3.0,161.0,925.0333333333333,0.0,0.0,0.0,0.0,0.0,0.0,1.0,109.0,285.2166666666667,0.0,0.0,0.0,0.0,0.0,0.0,2.0,116.0,578.6166666666667
85,20,403,1584.6333333333334,1.0,4.0,1.6666666666666667,1.0,17.0,109.65,0.0,0.0,0.0,1.0,6.0,31.0,1.0,13.0,47.233333333333334,0.0,0.0,0.0,3.0,13.0,56.650000000000006,2.0,35.0,137.93333333333334,2.0,135.0,671.4000000000001,0.0,0.0,0.0,4.0,58.0,298.73333333333335,0.0,0.0,0.0,0.0,0.0,0.0,0.0,0.0,0.0,0.0,0.0,0.0,1.0,5.0,19.333333333333332,2.0,9.0,22.033333333333335,2.0,108.0,188.99999999999997
86,20,380,1542.2333333333333,5.0,18.0,64.98333333333333,1.0,18.0,52.8,0.0,0.0,0.0,2.0,7.0,38.21666666666666,3.0,32.0,139.16666666666666,0.0,0.0,0.0,2.0,7.0,5.266666666666667,0.0,0.0,0.0,0.0,0.0,0.0,1.0,7.0,45.85,0.0,0.0,0.0,1.0,93.0,461.90000000000003,1.0,3.0,10.05,0.0,0.0,0.0,1.0,117.0,559.65,0.0,0.0,0.0,2.0,34.0,137.21666666666664,1.0,44.0,27.133333333333333
87,24,733,2309.7833333333333,5.0,19.0,80.56666666666666,0.0,0.0,0.0,0.0,0.0,0.0,0.0,0.0,0.0,4.0,72.0,200.64999999999998,0.0,0.0,0.0,0.0,0.0,0.0,1.0,4.0,20.133333333333333,1.0,121.0,536.4333333333334,0.0,0.0,0.0,1.0,11.0,17.966666666666665,1.0,18.0,11.100000000000001,1.0,7.0,12.833333333333332,2.0,38.0,117.53333333333333,4.0,285.0,1063.2833333333333,0.0,0.0,0.0,2.0,18.0,59.766666666666666,2.0,140.0,189.51666666666665
88,24,680,2664.75,2.0,7.0,10.666666666666666,2.0,18.0,32.7,0.0,0.0,0.0,5.0,18.0,62.833333333333336,2.0,22.0,113.03333333333333,0.0,0.0,0.0,1.0,2.0,10.666666666666666,0.0,0.0,0.0,2.0,183.0,909.5999999999999,0.0,0.0,0.0,3.0,40.0,137.7,2.0,238.0,1060.3166666666666,0.0,0.0,0.0,1.0,16.0,65.33333333333333,2.0,82.0,94.5,1.0,6.0,13.0,0.0,0.0,0.0,1.0,48.0,154.4
89,19,570,1496.3166666666666,2.0,8.0,20.133333333333333,4.0,61.0,153.58333333333334,0.0,0.0,0.0,3.0,15.0,61.8,1.0,7.0,42.233333333333334,0.0,0.0,0.0,2.0,4.0,13.316666666666666,1.0,12.0,21.0,0.0,0.0,0.0,0.0,0.0,0.0,1.0,9.0,44.400000000000006,2.0,166.0,396.33333333333337,0.0,0.0,0.0,0.0,0.0,0.0,2.0,229.0,410.16666666666663,0.0,0.0,0.0,0.0,0.0,0.0,1.0,59.0,333.35
90,18,415,1804.2666666666667,3.0,14.0,35.1,3.0,17.0,52.15,0.0,0.0,0.0,1.0,5.0,25.416666666666664,1.0,15.0,88.5,0.0,0.0,0.0,2.0,6.0,20.4,0.0,0.0,0.0,0.0,0.0,0.0,0.0,0.0,0.0,3.0,50.0,236.38333333333333,1.0,57.0,108.3,0.0,0.0,0.0,1.0,13.0,56.11666666666666,1.0,115.0,615.25,0.0,0.0,0.0,1.0,21.0,78.75,1.0,102.0,487.9
91,17,573,2278.35,4.0,18.0,37.916666666666664,0.0,0.0,0.0,1.0,120.0,489.99999999999994,0.0,0.0,0.0,3.0,47.0,78.15,0.0,0.0,0.0,3.0,9.0,17.066666666666666,0.0,0.0,0.0,0.0,0.0,0.0,0.0,0.0,0.0,0.0,0.0,0.0,3.0,216.0,967.5333333333333,0.0,0.0,0.0,1.0,9.0,14.85,0.0,0.0,0.0,0.0,0.0,0.0,0.0,0.0,0.0,2.0,154.0,672.8333333333333
92,22,838,2471.9166666666665,4.0,14.0,59.15,3.0,33.0,109.78333333333333,0.0,0.0,0.0,1.0,3.0,3.1000000000000005,1.0,16.0,45.333333333333336,0.0,0.0,0.0,1.0,5.0,19.5,1.0,17.0,13.316666666666666,0.0,0.0,0.0,0.0,0.0,0.0,0.0,0.0,0.0,3.0,265.0,445.85,0.0,0.0,0.0,3.0,33.0,115.23333333333332,4.0,434.0,1548.15,0.0,0.0,0.0,1.0,18.0,112.5,0.0,0.0,0.0
93,21,275,1017.4333333333333,4.0,19.0,74.11666666666666,2.0,32.0,50.233333333333334,0.0,0.0,0.0,1.0,6.0,25.9,1.0,4.0,21.4,0.0,0.0,0.0,2.0,10.0,42.91666666666667,2.0,31.0,179.48333333333332,0.0,0.0,0.0,0.0,0.0,0.0,4.0,60.0,240.71666666666664,0.0,0.0,0.0,0.0,0.0,0.0,1.0,6.0,35.8,1.0,78.0,295.09999999999997,0.0,0.0,0.0,3.0,29.0,51.766666666666666,0.0,0.0,0.0
94,31,635,1578.2166666666667,8.0,33.0,102.75,2.0,32.0,205.16666666666666,0.0,0.0,0.0,3.0,12.0,25.483333333333334,1.0,6.0,19.5,0.0,0.0,0.0,2.0,6.0,28.333333333333336,3.0,54.0,254.11666666666667,0.0,0.0,0.0,1.0,5.0,13.333333333333332,1.0,5.0,10.083333333333332,3.0,268.0,412.1,1.0,5.0,28.0,0.0,0.0,0.0,1.0,81.0,113.39999999999999,2.0,10.0,7.0,1.0,19.0,113.36666666666667,2.0,99.0,245.58333333333331
95,26,925,3365.1666666666665,2.0,4.0,16.316666666666666,1.0,4.0,14.2,0.0,0.0,0.0,2.0,7.0,27.533333333333335,2.0,37.0,147.06666666666666,1.0,81.0,488.7,2.0,7.0,20.633333333333333,2.0,30.0,175.21666666666664,1.0,22.0,19.433333333333334,0.0,0.0,0.0,2.0,29.0,79.93333333333334,4.0,200.0,855.9833333333333,1.0,7.0,18.666666666666664,0.0,0.0,0.0,4.0,320.0,965.7833333333333,0.0,0.0,0.0,0.0,0.0,0.0,2.0,177.0,535.7
96,18,507,1592.3166666666666,3.0,11.0,26.21666666666667,0.0,0.0,0.0,0.0,0.0,0.0,1.0,7.0,25.2,1.0,23.0,8.816666666666666,1.0,72.0,319.20000000000005,1.0,3.0,5.05,2.0,40.0,134.93333333333334,0.0,0.0,0.0,0.0,0.0,0.0,2.0,14.0,55.06666666666666,4.0,265.0,741.4,0.0,0.0,0.0,1.0,8.0,17.333333333333332,0.0,0.0,0.0,0.0,0.0,0.0,1.0,22.0,79.2,1.0,42.0,179.9
97,20,739,2855.5666666666666,4.0,25.0,80.38333333333333,2.0,27.0,141.21666666666667,0.0,0.0,0.0,0.0,0.0,0.0,3.0,36.0,92.78333333333333,0.0,0.0,0.0,1.0,5.0,31.75,2.0,42.0,85.69999999999999,0.0,0.0,0.0,0.0,0.0,0.0,1.0,19.0,34.2,2.0,125.0,113.83333333333334,0.0,0.0,0.0,0.0,0.0,0.0,1.0,71.0,379.84999999999997,0.0,0.0,0.0,0.0,0.0,0.0,4.0,389.0,1895.85
98,17,425,1447.7666666666667,4.0,15.0,79.05,2.0,32.0,153.18333333333334,0.0,0.0,0.0,1.0,5.0,3.8333333333333335,0.0,0.0,0.0,0.0,0.0,0.0,0.0,0.0,0.0,2.0,11.0,18.666666666666668,1.0,19.0,20.583333333333332,0.0,0.0,0.0,1.0,15.0,44.25,2.0,91.0,426.8,0.0,0.0,0.0,1.0,18.0,57.0,1.0,108.0,363.6,0.0,0.0,0.0,1.0,15.0,44.0,1.0,96.0,236.8
99,13,277,869.3666666666667,2.0,9.0,55.383333333333326,1.0,12.0,28.4,0.0,0.0,0.0,2.0,10.0,51.11666666666667,1.0,9.0,57.15,0.0,0.0,0.0,1.0,5.0,11.333333333333332,0.0,0.0,0.0,1.0,39.0,106.60000000000001,0.0,0.0,0.0,1.0,21.0,14.35,1.0,46.0,78.96666666666667,0.0,0.0,0.0,1.0,10.0,19.666666666666664,1.0,103.0,439.46666666666664,0.0,0.0,0.0,1.0,13.0,6.933333333333334,0.0,0.0,0.0
100,12,270,900.5999999999999,3.0,15.0,26.4,0.0,0.0,0.0,0.0,0.0,0.0,0.0,0.0,0.0,2.0,39.0,169.73333333333335,1.0,66.0,217.79999999999998,2.0,13.0,54.43333333333334,0.0,0.0,0.0,0.0,0.0,0.0,0.0,0.0,0.0,0.0,0.0,0.0,2.0,102.0,293.3833333333333,0.0,0.0,0.0,0.0,0.0,0.0,0.0,0.0,0.0,0.0,0.0,0.0,1.0,12.0,48.0,1.0,23.0,90.85000000000001
101,21,446,1614.0,3.0,13.0,46.083333333333336,3.0,31.0,86.98333333333333,0.0,0.0,0.0,3.0,10.0,54.36666666666666,1.0,4.0,10.8,0.0,0.0,0.0,1.0,1.0,6.2,2.0,22.0,40.199999999999996,0.0,0.0,0.0,1.0,5.0,3.5,0.0,0.0,0.0,3.0,153.0,571.35,0.0,0.0,0.0,1.0,9.0,53.25,2.0,175.0,678.7833333333333,0.0,0.0,0.0,1.0,23.0,62.483333333333334,0.0,0.0,0.0
102,15,535,1809.1833333333334,0.0,0.0,0.0,1.0,13.0,70.41666666666667,2.0,184.0,848.5666666666666,2.0,8.0,20.03333333333333,2.0,25.0,132.43333333333334,0.0,0.0,0.0,0.0,0.0,0.0,0.0,0.0,0.0,0.0,0.0,0.0,0.0,0.0,0.0,1.0,22.0,60.5,2.0,122.0,234.33333333333331,0.0,0.0,0.0,1.0,23.0,44.85,0.0,0.0,0.0,0.0,0.0,0.0,1.0,14.0,5.133333333333333,3.0,124.0,392.9166666666667
103,19,532,1487.1,1.0,4.0,5.666666666666667,2.0,28.0,157.38333333333333,0.0,0.0,0.0,0.0,0.0,0.0,2.0,26.0,45.233333333333334,0.0,0.0,0.0,6.0,27.0,60.9,2.0,18.0,99.96666666666667,1.0,24.0,6.0,1.0,1.0,0.5833333333333334,0.0,0.0,0.0,1.0,117.0,370.5,0.0,0.0,0.0,0.0,0.0,0.0,2.0,199.0,214.33333333333334,0.0,0.0,0.0,0.0,0.0,0.0,1.0,88.0,526.5333333333333
104,30,837,3479.8666666666663,2.0,13.0,45.016666666666666,1.0,12.0,56.2,0.0,0.0,0.0,2.0,6.0,10.333333333333332,2.0,16.0,72.76666666666667,0.0,0.0,0.0,3.0,6.0,6.566666666666666,4.0,65.0,300.98333333333335,0.0,0.0,0.0,0.0,0.0,0.0,4.0,72.0,202.01666666666668,2.0,204.0,1283.1333333333332,1.0,4.0,22.4,1.0,12.0,9.600000000000001,2.0,230.0,822.4666666666667,0.0,0.0,0.0,2.0,26.0,101.1,4.0,171.0,547.2833333333333
105,20,506,1640.4833333333333,2.0,4.0,7.633333333333333,2.0,25.0,59.83333333333333,0.0,0.0,0.0,1.0,5.0,29.666666666666668,0.0,0.0,0.0,1.0,44.0,113.66666666666667,4.0,23.0,77.85,2.0,10.0,39.583333333333336,0.0,0.0,0.0,1.0,4.0,6.466666666666667,0.0,0.0,0.0,2.0,93.0,604.1833333333334,0.0,0.0,0.0,1.0,15.0,46.0,1.0,59.0,283.2,0.0,0.0,0.0,0.0,0.0,0.0,3.0,224.0,372.4
106,19,202,470.58333333333337,2.0,3.0,7.266666666666667,4.0,39.0,115.93333333333334,0.0,0.0,0.0,4.0,18.0,54.46666666666667,1.0,20.0,35.0,0.0,0.0,0.0,2.0,10.0,25.65,3.0,56.0,192.36666666666667,0.0,0.0,0.0,0.0,0.0,0.0,0.0,0.0,0.0,0.0,0.0,0.0,0.0,0.0,0.0,2.0,13.0,11.950000000000003,1.0,43.0,27.95,0.0,0.0,0.0,0.0,0.0,0.0,0.0,0.0,0.0
107,24,590,1876.7666666666667,3.0,8.0,5.766666666666667,0.0,0.0,0.0,0.0,0.0,0.0,4.0,14.0,60.13333333333333,2.0,28.0,30.766666666666666,1.0,48.0,176.79999999999998,2.0,9.0,17.95,1.0,16.0,103.2,1.0,50.0,244.16666666666669,0.0,0.0,0.0,2.0,26.0,84.0,0.0,0.0,0.0,1.0,6.0,33.800000000000004,1.0,9.0,6.3,3.0,170.0,411.79999999999995,1.0,6.0,20.0,0.0,0.0,0.0,2.0,200.0,682.0833333333334
108,17,533,1811.1833333333332,1.0,4.0,6.6,2.0,24.0,93.4,0.0,0.0,0.0,1.0,5.0,25.75,2.0,33.0,200.15,1.0,109.0,492.31666666666666,3.0,8.0,29.933333333333334,0.0,0.0,0.0,0.0,0.0,0.0,0.0,0.0,0.0,0.0,0.0,0.0,1.0,37.0,212.75,1.0,2.0,4.4,0.0,0.0,0.0,2.0,128.0,182.9333333333333,0.0,0.0,0.0,0.0,0.0,0.0,3.0,183.0,562.9499999999999
109,23,933,3109.8166666666666,1.0,5.0,10.833333333333332,4.0,64.0,205.83333333333331,0.0,0.0,0.0,2.0,4.0,4.583333333333333,1.0,10.0,15.833333333333332,1.0,23.0,26.066666666666666,1.0,7.0,41.300000000000004,2.0,23.0,38.0,1.0,98.0,543.9,0.0,0.0,0.0,0.0,0.0,0.0,4.0,307.0,796.1833333333334,0.0,0.0,0.0,1.0,8.0,38.8,0.0,0.0,0.0,0.0,0.0,0.0,1.0,21.0,48.650000000000006,4.0,363.0,1339.8333333333333
110,21,734,2012.6999999999998,2.0,7.0,24.383333333333333,2.0,42.0,22.15,0.0,0.0,0.0,1.0,4.0,16.0,0.0,0.0,0.0,0.0,0.0,0.0,3.0,12.0,49.2,1.0,19.0,29.45,1.0,96.0,436.79999999999995,0.0,0.0,0.0,1.0,13.0,27.733333333333334,5.0,406.0,798.6333333333333,1.0,5.0,24.75,1.0,10.0,59.833333333333336,2.0,65.0,431.18333333333334,0.0,0.0,0.0,0.0,0.0,0.0,1.0,55.0,92.58333333333333
111,18,517,1495.6833333333334,2.0,4.0,4.7,0.0,0.0,0.0,0.0,0.0,0.0,3.0,15.0,26.916666666666668,0.0,0.0,0.0,1.0,61.0,21.349999999999998,4.0,17.0,57.666666666666664,1.0,14.0,63.233333333333334,2.0,99.0,470.73333333333335,0.0,0.0,0.0,0.0,0.0,0.0,3.0,212.0,418.58333333333337,0.0,0.0,0.0,1.0,6.0,14.2,0.0,0.0,0.0,0.0,0.0,0.0,0.0,0.0,0.0,1.0,89.0,418.3
112,25,875,3096.883333333333,2.0,5.0,19.383333333333333,4.0,41.0,66.65,0.0,0.0,0.0,0.0,0.0,0.0,3.0,28.0,51.5,0.0,0.0,0.0,0.0,0.0,0.0,1.0,22.0,89.83333333333333,1.0,78.0,62.400000000000006,1.0,4.0,6.4,2.0,30.0,61.56666666666666,6.0,358.0,1465.1666666666665,0.0,0.0,0.0,1.0,16.0,63.46666666666667,3.0,277.0,1124.65,0.0,0.0,0.0,1.0,16.0,85.86666666666666,0.0,0.0,0.0
113,20,370,1396.9833333333333,2.0,9.0,27.533333333333335,2.0,33.0,39.6,0.0,0.0,0.0,3.0,3.0,5.05,2.0,15.0,73.35,0.0,0.0,0.0,1.0,7.0,23.45,0.0,0.0,0.0,1.0,76.0,319.2,0.0,0.0,0.0,4.0,58.0,224.41666666666669,1.0,41.0,153.75,1.0,3.0,13.649999999999999,1.0,22.0,52.43333333333333,0.0,0.0,0.0,1.0,6.0,13.5,0.0,0.0,0.0,1.0,97.0,451.05
114,20,804,2078.8,3.0,8.0,30.166666666666664,0.0,0.0,0.0,1.0,37.0,109.15,0.0,0.0,0.0,1.0,11.0,51.150000000000006,0.0,0.0,0.0,2.0,9.0,34.85,1.0,8.0,26.4,1.0,96.0,219.2,0.0,0.0,0.0,2.0,19.0,106.46666666666667,4.0,255.0,384.4666666666667,0.0,0.0,0.0,1.0,14.0,80.26666666666667,2.0,127.0,409.81666666666666,0.0,0.0,0.0,0.0,0.0,0.0,2.0,220.0,626.8666666666666
115,23,786,3317.8,1.0,6.0,39.900000000000006,0.0,0.0,0.0,0.0,0.0,0.0,3.0,14.0,51.23333333333334,3.0,33.0,144.0,2.0,83.0,270.95000000000005,2.0,7.0,15.416666666666666,0.0,0.0,0.0,0.0,0.0,0.0,0.0,0.0,0.0,1.0,12.0,58.199999999999996,4.0,265.0,866.4333333333334,0.0,0.0,0.0,0.0,0.0,0.0,2.0,133.0,595.35,1.0,5.0,32.5,1.0,14.0,50.63333333333333,3.0,214.0,1193.1833333333334
116,17,741,2116.4333333333334,2.0,13.0,35.7,0.0,0.0,0.0,0.0,0.0,0.0,1.0,5.0,4.166666666666667,1.0,19.0,24.383333333333336,1.0,77.0,288.75,1.0,6.0,27.800000000000004,0.0,0.0,0.0,0.0,0.0,0.0,0.0,0.0,0.0,2.0,33.0,46.38333333333333,4.0,298.0,845.7166666666667,0.0,0.0,0.0,1.0,23.0,144.51666666666665,2.0,153.0,504.7166666666667,0.0,0.0,0.0,0.0,0.0,0.0,2.0,114.0,194.29999999999998
117,23,580,2689.2833333333333,1.0,7.0,31.266666666666666,2.0,22.0,141.26666666666665,0.0,0.0,0.0,1.0,1.0,0.48333333333333334,3.0,25.0,89.26666666666667,0.0,0.0,0.0,3.0,8.0,34.833333333333336,1.0,10.0,45.5,0.0,0.0,0.0,1.0,4.0,24.733333333333334,3.0,42.0,85.06666666666666,3.0,233.0,1024.35,0.0,0.0,0.0,1.0,7.0,31.5,3.0,204.0,1160.9,0.0,0.0,0.0,1.0,17.0,20.116666666666667,0.0,0.0,0.0
118,28,644,2719.45,3.0,10.0,57.4,2.0,28.0,106.16666666666666,1.0,63.0,255.14999999999998,2.0,14.0,46.9,2.0,13.0,39.983333333333334,1.0,18.0,85.2,2.0,11.0,53.45,1.0,23.0,40.63333333333333,0.0,0.0,0.0,0.0,0.0,0.0,4.0,44.0,206.39999999999998,3.0,143.0,825.8166666666666,1.0,3.0,16.4,1.0,17.0,45.33333333333333,2.0,119.0,608.75,0.0,0.0,0.0,1.0,13.0,49.18333333333333,2.0,125.0,282.68333333333334
119,31,774,2805.8333333333335,3.0,16.0,41.483333333333334,1.0,8.0,5.866666666666666,2.0,114.0,421.5,3.0,15.0,23.93333333333333,1.0,11.0,43.08333333333333,0.0,0.0,0.0,8.0,39.0,135.71666666666667,1.0,8.0,43.6,0.0,0.0,0.0,0.0,0.0,0.0,3.0,40.0,157.93333333333334,2.0,180.0,922.5,1.0,7.0,28.699999999999996,2.0,29.0,67.03333333333333,2.0,118.0,116.63333333333333,0.0,0.0,0.0,0.0,0.0,0.0,2.0,189.0,797.85
120,26,759,2686.5166666666664,4.0,6.0,23.866666666666667,2.0,27.0,88.61666666666667,0.0,0.0,0.0,2.0,7.0,28.78333333333333,1.0,4.0,22.2,0.0,0.0,0.0,3.0,13.0,28.76666666666667,1.0,12.0,58.39999999999999,1.0,16.0,33.333333333333336,0.0,0.0,0.0,0.0,0.0,0.0,4.0,230.0,505.23333333333335,0.0,0.0,0.0,2.0,18.0,79.36666666666667,3.0,154.0,854.2833333333333,0.0,0.0,0.0,0.0,0.0,0.0,3.0,272.0,963.6666666666665
121,23,907,2511.6,2.0,12.0,54.39999999999999,3.0,49.0,180.8,0.0,0.0,0.0,2.0,9.0,11.1,2.0,27.0,51.266666666666666,1.0,47.0,79.89999999999999,0.0,0.0,0.0,0.0,0.0,0.0,1.0,127.0,376.7666666666667,0.0,0.0,0.0,0.0,0.0,0.0,6.0,435.0,896.7333333333333,0.0,0.0,0.0,0.0,0.0,0.0,2.0,107.0,423.68333333333334,0.0,0.0,0.0,3.0,66.0,320.2833333333333,1.0,28.0,116.66666666666667
122,24,815,3063.4166666666665,4.0,14.0,56.95,5.0,46.0,207.5,0.0,0.0,0.0,1.0,4.0,11.8,1.0,23.0,35.65,0.0,0.0,0.0,0.0,0.0,0.0,3.0,39.0,107.56666666666668,1.0,103.0,97.85,0.0,0.0,0.0,0.0,0.0,0.0,3.0,234.0,1002.8833333333333,1.0,4.0,23.266666666666666,1.0,16.0,68.8,2.0,199.0,1071.2833333333333,0.0,0.0,0.0,0.0,0.0,0.0,2.0,133.0,379.8666666666667
123,24,736,2246.7833333333333,1.0,2.0,13.133333333333333,2.0,42.0,168.33333333333334,0.0,0.0,0.0,2.0,8.0,38.08333333333333,1.0,15.0,81.0,0.0,0.0,0.0,2.0,5.0,13.433333333333334,2.0,21.0,51.85,0.0,0.0,0.0,0.0,0.0,0.0,4.0,55.0,196.96666666666667,3.0,259.0,799.7833333333333,1.0,6.0,20.2,2.0,33.0,150.06666666666666,3.0,248.0,606.1333333333333,0.0,0.0,0.0,0.0,0.0,0.0,1.0,42.0,107.80000000000001
124,21,899,3110.7833333333333,5.0,24.0,82.75,2.0,41.0,145.86666666666667,0.0,0.0,0.0,0.0,0.0,0.0,0.0,0.0,0.0,1.0,100.0,555.0,0.0,0.0,0.0,0.0,0.0,0.0,2.0,229.0,167.33333333333331,0.0,0.0,0.0,0.0,0.0,0.0,4.0,262.0,1063.85,0.0,0.0,0.0,1.0,5.0,17.583333333333332,1.0,72.0,165.6,1.0,3.0,16.3,2.0,26.0,63.6,2.0,137.0,832.9
125,14,441,1788.7333333333333,1.0,3.0,18.400000000000002,0.0,0.0,0.0,0.0,0.0,0.0,3.0,10.0,42.93333333333333,0.0,0.0,0.0,1.0,108.0,288.0,0.0,0.0,0.0,1.0,5.0,1.4166666666666665,1.0,23.0,75.13333333333333,0.0,0.0,0.0,1.0,5.0,4.833333333333333,2.0,75.0,212.43333333333334,0.0,0.0,0.0,1.0,19.0,15.516666666666666,0.0,0.0,0.0,1.0,5.0,27.833333333333332,0.0,0.0,0.0,2.0,188.0,1102.2333333333333
126,18,713,2399.1499999999996,2.0,8.0,29.53333333333333,2.0,20.0,29.666666666666664,1.0,18.0,73.5,1.0,7.0,39.199999999999996,1.0,15.0,78.25,1.0,115.0,111.16666666666667,0.0,0.0,0.0,1.0,9.0,33.75,0.0,0.0,0.0,0.0,0.0,0.0,2.0,37.0,202.91666666666669,5.0,355.0,1688.5333333333333,1.0,7.0,39.43333333333334,0.0,0.0,0.0,1.0,122.0,73.2,0.0,0.0,0.0,0.0,0.0,0.0,0.0,0.0,0.0
127,24,848,3426.483333333333,2.0,6.0,14.383333333333333,1.0,22.0,23.833333333333332,0.0,0.0,0.0,3.0,9.0,55.583333333333336,3.0,33.0,55.53333333333333,0.0,0.0,0.0,2.0,6.0,23.85,0.0,0.0,0.0,1.0,76.0,16.46666666666667,0.0,0.0,0.0,1.0,14.0,79.10000000000001,4.0,296.0,1407.7333333333333,0.0,0.0,0.0,1.0,14.0,13.766666666666666,1.0,110.0,636.1666666666666,0.0,0.0,0.0,1.0,23.0,51.75,4.0,239.0,1048.3166666666666
128,20,568,1956.65,6.0,22.0,99.65,2.0,14.0,28.866666666666667,0.0,0.0,0.0,2.0,9.0,30.31666666666667,0.0,0.0,0.0,0.0,0.0,0.0,2.0,12.0,41.31666666666666,1.0,14.0,57.166666666666664,1.0,39.0,181.35000000000002,0.0,0.0,0.0,0.0,0.0,0.0,3.0,274.0,986.0333333333333,0.0,0.0,0.0,0.0,0.0,0.0,2.0,131.0,440.9666666666667,0.0,0.0,0.0,0.0,0.0,0.0,1.0,53.0,90.98333333333333
129,16,499,1978.3833333333334,1.0,4.0,18.533333333333335,0.0,0.0,0.0,0.0,0.0,0.0,2.0,12.0,25.766666666666666,0.0,0.0,0.0,0.0,0.0,0.0,1.0,7.0,27.066666666666666,2.0,27.0,43.28333333333333,0.0,0.0,0.0,1.0,3.0,4.55,0.0,0.0,0.0,3.0,217.0,870.25,0.0,0.0,0.0,2.0,32.0,89.51666666666665,0.0,0.0,0.0,0.0,0.0,0.0,2.0,24.0,69.0,2.0,173.0,830.4166666666667
130,15,193,583.8166666666667,3.0,10.0,44.583333333333336,2.0,24.0,137.33333333333334,0.0,0.0,0.0,3.0,10.0,18.283333333333335,2.0,23.0,50.75,0.0,0.0,0.0,3.0,8.0,45.86666666666667,0.0,0.0,0.0,0.0,0.0,0.0,0.0,0.0,0.0,0.0,0.0,0.0,0.0,0.0,0.0,0.0,0.0,0.0,0.0,0.0,0.0,2.0,118.0,287.0,0.0,0.0,0.0,0.0,0.0,0.0,0.0,0.0,0.0
131,28,678,2267.4333333333334,5.0,23.0,49.45,0.0,0.0,0.0,0.0,0.0,0.0,3.0,17.0,81.3,1.0,10.0,32.333333333333336,0.0,0.0,0.0,4.0,11.0,30.6,1.0,6.0,27.800000000000004,0.0,0.0,0.0,0.0,0.0,0.0,3.0,47.0,177.95,2.0,154.0,416.23333333333335,0.0,0.0,0.0,2.0,26.0,58.86666666666667,1.0,38.0,186.20000000000002,1.0,2.0,4.466666666666667,1.0,19.0,103.86666666666667,4.0,325.0,1098.3666666666668
132,19,605,1725.4333333333334,1.0,1.0,0.9833333333333333,1.0,13.0,36.833333333333336,0.0,0.0,0.0,1.0,3.0,0.8999999999999999,0.0,0.0,0.0,1.0,100.0,248.33333333333334,3.0,13.0,51.3,2.0,38.0,62.166666666666664,0.0,0.0,0.0,0.0,0.0,0.0,1.0,12.0,78.8,2.0,148.0,272.96666666666664,0.0,0.0,0.0,1.0,14.0,45.266666666666666,1.0,19.0,7.283333333333334,1.0,3.0,6.200000000000001,2.0,39.0,178.11666666666667,2.0,202.0,736.2833333333334
133,22,944,4316.75,0.0,0.0,0.0,0.0,0.0,0.0,0.0,0.0,0.0,1.0,1.0,4.283333333333333,4.0,45.0,122.01666666666665,1.0,103.0,684.95,1.0,7.0,36.4,1.0,5.0,33.08333333333333,0.0,0.0,0.0,0.0,0.0,0.0,2.0,27.0,150.64999999999998,6.0,412.0,1724.8833333333332,0.0,0.0,0.0,0.0,0.0,0.0,2.0,127.0,422.96666666666664,1.0,1.0,0.95,1.0,13.0,81.25,2.0,203.0,1055.3166666666666
134,18,473,1606.4666666666667,3.0,12.0,32.86666666666667,0.0,0.0,0.0,0.0,0.0,0.0,2.0,11.0,24.866666666666667,0.0,0.0,0.0,1.0,51.0,333.2,0.0,0.0,0.0,0.0,0.0,0.0,2.0,82.0,356.21666666666664,0.0,0.0,0.0,1.0,20.0,20.333333333333332,2.0,114.0,430.01666666666665,0.0,0.0,0.0,3.0,62.0,124.46666666666667,0.0,0.0,0.0,0.0,0.0,0.0,2.0,26.0,65.73333333333333,2.0,95.0,218.76666666666665
135,16,618,2472.95,2.0,11.0,34.4,0.0,0.0,0.0,0.0,0.0,0.0,0.0,0.0,0.0,1.0,17.0,95.19999999999999,0.0,0.0,0.0,3.0,11.0,45.45,1.0,14.0,9.333333333333332,0.0,0.0,0.0,1.0,3.0,18.6,1.0,12.0,58.39999999999999,3.0,196.0,674.0,0.0,0.0,0.0,0.0,0.0,0.0,2.0,235.0,1335.9500000000003,0.0,0.0,0.0,0.0,0.0,0.0,2.0,119.0,201.61666666666667
136,20,400,1496.0166666666667,2.0,8.0,14.666666666666668,1.0,9.0,46.5,1.0,52.0,237.46666666666664,0.0,0.0,0.0,3.0,40.0,72.73333333333333,1.0,79.0,433.18333333333334,0.0,0.0,0.0,1.0,9.0,55.650000000000006,0.0,0.0,0.0,0.0,0.0,0.0,3.0,45.0,66.98333333333333,1.0,119.0,489.88333333333327,1.0,1.0,0.85,2.0,17.0,40.13333333333333,0.0,0.0,0.0,3.0,16.0,29.049999999999997,1.0,5.0,8.916666666666668,0.0,0.0,0.0
137,26,548,1953.7,2.0,9.0,25.75,2.0,38.0,196.13333333333333,0.0,0.0,0.0,6.0,29.0,47.78333333333333,0.0,0.0,0.0,1.0,54.0,258.3,2.0,5.0,12.616666666666665,0.0,0.0,0.0,0.0,0.0,0.0,1.0,7.0,28.116666666666667,3.0,43.0,104.25,3.0,212.0,746.1833333333334,0.0,0.0,0.0,1.0,23.0,84.33333333333333,2.0,99.0,325.1166666666667,0.0,0.0,0.0,3.0,29.0,125.11666666666667,0.0,0.0,0.0
138,23,657,2249.25,3.0,10.0,32.16666666666667,5.0,76.0,318.8666666666667,0.0,0.0,0.0,1.0,1.0,5.866666666666666,1.0,12.0,37.6,1.0,52.0,34.666666666666664,1.0,7.0,30.449999999999996,0.0,0.0,0.0,0.0,0.0,0.0,0.0,0.0,0.0,2.0,17.0,47.01666666666666,4.0,306.0,1082.0666666666666,0.0,0.0,0.0,2.0,28.0,126.86666666666667,2.0,142.0,510.18333333333334,0.0,0.0,0.0,1.0,6.0,23.5,0.0,0.0,0.0
139,18,529,1777.3166666666666,1.0,6.0,33.900000000000006,3.0,47.0,169.0,0.0,0.0,0.0,3.0,12.0,37.93333333333334,1.0,7.0,32.43333333333334,0.0,0.0,0.0,2.0,6.0,6.949999999999999,0.0,0.0,0.0,0.0,0.0,0.0,0.0,0.0,0.0,1.0,18.0,116.10000000000001,2.0,132.0,572.6,0.0,0.0,0.0,0.0,0.0,0.0,4.0,176.0,268.81666666666666,0.0,0.0,0.0,0.0,0.0,0.0,1.0,125.0,539.5833333333333
140,18,651,2516.4166666666665,1.0,7.0,42.58333333333333,3.0,35.0,99.66666666666666,1.0,93.0,69.75,1.0,1.0,6.133333333333334,2.0,25.0,131.9,2.0,139.0,792.9333333333333,0.0,0.0,0.0,1.0,22.0,50.233333333333334,1.0,41.0,241.9,0.0,0.0,0.0,0.0,0.0,0.0,0.0,0.0,0.0,0.0,0.0,0.0,0.0,0.0,0.0,1.0,44.0,111.46666666666667,1.0,3.0,11.95,2.0,27.0,36.833333333333336,2.0,214.0,921.0666666666666
141,21,656,2051.9,0.0,0.0,0.0,2.0,9.0,38.8,1.0,52.0,15.6,2.0,10.0,27.26666666666667,3.0,57.0,90.2,0.0,0.0,0.0,1.0,4.0,14.066666666666666,1.0,14.0,59.733333333333334,0.0,0.0,0.0,2.0,8.0,9.45,0.0,0.0,0.0,4.0,321.0,997.1333333333333,0.0,0.0,0.0,0.0,0.0,0.0,3.0,151.0,686.6166666666667,0.0,0.0,0.0,2.0,30.0,113.03333333333335,0.0,0.0,0.0
142,21,466,1726.6666666666667,1.0,7.0,25.083333333333336,0.0,0.0,0.0,1.0,27.0,67.5,2.0,13.0,8.966666666666667,1.0,10.0,26.666666666666664,3.0,147.0,333.26666666666665,4.0,15.0,52.38333333333333,0.0,0.0,0.0,0.0,0.0,0.0,0.0,0.0,0.0,3.0,37.0,180.6,1.0,33.0,165.0,1.0,5.0,33.16666666666667,2.0,25.0,139.96666666666667,1.0,110.0,643.5,0.0,0.0,0.0,0.0,0.0,0.0,1.0,37.0,50.56666666666667
143,17,378,1263.3333333333333,3.0,8.0,20.083333333333332,0.0,0.0,0.0,0.0,0.0,0.0,2.0,12.0,56.38333333333333,1.0,14.0,24.03333333333333,0.0,0.0,0.0,2.0,9.0,35.349999999999994,3.0,44.0,213.39999999999998,0.0,0.0,0.0,0.0,0.0,0.0,0.0,0.0,0.0,0.0,0.0,0.0,0.0,0.0,0.0,2.0,40.0,182.8,1.0,115.0,553.9166666666666,0.0,0.0,0.0,0.0,0.0,0.0,3.0,136.0,177.36666666666667
144,21,859,2628.9,5.0,15.0,55.650000000000006,3.0,33.0,131.48333333333335,0.0,0.0,0.0,2.0,4.0,18.566666666666666,1.0,10.0,5.5,0.0,0.0,0.0,0.0,0.0,0.0,0.0,0.0,0.0,0.0,0.0,0.0,1.0,1.0,1.9166666666666667,0.0,0.0,0.0,3.0,302.0,800.6999999999999,0.0,0.0,0.0,0.0,0.0,0.0,2.0,140.0,369.0833333333333,0.0,0.0,0.0,0.0,0.0,0.0,4.0,354.0,1246.0
145,15,476,1072.0666666666666,1.0,2.0,9.166666666666666,2.0,33.0,106.21666666666667,0.0,0.0,0.0,1.0,4.0,8.533333333333333,2.0,33.0,35.083333333333336,1.0,66.0,38.5,0.0,0.0,0.0,4.0,56.0,232.78333333333333,0.0,0.0,0.0,0.0,0.0,0.0,0.0,0.0,0.0,1.0,95.0,342.0,0.0,0.0,0.0,1.0,16.0,26.933333333333334,2.0,171.0,272.85,0.0,0.0,0.0,0.0,0.0,0.0,0.0,0.0,0.0
146,23,594,2219.65,3.0,14.0,51.96666666666667,3.0,43.0,100.33333333333334,0.0,0.0,0.0,2.0,3.0,10.766666666666666,3.0,26.0,113.56666666666666,0.0,0.0,0.0,1.0,3.0,3.05,0.0,0.0,0.0,0.0,0.0,0.0,1.0,6.0,5.4,1.0,20.0,126.0,2.0,113.0,325.54999999999995,0.0,0.0,0.0,1.0,16.0,92.26666666666667,3.0,229.0,972.9,1.0,3.0,19.900000000000002,1.0,9.0,21.9,1.0,109.0,376.05
147,21,950,3416.0166666666664,3.0,18.0,44.35,0.0,0.0,0.0,0.0,0.0,0.0,1.0,1.0,5.716666666666667,0.0,0.0,0.0,1.0,112.0,630.9333333333334,2.0,9.0,18.583333333333336,2.0,37.0,60.45,0.0,0.0,0.0,0.0,0.0,0.0,1.0,20.0,126.33333333333333,3.0,230.0,846.4666666666667,0.0,0.0,0.0,2.0,40.0,203.65,1.0,108.0,108.0,0.0,0.0,0.0,0.0,0.0,0.0,5.0,375.0,1371.5333333333333
148,19,806,2608.0499999999997,0.0,0.0,0.0,1.0,20.0,13.333333333333332,2.0,161.0,444.43333333333334,2.0,10.0,42.5,1.0,10.0,24.833333333333336,2.0,118.0,482.06666666666666,1.0,3.0,2.5,1.0,20.0,43.0,1.0,50.0,139.16666666666666,0.0,0.0,0.0,1.0,4.0,13.2,3.0,207.0,535.0833333333333,0.0,0.0,0.0,2.0,35.0,91.76666666666665,0.0,0.0,0.0,0.0,0.0,0.0,0.0,0.0,0.0,2.0,168.0,776.1666666666666
149,26,562,1975.8666666666666,3.0,17.0,28.416666666666664,2.0,10.0,11.900000000000002,0.0,0.0,0.0,5.0,21.0,59.0,3.0,37.0,35.41666666666667,0.0,0.0,0.0,4.0,16.0,72.64999999999999,1.0,20.0,105.66666666666666,1.0,19.0,79.48333333333333,0.0,0.0,0.0,1.0,15.0,19.75,3.0,223.0,990.9666666666666,0.0,0.0,0.0,0.0,0.0,0.0,1.0,53.0,53.0,1.0,5.0,0.9166666666666666,0.0,0.0,0.0,1.0,126.0,518.6999999999999
150,22,680,2747.0,1.0,7.0,24.383333333333333,2.0,11.0,21.083333333333336,2.0,193.0,1033.8833333333332,1.0,2.0,8.433333333333334,1.0,21.0,43.400000000000006,1.0,64.0,402.1333333333333,2.0,7.0,21.599999999999998,2.0,23.0,19.983333333333334,1.0,54.0,97.2,0.0,0.0,0.0,2.0,27.0,91.93333333333334,2.0,127.0,654.8333333333334,0.0,0.0,0.0,1.0,15.0,65.75,1.0,58.0,32.86666666666667,0.0,0.0,0.0,2.0,42.0,116.9,1.0,29.0,112.61666666666666
151,28,705,2840.6833333333334,1.0,6.0,21.0,1.0,23.0,128.03333333333333,0.0,0.0,0.0,4.0,25.0,108.26666666666667,4.0,51.0,104.9,1.0,92.0,515.1999999999999,1.0,6.0,38.8,5.0,93.0,320.45,0.0,0.0,0.0,0.0,0.0,0.0,2.0,35.0,55.583333333333336,3.0,87.0,303.8333333333333,0.0,0.0,0.0,2.0,23.0,75.65,2.0,158.0,894.1666666666667,0.0,0.0,0.0,1.0,6.0,4.800000000000001,1.0,100.0,270.0
152,26,986,3558.25,4.0,19.0,99.16666666666667,2.0,39.0,93.08333333333333,0.0,0.0,0.0,1.0,4.0,10.266666666666667,2.0,21.0,125.3,1.0,47.0,179.38333333333335,0.0,0.0,0.0,2.0,26.0,144.86666666666667,0.0,0.0,0.0,1.0,7.0,30.566666666666663,2.0,38.0,184.06666666666666,3.0,207.0,974.6166666666667,0.0,0.0,0.0,1.0,12.0,18.0,4.0,455.0,1287.75,0.0,0.0,0.0,1.0,17.0,26.35,2.0,94.0,384.83333333333337
153,26,710,2231.633333333333,6.0,34.0,128.45,3.0,31.0,28.233333333333334,0.0,0.0,0.0,3.0,12.0,45.7,2.0,19.0,46.766666666666666,1.0,122.0,439.2,0.0,0.0,0.0,3.0,28.0,137.26666666666668,1.0,126.0,277.20000000000005,0.0,0.0,0.0,3.0,28.0,53.16666666666666,3.0,305.0,1060.5666666666666,0.0,0.0,0.0,0.0,0.0,0.0,0.0,0.0,0.0,1.0,5.0,15.083333333333332,0.0,0.0,0.0,0.0,0.0,0.0
154,25,709,2329.4,5.0,17.0,51.25,0.0,0.0,0.0,1.0,76.0,307.8,3.0,15.0,59.68333333333333,0.0,0.0,0.0,1.0,101.0,90.9,3.0,7.0,12.216666666666667,0.0,0.0,0.0,0.0,0.0,0.0,0.0,0.0,0.0,3.0,44.0,213.86666666666667,2.0,129.0,294.4,1.0,5.0,15.5,1.0,21.0,66.85,2.0,159.0,477.41666666666663,0.0,0.0,0.0,2.0,32.0,64.86666666666666,1.0,103.0,674.65
155,11,275,1052.55,1.0,4.0,10.8,0.0,0.0,0.0,0.0,0.0,0.0,1.0,3.0,8.25,1.0,8.0,4.933333333333334,0.0,0.0,0.0,2.0,8.0,24.666666666666664,0.0,0.0,0.0,0.0,0.0,0.0,0.0,0.0,0.0,1.0,18.0,64.2,0.0,0.0,0.0,1.0,4.0,9.2,0.0,0.0,0.0,2.0,70.0,263.5,0.0,0.0,0.0,0.0,0.0,0.0,2.0,160.0,667.0
156,18,541,2063.65,0.0,0.0,0.0,1.0,10.0,30.333333333333332,0.0,0.0,0.0,4.0,19.0,78.06666666666666,0.0,0.0,0.0,0.0,0.0,0.0,1.0,4.0,1.6666666666666667,2.0,38.0,159.8,0.0,0.0,0.0,1.0,6.0,35.400000000000006,2.0,16.0,52.766666666666666,0.0,0.0,0.0,0.0,0.0,0.0,0.0,0.0,0.0,2.0,107.0,261.1333333333333,0.0,0.0,0.0,1.0,7.0,5.366666666666667,4.0,334.0,1439.1166666666668
157,15,552,1843.1166666666666,0.0,0.0,0.0,4.0,78.0,386.5833333333333,1.0,84.0,540.4,2.0,5.0,9.383333333333333,1.0,20.0,43.666666666666664,1.0,55.0,61.41666666666667,1.0,5.0,33.25,1.0,22.0,142.26666666666668,1.0,72.0,204.0,0.0,0.0,0.0,0.0,0.0,0.0,1.0,93.0,354.95000000000005,0.0,0.0,0.0,0.0,0.0,0.0,1.0,107.0,35.666666666666664,0.0,0.0,0.0,1.0,11.0,31.533333333333335,0.0,0.0,0.0
158,16,731,2369.05,1.0,2.0,5.133333333333334,0.0,0.0,0.0,0.0,0.0,0.0,0.0,0.0,0.0,2.0,23.0,51.28333333333334,0.0,0.0,0.0,2.0,11.0,48.300000000000004,0.0,0.0,0.0,0.0,0.0,0.0,0.0,0.0,0.0,2.0,37.0,105.13333333333333,2.0,166.0,587.6666666666666,0.0,0.0,0.0,0.0,0.0,0.0,3.0,277.0,632.8499999999999,0.0,0.0,0.0,2.0,36.0,71.5,2.0,179.0,867.1833333333334
159,22,542,1752.95,2.0,6.0,24.816666666666663,2.0,27.0,112.24999999999999,0.0,0.0,0.0,1.0,2.0,7.066666666666666,2.0,24.0,31.96666666666667,0.0,0.0,0.0,1.0,7.0,30.566666666666663,2.0,39.0,116.43333333333334,1.0,69.0,141.45,0.0,0.0,0.0,3.0,35.0,122.48333333333333,1.0,71.0,434.2833333333333,0.0,0.0,0.0,1.0,23.0,107.33333333333334,2.0,125.0,391.40000000000003,1.0,4.0,8.666666666666666,2.0,23.0,57.483333333333334,1.0,87.0,166.75
160,14,432,1399.1333333333332,2.0,7.0,37.85,1.0,10.0,30.666666666666668,0.0,0.0,0.0,1.0,3.0,4.5,0.0,0.0,0.0,0.0,0.0,0.0,0.0,0.0,0.0,2.0,34.0,96.45,1.0,106.0,199.63333333333333,0.0,0.0,0.0,1.0,14.0,20.3,1.0,67.0,168.61666666666667,0.0,0.0,0.0,0.0,0.0,0.0,2.0,151.0,733.8333333333333,0.0,0.0,0.0,3.0,40.0,107.28333333333333,0.0,0.0,0.0
161,27,898,3575.65,4.0,21.0,89.65,2.0,31.0,91.9,0.0,0.0,0.0,1.0,6.0,1.5,2.0,21.0,79.18333333333334,0.0,0.0,0.0,2.0,9.0,30.75,0.0,0.0,0.0,0.0,0.0,0.0,0.0,0.0,0.0,3.0,30.0,47.06666666666667,8.0,595.0,2387.95,1.0,1.0,2.0833333333333335,0.0,0.0,0.0,1.0,18.0,81.0,0.0,0.0,0.0,1.0,16.0,57.6,2.0,150.0,706.9666666666667
162,20,353,1397.65,2.0,9.0,45.66666666666667,1.0,21.0,92.4,0.0,0.0,0.0,5.0,21.0,114.85,2.0,34.0,129.39999999999998,0.0,0.0,0.0,1.0,6.0,17.700000000000003,0.0,0.0,0.0,0.0,0.0,0.0,0.0,0.0,0.0,2.0,24.0,95.66666666666666,2.0,118.0,584.1,0.0,0.0,0.0,0.0,0.0,0.0,1.0,63.0,161.70000000000002,1.0,5.0,18.833333333333332,2.0,28.0,82.13333333333333,1.0,24.0,55.199999999999996
163,20,688,3014.4666666666667,1.0,5.0,24.083333333333332,2.0,32.0,59.733333333333334,1.0,91.0,333.66666666666663,1.0,1.0,5.366666666666666,2.0,24.0,108.19999999999999,0.0,0.0,0.0,1.0,5.0,25.75,1.0,11.0,53.900000000000006,0.0,0.0,0.0,1.0,6.0,11.5,0.0,0.0,0.0,3.0,326.0,1631.5500000000002,0.0,0.0,0.0,0.0,0.0,0.0,1.0,44.0,118.06666666666666,2.0,9.0,25.6,1.0,22.0,39.96666666666667,3.0,112.0,577.0833333333333
164,24,484,1551.7,5.0,26.0,76.14999999999999,3.0,43.0,47.166666666666664,1.0,36.0,47.4,2.0,4.0,19.01666666666667,1.0,12.0,15.2,1.0,125.0,485.4166666666667,2.0,10.0,18.333333333333336,1.0,7.0,44.33333333333333,0.0,0.0,0.0,0.0,0.0,0.0,1.0,13.0,12.133333333333333,0.0,0.0,0.0,0.0,0.0,0.0,1.0,13.0,37.699999999999996,4.0,157.0,585.35,0.0,0.0,0.0,2.0,38.0,163.5,0.0,0.0,0.0
165,20,646,2737.133333333333,3.0,14.0,41.16666666666667,4.0,74.0,230.75,0.0,0.0,0.0,2.0,3.0,4.383333333333333,2.0,27.0,53.56666666666666,2.0,128.0,501.59999999999997,1.0,7.0,43.16666666666667,0.0,0.0,0.0,1.0,86.0,156.23333333333332,0.0,0.0,0.0,0.0,0.0,0.0,0.0,0.0,0.0,0.0,0.0,0.0,2.0,29.0,131.3,1.0,116.0,734.6666666666666,0.0,0.0,0.0,0.0,0.0,0.0,2.0,162.0,840.3
166,23,804,2956.0,3.0,14.0,28.333333333333332,2.0,42.0,190.3,1.0,56.0,96.13333333333333,3.0,17.0,50.74999999999999,2.0,44.0,186.63333333333333,0.0,0.0,0.0,1.0,3.0,14.15,0.0,0.0,0.0,0.0,0.0,0.0,0.0,0.0,0.0,1.0,10.0,66.33333333333334,1.0,30.0,139.0,0.0,0.0,0.0,1.0,4.0,3.0,4.0,391.0,1632.9,0.0,0.0,0.0,1.0,7.0,28.0,3.0,186.0,520.4666666666667
167,19,283,1297.6833333333334,2.0,8.0,36.266666666666666,3.0,48.0,247.9,0.0,0.0,0.0,2.0,7.0,21.183333333333334,2.0,34.0,121.45,0.0,0.0,0.0,1.0,2.0,1.2,1.0,13.0,5.416666666666667,0.0,0.0,0.0,0.0,0.0,0.0,2.0,15.0,58.75,1.0,46.0,242.26666666666665,0.0,0.0,0.0,1.0,4.0,5.133333333333334,2.0,91.0,537.1333333333333,1.0,4.0,2.466666666666667,1.0,11.0,18.516666666666666,0.0,0.0,0.0
168,21,834,3012.1666666666665,2.0,13.0,40.3,1.0,7.0,41.766666666666666,1.0,107.0,226.48333333333335,2.0,10.0,46.6,1.0,8.0,34.4,0.0,0.0,0.0,1.0,2.0,4.166666666666667,1.0,8.0,43.2,0.0,0.0,0.0,0.0,0.0,0.0,1.0,23.0,60.56666666666666,3.0,183.0,652.3833333333333,0.0,0.0,0.0,0.0,0.0,0.0,3.0,223.0,843.9166666666667,0.0,0.0,0.0,2.0,40.0,104.41666666666667,3.0,210.0,913.9666666666667
169,12,438,1371.0333333333333,1.0,6.0,22.099999999999998,1.0,9.0,41.55,0.0,0.0,0.0,0.0,0.0,0.0,0.0,0.0,0.0,0.0,0.0,0.0,0.0,0.0,0.0,1.0,21.0,78.4,0.0,0.0,0.0,0.0,0.0,0.0,2.0,43.0,117.63333333333334,2.0,86.0,296.1,0.0,0.0,0.0,0.0,0.0,0.0,0.0,0.0,0.0,0.0,0.0,0.0,1.0,4.0,6.8,4.0,269.0,808.45
170,23,1080,3668.166666666667,2.0,12.0,54.23333333333333,1.0,7.0,2.1,1.0,122.0,400.56666666666666,2.0,8.0,29.73333333333333,1.0,21.0,11.9,2.0,162.0,454.8666666666667,0.0,0.0,0.0,1.0,7.0,35.233333333333334,1.0,78.0,369.2,1.0,3.0,17.650000000000002,1.0,6.0,37.6,4.0,408.0,1079.5,0.0,0.0,0.0,2.0,33.0,75.88333333333334,1.0,57.0,218.5,0.0,0.0,0.0,2.0,32.0,62.8,1.0,124.0,818.4
171,22,793,2116.5166666666664,2.0,5.0,29.116666666666667,1.0,23.0,85.48333333333333,0.0,0.0,0.0,3.0,12.0,32.583333333333336,1.0,20.0,23.0,0.0,0.0,0.0,2.0,10.0,30.416666666666664,2.0,23.0,29.3,0.0,0.0,0.0,0.0,0.0,0.0,1.0,20.0,14.333333333333334,4.0,213.0,473.98333333333335,0.0,0.0,0.0,0.0,0.0,0.0,2.0,88.0,250.8,0.0,0.0,0.0,0.0,0.0,0.0,4.0,379.0,1147.5
172,18,484,1735.2666666666667,3.0,8.0,37.43333333333334,0.0,0.0,0.0,0.0,0.0,0.0,2.0,11.0,29.383333333333336,0.0,0.0,0.0,1.0,124.0,343.06666666666666,2.0,6.0,28.15,0.0,0.0,0.0,1.0,36.0,69.6,0.0,0.0,0.0,2.0,38.0,168.60000000000002,1.0,117.0,565.5,1.0,3.0,6.300000000000001,3.0,38.0,139.33333333333331,0.0,0.0,0.0,0.0,0.0,0.0,1.0,16.0,14.4,1.0,87.0,333.5
173,17,773,2653.6833333333334,0.0,0.0,0.0,0.0,0.0,0.0,1.0,95.0,392.6666666666667,0.0,0.0,0.0,1.0,15.0,83.5,2.0,107.0,587.75,0.0,0.0,0.0,0.0,0.0,0.0,2.0,101.0,542.9833333333332,1.0,2.0,0.8333333333333334,1.0,10.0,21.0,2.0,110.0,252.1,0.0,0.0,0.0,1.0,14.0,64.63333333333333,1.0,20.0,95.0,0.0,0.0,0.0,0.0,0.0,0.0,5.0,299.0,613.2166666666667
174,19,560,1688.1,3.0,5.0,23.633333333333333,1.0,6.0,18.2,0.0,0.0,0.0,4.0,20.0,70.86666666666667,1.0,4.0,15.666666666666666,0.0,0.0,0.0,0.0,0.0,0.0,0.0,0.0,0.0,1.0,90.0,561.0,0.0,0.0,0.0,0.0,0.0,0.0,2.0,131.0,145.01666666666665,0.0,0.0,0.0,3.0,43.0,76.65,3.0,255.0,744.3666666666667,0.0,0.0,0.0,1.0,6.0,32.7,0.0,0.0,0.0
175,20,724,2584.35,0.0,0.0,0.0,1.0,17.0,79.33333333333334,2.0,230.0,534.4166666666667,4.0,17.0,36.7,1.0,8.0,24.666666666666668,0.0,0.0,0.0,0.0,0.0,0.0,0.0,0.0,0.0,0.0,0.0,0.0,1.0,1.0,5.166666666666667,1.0,7.0,19.71666666666667,2.0,67.0,224.41666666666666,0.0,0.0,0.0,2.0,21.0,25.933333333333334,2.0,96.0,438.9,0.0,0.0,0.0,2.0,29.0,93.96666666666667,2.0,231.0,1101.1333333333332
176,14,363,845.3833333333333,2.0,13.0,22.333333333333336,0.0,0.0,0.0,0.0,0.0,0.0,1.0,6.0,39.900000000000006,2.0,21.0,30.56666666666667,0.0,0.0,0.0,1.0,1.0,5.8,1.0,17.0,35.983333333333334,0.0,0.0,0.0,0.0,0.0,0.0,2.0,25.0,66.83333333333333,0.0,0.0,0.0,0.0,0.0,0.0,0.0,0.0,0.0,3.0,148.0,564.5,1.0,5.0,28.666666666666668,0.0,0.0,0.0,1.0,127.0,50.800000000000004
177,25,474,1914.1666666666667,3.0,16.0,53.650000000000006,1.0,13.0,54.38333333333334,1.0,79.0,294.93333333333334,3.0,12.0,38.96666666666666,1.0,4.0,5.8,0.0,0.0,0.0,3.0,8.0,34.13333333333333,4.0,43.0,117.8,0.0,0.0,0.0,0.0,0.0,0.0,2.0,25.0,143.43333333333334,0.0,0.0,0.0,0.0,0.0,0.0,2.0,23.0,27.916666666666668,2.0,136.0,771.8666666666668,0.0,0.0,0.0,1.0,9.0,19.349999999999998,2.0,106.0,351.93333333333334
178,12,458,1980.9166666666665,1.0,1.0,5.466666666666667,1.0,16.0,70.13333333333334,0.0,0.0,0.0,0.0,0.0,0.0,1.0,10.0,30.666666666666668,1.0,23.0,15.716666666666667,2.0,5.0,18.400000000000002,0.0,0.0,0.0,0.0,0.0,0.0,0.0,0.0,0.0,0.0,0.0,0.0,2.0,158.0,942.5333333333333,0.0,0.0,0.0,0.0,0.0,0.0,1.0,105.0,337.75,0.0,0.0,0.0,1.0,11.0,67.65,2.0,129.0,492.59999999999997
179,31,600,1999.9,2.0,8.0,42.10000000000001,6.0,97.0,234.88333333333333,0.0,0.0,0.0,4.0,14.0,48.166666666666664,1.0,20.0,43.0,1.0,58.0,153.7,5.0,18.0,59.31666666666666,2.0,39.0,121.56666666666666,1.0,29.0,192.85000000000002,0.0,0.0,0.0,1.0,11.0,15.216666666666667,0.0,0.0,0.0,0.0,0.0,0.0,3.0,30.0,94.11666666666667,1.0,123.0,182.45000000000002,0.0,0.0,0.0,0.0,0.0,0.0,4.0,153.0,812.5333333333333
180,20,617,2655.0666666666666,2.0,12.0,47.650000000000006,1.0,21.0,134.75,0.0,0.0,0.0,2.0,5.0,13.866666666666667,2.0,27.0,137.7,0.0,0.0,0.0,2.0,9.0,9.45,1.0,19.0,39.26666666666667,0.0,0.0,0.0,0.0,0.0,0.0,0.0,0.0,0.0,4.0,363.0,1563.6166666666668,2.0,11.0,22.616666666666667,3.0,48.0,165.95,1.0,102.0,520.1999999999999,0.0,0.0,0.0,0.0,0.0,0.0,0.0,0.0,0.0
181,25,580,1852.0,3.0,12.0,45.85,4.0,65.0,282.95,0.0,0.0,0.0,2.0,4.0,5.633333333333333,2.0,19.0,91.80000000000001,0.0,0.0,0.0,2.0,5.0,26.9,1.0,19.0,87.39999999999999,0.0,0.0,0.0,0.0,0.0,0.0,3.0,34.0,146.03333333333333,3.0,228.0,709.3333333333334,0.0,0.0,0.0,2.0,19.0,40.71666666666667,1.0,89.0,102.35,0.0,0.0,0.0,1.0,18.0,70.5,1.0,68.0,242.53333333333336
182,20,697,3034.8166666666666,3.0,16.0,78.23333333333333,0.0,0.0,0.0,0.0,0.0,0.0,4.0,18.0,39.5,1.0,17.0,58.08333333333333,0.0,0.0,0.0,1.0,4.0,24.8,1.0,5.0,13.75,0.0,0.0,0.0,0.0,0.0,0.0,2.0,26.0,108.06666666666668,5.0,389.0,2027.2166666666667,0.0,0.0,0.0,0.0,0.0,0.0,1.0,85.0,281.9166666666667,0.0,0.0,0.0,1.0,17.0,55.25,1.0,120.0,348.0
183,29,822,2672.1833333333334,2.0,8.0,16.866666666666667,2.0,26.0,161.13333333333335,1.0,35.0,130.66666666666666,2.0,12.0,30.599999999999998,1.0,12.0,34.0,1.0,92.0,62.86666666666667,3.0,12.0,29.3,3.0,42.0,178.5,1.0,45.0,250.5,0.0,0.0,0.0,1.0,7.0,29.516666666666666,4.0,225.0,693.9833333333333,1.0,1.0,3.283333333333333,1.0,15.0,34.75,3.0,167.0,649.1833333333333,0.0,0.0,0.0,1.0,11.0,70.95,2.0,112.0,296.0833333333333
184,25,927,3396.233333333333,4.0,19.0,68.76666666666667,0.0,0.0,0.0,2.0,106.0,230.03333333333333,5.0,28.0,69.01666666666667,2.0,16.0,33.63333333333333,0.0,0.0,0.0,0.0,0.0,0.0,1.0,20.0,131.33333333333331,0.0,0.0,0.0,0.0,0.0,0.0,0.0,0.0,0.0,4.0,296.0,1344.4666666666667,0.0,0.0,0.0,1.0,19.0,38.63333333333333,3.0,250.0,1153.4333333333334,0.0,0.0,0.0,1.0,20.0,92.66666666666667,2.0,153.0,234.25
185,22,570,1948.0,3.0,15.0,40.833333333333336,2.0,36.0,109.48333333333333,0.0,0.0,0.0,1.0,5.0,11.666666666666668,0.0,0.0,0.0,1.0,21.0,70.0,4.0,19.0,60.233333333333334,1.0,15.0,86.0,1.0,47.0,186.43333333333334,1.0,1.0,4.3,0.0,0.0,0.0,3.0,155.0,589.5833333333334,1.0,2.0,7.033333333333333,0.0,0.0,0.0,2.0,148.0,563.7333333333333,0.0,0.0,0.0,1.0,19.0,69.35,1.0,87.0,149.35
186,19,328,1163.3666666666666,1.0,6.0,4.0,2.0,20.0,29.333333333333332,0.0,0.0,0.0,2.0,6.0,28.433333333333337,3.0,52.0,117.18333333333334,0.0,0.0,0.0,1.0,2.0,4.466666666666667,3.0,35.0,180.64999999999998,2.0,110.0,510.96666666666664,0.0,0.0,0.0,2.0,41.0,50.53333333333333,0.0,0.0,0.0,0.0,0.0,0.0,0.0,0.0,0.0,1.0,38.0,122.86666666666667,0.0,0.0,0.0,2.0,18.0,114.93333333333334,0.0,0.0,0.0
187,18,577,2074.333333333333,1.0,3.0,7.050000000000001,0.0,0.0,0.0,0.0,0.0,0.0,2.0,6.0,31.133333333333333,3.0,47.0,207.15,0.0,0.0,0.0,2.0,5.0,7.916666666666667,1.0,4.0,7.866666666666666,0.0,0.0,0.0,0.0,0.0,0.0,0.0,0.0,0.0,4.0,291.0,1191.1166666666666,0.0,0.0,0.0,2.0,28.0,75.13333333333333,0.0,0.0,0.0,0.0,0.0,0.0,0.0,0.0,0.0,3.0,193.0,546.9666666666667
188,24,734,2694.9500000000003,0.0,0.0,0.0,3.0,47.0,259.7,0.0,0.0,0.0,4.0,14.0,78.56666666666666,1.0,14.0,4.2,0.0,0.0,0.0,2.0,10.0,38.36666666666666,2.0,26.0,105.66666666666667,1.0,121.0,108.9,0.0,0.0,0.0,1.0,5.0,15.083333333333332,3.0,241.0,839.4666666666667,1.0,5.0,19.333333333333332,1.0,8.0,14.8,1.0,28.0,181.53333333333333,0.0,0.0,0.0,1.0,23.0,105.8,3.0,192.0,923.5333333333333
189,17,491,1717.25,1.0,4.0,13.6,1.0,15.0,76.25,0.0,0.0,0.0,3.0,11.0,39.083333333333336,1.0,23.0,118.06666666666668,1.0,52.0,184.6,0.0,0.0,0.0,2.0,39.0,95.35,0.0,0.0,0.0,0.0,0.0,0.0,0.0,0.0,0.0,4.0,290.0,1061.25,1.0,6.0,38.9,1.0,12.0,9.0,0.0,0.0,0.0,0.0,0.0,0.0,1.0,22.0,49.13333333333333,1.0,17.0,32.016666666666666
190,25,813,3402.9666666666667,4.0,12.0,60.266666666666666,4.0,59.0,115.88333333333333,1.0,63.0,387.45000000000005,2.0,14.0,44.56666666666667,3.0,35.0,202.95,0.0,0.0,0.0,0.0,0.0,0.0,0.0,0.0,0.0,2.0,207.0,612.5333333333333,0.0,0.0,0.0,2.0,40.0,161.16666666666666,2.0,110.0,475.2,0.0,0.0,0.0,1.0,18.0,67.5,2.0,204.0,1147.1999999999998,0.0,0.0,0.0,0.0,0.0,0.0,2.0,51.0,128.25
191,19,601,2464.5333333333333,1.0,4.0,19.8,2.0,29.0,140.48333333333332,0.0,0.0,0.0,3.0,10.0,36.46666666666667,1.0,9.0,41.85,0.0,0.0,0.0,0.0,0.0,0.0,3.0,32.0,98.43333333333334,1.0,48.0,316.79999999999995,1.0,3.0,2.45,0.0,0.0,0.0,0.0,0.0,0.0,0.0,0.0,0.0,2.0,23.0,93.6,4.0,422.0,1701.7,0.0,0.0,0.0,1.0,21.0,12.950000000000001,0.0,0.0,0.0
192,32,996,3563.8166666666666,3.0,9.0,32.266666666666666,2.0,35.0,187.83333333333331,0.0,0.0,0.0,3.0,11.0,49.31666666666666,3.0,44.0,125.6,1.0,86.0,564.7333333333333,3.0,10.0,34.71666666666667,2.0,13.0,41.06666666666666,2.0,176.0,553.5666666666667,0.0,0.0,0.0,2.0,33.0,192.88333333333333,5.0,416.0,1425.65,0.0,0.0,0.0,0.0,0.0,0.0,2.0,75.0,172.70000000000002,1.0,6.0,13.6,1.0,18.0,90.3,2.0,64.0,79.58333333333333
193,27,491,1579.05,3.0,8.0,20.616666666666667,2.0,23.0,102.66666666666667,0.0,0.0,0.0,6.0,20.0,77.45,1.0,13.0,70.2,1.0,19.0,38.949999999999996,3.0,19.0,56.233333333333334,1.0,20.0,33.0,0.0,0.0,0.0,1.0,4.0,19.666666666666668,1.0,19.0,27.55,2.0,89.0,380.9333333333333,1.0,5.0,24.0,1.0,18.0,83.1,2.0,124.0,422.2666666666667,0.0,0.0,0.0,1.0,7.0,26.71666666666667,1.0,103.0,195.7
194,15,626,2189.95,1.0,3.0,3.35,0.0,0.0,0.0,0.0,0.0,0.0,2.0,9.0,45.75,0.0,0.0,0.0,0.0,0.0,0.0,1.0,4.0,20.266666666666666,0.0,0.0,0.0,0.0,0.0,0.0,0.0,0.0,0.0,2.0,30.0,59.05,0.0,0.0,0.0,1.0,7.0,19.71666666666667,1.0,7.0,15.400000000000002,3.0,243.0,1367.6333333333334,0.0,0.0,0.0,0.0,0.0,0.0,4.0,323.0,658.7833333333333
195,23,1023,3117.516666666667,1.0,3.0,8.6,1.0,10.0,30.833333333333336,0.0,0.0,0.0,0.0,0.0,0.0,0.0,0.0,0.0,0.0,0.0,0.0,1.0,3.0,12.55,2.0,17.0,33.400000000000006,1.0,65.0,354.25,0.0,0.0,0.0,2.0,30.0,77.7,8.0,656.0,1803.95,1.0,5.0,15.25,0.0,0.0,0.0,3.0,153.0,379.6,0.0,0.0,0.0,2.0,23.0,75.61666666666666,1.0,58.0,325.76666666666665
196,21,509,1523.7,1.0,6.0,21.2,2.0,28.0,100.46666666666667,0.0,0.0,0.0,2.0,4.0,14.866666666666667,1.0,8.0,37.46666666666667,0.0,0.0,0.0,0.0,0.0,0.0,3.0,43.0,132.11666666666667,1.0,66.0,81.4,2.0,4.0,16.833333333333336,1.0,23.0,127.64999999999999,1.0,115.0,375.6666666666667,1.0,4.0,8.533333333333333,1.0,20.0,57.333333333333336,1.0,45.0,159.0,1.0,1.0,5.833333333333333,1.0,23.0,22.233333333333334,2.0,119.0,363.1
197,14,592,2150.3333333333335,0.0,0.0,0.0,0.0,0.0,0.0,0.0,0.0,0.0,0.0,0.0,0.0,2.0,32.0,87.53333333333333,1.0,111.0,279.34999999999997,0.0,0.0,0.0,1.0,8.0,33.733333333333334,1.0,47.0,206.8,1.0,7.0,26.71666666666667,1.0,19.0,113.68333333333334,2.0,110.0,197.26666666666668,0.0,0.0,0.0,1.0,17.0,23.233333333333334,3.0,205.0,967.8166666666666,0.0,0.0,0.0,0.0,0.0,0.0,1.0,36.0,214.20000000000002
198,21,514,1451.6333333333332,1.0,2.0,3.2666666666666666,0.0,0.0,0.0,0.0,0.0,0.0,0.0,0.0,0.0,3.0,38.0,185.81666666666666,0.0,0.0,0.0,2.0,12.0,31.01666666666667,3.0,45.0,179.65,0.0,0.0,0.0,0.0,0.0,0.0,1.0,19.0,80.43333333333334,3.0,64.0,325.35,0.0,0.0,0.0,2.0,25.0,148.41666666666666,1.0,114.0,134.9,0.0,0.0,0.0,1.0,12.0,42.599999999999994,4.0,183.0,320.1833333333333
199,17,797,1752.15,0.0,0.0,0.0,1.0,6.0,21.299999999999997,0.0,0.0,0.0,0.0,0.0,0.0,3.0,49.0,195.95,1.0,90.0,30.0,2.0,5.0,12.033333333333333,1.0,20.0,83.33333333333334,1.0,97.0,139.03333333333333,0.0,0.0,0.0,0.0,0.0,0.0,6.0,505.0,1160.6,1.0,7.0,11.200000000000001,0.0,0.0,0.0,0.0,0.0,0.0,0.0,0.0,0.0,1.0,18.0,98.7,0.0,0.0,0.0
200,19,427,1609.0666666666666,3.0,16.0,31.9,0.0,0.0,0.0,0.0,0.0,0.0,2.0,10.0,34.166666666666664,1.0,8.0,15.466666666666667,0.0,0.0,0.0,1.0,5.0,22.333333333333336,1.0,6.0,16.5,0.0,0.0,0.0,1.0,1.0,0.5,2.0,32.0,93.60000000000001,4.0,118.0,552.85,0.0,0.0,0.0,0.0,0.0,0.0,1.0,107.0,411.95,1.0,2.0,8.533333333333333,1.0,22.0,76.26666666666667,1.0,100.0,345.0
201,23,682,1925.1833333333334,2.0,8.0,26.2,2.0,25.0,62.0,0.0,0.0,0.0,2.0,11.0,60.1,2.0,31.0,77.31666666666666,0.0,0.0,0.0,2.0,5.0,16.633333333333333,3.0,34.0,82.05,0.0,0.0,0.0,0.0,0.0,0.0,1.0,13.0,53.51666666666666,3.0,320.0,1150.1833333333334,0.0,0.0,0.0,2.0,31.0,119.83333333333334,2.0,114.0,164.35,0.0,0.0,0.0,1.0,6.0,38.8,1.0,84.0,74.2
202,21,790,2488.1833333333334,1.0,1.0,1.0666666666666667,3.0,41.0,139.05,2.0,134.0,514.5999999999999,0.0,0.0,0.0,1.0,7.0,31.616666666666667,1.0,68.0,183.60000000000002,2.0,8.0,6.233333333333333,1.0,5.0,14.916666666666668,0.0,0.0,0.0,0.0,0.0,0.0,1.0,4.0,26.133333333333333,5.0,321.0,897.6833333333334,0.0,0.0,0.0,0.0,0.0,0.0,2.0,165.0,602.4166666666667,0.0,0.0,0.0,1.0,16.0,17.866666666666667,1.0,20.0,53.0
203,21,398,997.5666666666667,4.0,20.0,47.05,1.0,18.0,76.5,1.0,79.0,202.76666666666668,3.0,9.0,36.68333333333334,0.0,0.0,0.0,0.0,0.0,0.0,5.0,20.0,80.76666666666667,2.0,31.0,126.88333333333333,0.0,0.0,0.0,0.0,0.0,0.0,0.0,0.0,0.0,2.0,188.0,363.1,0.0,0.0,0.0,1.0,8.0,50.4,0.0,0.0,0.0,0.0,0.0,0.0,2.0,25.0,13.416666666666666,0.0,0.0,0.0
204,24,699,2393.6833333333334,3.0,13.0,41.050000000000004,4.0,63.0,169.68333333333334,0.0,0.0,0.0,1.0,5.0,20.25,3.0,30.0,80.66666666666666,1.0,57.0,72.2,3.0,11.0,10.0,1.0,4.0,16.266666666666666,0.0,0.0,0.0,0.0,0.0,0.0,0.0,0.0,0.0,4.0,289.0,837.3333333333334,0.0,0.0,0.0,0.0,0.0,0.0,3.0,153.0,676.3333333333334,0.0,0.0,0.0,0.0,0.0,0.0,1.0,74.0,469.9
205,20,587,1617.7166666666667,1.0,5.0,2.833333333333333,1.0,20.0,7.666666666666667,0.0,0.0,0.0,4.0,24.0,59.35,0.0,0.0,0.0,0.0,0.0,0.0,1.0,3.0,14.0,3.0,40.0,88.25,0.0,0.0,0.0,0.0,0.0,0.0,2.0,21.0,72.95,4.0,301.0,687.5500000000001,1.0,6.0,3.7,1.0,20.0,88.0,0.0,0.0,0.0,0.0,0.0,0.0,1.0,20.0,11.333333333333332,1.0,127.0,582.0833333333333
206,23,543,2428.1666666666665,3.0,10.0,36.36666666666667,0.0,0.0,0.0,0.0,0.0,0.0,6.0,22.0,99.78333333333333,0.0,0.0,0.0,1.0,88.0,538.2666666666667,2.0,3.0,9.166666666666668,0.0,0.0,0.0,0.0,0.0,0.0,1.0,6.0,39.900000000000006,2.0,10.0,29.0,1.0,64.0,277.3333333333333,0.0,0.0,0.0,0.0,0.0,0.0,4.0,216.0,972.0,1.0,7.0,13.416666666666668,0.0,0.0,0.0,2.0,117.0,412.93333333333334
207,16,262,1236.1833333333334,3.0,8.0,32.666666666666664,0.0,0.0,0.0,0.0,0.0,0.0,0.0,0.0,0.0,3.0,43.0,170.65,0.0,0.0,0.0,1.0,4.0,12.2,1.0,6.0,18.400000000000002,0.0,0.0,0.0,0.0,0.0,0.0,1.0,7.0,34.06666666666666,3.0,119.0,666.55,0.0,0.0,0.0,1.0,20.0,132.0,0.0,0.0,0.0,0.0,0.0,0.0,2.0,18.0,22.266666666666666,1.0,37.0,147.38333333333333
208,23,573,2205.4666666666667,2.0,13.0,36.45,2.0,36.0,84.26666666666667,0.0,0.0,0.0,3.0,8.0,28.2,2.0,23.0,93.41666666666666,0.0,0.0,0.0,2.0,10.0,10.0,1.0,20.0,13.666666666666668,1.0,51.0,120.7,1.0,6.0,20.599999999999998,4.0,61.0,258.26666666666665,3.0,176.0,767.8166666666666,0.0,0.0,0.0,0.0,0.0,0.0,1.0,118.0,735.5333333333333,0.0,0.0,0.0,0.0,0.0,0.0,1.0,51.0,36.55
209,17,508,1658.3999999999999,1.0,3.0,16.7,1.0,8.0,34.666666666666664,1.0,117.0,317.85,2.0,12.0,45.2,1.0,10.0,57.666666666666664,0.0,0.0,0.0,1.0,3.0,9.45,3.0,33.0,63.16666666666667,0.0,0.0,0.0,0.0,0.0,0.0,2.0,27.0,79.98333333333333,1.0,49.0,182.93333333333334,0.0,0.0,0.0,0.0,0.0,0.0,3.0,225.0,812.2833333333333,0.0,0.0,0.0,1.0,21.0,38.5,0.0,0.0,0.0
210,21,661,2086.6833333333334,3.0,16.0,34.3,0.0,0.0,0.0,0.0,0.0,0.0,0.0,0.0,0.0,2.0,34.0,41.93333333333334,1.0,51.0,250.75000000000003,2.0,8.0,33.68333333333334,2.0,16.0,85.76666666666667,1.0,122.0,374.1333333333334,0.0,0.0,0.0,3.0,51.0,299.7166666666667,3.0,247.0,799.0833333333334,0.0,0.0,0.0,2.0,23.0,42.333333333333336,2.0,93.0,124.98333333333335,0.0,0.0,0.0,0.0,0.0,0.0,0.0,0.0,0.0
211,21,418,1608.1499999999999,2.0,5.0,22.366666666666667,2.0,14.0,59.4,0.0,0.0,0.0,1.0,6.0,7.800000000000001,2.0,27.0,80.53333333333333,2.0,83.0,375.0333333333333,2.0,5.0,27.0,1.0,4.0,1.3333333333333333,0.0,0.0,0.0,0.0,0.0,0.0,2.0,29.0,73.76666666666667,1.0,68.0,395.5333333333333,0.0,0.0,0.0,2.0,16.0,84.53333333333333,3.0,151.0,428.35,0.0,0.0,0.0,1.0,10.0,52.5,0.0,0.0,0.0
212,25,785,2490.616666666667,2.0,10.0,35.8,1.0,6.0,29.700000000000003,0.0,0.0,0.0,5.0,17.0,61.9,0.0,0.0,0.0,0.0,0.0,0.0,2.0,12.0,32.63333333333333,0.0,0.0,0.0,0.0,0.0,0.0,0.0,0.0,0.0,2.0,40.0,130.61666666666667,4.0,363.0,811.8333333333333,1.0,7.0,34.41666666666667,2.0,41.0,234.89999999999998,3.0,138.0,606.0,0.0,0.0,0.0,0.0,0.0,0.0,3.0,151.0,512.8166666666667
213,26,564,1478.7666666666667,1.0,1.0,5.883333333333334,3.0,39.0,36.86666666666667,2.0,68.0,115.25,5.0,16.0,47.45,0.0,0.0,0.0,0.0,0.0,0.0,0.0,0.0,0.0,3.0,37.0,140.9,0.0,0.0,0.0,0.0,0.0,0.0,1.0,21.0,123.19999999999999,1.0,33.0,183.15,1.0,2.0,6.233333333333333,3.0,48.0,207.88333333333333,4.0,211.0,298.15,0.0,0.0,0.0,0.0,0.0,0.0,2.0,88.0,313.8
214,24,693,2739.7833333333333,2.0,4.0,7.983333333333333,3.0,52.0,201.45000000000002,0.0,0.0,0.0,2.0,5.0,26.883333333333333,4.0,43.0,215.9,0.0,0.0,0.0,2.0,3.0,6.916666666666666,0.0,0.0,0.0,0.0,0.0,0.0,0.0,0.0,0.0,0.0,0.0,0.0,3.0,193.0,823.35,1.0,1.0,0.8333333333333334,2.0,35.0,80.0,0.0,0.0,0.0,1.0,6.0,5.1,0.0,0.0,0.0,4.0,351.0,1371.3666666666668
215,20,670,2231.3333333333335,3.0,14.0,59.78333333333333,2.0,18.0,32.18333333333333,0.0,0.0,0.0,2.0,4.0,13.933333333333334,1.0,21.0,108.5,0.0,0.0,0.0,1.0,7.0,43.86666666666667,1.0,12.0,25.6,1.0,108.0,275.4,0.0,0.0,0.0,2.0,26.0,41.0,1.0,72.0,394.8,0.0,0.0,0.0,1.0,16.0,82.93333333333334,3.0,167.0,580.2833333333333,0.0,0.0,0.0,0.0,0.0,0.0,2.0,205.0,573.05
216,16,526,1573.2166666666667,2.0,8.0,39.43333333333334,0.0,0.0,0.0,0.0,0.0,0.0,0.0,0.0,0.0,0.0,0.0,0.0,0.0,0.0,0.0,0.0,0.0,0.0,1.0,9.0,58.050000000000004,0.0,0.0,0.0,0.0,0.0,0.0,1.0,17.0,43.06666666666666,2.0,91.0,388.31666666666666,0.0,0.0,0.0,1.0,8.0,4.8,1.0,74.0,398.3666666666667,2.0,4.0,23.0,2.0,23.0,54.416666666666664,4.0,292.0,563.7666666666667
217,21,866,3311.1,1.0,3.0,4.6000000000000005,1.0,12.0,31.799999999999997,1.0,90.0,232.5,1.0,5.0,5.166666666666667,3.0,34.0,108.21666666666667,0.0,0.0,0.0,1.0,5.0,10.25,0.0,0.0,0.0,0.0,0.0,0.0,0.0,0.0,0.0,3.0,42.0,101.2,2.0,147.0,578.1999999999999,0.0,0.0,0.0,1.0,23.0,89.7,3.0,238.0,1030.6666666666667,1.0,4.0,21.4,0.0,0.0,0.0,3.0,263.0,1097.4
218,21,865,3650.5333333333338,2.0,8.0,23.533333333333335,2.0,22.0,24.4,0.0,0.0,0.0,0.0,0.0,0.0,4.0,63.0,91.45,0.0,0.0,0.0,0.0,0.0,0.0,2.0,23.0,117.16666666666666,0.0,0.0,0.0,0.0,0.0,0.0,1.0,20.0,29.333333333333332,3.0,277.0,1483.8333333333335,0.0,0.0,0.0,1.0,14.0,23.099999999999998,5.0,418.0,1790.3833333333334,0.0,0.0,0.0,1.0,20.0,67.33333333333333,0.0,0.0,0.0
219,25,943,2804.5333333333333,2.0,8.0,31.03333333333333,1.0,18.0,111.60000000000001,1.0,39.0,122.85,3.0,14.0,54.21666666666666,2.0,27.0,101.38333333333334,0.0,0.0,0.0,2.0,9.0,49.7,0.0,0.0,0.0,0.0,0.0,0.0,0.0,0.0,0.0,1.0,23.0,134.54999999999998,2.0,121.0,653.55,0.0,0.0,0.0,2.0,35.0,99.91666666666667,6.0,433.0,1106.0,0.0,0.0,0.0,0.0,0.0,0.0,3.0,216.0,339.73333333333335
220,20,671,2384.366666666667,4.0,19.0,47.0,1.0,16.0,106.13333333333334,0.0,0.0,0.0,2.0,9.0,43.916666666666664,3.0,57.0,188.95000000000002,0.0,0.0,0.0,0.0,0.0,0.0,1.0,16.0,58.93333333333333,1.0,115.0,465.75,0.0,0.0,0.0,0.0,0.0,0.0,1.0,90.0,549.0,0.0,0.0,0.0,1.0,17.0,99.44999999999999,1.0,124.0,33.06666666666666,0.0,0.0,0.0,2.0,18.0,74.46666666666667,3.0,190.0,717.7
221,20,540,2116.166666666667,1.0,6.0,25.1,1.0,11.0,41.25,1.0,45.0,41.25,0.0,0.0,0.0,2.0,22.0,13.783333333333335,0.0,0.0,0.0,3.0,10.0,14.450000000000001,0.0,0.0,0.0,0.0,0.0,0.0,0.0,0.0,0.0,2.0,29.0,128.10000000000002,4.0,191.0,787.25,0.0,0.0,0.0,1.0,18.0,77.69999999999999,1.0,111.0,612.35,1.0,4.0,24.4,2.0,16.0,27.133333333333336,1.0,77.0,323.40000000000003
222,21,716,1825.7666666666664,3.0,10.0,45.283333333333324,1.0,22.0,47.3,0.0,0.0,0.0,0.0,0.0,0.0,0.0,0.0,0.0,0.0,0.0,0.0,1.0,4.0,21.933333333333334,2.0,26.0,46.93333333333334,0.0,0.0,0.0,1.0,4.0,26.266666666666666,1.0,18.0,69.6,2.0,158.0,494.0,1.0,3.0,7.199999999999999,3.0,26.0,99.28333333333332,1.0,126.0,119.69999999999999,1.0,4.0,14.266666666666667,0.0,0.0,0.0,4.0,315.0,834.0
223,29,928,3376.7000000000003,6.0,34.0,143.0,0.0,0.0,0.0,0.0,0.0,0.0,3.0,11.0,27.21666666666667,2.0,20.0,50.733333333333334,1.0,74.0,146.76666666666668,4.0,13.0,44.11666666666667,0.0,0.0,0.0,1.0,34.0,219.86666666666667,0.0,0.0,0.0,4.0,35.0,125.33333333333334,5.0,524.0,1878.166666666667,0.0,0.0,0.0,1.0,21.0,133.0,1.0,105.0,537.25,0.0,0.0,0.0,0.0,0.0,0.0,1.0,57.0,71.25
224,26,712,2514.2666666666664,3.0,19.0,87.41666666666666,3.0,53.0,97.18333333333334,1.0,25.0,141.25,3.0,12.0,42.93333333333333,3.0,40.0,89.26666666666667,0.0,0.0,0.0,1.0,3.0,8.450000000000001,2.0,39.0,175.41666666666669,1.0,52.0,128.26666666666668,0.0,0.0,0.0,0.0,0.0,0.0,4.0,298.0,1379.4833333333331,0.0,0.0,0.0,3.0,37.0,92.23333333333333,1.0,59.0,184.86666666666667,0.0,0.0,0.0,0.0,0.0,0.0,1.0,75.0,87.5
225,15,451,1851.2833333333333,4.0,21.0,99.26666666666667,0.0,0.0,0.0,1.0,87.0,491.55,1.0,7.0,19.483333333333334,1.0,4.0,25.6,1.0,108.0,351.0,0.0,0.0,0.0,1.0,9.0,42.0,0.0,0.0,0.0,0.0,0.0,0.0,2.0,27.0,101.55000000000001,1.0,64.0,295.46666666666664,0.0,0.0,0.0,0.0,0.0,0.0,0.0,0.0,0.0,0.0,0.0,0.0,2.0,30.0,43.099999999999994,1.0,94.0,382.26666666666665
226,26,641,2084.366666666667,5.0,15.0,52.4,0.0,0.0,0.0,0.0,0.0,0.0,5.0,21.0,81.85000000000001,2.0,33.0,38.833333333333336,0.0,0.0,0.0,3.0,19.0,82.86666666666667,2.0,27.0,164.7,0.0,0.0,0.0,0.0,0.0,0.0,2.0,29.0,109.63333333333333,4.0,289.0,342.1333333333333,0.0,0.0,0.0,0.0,0.0,0.0,0.0,0.0,0.0,0.0,0.0,0.0,1.0,4.0,4.0,2.0,204.0,1207.95
227,20,882,2875.883333333333,3.0,3.0,10.866666666666667,1.0,13.0,65.43333333333334,2.0,115.0,596.0,1.0,2.0,12.833333333333334,1.0,14.0,82.13333333333333,0.0,0.0,0.0,0.0,0.0,0.0,0.0,0.0,0.0,0.0,0.0,0.0,0.0,0.0,0.0,0.0,0.0,0.0,1.0,114.0,222.29999999999998,0.0,0.0,0.0,1.0,20.0,77.0,2.0,101.0,236.51666666666665,0.0,0.0,0.0,2.0,32.0,114.28333333333333,6.0,468.0,1458.5166666666667
228,23,1005,2811.1,2.0,10.0,35.333333333333336,1.0,21.0,37.1,0.0,0.0,0.0,3.0,12.0,7.1,2.0,35.0,175.33333333333331,0.0,0.0,0.0,0.0,0.0,0.0,2.0,22.0,6.216666666666666,0.0,0.0,0.0,0.0,0.0,0.0,1.0,22.0,134.2,2.0,189.0,753.3,0.0,0.0,0.0,0.0,0.0,0.0,4.0,273.0,376.45,0.0,0.0,0.0,2.0,39.0,106.6,4.0,382.0,1179.4666666666667
229,26,1121,3839.95,2.0,5.0,22.48333333333333,0.0,0.0,0.0,0.0,0.0,0.0,2.0,8.0,12.799999999999999,2.0,11.0,40.91666666666667,1.0,116.0,595.4666666666667,2.0,11.0,39.06666666666666,3.0,39.0,95.73333333333332,0.0,0.0,0.0,0.0,0.0,0.0,3.0,50.0,270.9,3.0,287.0,473.1333333333333,0.0,0.0,0.0,1.0,7.0,20.3,2.0,160.0,631.4166666666666,0.0,0.0,0.0,0.0,0.0,0.0,5.0,427.0,1637.7333333333333
230,17,560,2480.2,1.0,7.0,31.383333333333333,1.0,12.0,29.199999999999996,1.0,52.0,251.33333333333331,2.0,7.0,40.46666666666666,0.0,0.0,0.0,1.0,63.0,372.75,1.0,5.0,5.75,1.0,10.0,26.333333333333332,0.0,0.0,0.0,0.0,0.0,0.0,2.0,25.0,115.93333333333334,1.0,37.0,136.9,0.0,0.0,0.0,1.0,16.0,41.06666666666667,1.0,65.0,316.3333333333333,0.0,0.0,0.0,1.0,10.0,25.833333333333336,3.0,251.0,1086.9166666666665
231,16,287,1096.7166666666667,1.0,3.0,2.15,1.0,15.0,65.75,0.0,0.0,0.0,2.0,7.0,29.366666666666667,0.0,0.0,0.0,0.0,0.0,0.0,2.0,2.0,9.466666666666667,0.0,0.0,0.0,1.0,22.0,4.033333333333333,1.0,6.0,37.0,1.0,4.0,15.2,1.0,63.0,192.14999999999998,0.0,0.0,0.0,1.0,16.0,43.2,3.0,142.0,678.0,1.0,3.0,13.4,1.0,4.0,7.0,0.0,0.0,0.0
232,23,761,2249.0833333333335,0.0,0.0,0.0,2.0,23.0,35.66666666666667,2.0,133.0,523.6833333333334,3.0,17.0,69.65,2.0,34.0,29.066666666666666,0.0,0.0,0.0,1.0,6.0,7.9,2.0,37.0,122.18333333333332,1.0,90.0,550.5,1.0,7.0,36.983333333333334,1.0,6.0,32.9,2.0,81.0,192.08333333333331,1.0,7.0,46.199999999999996,1.0,17.0,56.099999999999994,3.0,177.0,394.9666666666667,0.0,0.0,0.0,0.0,0.0,0.0,1.0,126.0,151.2
233,18,626,2366.133333333333,1.0,5.0,9.916666666666668,0.0,0.0,0.0,0.0,0.0,0.0,3.0,9.0,19.416666666666668,2.0,30.0,175.4,0.0,0.0,0.0,1.0,7.0,37.1,1.0,10.0,7.333333333333333,1.0,103.0,441.18333333333334,0.0,0.0,0.0,1.0,22.0,81.03333333333333,2.0,143.0,432.0333333333333,0.0,0.0,0.0,1.0,14.0,86.56666666666666,2.0,111.0,260.53333333333336,1.0,5.0,30.833333333333336,0.0,0.0,0.0,2.0,167.0,784.7833333333333
234,18,330,1162.55,1.0,3.0,19.150000000000002,2.0,20.0,43.08333333333333,0.0,0.0,0.0,1.0,6.0,3.0,2.0,25.0,50.06666666666667,0.0,0.0,0.0,1.0,4.0,12.266666666666667,1.0,12.0,31.0,0.0,0.0,0.0,0.0,0.0,0.0,2.0,28.0,170.4,0.0,0.0,0.0,0.0,0.0,0.0,1.0,7.0,39.199999999999996,3.0,126.0,625.1,0.0,0.0,0.0,3.0,39.0,142.28333333333333,1.0,60.0,27.0
235,20,1046,2984.0666666666666,4.0,9.0,35.266666666666666,2.0,25.0,107.25,0.0,0.0,0.0,0.0,0.0,0.0,1.0,6.0,35.199999999999996,1.0,96.0,150.4,0.0,0.0,0.0,0.0,0.0,0.0,0.0,0.0,0.0,0.0,0.0,0.0,1.0,9.0,28.5,7.0,532.0,1073.4,0.0,0.0,0.0,0.0,0.0,0.0,1.0,111.0,210.89999999999998,0.0,0.0,0.0,0.0,0.0,0.0,3.0,258.0,1343.15
236,16,842,2860.4833333333336,3.0,15.0,39.43333333333334,0.0,0.0,0.0,0.0,0.0,0.0,0.0,0.0,0.0,2.0,34.0,166.03333333333333,0.0,0.0,0.0,1.0,6.0,30.299999999999997,1.0,7.0,13.883333333333333,0.0,0.0,0.0,0.0,0.0,0.0,1.0,21.0,127.05,3.0,299.0,1427.3833333333334,0.0,0.0,0.0,0.0,0.0,0.0,2.0,178.0,352.73333333333335,0.0,0.0,0.0,0.0,0.0,0.0,3.0,282.0,703.6666666666667
237,22,403,1208.1,4.0,15.0,24.150000000000002,2.0,33.0,65.83333333333334,0.0,0.0,0.0,3.0,6.0,14.45,3.0,20.0,81.85,1.0,73.0,337.01666666666665,1.0,1.0,0.6333333333333333,3.0,35.0,33.65,2.0,185.0,509.53333333333336,0.0,0.0,0.0,3.0,35.0,140.98333333333332,0.0,0.0,0.0,0.0,0.0,0.0,0.0,0.0,0.0,0.0,0.0,0.0,0.0,0.0,0.0,0.0,0.0,0.0,0.0,0.0,0.0
238,15,472,1408.2666666666667,1.0,6.0,34.9,1.0,5.0,19.166666666666668,1.0,121.0,486.01666666666665,1.0,2.0,1.8666666666666667,0.0,0.0,0.0,1.0,51.0,136.85,2.0,10.0,28.43333333333333,3.0,47.0,198.14999999999998,0.0,0.0,0.0,1.0,6.0,22.4,1.0,23.0,29.900000000000002,2.0,121.0,349.25,0.0,0.0,0.0,0.0,0.0,0.0,1.0,80.0,101.33333333333333,0.0,0.0,0.0,0.0,0.0,0.0,0.0,0.0,0.0
239,18,363,1057.9833333333333,2.0,12.0,13.666666666666668,2.0,21.0,57.71666666666667,0.0,0.0,0.0,3.0,10.0,40.15,1.0,13.0,12.783333333333333,0.0,0.0,0.0,1.0,3.0,4.199999999999999,1.0,18.0,17.4,0.0,0.0,0.0,1.0,2.0,11.133333333333333,2.0,24.0,30.5,1.0,31.0,120.38333333333333,0.0,0.0,0.0,1.0,10.0,24.666666666666668,0.0,0.0,0.0,0.0,0.0,0.0,1.0,19.0,102.91666666666667,2.0,200.0,622.4666666666667
240,22,666,2379.5166666666664,1.0,2.0,1.4,2.0,28.0,46.55,0.0,0.0,0.0,2.0,3.0,7.633333333333334,1.0,18.0,98.10000000000001,0.0,0.0,0.0,4.0,15.0,62.88333333333334,0.0,0.0,0.0,1.0,39.0,122.85,0.0,0.0,0.0,2.0,24.0,23.833333333333336,2.0,135.0,564.5,0.0,0.0,0.0,0.0,0.0,0.0,2.0,156.0,362.7333333333333,1.0,4.0,4.6,1.0,14.0,88.43333333333334,3.0,228.0,996.0
241,21,710,2243.6833333333334,3.0,13.0,11.116666666666667,0.0,0.0,0.0,0.0,0.0,0.0,2.0,6.0,5.333333333333333,1.0,17.0,104.55000000000001,1.0,78.0,196.29999999999998,2.0,12.0,38.083333333333336,3.0,42.0,97.78333333333333,0.0,0.0,0.0,0.0,0.0,0.0,1.0,22.0,103.76666666666667,1.0,78.0,508.3,0.0,0.0,0.0,1.0,11.0,8.433333333333334,2.0,129.0,277.55,0.0,0.0,0.0,0.0,0.0,0.0,4.0,302.0,892.4666666666667
242,18,535,2173.3,2.0,13.0,53.5,2.0,29.0,131.75,0.0,0.0,0.0,2.0,9.0,27.799999999999997,1.0,14.0,53.66666666666667,0.0,0.0,0.0,1.0,5.0,18.583333333333336,1.0,12.0,20.4,0.0,0.0,0.0,0.0,0.0,0.0,1.0,22.0,32.266666666666666,1.0,117.0,614.25,0.0,0.0,0.0,2.0,34.0,96.5,1.0,60.0,388.0,1.0,3.0,15.0,1.0,5.0,32.583333333333336,2.0,212.0,689.0
243,20,772,2993.0833333333335,1.0,4.0,22.6,0.0,0.0,0.0,0.0,0.0,0.0,2.0,11.0,16.233333333333334,0.0,0.0,0.0,0.0,0.0,0.0,2.0,8.0,13.233333333333333,1.0,7.0,43.16666666666667,0.0,0.0,0.0,1.0,3.0,4.65,1.0,22.0,84.33333333333334,3.0,265.0,1315.0333333333333,0.0,0.0,0.0,2.0,18.0,58.03333333333333,3.0,280.0,1145.65,1.0,5.0,6.0,2.0,23.0,143.45,1.0,126.0,140.70000000000002
244,19,568,2553.85,1.0,7.0,13.766666666666666,3.0,45.0,138.91666666666666,0.0,0.0,0.0,5.0,30.0,110.56666666666666,0.0,0.0,0.0,0.0,0.0,0.0,2.0,5.0,23.349999999999998,0.0,0.0,0.0,1.0,63.0,369.59999999999997,0.0,0.0,0.0,2.0,26.0,115.76666666666667,2.0,156.0,855.4166666666667,0.0,0.0,0.0,1.0,14.0,48.300000000000004,2.0,222.0,878.1666666666667,0.0,0.0,0.0,0.0,0.0,0.0,0.0,0.0,0.0
245,25,828,2563.4666666666667,2.0,6.0,33.1,1.0,6.0,35.5,2.0,183.0,873.9666666666667,4.0,12.0,54.58333333333333,1.0,9.0,34.8,1.0,77.0,374.7333333333333,0.0,0.0,0.0,1.0,13.0,82.33333333333333,1.0,26.0,100.10000000000001,0.0,0.0,0.0,2.0,26.0,156.36666666666667,2.0,105.0,242.7,1.0,6.0,27.800000000000004,0.0,0.0,0.0,3.0,187.0,392.71666666666664,0.0,0.0,0.0,2.0,30.0,57.83333333333333,2.0,142.0,96.93333333333332
246,15,674,2332.55,4.0,12.0,39.233333333333334,0.0,0.0,0.0,0.0,0.0,0.0,1.0,2.0,1.3666666666666667,0.0,0.0,0.0,0.0,0.0,0.0,2.0,11.0,36.7,0.0,0.0,0.0,1.0,123.0,649.85,0.0,0.0,0.0,1.0,12.0,59.400000000000006,2.0,225.0,873.45,0.0,0.0,0.0,0.0,0.0,0.0,2.0,140.0,441.1166666666667,0.0,0.0,0.0,0.0,0.0,0.0,2.0,149.0,231.43333333333334
247,23,512,1848.5666666666666,3.0,9.0,34.333333333333336,1.0,6.0,12.2,0.0,0.0,0.0,3.0,12.0,41.099999999999994,1.0,21.0,32.550000000000004,0.0,0.0,0.0,2.0,6.0,29.833333333333332,0.0,0.0,0.0,0.0,0.0,0.0,0.0,0.0,0.0,5.0,72.0,421.63333333333327,4.0,282.0,1077.4833333333333,1.0,4.0,12.933333333333334,0.0,0.0,0.0,1.0,73.0,55.96666666666667,0.0,0.0,0.0,2.0,27.0,130.53333333333333,0.0,0.0,0.0
248,17,332,1051.9833333333333,1.0,4.0,20.933333333333334,1.0,6.0,32.099999999999994,0.0,0.0,0.0,2.0,9.0,46.53333333333333,1.0,23.0,9.966666666666667,0.0,0.0,0.0,2.0,3.0,6.533333333333334,0.0,0.0,0.0,0.0,0.0,0.0,0.0,0.0,0.0,2.0,26.0,88.66666666666667,2.0,90.0,204.3,0.0,0.0,0.0,2.0,30.0,90.10000000000001,1.0,39.0,21.450000000000003,0.0,0.0,0.0,2.0,25.0,109.18333333333334,1.0,77.0,422.2166666666667
249,25,721,1953.3166666666668,3.0,15.0,22.46666666666667,1.0,11.0,43.81666666666667,1.0,27.0,59.85,1.0,3.0,9.4,3.0,38.0,208.23333333333335,0.0,0.0,0.0,2.0,9.0,48.25,0.0,0.0,0.0,1.0,107.0,205.08333333333334,0.0,0.0,0.0,1.0,6.0,12.299999999999999,3.0,212.0,343.5166666666667,2.0,7.0,7.049999999999999,2.0,28.0,150.8,0.0,0.0,0.0,0.0,0.0,0.0,2.0,28.0,83.51666666666668,3.0,230.0,759.0333333333333
250,23,1001,3169.5166666666664,3.0,11.0,23.216666666666665,1.0,6.0,29.5,0.0,0.0,0.0,5.0,22.0,51.33333333333333,0.0,0.0,0.0,0.0,0.0,0.0,1.0,5.0,30.0,1.0,22.0,92.76666666666667,0.0,0.0,0.0,0.0,0.0,0.0,0.0,0.0,0.0,7.0,569.0,1865.3,0.0,0.0,0.0,1.0,22.0,80.66666666666666,3.0,305.0,929.7833333333333,0.0,0.0,0.0,0.0,0.0,0.0,1.0,39.0,66.95
251,25,538,1254.5333333333333,3.0,14.0,37.266666666666666,2.0,22.0,80.03333333333333,0.0,0.0,0.0,2.0,5.0,15.4,0.0,0.0,0.0,1.0,22.0,37.03333333333333,2.0,11.0,47.2,0.0,0.0,0.0,0.0,0.0,0.0,0.0,0.0,0.0,5.0,75.0,317.08333333333337,1.0,63.0,202.65,1.0,3.0,18.400000000000002,2.0,13.0,60.6,0.0,0.0,0.0,0.0,0.0,0.0,2.0,33.0,155.83333333333334,4.0,277.0,283.03333333333336
252,25,731,2309.5833333333335,0.0,0.0,0.0,2.0,26.0,129.68333333333334,1.0,59.0,304.83333333333337,2.0,7.0,14.016666666666667,1.0,18.0,69.3,0.0,0.0,0.0,4.0,12.0,54.15,1.0,6.0,24.699999999999996,1.0,25.0,58.75,1.0,4.0,9.066666666666666,3.0,36.0,57.71666666666666,4.0,359.0,1057.1333333333334,1.0,1.0,1.7833333333333334,0.0,0.0,0.0,0.0,0.0,0.0,1.0,5.0,20.166666666666664,1.0,23.0,133.78333333333333,2.0,150.0,374.5
253,24,842,2680.2000000000003,5.0,17.0,76.55,1.0,6.0,3.0,1.0,81.0,251.1,3.0,11.0,10.549999999999999,1.0,7.0,7.3500000000000005,1.0,89.0,390.11666666666673,1.0,5.0,3.1666666666666665,0.0,0.0,0.0,1.0,86.0,485.90000000000003,0.0,0.0,0.0,3.0,21.0,75.86666666666667,3.0,287.0,448.25,0.0,0.0,0.0,1.0,4.0,2.7333333333333334,1.0,31.0,70.78333333333333,0.0,0.0,0.0,0.0,0.0,0.0,2.0,197.0,854.8333333333333
254,22,357,1563.6666666666665,5.0,20.0,54.56666666666666,1.0,19.0,68.08333333333334,0.0,0.0,0.0,3.0,12.0,36.88333333333333,0.0,0.0,0.0,0.0,0.0,0.0,3.0,14.0,50.5,2.0,27.0,94.86666666666667,0.0,0.0,0.0,0.0,0.0,0.0,0.0,0.0,0.0,1.0,121.0,740.1166666666666,0.0,0.0,0.0,3.0,31.0,37.41666666666667,1.0,80.0,362.66666666666663,1.0,4.0,9.266666666666667,2.0,29.0,109.3,0.0,0.0,0.0
255,21,870,2717.616666666667,4.0,11.0,44.93333333333334,1.0,10.0,62.5,1.0,127.0,673.1,2.0,10.0,34.2,3.0,24.0,110.16666666666667,3.0,243.0,650.2333333333333,0.0,0.0,0.0,0.0,0.0,0.0,0.0,0.0,0.0,0.0,0.0,0.0,0.0,0.0,0.0,4.0,291.0,1021.6166666666667,0.0,0.0,0.0,1.0,9.0,21.3,0.0,0.0,0.0,0.0,0.0,0.0,1.0,22.0,42.16666666666667,1.0,123.0,57.4
256,13,277,1206.9166666666665,1.0,5.0,18.333333333333332,1.0,23.0,38.333333333333336,1.0,37.0,93.11666666666666,1.0,5.0,19.333333333333332,1.0,8.0,22.266666666666666,0.0,0.0,0.0,1.0,2.0,11.966666666666667,2.0,22.0,77.73333333333333,1.0,26.0,43.766666666666666,0.0,0.0,0.0,1.0,5.0,12.666666666666666,3.0,144.0,869.4,0.0,0.0,0.0,0.0,0.0,0.0,0.0,0.0,0.0,0.0,0.0,0.0,0.0,0.0,0.0,0.0,0.0,0.0
257,19,570,1404.4666666666667,4.0,13.0,51.81666666666667,0.0,0.0,0.0,0.0,0.0,0.0,3.0,12.0,45.516666666666666,1.0,19.0,72.83333333333334,0.0,0.0,0.0,0.0,0.0,0.0,1.0,14.0,89.13333333333333,1.0,59.0,11.8,1.0,1.0,1.5833333333333333,1.0,11.0,53.900000000000006,4.0,264.0,478.8666666666667,0.0,0.0,0.0,0.0,0.0,0.0,1.0,76.0,148.2,0.0,0.0,0.0,1.0,20.0,114.66666666666667,1.0,81.0,336.15000000000003
258,31,884,3190.233333333333,3.0,9.0,36.36666666666667,3.0,26.0,133.46666666666667,0.0,0.0,0.0,2.0,11.0,63.85,0.0,0.0,0.0,1.0,90.0,75.0,4.0,9.0,37.3,1.0,11.0,54.083333333333336,0.0,0.0,0.0,1.0,6.0,18.2,1.0,22.0,97.16666666666667,5.0,339.0,1518.6666666666665,1.0,7.0,17.03333333333333,2.0,40.0,61.5,4.0,282.0,989.7166666666667,0.0,0.0,0.0,3.0,32.0,87.88333333333334,0.0,0.0,0.0
259,25,771,1543.0666666666666,1.0,2.0,4.433333333333334,0.0,0.0,0.0,0.0,0.0,0.0,3.0,15.0,30.21666666666667,3.0,39.0,154.06666666666666,1.0,86.0,60.199999999999996,2.0,9.0,19.9,2.0,29.0,113.21666666666665,1.0,118.0,298.93333333333334,0.0,0.0,0.0,2.0,40.0,137.16666666666669,2.0,147.0,193.68333333333334,2.0,8.0,40.699999999999996,1.0,9.0,52.349999999999994,2.0,120.0,172.85000000000002,0.0,0.0,0.0,1.0,7.0,26.95,2.0,142.0,238.39999999999998
260,29,858,2604.133333333333,8.0,44.0,116.83333333333333,1.0,19.0,50.03333333333333,2.0,232.0,1000.9166666666666,3.0,15.0,31.36666666666667,1.0,8.0,28.666666666666668,0.0,0.0,0.0,0.0,0.0,0.0,0.0,0.0,0.0,0.0,0.0,0.0,0.0,0.0,0.0,3.0,45.0,111.43333333333332,4.0,228.0,884.4,1.0,3.0,14.95,2.0,33.0,128.8,1.0,121.0,42.349999999999994,0.0,0.0,0.0,1.0,19.0,27.55,2.0,91.0,166.83333333333331
261,24,512,1501.6833333333334,1.0,7.0,26.95,1.0,12.0,61.0,0.0,0.0,0.0,6.0,26.0,68.26666666666667,1.0,8.0,14.0,0.0,0.0,0.0,2.0,14.0,77.69999999999999,2.0,37.0,81.91666666666666,0.0,0.0,0.0,0.0,0.0,0.0,1.0,8.0,24.266666666666666,1.0,87.0,46.4,0.0,0.0,0.0,1.0,5.0,7.833333333333333,2.0,173.0,694.8833333333333,0.0,0.0,0.0,5.0,78.0,232.21666666666667,1.0,57.0,166.25
262,21,494,1638.35,2.0,7.0,10.066666666666666,2.0,23.0,62.96666666666667,1.0,45.0,143.25,1.0,2.0,12.9,3.0,38.0,96.53333333333333,0.0,0.0,0.0,3.0,8.0,45.099999999999994,1.0,17.0,66.3,0.0,0.0,0.0,0.0,0.0,0.0,2.0,36.0,203.33333333333334,2.0,160.0,564.5333333333333,0.0,0.0,0.0,1.0,5.0,19.666666666666664,1.0,99.0,59.4,0.0,0.0,0.0,1.0,9.0,55.05,1.0,45.0,299.25
263,24,616,2635.5833333333335,4.0,23.0,108.91666666666666,0.0,0.0,0.0,0.0,0.0,0.0,3.0,17.0,36.75,4.0,42.0,210.5,0.0,0.0,0.0,1.0,5.0,32.5,0.0,0.0,0.0,1.0,92.0,578.0666666666666,0.0,0.0,0.0,3.0,43.0,198.86666666666667,1.0,49.0,65.33333333333333,0.0,0.0,0.0,0.0,0.0,0.0,1.0,87.0,535.0500000000001,0.0,0.0,0.0,4.0,55.0,156.25,2.0,203.0,713.3500000000001
264,17,342,1082.5333333333333,2.0,13.0,61.833333333333336,4.0,70.0,296.6333333333333,0.0,0.0,0.0,3.0,7.0,19.9,1.0,5.0,24.833333333333336,1.0,72.0,124.80000000000001,0.0,0.0,0.0,0.0,0.0,0.0,0.0,0.0,0.0,1.0,2.0,2.0,1.0,9.0,42.0,2.0,145.0,458.05,0.0,0.0,0.0,0.0,0.0,0.0,0.0,0.0,0.0,1.0,4.0,5.733333333333333,1.0,15.0,46.75,0.0,0.0,0.0
265,23,716,2274.866666666667,0.0,0.0,0.0,6.0,94.0,459.4166666666667,0.0,0.0,0.0,2.0,4.0,17.283333333333335,1.0,19.0,17.1,1.0,91.0,521.7333333333333,3.0,10.0,48.86666666666666,2.0,27.0,84.53333333333333,1.0,76.0,101.33333333333333,0.0,0.0,0.0,0.0,0.0,0.0,6.0,340.0,952.1833333333334,0.0,0.0,0.0,0.0,0.0,0.0,0.0,0.0,0.0,0.0,0.0,0.0,0.0,0.0,0.0,1.0,55.0,72.41666666666667
266,27,1016,3811.3166666666666,6.0,24.0,41.43333333333334,0.0,0.0,0.0,0.0,0.0,0.0,2.0,7.0,32.449999999999996,3.0,53.0,239.63333333333333,1.0,42.0,31.5,1.0,7.0,37.449999999999996,1.0,12.0,70.0,0.0,0.0,0.0,0.0,0.0,0.0,0.0,0.0,0.0,4.0,347.0,1389.6833333333334,0.0,0.0,0.0,0.0,0.0,0.0,6.0,456.0,1717.8,0.0,0.0,0.0,2.0,31.0,29.366666666666667,1.0,37.0,222.0
267,15,516,1968.1333333333332,2.0,5.0,23.1,1.0,21.0,14.0,0.0,0.0,0.0,3.0,18.0,62.06666666666666,0.0,0.0,0.0,1.0,89.0,223.98333333333332,2.0,9.0,40.849999999999994,0.0,0.0,0.0,0.0,0.0,0.0,0.0,0.0,0.0,0.0,0.0,0.0,1.0,85.0,280.5,0.0,0.0,0.0,0.0,0.0,0.0,2.0,155.0,655.3666666666667,0.0,0.0,0.0,1.0,12.0,23.2,2.0,122.0,645.0666666666666
268,21,564,1815.3333333333333,2.0,11.0,53.86666666666667,0.0,0.0,0.0,0.0,0.0,0.0,2.0,8.0,27.583333333333332,2.0,14.0,54.86666666666666,1.0,50.0,287.5,2.0,3.0,13.733333333333333,1.0,17.0,94.91666666666666,0.0,0.0,0.0,0.0,0.0,0.0,2.0,28.0,124.0,3.0,224.0,531.95,0.0,0.0,0.0,1.0,10.0,63.166666666666664,1.0,47.0,300.8,0.0,0.0,0.0,1.0,12.0,63.8,3.0,140.0,199.15
269,18,602,1784.5500000000002,4.0,11.0,57.81666666666666,3.0,47.0,76.08333333333334,0.0,0.0,0.0,1.0,6.0,32.7,1.0,23.0,76.28333333333333,0.0,0.0,0.0,0.0,0.0,0.0,0.0,0.0,0.0,0.0,0.0,0.0,0.0,0.0,0.0,2.0,26.0,84.31666666666668,1.0,73.0,164.25,0.0,0.0,0.0,0.0,0.0,0.0,2.0,171.0,541.8833333333333,0.0,0.0,0.0,1.0,4.0,24.533333333333335,3.0,241.0,726.6833333333334
270,26,997,3120.616666666667,3.0,9.0,37.9,2.0,33.0,108.33333333333333,1.0,127.0,23.28333333333333,2.0,5.0,28.2,0.0,0.0,0.0,1.0,86.0,220.73333333333335,4.0,10.0,27.366666666666667,1.0,18.0,44.7,0.0,0.0,0.0,0.0,0.0,0.0,0.0,0.0,0.0,5.0,453.0,1727.0666666666666,0.0,0.0,0.0,1.0,23.0,56.733333333333334,1.0,50.0,276.6666666666667,1.0,5.0,25.416666666666664,1.0,12.0,40.0,3.0,166.0,504.21666666666664
271,22,992,3168.7333333333336,0.0,0.0,0.0,4.0,28.0,97.83333333333331,0.0,0.0,0.0,0.0,0.0,0.0,2.0,34.0,147.61666666666667,1.0,65.0,292.5,1.0,5.0,29.583333333333336,2.0,30.0,84.60000000000001,0.0,0.0,0.0,0.0,0.0,0.0,1.0,8.0,10.266666666666667,3.0,117.0,314.75,1.0,5.0,6.166666666666667,0.0,0.0,0.0,4.0,422.0,1240.0,0.0,0.0,0.0,0.0,0.0,0.0,3.0,278.0,945.4166666666667
272,19,354,1070.6666666666667,3.0,11.0,37.733333333333334,2.0,25.0,110.00000000000001,0.0,0.0,0.0,3.0,14.0,62.46666666666667,0.0,0.0,0.0,0.0,0.0,0.0,0.0,0.0,0.0,2.0,19.0,60.9,0.0,0.0,0.0,0.0,0.0,0.0,3.0,39.0,123.98333333333335,1.0,38.0,120.96666666666665,0.0,0.0,0.0,1.0,8.0,28.133333333333333,0.0,0.0,0.0,0.0,0.0,0.0,0.0,0.0,0.0,4.0,200.0,526.4833333333333
273,23,705,1933.2666666666667,5.0,10.0,36.5,1.0,21.0,14.0,1.0,17.0,87.55000000000001,3.0,14.0,39.61666666666667,1.0,7.0,36.75,1.0,105.0,482.99999999999994,3.0,11.0,42.083333333333336,1.0,7.0,9.799999999999999,0.0,0.0,0.0,0.0,0.0,0.0,1.0,5.0,26.083333333333336,1.0,101.0,207.04999999999998,0.0,0.0,0.0,0.0,0.0,0.0,1.0,122.0,34.56666666666666,0.0,0.0,0.0,0.0,0.0,0.0,4.0,285.0,916.2666666666667
274,23,263,919.4,6.0,19.0,59.900000000000006,1.0,11.0,39.96666666666667,1.0,26.0,68.03333333333333,4.0,21.0,66.8,1.0,19.0,61.11666666666667,0.0,0.0,0.0,4.0,15.0,47.38333333333333,1.0,23.0,93.14999999999999,0.0,0.0,0.0,0.0,0.0,0.0,1.0,15.0,85.0,0.0,0.0,0.0,0.0,0.0,0.0,0.0,0.0,0.0,2.0,93.0,287.84999999999997,0.0,0.0,0.0,1.0,5.0,27.0,1.0,16.0,83.2
275,35,1127,2566.6,4.0,12.0,61.91666666666667,3.0,51.0,65.05,0.0,0.0,0.0,2.0,11.0,33.233333333333334,2.0,27.0,141.58333333333334,1.0,87.0,274.05,2.0,9.0,14.200000000000001,1.0,16.0,56.8,1.0,68.0,436.33333333333337,0.0,0.0,0.0,3.0,31.0,138.28333333333333,5.0,416.0,413.1333333333333,0.0,0.0,0.0,1.0,15.0,65.0,3.0,156.0,352.95,1.0,6.0,30.699999999999996,2.0,16.0,21.6,4.0,206.0,461.76666666666665
276,24,503,1596.0833333333333,2.0,7.0,27.616666666666664,2.0,39.0,163.15,0.0,0.0,0.0,2.0,8.0,36.083333333333336,0.0,0.0,0.0,0.0,0.0,0.0,4.0,17.0,58.516666666666666,1.0,14.0,16.099999999999998,1.0,22.0,119.9,0.0,0.0,0.0,5.0,104.0,414.58333333333337,2.0,125.0,316.7,1.0,1.0,4.3,2.0,27.0,34.333333333333336,2.0,139.0,404.8,0.0,0.0,0.0,0.0,0.0,0.0,0.0,0.0,0.0
277,20,514,1401.5666666666666,2.0,7.0,29.71666666666667,2.0,30.0,52.25,0.0,0.0,0.0,1.0,2.0,9.433333333333334,3.0,42.0,140.35000000000002,1.0,85.0,70.83333333333334,1.0,4.0,10.6,1.0,22.0,67.1,0.0,0.0,0.0,0.0,0.0,0.0,2.0,23.0,94.51666666666667,1.0,68.0,154.13333333333333,1.0,5.0,12.333333333333334,2.0,37.0,115.3,2.0,129.0,262.0,0.0,0.0,0.0,0.0,0.0,0.0,1.0,60.0,383.0
278,22,751,2852.5,2.0,3.0,10.616666666666667,1.0,9.0,39.3,0.0,0.0,0.0,1.0,4.0,24.666666666666668,2.0,17.0,57.599999999999994,0.0,0.0,0.0,1.0,6.0,13.3,2.0,27.0,90.05,1.0,56.0,271.59999999999997,0.0,0.0,0.0,0.0,0.0,0.0,6.0,395.0,1482.1833333333334,0.0,0.0,0.0,2.0,33.0,118.64999999999999,2.0,160.0,681.1666666666667,0.0,0.0,0.0,1.0,22.0,9.533333333333333,1.0,19.0,53.833333333333336
279,18,671,1945.8833333333334,1.0,6.0,33.3,0.0,0.0,0.0,1.0,95.0,435.41666666666663,2.0,8.0,25.4,0.0,0.0,0.0,1.0,53.0,90.1,0.0,0.0,0.0,3.0,35.0,80.18333333333332,1.0,52.0,138.66666666666666,0.0,0.0,0.0,2.0,20.0,69.41666666666667,2.0,166.0,170.89999999999998,0.0,0.0,0.0,0.0,0.0,0.0,1.0,105.0,497.0,0.0,0.0,0.0,1.0,7.0,35.699999999999996,3.0,124.0,369.80000000000007
280,18,547,2069.0333333333333,3.0,9.0,34.266666666666666,2.0,42.0,184.45000000000002,1.0,46.0,51.36666666666667,1.0,4.0,3.6666666666666665,1.0,5.0,10.583333333333334,0.0,0.0,0.0,0.0,0.0,0.0,0.0,0.0,0.0,0.0,0.0,0.0,0.0,0.0,0.0,2.0,38.0,197.38333333333333,4.0,164.0,249.66666666666663,0.0,0.0,0.0,1.0,7.0,27.883333333333333,2.0,179.0,969.6833333333334,0.0,0.0,0.0,0.0,0.0,0.0,1.0,53.0,340.08333333333337
281,22,630,2127.233333333333,1.0,3.0,3.75,2.0,26.0,90.73333333333333,1.0,41.0,161.95000000000002,1.0,3.0,4.5,0.0,0.0,0.0,0.0,0.0,0.0,2.0,4.0,22.2,3.0,45.0,126.65,1.0,16.0,60.53333333333333,0.0,0.0,0.0,2.0,19.0,66.71666666666667,3.0,206.0,1022.0499999999998,0.0,0.0,0.0,2.0,18.0,51.91666666666667,1.0,113.0,178.91666666666666,0.0,0.0,0.0,2.0,32.0,40.91666666666667,1.0,104.0,296.40000000000003
282,15,601,1988.05,3.0,14.0,52.48333333333333,1.0,4.0,6.333333333333333,1.0,90.0,412.5,2.0,12.0,31.91666666666667,1.0,10.0,9.333333333333334,3.0,338.0,962.4833333333333,1.0,3.0,18.349999999999998,0.0,0.0,0.0,0.0,0.0,0.0,0.0,0.0,0.0,1.0,9.0,54.599999999999994,1.0,111.0,431.05,0.0,0.0,0.0,0.0,0.0,0.0,0.0,0.0,0.0,0.0,0.0,0.0,1.0,10.0,9.0,0.0,0.0,0.0
283,21,541,1646.85,3.0,7.0,24.166666666666664,3.0,27.0,52.31666666666666,0.0,0.0,0.0,1.0,1.0,5.566666666666666,1.0,20.0,126.66666666666666,0.0,0.0,0.0,2.0,6.0,24.466666666666665,2.0,44.0,63.900000000000006,0.0,0.0,0.0,0.0,0.0,0.0,2.0,31.0,89.03333333333333,6.0,389.0,1187.9333333333334,0.0,0.0,0.0,0.0,0.0,0.0,0.0,0.0,0.0,0.0,0.0,0.0,0.0,0.0,0.0,1.0,16.0,72.8
284,27,559,2189.4166666666665,2.0,11.0,31.9,3.0,35.0,140.5,0.0,0.0,0.0,1.0,6.0,26.0,4.0,61.0,282.35,1.0,23.0,108.86666666666667,4.0,12.0,56.11666666666666,1.0,21.0,64.05,1.0,47.0,118.28333333333333,0.0,0.0,0.0,4.0,45.0,163.91666666666666,3.0,220.0,912.5833333333333,0.0,0.0,0.0,0.0,0.0,0.0,2.0,69.0,234.45,0.0,0.0,0.0,1.0,9.0,50.4,0.0,0.0,0.0
285,16,305,523.2333333333333,3.0,10.0,36.266666666666666,1.0,5.0,2.166666666666667,0.0,0.0,0.0,2.0,10.0,20.833333333333332,2.0,36.0,167.6,1.0,22.0,97.9,3.0,10.0,18.599999999999998,1.0,22.0,12.100000000000001,0.0,0.0,0.0,0.0,0.0,0.0,0.0,0.0,0.0,2.0,173.0,152.75,0.0,0.0,0.0,1.0,17.0,15.016666666666666,0.0,0.0,0.0,0.0,0.0,0.0,0.0,0.0,0.0,0.0,0.0,0.0
286,21,427,1252.3166666666666,2.0,10.0,49.46666666666666,0.0,0.0,0.0,0.0,0.0,0.0,3.0,11.0,21.21666666666667,5.0,64.0,170.8,2.0,127.0,330.43333333333334,0.0,0.0,0.0,2.0,43.0,92.38333333333334,0.0,0.0,0.0,0.0,0.0,0.0,3.0,27.0,23.366666666666667,1.0,69.0,315.09999999999997,0.0,0.0,0.0,1.0,17.0,5.1,0.0,0.0,0.0,0.0,0.0,0.0,1.0,21.0,136.15,1.0,38.0,108.3
287,20,483,1980.1333333333334,2.0,7.0,23.96666666666667,1.0,19.0,53.833333333333336,0.0,0.0,0.0,3.0,10.0,18.566666666666666,2.0,26.0,121.08333333333333,1.0,86.0,222.16666666666669,2.0,7.0,26.266666666666666,2.0,40.0,165.85000000000002,0.0,0.0,0.0,0.0,0.0,0.0,3.0,44.0,154.01666666666668,1.0,105.0,687.75,0.0,0.0,0.0,0.0,0.0,0.0,2.0,110.0,344.23333333333335,0.0,0.0,0.0,0.0,0.0,0.0,1.0,29.0,162.39999999999998
288,24,713,2207.6833333333334,1.0,4.0,21.466666666666665,3.0,53.0,235.6,0.0,0.0,0.0,3.0,17.0,82.7,2.0,24.0,99.95,0.0,0.0,0.0,3.0,5.0,15.8,0.0,0.0,0.0,0.0,0.0,0.0,0.0,0.0,0.0,1.0,14.0,28.0,2.0,179.0,120.76666666666667,0.0,0.0,0.0,1.0,23.0,41.016666666666666,2.0,98.0,596.1,0.0,0.0,0.0,1.0,17.0,27.766666666666666,5.0,279.0,938.5166666666667
289,22,644,1504.25,3.0,17.0,70.88333333333334,1.0,5.0,5.416666666666666,0.0,0.0,0.0,2.0,3.0,6.1,1.0,6.0,31.5,1.0,21.0,16.1,3.0,7.0,22.55,1.0,6.0,5.3,0.0,0.0,0.0,0.0,0.0,0.0,3.0,49.0,104.76666666666665,1.0,33.0,78.65,0.0,0.0,0.0,0.0,0.0,0.0,3.0,294.0,882.4666666666667,1.0,1.0,4.183333333333334,0.0,0.0,0.0,2.0,202.0,276.3333333333333
290,29,995,4116.2,3.0,13.0,36.65,2.0,28.0,128.6,0.0,0.0,0.0,2.0,10.0,36.766666666666666,3.0,40.0,184.66666666666666,1.0,115.0,609.5,1.0,2.0,12.0,2.0,26.0,89.35000000000001,1.0,127.0,110.06666666666668,0.0,0.0,0.0,1.0,13.0,71.93333333333334,6.0,352.0,1293.6166666666666,0.0,0.0,0.0,1.0,11.0,36.3,3.0,173.0,1000.4333333333333,1.0,3.0,14.45,1.0,18.0,97.2,1.0,64.0,394.6666666666667
291,16,278,871.3833333333334,2.0,9.0,22.55,1.0,18.0,20.4,0.0,0.0,0.0,0.0,0.0,0.0,3.0,48.0,88.6,0.0,0.0,0.0,2.0,7.0,24.833333333333336,2.0,26.0,48.63333333333333,0.0,0.0,0.0,0.0,0.0,0.0,0.0,0.0,0.0,2.0,84.0,326.2,0.0,0.0,0.0,2.0,16.0,85.23333333333333,2.0,70.0,254.93333333333337,0.0,0.0,0.0,0.0,0.0,0.0,0.0,0.0,0.0
292,24,876,3120.85,3.0,4.0,16.05,1.0,23.0,127.64999999999999,0.0,0.0,0.0,2.0,5.0,15.916666666666666,4.0,66.0,213.89999999999998,0.0,0.0,0.0,2.0,7.0,30.78333333333333,2.0,43.0,95.23333333333332,0.0,0.0,0.0,0.0,0.0,0.0,1.0,5.0,26.166666666666668,0.0,0.0,0.0,0.0,0.0,0.0,0.0,0.0,0.0,0.0,0.0,0.0,0.0,0.0,0.0,0.0,0.0,0.0,9.0,723.0,2595.15
293,15,656,2744.133333333333,3.0,11.0,31.166666666666668,1.0,6.0,19.0,0.0,0.0,0.0,1.0,7.0,39.78333333333333,0.0,0.0,0.0,1.0,126.0,678.3000000000001,0.0,0.0,0.0,0.0,0.0,0.0,0.0,0.0,0.0,1.0,2.0,1.3333333333333333,0.0,0.0,0.0,5.0,322.0,1372.85,1.0,2.0,11.8,0.0,0.0,0.0,0.0,0.0,0.0,0.0,0.0,0.0,0.0,0.0,0.0,2.0,180.0,589.9
294,18,643,2613.9833333333336,1.0,1.0,4.55,1.0,15.0,73.25,0.0,0.0,0.0,1.0,1.0,3.433333333333333,1.0,17.0,84.15,0.0,0.0,0.0,2.0,11.0,52.983333333333334,2.0,45.0,150.25,0.0,0.0,0.0,1.0,5.0,28.833333333333332,1.0,16.0,101.33333333333333,3.0,231.0,938.9666666666667,0.0,0.0,0.0,1.0,21.0,12.6,0.0,0.0,0.0,0.0,0.0,0.0,0.0,0.0,0.0,4.0,280.0,1163.6333333333334
295,14,387,1483.4833333333333,0.0,0.0,0.0,3.0,44.0,243.46666666666667,1.0,22.0,131.63333333333333,2.0,10.0,38.599999999999994,2.0,34.0,101.93333333333334,0.0,0.0,0.0,2.0,7.0,19.716666666666665,0.0,0.0,0.0,0.0,0.0,0.0,0.0,0.0,0.0,0.0,0.0,0.0,3.0,215.0,762.9666666666667,0.0,0.0,0.0,0.0,0.0,0.0,1.0,55.0,185.16666666666666,0.0,0.0,0.0,0.0,0.0,0.0,0.0,0.0,0.0
296,9,167,326.1,0.0,0.0,0.0,1.0,8.0,44.4,1.0,60.0,59.0,1.0,2.0,7.2,0.0,0.0,0.0,0.0,0.0,0.0,1.0,6.0,28.6,0.0,0.0,0.0,0.0,0.0,0.0,1.0,2.0,6.566666666666666,2.0,23.0,90.96666666666667,0.0,0.0,0.0,0.0,0.0,0.0,0.0,0.0,0.0,1.0,61.0,63.03333333333334,1.0,5.0,26.333333333333332,0.0,0.0,0.0,0.0,0.0,0.0
297,20,475,985.9,3.0,10.0,53.550000000000004,2.0,10.0,32.7,1.0,82.0,97.03333333333333,2.0,12.0,31.3,3.0,56.0,205.89999999999998,0.0,0.0,0.0,1.0,3.0,17.3,0.0,0.0,0.0,0.0,0.0,0.0,0.0,0.0,0.0,4.0,37.0,135.85,2.0,97.0,199.2,0.0,0.0,0.0,0.0,0.0,0.0,1.0,104.0,162.93333333333334,0.0,0.0,0.0,0.0,0.0,0.0,1.0,64.0,50.13333333333333
298,17,517,2179.35,1.0,7.0,9.683333333333334,1.0,9.0,10.35,0.0,0.0,0.0,3.0,12.0,50.4,2.0,36.0,129.18333333333334,0.0,0.0,0.0,1.0,6.0,32.5,3.0,36.0,196.98333333333335,0.0,0.0,0.0,0.0,0.0,0.0,1.0,10.0,21.166666666666668,4.0,322.0,1326.1833333333334,0.0,0.0,0.0,0.0,0.0,0.0,0.0,0.0,0.0,0.0,0.0,0.0,0.0,0.0,0.0,1.0,79.0,402.9
299,17,721,2478.3166666666666,1.0,6.0,2.3000000000000003,1.0,16.0,20.0,0.0,0.0,0.0,1.0,6.0,2.4000000000000004,2.0,22.0,37.55,0.0,0.0,0.0,0.0,0.0,0.0,1.0,14.0,80.5,1.0,116.0,427.26666666666665,0.0,0.0,0.0,2.0,17.0,82.14999999999999,4.0,221.0,477.55,0.0,0.0,0.0,0.0,0.0,0.0,1.0,56.0,19.599999999999998,0.0,0.0,0.0,1.0,4.0,8.4,2.0,243.0,1320.6
300,21,469,1442.3333333333333,3.0,8.0,30.56666666666667,1.0,15.0,12.0,0.0,0.0,0.0,6.0,22.0,77.75,1.0,4.0,2.8,0.0,0.0,0.0,2.0,14.0,53.550000000000004,0.0,0.0,0.0,0.0,0.0,0.0,0.0,0.0,0.0,1.0,4.0,16.8,0.0,0.0,0.0,0.0,0.0,0.0,2.0,19.0,63.56666666666667,3.0,301.0,1028.3833333333334,1.0,1.0,0.31666666666666665,0.0,0.0,0.0,1.0,81.0,156.6
301,28,791,2329.6,4.0,18.0,59.68333333333333,4.0,58.0,188.33333333333334,1.0,51.0,154.7,5.0,19.0,75.81666666666666,0.0,0.0,0.0,0.0,0.0,0.0,2.0,10.0,20.26666666666667,3.0,37.0,114.16666666666666,0.0,0.0,0.0,0.0,0.0,0.0,0.0,0.0,0.0,3.0,261.0,731.3499999999999,0.0,0.0,0.0,1.0,5.0,23.666666666666668,1.0,119.0,218.16666666666666,0.0,0.0,0.0,1.0,14.0,20.53333333333333,3.0,199.0,722.9166666666667
302,12,418,886.3333333333333,4.0,8.0,34.983333333333334,0.0,0.0,0.0,0.0,0.0,0.0,1.0,2.0,4.7,1.0,20.0,86.66666666666666,0.0,0.0,0.0,0.0,0.0,0.0,1.0,14.0,51.56666666666666,0.0,0.0,0.0,0.0,0.0,0.0,0.0,0.0,0.0,3.0,311.0,654.05,0.0,0.0,0.0,1.0,7.0,34.766666666666666,0.0,0.0,0.0,0.0,0.0,0.0,0.0,0.0,0.0,1.0,56.0,19.599999999999998
303,23,589,1690.8666666666666,5.0,20.0,74.35,0.0,0.0,0.0,0.0,0.0,0.0,4.0,15.0,53.25,0.0,0.0,0.0,0.0,0.0,0.0,1.0,2.0,6.866666666666666,3.0,40.0,172.43333333333334,1.0,63.0,372.75,0.0,0.0,0.0,0.0,0.0,0.0,4.0,237.0,462.09999999999997,0.0,0.0,0.0,0.0,0.0,0.0,3.0,177.0,459.75,0.0,0.0,0.0,1.0,14.0,80.96666666666667,1.0,21.0,8.4
304,28,821,2617.483333333333,2.0,9.0,22.416666666666668,0.0,0.0,0.0,0.0,0.0,0.0,5.0,14.0,64.18333333333334,2.0,28.0,134.58333333333334,1.0,57.0,314.45,2.0,7.0,31.416666666666664,1.0,9.0,53.400000000000006,3.0,247.0,382.8833333333333,0.0,0.0,0.0,4.0,67.0,291.0666666666666,1.0,91.0,470.1666666666667,0.0,0.0,0.0,2.0,37.0,55.86666666666667,0.0,0.0,0.0,1.0,5.0,20.333333333333332,1.0,4.0,12.6,3.0,246.0,764.1166666666667
305,23,789,2614.65,0.0,0.0,0.0,1.0,15.0,64.25,1.0,50.0,196.66666666666666,3.0,15.0,45.31666666666666,3.0,59.0,160.41666666666669,0.0,0.0,0.0,4.0,19.0,87.9,0.0,0.0,0.0,0.0,0.0,0.0,0.0,0.0,0.0,0.0,0.0,0.0,1.0,95.0,593.75,1.0,1.0,4.433333333333334,1.0,15.0,40.0,4.0,287.0,679.3833333333334,0.0,0.0,0.0,0.0,0.0,0.0,4.0,233.0,742.5333333333333
306,16,447,1464.2833333333333,0.0,0.0,0.0,1.0,22.0,130.16666666666669,1.0,36.0,196.8,4.0,19.0,75.7,1.0,20.0,94.0,0.0,0.0,0.0,1.0,4.0,1.2666666666666666,0.0,0.0,0.0,0.0,0.0,0.0,0.0,0.0,0.0,1.0,7.0,32.78333333333333,2.0,101.0,244.16666666666669,0.0,0.0,0.0,3.0,48.0,107.66666666666667,0.0,0.0,0.0,0.0,0.0,0.0,0.0,0.0,0.0,2.0,190.0,581.7333333333333
307,22,537,1140.9833333333333,3.0,12.0,50.43333333333334,2.0,17.0,48.21666666666667,0.0,0.0,0.0,2.0,5.0,18.9,1.0,12.0,32.400000000000006,0.0,0.0,0.0,2.0,7.0,12.683333333333334,2.0,32.0,10.216666666666667,0.0,0.0,0.0,1.0,4.0,15.0,3.0,27.0,99.78333333333333,2.0,115.0,169.41666666666666,0.0,0.0,0.0,0.0,0.0,0.0,2.0,132.0,264.5,0.0,0.0,0.0,0.0,0.0,0.0,2.0,174.0,419.4333333333333
308,22,875,1999.9,1.0,1.0,2.2,0.0,0.0,0.0,1.0,72.0,195.60000000000002,1.0,1.0,1.5,0.0,0.0,0.0,0.0,0.0,0.0,0.0,0.0,0.0,1.0,12.0,5.2,0.0,0.0,0.0,2.0,13.0,40.18333333333334,4.0,61.0,135.13333333333333,4.0,267.0,771.45,0.0,0.0,0.0,2.0,35.0,90.41666666666667,4.0,346.0,601.2666666666667,0.0,0.0,0.0,0.0,0.0,0.0,2.0,67.0,156.95
309,11,355,1074.4833333333333,0.0,0.0,0.0,2.0,21.0,91.0,0.0,0.0,0.0,2.0,7.0,43.150000000000006,0.0,0.0,0.0,1.0,80.0,160.0,1.0,6.0,34.9,0.0,0.0,0.0,0.0,0.0,0.0,0.0,0.0,0.0,2.0,36.0,119.3,0.0,0.0,0.0,0.0,0.0,0.0,0.0,0.0,0.0,2.0,185.0,601.1333333333333,0.0,0.0,0.0,1.0,20.0,25.0,0.0,0.0,0.0
310,14,291,994.1833333333334,1.0,2.0,1.9333333333333333,2.0,27.0,57.13333333333333,0.0,0.0,0.0,0.0,0.0,0.0,2.0,33.0,48.03333333333333,0.0,0.0,0.0,0.0,0.0,0.0,1.0,7.0,5.95,0.0,0.0,0.0,0.0,0.0,0.0,1.0,10.0,53.833333333333336,3.0,152.0,721.2166666666667,0.0,0.0,0.0,1.0,15.0,61.74999999999999,1.0,16.0,2.6666666666666665,1.0,2.0,11.966666666666667,0.0,0.0,0.0,1.0,27.0,29.700000000000003
311,20,572,1784.1,2.0,9.0,41.5,1.0,9.0,33.300000000000004,0.0,0.0,0.0,2.0,6.0,24.133333333333333,0.0,0.0,0.0,0.0,0.0,0.0,1.0,6.0,28.200000000000003,0.0,0.0,0.0,1.0,80.0,380.0,0.0,0.0,0.0,4.0,69.0,279.5833333333333,3.0,202.0,569.5166666666667,0.0,0.0,0.0,1.0,18.0,6.6,1.0,77.0,29.51666666666667,0.0,0.0,0.0,2.0,16.0,33.53333333333333,2.0,80.0,358.21666666666664
312,16,494,1765.4333333333334,2.0,5.0,29.683333333333334,0.0,0.0,0.0,1.0,20.0,75.0,2.0,8.0,14.4,1.0,14.0,46.43333333333334,0.0,0.0,0.0,1.0,4.0,14.933333333333334,1.0,8.0,33.46666666666667,0.0,0.0,0.0,1.0,3.0,9.200000000000001,1.0,19.0,101.01666666666667,2.0,118.0,235.93333333333334,0.0,0.0,0.0,1.0,7.0,40.25,0.0,0.0,0.0,0.0,0.0,0.0,0.0,0.0,0.0,3.0,288.0,1165.1166666666666
313,23,662,2457.0666666666666,2.0,8.0,10.733333333333334,2.0,37.0,99.93333333333334,0.0,0.0,0.0,1.0,3.0,11.35,5.0,71.0,208.85000000000002,1.0,52.0,65.0,2.0,8.0,40.06666666666667,0.0,0.0,0.0,0.0,0.0,0.0,0.0,0.0,0.0,0.0,0.0,0.0,3.0,246.0,834.6166666666667,1.0,2.0,10.966666666666667,1.0,20.0,110.0,4.0,208.0,1039.3,1.0,7.0,26.25,0.0,0.0,0.0,0.0,0.0,0.0
314,26,1313,4885.733333333334,2.0,7.0,20.166666666666664,1.0,16.0,81.06666666666666,1.0,110.0,287.8333333333333,4.0,9.0,39.2,2.0,45.0,185.31666666666666,2.0,199.0,451.43333333333334,0.0,0.0,0.0,1.0,8.0,8.133333333333333,0.0,0.0,0.0,0.0,0.0,0.0,1.0,5.0,6.416666666666667,3.0,240.0,996.0000000000001,0.0,0.0,0.0,1.0,21.0,132.29999999999998,3.0,284.0,1275.5166666666664,1.0,5.0,29.75,0.0,0.0,0.0,4.0,364.0,1372.6
315,19,793,1839.8833333333334,2.0,5.0,16.583333333333336,0.0,0.0,0.0,0.0,0.0,0.0,2.0,9.0,40.65,0.0,0.0,0.0,0.0,0.0,0.0,0.0,0.0,0.0,3.0,36.0,126.96666666666667,1.0,108.0,19.799999999999997,0.0,0.0,0.0,3.0,20.0,70.7,3.0,159.0,324.46666666666664,0.0,0.0,0.0,0.0,0.0,0.0,4.0,361.0,1080.8,0.0,0.0,0.0,0.0,0.0,0.0,1.0,95.0,159.91666666666666
316,17,608,2524.75,2.0,8.0,16.983333333333334,1.0,10.0,61.5,1.0,95.0,283.4166666666667,0.0,0.0,0.0,0.0,0.0,0.0,1.0,80.0,457.33333333333337,0.0,0.0,0.0,1.0,17.0,64.03333333333333,1.0,21.0,130.55,1.0,3.0,8.2,1.0,7.0,29.050000000000004,3.0,228.0,687.4,0.0,0.0,0.0,2.0,27.0,138.91666666666666,2.0,107.0,621.1166666666667,1.0,5.0,26.25,0.0,0.0,0.0,0.0,0.0,0.0
317,21,742,2823.9333333333334,2.0,8.0,27.3,0.0,0.0,0.0,0.0,0.0,0.0,1.0,3.0,5.8,2.0,34.0,72.66666666666667,0.0,0.0,0.0,4.0,19.0,73.0,0.0,0.0,0.0,2.0,158.0,979.9333333333334,1.0,6.0,36.800000000000004,0.0,0.0,0.0,4.0,360.0,1150.2166666666667,0.0,0.0,0.0,0.0,0.0,0.0,3.0,135.0,407.65,1.0,4.0,20.066666666666666,1.0,15.0,50.5,0.0,0.0,0.0
318,27,1095,3064.9333333333334,0.0,0.0,0.0,0.0,0.0,0.0,1.0,125.0,406.25,1.0,6.0,24.1,3.0,25.0,92.5,1.0,46.0,271.40000000000003,2.0,14.0,70.0,1.0,16.0,67.46666666666667,2.0,112.0,321.06666666666666,1.0,6.0,11.6,4.0,64.0,174.14999999999998,5.0,485.0,1001.5833333333333,1.0,1.0,1.9,0.0,0.0,0.0,0.0,0.0,0.0,0.0,0.0,0.0,2.0,21.0,63.06666666666666,3.0,174.0,559.8499999999999
319,19,532,1287.4333333333334,3.0,10.0,54.050000000000004,2.0,29.0,148.28333333333333,0.0,0.0,0.0,0.0,0.0,0.0,0.0,0.0,0.0,0.0,0.0,0.0,2.0,12.0,22.2,2.0,30.0,144.0,0.0,0.0,0.0,1.0,6.0,21.9,1.0,20.0,42.333333333333336,3.0,218.0,475.1833333333334,0.0,0.0,0.0,1.0,11.0,34.65,1.0,118.0,76.7,0.0,0.0,0.0,2.0,33.0,58.13333333333333,1.0,45.0,210.0
320,20,659,2259.15,2.0,5.0,10.283333333333333,3.0,52.0,175.56666666666666,1.0,43.0,155.51666666666668,0.0,0.0,0.0,3.0,36.0,177.66666666666669,1.0,17.0,68.0,0.0,0.0,0.0,1.0,5.0,1.5833333333333333,0.0,0.0,0.0,1.0,5.0,28.75,2.0,12.0,41.53333333333333,2.0,129.0,505.9666666666667,0.0,0.0,0.0,0.0,0.0,0.0,1.0,108.0,435.59999999999997,0.0,0.0,0.0,0.0,0.0,0.0,3.0,247.0,658.6833333333334
321,26,708,2248.416666666667,1.0,6.0,16.6,3.0,50.0,227.56666666666666,1.0,29.0,130.98333333333332,1.0,5.0,14.5,3.0,36.0,67.03333333333333,0.0,0.0,0.0,1.0,2.0,1.7666666666666666,2.0,17.0,82.03333333333333,2.0,132.0,583.6,0.0,0.0,0.0,5.0,77.0,313.28333333333336,1.0,49.0,289.9166666666667,0.0,0.0,0.0,0.0,0.0,0.0,2.0,110.0,119.80000000000001,1.0,4.0,2.2666666666666666,1.0,13.0,68.89999999999999,2.0,178.0,330.1666666666667
322,19,637,2236.0666666666666,4.0,17.0,36.11666666666667,0.0,0.0,0.0,0.0,0.0,0.0,1.0,5.0,24.0,1.0,23.0,80.88333333333333,0.0,0.0,0.0,0.0,0.0,0.0,0.0,0.0,0.0,0.0,0.0,0.0,1.0,7.0,28.699999999999996,0.0,0.0,0.0,4.0,276.0,943.1333333333333,0.0,0.0,0.0,1.0,15.0,13.25,2.0,56.0,245.9333333333333,0.0,0.0,0.0,2.0,27.0,32.38333333333333,3.0,211.0,831.6666666666667
323,20,527,1663.1000000000001,2.0,13.0,56.21666666666667,1.0,11.0,10.633333333333333,0.0,0.0,0.0,2.0,10.0,21.53333333333333,5.0,95.0,406.8833333333333,0.0,0.0,0.0,1.0,4.0,26.4,0.0,0.0,0.0,0.0,0.0,0.0,0.0,0.0,0.0,2.0,23.0,93.96666666666667,1.0,102.0,22.1,0.0,0.0,0.0,2.0,27.0,163.95,2.0,93.0,299.65000000000003,0.0,0.0,0.0,0.0,0.0,0.0,2.0,149.0,561.7666666666667
324,28,515,2289.3,3.0,15.0,60.36666666666667,0.0,0.0,0.0,0.0,0.0,0.0,7.0,24.0,63.35,0.0,0.0,0.0,0.0,0.0,0.0,1.0,3.0,1.45,0.0,0.0,0.0,0.0,0.0,0.0,0.0,0.0,0.0,5.0,46.0,166.66666666666666,0.0,0.0,0.0,2.0,13.0,63.43333333333334,1.0,16.0,87.46666666666667,4.0,256.0,1381.65,0.0,0.0,0.0,4.0,43.0,115.11666666666665,1.0,99.0,349.8
325,28,804,2991.0333333333333,2.0,13.0,17.6,1.0,14.0,83.06666666666666,1.0,81.0,359.1,3.0,10.0,41.93333333333333,0.0,0.0,0.0,2.0,61.0,223.66666666666669,3.0,8.0,25.53333333333333,2.0,28.0,108.93333333333332,0.0,0.0,0.0,0.0,0.0,0.0,3.0,38.0,131.56666666666666,3.0,214.0,742.1833333333334,0.0,0.0,0.0,1.0,20.0,61.333333333333336,1.0,17.0,15.3,0.0,0.0,0.0,2.0,46.0,171.35,4.0,254.0,1009.4666666666667
326,17,588,1698.2,0.0,0.0,0.0,2.0,24.0,80.25,0.0,0.0,0.0,2.0,11.0,41.96666666666667,1.0,4.0,17.2,0.0,0.0,0.0,2.0,3.0,3.9499999999999997,0.0,0.0,0.0,0.0,0.0,0.0,0.0,0.0,0.0,1.0,10.0,45.5,3.0,285.0,847.5,0.0,0.0,0.0,2.0,36.0,163.3,3.0,194.0,480.3333333333333,0.0,0.0,0.0,0.0,0.0,0.0,1.0,21.0,18.2
327,22,913,3435.7666666666664,0.0,0.0,0.0,2.0,18.0,98.69999999999999,1.0,107.0,278.2,5.0,13.0,41.4,0.0,0.0,0.0,0.0,0.0,0.0,0.0,0.0,0.0,1.0,17.0,71.96666666666667,0.0,0.0,0.0,0.0,0.0,0.0,3.0,32.0,198.26666666666665,6.0,465.0,1309.0666666666666,0.0,0.0,0.0,1.0,21.0,16.8,1.0,121.0,683.6500000000001,0.0,0.0,0.0,1.0,10.0,16.5,1.0,109.0,721.2166666666666
328,23,841,2864.4,1.0,3.0,13.7,2.0,15.0,88.3,1.0,107.0,271.06666666666666,2.0,10.0,39.733333333333334,1.0,14.0,78.63333333333333,3.0,259.0,826.0333333333333,1.0,1.0,6.033333333333333,2.0,20.0,89.6,0.0,0.0,0.0,0.0,0.0,0.0,1.0,8.0,40.266666666666666,1.0,26.0,44.199999999999996,0.0,0.0,0.0,1.0,13.0,81.46666666666667,3.0,179.0,638.3166666666666,1.0,2.0,11.433333333333334,0.0,0.0,0.0,3.0,184.0,635.6166666666667
329,23,734,2085.9333333333334,2.0,7.0,30.599999999999998,0.0,0.0,0.0,0.0,0.0,0.0,2.0,4.0,5.7,2.0,26.0,36.93333333333333,0.0,0.0,0.0,1.0,1.0,4.466666666666667,0.0,0.0,0.0,0.0,0.0,0.0,1.0,6.0,6.1,0.0,0.0,0.0,1.0,106.0,61.833333333333336,1.0,1.0,1.4,4.0,46.0,71.71666666666667,3.0,247.0,843.8833333333334,0.0,0.0,0.0,3.0,50.0,257.3,3.0,240.0,766.0
330,21,525,1615.05,1.0,6.0,26.400000000000002,2.0,39.0,83.88333333333333,0.0,0.0,0.0,4.0,11.0,49.0,2.0,23.0,117.33333333333333,0.0,0.0,0.0,3.0,16.0,35.66666666666667,0.0,0.0,0.0,0.0,0.0,0.0,0.0,0.0,0.0,1.0,18.0,26.700000000000003,1.0,34.0,142.23333333333335,0.0,0.0,0.0,2.0,23.0,107.75,5.0,355.0,1026.0833333333333,0.0,0.0,0.0,0.0,0.0,0.0,0.0,0.0,0.0
331,17,593,1649.5,4.0,12.0,53.766666666666666,1.0,20.0,71.66666666666667,0.0,0.0,0.0,3.0,11.0,59.91666666666666,1.0,9.0,19.05,1.0,34.0,216.46666666666664,0.0,0.0,0.0,0.0,0.0,0.0,0.0,0.0,0.0,0.0,0.0,0.0,0.0,0.0,0.0,4.0,299.0,1079.8,0.0,0.0,0.0,1.0,17.0,21.81666666666667,2.0,191.0,127.01666666666665,0.0,0.0,0.0,0.0,0.0,0.0,0.0,0.0,0.0
332,17,228,613.0,2.0,10.0,35.99999999999999,3.0,42.0,67.03333333333333,0.0,0.0,0.0,3.0,9.0,37.733333333333334,3.0,41.0,160.7,0.0,0.0,0.0,1.0,3.0,11.049999999999999,2.0,19.0,40.05,0.0,0.0,0.0,0.0,0.0,0.0,1.0,18.0,66.9,0.0,0.0,0.0,0.0,0.0,0.0,0.0,0.0,0.0,0.0,0.0,0.0,1.0,5.0,1.8333333333333333,0.0,0.0,0.0,1.0,81.0,191.7
333,20,666,2025.5166666666667,5.0,22.0,101.53333333333333,2.0,31.0,152.35,1.0,117.0,259.35,0.0,0.0,0.0,1.0,10.0,47.16666666666667,0.0,0.0,0.0,2.0,7.0,21.25,0.0,0.0,0.0,0.0,0.0,0.0,1.0,6.0,8.799999999999999,1.0,8.0,12.666666666666666,2.0,155.0,535.9166666666666,0.0,0.0,0.0,2.0,37.0,120.56666666666665,0.0,0.0,0.0,0.0,0.0,0.0,0.0,0.0,0.0,3.0,273.0,765.9166666666666
334,25,648,1387.3166666666666,4.0,25.0,100.38333333333334,3.0,44.0,208.5,0.0,0.0,0.0,4.0,13.0,46.849999999999994,1.0,8.0,22.266666666666666,0.0,0.0,0.0,2.0,7.0,10.533333333333333,1.0,9.0,16.05,0.0,0.0,0.0,0.0,0.0,0.0,2.0,30.0,26.15,2.0,114.0,192.68333333333334,0.0,0.0,0.0,1.0,17.0,94.06666666666666,3.0,286.0,338.75,0.0,0.0,0.0,1.0,10.0,12.333333333333334,1.0,85.0,318.75
335,22,546,1435.0833333333333,6.0,32.0,111.81666666666666,4.0,45.0,230.89999999999998,0.0,0.0,0.0,1.0,7.0,26.833333333333336,2.0,34.0,97.13333333333333,0.0,0.0,0.0,3.0,12.0,42.25,0.0,0.0,0.0,1.0,73.0,12.166666666666666,0.0,0.0,0.0,1.0,10.0,44.66666666666667,1.0,80.0,349.3333333333333,0.0,0.0,0.0,1.0,15.0,13.75,1.0,118.0,104.23333333333333,0.0,0.0,0.0,0.0,0.0,0.0,1.0,120.0,402.0
336,20,340,1562.2166666666667,3.0,16.0,65.61666666666667,1.0,9.0,28.950000000000003,0.0,0.0,0.0,2.0,7.0,30.749999999999996,1.0,7.0,11.549999999999999,0.0,0.0,0.0,4.0,20.0,65.16666666666667,3.0,35.0,61.516666666666666,0.0,0.0,0.0,0.0,0.0,0.0,1.0,21.0,21.349999999999998,4.0,221.0,1252.9166666666667,0.0,0.0,0.0,0.0,0.0,0.0,0.0,0.0,0.0,1.0,4.0,24.4,0.0,0.0,0.0,0.0,0.0,0.0
337,22,560,1990.7,1.0,5.0,1.5833333333333333,1.0,14.0,40.83333333333333,2.0,156.0,469.8,1.0,6.0,16.799999999999997,5.0,76.0,199.85,1.0,19.0,118.43333333333334,3.0,11.0,31.400000000000002,0.0,0.0,0.0,0.0,0.0,0.0,0.0,0.0,0.0,3.0,38.0,138.66666666666666,1.0,126.0,690.9,1.0,1.0,2.566666666666667,0.0,0.0,0.0,1.0,46.0,226.16666666666669,1.0,3.0,0.6000000000000001,0.0,0.0,0.0,1.0,59.0,53.1
338,23,708,2408.616666666667,4.0,20.0,75.91666666666667,2.0,10.0,52.16666666666667,0.0,0.0,0.0,2.0,7.0,7.283333333333333,0.0,0.0,0.0,1.0,35.0,86.91666666666667,3.0,10.0,27.4,1.0,19.0,57.0,0.0,0.0,0.0,0.0,0.0,0.0,1.0,15.0,53.5,2.0,215.0,681.5,0.0,0.0,0.0,0.0,0.0,0.0,1.0,62.0,289.33333333333337,1.0,1.0,3.0833333333333335,2.0,18.0,71.16666666666667,3.0,296.0,1003.35
339,20,373,1083.1666666666667,4.0,17.0,59.13333333333333,1.0,21.0,91.69999999999999,0.0,0.0,0.0,3.0,8.0,14.1,0.0,0.0,0.0,0.0,0.0,0.0,1.0,5.0,31.0,2.0,29.0,74.66666666666667,0.0,0.0,0.0,0.0,0.0,0.0,4.0,64.0,318.5,1.0,26.0,10.4,0.0,0.0,0.0,0.0,0.0,0.0,2.0,179.0,369.6166666666667,0.0,0.0,0.0,2.0,24.0,114.05,0.0,0.0,0.0
340,21,177,631.4166666666666,3.0,9.0,30.799999999999997,1.0,15.0,5.75,0.0,0.0,0.0,5.0,27.0,134.31666666666666,1.0,7.0,16.683333333333334,0.0,0.0,0.0,1.0,2.0,4.733333333333333,3.0,46.0,217.5,0.0,0.0,0.0,0.0,0.0,0.0,3.0,31.0,62.766666666666666,0.0,0.0,0.0,1.0,1.0,5.266666666666667,1.0,10.0,37.5,0.0,0.0,0.0,1.0,5.0,16.5,0.0,0.0,0.0,1.0,24.0,99.60000000000001
341,22,648,1718.0,3.0,10.0,39.516666666666666,0.0,0.0,0.0,0.0,0.0,0.0,1.0,5.0,13.583333333333334,2.0,23.0,138.86666666666665,0.0,0.0,0.0,3.0,7.0,34.583333333333336,3.0,50.0,115.03333333333333,1.0,84.0,218.4,1.0,6.0,2.4000000000000004,1.0,23.0,92.76666666666667,2.0,120.0,205.9,0.0,0.0,0.0,2.0,22.0,17.416666666666664,1.0,124.0,22.73333333333333,0.0,0.0,0.0,0.0,0.0,0.0,2.0,174.0,816.8000000000001
342,24,1138,3372.6,1.0,5.0,12.583333333333332,0.0,0.0,0.0,0.0,0.0,0.0,4.0,20.0,96.51666666666667,2.0,32.0,25.333333333333332,2.0,152.0,293.3666666666667,2.0,10.0,58.0,1.0,21.0,100.1,0.0,0.0,0.0,0.0,0.0,0.0,0.0,0.0,0.0,3.0,229.0,1072.8666666666666,0.0,0.0,0.0,3.0,43.0,234.03333333333333,4.0,421.0,676.5,0.0,0.0,0.0,0.0,0.0,0.0,2.0,205.0,803.3
343,11,404,1837.05,1.0,5.0,18.083333333333332,0.0,0.0,0.0,0.0,0.0,0.0,3.0,15.0,53.66666666666667,1.0,15.0,67.0,0.0,0.0,0.0,0.0,0.0,0.0,1.0,19.0,124.45,0.0,0.0,0.0,0.0,0.0,0.0,2.0,33.0,70.51666666666667,1.0,82.0,321.16666666666663,0.0,0.0,0.0,0.0,0.0,0.0,1.0,120.0,634.0,0.0,0.0,0.0,0.0,0.0,0.0,1.0,115.0,548.1666666666666
344,13,547,2606.6,2.0,3.0,9.45,1.0,16.0,29.066666666666666,0.0,0.0,0.0,0.0,0.0,0.0,2.0,16.0,52.65,0.0,0.0,0.0,1.0,6.0,2.7,0.0,0.0,0.0,0.0,0.0,0.0,0.0,0.0,0.0,0.0,0.0,0.0,4.0,367.0,1754.25,2.0,13.0,61.28333333333334,0.0,0.0,0.0,0.0,0.0,0.0,0.0,0.0,0.0,0.0,0.0,0.0,1.0,126.0,697.1999999999999
345,17,543,2188.6666666666665,2.0,10.0,50.58333333333333,1.0,15.0,32.25,0.0,0.0,0.0,2.0,6.0,8.45,1.0,12.0,5.0,0.0,0.0,0.0,0.0,0.0,0.0,0.0,0.0,0.0,1.0,22.0,52.8,0.0,0.0,0.0,5.0,71.0,303.56666666666666,0.0,0.0,0.0,0.0,0.0,0.0,1.0,9.0,16.8,2.0,202.0,951.0833333333333,0.0,0.0,0.0,0.0,0.0,0.0,2.0,196.0,768.1333333333333
346,21,870,3665.55,3.0,9.0,45.86666666666667,1.0,19.0,56.050000000000004,1.0,121.0,312.58333333333337,2.0,9.0,44.14999999999999,1.0,15.0,21.75,1.0,59.0,311.71666666666664,1.0,7.0,23.45,1.0,10.0,56.0,0.0,0.0,0.0,0.0,0.0,0.0,2.0,45.0,168.96666666666667,3.0,212.0,931.5,0.0,0.0,0.0,0.0,0.0,0.0,3.0,217.0,1034.6,0.0,0.0,0.0,0.0,0.0,0.0,2.0,147.0,658.9166666666666
347,30,933,3045.883333333333,4.0,18.0,30.733333333333334,3.0,43.0,166.06666666666666,0.0,0.0,0.0,3.0,10.0,35.4,0.0,0.0,0.0,1.0,69.0,24.15,1.0,7.0,6.183333333333334,2.0,28.0,86.23333333333333,1.0,100.0,376.6666666666667,1.0,6.0,14.5,2.0,29.0,126.31666666666666,6.0,361.0,1103.0,0.0,0.0,0.0,0.0,0.0,0.0,3.0,223.0,896.7,2.0,10.0,40.733333333333334,0.0,0.0,0.0,1.0,29.0,139.2
348,28,741,2317.5,3.0,16.0,78.23333333333333,0.0,0.0,0.0,1.0,56.0,179.20000000000002,4.0,12.0,34.88333333333333,3.0,41.0,105.03333333333333,2.0,106.0,521.2333333333333,4.0,18.0,75.5,1.0,7.0,24.733333333333334,0.0,0.0,0.0,0.0,0.0,0.0,2.0,24.0,35.266666666666666,1.0,79.0,455.56666666666666,0.0,0.0,0.0,3.0,42.0,87.88333333333334,3.0,272.0,655.3666666666666,0.0,0.0,0.0,0.0,0.0,0.0,1.0,68.0,64.6
349,23,569,1929.5166666666667,0.0,0.0,0.0,1.0,14.0,91.46666666666667,1.0,50.0,88.33333333333333,3.0,11.0,32.81666666666666,1.0,11.0,62.333333333333336,0.0,0.0,0.0,5.0,17.0,75.18333333333334,1.0,7.0,44.449999999999996,0.0,0.0,0.0,0.0,0.0,0.0,4.0,49.0,209.91666666666666,2.0,132.0,495.78333333333336,0.0,0.0,0.0,1.0,12.0,73.80000000000001,2.0,135.0,362.85,0.0,0.0,0.0,1.0,16.0,22.666666666666668,1.0,115.0,369.9166666666667
350,17,584,2271.9666666666667,1.0,2.0,4.2,2.0,33.0,119.76666666666667,0.0,0.0,0.0,0.0,0.0,0.0,0.0,0.0,0.0,1.0,115.0,421.66666666666663,3.0,10.0,48.63333333333334,0.0,0.0,0.0,0.0,0.0,0.0,0.0,0.0,0.0,2.0,35.0,84.75,2.0,143.0,661.3,0.0,0.0,0.0,1.0,21.0,54.6,1.0,89.0,413.85,0.0,0.0,0.0,3.0,19.0,71.25,1.0,117.0,391.95
351,28,754,2638.3166666666666,4.0,20.0,53.15,3.0,51.0,144.20000000000002,0.0,0.0,0.0,2.0,6.0,25.95,3.0,53.0,181.65,1.0,56.0,204.4,1.0,1.0,4.916666666666667,2.0,16.0,71.6,0.0,0.0,0.0,0.0,0.0,0.0,3.0,40.0,123.71666666666665,2.0,120.0,128.8,0.0,0.0,0.0,1.0,19.0,120.96666666666665,4.0,273.0,1146.4333333333334,0.0,0.0,0.0,1.0,17.0,49.86666666666666,1.0,82.0,382.6666666666667
352,13,337,1522.1166666666668,5.0,15.0,56.26666666666667,0.0,0.0,0.0,0.0,0.0,0.0,1.0,5.0,12.5,1.0,15.0,10.25,0.0,0.0,0.0,2.0,11.0,42.06666666666666,0.0,0.0,0.0,1.0,55.0,40.33333333333333,0.0,0.0,0.0,0.0,0.0,0.0,2.0,147.0,854.8833333333333,0.0,0.0,0.0,0.0,0.0,0.0,0.0,0.0,0.0,0.0,0.0,0.0,0.0,0.0,0.0,1.0,89.0,505.81666666666666
353,24,656,2906.883333333333,3.0,3.0,14.666666666666668,2.0,12.0,38.599999999999994,0.0,0.0,0.0,3.0,16.0,99.23333333333333,0.0,0.0,0.0,3.0,144.0,348.85,1.0,2.0,6.966666666666667,1.0,23.0,76.66666666666667,0.0,0.0,0.0,0.0,0.0,0.0,2.0,36.0,124.33333333333334,0.0,0.0,0.0,1.0,1.0,2.783333333333333,1.0,4.0,13.0,1.0,49.0,325.03333333333336,0.0,0.0,0.0,0.0,0.0,0.0,6.0,366.0,1856.75
354,22,503,1531.2,1.0,4.0,9.933333333333334,1.0,9.0,46.35,0.0,0.0,0.0,4.0,18.0,81.36666666666666,1.0,20.0,84.33333333333334,0.0,0.0,0.0,3.0,15.0,44.65,0.0,0.0,0.0,2.0,87.0,390.1833333333334,0.0,0.0,0.0,3.0,41.0,141.61666666666667,1.0,23.0,143.36666666666667,0.0,0.0,0.0,1.0,14.0,90.06666666666666,1.0,16.0,44.8,0.0,0.0,0.0,0.0,0.0,0.0,4.0,256.0,454.5333333333333
355,22,517,1671.2833333333333,1.0,3.0,2.65,3.0,28.0,84.19999999999999,0.0,0.0,0.0,4.0,7.0,13.616666666666669,2.0,22.0,126.16666666666667,0.0,0.0,0.0,1.0,5.0,16.75,2.0,27.0,19.7,0.0,0.0,0.0,1.0,7.0,33.6,0.0,0.0,0.0,4.0,239.0,536.2166666666667,0.0,0.0,0.0,0.0,0.0,0.0,2.0,149.0,726.5833333333334,0.0,0.0,0.0,2.0,30.0,111.8,0.0,0.0,0.0
356,24,866,3787.65,1.0,7.0,45.266666666666666,1.0,10.0,62.0,1.0,91.0,251.76666666666665,1.0,1.0,4.233333333333333,2.0,28.0,99.56666666666668,0.0,0.0,0.0,3.0,13.0,18.349999999999998,3.0,45.0,209.05,1.0,21.0,82.95,0.0,0.0,0.0,3.0,51.0,182.01666666666668,1.0,126.0,413.7,0.0,0.0,0.0,0.0,0.0,0.0,0.0,0.0,0.0,1.0,7.0,34.88333333333333,1.0,16.0,52.53333333333333,5.0,450.0,2331.3333333333335
357,19,453,1622.0666666666666,2.0,9.0,30.116666666666667,2.0,14.0,62.66666666666666,0.0,0.0,0.0,2.0,8.0,30.0,2.0,34.0,113.80000000000001,0.0,0.0,0.0,1.0,7.0,16.099999999999998,0.0,0.0,0.0,0.0,0.0,0.0,1.0,1.0,2.716666666666667,2.0,23.0,27.966666666666665,3.0,232.0,938.0166666666667,0.0,0.0,0.0,1.0,17.0,4.816666666666666,1.0,56.0,141.86666666666667,1.0,3.0,16.35,0.0,0.0,0.0,1.0,49.0,237.64999999999998
358,19,548,1273.5666666666666,4.0,14.0,37.166666666666664,0.0,0.0,0.0,0.0,0.0,0.0,2.0,11.0,66.33333333333333,2.0,35.0,48.38333333333333,1.0,70.0,33.833333333333336,1.0,3.0,13.150000000000002,0.0,0.0,0.0,0.0,0.0,0.0,0.0,0.0,0.0,1.0,21.0,133.7,2.0,213.0,195.93333333333334,0.0,0.0,0.0,1.0,22.0,108.9,2.0,66.0,191.3,1.0,1.0,0.6,1.0,16.0,23.733333333333334,1.0,76.0,420.5333333333333
359,19,557,2353.016666666667,2.0,4.0,14.183333333333334,0.0,0.0,0.0,0.0,0.0,0.0,4.0,18.0,44.0,1.0,6.0,2.0999999999999996,1.0,75.0,463.75,0.0,0.0,0.0,2.0,25.0,78.58333333333334,0.0,0.0,0.0,0.0,0.0,0.0,1.0,15.0,63.25,2.0,93.0,446.15000000000003,0.0,0.0,0.0,1.0,17.0,57.8,1.0,17.0,100.01666666666668,0.0,0.0,0.0,1.0,12.0,67.19999999999999,3.0,275.0,1015.9833333333333
360,17,666,2496.9500000000003,2.0,7.0,34.71666666666667,4.0,65.0,162.91666666666669,0.0,0.0,0.0,0.0,0.0,0.0,0.0,0.0,0.0,1.0,81.0,336.15000000000003,1.0,4.0,24.466666666666665,0.0,0.0,0.0,0.0,0.0,0.0,0.0,0.0,0.0,0.0,0.0,0.0,3.0,113.0,392.05,1.0,6.0,8.3,0.0,0.0,0.0,1.0,111.0,344.1,0.0,0.0,0.0,1.0,10.0,57.0,3.0,269.0,1137.25
361,24,543,1889.45,4.0,14.0,26.56666666666667,3.0,40.0,96.9,1.0,30.0,39.5,3.0,14.0,50.03333333333334,0.0,0.0,0.0,0.0,0.0,0.0,2.0,13.0,23.55,1.0,16.0,3.2,1.0,100.0,656.6666666666666,0.0,0.0,0.0,2.0,35.0,199.21666666666667,2.0,129.0,554.7333333333333,1.0,1.0,4.733333333333333,2.0,27.0,97.95,0.0,0.0,0.0,0.0,0.0,0.0,0.0,0.0,0.0,2.0,124.0,136.4
362,20,659,1948.05,1.0,7.0,17.5,3.0,37.0,202.38333333333333,0.0,0.0,0.0,3.0,9.0,40.13333333333333,0.0,0.0,0.0,0.0,0.0,0.0,1.0,4.0,17.733333333333334,0.0,0.0,0.0,0.0,0.0,0.0,0.0,0.0,0.0,1.0,6.0,15.899999999999999,2.0,191.0,701.4333333333333,0.0,0.0,0.0,2.0,13.0,32.233333333333334,3.0,154.0,348.4166666666667,0.0,0.0,0.0,1.0,7.0,43.050000000000004,3.0,231.0,529.2666666666667
363,20,505,1130.15,3.0,11.0,34.86666666666667,3.0,26.0,72.46666666666667,0.0,0.0,0.0,3.0,15.0,59.65,2.0,14.0,17.3,0.0,0.0,0.0,1.0,2.0,3.0,0.0,0.0,0.0,0.0,0.0,0.0,0.0,0.0,0.0,1.0,21.0,20.3,2.0,172.0,320.1333333333333,0.0,0.0,0.0,0.0,0.0,0.0,1.0,16.0,68.8,1.0,5.0,19.166666666666668,0.0,0.0,0.0,3.0,223.0,514.4666666666667
364,22,625,2429.4666666666667,5.0,24.0,119.83333333333333,2.0,26.0,139.89999999999998,1.0,126.0,336.0,5.0,15.0,69.11666666666667,0.0,0.0,0.0,0.0,0.0,0.0,1.0,4.0,9.066666666666666,0.0,0.0,0.0,1.0,66.0,369.59999999999997,0.0,0.0,0.0,3.0,47.0,149.05,3.0,253.0,1067.3,0.0,0.0,0.0,0.0,0.0,0.0,1.0,64.0,169.6,0.0,0.0,0.0,0.0,0.0,0.0,0.0,0.0,0.0
365,21,687,2523.7166666666667,4.0,21.0,62.1,0.0,0.0,0.0,1.0,74.0,349.03333333333336,0.0,0.0,0.0,1.0,17.0,102.28333333333333,1.0,64.0,358.4,4.0,17.0,53.46666666666667,1.0,18.0,104.69999999999999,0.0,0.0,0.0,0.0,0.0,0.0,0.0,0.0,0.0,3.0,248.0,552.4,0.0,0.0,0.0,2.0,24.0,57.68333333333334,0.0,0.0,0.0,0.0,0.0,0.0,1.0,10.0,51.333333333333336,3.0,194.0,832.3166666666666
366,17,668,2912.4666666666667,1.0,5.0,18.25,1.0,15.0,86.75,1.0,112.0,438.66666666666663,2.0,4.0,21.066666666666666,0.0,0.0,0.0,1.0,106.0,257.93333333333334,3.0,12.0,37.86666666666667,2.0,37.0,193.46666666666667,0.0,0.0,0.0,0.0,0.0,0.0,1.0,8.0,14.133333333333333,3.0,232.0,1220.9833333333336,0.0,0.0,0.0,0.0,0.0,0.0,1.0,115.0,565.4166666666667,0.0,0.0,0.0,1.0,22.0,57.93333333333333,0.0,0.0,0.0
367,21,525,2149.0333333333333,0.0,0.0,0.0,2.0,29.0,122.66666666666666,0.0,0.0,0.0,1.0,6.0,29.400000000000002,1.0,6.0,32.0,0.0,0.0,0.0,4.0,13.0,57.266666666666666,3.0,47.0,220.53333333333336,0.0,0.0,0.0,1.0,1.0,3.0166666666666666,2.0,40.0,196.3,3.0,174.0,683.0666666666667,0.0,0.0,0.0,0.0,0.0,0.0,3.0,186.0,788.6833333333334,0.0,0.0,0.0,1.0,23.0,16.099999999999998,0.0,0.0,0.0
368,19,458,2024.2,5.0,24.0,104.13333333333333,0.0,0.0,0.0,0.0,0.0,0.0,1.0,6.0,6.8,2.0,11.0,57.38333333333334,2.0,201.0,870.3,3.0,14.0,35.96666666666667,1.0,16.0,54.13333333333333,0.0,0.0,0.0,1.0,4.0,13.2,0.0,0.0,0.0,1.0,31.0,189.1,0.0,0.0,0.0,1.0,6.0,39.0,2.0,145.0,654.1833333333334,0.0,0.0,0.0,0.0,0.0,0.0,0.0,0.0,0.0
369,34,832,3111.8166666666666,5.0,20.0,75.25,5.0,68.0,289.6333333333333,0.0,0.0,0.0,2.0,5.0,23.733333333333334,3.0,38.0,90.16666666666667,0.0,0.0,0.0,4.0,22.0,96.4,0.0,0.0,0.0,0.0,0.0,0.0,0.0,0.0,0.0,2.0,30.0,20.700000000000003,5.0,376.0,1592.0166666666664,0.0,0.0,0.0,2.0,12.0,21.9,2.0,158.0,380.01666666666665,0.0,0.0,0.0,3.0,50.0,247.28333333333336,1.0,53.0,274.7166666666667
370,23,682,2815.05,1.0,3.0,17.700000000000003,1.0,5.0,24.833333333333336,1.0,107.0,576.0166666666668,4.0,15.0,71.6,0.0,0.0,0.0,0.0,0.0,0.0,4.0,25.0,67.36666666666666,2.0,22.0,60.2,0.0,0.0,0.0,2.0,10.0,30.7,0.0,0.0,0.0,3.0,297.0,1310.15,0.0,0.0,0.0,1.0,9.0,55.35,0.0,0.0,0.0,0.0,0.0,0.0,0.0,0.0,0.0,4.0,189.0,601.1333333333333
371,17,702,2689.75,4.0,14.0,51.0,0.0,0.0,0.0,0.0,0.0,0.0,1.0,4.0,14.0,0.0,0.0,0.0,0.0,0.0,0.0,1.0,3.0,2.9,1.0,13.0,79.73333333333333,0.0,0.0,0.0,0.0,0.0,0.0,1.0,21.0,78.4,3.0,338.0,1396.8166666666666,1.0,4.0,6.0,0.0,0.0,0.0,3.0,243.0,725.7666666666668,0.0,0.0,0.0,1.0,13.0,15.816666666666665,1.0,49.0,319.31666666666666
372,15,429,1547.1666666666667,1.0,5.0,15.5,1.0,5.0,21.166666666666668,0.0,0.0,0.0,0.0,0.0,0.0,0.0,0.0,0.0,0.0,0.0,0.0,2.0,9.0,46.53333333333333,1.0,20.0,72.0,0.0,0.0,0.0,0.0,0.0,0.0,1.0,12.0,54.2,2.0,43.0,83.5,0.0,0.0,0.0,1.0,15.0,90.0,2.0,93.0,410.45,0.0,0.0,0.0,2.0,22.0,39.5,2.0,205.0,714.3166666666666
373,20,431,1127.3,2.0,6.0,10.233333333333334,2.0,18.0,76.6,1.0,66.0,321.2,2.0,5.0,15.45,2.0,33.0,65.31666666666666,0.0,0.0,0.0,2.0,6.0,37.3,0.0,0.0,0.0,0.0,0.0,0.0,0.0,0.0,0.0,1.0,13.0,53.3,2.0,185.0,313.7833333333333,0.0,0.0,0.0,2.0,31.0,98.16666666666666,0.0,0.0,0.0,2.0,5.0,4.083333333333333,1.0,11.0,46.93333333333333,1.0,52.0,84.93333333333334
374,17,330,1058.6,2.0,12.0,47.16666666666667,0.0,0.0,0.0,0.0,0.0,0.0,5.0,18.0,56.28333333333334,0.0,0.0,0.0,1.0,22.0,44.36666666666667,2.0,5.0,3.3666666666666667,1.0,17.0,72.53333333333333,0.0,0.0,0.0,0.0,0.0,0.0,1.0,13.0,7.15,1.0,52.0,72.8,1.0,7.0,26.016666666666666,1.0,11.0,64.53333333333333,1.0,122.0,459.5333333333333,0.0,0.0,0.0,0.0,0.0,0.0,1.0,51.0,204.85
375,12,567,2433.633333333333,2.0,10.0,53.05,1.0,6.0,16.4,0.0,0.0,0.0,1.0,1.0,5.166666666666667,1.0,19.0,102.60000000000001,0.0,0.0,0.0,0.0,0.0,0.0,0.0,0.0,0.0,0.0,0.0,0.0,0.0,0.0,0.0,0.0,0.0,0.0,1.0,51.0,195.5,0.0,0.0,0.0,0.0,0.0,0.0,1.0,120.0,788.0,1.0,2.0,1.8666666666666667,0.0,0.0,0.0,4.0,358.0,1271.05
376,21,288,586.2833333333333,2.0,3.0,6.333333333333333,3.0,37.0,61.18333333333333,0.0,0.0,0.0,4.0,21.0,82.3,2.0,41.0,133.16666666666666,0.0,0.0,0.0,3.0,17.0,52.11666666666667,1.0,8.0,34.666666666666664,0.0,0.0,0.0,0.0,0.0,0.0,0.0,0.0,0.0,2.0,126.0,84.06666666666666,0.0,0.0,0.0,1.0,19.0,79.16666666666667,0.0,0.0,0.0,0.0,0.0,0.0,3.0,16.0,53.28333333333333,0.0,0.0,0.0
377,21,486,1848.25,2.0,7.0,29.55,2.0,36.0,180.03333333333336,1.0,47.0,96.35,2.0,7.0,23.133333333333333,0.0,0.0,0.0,0.0,0.0,0.0,2.0,10.0,52.3,0.0,0.0,0.0,1.0,101.0,461.2333333333333,2.0,10.0,55.10000000000001,2.0,24.0,104.01666666666667,1.0,56.0,209.06666666666666,0.0,0.0,0.0,1.0,9.0,17.25,1.0,103.0,202.56666666666666,0.0,0.0,0.0,3.0,28.0,125.64999999999999,1.0,48.0,292.0
378,18,381,1254.4833333333333,1.0,2.0,12.9,1.0,8.0,49.333333333333336,0.0,0.0,0.0,1.0,4.0,21.0,1.0,14.0,75.60000000000001,0.0,0.0,0.0,3.0,6.0,13.133333333333333,3.0,55.0,212.91666666666669,0.0,0.0,0.0,0.0,0.0,0.0,3.0,29.0,93.08333333333334,1.0,60.0,176.0,0.0,0.0,0.0,0.0,0.0,0.0,2.0,167.0,456.31666666666666,0.0,0.0,0.0,1.0,14.0,62.06666666666667,1.0,22.0,82.13333333333334
379,13,591,2520.1833333333334,1.0,7.0,30.800000000000004,0.0,0.0,0.0,0.0,0.0,0.0,0.0,0.0,0.0,1.0,9.0,21.9,0.0,0.0,0.0,0.0,0.0,0.0,0.0,0.0,0.0,0.0,0.0,0.0,0.0,0.0,0.0,0.0,0.0,0.0,5.0,323.0,1245.6333333333332,0.0,0.0,0.0,1.0,12.0,77.6,3.0,168.0,775.6666666666666,0.0,0.0,0.0,1.0,19.0,95.63333333333333,1.0,53.0,272.95000000000005
380,28,947,3265.916666666667,2.0,8.0,12.533333333333335,3.0,34.0,92.68333333333332,0.0,0.0,0.0,1.0,1.0,5.55,2.0,37.0,156.89999999999998,1.0,83.0,22.133333333333333,3.0,9.0,7.05,1.0,15.0,66.0,0.0,0.0,0.0,0.0,0.0,0.0,1.0,21.0,78.75,7.0,502.0,2085.4500000000003,0.0,0.0,0.0,2.0,19.0,45.6,2.0,52.0,131.81666666666666,0.0,0.0,0.0,1.0,11.0,5.316666666666666,2.0,155.0,556.1333333333333
381,27,547,1653.5166666666667,3.0,9.0,17.066666666666666,2.0,30.0,40.96666666666667,1.0,50.0,44.166666666666664,2.0,10.0,25.25,4.0,56.0,207.41666666666666,0.0,0.0,0.0,3.0,15.0,31.750000000000004,0.0,0.0,0.0,1.0,104.0,604.9333333333333,0.0,0.0,0.0,3.0,40.0,157.71666666666667,2.0,170.0,266.95,2.0,3.0,6.483333333333333,0.0,0.0,0.0,1.0,42.0,151.9,1.0,5.0,32.583333333333336,2.0,13.0,66.33333333333334,0.0,0.0,0.0
382,27,1095,4617.483333333334,5.0,16.0,73.65,1.0,20.0,100.66666666666666,0.0,0.0,0.0,3.0,10.0,21.933333333333334,0.0,0.0,0.0,0.0,0.0,0.0,2.0,5.0,11.666666666666666,0.0,0.0,0.0,1.0,113.0,662.9333333333333,1.0,3.0,8.9,2.0,15.0,11.616666666666667,8.0,649.0,2664.0166666666664,0.0,0.0,0.0,0.0,0.0,0.0,1.0,27.0,150.75,0.0,0.0,0.0,0.0,0.0,0.0,3.0,237.0,911.35
383,20,802,3254.3500000000004,2.0,9.0,18.266666666666666,2.0,30.0,47.266666666666666,0.0,0.0,0.0,1.0,5.0,11.166666666666668,1.0,4.0,1.4,0.0,0.0,0.0,2.0,5.0,13.716666666666667,0.0,0.0,0.0,1.0,93.0,559.55,0.0,0.0,0.0,1.0,19.0,96.26666666666667,3.0,232.0,1108.4666666666667,1.0,7.0,34.88333333333333,0.0,0.0,0.0,1.0,47.0,71.28333333333333,0.0,0.0,0.0,1.0,12.0,60.8,4.0,339.0,1231.2833333333333
384,19,432,1521.9666666666667,5.0,27.0,94.51666666666667,1.0,10.0,55.166666666666664,0.0,0.0,0.0,1.0,2.0,11.566666666666666,2.0,30.0,59.55,0.0,0.0,0.0,0.0,0.0,0.0,0.0,0.0,0.0,0.0,0.0,0.0,0.0,0.0,0.0,3.0,40.0,184.25,3.0,236.0,779.1666666666666,0.0,0.0,0.0,1.0,17.0,26.06666666666667,0.0,0.0,0.0,1.0,4.0,20.733333333333334,0.0,0.0,0.0,2.0,66.0,290.95
385,16,439,1725.2833333333333,1.0,1.0,1.8,1.0,19.0,34.2,0.0,0.0,0.0,0.0,0.0,0.0,0.0,0.0,0.0,0.0,0.0,0.0,3.0,12.0,61.116666666666674,1.0,20.0,125.66666666666666,0.0,0.0,0.0,0.0,0.0,0.0,3.0,39.0,145.71666666666667,2.0,124.0,385.0,0.0,0.0,0.0,1.0,8.0,36.0,1.0,26.0,105.73333333333332,0.0,0.0,0.0,0.0,0.0,0.0,3.0,190.0,830.05
386,13,413,1322.3,0.0,0.0,0.0,0.0,0.0,0.0,0.0,0.0,0.0,0.0,0.0,0.0,1.0,9.0,10.35,0.0,0.0,0.0,2.0,7.0,20.233333333333334,0.0,0.0,0.0,0.0,0.0,0.0,0.0,0.0,0.0,1.0,11.0,8.616666666666667,1.0,75.0,25.0,0.0,0.0,0.0,2.0,39.0,161.91666666666669,5.0,206.0,811.2833333333333,0.0,0.0,0.0,0.0,0.0,0.0,1.0,66.0,284.9
387,21,620,2653.45,3.0,12.0,28.31666666666667,1.0,5.0,25.5,1.0,77.0,143.73333333333335,4.0,18.0,75.98333333333333,1.0,10.0,39.66666666666667,0.0,0.0,0.0,1.0,5.0,32.083333333333336,0.0,0.0,0.0,0.0,0.0,0.0,0.0,0.0,0.0,2.0,25.0,126.08333333333334,4.0,253.0,1187.0166666666667,0.0,0.0,0.0,0.0,0.0,0.0,3.0,207.0,958.2666666666667,0.0,0.0,0.0,1.0,8.0,36.8,0.0,0.0,0.0
388,19,700,2648.1000000000004,1.0,6.0,18.2,5.0,70.0,226.5,0.0,0.0,0.0,1.0,1.0,6.066666666666666,1.0,5.0,27.25,0.0,0.0,0.0,0.0,0.0,0.0,1.0,19.0,45.916666666666664,0.0,0.0,0.0,0.0,0.0,0.0,0.0,0.0,0.0,4.0,441.0,1788.5500000000002,1.0,2.0,9.033333333333333,2.0,26.0,85.03333333333333,1.0,77.0,414.5166666666667,0.0,0.0,0.0,1.0,6.0,9.8,1.0,47.0,17.23333333333333
389,16,494,1633.9666666666667,1.0,2.0,3.2333333333333334,1.0,19.0,58.583333333333336,0.0,0.0,0.0,1.0,4.0,12.066666666666666,1.0,20.0,70.66666666666666,1.0,52.0,22.533333333333335,3.0,16.0,56.4,1.0,20.0,131.33333333333331,0.0,0.0,0.0,0.0,0.0,0.0,0.0,0.0,0.0,2.0,141.0,307.1,0.0,0.0,0.0,1.0,23.0,31.433333333333334,1.0,26.0,68.03333333333333,0.0,0.0,0.0,1.0,17.0,18.133333333333333,2.0,154.0,854.45
390,17,567,1882.05,1.0,3.0,11.75,2.0,23.0,53.35,1.0,50.0,110.83333333333334,1.0,2.0,6.433333333333334,1.0,13.0,79.51666666666667,0.0,0.0,0.0,3.0,11.0,13.9,0.0,0.0,0.0,0.0,0.0,0.0,0.0,0.0,0.0,0.0,0.0,0.0,3.0,280.0,1002.1333333333333,0.0,0.0,0.0,1.0,18.0,62.1,0.0,0.0,0.0,0.0,0.0,0.0,1.0,16.0,14.133333333333333,3.0,151.0,527.9
391,25,749,2715.05,1.0,4.0,10.533333333333333,1.0,22.0,10.633333333333333,0.0,0.0,0.0,1.0,4.0,6.6,2.0,16.0,44.93333333333334,0.0,0.0,0.0,2.0,7.0,22.566666666666666,3.0,36.0,47.733333333333334,0.0,0.0,0.0,0.0,0.0,0.0,1.0,20.0,79.0,5.0,330.0,1014.6666666666667,0.0,0.0,0.0,3.0,45.0,232.28333333333333,1.0,62.0,282.09999999999997,0.0,0.0,0.0,2.0,10.0,48.083333333333336,3.0,193.0,915.9166666666667
392,24,695,1250.8333333333333,2.0,8.0,46.083333333333336,2.0,34.0,121.35,0.0,0.0,0.0,4.0,12.0,25.366666666666667,0.0,0.0,0.0,0.0,0.0,0.0,0.0,0.0,0.0,1.0,18.0,23.400000000000002,0.0,0.0,0.0,2.0,7.0,6.083333333333333,3.0,48.0,81.9,5.0,297.0,322.16666666666663,0.0,0.0,0.0,1.0,14.0,3.2666666666666666,2.0,111.0,144.45,0.0,0.0,0.0,1.0,20.0,12.666666666666666,1.0,126.0,464.09999999999997
393,25,900,3047.2999999999997,6.0,28.0,98.16666666666666,2.0,31.0,123.96666666666667,0.0,0.0,0.0,1.0,3.0,12.899999999999999,2.0,23.0,59.43333333333334,0.0,0.0,0.0,2.0,6.0,15.966666666666667,1.0,8.0,40.666666666666664,0.0,0.0,0.0,0.0,0.0,0.0,1.0,6.0,21.400000000000002,3.0,324.0,1009.8666666666667,0.0,0.0,0.0,2.0,27.0,79.95,4.0,368.0,1178.3833333333332,0.0,0.0,0.0,0.0,0.0,0.0,1.0,76.0,406.59999999999997
394,16,761,3178.4166666666665,2.0,11.0,58.05,0.0,0.0,0.0,0.0,0.0,0.0,2.0,9.0,54.15,0.0,0.0,0.0,0.0,0.0,0.0,1.0,4.0,2.533333333333333,0.0,0.0,0.0,0.0,0.0,0.0,0.0,0.0,0.0,2.0,28.0,65.94999999999999,2.0,223.0,429.3,0.0,0.0,0.0,0.0,0.0,0.0,0.0,0.0,0.0,0.0,0.0,0.0,2.0,9.0,35.58333333333333,5.0,477.0,2532.85
395,17,440,1374.25,3.0,13.0,35.699999999999996,1.0,6.0,28.0,0.0,0.0,0.0,2.0,9.0,40.9,0.0,0.0,0.0,0.0,0.0,0.0,4.0,16.0,28.983333333333334,0.0,0.0,0.0,1.0,91.0,62.18333333333334,0.0,0.0,0.0,1.0,9.0,25.650000000000002,1.0,81.0,388.8,0.0,0.0,0.0,0.0,0.0,0.0,1.0,60.0,39.0,0.0,0.0,0.0,1.0,16.0,83.2,2.0,139.0,641.8333333333333
396,19,379,1476.7833333333333,1.0,4.0,25.4,2.0,28.0,144.43333333333334,0.0,0.0,0.0,2.0,6.0,19.833333333333336,1.0,6.0,9.4,0.0,0.0,0.0,4.0,9.0,35.949999999999996,0.0,0.0,0.0,0.0,0.0,0.0,1.0,3.0,9.149999999999999,0.0,0.0,0.0,0.0,0.0,0.0,0.0,0.0,0.0,0.0,0.0,0.0,3.0,269.0,1080.65,0.0,0.0,0.0,5.0,54.0,151.9666666666667,0.0,0.0,0.0
397,19,348,716.7166666666667,2.0,9.0,14.933333333333334,1.0,4.0,24.4,0.0,0.0,0.0,6.0,23.0,72.45,3.0,47.0,204.31666666666666,0.0,0.0,0.0,0.0,0.0,0.0,0.0,0.0,0.0,0.0,0.0,0.0,0.0,0.0,0.0,2.0,36.0,113.88333333333334,2.0,49.0,95.43333333333334,1.0,3.0,8.0,0.0,0.0,0.0,1.0,81.0,29.7,0.0,0.0,0.0,0.0,0.0,0.0,1.0,96.0,153.60000000000002
398,21,542,1631.6499999999999,3.0,7.0,37.45,3.0,34.0,78.28333333333333,0.0,0.0,0.0,3.0,6.0,14.233333333333334,0.0,0.0,0.0,0.0,0.0,0.0,3.0,15.0,42.78333333333333,2.0,29.0,88.6,0.0,0.0,0.0,0.0,0.0,0.0,1.0,17.0,85.85,1.0,55.0,170.5,0.0,0.0,0.0,1.0,11.0,72.41666666666666,2.0,243.0,808.4166666666666,0.0,0.0,0.0,1.0,12.0,76.80000000000001,1.0,113.0,156.31666666666666
399,19,561,1776.5,1.0,2.0,9.133333333333333,1.0,20.0,35.33333333333333,0.0,0.0,0.0,2.0,10.0,13.833333333333334,1.0,7.0,6.066666666666666,0.0,0.0,0.0,1.0,4.0,16.4,1.0,4.0,19.0,0.0,0.0,0.0,0.0,0.0,0.0,2.0,26.0,55.03333333333333,1.0,113.0,169.5,0.0,0.0,0.0,1.0,10.0,26.333333333333332,2.0,133.0,404.8666666666667,1.0,5.0,14.333333333333334,1.0,5.0,7.25,4.0,222.0,999.4166666666667
400,25,926,2477.733333333333,0.0,0.0,0.0,4.0,60.0,178.51666666666665,0.0,0.0,0.0,3.0,8.0,5.5166666666666675,1.0,13.0,67.16666666666667,0.0,0.0,0.0,4.0,17.0,33.18333333333334,1.0,7.0,25.900000000000002,0.0,0.0,0.0,0.0,0.0,0.0,0.0,0.0,0.0,5.0,463.0,1299.3,0.0,0.0,0.0,2.0,34.0,125.3,2.0,117.0,244.56666666666666,0.0,0.0,0.0,1.0,21.0,96.94999999999999,2.0,186.0,401.33333333333337
401,19,491,2498.166666666667,1.0,1.0,1.1333333333333333,1.0,20.0,21.666666666666664,0.0,0.0,0.0,2.0,4.0,9.25,0.0,0.0,0.0,0.0,0.0,0.0,4.0,26.0,90.38333333333334,1.0,20.0,7.333333333333333,0.0,0.0,0.0,0.0,0.0,0.0,2.0,19.0,62.8,3.0,161.0,874.6166666666667,0.0,0.0,0.0,1.0,13.0,76.26666666666667,1.0,42.0,276.5,0.0,0.0,0.0,1.0,10.0,6.0,2.0,175.0,1072.2166666666667
402,20,715,2818.1333333333337,1.0,3.0,12.7,1.0,20.0,114.66666666666667,1.0,30.0,39.5,0.0,0.0,0.0,3.0,41.0,69.94999999999999,0.0,0.0,0.0,2.0,9.0,18.416666666666668,0.0,0.0,0.0,1.0,117.0,469.95,0.0,0.0,0.0,3.0,55.0,240.66666666666669,1.0,24.0,158.79999999999998,0.0,0.0,0.0,0.0,0.0,0.0,3.0,132.0,495.76666666666665,0.0,0.0,0.0,1.0,20.0,83.66666666666667,3.0,264.0,1114.0500000000002
403,19,682,3044.3166666666666,1.0,3.0,16.4,2.0,38.0,135.5333333333333,0.0,0.0,0.0,0.0,0.0,0.0,0.0,0.0,0.0,0.0,0.0,0.0,3.0,11.0,48.266666666666666,1.0,23.0,140.29999999999998,0.0,0.0,0.0,0.0,0.0,0.0,1.0,13.0,5.8500000000000005,5.0,426.0,1941.3666666666666,0.0,0.0,0.0,2.0,11.0,22.816666666666663,1.0,42.0,203.0,1.0,2.0,9.633333333333333,1.0,19.0,7.283333333333334,1.0,94.0,513.8666666666667
404,14,373,1515.9666666666667,2.0,11.0,18.8,2.0,35.0,144.78333333333333,0.0,0.0,0.0,1.0,5.0,4.416666666666666,1.0,22.0,101.93333333333334,0.0,0.0,0.0,0.0,0.0,0.0,2.0,23.0,63.75,3.0,174.0,984.2166666666667,0.0,0.0,0.0,0.0,0.0,0.0,1.0,18.0,44.400000000000006,1.0,2.0,1.5,0.0,0.0,0.0,0.0,0.0,0.0,0.0,0.0,0.0,0.0,0.0,0.0,1.0,83.0,152.16666666666666
405,21,710,2078.883333333333,2.0,8.0,14.6,2.0,25.0,119.93333333333334,0.0,0.0,0.0,0.0,0.0,0.0,3.0,24.0,84.0,1.0,38.0,171.63333333333333,2.0,8.0,48.0,0.0,0.0,0.0,0.0,0.0,0.0,0.0,0.0,0.0,3.0,49.0,133.66666666666666,2.0,167.0,937.1,0.0,0.0,0.0,1.0,19.0,123.5,3.0,325.0,276.9,0.0,0.0,0.0,0.0,0.0,0.0,2.0,47.0,169.54999999999998
406,22,716,2439.75,2.0,9.0,17.416666666666668,3.0,33.0,110.85000000000001,0.0,0.0,0.0,2.0,8.0,7.566666666666666,1.0,16.0,93.6,0.0,0.0,0.0,3.0,11.0,39.0,0.0,0.0,0.0,0.0,0.0,0.0,0.0,0.0,0.0,2.0,28.0,73.73333333333333,3.0,264.0,756.6500000000001,0.0,0.0,0.0,0.0,0.0,0.0,3.0,224.0,802.8,1.0,5.0,3.0,0.0,0.0,0.0,2.0,118.0,535.1333333333333
407,20,442,1321.7833333333333,0.0,0.0,0.0,1.0,4.0,11.333333333333334,1.0,94.0,109.66666666666667,3.0,15.0,47.166666666666664,3.0,58.0,256.25,1.0,22.0,23.466666666666665,4.0,14.0,54.25,1.0,10.0,33.833333333333336,0.0,0.0,0.0,0.0,0.0,0.0,1.0,13.0,34.88333333333333,0.0,0.0,0.0,0.0,0.0,0.0,2.0,18.0,57.6,1.0,117.0,386.09999999999997,0.0,0.0,0.0,1.0,13.0,2.1666666666666665,1.0,64.0,305.06666666666666
408,23,827,2979.366666666667,4.0,18.0,60.050000000000004,2.0,24.0,156.35,1.0,43.0,94.60000000000001,0.0,0.0,0.0,2.0,38.0,82.03333333333333,2.0,150.0,440.5833333333333,4.0,22.0,54.63333333333333,0.0,0.0,0.0,1.0,87.0,569.85,0.0,0.0,0.0,0.0,0.0,0.0,3.0,328.0,1158.0166666666667,0.0,0.0,0.0,1.0,8.0,4.8,1.0,34.0,181.89999999999998,0.0,0.0,0.0,0.0,0.0,0.0,2.0,75.0,176.55
409,23,713,2388.9833333333336,2.0,3.0,10.65,2.0,27.0,133.28333333333333,0.0,0.0,0.0,1.0,1.0,4.55,1.0,4.0,3.1333333333333333,0.0,0.0,0.0,1.0,4.0,19.333333333333332,1.0,19.0,76.95,1.0,75.0,491.25,2.0,12.0,44.5,2.0,31.0,40.16666666666667,2.0,168.0,658.5,1.0,4.0,5.466666666666667,1.0,19.0,61.43333333333334,2.0,159.0,156.85,0.0,0.0,0.0,2.0,34.0,120.5,2.0,153.0,562.4166666666667
410,22,747,2570.9833333333336,3.0,12.0,48.86666666666666,0.0,0.0,0.0,1.0,91.0,297.26666666666665,1.0,1.0,2.3833333333333333,2.0,41.0,116.81666666666666,0.0,0.0,0.0,2.0,14.0,11.9,1.0,6.0,8.100000000000001,1.0,49.0,46.55,0.0,0.0,0.0,1.0,7.0,29.866666666666667,1.0,100.0,471.6666666666667,1.0,6.0,7.6,1.0,17.0,69.13333333333333,2.0,142.0,781.7666666666667,0.0,0.0,0.0,0.0,0.0,0.0,5.0,261.0,679.0666666666667
411,30,828,2646.766666666667,5.0,17.0,72.31666666666666,1.0,16.0,78.93333333333334,1.0,56.0,250.13333333333333,1.0,2.0,10.8,3.0,60.0,260.7,1.0,45.0,111.75,4.0,16.0,72.75,1.0,20.0,13.0,0.0,0.0,0.0,1.0,3.0,2.65,1.0,17.0,103.41666666666666,3.0,143.0,426.25,0.0,0.0,0.0,1.0,23.0,101.58333333333334,3.0,213.0,616.5333333333333,0.0,0.0,0.0,1.0,12.0,36.4,3.0,185.0,489.54999999999995
412,15,348,997.05,0.0,0.0,0.0,1.0,20.0,86.0,0.0,0.0,0.0,3.0,14.0,58.5,3.0,29.0,116.65,0.0,0.0,0.0,1.0,4.0,16.333333333333332,0.0,0.0,0.0,0.0,0.0,0.0,0.0,0.0,0.0,0.0,0.0,0.0,2.0,82.0,240.9666666666667,0.0,0.0,0.0,1.0,18.0,38.699999999999996,3.0,160.0,334.9,0.0,0.0,0.0,1.0,21.0,105.0,0.0,0.0,0.0
413,20,865,4043.266666666667,4.0,12.0,60.53333333333333,0.0,0.0,0.0,0.0,0.0,0.0,3.0,13.0,24.016666666666666,1.0,23.0,137.61666666666667,1.0,27.0,73.8,1.0,3.0,10.55,1.0,8.0,40.666666666666664,0.0,0.0,0.0,0.0,0.0,0.0,0.0,0.0,0.0,3.0,336.0,1769.25,0.0,0.0,0.0,0.0,0.0,0.0,1.0,124.0,806.0,0.0,0.0,0.0,0.0,0.0,0.0,5.0,319.0,1120.8333333333333
414,27,990,3292.2166666666667,4.0,14.0,35.05,2.0,15.0,36.0,0.0,0.0,0.0,4.0,15.0,43.66666666666667,0.0,0.0,0.0,0.0,0.0,0.0,0.0,0.0,0.0,3.0,27.0,107.31666666666666,1.0,83.0,470.33333333333337,0.0,0.0,0.0,0.0,0.0,0.0,7.0,512.0,2335.7,1.0,6.0,21.2,0.0,0.0,0.0,3.0,246.0,185.49999999999997,0.0,0.0,0.0,1.0,9.0,10.2,1.0,63.0,47.25
415,20,361,1385.9499999999998,2.0,14.0,23.21666666666667,2.0,28.0,96.56666666666666,0.0,0.0,0.0,1.0,7.0,43.4,2.0,16.0,54.93333333333334,0.0,0.0,0.0,5.0,16.0,69.56666666666666,0.0,0.0,0.0,0.0,0.0,0.0,0.0,0.0,0.0,0.0,0.0,0.0,0.0,0.0,0.0,0.0,0.0,0.0,1.0,22.0,67.83333333333334,4.0,161.0,631.6833333333334,0.0,0.0,0.0,2.0,29.0,70.08333333333333,1.0,68.0,328.66666666666663
416,18,453,1235.6,1.0,3.0,13.950000000000001,2.0,32.0,134.64999999999998,1.0,19.0,3.8000000000000003,3.0,12.0,43.9,4.0,48.0,205.0,0.0,0.0,0.0,0.0,0.0,0.0,0.0,0.0,0.0,0.0,0.0,0.0,0.0,0.0,0.0,0.0,0.0,0.0,0.0,0.0,0.0,1.0,3.0,10.55,0.0,0.0,0.0,3.0,184.0,160.31666666666666,0.0,0.0,0.0,1.0,10.0,31.5,2.0,142.0,631.9333333333334
417,20,559,1663.2166666666667,2.0,9.0,21.483333333333334,2.0,20.0,78.75,1.0,26.0,136.5,1.0,5.0,30.5,2.0,10.0,26.5,0.0,0.0,0.0,2.0,10.0,16.633333333333333,1.0,22.0,38.86666666666667,0.0,0.0,0.0,0.0,0.0,0.0,2.0,29.0,132.1,1.0,101.0,530.25,2.0,14.0,54.95,0.0,0.0,0.0,1.0,123.0,166.05,0.0,0.0,0.0,1.0,13.0,44.63333333333333,2.0,177.0,385.99999999999994
418,22,486,1587.4333333333334,3.0,10.0,45.4,2.0,41.0,143.63333333333333,0.0,0.0,0.0,2.0,7.0,10.816666666666666,1.0,8.0,20.266666666666666,0.0,0.0,0.0,0.0,0.0,0.0,2.0,16.0,51.8,0.0,0.0,0.0,0.0,0.0,0.0,1.0,20.0,74.0,2.0,69.0,259.75,1.0,3.0,8.75,2.0,36.0,102.05,2.0,153.0,242.03333333333336,0.0,0.0,0.0,3.0,47.0,183.06666666666666,1.0,76.0,445.8666666666666
419,29,614,2500.383333333333,6.0,28.0,79.41666666666667,0.0,0.0,0.0,1.0,40.0,246.66666666666669,2.0,13.0,25.766666666666666,4.0,36.0,79.2,1.0,54.0,80.10000000000001,3.0,11.0,10.183333333333334,3.0,37.0,193.23333333333332,0.0,0.0,0.0,0.0,0.0,0.0,2.0,29.0,79.13333333333333,3.0,286.0,1575.1999999999998,0.0,0.0,0.0,1.0,6.0,27.0,0.0,0.0,0.0,0.0,0.0,0.0,1.0,21.0,8.05,2.0,53.0,96.43333333333332
420,22,511,1777.4833333333333,0.0,0.0,0.0,1.0,19.0,50.666666666666664,0.0,0.0,0.0,5.0,19.0,74.16666666666666,1.0,9.0,23.7,0.0,0.0,0.0,2.0,9.0,28.049999999999997,1.0,22.0,7.333333333333333,0.0,0.0,0.0,0.0,0.0,0.0,2.0,15.0,74.4,3.0,143.0,550.3833333333333,0.0,0.0,0.0,2.0,32.0,119.69999999999999,2.0,100.0,262.23333333333335,0.0,0.0,0.0,1.0,21.0,19.25,2.0,122.0,567.6
421,25,606,2544.4,5.0,26.0,120.86666666666667,4.0,44.0,164.4,0.0,0.0,0.0,0.0,0.0,0.0,0.0,0.0,0.0,0.0,0.0,0.0,2.0,5.0,21.799999999999997,2.0,20.0,108.4,1.0,47.0,205.23333333333332,0.0,0.0,0.0,3.0,42.0,200.58333333333331,3.0,172.0,561.1833333333334,0.0,0.0,0.0,0.0,0.0,0.0,3.0,190.0,863.8333333333334,0.0,0.0,0.0,0.0,0.0,0.0,2.0,60.0,298.09999999999997
422,26,733,1906.8166666666668,3.0,14.0,26.749999999999996,3.0,45.0,129.96666666666667,0.0,0.0,0.0,3.0,12.0,41.733333333333334,1.0,18.0,61.8,0.0,0.0,0.0,2.0,11.0,65.68333333333334,0.0,0.0,0.0,1.0,115.0,80.5,0.0,0.0,0.0,4.0,54.0,168.61666666666667,4.0,327.0,1061.7166666666667,0.0,0.0,0.0,0.0,0.0,0.0,1.0,19.0,38.949999999999996,0.0,0.0,0.0,2.0,39.0,116.06666666666668,2.0,79.0,115.03333333333333
423,24,705,2171.1833333333334,1.0,3.0,6.8999999999999995,1.0,20.0,49.66666666666667,1.0,52.0,253.93333333333337,3.0,9.0,51.56666666666666,3.0,22.0,101.08333333333333,0.0,0.0,0.0,2.0,5.0,1.25,2.0,18.0,41.766666666666666,0.0,0.0,0.0,1.0,1.0,0.9166666666666666,1.0,20.0,56.66666666666667,3.0,241.0,704.65,1.0,4.0,4.8,0.0,0.0,0.0,2.0,135.0,215.38333333333333,0.0,0.0,0.0,1.0,7.0,41.65,2.0,168.0,640.95
424,22,806,3246.3,2.0,10.0,39.833333333333336,0.0,0.0,0.0,0.0,0.0,0.0,2.0,8.0,35.166666666666664,3.0,44.0,85.2,0.0,0.0,0.0,1.0,5.0,3.0,2.0,41.0,55.81666666666666,1.0,126.0,560.7,0.0,0.0,0.0,3.0,39.0,121.83333333333334,1.0,32.0,157.86666666666667,1.0,2.0,10.933333333333334,0.0,0.0,0.0,3.0,237.0,483.6,0.0,0.0,0.0,0.0,0.0,0.0,3.0,262.0,1692.35
425,23,639,2631.4333333333334,3.0,9.0,33.66666666666667,1.0,19.0,97.53333333333335,0.0,0.0,0.0,5.0,23.0,71.46666666666667,0.0,0.0,0.0,1.0,89.0,293.7,3.0,15.0,47.849999999999994,1.0,12.0,78.8,0.0,0.0,0.0,0.0,0.0,0.0,0.0,0.0,0.0,4.0,190.0,953.8333333333333,1.0,5.0,15.25,0.0,0.0,0.0,2.0,147.0,405.3,1.0,4.0,1.9333333333333333,0.0,0.0,0.0,1.0,126.0,632.1
426,17,489,1688.7833333333333,0.0,0.0,0.0,2.0,14.0,35.46666666666667,0.0,0.0,0.0,1.0,2.0,10.433333333333334,4.0,58.0,236.7,0.0,0.0,0.0,1.0,7.0,10.966666666666667,0.0,0.0,0.0,0.0,0.0,0.0,0.0,0.0,0.0,1.0,13.0,72.8,5.0,250.0,1173.8333333333335,1.0,4.0,25.6,1.0,22.0,33.733333333333334,1.0,119.0,89.25,0.0,0.0,0.0,0.0,0.0,0.0,0.0,0.0,0.0
427,23,501,1390.2666666666667,6.0,20.0,43.31666666666666,2.0,37.0,174.3,0.0,0.0,0.0,2.0,8.0,50.46666666666667,3.0,54.0,143.2,1.0,112.0,209.06666666666666,1.0,2.0,8.4,2.0,19.0,75.18333333333334,0.0,0.0,0.0,1.0,2.0,0.6666666666666666,1.0,13.0,45.06666666666667,4.0,234.0,640.6,0.0,0.0,0.0,0.0,0.0,0.0,0.0,0.0,0.0,0.0,0.0,0.0,0.0,0.0,0.0,0.0,0.0,0.0
428,23,583,1894.1666666666667,3.0,16.0,48.86666666666666,4.0,66.0,291.0333333333333,0.0,0.0,0.0,3.0,7.0,25.683333333333334,0.0,0.0,0.0,0.0,0.0,0.0,1.0,4.0,25.6,1.0,22.0,97.16666666666667,0.0,0.0,0.0,0.0,0.0,0.0,1.0,16.0,49.06666666666667,4.0,247.0,547.8833333333333,0.0,0.0,0.0,1.0,9.0,44.400000000000006,0.0,0.0,0.0,0.0,0.0,0.0,1.0,19.0,86.13333333333333,4.0,177.0,678.3333333333334
429,24,840,3286.5333333333333,4.0,18.0,42.75,1.0,7.0,18.2,0.0,0.0,0.0,2.0,9.0,12.016666666666666,3.0,41.0,139.88333333333333,0.0,0.0,0.0,2.0,11.0,37.349999999999994,2.0,19.0,105.01666666666667,0.0,0.0,0.0,0.0,0.0,0.0,1.0,23.0,90.46666666666667,7.0,587.0,2071.7666666666664,0.0,0.0,0.0,1.0,9.0,7.35,0.0,0.0,0.0,0.0,0.0,0.0,0.0,0.0,0.0,1.0,116.0,761.7333333333333
430,26,776,2363.6833333333334,3.0,11.0,27.75,0.0,0.0,0.0,0.0,0.0,0.0,0.0,0.0,0.0,1.0,16.0,9.866666666666667,0.0,0.0,0.0,1.0,6.0,22.099999999999998,1.0,15.0,70.75,0.0,0.0,0.0,2.0,9.0,36.25,4.0,33.0,85.95,2.0,136.0,275.76666666666665,0.0,0.0,0.0,0.0,0.0,0.0,8.0,423.0,1525.35,0.0,0.0,0.0,3.0,39.0,106.03333333333333,1.0,88.0,203.86666666666667
431,14,514,1946.9166666666667,2.0,10.0,52.93333333333334,1.0,22.0,77.36666666666666,0.0,0.0,0.0,1.0,1.0,6.45,1.0,16.0,20.0,1.0,38.0,118.43333333333334,2.0,5.0,15.166666666666668,0.0,0.0,0.0,0.0,0.0,0.0,0.0,0.0,0.0,0.0,0.0,0.0,5.0,355.0,1264.6166666666668,0.0,0.0,0.0,0.0,0.0,0.0,1.0,67.0,391.95,0.0,0.0,0.0,0.0,0.0,0.0,0.0,0.0,0.0
432,23,783,2807.883333333333,2.0,7.0,19.766666666666666,0.0,0.0,0.0,0.0,0.0,0.0,2.0,7.0,10.833333333333334,1.0,10.0,28.666666666666668,1.0,26.0,22.533333333333335,3.0,7.0,32.0,0.0,0.0,0.0,0.0,0.0,0.0,0.0,0.0,0.0,3.0,37.0,45.13333333333333,4.0,155.0,591.4666666666667,0.0,0.0,0.0,0.0,0.0,0.0,2.0,199.0,740.9499999999999,0.0,0.0,0.0,1.0,10.0,27.5,4.0,325.0,1289.0333333333333
433,21,575,1963.6499999999999,4.0,15.0,83.85,4.0,52.0,162.48333333333332,0.0,0.0,0.0,2.0,8.0,45.6,0.0,0.0,0.0,0.0,0.0,0.0,1.0,5.0,4.333333333333334,2.0,21.0,91.85000000000001,2.0,230.0,915.2166666666666,1.0,4.0,26.066666666666666,2.0,34.0,140.01666666666665,0.0,0.0,0.0,0.0,0.0,0.0,1.0,8.0,23.2,0.0,0.0,0.0,0.0,0.0,0.0,0.0,0.0,0.0,2.0,198.0,471.0333333333333
434,25,825,2399.65,4.0,14.0,58.9,2.0,27.0,70.5,1.0,116.0,759.8,2.0,13.0,7.433333333333334,1.0,15.0,88.75,0.0,0.0,0.0,1.0,1.0,1.75,2.0,36.0,204.2166666666667,0.0,0.0,0.0,0.0,0.0,0.0,3.0,50.0,77.86666666666667,3.0,212.0,580.0333333333333,0.0,0.0,0.0,0.0,0.0,0.0,1.0,104.0,41.6,0.0,0.0,0.0,2.0,34.0,162.0,3.0,203.0,346.79999999999995
435,28,844,3134.666666666667,4.0,11.0,32.916666666666664,1.0,5.0,28.75,4.0,292.0,1396.8000000000002,2.0,7.0,6.566666666666666,1.0,21.0,87.15,0.0,0.0,0.0,3.0,15.0,33.33333333333333,2.0,24.0,122.20000000000002,0.0,0.0,0.0,0.0,0.0,0.0,3.0,50.0,251.91666666666666,0.0,0.0,0.0,0.0,0.0,0.0,4.0,64.0,167.83333333333331,2.0,225.0,361.70000000000005,0.0,0.0,0.0,0.0,0.0,0.0,2.0,130.0,645.5
436,22,419,1409.0,3.0,7.0,17.116666666666667,1.0,4.0,15.0,0.0,0.0,0.0,1.0,5.0,11.916666666666666,3.0,40.0,139.1,1.0,46.0,280.59999999999997,3.0,15.0,68.64999999999999,2.0,20.0,77.66666666666667,0.0,0.0,0.0,0.0,0.0,0.0,4.0,51.0,120.91666666666667,0.0,0.0,0.0,0.0,0.0,0.0,0.0,0.0,0.0,1.0,118.0,182.9,1.0,4.0,9.2,0.0,0.0,0.0,2.0,109.0,485.9333333333334
437,21,753,1942.3666666666666,2.0,6.0,16.35,3.0,41.0,151.73333333333332,1.0,46.0,81.26666666666667,1.0,5.0,8.416666666666666,1.0,17.0,33.43333333333333,0.0,0.0,0.0,1.0,1.0,2.3833333333333333,0.0,0.0,0.0,2.0,133.0,266.41666666666663,0.0,0.0,0.0,1.0,13.0,56.76666666666666,5.0,276.0,515.25,1.0,6.0,34.0,0.0,0.0,0.0,1.0,56.0,238.0,0.0,0.0,0.0,0.0,0.0,0.0,2.0,153.0,538.3499999999999
438,24,653,2332.883333333333,4.0,17.0,34.96666666666667,1.0,16.0,86.66666666666667,1.0,122.0,742.1666666666666,2.0,4.0,17.333333333333336,2.0,39.0,30.25,0.0,0.0,0.0,3.0,7.0,17.65,1.0,18.0,66.3,0.0,0.0,0.0,0.0,0.0,0.0,1.0,12.0,39.0,1.0,97.0,365.3666666666667,0.0,0.0,0.0,1.0,8.0,2.8,3.0,189.0,426.1166666666667,0.0,0.0,0.0,2.0,24.0,53.99999999999999,2.0,100.0,450.26666666666665
439,17,481,1354.9333333333334,1.0,2.0,10.333333333333334,4.0,49.0,89.53333333333333,0.0,0.0,0.0,2.0,5.0,7.15,0.0,0.0,0.0,0.0,0.0,0.0,2.0,10.0,32.11666666666667,1.0,9.0,25.8,0.0,0.0,0.0,0.0,0.0,0.0,2.0,28.0,24.03333333333333,3.0,223.0,659.0,0.0,0.0,0.0,0.0,0.0,0.0,2.0,155.0,506.96666666666664,0.0,0.0,0.0,0.0,0.0,0.0,0.0,0.0,0.0
440,18,658,2558.766666666667,1.0,2.0,5.933333333333334,0.0,0.0,0.0,0.0,0.0,0.0,2.0,9.0,29.883333333333333,1.0,23.0,57.88333333333333,0.0,0.0,0.0,0.0,0.0,0.0,1.0,4.0,21.866666666666667,0.0,0.0,0.0,0.0,0.0,0.0,3.0,39.0,150.85,2.0,172.0,457.46666666666664,0.0,0.0,0.0,1.0,18.0,113.1,2.0,134.0,755.3833333333333,1.0,3.0,18.65,2.0,27.0,79.5,2.0,227.0,868.25
441,27,888,2441.8166666666666,2.0,6.0,19.200000000000003,2.0,26.0,60.35,0.0,0.0,0.0,3.0,10.0,11.399999999999999,2.0,29.0,102.28333333333333,0.0,0.0,0.0,0.0,0.0,0.0,0.0,0.0,0.0,1.0,57.0,30.4,0.0,0.0,0.0,3.0,39.0,110.31666666666666,6.0,389.0,1143.4666666666667,1.0,2.0,8.066666666666666,1.0,7.0,24.266666666666666,3.0,210.0,571.8166666666666,0.0,0.0,0.0,1.0,20.0,32.666666666666664,2.0,93.0,327.5833333333333
442,26,711,2823.4333333333334,3.0,9.0,35.11666666666666,4.0,47.0,230.68333333333334,0.0,0.0,0.0,1.0,2.0,1.9,1.0,17.0,79.05000000000001,0.0,0.0,0.0,4.0,7.0,13.216666666666667,1.0,11.0,46.93333333333333,0.0,0.0,0.0,0.0,0.0,0.0,2.0,23.0,73.53333333333333,3.0,167.0,641.6,0.0,0.0,0.0,1.0,19.0,50.03333333333333,2.0,119.0,478.45,0.0,0.0,0.0,0.0,0.0,0.0,4.0,290.0,1172.9166666666667
443,15,329,1187.8999999999999,3.0,16.0,43.53333333333333,2.0,24.0,62.55,1.0,91.0,488.3666666666666,1.0,7.0,15.283333333333331,0.0,0.0,0.0,0.0,0.0,0.0,1.0,6.0,12.1,1.0,21.0,39.55,0.0,0.0,0.0,0.0,0.0,0.0,1.0,14.0,80.96666666666667,3.0,120.0,418.16666666666663,0.0,0.0,0.0,1.0,23.0,13.033333333333333,0.0,0.0,0.0,0.0,0.0,0.0,1.0,7.0,14.349999999999998,0.0,0.0,0.0
444,23,529,1911.9499999999998,2.0,5.0,20.816666666666666,2.0,33.0,121.61666666666667,0.0,0.0,0.0,3.0,12.0,44.53333333333333,1.0,6.0,4.3999999999999995,0.0,0.0,0.0,4.0,21.0,59.7,1.0,20.0,92.0,0.0,0.0,0.0,0.0,0.0,0.0,2.0,35.0,110.25,2.0,164.0,705.1166666666666,0.0,0.0,0.0,1.0,4.0,14.933333333333334,1.0,64.0,416.0,0.0,0.0,0.0,2.0,36.0,64.93333333333334,2.0,129.0,257.65
445,22,1066,4152.083333333333,5.0,15.0,60.016666666666666,0.0,0.0,0.0,0.0,0.0,0.0,0.0,0.0,0.0,2.0,30.0,88.43333333333334,0.0,0.0,0.0,0.0,0.0,0.0,1.0,22.0,97.9,0.0,0.0,0.0,0.0,0.0,0.0,2.0,39.0,188.10000000000002,5.0,561.0,1737.1833333333334,0.0,0.0,0.0,1.0,8.0,31.333333333333332,1.0,127.0,374.65000000000003,0.0,0.0,0.0,3.0,34.0,50.86666666666667,2.0,230.0,1523.6
446,16,418,1090.2166666666667,4.0,9.0,19.733333333333334,0.0,0.0,0.0,1.0,34.0,139.96666666666664,1.0,2.0,6.2,1.0,6.0,7.4,0.0,0.0,0.0,1.0,5.0,8.833333333333332,2.0,36.0,138.3,0.0,0.0,0.0,0.0,0.0,0.0,2.0,24.0,137.35,1.0,79.0,211.98333333333332,0.0,0.0,0.0,0.0,0.0,0.0,0.0,0.0,0.0,0.0,0.0,0.0,1.0,23.0,87.78333333333333,2.0,200.0,332.6666666666667
447,31,941,3517.266666666667,0.0,0.0,0.0,2.0,28.0,88.93333333333334,1.0,95.0,473.4166666666667,5.0,16.0,58.7,0.0,0.0,0.0,1.0,21.0,40.6,3.0,8.0,19.2,1.0,13.0,10.4,0.0,0.0,0.0,1.0,5.0,4.166666666666667,3.0,47.0,182.95,4.0,250.0,965.8833333333334,0.0,0.0,0.0,2.0,37.0,157.33333333333331,2.0,166.0,908.05,0.0,0.0,0.0,2.0,36.0,49.55,4.0,219.0,558.0833333333334
448,21,413,1704.0833333333333,3.0,16.0,59.48333333333333,1.0,22.0,104.13333333333334,1.0,26.0,164.23333333333332,2.0,8.0,22.96666666666667,2.0,17.0,54.25,0.0,0.0,0.0,2.0,5.0,20.95,1.0,8.0,8.4,0.0,0.0,0.0,0.0,0.0,0.0,0.0,0.0,0.0,0.0,0.0,0.0,0.0,0.0,0.0,3.0,44.0,129.01666666666665,1.0,115.0,385.25,0.0,0.0,0.0,3.0,43.0,208.13333333333333,2.0,109.0,547.2666666666667
449,21,690,1867.1333333333332,2.0,8.0,38.36666666666667,0.0,0.0,0.0,3.0,139.0,358.04999999999995,2.0,10.0,23.766666666666666,3.0,55.0,236.81666666666666,2.0,126.0,400.1333333333333,1.0,4.0,11.066666666666666,0.0,0.0,0.0,0.0,0.0,0.0,0.0,0.0,0.0,2.0,30.0,79.69999999999999,2.0,188.0,337.6,0.0,0.0,0.0,0.0,0.0,0.0,1.0,42.0,271.6,0.0,0.0,0.0,2.0,17.0,9.450000000000001,1.0,71.0,100.58333333333334
450,21,324,1261.2,4.0,24.0,77.23333333333333,2.0,26.0,135.53333333333333,0.0,0.0,0.0,3.0,7.0,25.966666666666665,0.0,0.0,0.0,1.0,35.0,160.41666666666666,2.0,8.0,25.416666666666668,1.0,20.0,59.0,0.0,0.0,0.0,0.0,0.0,0.0,0.0,0.0,0.0,0.0,0.0,0.0,1.0,1.0,2.316666666666667,1.0,4.0,11.533333333333333,1.0,55.0,211.75,0.0,0.0,0.0,3.0,44.0,136.70000000000002,2.0,100.0,415.3333333333333
451,21,524,2099.1833333333334,4.0,15.0,53.25,3.0,44.0,250.51666666666665,0.0,0.0,0.0,2.0,11.0,64.58333333333333,2.0,33.0,110.55,1.0,106.0,438.1333333333334,2.0,7.0,22.01666666666667,1.0,15.0,4.0,0.0,0.0,0.0,0.0,0.0,0.0,0.0,0.0,0.0,1.0,98.0,480.20000000000005,1.0,5.0,30.083333333333332,0.0,0.0,0.0,1.0,93.0,238.70000000000002,1.0,4.0,1.8,1.0,18.0,104.1,1.0,75.0,301.25
452,16,524,1901.3666666666666,1.0,6.0,24.5,2.0,26.0,141.75,0.0,0.0,0.0,0.0,0.0,0.0,1.0,23.0,113.08333333333334,0.0,0.0,0.0,2.0,9.0,27.75,0.0,0.0,0.0,0.0,0.0,0.0,0.0,0.0,0.0,2.0,44.0,205.33333333333331,2.0,163.0,404.69999999999993,1.0,7.0,1.6333333333333333,1.0,8.0,40.4,1.0,94.0,448.06666666666666,0.0,0.0,0.0,0.0,0.0,0.0,3.0,144.0,494.15
453,23,907,2894.883333333333,6.0,27.0,74.51666666666667,0.0,0.0,0.0,1.0,126.0,428.4,3.0,15.0,59.25000000000001,0.0,0.0,0.0,1.0,101.0,659.8666666666667,0.0,0.0,0.0,2.0,38.0,139.63333333333333,1.0,63.0,413.7,0.0,0.0,0.0,2.0,29.0,26.85,0.0,0.0,0.0,0.0,0.0,0.0,1.0,7.0,31.266666666666666,3.0,254.0,351.46666666666664,0.0,0.0,0.0,1.0,22.0,17.966666666666665,2.0,225.0,691.9666666666667
454,25,557,1395.5166666666667,6.0,21.0,59.16666666666667,1.0,21.0,84.0,0.0,0.0,0.0,0.0,0.0,0.0,2.0,16.0,71.48333333333333,0.0,0.0,0.0,4.0,7.0,33.28333333333333,2.0,35.0,169.16666666666669,0.0,0.0,0.0,1.0,5.0,19.333333333333332,1.0,16.0,92.8,1.0,124.0,471.2,0.0,0.0,0.0,3.0,56.0,106.93333333333334,2.0,189.0,234.15,0.0,0.0,0.0,0.0,0.0,0.0,2.0,67.0,54.0
455,23,640,2156.233333333333,2.0,11.0,48.733333333333334,3.0,21.0,79.85,0.0,0.0,0.0,3.0,14.0,64.1,0.0,0.0,0.0,0.0,0.0,0.0,2.0,12.0,17.21666666666667,1.0,7.0,6.183333333333334,1.0,30.0,92.5,1.0,6.0,19.5,2.0,25.0,74.91666666666667,4.0,285.0,1087.7,1.0,3.0,7.15,0.0,0.0,0.0,1.0,113.0,290.03333333333336,0.0,0.0,0.0,1.0,5.0,4.75,1.0,108.0,363.6
456,20,451,2003.5166666666669,1.0,4.0,10.733333333333333,1.0,20.0,24.666666666666668,0.0,0.0,0.0,5.0,23.0,59.65,3.0,25.0,98.93333333333334,0.0,0.0,0.0,1.0,1.0,1.85,1.0,9.0,26.700000000000003,0.0,0.0,0.0,1.0,4.0,12.733333333333333,0.0,0.0,0.0,2.0,159.0,809.6500000000001,0.0,0.0,0.0,1.0,13.0,33.800000000000004,1.0,68.0,440.8666666666667,0.0,0.0,0.0,2.0,17.0,102.33333333333334,1.0,108.0,381.59999999999997
457,13,319,1207.85,3.0,7.0,24.983333333333334,1.0,4.0,20.333333333333332,2.0,103.0,297.1166666666667,1.0,3.0,18.95,0.0,0.0,0.0,0.0,0.0,0.0,1.0,2.0,4.1,0.0,0.0,0.0,0.0,0.0,0.0,0.0,0.0,0.0,0.0,0.0,0.0,1.0,70.0,392.0,0.0,0.0,0.0,1.0,22.0,51.333333333333336,1.0,30.0,182.5,0.0,0.0,0.0,1.0,8.0,25.2,1.0,70.0,191.33333333333334
458,17,194,762.9,2.0,2.0,6.316666666666666,1.0,20.0,58.33333333333333,0.0,0.0,0.0,3.0,11.0,42.8,2.0,22.0,77.03333333333333,0.0,0.0,0.0,2.0,9.0,47.31666666666667,1.0,15.0,33.75,0.0,0.0,0.0,0.0,0.0,0.0,1.0,7.0,40.36666666666667,0.0,0.0,0.0,0.0,0.0,0.0,0.0,0.0,0.0,1.0,22.0,117.33333333333333,1.0,6.0,3.0,1.0,13.0,14.516666666666667,2.0,67.0,322.1333333333333
459,16,579,1699.6,1.0,7.0,17.150000000000002,1.0,11.0,1.8333333333333333,1.0,55.0,138.41666666666666,0.0,0.0,0.0,3.0,30.0,64.4,0.0,0.0,0.0,2.0,6.0,33.1,1.0,17.0,76.5,0.0,0.0,0.0,0.0,0.0,0.0,0.0,0.0,0.0,2.0,173.0,852.9833333333333,2.0,6.0,24.950000000000003,0.0,0.0,0.0,2.0,173.0,424.6166666666667,0.0,0.0,0.0,0.0,0.0,0.0,1.0,101.0,65.65
460,27,654,2415.25,6.0,17.0,59.766666666666666,0.0,0.0,0.0,0.0,0.0,0.0,1.0,7.0,20.066666666666666,1.0,6.0,31.3,0.0,0.0,0.0,3.0,12.0,57.150000000000006,1.0,7.0,11.549999999999999,0.0,0.0,0.0,0.0,0.0,0.0,2.0,22.0,52.75,5.0,214.0,419.18333333333334,1.0,1.0,4.3,0.0,0.0,0.0,1.0,122.0,516.4666666666667,1.0,5.0,19.25,2.0,28.0,99.46666666666667,3.0,213.0,1124.0
461,21,330,1249.6333333333332,4.0,18.0,51.98333333333333,2.0,38.0,128.36666666666665,0.0,0.0,0.0,3.0,12.0,53.03333333333333,1.0,22.0,32.63333333333333,0.0,0.0,0.0,2.0,7.0,24.56666666666667,0.0,0.0,0.0,0.0,0.0,0.0,0.0,0.0,0.0,2.0,18.0,85.88333333333333,2.0,151.0,635.7166666666666,0.0,0.0,0.0,1.0,15.0,62.00000000000001,0.0,0.0,0.0,2.0,7.0,13.083333333333334,1.0,4.0,11.0,1.0,38.0,151.36666666666667
462,19,712,2012.5833333333335,1.0,5.0,22.333333333333336,0.0,0.0,0.0,1.0,38.0,205.20000000000002,1.0,4.0,6.266666666666667,1.0,7.0,35.93333333333334,0.0,0.0,0.0,2.0,3.0,6.883333333333334,0.0,0.0,0.0,1.0,71.0,44.96666666666666,0.0,0.0,0.0,2.0,24.0,112.00000000000001,5.0,464.0,1165.4166666666667,0.0,0.0,0.0,3.0,46.0,167.31666666666666,1.0,46.0,239.20000000000002,0.0,0.0,0.0,1.0,4.0,7.066666666666666,0.0,0.0,0.0
463,16,198,529.65,6.0,27.0,111.53333333333333,2.0,33.0,134.33333333333334,0.0,0.0,0.0,2.0,8.0,28.28333333333333,0.0,0.0,0.0,0.0,0.0,0.0,2.0,6.0,19.033333333333335,0.0,0.0,0.0,0.0,0.0,0.0,0.0,0.0,0.0,0.0,0.0,0.0,0.0,0.0,0.0,0.0,0.0,0.0,1.0,22.0,13.933333333333334,0.0,0.0,0.0,0.0,0.0,0.0,1.0,6.0,3.0,2.0,96.0,219.53333333333333
464,17,670,1930.6333333333332,3.0,10.0,19.4,0.0,0.0,0.0,0.0,0.0,0.0,0.0,0.0,0.0,2.0,19.0,16.083333333333332,0.0,0.0,0.0,0.0,0.0,0.0,0.0,0.0,0.0,0.0,0.0,0.0,0.0,0.0,0.0,0.0,0.0,0.0,2.0,218.0,832.4666666666667,0.0,0.0,0.0,1.0,7.0,44.33333333333333,3.0,288.0,338.3833333333333,0.0,0.0,0.0,4.0,34.0,164.53333333333333,2.0,94.0,515.4333333333333
465,18,611,2705.75,1.0,4.0,5.133333333333334,0.0,0.0,0.0,0.0,0.0,0.0,1.0,7.0,42.58333333333333,1.0,7.0,32.31666666666666,0.0,0.0,0.0,3.0,12.0,30.016666666666666,0.0,0.0,0.0,0.0,0.0,0.0,0.0,0.0,0.0,1.0,9.0,7.05,5.0,304.0,1455.3333333333335,0.0,0.0,0.0,0.0,0.0,0.0,0.0,0.0,0.0,0.0,0.0,0.0,3.0,49.0,125.18333333333334,3.0,219.0,1008.1333333333333
466,16,466,1684.9333333333334,2.0,8.0,26.633333333333333,0.0,0.0,0.0,0.0,0.0,0.0,1.0,6.0,13.7,1.0,13.0,8.883333333333333,0.0,0.0,0.0,2.0,3.0,13.316666666666666,0.0,0.0,0.0,0.0,0.0,0.0,0.0,0.0,0.0,1.0,19.0,105.76666666666667,4.0,291.0,930.5333333333333,1.0,4.0,5.133333333333334,1.0,10.0,30.166666666666664,1.0,18.0,62.7,0.0,0.0,0.0,0.0,0.0,0.0,2.0,94.0,488.1
467,20,648,2204.383333333333,2.0,8.0,43.0,0.0,0.0,0.0,2.0,183.0,520.3,0.0,0.0,0.0,3.0,58.0,150.48333333333332,1.0,69.0,457.70000000000005,2.0,8.0,24.03333333333333,0.0,0.0,0.0,0.0,0.0,0.0,0.0,0.0,0.0,0.0,0.0,0.0,3.0,128.0,408.79999999999995,0.0,0.0,0.0,2.0,18.0,87.75,1.0,17.0,78.19999999999999,0.0,0.0,0.0,1.0,11.0,63.983333333333334,3.0,148.0,370.1333333333333
468,18,430,1629.1833333333334,1.0,7.0,18.2,1.0,14.0,82.36666666666667,0.0,0.0,0.0,2.0,8.0,12.433333333333334,0.0,0.0,0.0,2.0,174.0,589.2333333333333,2.0,7.0,27.55,2.0,30.0,177.7,0.0,0.0,0.0,0.0,0.0,0.0,2.0,19.0,84.83333333333333,1.0,98.0,468.76666666666665,0.0,0.0,0.0,3.0,49.0,144.05,0.0,0.0,0.0,1.0,3.0,4.1,0.0,0.0,0.0,1.0,21.0,19.95
469,29,787,3722.4166666666665,4.0,19.0,108.28333333333333,2.0,24.0,151.3,0.0,0.0,0.0,4.0,14.0,28.383333333333336,0.0,0.0,0.0,0.0,0.0,0.0,1.0,6.0,23.0,1.0,16.0,72.8,0.0,0.0,0.0,0.0,0.0,0.0,4.0,66.0,254.45,6.0,448.0,2421.983333333333,0.0,0.0,0.0,3.0,25.0,41.5,1.0,73.0,246.98333333333332,0.0,0.0,0.0,2.0,19.0,73.43333333333334,1.0,77.0,300.3
470,19,425,1312.4666666666667,0.0,0.0,0.0,2.0,29.0,29.0,0.0,0.0,0.0,2.0,10.0,31.0,4.0,52.0,240.95,0.0,0.0,0.0,1.0,6.0,25.4,1.0,15.0,93.5,0.0,0.0,0.0,1.0,4.0,26.466666666666665,2.0,21.0,105.58333333333334,3.0,241.0,577.3166666666667,0.0,0.0,0.0,1.0,18.0,22.799999999999997,0.0,0.0,0.0,0.0,0.0,0.0,1.0,10.0,51.833333333333336,1.0,19.0,108.61666666666667
471,23,846,2643.8166666666666,0.0,0.0,0.0,0.0,0.0,0.0,0.0,0.0,0.0,4.0,16.0,28.51666666666667,2.0,29.0,28.75,0.0,0.0,0.0,2.0,10.0,32.0,1.0,21.0,23.45,1.0,102.0,241.4,0.0,0.0,0.0,2.0,26.0,148.03333333333333,4.0,168.0,506.79999999999995,0.0,0.0,0.0,0.0,0.0,0.0,4.0,341.0,1063.4666666666667,0.0,0.0,0.0,1.0,6.0,3.9000000000000004,2.0,127.0,567.5
472,20,548,1453.3,0.0,0.0,0.0,1.0,20.0,3.6666666666666665,0.0,0.0,0.0,1.0,1.0,1.55,0.0,0.0,0.0,0.0,0.0,0.0,4.0,21.0,101.19999999999999,0.0,0.0,0.0,0.0,0.0,0.0,0.0,0.0,0.0,1.0,7.0,26.71666666666667,2.0,51.0,84.4,0.0,0.0,0.0,0.0,0.0,0.0,5.0,214.0,511.1666666666667,1.0,4.0,10.133333333333333,2.0,24.0,29.466666666666665,3.0,206.0,685.0
473,19,355,1806.1999999999998,3.0,6.0,32.7,1.0,10.0,2.3333333333333335,0.0,0.0,0.0,4.0,13.0,54.58333333333333,2.0,24.0,84.73333333333333,0.0,0.0,0.0,2.0,13.0,51.383333333333326,0.0,0.0,0.0,0.0,0.0,0.0,0.0,0.0,0.0,3.0,37.0,115.65,0.0,0.0,0.0,0.0,0.0,0.0,1.0,12.0,42.2,0.0,0.0,0.0,1.0,3.0,6.549999999999999,0.0,0.0,0.0,2.0,237.0,1416.0666666666666
474,28,882,3277.5166666666664,3.0,10.0,25.433333333333334,2.0,39.0,64.2,0.0,0.0,0.0,1.0,2.0,2.6,5.0,68.0,294.6166666666667,1.0,91.0,397.3666666666666,2.0,4.0,7.15,1.0,20.0,66.33333333333334,0.0,0.0,0.0,0.0,0.0,0.0,2.0,23.0,66.73333333333333,1.0,90.0,331.5,2.0,4.0,18.883333333333333,0.0,0.0,0.0,4.0,434.0,1586.6833333333334,1.0,6.0,39.900000000000006,1.0,15.0,40.75,2.0,76.0,335.3666666666667
475,16,504,1464.8166666666666,4.0,23.0,43.099999999999994,0.0,0.0,0.0,1.0,96.0,118.4,2.0,11.0,33.03333333333333,1.0,16.0,54.13333333333333,0.0,0.0,0.0,1.0,6.0,8.5,1.0,13.0,30.333333333333336,0.0,0.0,0.0,0.0,0.0,0.0,0.0,0.0,0.0,1.0,119.0,642.6,0.0,0.0,0.0,0.0,0.0,0.0,1.0,76.0,181.13333333333333,0.0,0.0,0.0,3.0,42.0,110.48333333333333,1.0,102.0,243.1
476,23,702,3107.85,2.0,11.0,55.31666666666666,2.0,33.0,101.5,0.0,0.0,0.0,3.0,11.0,19.2,2.0,28.0,46.8,0.0,0.0,0.0,2.0,13.0,40.93333333333334,3.0,51.0,312.3,1.0,127.0,592.6666666666667,0.0,0.0,0.0,2.0,36.0,136.33333333333334,3.0,245.0,948.0999999999999,0.0,0.0,0.0,1.0,18.0,79.5,0.0,0.0,0.0,0.0,0.0,0.0,1.0,4.0,16.866666666666667,1.0,125.0,758.3333333333333
477,24,667,2721.55,3.0,14.0,69.93333333333334,0.0,0.0,0.0,0.0,0.0,0.0,2.0,6.0,25.733333333333334,3.0,51.0,106.46666666666667,2.0,160.0,743.3,4.0,13.0,51.8,0.0,0.0,0.0,0.0,0.0,0.0,1.0,6.0,21.7,3.0,44.0,132.7,1.0,28.0,128.79999999999998,0.0,0.0,0.0,0.0,0.0,0.0,2.0,204.0,564.5,1.0,4.0,9.266666666666667,0.0,0.0,0.0,2.0,137.0,867.35
478,19,230,934.1166666666667,2.0,4.0,20.349999999999998,1.0,6.0,17.700000000000003,0.0,0.0,0.0,2.0,9.0,44.3,1.0,9.0,42.6,0.0,0.0,0.0,4.0,14.0,55.41666666666667,3.0,65.0,288.98333333333335,0.0,0.0,0.0,0.0,0.0,0.0,3.0,23.0,91.1,0.0,0.0,0.0,0.0,0.0,0.0,2.0,12.0,56.86666666666667,1.0,88.0,316.8,0.0,0.0,0.0,0.0,0.0,0.0,0.0,0.0,0.0
479,18,390,922.1,4.0,15.0,75.61666666666667,1.0,12.0,30.4,0.0,0.0,0.0,1.0,3.0,14.9,0.0,0.0,0.0,0.0,0.0,0.0,3.0,11.0,29.716666666666665,2.0,28.0,103.86666666666667,0.0,0.0,0.0,0.0,0.0,0.0,1.0,19.0,33.25,2.0,114.0,70.76666666666667,0.0,0.0,0.0,1.0,19.0,68.4,2.0,162.0,467.0666666666667,1.0,7.0,28.116666666666667,0.0,0.0,0.0,0.0,0.0,0.0
480,31,833,2565.9666666666667,2.0,14.0,53.55,1.0,23.0,57.11666666666667,0.0,0.0,0.0,4.0,21.0,62.05,4.0,54.0,214.98333333333335,0.0,0.0,0.0,4.0,5.0,17.45,2.0,17.0,61.266666666666666,0.0,0.0,0.0,0.0,0.0,0.0,0.0,0.0,0.0,6.0,369.0,1265.6666666666665,0.0,0.0,0.0,1.0,10.0,58.5,2.0,83.0,289.6166666666667,1.0,1.0,0.4666666666666667,1.0,14.0,53.9,3.0,222.0,431.4
481,29,849,3363.0499999999997,3.0,18.0,42.28333333333333,1.0,7.0,37.449999999999996,0.0,0.0,0.0,6.0,24.0,76.05,4.0,53.0,242.25,1.0,46.0,206.23333333333335,2.0,9.0,16.2,0.0,0.0,0.0,0.0,0.0,0.0,0.0,0.0,0.0,2.0,29.0,104.69999999999999,4.0,230.0,1002.1,0.0,0.0,0.0,0.0,0.0,0.0,3.0,234.0,971.6333333333333,0.0,0.0,0.0,0.0,0.0,0.0,3.0,199.0,664.15
482,22,710,3410.8333333333335,1.0,3.0,6.5,1.0,16.0,13.866666666666667,0.0,0.0,0.0,5.0,19.0,54.21666666666667,0.0,0.0,0.0,0.0,0.0,0.0,2.0,6.0,34.33333333333333,0.0,0.0,0.0,0.0,0.0,0.0,1.0,5.0,4.0,0.0,0.0,0.0,4.0,320.0,1640.5666666666666,1.0,5.0,4.0,3.0,43.0,243.28333333333333,3.0,168.0,672.5666666666666,0.0,0.0,0.0,0.0,0.0,0.0,1.0,125.0,737.5
483,18,433,1142.9166666666667,3.0,18.0,63.1,0.0,0.0,0.0,0.0,0.0,0.0,4.0,21.0,72.56666666666666,3.0,33.0,93.45,1.0,126.0,54.6,3.0,12.0,38.849999999999994,1.0,21.0,136.85,0.0,0.0,0.0,0.0,0.0,0.0,0.0,0.0,0.0,2.0,201.0,681.75,0.0,0.0,0.0,0.0,0.0,0.0,0.0,0.0,0.0,1.0,1.0,1.75,0.0,0.0,0.0,0.0,0.0,0.0
484,29,1048,3377.3166666666666,1.0,2.0,12.833333333333334,3.0,40.0,45.43333333333333,2.0,152.0,363.01666666666665,1.0,2.0,2.2,4.0,54.0,109.83333333333334,0.0,0.0,0.0,1.0,7.0,33.71666666666667,1.0,17.0,94.91666666666666,3.0,285.0,624.25,0.0,0.0,0.0,2.0,28.0,93.56666666666666,1.0,23.0,39.86666666666667,0.0,0.0,0.0,1.0,14.0,33.6,1.0,32.0,115.2,1.0,5.0,2.5833333333333335,2.0,33.0,111.64999999999999,5.0,354.0,1694.65
485,14,308,1150.7333333333333,5.0,27.0,123.16666666666667,2.0,36.0,150.59999999999997,0.0,0.0,0.0,0.0,0.0,0.0,0.0,0.0,0.0,0.0,0.0,0.0,1.0,1.0,4.25,1.0,21.0,112.35,0.0,0.0,0.0,0.0,0.0,0.0,1.0,16.0,70.66666666666667,1.0,24.0,77.6,1.0,5.0,28.5,0.0,0.0,0.0,2.0,178.0,583.6,0.0,0.0,0.0,0.0,0.0,0.0,0.0,0.0,0.0
486,18,672,2952.516666666667,1.0,1.0,2.2,0.0,0.0,0.0,0.0,0.0,0.0,0.0,0.0,0.0,5.0,52.0,205.0,1.0,17.0,56.66666666666667,2.0,6.0,27.083333333333336,2.0,43.0,144.0,1.0,93.0,593.6500000000001,0.0,0.0,0.0,1.0,14.0,65.33333333333334,1.0,123.0,258.3,0.0,0.0,0.0,0.0,0.0,0.0,0.0,0.0,0.0,0.0,0.0,0.0,0.0,0.0,0.0,4.0,323.0,1600.2833333333333
487,13,552,2461.2166666666667,1.0,6.0,36.800000000000004,1.0,7.0,10.033333333333333,0.0,0.0,0.0,1.0,7.0,30.683333333333337,2.0,30.0,114.16666666666667,1.0,22.0,133.46666666666667,1.0,1.0,0.21666666666666667,0.0,0.0,0.0,1.0,108.0,545.4,0.0,0.0,0.0,0.0,0.0,0.0,1.0,109.0,681.25,0.0,0.0,0.0,0.0,0.0,0.0,1.0,16.0,41.333333333333336,0.0,0.0,0.0,1.0,19.0,8.55,2.0,227.0,859.3166666666666
488,23,388,1575.8666666666668,2.0,6.0,32.5,3.0,24.0,67.21666666666667,0.0,0.0,0.0,3.0,17.0,60.16666666666667,3.0,44.0,123.26666666666668,1.0,51.0,311.09999999999997,5.0,19.0,98.55000000000001,0.0,0.0,0.0,0.0,0.0,0.0,0.0,0.0,0.0,0.0,0.0,0.0,2.0,62.0,308.3833333333333,0.0,0.0,0.0,0.0,0.0,0.0,1.0,72.0,241.20000000000002,0.0,0.0,0.0,1.0,10.0,44.0,2.0,83.0,289.48333333333335
489,17,515,2277.8166666666666,1.0,6.0,22.0,2.0,24.0,57.849999999999994,0.0,0.0,0.0,0.0,0.0,0.0,0.0,0.0,0.0,1.0,51.0,167.45,3.0,10.0,38.449999999999996,2.0,29.0,139.01666666666665,0.0,0.0,0.0,0.0,0.0,0.0,1.0,14.0,64.16666666666666,1.0,95.0,212.16666666666669,0.0,0.0,0.0,1.0,14.0,10.733333333333334,4.0,256.0,1518.5166666666667,0.0,0.0,0.0,1.0,16.0,47.46666666666667,0.0,0.0,0.0
490,19,738,2444.7666666666664,0.0,0.0,0.0,0.0,0.0,0.0,0.0,0.0,0.0,1.0,4.0,13.0,0.0,0.0,0.0,0.0,0.0,0.0,0.0,0.0,0.0,1.0,8.0,26.133333333333333,0.0,0.0,0.0,0.0,0.0,0.0,2.0,25.0,36.35,5.0,271.0,1103.3666666666668,2.0,5.0,5.116666666666667,0.0,0.0,0.0,3.0,257.0,849.2166666666667,1.0,1.0,5.933333333333334,1.0,10.0,53.33333333333333,3.0,157.0,352.31666666666666
491,21,494,1823.0833333333333,4.0,9.0,41.1,0.0,0.0,0.0,0.0,0.0,0.0,2.0,8.0,5.366666666666666,3.0,35.0,133.4,0.0,0.0,0.0,1.0,5.0,8.0,1.0,18.0,13.5,0.0,0.0,0.0,0.0,0.0,0.0,2.0,14.0,35.2,1.0,83.0,269.75,0.0,0.0,0.0,1.0,13.0,19.066666666666666,3.0,196.0,810.4333333333333,0.0,0.0,0.0,2.0,35.0,163.56666666666666,1.0,78.0,323.70000000000005
492,22,540,2322.65,3.0,10.0,49.95,0.0,0.0,0.0,0.0,0.0,0.0,3.0,18.0,62.699999999999996,1.0,19.0,124.76666666666667,1.0,99.0,526.35,2.0,11.0,54.45,3.0,35.0,152.28333333333333,0.0,0.0,0.0,0.0,0.0,0.0,2.0,31.0,55.78333333333333,2.0,205.0,708.8166666666666,1.0,3.0,18.9,2.0,34.0,117.63333333333333,1.0,41.0,268.55,0.0,0.0,0.0,0.0,0.0,0.0,1.0,34.0,182.46666666666664
493,22,629,1301.1666666666667,3.0,8.0,34.1,0.0,0.0,0.0,0.0,0.0,0.0,2.0,10.0,10.233333333333334,1.0,16.0,44.0,1.0,117.0,76.05,2.0,9.0,23.0,2.0,19.0,65.78333333333333,1.0,66.0,35.2,0.0,0.0,0.0,2.0,19.0,41.43333333333334,0.0,0.0,0.0,1.0,3.0,1.45,1.0,12.0,11.399999999999999,2.0,176.0,324.1333333333333,0.0,0.0,0.0,1.0,16.0,106.13333333333334,3.0,158.0,528.25
494,23,550,1637.5666666666668,1.0,7.0,34.766666666666666,3.0,46.0,198.45000000000002,0.0,0.0,0.0,3.0,14.0,18.516666666666666,3.0,47.0,64.05000000000001,0.0,0.0,0.0,2.0,13.0,29.75,2.0,30.0,166.41666666666669,0.0,0.0,0.0,0.0,0.0,0.0,1.0,21.0,50.05,0.0,0.0,0.0,0.0,0.0,0.0,1.0,15.0,13.75,3.0,194.0,580.5833333333334,0.0,0.0,0.0,2.0,29.0,117.21666666666667,2.0,134.0,364.01666666666665
495,23,628,2795.8166666666666,1.0,7.0,46.08333333333333,2.0,34.0,132.89999999999998,1.0,73.0,316.3333333333333,3.0,17.0,70.73333333333333,0.0,0.0,0.0,1.0,97.0,265.1333333333333,1.0,2.0,6.8,1.0,8.0,27.066666666666666,0.0,0.0,0.0,1.0,1.0,4.65,4.0,38.0,145.5,2.0,177.0,930.3499999999999,2.0,6.0,17.416666666666664,2.0,20.0,43.86666666666666,2.0,148.0,788.9833333333333,0.0,0.0,0.0,0.0,0.0,0.0,0.0,0.0,0.0
496,14,387,1397.7666666666667,2.0,4.0,6.566666666666666,2.0,22.0,89.13333333333333,0.0,0.0,0.0,1.0,6.0,37.2,3.0,36.0,199.56666666666666,0.0,0.0,0.0,1.0,6.0,27.4,1.0,19.0,91.83333333333333,1.0,120.0,524.0,0.0,0.0,0.0,0.0,0.0,0.0,1.0,124.0,272.8,0.0,0.0,0.0,0.0,0.0,0.0,0.0,0.0,0.0,0.0,0.0,0.0,0.0,0.0,0.0,2.0,50.0,149.26666666666668
497,21,576,1946.0333333333333,1.0,3.0,3.9000000000000004,3.0,60.0,230.98333333333335,0.0,0.0,0.0,2.0,13.0,8.583333333333332,0.0,0.0,0.0,0.0,0.0,0.0,1.0,7.0,23.21666666666667,1.0,5.0,25.083333333333332,0.0,0.0,0.0,2.0,5.0,5.0,4.0,49.0,167.76666666666668,2.0,216.0,655.1999999999999,1.0,2.0,12.033333333333333,1.0,15.0,79.25,2.0,156.0,477.76666666666665,0.0,0.0,0.0,0.0,0.0,0.0,1.0,45.0,257.25
498,10,290,1039.6333333333332,0.0,0.0,0.0,0.0,0.0,0.0,0.0,0.0,0.0,4.0,16.0,36.35,0.0,0.0,0.0,0.0,0.0,0.0,0.0,0.0,0.0,0.0,0.0,0.0,0.0,0.0,0.0,0.0,0.0,0.0,1.0,14.0,14.700000000000001,1.0,60.0,174.0,0.0,0.0,0.0,1.0,8.0,42.266666666666666,2.0,120.0,627.1166666666667,0.0,0.0,0.0,0.0,0.0,0.0,1.0,72.0,145.2
499,20,549,2168.983333333333,0.0,0.0,0.0,1.0,13.0,22.099999999999998,2.0,130.0,356.75,5.0,15.0,65.53333333333333,1.0,11.0,53.71666666666667,0.0,0.0,0.0,0.0,0.0,0.0,1.0,22.0,139.33333333333331,1.0,104.0,665.6,0.0,0.0,0.0,1.0,17.0,103.98333333333332,0.0,0.0,0.0,2.0,9.0,13.883333333333335,0.0,0.0,0.0,0.0,0.0,0.0,0.0,0.0,0.0,3.0,47.0,75.73333333333333,3.0,181.0,672.3499999999999
500,19,554,1568.55,2.0,5.0,26.08333333333333,2.0,24.0,18.2,0.0,0.0,0.0,2.0,7.0,26.75,0.0,0.0,0.0,1.0,124.0,363.7333333333333,1.0,2.0,7.7,1.0,13.0,64.35000000000001,0.0,0.0,0.0,0.0,0.0,0.0,2.0,33.0,51.3,4.0,215.0,527.8833333333333,0.0,0.0,0.0,1.0,14.0,64.39999999999999,2.0,105.0,378.75,0.0,0.0,0.0,1.0,12.0,39.4,0.0,0.0,0.0
501,16,611,2923.766666666667,4.0,12.0,52.66666666666667,0.0,0.0,0.0,2.0,176.0,911.7,0.0,0.0,0.0,1.0,11.0,59.400000000000006,0.0,0.0,0.0,0.0,0.0,0.0,1.0,18.0,69.0,0.0,0.0,0.0,0.0,0.0,0.0,1.0,8.0,10.0,0.0,0.0,0.0,0.0,0.0,0.0,2.0,17.0,44.25,0.0,0.0,0.0,0.0,0.0,0.0,1.0,5.0,13.833333333333332,4.0,364.0,1762.9166666666665
502,12,248,990.4,4.0,17.0,72.53333333333333,0.0,0.0,0.0,0.0,0.0,0.0,2.0,5.0,24.516666666666666,1.0,16.0,58.666666666666664,0.0,0.0,0.0,0.0,0.0,0.0,1.0,18.0,31.200000000000003,0.0,0.0,0.0,0.0,0.0,0.0,1.0,8.0,3.8666666666666667,2.0,171.0,720.0999999999999,0.0,0.0,0.0,1.0,13.0,79.51666666666667,0.0,0.0,0.0,0.0,0.0,0.0,0.0,0.0,0.0,0.0,0.0,0.0
503,29,942,2420.3999999999996,6.0,28.0,111.11666666666666,1.0,6.0,16.4,1.0,18.0,82.5,3.0,14.0,20.266666666666666,1.0,6.0,30.699999999999996,0.0,0.0,0.0,2.0,5.0,23.3,1.0,15.0,31.75,1.0,23.0,10.35,0.0,0.0,0.0,1.0,21.0,17.849999999999998,5.0,379.0,992.4333333333334,0.0,0.0,0.0,1.0,8.0,11.2,1.0,64.0,216.53333333333333,0.0,0.0,0.0,0.0,0.0,0.0,5.0,355.0,856.0
504,20,390,1205.05,3.0,12.0,28.283333333333335,1.0,13.0,35.53333333333333,0.0,0.0,0.0,0.0,0.0,0.0,4.0,53.0,108.6,0.0,0.0,0.0,2.0,5.0,22.633333333333336,1.0,17.0,68.0,0.0,0.0,0.0,0.0,0.0,0.0,2.0,29.0,83.33333333333334,1.0,80.0,334.6666666666667,1.0,7.0,4.666666666666666,0.0,0.0,0.0,1.0,26.0,157.73333333333332,0.0,0.0,0.0,2.0,22.0,57.2,2.0,126.0,304.40000000000003
505,25,891,4507.7,2.0,4.0,21.1,0.0,0.0,0.0,1.0,33.0,178.75,0.0,0.0,0.0,2.0,32.0,154.28333333333333,1.0,92.0,501.40000000000003,3.0,13.0,40.35,0.0,0.0,0.0,0.0,0.0,0.0,1.0,1.0,0.7666666666666667,0.0,0.0,0.0,6.0,335.0,1720.0833333333335,1.0,3.0,13.55,3.0,46.0,149.41666666666669,3.0,183.0,943.9,0.0,0.0,0.0,0.0,0.0,0.0,2.0,149.0,784.1
506,17,677,1888.2666666666669,0.0,0.0,0.0,3.0,38.0,108.73333333333332,0.0,0.0,0.0,1.0,6.0,34.0,1.0,16.0,21.066666666666666,1.0,34.0,81.6,1.0,2.0,11.7,1.0,13.0,12.35,1.0,17.0,72.53333333333333,0.0,0.0,0.0,0.0,0.0,0.0,2.0,136.0,416.8666666666667,0.0,0.0,0.0,0.0,0.0,0.0,3.0,344.0,993.8166666666668,0.0,0.0,0.0,1.0,8.0,36.8,2.0,63.0,98.80000000000001
507,17,835,2524.25,1.0,2.0,5.1,1.0,7.0,19.71666666666667,0.0,0.0,0.0,0.0,0.0,0.0,0.0,0.0,0.0,1.0,63.0,151.2,2.0,13.0,70.81666666666666,1.0,4.0,23.866666666666667,0.0,0.0,0.0,0.0,0.0,0.0,1.0,15.0,76.25,3.0,276.0,941.9333333333334,0.0,0.0,0.0,2.0,9.0,35.13333333333333,2.0,220.0,412.46666666666664,0.0,0.0,0.0,0.0,0.0,0.0,3.0,226.0,787.7666666666667
508,18,607,1626.2,3.0,14.0,34.1,1.0,14.0,71.39999999999999,1.0,105.0,371.0,1.0,1.0,3.4833333333333334,2.0,38.0,128.88333333333333,1.0,58.0,212.66666666666666,1.0,5.0,1.3333333333333333,1.0,6.0,5.8,0.0,0.0,0.0,0.0,0.0,0.0,0.0,0.0,0.0,1.0,38.0,110.83333333333333,0.0,0.0,0.0,3.0,32.0,134.86666666666667,2.0,227.0,413.83333333333337,0.0,0.0,0.0,0.0,0.0,0.0,1.0,69.0,138.0
509,23,619,2159.9500000000003,0.0,0.0,0.0,4.0,57.0,185.08333333333334,0.0,0.0,0.0,2.0,8.0,13.3,2.0,24.0,75.08333333333333,0.0,0.0,0.0,1.0,4.0,11.066666666666666,0.0,0.0,0.0,0.0,0.0,0.0,0.0,0.0,0.0,1.0,4.0,8.466666666666667,4.0,252.0,978.9333333333334,1.0,7.0,44.449999999999996,2.0,18.0,57.400000000000006,2.0,75.0,160.23333333333335,0.0,0.0,0.0,1.0,21.0,33.95,3.0,149.0,591.9833333333333
510,21,952,3239.0833333333335,2.0,4.0,8.116666666666667,0.0,0.0,0.0,1.0,73.0,233.60000000000002,1.0,1.0,2.9833333333333334,2.0,28.0,17.333333333333336,1.0,34.0,31.733333333333334,3.0,16.0,40.800000000000004,3.0,56.0,180.95,0.0,0.0,0.0,0.0,0.0,0.0,0.0,0.0,0.0,3.0,309.0,1384.25,0.0,0.0,0.0,1.0,10.0,50.83333333333333,2.0,248.0,608.9,0.0,0.0,0.0,0.0,0.0,0.0,2.0,173.0,679.5833333333333
511,17,424,1575.9333333333334,2.0,11.0,46.31666666666666,1.0,22.0,82.86666666666666,0.0,0.0,0.0,1.0,3.0,6.1,1.0,8.0,29.866666666666667,0.0,0.0,0.0,2.0,6.0,18.766666666666666,4.0,58.0,94.16666666666667,0.0,0.0,0.0,0.0,0.0,0.0,1.0,22.0,86.53333333333333,2.0,112.0,634.55,0.0,0.0,0.0,0.0,0.0,0.0,2.0,120.0,354.6,0.0,0.0,0.0,0.0,0.0,0.0,1.0,62.0,222.16666666666669
512,23,799,2966.483333333333,3.0,9.0,34.85,5.0,47.0,159.36666666666667,0.0,0.0,0.0,1.0,2.0,1.7333333333333334,2.0,30.0,67.7,1.0,81.0,344.25,1.0,6.0,24.299999999999997,0.0,0.0,0.0,0.0,0.0,0.0,0.0,0.0,0.0,1.0,10.0,64.66666666666667,2.0,149.0,629.1166666666666,1.0,1.0,3.15,2.0,42.0,104.13333333333333,1.0,124.0,630.3333333333333,0.0,0.0,0.0,0.0,0.0,0.0,3.0,298.0,902.8833333333332
513,15,293,881.1666666666666,0.0,0.0,0.0,2.0,24.0,123.06666666666668,0.0,0.0,0.0,0.0,0.0,0.0,1.0,20.0,58.0,0.0,0.0,0.0,1.0,1.0,3.95,0.0,0.0,0.0,0.0,0.0,0.0,0.0,0.0,0.0,5.0,54.0,186.53333333333333,2.0,85.0,308.8166666666666,1.0,5.0,24.833333333333336,0.0,0.0,0.0,1.0,23.0,68.23333333333333,1.0,7.0,31.266666666666666,0.0,0.0,0.0,1.0,74.0,76.46666666666667
514,17,323,905.4,2.0,9.0,6.083333333333333,0.0,0.0,0.0,1.0,88.0,177.46666666666667,2.0,11.0,43.6,2.0,27.0,105.31666666666666,0.0,0.0,0.0,2.0,8.0,26.4,3.0,36.0,104.0,0.0,0.0,0.0,1.0,6.0,19.3,1.0,10.0,44.5,0.0,0.0,0.0,0.0,0.0,0.0,0.0,0.0,0.0,1.0,48.0,190.4,0.0,0.0,0.0,1.0,19.0,78.53333333333335,1.0,61.0,109.8
515,19,545,1351.2,2.0,10.0,46.13333333333333,0.0,0.0,0.0,0.0,0.0,0.0,2.0,6.0,34.5,2.0,25.0,90.75,0.0,0.0,0.0,2.0,6.0,35.233333333333334,0.0,0.0,0.0,0.0,0.0,0.0,0.0,0.0,0.0,2.0,36.0,110.73333333333332,4.0,191.0,488.2,1.0,4.0,15.6,0.0,0.0,0.0,2.0,214.0,453.35,0.0,0.0,0.0,1.0,6.0,6.200000000000001,1.0,47.0,70.5
516,23,449,1082.4166666666665,3.0,10.0,39.43333333333333,2.0,27.0,125.28333333333333,0.0,0.0,0.0,3.0,9.0,12.983333333333334,2.0,36.0,186.05,0.0,0.0,0.0,4.0,8.0,24.883333333333333,2.0,33.0,102.85,0.0,0.0,0.0,0.0,0.0,0.0,0.0,0.0,0.0,2.0,120.0,202.66666666666666,0.0,0.0,0.0,1.0,8.0,37.6,1.0,38.0,101.33333333333333,0.0,0.0,0.0,1.0,16.0,76.53333333333333,2.0,144.0,172.8
517,23,661,2404.0666666666666,4.0,15.0,54.016666666666666,2.0,35.0,180.21666666666664,1.0,88.0,547.0666666666667,4.0,18.0,68.91666666666667,1.0,14.0,78.39999999999999,0.0,0.0,0.0,1.0,7.0,7.3500000000000005,1.0,9.0,50.25,0.0,0.0,0.0,0.0,0.0,0.0,0.0,0.0,0.0,2.0,202.0,627.0,0.0,0.0,0.0,1.0,22.0,72.23333333333333,1.0,93.0,86.8,0.0,0.0,0.0,3.0,36.0,55.449999999999996,2.0,122.0,576.3666666666667
518,18,643,1265.1666666666665,1.0,6.0,26.099999999999998,0.0,0.0,0.0,1.0,59.0,113.08333333333334,2.0,9.0,17.433333333333334,1.0,8.0,46.4,0.0,0.0,0.0,1.0,2.0,3.6333333333333333,2.0,19.0,68.66666666666666,0.0,0.0,0.0,0.0,0.0,0.0,1.0,13.0,29.68333333333333,3.0,232.0,244.1,0.0,0.0,0.0,1.0,12.0,73.80000000000001,1.0,17.0,92.93333333333334,0.0,0.0,0.0,1.0,19.0,120.01666666666667,3.0,247.0,429.31666666666666
519,25,741,2425.9,2.0,12.0,60.349999999999994,3.0,48.0,81.55,0.0,0.0,0.0,4.0,18.0,50.38333333333333,2.0,23.0,123.96666666666667,1.0,46.0,49.06666666666666,2.0,12.0,58.06666666666666,0.0,0.0,0.0,2.0,133.0,541.8,1.0,5.0,13.583333333333334,1.0,18.0,79.2,1.0,120.0,158.0,1.0,7.0,23.099999999999998,0.0,0.0,0.0,3.0,252.0,1065.6666666666667,0.0,0.0,0.0,1.0,12.0,29.0,1.0,35.0,92.16666666666667
520,25,578,1844.3833333333334,1.0,5.0,22.0,3.0,32.0,49.43333333333333,0.0,0.0,0.0,5.0,26.0,58.916666666666664,1.0,16.0,49.333333333333336,0.0,0.0,0.0,5.0,18.0,44.61666666666666,1.0,20.0,26.333333333333332,0.0,0.0,0.0,0.0,0.0,0.0,1.0,8.0,39.333333333333336,2.0,127.0,258.06666666666666,0.0,0.0,0.0,0.0,0.0,0.0,1.0,116.0,359.6,0.0,0.0,0.0,3.0,33.0,159.21666666666667,2.0,177.0,777.5333333333333
521,20,653,2472.95,2.0,4.0,5.533333333333333,4.0,70.0,285.06666666666666,0.0,0.0,0.0,0.0,0.0,0.0,5.0,71.0,246.89999999999998,1.0,75.0,251.25,1.0,2.0,7.233333333333333,0.0,0.0,0.0,0.0,0.0,0.0,0.0,0.0,0.0,0.0,0.0,0.0,2.0,84.0,151.85,0.0,0.0,0.0,0.0,0.0,0.0,3.0,228.0,853.3499999999999,0.0,0.0,0.0,0.0,0.0,0.0,2.0,119.0,671.7666666666667
522,26,818,3440.083333333333,2.0,6.0,32.95,3.0,54.0,217.91666666666666,2.0,155.0,240.75,3.0,6.0,12.216666666666667,1.0,17.0,70.26666666666668,1.0,59.0,351.05,2.0,2.0,6.483333333333333,1.0,11.0,23.65,0.0,0.0,0.0,0.0,0.0,0.0,2.0,33.0,143.8,3.0,284.0,1339.6,1.0,7.0,35.58333333333333,0.0,0.0,0.0,0.0,0.0,0.0,1.0,5.0,18.083333333333332,2.0,15.0,87.68333333333334,2.0,164.0,860.05
523,20,342,1263.7166666666667,5.0,16.0,51.449999999999996,1.0,6.0,23.1,0.0,0.0,0.0,2.0,8.0,27.933333333333334,0.0,0.0,0.0,0.0,0.0,0.0,3.0,7.0,35.45,0.0,0.0,0.0,0.0,0.0,0.0,0.0,0.0,0.0,4.0,73.0,392.9833333333333,2.0,79.0,261.18333333333334,0.0,0.0,0.0,1.0,23.0,123.05,1.0,44.0,200.93333333333334,0.0,0.0,0.0,0.0,0.0,0.0,1.0,86.0,147.63333333333333
524,14,308,1316.65,1.0,4.0,20.333333333333332,0.0,0.0,0.0,0.0,0.0,0.0,2.0,9.0,30.0,1.0,22.0,114.76666666666667,0.0,0.0,0.0,2.0,4.0,14.833333333333332,3.0,62.0,271.6333333333333,1.0,57.0,152.0,0.0,0.0,0.0,0.0,0.0,0.0,2.0,71.0,322.98333333333335,0.0,0.0,0.0,1.0,21.0,120.4,1.0,58.0,269.70000000000005,0.0,0.0,0.0,0.0,0.0,0.0,0.0,0.0,0.0
525,21,670,2381.616666666667,5.0,23.0,71.06666666666666,0.0,0.0,0.0,0.0,0.0,0.0,1.0,6.0,27.800000000000004,1.0,9.0,25.35,1.0,117.0,491.40000000000003,2.0,3.0,6.8,1.0,12.0,28.0,1.0,91.0,596.05,0.0,0.0,0.0,1.0,4.0,18.333333333333332,2.0,171.0,246.05,0.0,0.0,0.0,3.0,33.0,87.26666666666668,2.0,97.0,390.0333333333333,0.0,0.0,0.0,0.0,0.0,0.0,1.0,104.0,393.46666666666664
526,24,681,1461.25,6.0,34.0,117.11666666666666,0.0,0.0,0.0,1.0,75.0,107.5,1.0,5.0,9.333333333333334,1.0,23.0,123.05,1.0,54.0,60.300000000000004,3.0,5.0,8.166666666666668,0.0,0.0,0.0,1.0,81.0,328.05,0.0,0.0,0.0,1.0,21.0,138.6,2.0,60.0,103.33333333333333,0.0,0.0,0.0,1.0,10.0,21.666666666666664,5.0,251.0,427.59999999999997,0.0,0.0,0.0,0.0,0.0,0.0,1.0,62.0,16.53333333333333
527,29,735,2345.25,5.0,30.0,27.15,0.0,0.0,0.0,1.0,119.0,301.46666666666664,1.0,5.0,13.333333333333332,1.0,20.0,30.666666666666668,1.0,42.0,198.8,4.0,10.0,19.383333333333333,3.0,57.0,240.3,0.0,0.0,0.0,1.0,5.0,32.83333333333333,5.0,44.0,139.46666666666667,2.0,123.0,201.41666666666669,1.0,2.0,12.233333333333333,0.0,0.0,0.0,1.0,90.0,441.00000000000006,0.0,0.0,0.0,1.0,9.0,16.8,2.0,179.0,670.4000000000001
528,13,437,1392.9499999999998,2.0,11.0,53.21666666666667,0.0,0.0,0.0,1.0,99.0,405.9,0.0,0.0,0.0,2.0,34.0,128.66666666666666,0.0,0.0,0.0,1.0,3.0,17.9,0.0,0.0,0.0,0.0,0.0,0.0,0.0,0.0,0.0,1.0,18.0,93.0,3.0,142.0,382.96666666666664,0.0,0.0,0.0,0.0,0.0,0.0,0.0,0.0,0.0,1.0,6.0,19.0,0.0,0.0,0.0,2.0,124.0,292.3
529,19,737,2522.3166666666666,2.0,5.0,17.016666666666666,1.0,10.0,17.666666666666664,0.0,0.0,0.0,4.0,19.0,61.833333333333336,0.0,0.0,0.0,0.0,0.0,0.0,1.0,3.0,11.55,1.0,13.0,76.26666666666667,0.0,0.0,0.0,0.0,0.0,0.0,0.0,0.0,0.0,7.0,516.0,1925.5666666666666,0.0,0.0,0.0,0.0,0.0,0.0,2.0,167.0,404.55,1.0,4.0,7.866666666666666,0.0,0.0,0.0,0.0,0.0,0.0
530,20,522,1940.1166666666668,1.0,2.0,12.266666666666667,2.0,11.0,27.883333333333336,0.0,0.0,0.0,3.0,13.0,31.383333333333333,0.0,0.0,0.0,0.0,0.0,0.0,0.0,0.0,0.0,1.0,5.0,6.083333333333333,2.0,120.0,704.75,0.0,0.0,0.0,1.0,12.0,51.2,3.0,221.0,597.3833333333334,0.0,0.0,0.0,2.0,22.0,73.18333333333335,1.0,21.0,103.95,1.0,4.0,14.8,2.0,34.0,180.43333333333334,1.0,57.0,136.79999999999998
531,26,1161,3120.2166666666667,2.0,11.0,19.466666666666665,1.0,17.0,22.383333333333333,0.0,0.0,0.0,0.0,0.0,0.0,3.0,58.0,158.06666666666666,0.0,0.0,0.0,4.0,13.0,46.166666666666664,0.0,0.0,0.0,0.0,0.0,0.0,0.0,0.0,0.0,1.0,16.0,46.93333333333333,5.0,464.0,1642.1833333333334,1.0,4.0,23.066666666666666,2.0,23.0,47.08333333333333,4.0,345.0,456.2,0.0,0.0,0.0,1.0,5.0,3.75,2.0,205.0,654.9166666666666
532,25,531,1865.3666666666666,5.0,24.0,77.9,1.0,17.0,29.18333333333333,0.0,0.0,0.0,2.0,9.0,15.283333333333331,3.0,44.0,173.03333333333336,1.0,26.0,96.63333333333334,2.0,7.0,29.416666666666668,1.0,13.0,81.68333333333334,0.0,0.0,0.0,0.0,0.0,0.0,1.0,9.0,42.0,2.0,147.0,652.0666666666666,0.0,0.0,0.0,2.0,43.0,148.20000000000002,3.0,141.0,383.1333333333333,0.0,0.0,0.0,0.0,0.0,0.0,2.0,51.0,136.83333333333334
533,17,408,1577.35,2.0,9.0,28.85,2.0,27.0,162.14999999999998,1.0,65.0,284.9166666666667,2.0,12.0,28.400000000000002,0.0,0.0,0.0,0.0,0.0,0.0,3.0,13.0,46.766666666666666,1.0,7.0,17.266666666666666,1.0,109.0,158.04999999999998,0.0,0.0,0.0,1.0,6.0,5.6,0.0,0.0,0.0,0.0,0.0,0.0,2.0,19.0,54.98333333333333,0.0,0.0,0.0,0.0,0.0,0.0,1.0,16.0,44.53333333333333,1.0,125.0,745.8333333333334
534,28,674,2402.1833333333334,2.0,7.0,14.566666666666668,1.0,22.0,106.69999999999999,1.0,72.0,213.60000000000002,6.0,22.0,91.56666666666668,2.0,24.0,124.16666666666666,1.0,44.0,14.666666666666666,3.0,14.0,40.43333333333334,2.0,24.0,83.16666666666667,1.0,28.0,12.6,0.0,0.0,0.0,1.0,8.0,52.13333333333333,3.0,213.0,822.5166666666667,1.0,2.0,4.133333333333334,0.0,0.0,0.0,1.0,16.0,44.266666666666666,0.0,0.0,0.0,1.0,22.0,134.93333333333334,2.0,156.0,642.7333333333333
535,27,714,1652.7166666666665,3.0,13.0,33.18333333333333,4.0,55.0,131.25,1.0,110.0,590.3333333333333,5.0,19.0,38.18333333333334,3.0,39.0,52.083333333333336,0.0,0.0,0.0,3.0,14.0,47.08333333333333,1.0,12.0,69.0,2.0,145.0,329.35,0.0,0.0,0.0,0.0,0.0,0.0,1.0,26.0,82.76666666666667,1.0,6.0,21.400000000000002,0.0,0.0,0.0,3.0,275.0,258.0833333333333,0.0,0.0,0.0,0.0,0.0,0.0,0.0,0.0,0.0
536,15,495,1677.2166666666667,0.0,0.0,0.0,3.0,47.0,163.0,0.0,0.0,0.0,0.0,0.0,0.0,3.0,50.0,199.8,1.0,51.0,237.15,0.0,0.0,0.0,2.0,26.0,125.61666666666667,0.0,0.0,0.0,1.0,3.0,3.8500000000000005,0.0,0.0,0.0,1.0,126.0,575.4,0.0,0.0,0.0,1.0,18.0,37.800000000000004,3.0,174.0,334.6,0.0,0.0,0.0,0.0,0.0,0.0,0.0,0.0,0.0
537,22,534,1937.7333333333333,5.0,17.0,40.25,0.0,0.0,0.0,0.0,0.0,0.0,1.0,3.0,14.599999999999998,1.0,5.0,29.583333333333336,0.0,0.0,0.0,2.0,7.0,18.416666666666668,0.0,0.0,0.0,1.0,105.0,378.0,1.0,3.0,6.85,2.0,24.0,57.33333333333333,1.0,33.0,193.04999999999998,1.0,2.0,10.5,0.0,0.0,0.0,1.0,75.0,468.75,0.0,0.0,0.0,2.0,22.0,74.41666666666667,4.0,238.0,645.9833333333333
538,14,434,1279.6333333333334,4.0,19.0,63.38333333333333,1.0,18.0,6.0,0.0,0.0,0.0,0.0,0.0,0.0,0.0,0.0,0.0,0.0,0.0,0.0,2.0,7.0,11.85,0.0,0.0,0.0,0.0,0.0,0.0,0.0,0.0,0.0,0.0,0.0,0.0,2.0,145.0,191.63333333333333,0.0,0.0,0.0,0.0,0.0,0.0,2.0,138.0,558.4333333333333,0.0,0.0,0.0,1.0,22.0,30.433333333333334,2.0,85.0,417.90000000000003
539,25,951,3000.0,2.0,9.0,44.85,2.0,24.0,143.8,0.0,0.0,0.0,3.0,6.0,9.633333333333333,1.0,16.0,51.733333333333334,1.0,114.0,389.5,2.0,10.0,28.18333333333333,1.0,11.0,27.683333333333334,1.0,108.0,523.8,0.0,0.0,0.0,2.0,14.0,31.0,4.0,350.0,829.8333333333334,2.0,6.0,25.4,1.0,12.0,32.6,2.0,234.0,680.0666666666666,0.0,0.0,0.0,0.0,0.0,0.0,1.0,37.0,181.91666666666669
540,19,492,2219.6833333333334,2.0,7.0,23.349999999999998,1.0,4.0,12.0,0.0,0.0,0.0,3.0,10.0,30.633333333333333,1.0,17.0,52.7,1.0,120.0,390.0,1.0,1.0,5.883333333333334,1.0,19.0,92.14999999999999,0.0,0.0,0.0,0.0,0.0,0.0,4.0,55.0,197.95,0.0,0.0,0.0,0.0,0.0,0.0,1.0,5.0,14.166666666666668,1.0,32.0,18.133333333333333,0.0,0.0,0.0,0.0,0.0,0.0,3.0,222.0,1382.7166666666667
541,20,565,1265.7666666666667,2.0,5.0,4.216666666666667,0.0,0.0,0.0,0.0,0.0,0.0,2.0,11.0,48.016666666666666,2.0,18.0,65.06666666666666,0.0,0.0,0.0,1.0,5.0,25.583333333333332,3.0,52.0,38.38333333333333,1.0,89.0,513.2333333333333,0.0,0.0,0.0,1.0,22.0,28.233333333333334,1.0,60.0,29.0,2.0,6.0,20.7,1.0,10.0,23.0,1.0,105.0,217.00000000000003,1.0,3.0,9.149999999999999,0.0,0.0,0.0,2.0,179.0,244.18333333333334
542,21,360,1524.8999999999999,1.0,4.0,6.0,3.0,19.0,104.51666666666667,0.0,0.0,0.0,4.0,12.0,17.633333333333333,1.0,23.0,18.400000000000002,0.0,0.0,0.0,0.0,0.0,0.0,3.0,47.0,185.86666666666667,0.0,0.0,0.0,0.0,0.0,0.0,2.0,34.0,171.5,0.0,0.0,0.0,0.0,0.0,0.0,2.0,27.0,83.06666666666666,3.0,172.0,887.5,0.0,0.0,0.0,2.0,22.0,50.416666666666664,0.0,0.0,0.0
543,32,1277,5444.366666666667,4.0,21.0,70.55000000000001,0.0,0.0,0.0,0.0,0.0,0.0,2.0,12.0,67.9,1.0,11.0,36.3,1.0,39.0,22.099999999999998,3.0,13.0,46.21666666666667,1.0,8.0,20.666666666666668,2.0,160.0,651.1333333333333,0.0,0.0,0.0,1.0,20.0,51.0,5.0,400.0,2261.383333333333,1.0,1.0,2.4,1.0,12.0,10.6,4.0,278.0,990.3666666666667,0.0,0.0,0.0,2.0,31.0,62.56666666666667,4.0,271.0,1151.1833333333334
544,16,613,2433.366666666667,2.0,3.0,12.466666666666667,1.0,6.0,28.799999999999997,0.0,0.0,0.0,0.0,0.0,0.0,1.0,15.0,16.0,0.0,0.0,0.0,1.0,6.0,10.5,1.0,7.0,2.1,0.0,0.0,0.0,0.0,0.0,0.0,2.0,15.0,50.91666666666667,0.0,0.0,0.0,0.0,0.0,0.0,0.0,0.0,0.0,4.0,329.0,1315.3833333333332,0.0,0.0,0.0,1.0,22.0,53.166666666666664,3.0,210.0,944.0333333333334
545,25,707,2457.6833333333334,5.0,15.0,59.81666666666666,2.0,20.0,65.85,0.0,0.0,0.0,1.0,4.0,2.933333333333333,1.0,6.0,24.1,0.0,0.0,0.0,1.0,7.0,25.083333333333336,1.0,20.0,49.66666666666667,0.0,0.0,0.0,1.0,7.0,13.533333333333333,2.0,34.0,97.06666666666666,1.0,37.0,45.63333333333333,0.0,0.0,0.0,1.0,10.0,61.166666666666664,5.0,384.0,1629.3,0.0,0.0,0.0,2.0,24.0,89.8,2.0,139.0,293.73333333333335
546,19,495,1550.85,0.0,0.0,0.0,2.0,30.0,84.95,0.0,0.0,0.0,1.0,7.0,35.699999999999996,0.0,0.0,0.0,0.0,0.0,0.0,2.0,13.0,59.68333333333334,1.0,17.0,88.11666666666667,1.0,40.0,55.33333333333333,0.0,0.0,0.0,2.0,26.0,118.33333333333333,1.0,117.0,267.15,0.0,0.0,0.0,6.0,78.0,216.21666666666667,1.0,67.0,375.2,0.0,0.0,0.0,1.0,10.0,43.166666666666664,1.0,90.0,206.99999999999997
547,21,677,2847.883333333333,5.0,28.0,67.08333333333333,2.0,16.0,40.63333333333334,0.0,0.0,0.0,2.0,9.0,47.6,0.0,0.0,0.0,0.0,0.0,0.0,2.0,10.0,36.833333333333336,0.0,0.0,0.0,0.0,0.0,0.0,0.0,0.0,0.0,0.0,0.0,0.0,3.0,220.0,895.8666666666666,0.0,0.0,0.0,1.0,22.0,30.066666666666666,4.0,356.0,1706.8,1.0,3.0,2.1999999999999997,1.0,13.0,20.8,0.0,0.0,0.0
548,24,686,1662.9166666666667,5.0,18.0,47.25,4.0,51.0,128.0,0.0,0.0,0.0,2.0,13.0,40.63333333333333,0.0,0.0,0.0,0.0,0.0,0.0,2.0,8.0,37.13333333333333,1.0,14.0,67.66666666666666,0.0,0.0,0.0,0.0,0.0,0.0,1.0,11.0,27.133333333333333,4.0,284.0,764.8,0.0,0.0,0.0,0.0,0.0,0.0,3.0,213.0,309.2666666666667,0.0,0.0,0.0,0.0,0.0,0.0,2.0,74.0,241.03333333333333
549,19,614,1442.2833333333333,0.0,0.0,0.0,0.0,0.0,0.0,0.0,0.0,0.0,4.0,18.0,43.916666666666664,4.0,49.0,117.91666666666666,0.0,0.0,0.0,2.0,5.0,23.450000000000003,0.0,0.0,0.0,1.0,108.0,189.0,0.0,0.0,0.0,0.0,0.0,0.0,1.0,27.0,58.05,0.0,0.0,0.0,0.0,0.0,0.0,4.0,312.0,573.2,0.0,0.0,0.0,2.0,20.0,28.0,1.0,75.0,408.75
550,23,556,2282.883333333333,3.0,12.0,19.616666666666667,1.0,17.0,81.03333333333333,0.0,0.0,0.0,3.0,13.0,57.78333333333334,1.0,10.0,20.333333333333332,0.0,0.0,0.0,2.0,10.0,22.333333333333336,2.0,33.0,126.85,0.0,0.0,0.0,0.0,0.0,0.0,2.0,28.0,64.05,2.0,227.0,1049.8166666666666,1.0,1.0,2.216666666666667,2.0,30.0,125.93333333333334,3.0,171.0,702.6499999999999,0.0,0.0,0.0,1.0,4.0,10.266666666666667,0.0,0.0,0.0
551,23,539,1968.3833333333334,3.0,10.0,28.383333333333336,3.0,47.0,162.91666666666669,1.0,56.0,253.86666666666667,5.0,25.0,119.26666666666667,2.0,24.0,26.46666666666667,0.0,0.0,0.0,1.0,3.0,2.7,1.0,20.0,56.66666666666667,0.0,0.0,0.0,0.0,0.0,0.0,2.0,38.0,63.766666666666666,1.0,111.0,573.5,0.0,0.0,0.0,0.0,0.0,0.0,1.0,69.0,40.25,0.0,0.0,0.0,1.0,15.0,71.0,2.0,121.0,569.6
552,11,276,803.95,4.0,15.0,76.75,1.0,8.0,20.4,0.0,0.0,0.0,1.0,6.0,2.5,0.0,0.0,0.0,0.0,0.0,0.0,0.0,0.0,0.0,0.0,0.0,0.0,0.0,0.0,0.0,0.0,0.0,0.0,1.0,9.0,59.4,1.0,110.0,236.5,0.0,0.0,0.0,0.0,0.0,0.0,0.0,0.0,0.0,1.0,3.0,10.05,0.0,0.0,0.0,2.0,125.0,398.34999999999997
553,29,857,3253.7,2.0,7.0,26.766666666666666,1.0,21.0,39.55,1.0,80.0,532.0,5.0,15.0,47.56666666666667,2.0,18.0,86.28333333333333,1.0,41.0,205.68333333333334,0.0,0.0,0.0,1.0,18.0,37.5,0.0,0.0,0.0,1.0,5.0,22.083333333333336,3.0,49.0,223.96666666666667,6.0,316.0,835.9833333333333,0.0,0.0,0.0,0.0,0.0,0.0,1.0,20.0,112.33333333333333,0.0,0.0,0.0,1.0,22.0,68.2,4.0,245.0,1015.7833333333333
554,16,672,1773.7166666666667,3.0,15.0,38.833333333333336,0.0,0.0,0.0,0.0,0.0,0.0,1.0,5.0,26.583333333333332,0.0,0.0,0.0,0.0,0.0,0.0,0.0,0.0,0.0,0.0,0.0,0.0,0.0,0.0,0.0,0.0,0.0,0.0,1.0,17.0,51.56666666666666,4.0,284.0,805.9666666666667,1.0,2.0,10.3,1.0,9.0,48.15,4.0,248.0,543.9166666666666,0.0,0.0,0.0,0.0,0.0,0.0,1.0,92.0,248.4
555,26,744,2427.5666666666666,2.0,5.0,20.85,3.0,42.0,180.61666666666667,0.0,0.0,0.0,3.0,10.0,37.416666666666664,0.0,0.0,0.0,2.0,51.0,122.96666666666667,2.0,2.0,11.933333333333334,3.0,39.0,57.71666666666666,1.0,120.0,98.0,0.0,0.0,0.0,1.0,14.0,23.566666666666666,2.0,148.0,432.5666666666666,0.0,0.0,0.0,2.0,39.0,116.06666666666666,1.0,51.0,216.75,0.0,0.0,0.0,1.0,10.0,33.16666666666667,3.0,213.0,1075.95
556,25,991,4341.483333333334,3.0,15.0,52.2,1.0,6.0,25.200000000000003,0.0,0.0,0.0,4.0,16.0,60.6,0.0,0.0,0.0,1.0,75.0,148.75,2.0,12.0,57.9,0.0,0.0,0.0,0.0,0.0,0.0,0.0,0.0,0.0,0.0,0.0,0.0,3.0,123.0,442.7166666666667,0.0,0.0,0.0,1.0,12.0,73.19999999999999,3.0,324.0,1423.75,0.0,0.0,0.0,1.0,12.0,75.6,6.0,396.0,1981.5666666666668
557,18,413,1377.95,1.0,1.0,0.6,2.0,39.0,70.2,0.0,0.0,0.0,2.0,10.0,49.43333333333333,2.0,15.0,42.833333333333336,0.0,0.0,0.0,0.0,0.0,0.0,1.0,23.0,77.43333333333334,1.0,71.0,345.5333333333333,0.0,0.0,0.0,0.0,0.0,0.0,2.0,58.0,242.91666666666666,0.0,0.0,0.0,1.0,14.0,3.5,0.0,0.0,0.0,1.0,6.0,32.7,2.0,34.0,79.01666666666665,3.0,142.0,433.7833333333333
558,26,470,1364.2833333333333,7.0,32.0,128.4,3.0,39.0,110.66666666666667,0.0,0.0,0.0,4.0,10.0,33.050000000000004,1.0,20.0,122.66666666666667,1.0,34.0,99.73333333333332,1.0,6.0,22.900000000000002,1.0,13.0,74.31666666666666,0.0,0.0,0.0,1.0,1.0,3.8666666666666667,1.0,15.0,85.5,2.0,149.0,451.46666666666664,0.0,0.0,0.0,1.0,4.0,5.266666666666667,2.0,123.0,193.64999999999998,0.0,0.0,0.0,0.0,0.0,0.0,1.0,24.0,32.8
559,21,394,978.2166666666667,3.0,11.0,25.083333333333336,0.0,0.0,0.0,2.0,121.0,182.56666666666666,3.0,14.0,29.916666666666668,2.0,37.0,52.266666666666666,0.0,0.0,0.0,3.0,10.0,49.95,2.0,20.0,114.93333333333334,0.0,0.0,0.0,0.0,0.0,0.0,0.0,0.0,0.0,1.0,48.0,31.200000000000003,0.0,0.0,0.0,0.0,0.0,0.0,0.0,0.0,0.0,0.0,0.0,0.0,3.0,24.0,29.050000000000004,2.0,109.0,463.25
560,23,566,1564.8833333333334,3.0,13.0,41.916666666666664,2.0,17.0,13.183333333333334,0.0,0.0,0.0,3.0,15.0,56.11666666666666,1.0,20.0,79.33333333333334,0.0,0.0,0.0,2.0,12.0,44.8,3.0,33.0,118.51666666666665,1.0,54.0,209.7,0.0,0.0,0.0,0.0,0.0,0.0,2.0,225.0,499.45,2.0,8.0,22.3,1.0,16.0,103.2,1.0,52.0,152.53333333333333,0.0,0.0,0.0,1.0,5.0,15.833333333333332,1.0,96.0,208.0
561,21,498,1993.25,0.0,0.0,0.0,1.0,20.0,34.0,0.0,0.0,0.0,2.0,10.0,21.266666666666666,1.0,15.0,9.5,0.0,0.0,0.0,5.0,21.0,34.78333333333333,2.0,42.0,160.98333333333335,0.0,0.0,0.0,0.0,0.0,0.0,2.0,21.0,104.4,1.0,29.0,160.95,0.0,0.0,0.0,1.0,18.0,95.1,4.0,299.0,1272.8333333333333,0.0,0.0,0.0,2.0,23.0,99.43333333333332,0.0,0.0,0.0
562,18,672,1866.0166666666667,0.0,0.0,0.0,1.0,21.0,28.0,1.0,112.0,205.33333333333331,2.0,9.0,41.4,4.0,47.0,71.54999999999998,0.0,0.0,0.0,1.0,7.0,42.81666666666666,1.0,16.0,91.73333333333333,0.0,0.0,0.0,0.0,0.0,0.0,1.0,5.0,30.25,3.0,233.0,579.1,1.0,5.0,3.6666666666666665,0.0,0.0,0.0,1.0,86.0,561.8666666666667,0.0,0.0,0.0,1.0,6.0,22.799999999999997,1.0,125.0,187.5
563,28,772,2727.5,2.0,12.0,23.433333333333334,6.0,77.0,334.1,0.0,0.0,0.0,1.0,4.0,13.133333333333333,2.0,23.0,26.366666666666667,1.0,43.0,38.7,2.0,10.0,36.1,1.0,22.0,9.166666666666668,0.0,0.0,0.0,0.0,0.0,0.0,2.0,32.0,167.6,4.0,336.0,1526.55,0.0,0.0,0.0,1.0,13.0,52.0,1.0,72.0,253.2,0.0,0.0,0.0,2.0,11.0,31.53333333333333,3.0,117.0,215.61666666666667
564,19,496,2081.25,2.0,8.0,16.583333333333332,1.0,7.0,5.133333333333333,0.0,0.0,0.0,2.0,6.0,14.7,1.0,20.0,6.333333333333333,0.0,0.0,0.0,1.0,7.0,15.983333333333333,1.0,16.0,45.86666666666667,1.0,117.0,567.4499999999999,0.0,0.0,0.0,5.0,67.0,302.98333333333335,2.0,95.0,383.2833333333333,0.0,0.0,0.0,2.0,30.0,187.88333333333333,0.0,0.0,0.0,0.0,0.0,0.0,0.0,0.0,0.0,1.0,123.0,535.05
565,22,895,3145.8166666666666,4.0,16.0,38.21666666666667,0.0,0.0,0.0,1.0,59.0,383.5,2.0,8.0,52.599999999999994,0.0,0.0,0.0,0.0,0.0,0.0,0.0,0.0,0.0,1.0,6.0,10.4,0.0,0.0,0.0,0.0,0.0,0.0,1.0,13.0,35.75,7.0,361.0,1606.9333333333334,0.0,0.0,0.0,0.0,0.0,0.0,1.0,113.0,82.86666666666666,1.0,5.0,4.333333333333334,1.0,10.0,56.0,3.0,304.0,875.2166666666666
566,26,446,1596.6333333333334,6.0,25.0,85.16666666666667,1.0,13.0,9.75,1.0,111.0,312.65000000000003,4.0,8.0,33.78333333333334,2.0,32.0,140.54999999999998,0.0,0.0,0.0,4.0,10.0,51.333333333333336,3.0,45.0,155.95,0.0,0.0,0.0,0.0,0.0,0.0,1.0,12.0,60.4,1.0,102.0,555.9,1.0,5.0,2.0,0.0,0.0,0.0,1.0,67.0,150.75,0.0,0.0,0.0,1.0,16.0,38.4,0.0,0.0,0.0
567,19,438,1083.1166666666668,2.0,11.0,45.8,2.0,27.0,110.80000000000001,0.0,0.0,0.0,2.0,6.0,7.666666666666666,0.0,0.0,0.0,0.0,0.0,0.0,2.0,9.0,33.3,0.0,0.0,0.0,0.0,0.0,0.0,0.0,0.0,0.0,2.0,33.0,66.4,3.0,192.0,447.31666666666666,0.0,0.0,0.0,1.0,13.0,43.11666666666667,2.0,100.0,155.33333333333334,0.0,0.0,0.0,3.0,47.0,173.38333333333335,0.0,0.0,0.0
568,23,706,1749.0333333333333,5.0,23.0,59.5,1.0,8.0,32.666666666666664,1.0,100.0,206.66666666666669,2.0,11.0,50.93333333333334,3.0,35.0,125.06666666666666,0.0,0.0,0.0,1.0,4.0,1.9333333333333333,1.0,9.0,8.1,0.0,0.0,0.0,0.0,0.0,0.0,1.0,19.0,92.78333333333335,2.0,213.0,770.5833333333333,0.0,0.0,0.0,2.0,30.0,77.64999999999999,1.0,122.0,219.6,1.0,5.0,31.916666666666668,1.0,4.0,18.333333333333332,1.0,123.0,53.300000000000004
569,14,166,692.45,2.0,9.0,11.733333333333334,0.0,0.0,0.0,0.0,0.0,0.0,2.0,9.0,39.6,2.0,30.0,133.66666666666669,0.0,0.0,0.0,1.0,7.0,5.25,1.0,14.0,80.5,0.0,0.0,0.0,1.0,6.0,33.4,1.0,9.0,44.400000000000006,1.0,27.0,59.400000000000006,0.0,0.0,0.0,0.0,0.0,0.0,0.0,0.0,0.0,1.0,5.0,17.166666666666664,0.0,0.0,0.0,2.0,50.0,267.3333333333333
570,27,580,2234.2000000000003,1.0,4.0,17.666666666666668,0.0,0.0,0.0,1.0,118.0,696.2,6.0,20.0,67.08333333333333,2.0,27.0,48.716666666666676,0.0,0.0,0.0,5.0,22.0,92.71666666666667,1.0,6.0,19.799999999999997,2.0,89.0,456.24999999999994,0.0,0.0,0.0,2.0,23.0,36.06666666666666,4.0,214.0,557.8333333333333,0.0,0.0,0.0,0.0,0.0,0.0,1.0,24.0,118.4,0.0,0.0,0.0,1.0,14.0,86.10000000000001,1.0,19.0,37.36666666666667
571,19,776,2604.116666666667,4.0,20.0,37.46666666666667,0.0,0.0,0.0,0.0,0.0,0.0,0.0,0.0,0.0,0.0,0.0,0.0,0.0,0.0,0.0,0.0,0.0,0.0,2.0,39.0,199.48333333333335,1.0,123.0,125.05,1.0,5.0,11.833333333333334,0.0,0.0,0.0,2.0,178.0,634.0,0.0,0.0,0.0,2.0,39.0,133.5,3.0,249.0,951.5666666666667,0.0,0.0,0.0,2.0,19.0,75.31666666666666,2.0,104.0,435.90000000000003
572,28,729,3026.35,5.0,17.0,53.21666666666667,1.0,16.0,99.46666666666667,1.0,121.0,681.6333333333334,1.0,6.0,32.400000000000006,2.0,19.0,61.9,0.0,0.0,0.0,2.0,7.0,33.36666666666667,1.0,21.0,49.7,0.0,0.0,0.0,0.0,0.0,0.0,3.0,35.0,155.11666666666667,3.0,217.0,620.75,0.0,0.0,0.0,1.0,19.0,45.6,4.0,208.0,1035.8666666666668,1.0,7.0,39.43333333333334,3.0,36.0,117.9,0.0,0.0,0.0
573,27,804,3612.6,1.0,2.0,2.066666666666667,0.0,0.0,0.0,1.0,34.0,39.099999999999994,4.0,13.0,52.96666666666667,0.0,0.0,0.0,1.0,21.0,114.10000000000001,2.0,5.0,6.699999999999999,0.0,0.0,0.0,0.0,0.0,0.0,1.0,1.0,2.3,4.0,39.0,185.03333333333333,2.0,184.0,866.9333333333333,1.0,6.0,27.699999999999996,2.0,29.0,45.43333333333334,4.0,311.0,1438.4833333333333,0.0,0.0,0.0,1.0,21.0,56.349999999999994,3.0,138.0,775.4333333333333
574,20,375,1389.7166666666667,8.0,35.0,116.26666666666665,0.0,0.0,0.0,1.0,69.0,158.7,4.0,16.0,82.21666666666667,1.0,11.0,39.233333333333334,0.0,0.0,0.0,0.0,0.0,0.0,1.0,16.0,55.46666666666667,0.0,0.0,0.0,0.0,0.0,0.0,3.0,47.0,92.71666666666667,1.0,117.0,575.25,0.0,0.0,0.0,0.0,0.0,0.0,0.0,0.0,0.0,0.0,0.0,0.0,0.0,0.0,0.0,1.0,64.0,269.8666666666667
575,28,739,2275.55,5.0,23.0,71.68333333333334,4.0,31.0,106.36666666666667,0.0,0.0,0.0,2.0,5.0,5.666666666666666,4.0,57.0,176.26666666666665,1.0,122.0,736.0666666666666,2.0,5.0,20.05,0.0,0.0,0.0,0.0,0.0,0.0,0.0,0.0,0.0,1.0,22.0,11.0,3.0,298.0,631.4666666666667,0.0,0.0,0.0,2.0,26.0,59.333333333333336,0.0,0.0,0.0,1.0,2.0,3.7666666666666666,1.0,21.0,133.0,2.0,127.0,320.8833333333333
576,29,413,1458.25,6.0,22.0,93.85000000000001,1.0,7.0,14.700000000000001,1.0,117.0,436.8,9.0,39.0,131.05,1.0,22.0,140.43333333333334,1.0,25.0,58.75,2.0,10.0,32.33333333333333,1.0,7.0,15.516666666666667,0.0,0.0,0.0,0.0,0.0,0.0,1.0,6.0,33.1,0.0,0.0,0.0,0.0,0.0,0.0,0.0,0.0,0.0,1.0,52.0,69.33333333333333,1.0,6.0,27.599999999999998,3.0,42.0,146.68333333333334,1.0,58.0,258.1
577,18,618,1994.3166666666666,4.0,19.0,95.98333333333333,3.0,46.0,188.3,0.0,0.0,0.0,1.0,3.0,8.850000000000001,0.0,0.0,0.0,0.0,0.0,0.0,4.0,25.0,82.68333333333332,0.0,0.0,0.0,0.0,0.0,0.0,0.0,0.0,0.0,0.0,0.0,0.0,2.0,196.0,677.5333333333333,0.0,0.0,0.0,0.0,0.0,0.0,2.0,120.0,547.5333333333333,0.0,0.0,0.0,0.0,0.0,0.0,2.0,209.0,393.4333333333333
578,17,240,754.6833333333334,3.0,11.0,30.766666666666666,3.0,48.0,151.33333333333334,0.0,0.0,0.0,2.0,7.0,8.916666666666666,3.0,45.0,223.55,0.0,0.0,0.0,1.0,7.0,24.03333333333333,0.0,0.0,0.0,1.0,35.0,37.916666666666664,0.0,0.0,0.0,1.0,5.0,8.5,0.0,0.0,0.0,0.0,0.0,0.0,1.0,9.0,18.900000000000002,1.0,18.0,54.599999999999994,0.0,0.0,0.0,0.0,0.0,0.0,1.0,55.0,196.16666666666669
579,21,577,2231.0833333333335,3.0,9.0,46.3,0.0,0.0,0.0,0.0,0.0,0.0,3.0,11.0,24.950000000000003,1.0,22.0,53.900000000000006,0.0,0.0,0.0,3.0,12.0,49.099999999999994,1.0,19.0,76.63333333333333,0.0,0.0,0.0,0.0,0.0,0.0,1.0,6.0,22.6,1.0,29.0,77.33333333333333,1.0,1.0,0.38333333333333336,0.0,0.0,0.0,2.0,123.0,551.6,0.0,0.0,0.0,2.0,35.0,62.983333333333334,3.0,310.0,1265.3
580,29,422,1699.3666666666668,7.0,27.0,72.4,4.0,55.0,254.71666666666664,0.0,0.0,0.0,6.0,24.0,83.81666666666666,0.0,0.0,0.0,0.0,0.0,0.0,3.0,17.0,50.58333333333333,1.0,16.0,24.266666666666666,1.0,96.0,614.4000000000001,0.0,0.0,0.0,1.0,7.0,17.383333333333333,2.0,68.0,392.2166666666667,1.0,2.0,10.166666666666666,0.0,0.0,0.0,2.0,105.0,176.33333333333334,0.0,0.0,0.0,1.0,5.0,3.0833333333333335,0.0,0.0,0.0
581,18,396,1478.3,2.0,8.0,35.36666666666667,1.0,19.0,120.33333333333333,0.0,0.0,0.0,3.0,13.0,51.0,1.0,18.0,67.8,0.0,0.0,0.0,1.0,3.0,19.5,1.0,20.0,86.0,0.0,0.0,0.0,0.0,0.0,0.0,2.0,22.0,61.900000000000006,2.0,69.0,63.46666666666667,0.0,0.0,0.0,0.0,0.0,0.0,0.0,0.0,0.0,1.0,4.0,8.133333333333333,1.0,10.0,38.833333333333336,3.0,210.0,925.9666666666667
582,19,495,1448.4833333333333,2.0,12.0,29.35,5.0,69.0,134.21666666666667,1.0,41.0,209.1,3.0,12.0,59.98333333333333,1.0,17.0,36.55,1.0,106.0,416.93333333333334,1.0,3.0,11.7,1.0,20.0,107.33333333333333,0.0,0.0,0.0,0.0,0.0,0.0,1.0,12.0,74.2,2.0,176.0,347.96666666666664,0.0,0.0,0.0,0.0,0.0,0.0,0.0,0.0,0.0,0.0,0.0,0.0,0.0,0.0,0.0,1.0,27.0,21.15
583,19,457,1739.35,1.0,5.0,9.166666666666666,2.0,30.0,78.56666666666666,0.0,0.0,0.0,3.0,15.0,28.15,1.0,19.0,16.15,0.0,0.0,0.0,2.0,10.0,12.466666666666665,2.0,26.0,102.86666666666667,0.0,0.0,0.0,0.0,0.0,0.0,2.0,32.0,104.26666666666665,1.0,125.0,456.25,0.0,0.0,0.0,2.0,44.0,122.01666666666665,2.0,144.0,786.35,0.0,0.0,0.0,1.0,7.0,23.099999999999998,0.0,0.0,0.0
584,21,292,848.9166666666666,2.0,14.0,33.71666666666667,1.0,17.0,112.76666666666668,0.0,0.0,0.0,4.0,14.0,40.8,3.0,31.0,87.91666666666666,0.0,0.0,0.0,3.0,11.0,33.21666666666667,1.0,9.0,55.35,0.0,0.0,0.0,0.0,0.0,0.0,1.0,21.0,11.2,1.0,42.0,211.4,0.0,0.0,0.0,0.0,0.0,0.0,1.0,68.0,21.53333333333333,0.0,0.0,0.0,2.0,33.0,82.61666666666667,2.0,32.0,158.39999999999998
585,14,274,904.4666666666666,3.0,10.0,15.650000000000002,1.0,5.0,25.75,0.0,0.0,0.0,2.0,3.0,14.616666666666667,1.0,17.0,32.3,0.0,0.0,0.0,4.0,22.0,66.26666666666667,0.0,0.0,0.0,1.0,26.0,30.766666666666666,0.0,0.0,0.0,0.0,0.0,0.0,1.0,125.0,397.91666666666663,0.0,0.0,0.0,0.0,0.0,0.0,1.0,66.0,321.2,0.0,0.0,0.0,0.0,0.0,0.0,0.0,0.0,0.0
586,22,585,2580.5666666666666,4.0,15.0,72.11666666666666,2.0,11.0,43.016666666666666,0.0,0.0,0.0,2.0,13.0,62.18333333333333,0.0,0.0,0.0,0.0,0.0,0.0,3.0,10.0,10.366666666666667,1.0,7.0,16.566666666666666,0.0,0.0,0.0,1.0,5.0,14.666666666666666,0.0,0.0,0.0,1.0,105.0,553.0,0.0,0.0,0.0,1.0,9.0,24.0,2.0,140.0,539.8,0.0,0.0,0.0,2.0,31.0,92.98333333333332,3.0,239.0,1151.8666666666668
587,10,247,683.6333333333333,2.0,8.0,33.86666666666666,0.0,0.0,0.0,0.0,0.0,0.0,1.0,7.0,41.65,0.0,0.0,0.0,0.0,0.0,0.0,2.0,10.0,25.5,0.0,0.0,0.0,1.0,103.0,120.16666666666667,0.0,0.0,0.0,0.0,0.0,0.0,1.0,33.0,219.45000000000002,0.0,0.0,0.0,1.0,5.0,6.5,0.0,0.0,0.0,0.0,0.0,0.0,0.0,0.0,0.0,2.0,81.0,236.5
588,28,1040,3912.75,2.0,8.0,21.333333333333336,4.0,54.0,192.61666666666667,0.0,0.0,0.0,3.0,6.0,22.15,1.0,5.0,29.833333333333336,0.0,0.0,0.0,0.0,0.0,0.0,1.0,22.0,130.9,1.0,116.0,595.4666666666667,1.0,6.0,16.6,1.0,9.0,43.199999999999996,8.0,588.0,2152.5,0.0,0.0,0.0,0.0,0.0,0.0,1.0,57.0,303.05,0.0,0.0,0.0,2.0,34.0,124.63333333333333,3.0,135.0,280.4666666666667
589,11,518,1691.85,0.0,0.0,0.0,0.0,0.0,0.0,0.0,0.0,0.0,3.0,17.0,91.36666666666667,0.0,0.0,0.0,0.0,0.0,0.0,1.0,6.0,6.8,0.0,0.0,0.0,1.0,32.0,124.26666666666667,0.0,0.0,0.0,0.0,0.0,0.0,4.0,380.0,1213.6,0.0,0.0,0.0,0.0,0.0,0.0,0.0,0.0,0.0,0.0,0.0,0.0,1.0,12.0,15.600000000000001,1.0,71.0,240.21666666666667
590,18,441,1747.2833333333333,3.0,16.0,92.80000000000001,1.0,8.0,48.0,0.0,0.0,0.0,1.0,7.0,31.966666666666665,1.0,18.0,63.0,1.0,111.0,166.5,3.0,16.0,54.3,0.0,0.0,0.0,1.0,25.0,55.833333333333336,0.0,0.0,0.0,3.0,36.0,112.55,2.0,80.0,423.59999999999997,0.0,0.0,0.0,0.0,0.0,0.0,0.0,0.0,0.0,0.0,0.0,0.0,0.0,0.0,0.0,2.0,124.0,698.7333333333333
591,20,412,1352.7833333333333,1.0,6.0,15.299999999999999,1.0,16.0,83.73333333333333,0.0,0.0,0.0,3.0,3.0,6.566666666666666,3.0,37.0,168.96666666666667,0.0,0.0,0.0,2.0,13.0,71.31666666666666,1.0,5.0,13.333333333333332,1.0,74.0,448.93333333333334,1.0,2.0,8.333333333333334,2.0,39.0,69.83333333333334,2.0,122.0,260.90000000000003,0.0,0.0,0.0,2.0,17.0,67.76666666666667,0.0,0.0,0.0,0.0,0.0,0.0,0.0,0.0,0.0,1.0,78.0,137.79999999999998
592,19,576,2372.2833333333333,3.0,6.0,31.583333333333336,0.0,0.0,0.0,0.0,0.0,0.0,2.0,7.0,19.316666666666666,1.0,19.0,59.21666666666667,0.0,0.0,0.0,1.0,5.0,28.833333333333332,1.0,19.0,111.78333333333335,0.0,0.0,0.0,0.0,0.0,0.0,1.0,6.0,27.699999999999996,2.0,122.0,471.23333333333335,1.0,5.0,13.666666666666668,2.0,32.0,181.5,3.0,242.0,855.5999999999999,0.0,0.0,0.0,1.0,7.0,33.016666666666666,1.0,106.0,538.8333333333333
593,20,566,1910.2666666666667,2.0,10.0,7.3,3.0,22.0,104.63333333333333,0.0,0.0,0.0,3.0,9.0,20.683333333333334,0.0,0.0,0.0,1.0,127.0,455.08333333333337,0.0,0.0,0.0,2.0,39.0,159.0,0.0,0.0,0.0,0.0,0.0,0.0,0.0,0.0,0.0,1.0,32.0,212.26666666666668,0.0,0.0,0.0,3.0,47.0,177.63333333333333,1.0,119.0,372.8666666666667,0.0,0.0,0.0,2.0,31.0,16.433333333333334,2.0,130.0,384.3666666666666
594,21,578,2437.7,1.0,5.0,19.833333333333336,1.0,16.0,50.4,0.0,0.0,0.0,3.0,17.0,86.71666666666667,2.0,19.0,33.56666666666667,0.0,0.0,0.0,3.0,16.0,38.766666666666666,3.0,44.0,185.78333333333333,1.0,94.0,570.2666666666667,0.0,0.0,0.0,0.0,0.0,0.0,2.0,123.0,771.0,0.0,0.0,0.0,0.0,0.0,0.0,2.0,184.0,527.05,0.0,0.0,0.0,2.0,23.0,44.550000000000004,1.0,37.0,109.76666666666667
595,24,653,1946.3166666666666,5.0,22.0,83.51666666666667,0.0,0.0,0.0,2.0,90.0,256.26666666666665,2.0,5.0,28.316666666666666,1.0,7.0,32.43333333333334,0.0,0.0,0.0,3.0,16.0,55.43333333333334,0.0,0.0,0.0,1.0,38.0,223.5666666666667,0.0,0.0,0.0,0.0,0.0,0.0,4.0,200.0,313.15,0.0,0.0,0.0,0.0,0.0,0.0,3.0,216.0,880.3666666666666,0.0,0.0,0.0,1.0,16.0,4.266666666666667,2.0,43.0,69.0
596,28,976,3351.7666666666664,3.0,9.0,27.816666666666666,2.0,20.0,82.66666666666666,1.0,59.0,373.66666666666663,2.0,5.0,22.583333333333332,3.0,37.0,90.28333333333333,0.0,0.0,0.0,3.0,10.0,54.61666666666667,4.0,62.0,275.6333333333333,1.0,126.0,365.4,0.0,0.0,0.0,0.0,0.0,0.0,3.0,297.0,998.5666666666666,0.0,0.0,0.0,2.0,40.0,139.56666666666666,2.0,127.0,541.8666666666667,0.0,0.0,0.0,0.0,0.0,0.0,2.0,184.0,379.1
597,23,520,2681.75,6.0,29.0,90.56666666666666,2.0,32.0,160.86666666666667,0.0,0.0,0.0,1.0,7.0,5.833333333333334,1.0,23.0,88.93333333333334,1.0,60.0,388.0,4.0,11.0,50.1,0.0,0.0,0.0,0.0,0.0,0.0,1.0,4.0,8.933333333333334,1.0,23.0,149.11666666666667,0.0,0.0,0.0,0.0,0.0,0.0,1.0,4.0,12.733333333333333,0.0,0.0,0.0,0.0,0.0,0.0,0.0,0.0,0.0,5.0,327.0,1726.6666666666665
598,19,554,1990.9666666666667,3.0,13.0,30.93333333333333,0.0,0.0,0.0,0.0,0.0,0.0,2.0,8.0,21.833333333333332,3.0,39.0,126.31666666666666,1.0,105.0,99.75,2.0,6.0,22.03333333333333,2.0,22.0,20.2,1.0,69.0,179.4,1.0,5.0,22.583333333333332,0.0,0.0,0.0,4.0,287.0,1467.9166666666665,0.0,0.0,0.0,0.0,0.0,0.0,0.0,0.0,0.0,0.0,0.0,0.0,0.0,0.0,0.0,0.0,0.0,0.0
599,15,467,1950.2166666666667,1.0,2.0,12.333333333333334,0.0,0.0,0.0,0.0,0.0,0.0,1.0,6.0,3.4,2.0,20.0,74.36666666666667,0.0,0.0,0.0,2.0,7.0,37.1,1.0,21.0,91.35,0.0,0.0,0.0,0.0,0.0,0.0,2.0,38.0,226.1,3.0,270.0,1145.8,0.0,0.0,0.0,1.0,15.0,98.25,0.0,0.0,0.0,1.0,1.0,1.9666666666666666,0.0,0.0,0.0,1.0,87.0,259.55
600,28,833,2109.883333333333,6.0,17.0,83.26666666666667,4.0,54.0,167.31666666666666,1.0,119.0,55.53333333333333,3.0,12.0,31.700000000000003,1.0,18.0,90.89999999999999,0.0,0.0,0.0,1.0,1.0,5.766666666666667,1.0,8.0,27.733333333333334,1.0,118.0,255.66666666666666,0.0,0.0,0.0,1.0,14.0,9.333333333333332,3.0,142.0,349.6,0.0,0.0,0.0,1.0,9.0,35.85,1.0,49.0,115.15,0.0,0.0,0.0,1.0,14.0,21.46666666666667,3.0,258.0,860.6
601,17,755,1872.3166666666666,1.0,5.0,16.5,1.0,16.0,76.8,1.0,47.0,10.966666666666667,1.0,6.0,25.200000000000003,2.0,36.0,62.66666666666667,0.0,0.0,0.0,1.0,4.0,14.266666666666667,0.0,0.0,0.0,0.0,0.0,0.0,0.0,0.0,0.0,0.0,0.0,0.0,3.0,290.0,471.6166666666667,1.0,5.0,9.083333333333334,2.0,27.0,48.25,2.0,196.0,929.0166666666667,0.0,0.0,0.0,1.0,15.0,92.75,1.0,108.0,115.2
602,18,423,1602.2666666666667,3.0,11.0,40.7,3.0,40.0,143.88333333333333,0.0,0.0,0.0,2.0,13.0,39.61666666666667,2.0,19.0,48.81666666666666,1.0,42.0,77.7,0.0,0.0,0.0,1.0,21.0,105.35,1.0,80.0,162.66666666666666,0.0,0.0,0.0,3.0,40.0,131.54999999999998,1.0,82.0,535.7333333333333,0.0,0.0,0.0,0.0,0.0,0.0,1.0,75.0,316.25,0.0,0.0,0.0,0.0,0.0,0.0,0.0,0.0,0.0
603,29,994,2712.05,1.0,6.0,12.0,0.0,0.0,0.0,1.0,79.0,312.05,4.0,22.0,84.51666666666667,3.0,48.0,123.26666666666667,0.0,0.0,0.0,3.0,10.0,43.6,4.0,70.0,139.98333333333335,0.0,0.0,0.0,0.0,0.0,0.0,0.0,0.0,0.0,4.0,286.0,522.3,0.0,0.0,0.0,1.0,16.0,56.0,4.0,264.0,769.7666666666665,0.0,0.0,0.0,1.0,8.0,51.86666666666667,3.0,185.0,596.7
604,22,773,3197.45,1.0,2.0,1.6,0.0,0.0,0.0,0.0,0.0,0.0,0.0,0.0,0.0,2.0,34.0,220.10000000000002,1.0,71.0,267.43333333333334,2.0,7.0,45.0,1.0,20.0,16.333333333333332,0.0,0.0,0.0,0.0,0.0,0.0,3.0,36.0,108.2,4.0,323.0,1554.0,0.0,0.0,0.0,2.0,37.0,26.65,2.0,98.0,535.6666666666666,0.0,0.0,0.0,2.0,25.0,83.38333333333334,2.0,120.0,339.0833333333333
605,27,948,3035.766666666667,5.0,19.0,63.28333333333333,1.0,17.0,72.25,1.0,48.0,11.2,4.0,17.0,84.26666666666667,2.0,32.0,197.68333333333334,1.0,51.0,79.9,0.0,0.0,0.0,0.0,0.0,0.0,0.0,0.0,0.0,0.0,0.0,0.0,1.0,9.0,54.75,2.0,197.0,927.1166666666667,0.0,0.0,0.0,2.0,20.0,45.83333333333333,3.0,276.0,879.8000000000001,0.0,0.0,0.0,2.0,29.0,31.833333333333336,3.0,233.0,587.85
606,19,601,1411.1333333333332,0.0,0.0,0.0,1.0,19.0,50.03333333333333,0.0,0.0,0.0,4.0,19.0,45.96666666666666,3.0,24.0,24.616666666666667,0.0,0.0,0.0,2.0,10.0,32.91666666666667,1.0,10.0,5.0,0.0,0.0,0.0,0.0,0.0,0.0,1.0,23.0,138.76666666666665,2.0,220.0,641.3333333333333,0.0,0.0,0.0,1.0,12.0,30.0,2.0,102.0,166.2,0.0,0.0,0.0,0.0,0.0,0.0,2.0,162.0,276.29999999999995
607,16,432,1589.6833333333334,2.0,6.0,19.81666666666667,0.0,0.0,0.0,1.0,83.0,518.75,2.0,11.0,39.383333333333326,3.0,42.0,111.5,0.0,0.0,0.0,1.0,4.0,7.866666666666666,1.0,14.0,38.96666666666667,1.0,84.0,30.799999999999997,0.0,0.0,0.0,3.0,59.0,142.36666666666667,0.0,0.0,0.0,0.0,0.0,0.0,0.0,0.0,0.0,1.0,74.0,414.4,0.0,0.0,0.0,0.0,0.0,0.0,1.0,55.0,265.8333333333333
608,32,800,2931.15,5.0,14.0,49.16666666666667,2.0,23.0,75.86666666666666,0.0,0.0,0.0,6.0,22.0,45.43333333333334,2.0,16.0,61.666666666666664,1.0,53.0,346.26666666666665,3.0,15.0,51.25,1.0,11.0,32.45,0.0,0.0,0.0,0.0,0.0,0.0,0.0,0.0,0.0,5.0,357.0,1578.5,1.0,3.0,8.2,2.0,29.0,60.116666666666674,1.0,104.0,282.53333333333336,0.0,0.0,0.0,1.0,6.0,34.9,2.0,147.0,304.8
609,21,487,1682.6666666666667,6.0,30.0,86.43333333333334,2.0,23.0,119.33333333333333,1.0,71.0,209.45000000000002,1.0,7.0,33.36666666666667,0.0,0.0,0.0,0.0,0.0,0.0,4.0,19.0,95.78333333333333,1.0,17.0,14.45,0.0,0.0,0.0,0.0,0.0,0.0,0.0,0.0,0.0,1.0,115.0,268.33333333333337,0.0,0.0,0.0,1.0,14.0,18.900000000000002,2.0,151.0,771.05,0.0,0.0,0.0,1.0,9.0,38.699999999999996,1.0,31.0,26.866666666666667
610,25,929,3672.933333333333,2.0,8.0,37.4,0.0,0.0,0.0,0.0,0.0,0.0,3.0,17.0,32.68333333333333,3.0,49.0,167.46666666666667,2.0,102.0,375.9333333333333,1.0,5.0,7.333333333333333,3.0,27.0,49.5,0.0,0.0,0.0,1.0,5.0,13.166666666666666,1.0,9.0,15.899999999999999,3.0,260.0,732.5833333333333,1.0,4.0,10.933333333333334,1.0,21.0,119.35000000000001,0.0,0.0,0.0,0.0,0.0,0.0,0.0,0.0,0.0,4.0,422.0,2110.6833333333334
611,24,770,3211.483333333333,4.0,20.0,41.333333333333336,2.0,20.0,24.5,0.0,0.0,0.0,1.0,2.0,13.166666666666666,1.0,6.0,23.700000000000003,0.0,0.0,0.0,1.0,6.0,29.700000000000003,0.0,0.0,0.0,1.0,103.0,314.15,1.0,7.0,12.483333333333334,4.0,46.0,169.08333333333334,2.0,116.0,666.7333333333333,0.0,0.0,0.0,1.0,21.0,42.699999999999996,2.0,126.0,646.1666666666667,0.0,0.0,0.0,1.0,6.0,10.4,3.0,291.0,1217.3666666666666
612,21,778,2819.9,1.0,1.0,5.283333333333333,1.0,19.0,92.78333333333335,0.0,0.0,0.0,4.0,20.0,89.55,1.0,23.0,57.5,1.0,39.0,82.55,2.0,9.0,23.96666666666667,2.0,43.0,189.5666666666667,1.0,62.0,198.4,0.0,0.0,0.0,1.0,4.0,12.0,2.0,185.0,368.5,0.0,0.0,0.0,0.0,0.0,0.0,3.0,274.0,1371.05,0.0,0.0,0.0,0.0,0.0,0.0,2.0,99.0,328.75
613,19,682,1603.8,2.0,11.0,44.86666666666666,2.0,27.0,34.85,0.0,0.0,0.0,2.0,7.0,29.066666666666666,1.0,8.0,21.2,1.0,108.0,43.2,1.0,7.0,44.56666666666666,0.0,0.0,0.0,0.0,0.0,0.0,0.0,0.0,0.0,1.0,6.0,36.1,2.0,128.0,162.99999999999997,0.0,0.0,0.0,2.0,30.0,78.7,2.0,191.0,545.1333333333333,0.0,0.0,0.0,0.0,0.0,0.0,3.0,159.0,563.1166666666668
614,24,619,2389.35,3.0,17.0,61.06666666666666,0.0,0.0,0.0,0.0,0.0,0.0,5.0,22.0,63.766666666666666,0.0,0.0,0.0,0.0,0.0,0.0,4.0,13.0,30.416666666666668,2.0,27.0,127.68333333333334,0.0,0.0,0.0,0.0,0.0,0.0,2.0,30.0,101.16666666666667,3.0,257.0,1039.4166666666667,0.0,0.0,0.0,1.0,7.0,44.1,2.0,149.0,588.1833333333333,1.0,5.0,13.083333333333334,0.0,0.0,0.0,1.0,92.0,320.4666666666667
615,17,421,1434.8166666666666,1.0,5.0,12.916666666666668,0.0,0.0,0.0,0.0,0.0,0.0,1.0,5.0,16.416666666666664,2.0,28.0,130.51666666666668,0.0,0.0,0.0,0.0,0.0,0.0,0.0,0.0,0.0,1.0,34.0,13.033333333333335,1.0,7.0,9.1,3.0,31.0,105.25,1.0,82.0,181.76666666666668,1.0,3.0,11.2,1.0,14.0,92.16666666666666,1.0,76.0,133.0,0.0,0.0,0.0,2.0,12.0,21.666666666666668,2.0,124.0,707.7833333333333
616,20,481,1755.5666666666668,3.0,17.0,53.6,0.0,0.0,0.0,0.0,0.0,0.0,3.0,18.0,54.13333333333333,2.0,38.0,147.76666666666665,0.0,0.0,0.0,1.0,4.0,19.933333333333334,1.0,12.0,56.0,0.0,0.0,0.0,0.0,0.0,0.0,2.0,32.0,109.45,2.0,181.0,1020.3833333333334,2.0,13.0,31.233333333333334,1.0,6.0,27.599999999999998,0.0,0.0,0.0,0.0,0.0,0.0,1.0,7.0,43.16666666666667,2.0,153.0,192.3
617,16,407,1527.4666666666667,1.0,3.0,11.25,2.0,34.0,101.16666666666667,0.0,0.0,0.0,1.0,7.0,32.08333333333333,0.0,0.0,0.0,0.0,0.0,0.0,3.0,15.0,61.150000000000006,2.0,29.0,147.68333333333334,1.0,36.0,143.4,1.0,7.0,35.0,0.0,0.0,0.0,0.0,0.0,0.0,0.0,0.0,0.0,2.0,18.0,59.0,2.0,144.0,450.3333333333333,0.0,0.0,0.0,0.0,0.0,0.0,1.0,114.0,486.4
618,24,841,1913.6333333333334,1.0,3.0,11.55,0.0,0.0,0.0,0.0,0.0,0.0,5.0,14.0,47.233333333333334,0.0,0.0,0.0,1.0,98.0,151.9,3.0,11.0,49.31666666666666,1.0,18.0,102.9,0.0,0.0,0.0,0.0,0.0,0.0,2.0,14.0,48.833333333333336,5.0,419.0,1063.3666666666668,0.0,0.0,0.0,1.0,21.0,28.35,1.0,110.0,150.33333333333334,0.0,0.0,0.0,3.0,22.0,82.25,1.0,111.0,177.60000000000002
619,21,412,1380.3166666666666,3.0,19.0,73.53333333333333,5.0,77.0,330.26666666666665,1.0,28.0,96.60000000000001,2.0,8.0,5.366666666666667,0.0,0.0,0.0,0.0,0.0,0.0,0.0,0.0,0.0,1.0,12.0,70.60000000000001,0.0,0.0,0.0,0.0,0.0,0.0,1.0,9.0,39.0,2.0,96.0,119.93333333333334,0.0,0.0,0.0,1.0,14.0,9.566666666666666,3.0,116.0,488.0333333333333,0.0,0.0,0.0,1.0,8.0,15.333333333333334,1.0,25.0,132.08333333333334
620,18,457,2199.7,2.0,8.0,26.75,1.0,11.0,23.833333333333332,0.0,0.0,0.0,1.0,3.0,17.1,4.0,52.0,202.96666666666667,0.0,0.0,0.0,2.0,3.0,15.716666666666665,1.0,20.0,55.666666666666664,1.0,50.0,172.5,0.0,0.0,0.0,1.0,16.0,54.13333333333333,2.0,119.0,651.45,0.0,0.0,0.0,0.0,0.0,0.0,2.0,137.0,785.15,0.0,0.0,0.0,0.0,0.0,0.0,1.0,38.0,194.4333333333333
621,26,642,1940.45,4.0,15.0,32.083333333333336,2.0,40.0,174.0,1.0,112.0,209.06666666666666,2.0,13.0,30.85,2.0,32.0,86.81666666666666,2.0,152.0,505.93333333333334,3.0,11.0,41.266666666666666,2.0,39.0,108.6,0.0,0.0,0.0,0.0,0.0,0.0,1.0,23.0,142.98333333333335,3.0,111.0,235.65,1.0,6.0,3.4,1.0,17.0,58.36666666666666,0.0,0.0,0.0,0.0,0.0,0.0,0.0,0.0,0.0,2.0,71.0,311.4333333333334
622,19,875,3316.1333333333337,4.0,21.0,61.050000000000004,0.0,0.0,0.0,0.0,0.0,0.0,1.0,6.0,11.3,1.0,16.0,49.86666666666667,0.0,0.0,0.0,0.0,0.0,0.0,1.0,13.0,57.85,1.0,116.0,597.4000000000001,0.0,0.0,0.0,0.0,0.0,0.0,4.0,288.0,744.2,0.0,0.0,0.0,0.0,0.0,0.0,3.0,167.0,714.75,0.0,0.0,0.0,0.0,0.0,0.0,4.0,248.0,1079.7166666666667
623,22,623,1238.5166666666667,3.0,13.0,48.3,2.0,17.0,20.733333333333334,1.0,89.0,22.25,3.0,14.0,23.433333333333334,1.0,8.0,50.93333333333333,0.0,0.0,0.0,1.0,2.0,9.133333333333333,1.0,6.0,20.2,0.0,0.0,0.0,0.0,0.0,0.0,1.0,14.0,70.23333333333333,1.0,65.0,44.416666666666664,0.0,0.0,0.0,2.0,39.0,93.1,2.0,210.0,686.25,0.0,0.0,0.0,2.0,17.0,55.28333333333333,2.0,129.0,94.25
624,23,815,3155.116666666667,5.0,15.0,48.71666666666667,2.0,23.0,117.04999999999998,1.0,120.0,114.0,0.0,0.0,0.0,1.0,11.0,55.36666666666667,0.0,0.0,0.0,3.0,14.0,85.48333333333333,1.0,11.0,13.566666666666666,0.0,0.0,0.0,0.0,0.0,0.0,1.0,13.0,44.85,4.0,343.0,1210.6666666666667,1.0,1.0,6.283333333333333,0.0,0.0,0.0,2.0,191.0,1104.55,0.0,0.0,0.0,0.0,0.0,0.0,2.0,73.0,354.5833333333333
625,19,685,2136.133333333333,0.0,0.0,0.0,2.0,25.0,22.333333333333336,0.0,0.0,0.0,3.0,10.0,48.7,2.0,46.0,156.78333333333333,2.0,105.0,212.61666666666667,1.0,4.0,21.533333333333335,0.0,0.0,0.0,0.0,0.0,0.0,0.0,0.0,0.0,1.0,22.0,120.26666666666667,1.0,119.0,589.0500000000001,1.0,4.0,11.2,1.0,5.0,1.1666666666666667,3.0,246.0,687.7333333333332,0.0,0.0,0.0,1.0,10.0,5.166666666666667,1.0,89.0,259.5833333333333
626,18,397,1605.05,1.0,2.0,2.7666666666666666,1.0,10.0,31.5,0.0,0.0,0.0,7.0,25.0,64.6,1.0,13.0,11.916666666666666,0.0,0.0,0.0,2.0,4.0,16.566666666666666,0.0,0.0,0.0,1.0,88.0,401.8666666666667,0.0,0.0,0.0,1.0,19.0,63.01666666666667,2.0,95.0,130.71666666666667,0.0,0.0,0.0,1.0,21.0,114.10000000000001,0.0,0.0,0.0,0.0,0.0,0.0,0.0,0.0,0.0,1.0,120.0,768.0
627,24,935,2556.5166666666664,1.0,7.0,29.400000000000002,3.0,30.0,143.08333333333334,2.0,143.0,386.5666666666667,3.0,6.0,29.883333333333333,1.0,8.0,12.8,0.0,0.0,0.0,3.0,7.0,26.966666666666665,0.0,0.0,0.0,0.0,0.0,0.0,0.0,0.0,0.0,2.0,33.0,87.63333333333333,1.0,50.0,229.16666666666666,0.0,0.0,0.0,0.0,0.0,0.0,4.0,316.0,811.7166666666667,0.0,0.0,0.0,0.0,0.0,0.0,4.0,335.0,799.3000000000001
628,23,544,1510.8999999999999,2.0,5.0,21.9,2.0,42.0,97.63333333333334,1.0,30.0,134.5,3.0,13.0,70.0,2.0,20.0,9.5,0.0,0.0,0.0,1.0,1.0,1.8166666666666667,0.0,0.0,0.0,1.0,30.0,160.0,1.0,2.0,13.066666666666666,0.0,0.0,0.0,0.0,0.0,0.0,1.0,5.0,26.333333333333332,1.0,23.0,125.35000000000001,3.0,158.0,436.25,0.0,0.0,0.0,2.0,32.0,40.53333333333333,3.0,183.0,374.01666666666665
629,16,464,711.2,1.0,4.0,10.266666666666667,0.0,0.0,0.0,0.0,0.0,0.0,2.0,7.0,25.650000000000002,1.0,8.0,10.933333333333334,0.0,0.0,0.0,1.0,1.0,2.8666666666666667,2.0,31.0,80.65,0.0,0.0,0.0,1.0,1.0,0.8,1.0,23.0,6.133333333333333,1.0,117.0,222.29999999999998,0.0,0.0,0.0,1.0,7.0,40.71666666666667,2.0,113.0,93.88333333333333,0.0,0.0,0.0,0.0,0.0,0.0,3.0,152.0,217.0
630,23,616,1762.2166666666667,3.0,9.0,32.31666666666666,1.0,14.0,80.96666666666667,0.0,0.0,0.0,4.0,18.0,63.11666666666667,1.0,10.0,61.333333333333336,0.0,0.0,0.0,2.0,10.0,22.966666666666665,2.0,30.0,87.1,0.0,0.0,0.0,0.0,0.0,0.0,1.0,19.0,4.433333333333334,4.0,378.0,1048.5333333333335,0.0,0.0,0.0,0.0,0.0,0.0,2.0,97.0,306.75,1.0,7.0,6.3,1.0,8.0,18.533333333333335,1.0,16.0,29.866666666666667
631,25,795,3645.266666666667,4.0,19.0,41.400000000000006,0.0,0.0,0.0,0.0,0.0,0.0,2.0,10.0,29.116666666666667,4.0,51.0,159.2,1.0,125.0,766.6666666666667,2.0,7.0,24.46666666666667,0.0,0.0,0.0,1.0,110.0,359.3333333333333,0.0,0.0,0.0,3.0,37.0,173.66666666666666,2.0,133.0,456.0,1.0,7.0,41.06666666666666,0.0,0.0,0.0,1.0,28.0,77.93333333333334,0.0,0.0,0.0,1.0,15.0,89.5,3.0,253.0,1426.9166666666667
632,18,567,1394.6666666666667,3.0,16.0,37.68333333333334,2.0,33.0,121.9,0.0,0.0,0.0,0.0,0.0,0.0,2.0,38.0,89.25000000000001,1.0,120.0,94.0,1.0,7.0,36.16666666666667,2.0,37.0,87.48333333333333,0.0,0.0,0.0,0.0,0.0,0.0,1.0,22.0,106.33333333333333,0.0,0.0,0.0,0.0,0.0,0.0,1.0,14.0,90.53333333333333,3.0,239.0,673.3666666666667,0.0,0.0,0.0,2.0,41.0,57.95,0.0,0.0,0.0
633,36,992,2981.7166666666667,5.0,24.0,101.03333333333333,1.0,8.0,3.066666666666667,1.0,106.0,639.5333333333333,4.0,20.0,64.1,3.0,35.0,161.45,0.0,0.0,0.0,5.0,30.0,65.58333333333333,3.0,41.0,145.58333333333334,0.0,0.0,0.0,1.0,2.0,0.8,1.0,19.0,24.7,2.0,71.0,134.78333333333333,0.0,0.0,0.0,0.0,0.0,0.0,4.0,227.0,742.2666666666667,0.0,0.0,0.0,1.0,13.0,8.883333333333333,5.0,396.0,889.9333333333334
634,21,1004,3742.7166666666667,2.0,11.0,23.383333333333333,1.0,16.0,55.733333333333334,1.0,38.0,72.2,2.0,5.0,13.116666666666665,0.0,0.0,0.0,0.0,0.0,0.0,1.0,6.0,3.1000000000000005,0.0,0.0,0.0,1.0,64.0,161.06666666666666,1.0,7.0,43.050000000000004,2.0,15.0,64.19999999999999,7.0,576.0,2543.5333333333333,0.0,0.0,0.0,0.0,0.0,0.0,2.0,205.0,622.0166666666667,0.0,0.0,0.0,0.0,0.0,0.0,1.0,61.0,141.3166666666667
635,25,770,2029.1,3.0,12.0,31.383333333333333,2.0,29.0,63.58333333333333,2.0,178.0,453.2,2.0,7.0,33.15,0.0,0.0,0.0,0.0,0.0,0.0,2.0,7.0,41.9,1.0,18.0,119.7,0.0,0.0,0.0,0.0,0.0,0.0,3.0,30.0,89.1,1.0,28.0,15.866666666666667,0.0,0.0,0.0,0.0,0.0,0.0,3.0,121.0,391.58333333333337,0.0,0.0,0.0,1.0,10.0,48.666666666666664,5.0,330.0,740.9666666666667
636,16,303,1436.9833333333333,4.0,20.0,65.18333333333334,0.0,0.0,0.0,0.0,0.0,0.0,1.0,3.0,2.8,2.0,33.0,102.11666666666666,1.0,59.0,256.65,1.0,7.0,43.983333333333334,0.0,0.0,0.0,0.0,0.0,0.0,0.0,0.0,0.0,2.0,31.0,76.65,3.0,145.0,866.8333333333334,0.0,0.0,0.0,0.0,0.0,0.0,0.0,0.0,0.0,1.0,1.0,5.833333333333333,1.0,4.0,16.933333333333334,0.0,0.0,0.0
637,25,720,2076.2166666666667,1.0,4.0,17.733333333333334,0.0,0.0,0.0,0.0,0.0,0.0,5.0,22.0,103.69999999999999,1.0,15.0,66.0,0.0,0.0,0.0,4.0,8.0,30.566666666666666,1.0,14.0,72.33333333333334,1.0,73.0,253.06666666666666,1.0,3.0,15.349999999999998,2.0,20.0,26.46666666666667,3.0,361.0,667.7166666666667,0.0,0.0,0.0,1.0,7.0,27.766666666666666,3.0,135.0,486.0833333333333,0.0,0.0,0.0,1.0,6.0,16.5,1.0,52.0,292.93333333333334
638,16,441,1413.7833333333333,2.0,7.0,9.516666666666666,1.0,8.0,17.333333333333332,0.0,0.0,0.0,0.0,0.0,0.0,0.0,0.0,0.0,1.0,93.0,474.29999999999995,6.0,28.0,74.23333333333333,0.0,0.0,0.0,0.0,0.0,0.0,0.0,0.0,0.0,0.0,0.0,0.0,0.0,0.0,0.0,0.0,0.0,0.0,1.0,13.0,3.25,1.0,51.0,170.85,0.0,0.0,0.0,2.0,22.0,96.25,2.0,219.0,568.05
639,22,576,2218.233333333333,2.0,11.0,33.2,1.0,22.0,126.86666666666666,0.0,0.0,0.0,0.0,0.0,0.0,1.0,23.0,103.11666666666667,0.0,0.0,0.0,2.0,3.0,11.533333333333333,0.0,0.0,0.0,1.0,112.0,505.8666666666667,0.0,0.0,0.0,3.0,29.0,141.4,5.0,301.0,1053.5,1.0,3.0,16.6,3.0,34.0,118.41666666666667,0.0,0.0,0.0,1.0,4.0,24.533333333333335,2.0,34.0,83.2,0.0,0.0,0.0
640,25,720,1998.95,1.0,6.0,4.3999999999999995,2.0,29.0,89.18333333333334,0.0,0.0,0.0,2.0,6.0,22.533333333333335,3.0,38.0,110.1,0.0,0.0,0.0,3.0,11.0,36.05,2.0,19.0,95.28333333333333,1.0,127.0,330.2,0.0,0.0,0.0,2.0,37.0,85.4,3.0,175.0,333.05,1.0,2.0,3.6333333333333333,1.0,17.0,64.6,2.0,53.0,208.68333333333334,0.0,0.0,0.0,0.0,0.0,0.0,2.0,200.0,615.8333333333334
641,21,521,1125.3833333333334,4.0,25.0,116.13333333333333,0.0,0.0,0.0,0.0,0.0,0.0,3.0,11.0,29.416666666666664,3.0,52.0,182.63333333333333,0.0,0.0,0.0,1.0,7.0,27.53333333333333,1.0,15.0,61.0,0.0,0.0,0.0,0.0,0.0,0.0,1.0,19.0,34.516666666666666,1.0,66.0,12.1,0.0,0.0,0.0,0.0,0.0,0.0,4.0,215.0,358.70000000000005,0.0,0.0,0.0,2.0,22.0,135.73333333333332,1.0,89.0,167.61666666666667
642,29,622,1969.45,3.0,11.0,27.25,4.0,52.0,261.35,1.0,56.0,201.6,3.0,14.0,49.7,2.0,36.0,42.3,0.0,0.0,0.0,2.0,8.0,34.2,0.0,0.0,0.0,0.0,0.0,0.0,0.0,0.0,0.0,2.0,36.0,101.76666666666665,3.0,178.0,634.4333333333334,2.0,6.0,34.7,1.0,18.0,74.7,2.0,122.0,106.36666666666666,0.0,0.0,0.0,3.0,36.0,193.65,1.0,49.0,207.43333333333334
643,19,356,1178.9,3.0,11.0,20.666666666666664,1.0,19.0,70.61666666666667,0.0,0.0,0.0,0.0,0.0,0.0,1.0,5.0,17.083333333333332,0.0,0.0,0.0,4.0,23.0,98.44999999999999,1.0,8.0,20.533333333333335,1.0,73.0,182.5,0.0,0.0,0.0,2.0,26.0,117.6,1.0,54.0,351.0,0.0,0.0,0.0,2.0,18.0,85.46666666666667,1.0,52.0,45.93333333333333,0.0,0.0,0.0,1.0,13.0,9.75,1.0,54.0,159.3
644,14,360,1348.1499999999999,2.0,4.0,14.366666666666667,1.0,12.0,27.599999999999998,1.0,45.0,230.24999999999997,1.0,7.0,3.5,1.0,14.0,2.8000000000000003,1.0,66.0,262.9,0.0,0.0,0.0,0.0,0.0,0.0,0.0,0.0,0.0,0.0,0.0,0.0,0.0,0.0,0.0,0.0,0.0,0.0,1.0,7.0,36.983333333333334,1.0,21.0,12.25,2.0,102.0,462.0,0.0,0.0,0.0,2.0,19.0,114.89999999999999,1.0,63.0,180.6
645,22,714,1865.1666666666667,1.0,6.0,20.2,2.0,33.0,48.85,0.0,0.0,0.0,1.0,2.0,1.1,0.0,0.0,0.0,0.0,0.0,0.0,2.0,5.0,20.85,1.0,6.0,35.0,1.0,112.0,334.1333333333333,1.0,2.0,8.033333333333333,4.0,34.0,120.26666666666667,4.0,357.0,1117.7166666666667,0.0,0.0,0.0,1.0,19.0,39.583333333333336,2.0,119.0,59.266666666666666,1.0,5.0,4.166666666666667,1.0,14.0,56.0,0.0,0.0,0.0
646,20,456,1186.65,4.0,9.0,43.516666666666666,1.0,18.0,53.400000000000006,0.0,0.0,0.0,4.0,17.0,78.05,0.0,0.0,0.0,0.0,0.0,0.0,1.0,7.0,4.8999999999999995,1.0,12.0,14.399999999999999,0.0,0.0,0.0,0.0,0.0,0.0,2.0,37.0,59.11666666666667,0.0,0.0,0.0,0.0,0.0,0.0,0.0,0.0,0.0,2.0,174.0,463.35,0.0,0.0,0.0,3.0,29.0,62.6,2.0,153.0,407.3166666666666
647,16,449,1002.85,1.0,5.0,26.083333333333336,1.0,21.0,50.4,0.0,0.0,0.0,0.0,0.0,0.0,1.0,16.0,7.733333333333333,1.0,52.0,264.3333333333333,2.0,5.0,6.116666666666667,2.0,34.0,60.233333333333334,1.0,80.0,73.33333333333333,0.0,0.0,0.0,1.0,10.0,34.66666666666667,3.0,145.0,274.06666666666666,0.0,0.0,0.0,1.0,15.0,57.75,1.0,53.0,111.30000000000001,0.0,0.0,0.0,1.0,13.0,36.833333333333336,0.0,0.0,0.0
648,22,593,2349.7,5.0,15.0,51.43333333333334,4.0,48.0,143.41666666666669,0.0,0.0,0.0,3.0,16.0,40.366666666666674,1.0,18.0,42.0,0.0,0.0,0.0,1.0,3.0,9.05,1.0,23.0,72.83333333333333,1.0,81.0,328.05,0.0,0.0,0.0,0.0,0.0,0.0,1.0,123.0,660.0999999999999,0.0,0.0,0.0,1.0,23.0,106.95,4.0,243.0,895.5,0.0,0.0,0.0,0.0,0.0,0.0,0.0,0.0,0.0
649,16,564,2219.3333333333335,1.0,3.0,14.650000000000002,2.0,23.0,80.55,0.0,0.0,0.0,1.0,4.0,8.066666666666666,0.0,0.0,0.0,0.0,0.0,0.0,0.0,0.0,0.0,1.0,20.0,99.33333333333334,0.0,0.0,0.0,1.0,7.0,4.666666666666666,1.0,7.0,3.033333333333333,1.0,62.0,153.96666666666667,0.0,0.0,0.0,1.0,22.0,83.96666666666667,2.0,132.0,574.3333333333333,1.0,7.0,25.666666666666664,0.0,0.0,0.0,4.0,277.0,1171.1
650,19,333,1425.9333333333334,0.0,0.0,0.0,0.0,0.0,0.0,0.0,0.0,0.0,3.0,5.0,17.583333333333332,3.0,20.0,34.46666666666667,0.0,0.0,0.0,3.0,16.0,28.666666666666664,0.0,0.0,0.0,0.0,0.0,0.0,0.0,0.0,0.0,3.0,42.0,197.85000000000002,2.0,99.0,572.9666666666667,0.0,0.0,0.0,1.0,5.0,10.75,1.0,84.0,222.6,0.0,0.0,0.0,2.0,19.0,72.3,1.0,43.0,268.75
651,20,742,2636.8,3.0,11.0,23.916666666666664,2.0,25.0,96.13333333333333,0.0,0.0,0.0,0.0,0.0,0.0,1.0,14.0,12.6,0.0,0.0,0.0,3.0,7.0,18.6,0.0,0.0,0.0,1.0,87.0,326.25,0.0,0.0,0.0,0.0,0.0,0.0,6.0,417.0,1545.4333333333334,0.0,0.0,0.0,0.0,0.0,0.0,2.0,149.0,497.83333333333337,0.0,0.0,0.0,1.0,14.0,19.133333333333333,1.0,18.0,96.9
652,25,809,3084.85,3.0,17.0,39.2,3.0,47.0,192.56666666666666,2.0,188.0,656.15,4.0,17.0,47.33333333333333,1.0,19.0,11.716666666666667,0.0,0.0,0.0,0.0,0.0,0.0,1.0,12.0,63.599999999999994,0.0,0.0,0.0,0.0,0.0,0.0,3.0,30.0,67.95,2.0,160.0,695.0833333333333,0.0,0.0,0.0,3.0,53.0,279.9166666666667,0.0,0.0,0.0,0.0,0.0,0.0,0.0,0.0,0.0,3.0,266.0,1031.3333333333335
653,21,379,1300.95,6.0,20.0,85.25,1.0,15.0,23.5,1.0,40.0,36.0,2.0,8.0,40.33333333333333,3.0,41.0,164.06666666666666,1.0,66.0,191.4,1.0,5.0,12.0,0.0,0.0,0.0,0.0,0.0,0.0,0.0,0.0,0.0,3.0,33.0,96.13333333333333,0.0,0.0,0.0,0.0,0.0,0.0,0.0,0.0,0.0,2.0,91.0,277.26666666666665,0.0,0.0,0.0,0.0,0.0,0.0,1.0,60.0,375.0
654,24,792,2665.133333333333,2.0,6.0,18.5,1.0,8.0,50.666666666666664,0.0,0.0,0.0,1.0,5.0,21.5,2.0,45.0,247.81666666666666,1.0,80.0,282.66666666666663,3.0,8.0,42.61666666666667,2.0,33.0,49.9,0.0,0.0,0.0,0.0,0.0,0.0,2.0,28.0,106.01666666666667,3.0,172.0,617.0166666666667,0.0,0.0,0.0,2.0,12.0,43.61666666666667,2.0,174.0,590.3333333333334,0.0,0.0,0.0,0.0,0.0,0.0,3.0,221.0,594.4833333333333
655,26,861,3059.0,5.0,21.0,50.233333333333334,1.0,16.0,44.53333333333333,1.0,79.0,400.26666666666665,4.0,14.0,80.89999999999999,0.0,0.0,0.0,0.0,0.0,0.0,0.0,0.0,0.0,1.0,16.0,87.46666666666667,0.0,0.0,0.0,0.0,0.0,0.0,2.0,29.0,104.98333333333333,3.0,245.0,976.4833333333333,0.0,0.0,0.0,1.0,4.0,10.133333333333333,6.0,370.0,1117.9,0.0,0.0,0.0,0.0,0.0,0.0,2.0,67.0,186.1
656,26,664,1941.0833333333333,2.0,4.0,4.983333333333333,1.0,22.0,65.63333333333334,0.0,0.0,0.0,3.0,8.0,15.016666666666667,1.0,18.0,62.1,1.0,31.0,194.78333333333333,2.0,10.0,15.400000000000002,1.0,9.0,8.549999999999999,2.0,157.0,395.7166666666667,1.0,1.0,0.9833333333333333,2.0,30.0,80.73333333333333,2.0,163.0,412.8,0.0,0.0,0.0,3.0,52.0,209.21666666666664,1.0,50.0,212.5,1.0,5.0,32.583333333333336,1.0,12.0,57.2,2.0,92.0,172.88333333333333
657,10,354,1364.1,0.0,0.0,0.0,1.0,14.0,58.800000000000004,0.0,0.0,0.0,2.0,7.0,11.033333333333333,0.0,0.0,0.0,0.0,0.0,0.0,1.0,4.0,9.066666666666666,1.0,18.0,35.7,0.0,0.0,0.0,0.0,0.0,0.0,0.0,0.0,0.0,3.0,239.0,989.5666666666666,0.0,0.0,0.0,1.0,5.0,16.5,1.0,67.0,243.43333333333334,0.0,0.0,0.0,0.0,0.0,0.0,0.0,0.0,0.0
658,14,425,935.6999999999999,3.0,18.0,48.55,0.0,0.0,0.0,1.0,91.0,133.46666666666667,3.0,11.0,61.43333333333334,0.0,0.0,0.0,0.0,0.0,0.0,1.0,1.0,5.516666666666667,1.0,10.0,22.0,0.0,0.0,0.0,0.0,0.0,0.0,0.0,0.0,0.0,4.0,291.0,661.6833333333333,0.0,0.0,0.0,0.0,0.0,0.0,0.0,0.0,0.0,1.0,3.0,3.05,0.0,0.0,0.0,0.0,0.0,0.0
659,21,763,2308.866666666667,2.0,13.0,54.14999999999999,1.0,21.0,37.45,1.0,64.0,331.73333333333335,4.0,15.0,52.233333333333334,0.0,0.0,0.0,0.0,0.0,0.0,1.0,5.0,6.833333333333334,0.0,0.0,0.0,1.0,107.0,417.3,0.0,0.0,0.0,2.0,29.0,143.48333333333335,5.0,363.0,833.3333333333334,1.0,5.0,5.333333333333333,1.0,11.0,55.18333333333333,1.0,125.0,370.83333333333337,0.0,0.0,0.0,1.0,5.0,1.0,0.0,0.0,0.0
660,21,848,3684.133333333333,1.0,1.0,2.6166666666666667,1.0,23.0,147.96666666666667,0.0,0.0,0.0,2.0,6.0,18.4,1.0,23.0,77.81666666666666,0.0,0.0,0.0,1.0,2.0,9.533333333333333,2.0,15.0,68.7,2.0,235.0,1396.4,1.0,3.0,12.899999999999999,1.0,4.0,8.4,3.0,171.0,659.7666666666667,0.0,0.0,0.0,1.0,7.0,27.53333333333333,1.0,33.0,147.4,0.0,0.0,0.0,0.0,0.0,0.0,4.0,325.0,1106.7
661,22,528,1561.6333333333334,7.0,25.0,82.68333333333332,2.0,31.0,145.36666666666667,0.0,0.0,0.0,2.0,9.0,15.833333333333332,0.0,0.0,0.0,0.0,0.0,0.0,5.0,27.0,88.21666666666667,0.0,0.0,0.0,0.0,0.0,0.0,0.0,0.0,0.0,1.0,9.0,10.799999999999999,2.0,165.0,768.8,0.0,0.0,0.0,0.0,0.0,0.0,1.0,122.0,410.73333333333335,0.0,0.0,0.0,0.0,0.0,0.0,2.0,140.0,39.2
662,24,447,1750.8333333333335,2.0,7.0,32.21666666666667,0.0,0.0,0.0,0.0,0.0,0.0,2.0,9.0,36.2,3.0,47.0,168.43333333333334,0.0,0.0,0.0,3.0,16.0,51.833333333333336,5.0,63.0,232.83333333333331,0.0,0.0,0.0,0.0,0.0,0.0,3.0,24.0,88.16666666666666,2.0,131.0,761.4000000000001,0.0,0.0,0.0,1.0,11.0,50.599999999999994,3.0,139.0,329.15000000000003,0.0,0.0,0.0,0.0,0.0,0.0,0.0,0.0,0.0
663,25,612,2383.0833333333335,4.0,16.0,55.150000000000006,3.0,27.0,103.45,0.0,0.0,0.0,4.0,13.0,44.86666666666667,3.0,34.0,107.18333333333334,1.0,56.0,229.59999999999997,1.0,7.0,9.799999999999999,2.0,22.0,43.733333333333334,0.0,0.0,0.0,0.0,0.0,0.0,0.0,0.0,0.0,2.0,164.0,694.6166666666667,0.0,0.0,0.0,2.0,16.0,52.03333333333334,1.0,92.0,191.66666666666669,0.0,0.0,0.0,0.0,0.0,0.0,2.0,165.0,850.9833333333333
664,16,455,1483.6166666666668,2.0,9.0,44.68333333333334,3.0,28.0,39.916666666666664,0.0,0.0,0.0,3.0,12.0,68.66666666666666,0.0,0.0,0.0,0.0,0.0,0.0,1.0,7.0,17.5,2.0,9.0,24.483333333333334,0.0,0.0,0.0,0.0,0.0,0.0,1.0,20.0,32.333333333333336,2.0,209.0,862.6333333333333,0.0,0.0,0.0,0.0,0.0,0.0,0.0,0.0,0.0,0.0,0.0,0.0,0.0,0.0,0.0,2.0,161.0,393.4
665,16,579,2348.233333333333,1.0,5.0,24.833333333333336,1.0,7.0,12.133333333333333,0.0,0.0,0.0,1.0,5.0,7.75,0.0,0.0,0.0,0.0,0.0,0.0,0.0,0.0,0.0,0.0,0.0,0.0,1.0,104.0,188.93333333333334,1.0,3.0,1.7,6.0,116.0,471.25,1.0,22.0,111.1,0.0,0.0,0.0,0.0,0.0,0.0,0.0,0.0,0.0,0.0,0.0,0.0,0.0,0.0,0.0,4.0,317.0,1530.5333333333333
666,21,468,2080.8166666666666,2.0,8.0,38.266666666666666,3.0,43.0,153.08333333333331,0.0,0.0,0.0,2.0,7.0,22.833333333333336,3.0,32.0,118.81666666666666,0.0,0.0,0.0,2.0,5.0,26.1,1.0,9.0,22.05,0.0,0.0,0.0,0.0,0.0,0.0,2.0,15.0,66.28333333333333,1.0,49.0,128.21666666666667,0.0,0.0,0.0,0.0,0.0,0.0,1.0,81.0,382.05,0.0,0.0,0.0,1.0,5.0,20.916666666666668,3.0,214.0,1102.2
667,21,517,1111.6,3.0,21.0,80.15,1.0,10.0,38.5,0.0,0.0,0.0,3.0,15.0,34.95,3.0,40.0,126.11666666666665,1.0,50.0,80.0,1.0,7.0,36.86666666666667,1.0,16.0,16.8,0.0,0.0,0.0,0.0,0.0,0.0,1.0,5.0,26.083333333333336,4.0,296.0,589.1333333333333,0.0,0.0,0.0,1.0,10.0,37.5,1.0,26.0,9.1,0.0,0.0,0.0,1.0,21.0,36.4,0.0,0.0,0.0
668,15,361,948.1,2.0,12.0,31.699999999999996,3.0,42.0,121.98333333333332,0.0,0.0,0.0,1.0,4.0,2.533333333333333,2.0,23.0,63.53333333333333,0.0,0.0,0.0,0.0,0.0,0.0,0.0,0.0,0.0,0.0,0.0,0.0,0.0,0.0,0.0,2.0,32.0,53.45,3.0,225.0,593.6166666666667,0.0,0.0,0.0,2.0,23.0,81.28333333333333,0.0,0.0,0.0,0.0,0.0,0.0,0.0,0.0,0.0,0.0,0.0,0.0
669,21,703,1627.1333333333332,3.0,12.0,20.03333333333333,1.0,18.0,45.9,0.0,0.0,0.0,1.0,4.0,2.0,2.0,41.0,186.8,0.0,0.0,0.0,2.0,12.0,22.1,1.0,19.0,18.683333333333334,0.0,0.0,0.0,0.0,0.0,0.0,2.0,35.0,122.38333333333334,2.0,197.0,370.78333333333336,0.0,0.0,0.0,0.0,0.0,0.0,3.0,290.0,723.3666666666666,2.0,8.0,23.733333333333334,1.0,14.0,23.333333333333336,1.0,53.0,68.01666666666667
670,16,318,928.5833333333333,1.0,3.0,9.549999999999999,1.0,6.0,7.5,0.0,0.0,0.0,1.0,2.0,12.2,2.0,22.0,46.916666666666664,0.0,0.0,0.0,1.0,3.0,11.100000000000001,1.0,13.0,64.35000000000001,0.0,0.0,0.0,0.0,0.0,0.0,3.0,47.0,207.79999999999998,0.0,0.0,0.0,0.0,0.0,0.0,1.0,9.0,27.0,2.0,187.0,463.46666666666664,2.0,7.0,11.566666666666666,1.0,19.0,67.13333333333333,0.0,0.0,0.0
671,19,927,3481.25,1.0,1.0,6.583333333333333,1.0,10.0,25.5,1.0,110.0,594.0,0.0,0.0,0.0,1.0,8.0,33.86666666666667,1.0,112.0,386.40000000000003,2.0,7.0,37.266666666666666,0.0,0.0,0.0,0.0,0.0,0.0,0.0,0.0,0.0,2.0,33.0,114.95,2.0,128.0,474.83333333333326,0.0,0.0,0.0,0.0,0.0,0.0,4.0,316.0,955.85,0.0,0.0,0.0,1.0,15.0,88.75,3.0,187.0,763.25
672,25,729,2752.616666666667,1.0,1.0,3.6,0.0,0.0,0.0,0.0,0.0,0.0,3.0,4.0,18.683333333333334,2.0,44.0,51.516666666666666,0.0,0.0,0.0,5.0,24.0,100.43333333333334,1.0,7.0,12.25,0.0,0.0,0.0,0.0,0.0,0.0,2.0,25.0,58.3,3.0,195.0,834.0333333333333,0.0,0.0,0.0,0.0,0.0,0.0,1.0,121.0,602.9833333333333,1.0,1.0,2.6,2.0,27.0,15.383333333333335,4.0,280.0,1052.8333333333333
673,17,501,1392.3166666666666,1.0,1.0,5.416666666666667,1.0,13.0,57.63333333333334,0.0,0.0,0.0,2.0,8.0,39.65,0.0,0.0,0.0,2.0,165.0,325.55,0.0,0.0,0.0,3.0,47.0,139.0,0.0,0.0,0.0,0.0,0.0,0.0,2.0,26.0,133.55,1.0,63.0,77.7,1.0,3.0,4.45,3.0,55.0,85.36666666666667,1.0,120.0,524.0,0.0,0.0,0.0,0.0,0.0,0.0,0.0,0.0,0.0
674,26,919,3113.116666666667,2.0,5.0,10.233333333333334,0.0,0.0,0.0,0.0,0.0,0.0,3.0,19.0,34.41666666666667,2.0,25.0,130.76666666666665,1.0,98.0,444.26666666666665,3.0,7.0,26.21666666666667,0.0,0.0,0.0,0.0,0.0,0.0,0.0,0.0,0.0,1.0,22.0,89.1,5.0,266.0,731.8833333333334,0.0,0.0,0.0,2.0,40.0,142.61666666666667,2.0,169.0,1036.75,1.0,6.0,36.0,1.0,18.0,54.3,3.0,244.0,376.56666666666666
675,21,500,1234.9666666666667,4.0,15.0,65.53333333333333,2.0,24.0,23.0,1.0,120.0,28.0,0.0,0.0,0.0,3.0,50.0,281.6333333333333,0.0,0.0,0.0,3.0,9.0,25.733333333333334,2.0,40.0,224.61666666666665,0.0,0.0,0.0,0.0,0.0,0.0,2.0,31.0,77.91666666666666,3.0,204.0,475.8666666666667,0.0,0.0,0.0,1.0,7.0,32.66666666666667,0.0,0.0,0.0,0.0,0.0,0.0,0.0,0.0,0.0,0.0,0.0,0.0
676,17,518,1590.1833333333334,2.0,12.0,12.533333333333333,2.0,27.0,146.2,1.0,60.0,260.0,3.0,14.0,17.033333333333335,0.0,0.0,0.0,0.0,0.0,0.0,0.0,0.0,0.0,2.0,22.0,92.53333333333333,1.0,22.0,44.0,0.0,0.0,0.0,0.0,0.0,0.0,1.0,102.0,300.90000000000003,0.0,0.0,0.0,0.0,0.0,0.0,2.0,44.0,146.73333333333332,0.0,0.0,0.0,1.0,10.0,3.8333333333333335,2.0,205.0,566.4166666666667
677,17,349,1718.9833333333333,2.0,2.0,6.766666666666667,3.0,16.0,89.39999999999999,1.0,22.0,34.83333333333333,2.0,9.0,14.616666666666667,2.0,18.0,80.70000000000002,0.0,0.0,0.0,0.0,0.0,0.0,1.0,19.0,118.11666666666667,0.0,0.0,0.0,1.0,6.0,1.3,2.0,19.0,25.583333333333336,2.0,228.0,1326.0,0.0,0.0,0.0,1.0,10.0,21.666666666666664,0.0,0.0,0.0,0.0,0.0,0.0,0.0,0.0,0.0,0.0,0.0,0.0
678,24,622,2072.0,3.0,12.0,60.08333333333333,1.0,19.0,118.43333333333334,0.0,0.0,0.0,2.0,9.0,47.25,5.0,76.0,321.6,0.0,0.0,0.0,3.0,10.0,29.95,1.0,22.0,20.9,1.0,106.0,393.9666666666667,0.0,0.0,0.0,1.0,9.0,17.85,4.0,253.0,854.8,0.0,0.0,0.0,0.0,0.0,0.0,2.0,72.0,142.0,0.0,0.0,0.0,0.0,0.0,0.0,1.0,34.0,65.16666666666667
679,17,814,3531.483333333333,1.0,6.0,14.3,2.0,22.0,46.03333333333333,0.0,0.0,0.0,2.0,4.0,14.533333333333333,1.0,14.0,70.0,2.0,92.0,335.3666666666667,1.0,7.0,14.466666666666669,0.0,0.0,0.0,0.0,0.0,0.0,0.0,0.0,0.0,0.0,0.0,0.0,0.0,0.0,0.0,0.0,0.0,0.0,0.0,0.0,0.0,3.0,281.0,1625.9,0.0,0.0,0.0,1.0,21.0,128.45,4.0,367.0,1282.4333333333332
680,16,506,1366.8333333333335,3.0,8.0,32.63333333333333,1.0,14.0,69.76666666666667,2.0,119.0,770.2333333333333,1.0,4.0,12.466666666666667,0.0,0.0,0.0,1.0,35.0,109.08333333333333,1.0,1.0,3.85,1.0,23.0,36.800000000000004,0.0,0.0,0.0,0.0,0.0,0.0,1.0,5.0,14.666666666666666,2.0,204.0,230.39999999999998,1.0,5.0,9.25,0.0,0.0,0.0,0.0,0.0,0.0,0.0,0.0,0.0,1.0,7.0,4.783333333333333,1.0,81.0,72.9
681,25,987,3093.5833333333335,3.0,14.0,11.833333333333332,2.0,28.0,45.56666666666666,0.0,0.0,0.0,1.0,2.0,6.666666666666667,0.0,0.0,0.0,3.0,253.0,436.34999999999997,3.0,7.0,33.11666666666667,0.0,0.0,0.0,0.0,0.0,0.0,0.0,0.0,0.0,1.0,5.0,16.25,5.0,318.0,1047.2833333333333,1.0,6.0,1.6,1.0,19.0,34.516666666666666,4.0,263.0,997.2,0.0,0.0,0.0,0.0,0.0,0.0,1.0,72.0,463.20000000000005
682,13,583,1624.45,2.0,7.0,16.55,1.0,4.0,1.4666666666666666,0.0,0.0,0.0,1.0,7.0,35.0,0.0,0.0,0.0,1.0,27.0,30.150000000000002,1.0,3.0,18.05,0.0,0.0,0.0,0.0,0.0,0.0,0.0,0.0,0.0,0.0,0.0,0.0,3.0,259.0,766.0166666666668,0.0,0.0,0.0,0.0,0.0,0.0,0.0,0.0,0.0,0.0,0.0,0.0,1.0,5.0,23.25,3.0,271.0,733.9666666666667
683,27,865,2481.5166666666664,3.0,14.0,14.633333333333333,0.0,0.0,0.0,0.0,0.0,0.0,6.0,31.0,99.85,0.0,0.0,0.0,0.0,0.0,0.0,0.0,0.0,0.0,1.0,14.0,7.933333333333334,0.0,0.0,0.0,0.0,0.0,0.0,0.0,0.0,0.0,7.0,375.0,1322.3333333333333,0.0,0.0,0.0,1.0,23.0,98.89999999999999,1.0,86.0,352.59999999999997,1.0,2.0,3.966666666666667,3.0,46.0,62.400000000000006,4.0,274.0,518.9
684,23,622,2517.8833333333337,2.0,8.0,4.183333333333334,3.0,61.0,266.98333333333335,1.0,89.0,286.28333333333336,2.0,10.0,25.8,1.0,5.0,2.3333333333333335,0.0,0.0,0.0,1.0,2.0,2.1,0.0,0.0,0.0,0.0,0.0,0.0,0.0,0.0,0.0,2.0,27.0,54.083333333333336,2.0,173.0,734.5833333333334,0.0,0.0,0.0,3.0,53.0,271.6333333333333,2.0,99.0,582.5833333333334,1.0,3.0,13.900000000000002,0.0,0.0,0.0,3.0,92.0,273.41666666666663
685,18,528,1530.1666666666667,2.0,4.0,19.849999999999998,2.0,20.0,37.71666666666667,0.0,0.0,0.0,4.0,15.0,43.63333333333333,1.0,10.0,27.166666666666668,0.0,0.0,0.0,1.0,5.0,15.666666666666666,0.0,0.0,0.0,1.0,85.0,341.4166666666667,0.0,0.0,0.0,1.0,12.0,42.0,3.0,221.0,655.1833333333333,0.0,0.0,0.0,0.0,0.0,0.0,1.0,102.0,178.5,1.0,1.0,1.2,0.0,0.0,0.0,1.0,53.0,167.83333333333331
686,21,815,2522.4333333333334,1.0,4.0,1.1333333333333333,3.0,46.0,152.78333333333333,0.0,0.0,0.0,1.0,3.0,1.45,1.0,22.0,139.33333333333331,0.0,0.0,0.0,0.0,0.0,0.0,1.0,13.0,48.31666666666667,0.0,0.0,0.0,0.0,0.0,0.0,3.0,49.0,143.73333333333332,5.0,440.0,1321.6,1.0,4.0,6.933333333333334,1.0,5.0,32.416666666666664,2.0,137.0,490.8833333333333,0.0,0.0,0.0,1.0,19.0,103.55,1.0,73.0,80.30000000000001
687,25,691,1433.7833333333333,4.0,15.0,60.61666666666666,1.0,11.0,24.933333333333334,0.0,0.0,0.0,2.0,6.0,15.833333333333332,5.0,54.0,224.23333333333335,1.0,20.0,93.33333333333334,1.0,5.0,4.583333333333333,0.0,0.0,0.0,0.0,0.0,0.0,0.0,0.0,0.0,0.0,0.0,0.0,2.0,61.0,183.13333333333333,0.0,0.0,0.0,0.0,0.0,0.0,5.0,343.0,268.3666666666667,0.0,0.0,0.0,0.0,0.0,0.0,4.0,176.0,558.75
688,14,581,1236.1666666666667,3.0,15.0,44.46666666666667,1.0,14.0,26.599999999999998,0.0,0.0,0.0,1.0,7.0,23.099999999999998,0.0,0.0,0.0,0.0,0.0,0.0,1.0,5.0,33.16666666666667,0.0,0.0,0.0,0.0,0.0,0.0,0.0,0.0,0.0,1.0,22.0,61.599999999999994,3.0,264.0,851.6333333333332,0.0,0.0,0.0,1.0,16.0,25.866666666666667,1.0,127.0,61.38333333333333,0.0,0.0,0.0,1.0,19.0,22.483333333333334,1.0,92.0,85.86666666666667
689,26,666,1730.9666666666667,4.0,10.0,20.333333333333332,2.0,10.0,30.9,0.0,0.0,0.0,1.0,1.0,1.0666666666666667,3.0,44.0,240.63333333333333,0.0,0.0,0.0,1.0,4.0,2.1333333333333333,3.0,34.0,126.76666666666667,0.0,0.0,0.0,0.0,0.0,0.0,1.0,20.0,49.0,5.0,300.0,496.01666666666665,0.0,0.0,0.0,2.0,19.0,87.78333333333333,1.0,39.0,55.9,0.0,0.0,0.0,1.0,22.0,116.96666666666667,2.0,163.0,503.4666666666667
690,23,458,1857.15,4.0,18.0,29.800000000000004,2.0,25.0,17.55,1.0,71.0,332.5166666666667,2.0,8.0,28.933333333333334,0.0,0.0,0.0,1.0,47.0,284.34999999999997,5.0,22.0,102.91666666666666,0.0,0.0,0.0,0.0,0.0,0.0,1.0,7.0,32.66666666666667,2.0,29.0,60.85,2.0,74.0,429.75,0.0,0.0,0.0,1.0,5.0,11.416666666666666,0.0,0.0,0.0,0.0,0.0,0.0,0.0,0.0,0.0,2.0,152.0,526.4
691,22,600,1832.7333333333333,3.0,7.0,17.733333333333334,1.0,9.0,20.7,0.0,0.0,0.0,0.0,0.0,0.0,1.0,4.0,25.866666666666667,0.0,0.0,0.0,1.0,5.0,19.583333333333332,2.0,13.0,35.150000000000006,0.0,0.0,0.0,1.0,5.0,12.25,1.0,8.0,1.4666666666666666,2.0,228.0,475.9,1.0,3.0,4.25,1.0,14.0,47.6,3.0,185.0,726.1833333333333,1.0,7.0,18.900000000000002,3.0,35.0,133.26666666666665,1.0,77.0,293.8833333333333
692,18,429,1312.65,0.0,0.0,0.0,4.0,36.0,78.66666666666667,0.0,0.0,0.0,3.0,14.0,20.950000000000003,2.0,32.0,117.33333333333334,0.0,0.0,0.0,1.0,1.0,0.21666666666666667,0.0,0.0,0.0,0.0,0.0,0.0,0.0,0.0,0.0,3.0,48.0,193.23333333333332,1.0,118.0,401.2,0.0,0.0,0.0,0.0,0.0,0.0,0.0,0.0,0.0,0.0,0.0,0.0,1.0,23.0,6.8999999999999995,3.0,157.0,494.15
693,16,638,2297.6833333333334,0.0,0.0,0.0,2.0,37.0,159.33333333333331,1.0,80.0,74.66666666666667,0.0,0.0,0.0,1.0,11.0,64.35,0.0,0.0,0.0,1.0,4.0,19.733333333333334,1.0,13.0,75.18333333333334,0.0,0.0,0.0,0.0,0.0,0.0,2.0,40.0,73.46666666666667,1.0,29.0,32.86666666666667,1.0,4.0,13.933333333333334,0.0,0.0,0.0,4.0,275.0,1007.0999999999999,0.0,0.0,0.0,0.0,0.0,0.0,2.0,145.0,777.05
694,23,757,2576.4333333333334,1.0,5.0,1.25,2.0,36.0,131.4,0.0,0.0,0.0,2.0,11.0,38.2,0.0,0.0,0.0,0.0,0.0,0.0,2.0,5.0,26.333333333333336,0.0,0.0,0.0,0.0,0.0,0.0,0.0,0.0,0.0,5.0,71.0,313.55,2.0,159.0,561.3166666666667,0.0,0.0,0.0,1.0,15.0,55.5,2.0,134.0,284.1333333333333,0.0,0.0,0.0,1.0,9.0,12.75,5.0,312.0,1152.0
695,20,777,3267.583333333333,1.0,4.0,26.533333333333335,0.0,0.0,0.0,0.0,0.0,0.0,0.0,0.0,0.0,1.0,16.0,66.4,0.0,0.0,0.0,1.0,4.0,8.333333333333334,1.0,23.0,26.066666666666666,2.0,81.0,465.5,0.0,0.0,0.0,3.0,50.0,128.36666666666667,2.0,89.0,145.13333333333333,1.0,2.0,1.0333333333333334,1.0,13.0,57.63333333333334,3.0,213.0,1030.6333333333332,0.0,0.0,0.0,1.0,6.0,37.9,3.0,276.0,1274.05
696,16,528,2256.266666666667,4.0,12.0,30.78333333333333,0.0,0.0,0.0,0.0,0.0,0.0,2.0,9.0,12.766666666666666,0.0,0.0,0.0,0.0,0.0,0.0,0.0,0.0,0.0,2.0,24.0,112.23333333333333,0.0,0.0,0.0,0.0,0.0,0.0,1.0,15.0,7.0,2.0,226.0,1164.5,0.0,0.0,0.0,1.0,13.0,34.233333333333334,2.0,153.0,459.81666666666666,0.0,0.0,0.0,1.0,10.0,54.333333333333336,1.0,66.0,380.6
697,19,623,2463.5666666666666,0.0,0.0,0.0,3.0,44.0,236.29999999999998,0.0,0.0,0.0,2.0,5.0,9.833333333333334,1.0,7.0,29.283333333333335,0.0,0.0,0.0,3.0,10.0,27.066666666666663,0.0,0.0,0.0,0.0,0.0,0.0,0.0,0.0,0.0,2.0,34.0,99.8,1.0,118.0,576.2333333333333,0.0,0.0,0.0,1.0,5.0,9.083333333333334,1.0,114.0,34.199999999999996,0.0,0.0,0.0,2.0,44.0,84.7,3.0,242.0,1357.0666666666666
698,32,1027,3047.2,5.0,12.0,56.08333333333333,1.0,12.0,3.8,1.0,112.0,573.0666666666666,3.0,12.0,50.11666666666667,1.0,5.0,24.0,0.0,0.0,0.0,3.0,18.0,81.96666666666667,1.0,15.0,2.75,2.0,213.0,493.4666666666667,0.0,0.0,0.0,2.0,26.0,103.58333333333334,2.0,240.0,819.5500000000001,1.0,2.0,3.3666666666666667,4.0,64.0,211.51666666666665,1.0,97.0,97.0,1.0,1.0,0.18333333333333332,1.0,11.0,45.833333333333336,3.0,187.0,480.9166666666667
699,17,572,2092.8166666666666,1.0,5.0,16.25,2.0,24.0,85.01666666666667,0.0,0.0,0.0,1.0,1.0,0.7,1.0,7.0,12.016666666666666,2.0,118.0,536.3333333333333,2.0,8.0,30.466666666666665,2.0,27.0,41.599999999999994,0.0,0.0,0.0,0.0,0.0,0.0,1.0,5.0,24.083333333333332,2.0,240.0,642.2333333333333,0.0,0.0,0.0,0.0,0.0,0.0,0.0,0.0,0.0,0.0,0.0,0.0,1.0,5.0,17.25,2.0,132.0,686.8666666666668
700,17,249,635.85,4.0,22.0,81.44999999999999,1.0,6.0,11.9,0.0,0.0,0.0,3.0,15.0,14.016666666666666,2.0,40.0,88.93333333333334,1.0,16.0,38.666666666666664,2.0,7.0,11.25,1.0,19.0,3.8000000000000003,0.0,0.0,0.0,0.0,0.0,0.0,1.0,23.0,144.13333333333333,0.0,0.0,0.0,0.0,0.0,0.0,1.0,21.0,21.700000000000003,0.0,0.0,0.0,0.0,0.0,0.0,0.0,0.0,0.0,1.0,80.0,220.0
701,15,584,1774.7166666666667,1.0,5.0,0.9166666666666666,1.0,7.0,35.46666666666667,0.0,0.0,0.0,2.0,8.0,22.966666666666665,0.0,0.0,0.0,0.0,0.0,0.0,0.0,0.0,0.0,2.0,36.0,82.03333333333333,1.0,38.0,80.43333333333334,0.0,0.0,0.0,1.0,14.0,80.26666666666667,2.0,212.0,852.3,1.0,2.0,7.633333333333334,1.0,20.0,112.0,1.0,114.0,351.5,0.0,0.0,0.0,1.0,8.0,23.2,1.0,120.0,126.0
702,12,456,683.5833333333333,2.0,8.0,12.966666666666665,0.0,0.0,0.0,1.0,63.0,157.5,2.0,6.0,31.6,1.0,12.0,31.0,0.0,0.0,0.0,0.0,0.0,0.0,0.0,0.0,0.0,0.0,0.0,0.0,0.0,0.0,0.0,1.0,11.0,49.5,1.0,79.0,300.2,0.0,0.0,0.0,1.0,4.0,17.666666666666668,3.0,273.0,83.15,0.0,0.0,0.0,0.0,0.0,0.0,0.0,0.0,0.0
703,20,576,2152.866666666667,0.0,0.0,0.0,3.0,43.0,106.01666666666665,1.0,107.0,435.1333333333333,2.0,7.0,17.616666666666667,1.0,13.0,18.633333333333333,0.0,0.0,0.0,2.0,8.0,29.200000000000003,0.0,0.0,0.0,1.0,53.0,91.86666666666667,0.0,0.0,0.0,3.0,45.0,240.66666666666666,0.0,0.0,0.0,0.0,0.0,0.0,2.0,17.0,100.85,3.0,174.0,415.91666666666663,0.0,0.0,0.0,0.0,0.0,0.0,2.0,109.0,696.9666666666667
704,16,304,1007.4,3.0,7.0,15.3,1.0,5.0,13.166666666666666,0.0,0.0,0.0,0.0,0.0,0.0,2.0,40.0,60.43333333333334,0.0,0.0,0.0,3.0,10.0,36.13333333333333,4.0,55.0,272.29999999999995,0.0,0.0,0.0,0.0,0.0,0.0,1.0,4.0,1.8666666666666667,2.0,183.0,608.2,0.0,0.0,0.0,0.0,0.0,0.0,0.0,0.0,0.0,0.0,0.0,0.0,0.0,0.0,0.0,0.0,0.0,0.0
705,22,704,2483.7833333333333,2.0,8.0,29.466666666666665,2.0,27.0,135.64999999999998,0.0,0.0,0.0,6.0,25.0,64.73333333333333,1.0,23.0,82.8,0.0,0.0,0.0,2.0,6.0,22.766666666666666,0.0,0.0,0.0,0.0,0.0,0.0,0.0,0.0,0.0,1.0,9.0,32.55,6.0,519.0,1779.2833333333333,0.0,0.0,0.0,0.0,0.0,0.0,0.0,0.0,0.0,0.0,0.0,0.0,0.0,0.0,0.0,2.0,87.0,336.5333333333333
706,25,757,2670.983333333333,1.0,4.0,8.466666666666667,1.0,19.0,9.5,1.0,99.0,298.65,1.0,3.0,16.5,2.0,29.0,113.31666666666666,0.0,0.0,0.0,2.0,11.0,40.6,4.0,63.0,185.13333333333333,0.0,0.0,0.0,0.0,0.0,0.0,2.0,31.0,103.15,4.0,345.0,1552.5333333333333,0.0,0.0,0.0,3.0,46.0,116.55,1.0,59.0,109.15,0.0,0.0,0.0,2.0,24.0,64.63333333333333,1.0,24.0,52.800000000000004
707,18,613,2719.2833333333333,1.0,6.0,33.599999999999994,0.0,0.0,0.0,0.0,0.0,0.0,1.0,3.0,18.95,2.0,22.0,16.766666666666666,1.0,106.0,544.1333333333333,0.0,0.0,0.0,2.0,18.0,87.83333333333333,0.0,0.0,0.0,0.0,0.0,0.0,1.0,19.0,22.166666666666668,2.0,134.0,768.8166666666666,0.0,0.0,0.0,3.0,47.0,105.31666666666666,2.0,153.0,647.2,0.0,0.0,0.0,2.0,37.0,199.1,1.0,68.0,275.4
708,26,1159,3604.5666666666666,2.0,11.0,48.7,2.0,20.0,79.46666666666667,2.0,200.0,1118.0,1.0,6.0,26.199999999999996,2.0,30.0,143.66666666666669,0.0,0.0,0.0,1.0,7.0,42.81666666666666,2.0,29.0,73.5,0.0,0.0,0.0,1.0,3.0,15.1,2.0,34.0,135.26666666666665,4.0,330.0,395.9666666666667,0.0,0.0,0.0,1.0,9.0,44.550000000000004,4.0,343.0,701.25,0.0,0.0,0.0,1.0,16.0,76.26666666666667,1.0,121.0,703.8166666666666
709,19,478,1991.7166666666667,3.0,10.0,47.61666666666666,0.0,0.0,0.0,0.0,0.0,0.0,2.0,10.0,49.36666666666666,0.0,0.0,0.0,0.0,0.0,0.0,4.0,8.0,30.76666666666667,0.0,0.0,0.0,0.0,0.0,0.0,0.0,0.0,0.0,2.0,25.0,64.16666666666667,2.0,159.0,666.0,0.0,0.0,0.0,1.0,20.0,91.0,3.0,227.0,1012.1333333333333,0.0,0.0,0.0,2.0,19.0,30.666666666666668,0.0,0.0,0.0
710,21,436,1371.0,3.0,14.0,19.18333333333333,1.0,8.0,30.266666666666666,0.0,0.0,0.0,3.0,12.0,65.71666666666667,0.0,0.0,0.0,0.0,0.0,0.0,3.0,7.0,16.166666666666668,1.0,8.0,16.0,0.0,0.0,0.0,0.0,0.0,0.0,2.0,21.0,120.75,1.0,32.0,75.73333333333333,0.0,0.0,0.0,0.0,0.0,0.0,3.0,232.0,910.9666666666667,0.0,0.0,0.0,1.0,9.0,25.2,3.0,93.0,91.01666666666667
711,20,317,1067.6166666666666,2.0,7.0,41.85,0.0,0.0,0.0,1.0,117.0,352.95,4.0,21.0,58.31666666666666,1.0,16.0,97.6,0.0,0.0,0.0,2.0,9.0,39.483333333333334,1.0,12.0,38.199999999999996,0.0,0.0,0.0,1.0,4.0,25.133333333333333,2.0,27.0,30.0,2.0,34.0,121.03333333333333,0.0,0.0,0.0,0.0,0.0,0.0,1.0,17.0,53.266666666666666,0.0,0.0,0.0,2.0,16.0,70.41666666666666,1.0,37.0,139.36666666666667
712,17,640,2259.45,1.0,3.0,3.75,0.0,0.0,0.0,0.0,0.0,0.0,3.0,11.0,53.78333333333333,0.0,0.0,0.0,0.0,0.0,0.0,0.0,0.0,0.0,0.0,0.0,0.0,1.0,107.0,600.9833333333332,0.0,0.0,0.0,3.0,32.0,98.61666666666667,2.0,184.0,517.8166666666667,0.0,0.0,0.0,1.0,5.0,8.75,2.0,148.0,301.54999999999995,1.0,6.0,20.2,1.0,14.0,29.400000000000002,2.0,130.0,624.5999999999999
713,26,1116,3850.85,4.0,17.0,89.45,2.0,16.0,37.6,1.0,25.0,152.91666666666666,2.0,12.0,55.483333333333334,0.0,0.0,0.0,1.0,112.0,623.4666666666667,0.0,0.0,0.0,1.0,8.0,3.7333333333333334,1.0,85.0,525.5833333333334,0.0,0.0,0.0,1.0,17.0,89.53333333333333,5.0,375.0,990.4,1.0,7.0,10.85,2.0,37.0,197.81666666666666,4.0,279.0,807.3166666666667,0.0,0.0,0.0,0.0,0.0,0.0,1.0,126.0,266.7
714,24,587,1539.3,2.0,7.0,35.18333333333334,2.0,29.0,54.65,0.0,0.0,0.0,4.0,13.0,29.766666666666666,0.0,0.0,0.0,0.0,0.0,0.0,3.0,15.0,33.0,0.0,0.0,0.0,1.0,49.0,93.1,0.0,0.0,0.0,0.0,0.0,0.0,4.0,172.0,666.7666666666667,0.0,0.0,0.0,0.0,0.0,0.0,3.0,236.0,350.0,2.0,5.0,24.88333333333333,2.0,27.0,152.21666666666667,1.0,34.0,99.73333333333332
715,17,430,1531.5,1.0,4.0,18.733333333333334,1.0,9.0,45.75,0.0,0.0,0.0,2.0,8.0,37.53333333333333,1.0,11.0,37.03333333333333,0.0,0.0,0.0,0.0,0.0,0.0,2.0,14.0,77.35,1.0,73.0,329.71666666666664,0.0,0.0,0.0,3.0,47.0,120.21666666666667,1.0,42.0,186.9,0.0,0.0,0.0,1.0,17.0,105.68333333333334,3.0,188.0,474.26666666666665,0.0,0.0,0.0,0.0,0.0,0.0,1.0,17.0,98.31666666666666
716,25,750,2629.0333333333333,3.0,14.0,30.03333333333333,2.0,31.0,95.58333333333333,0.0,0.0,0.0,3.0,9.0,24.75,2.0,22.0,50.05,0.0,0.0,0.0,1.0,2.0,7.066666666666666,2.0,24.0,56.266666666666666,0.0,0.0,0.0,0.0,0.0,0.0,0.0,0.0,0.0,3.0,172.0,359.51666666666665,0.0,0.0,0.0,1.0,13.0,72.58333333333333,6.0,391.0,1568.7,0.0,0.0,0.0,0.0,0.0,0.0,2.0,72.0,364.48333333333335
717,24,597,2040.7333333333333,2.0,9.0,42.666666666666664,1.0,4.0,21.733333333333334,0.0,0.0,0.0,6.0,21.0,86.05,0.0,0.0,0.0,0.0,0.0,0.0,1.0,5.0,3.1666666666666665,2.0,41.0,161.86666666666667,0.0,0.0,0.0,0.0,0.0,0.0,1.0,4.0,24.866666666666667,3.0,163.0,390.75,1.0,3.0,0.75,1.0,10.0,33.16666666666667,2.0,149.0,371.4333333333334,0.0,0.0,0.0,2.0,28.0,73.93333333333334,2.0,160.0,830.3499999999999
718,15,453,942.45,3.0,15.0,73.41666666666666,3.0,45.0,27.5,2.0,155.0,300.83333333333337,1.0,3.0,17.9,0.0,0.0,0.0,0.0,0.0,0.0,1.0,7.0,27.650000000000002,1.0,7.0,22.866666666666667,0.0,0.0,0.0,0.0,0.0,0.0,0.0,0.0,0.0,1.0,72.0,184.8,0.0,0.0,0.0,1.0,21.0,66.14999999999999,2.0,128.0,221.33333333333331,0.0,0.0,0.0,0.0,0.0,0.0,0.0,0.0,0.0
719,23,918,4160.25,2.0,2.0,4.25,3.0,52.0,255.53333333333336,2.0,191.0,716.5833333333333,2.0,11.0,33.11666666666667,1.0,14.0,59.03333333333333,1.0,55.0,275.0,4.0,21.0,73.86666666666667,0.0,0.0,0.0,1.0,117.0,179.4,0.0,0.0,0.0,0.0,0.0,0.0,3.0,226.0,1235.15,0.0,0.0,0.0,1.0,14.0,84.23333333333333,3.0,215.0,1244.0833333333335,0.0,0.0,0.0,0.0,0.0,0.0,0.0,0.0,0.0
720,18,829,2841.9666666666667,0.0,0.0,0.0,1.0,15.0,85.25,1.0,64.0,92.8,3.0,10.0,41.4,1.0,13.0,56.11666666666666,0.0,0.0,0.0,1.0,1.0,2.533333333333333,0.0,0.0,0.0,0.0,0.0,0.0,0.0,0.0,0.0,1.0,17.0,95.19999999999999,4.0,351.0,916.7833333333333,0.0,0.0,0.0,2.0,34.0,210.78333333333333,1.0,73.0,318.76666666666665,0.0,0.0,0.0,0.0,0.0,0.0,3.0,251.0,1022.3333333333334
721,25,925,2881.2,2.0,12.0,28.700000000000003,1.0,14.0,66.5,1.0,49.0,123.31666666666666,3.0,13.0,36.63333333333333,3.0,40.0,114.68333333333334,1.0,52.0,55.46666666666667,0.0,0.0,0.0,0.0,0.0,0.0,1.0,41.0,21.183333333333337,0.0,0.0,0.0,1.0,5.0,2.25,3.0,101.0,297.58333333333337,0.0,0.0,0.0,1.0,12.0,21.400000000000002,5.0,426.0,1585.9,0.0,0.0,0.0,1.0,7.0,12.25,2.0,153.0,515.3333333333334
722,15,256,858.75,2.0,5.0,15.583333333333332,1.0,22.0,89.83333333333333,0.0,0.0,0.0,1.0,5.0,14.833333333333334,2.0,34.0,77.35,0.0,0.0,0.0,3.0,13.0,41.05,2.0,19.0,53.583333333333336,0.0,0.0,0.0,1.0,5.0,2.0,0.0,0.0,0.0,0.0,0.0,0.0,0.0,0.0,0.0,0.0,0.0,0.0,0.0,0.0,0.0,0.0,0.0,0.0,0.0,0.0,0.0,3.0,153.0,564.5166666666667
723,22,344,762.7833333333333,7.0,23.0,65.78333333333333,1.0,17.0,60.91666666666667,0.0,0.0,0.0,1.0,1.0,4.75,3.0,49.0,191.99999999999997,0.0,0.0,0.0,0.0,0.0,0.0,1.0,9.0,56.1,0.0,0.0,0.0,0.0,0.0,0.0,2.0,41.0,129.15,0.0,0.0,0.0,1.0,3.0,1.0999999999999999,1.0,10.0,5.0,2.0,143.0,149.3,0.0,0.0,0.0,2.0,17.0,47.53333333333333,1.0,31.0,51.15
724,28,691,3230.8166666666666,2.0,4.0,8.65,3.0,39.0,158.78333333333336,1.0,113.0,615.85,0.0,0.0,0.0,1.0,4.0,4.2,0.0,0.0,0.0,1.0,3.0,15.95,2.0,31.0,137.28333333333333,0.0,0.0,0.0,1.0,6.0,9.200000000000001,5.0,50.0,101.73333333333333,3.0,137.0,681.5833333333334,1.0,4.0,9.533333333333333,2.0,16.0,99.8,4.0,213.0,1086.3833333333332,0.0,0.0,0.0,1.0,13.0,6.066666666666666,1.0,58.0,295.79999999999995
725,23,651,2104.5,4.0,20.0,81.91666666666667,2.0,26.0,122.85,0.0,0.0,0.0,1.0,2.0,2.466666666666667,3.0,57.0,199.35,0.0,0.0,0.0,1.0,7.0,44.33333333333333,1.0,6.0,33.599999999999994,0.0,0.0,0.0,1.0,7.0,19.133333333333333,1.0,17.0,11.05,2.0,177.0,420.85,1.0,3.0,4.800000000000001,0.0,0.0,0.0,2.0,159.0,541.7500000000001,1.0,2.0,9.333333333333334,1.0,22.0,107.06666666666666,2.0,146.0,506.0
726,19,447,1578.7333333333333,4.0,15.0,55.31666666666666,1.0,12.0,66.4,0.0,0.0,0.0,2.0,5.0,14.45,1.0,17.0,3.966666666666667,1.0,118.0,725.7,2.0,12.0,23.200000000000003,2.0,25.0,12.983333333333334,0.0,0.0,0.0,1.0,3.0,1.2000000000000002,0.0,0.0,0.0,1.0,36.0,171.0,0.0,0.0,0.0,0.0,0.0,0.0,1.0,21.0,16.8,0.0,0.0,0.0,0.0,0.0,0.0,3.0,183.0,487.7166666666667
727,26,676,2826.7999999999997,1.0,4.0,0.9333333333333333,3.0,29.0,102.51666666666665,0.0,0.0,0.0,5.0,10.0,20.366666666666667,1.0,15.0,3.0,0.0,0.0,0.0,4.0,20.0,60.1,1.0,22.0,67.83333333333334,0.0,0.0,0.0,0.0,0.0,0.0,3.0,32.0,82.3,3.0,247.0,1289.2666666666664,0.0,0.0,0.0,2.0,21.0,94.08333333333333,3.0,276.0,1106.4,0.0,0.0,0.0,0.0,0.0,0.0,0.0,0.0,0.0
728,24,759,2931.516666666667,2.0,11.0,6.15,0.0,0.0,0.0,0.0,0.0,0.0,2.0,10.0,36.666666666666664,2.0,33.0,109.23333333333335,0.0,0.0,0.0,2.0,11.0,63.166666666666664,1.0,4.0,6.933333333333334,0.0,0.0,0.0,0.0,0.0,0.0,2.0,20.0,67.31666666666666,5.0,271.0,1209.8,0.0,0.0,0.0,0.0,0.0,0.0,2.0,131.0,278.4333333333333,0.0,0.0,0.0,4.0,47.0,123.19999999999999,2.0,221.0,1030.6166666666666
729,22,733,2609.8,4.0,15.0,68.15,2.0,27.0,60.849999999999994,0.0,0.0,0.0,2.0,10.0,10.566666666666666,2.0,27.0,116.38333333333334,0.0,0.0,0.0,0.0,0.0,0.0,3.0,32.0,132.13333333333333,1.0,111.0,394.04999999999995,0.0,0.0,0.0,1.0,5.0,2.4166666666666665,0.0,0.0,0.0,0.0,0.0,0.0,1.0,7.0,34.766666666666666,3.0,284.0,939.6333333333333,0.0,0.0,0.0,0.0,0.0,0.0,3.0,215.0,850.85
730,19,471,1630.1166666666668,3.0,9.0,47.766666666666666,1.0,7.0,26.25,1.0,43.0,260.8666666666667,1.0,5.0,2.25,0.0,0.0,0.0,0.0,0.0,0.0,0.0,0.0,0.0,2.0,20.0,51.266666666666666,1.0,98.0,460.6,0.0,0.0,0.0,3.0,32.0,22.883333333333333,2.0,82.0,411.0666666666666,0.0,0.0,0.0,0.0,0.0,0.0,0.0,0.0,0.0,1.0,5.0,9.583333333333334,1.0,13.0,7.583333333333334,3.0,157.0,330.0
731,20,519,1676.5333333333333,1.0,2.0,1.2666666666666666,2.0,21.0,57.166666666666664,1.0,84.0,112.0,2.0,3.0,9.5,1.0,6.0,23.1,0.0,0.0,0.0,2.0,13.0,45.7,2.0,35.0,52.03333333333333,0.0,0.0,0.0,0.0,0.0,0.0,3.0,61.0,164.13333333333333,0.0,0.0,0.0,1.0,2.0,8.566666666666666,2.0,30.0,143.5,2.0,191.0,827.6333333333333,0.0,0.0,0.0,0.0,0.0,0.0,1.0,71.0,231.93333333333334
732,23,593,2020.2333333333333,2.0,7.0,27.049999999999997,3.0,43.0,153.68333333333334,1.0,101.0,161.60000000000002,1.0,5.0,21.166666666666668,3.0,53.0,225.41666666666666,1.0,77.0,98.81666666666668,2.0,4.0,21.516666666666666,2.0,35.0,73.33333333333334,0.0,0.0,0.0,1.0,4.0,18.6,1.0,15.0,66.5,2.0,157.0,664.7333333333333,2.0,7.0,24.700000000000003,1.0,6.0,27.299999999999997,0.0,0.0,0.0,0.0,0.0,0.0,0.0,0.0,0.0,1.0,79.0,435.81666666666666
733,16,436,1973.6666666666667,1.0,3.0,13.849999999999998,1.0,18.0,29.1,0.0,0.0,0.0,1.0,6.0,5.4,3.0,47.0,145.39999999999998,0.0,0.0,0.0,1.0,6.0,32.199999999999996,0.0,0.0,0.0,0.0,0.0,0.0,0.0,0.0,0.0,1.0,4.0,8.466666666666667,1.0,94.0,568.6999999999999,0.0,0.0,0.0,2.0,36.0,184.60000000000002,3.0,208.0,959.2,1.0,5.0,2.75,1.0,9.0,24.0,0.0,0.0,0.0
734,14,301,983.1333333333333,4.0,15.0,34.31666666666667,1.0,23.0,73.98333333333333,0.0,0.0,0.0,1.0,1.0,1.8333333333333333,2.0,29.0,119.44999999999999,0.0,0.0,0.0,0.0,0.0,0.0,1.0,13.0,64.13333333333334,0.0,0.0,0.0,0.0,0.0,0.0,0.0,0.0,0.0,0.0,0.0,0.0,0.0,0.0,0.0,1.0,6.0,23.0,1.0,57.0,369.55,0.0,0.0,0.0,1.0,22.0,121.36666666666666,2.0,135.0,175.5
735,17,365,1298.5833333333335,2.0,5.0,22.299999999999997,0.0,0.0,0.0,0.0,0.0,0.0,2.0,9.0,47.150000000000006,2.0,26.0,64.6,0.0,0.0,0.0,2.0,7.0,26.96666666666667,1.0,13.0,79.95,0.0,0.0,0.0,1.0,4.0,24.4,0.0,0.0,0.0,2.0,163.0,314.1,1.0,7.0,36.4,2.0,41.0,198.95,1.0,86.0,465.83333333333337,1.0,4.0,17.933333333333334,0.0,0.0,0.0,0.0,0.0,0.0
736,21,639,2650.766666666667,4.0,21.0,88.08333333333333,2.0,23.0,137.3,0.0,0.0,0.0,0.0,0.0,0.0,1.0,11.0,43.266666666666666,1.0,71.0,472.15000000000003,1.0,4.0,16.266666666666666,0.0,0.0,0.0,1.0,97.0,341.1166666666667,0.0,0.0,0.0,2.0,41.0,81.66666666666667,3.0,227.0,966.9166666666667,0.0,0.0,0.0,1.0,8.0,22.0,3.0,94.0,299.26666666666665,1.0,2.0,4.733333333333333,0.0,0.0,0.0,1.0,40.0,178.0
737,18,935,4104.216666666666,2.0,4.0,8.066666666666666,1.0,13.0,23.400000000000002,1.0,122.0,683.1999999999999,2.0,13.0,18.116666666666667,0.0,0.0,0.0,0.0,0.0,0.0,1.0,7.0,40.6,1.0,20.0,43.666666666666664,1.0,117.0,692.25,0.0,0.0,0.0,1.0,18.0,63.599999999999994,2.0,240.0,1236.1,0.0,0.0,0.0,1.0,19.0,42.75,0.0,0.0,0.0,0.0,0.0,0.0,0.0,0.0,0.0,5.0,362.0,1252.4666666666667
738,27,868,2760.833333333333,4.0,15.0,77.43333333333334,2.0,24.0,44.55,2.0,154.0,684.9333333333333,3.0,9.0,38.35,2.0,22.0,112.85,0.0,0.0,0.0,2.0,7.0,28.23333333333333,1.0,8.0,40.0,0.0,0.0,0.0,0.0,0.0,0.0,2.0,31.0,143.0,3.0,224.0,690.7666666666667,0.0,0.0,0.0,1.0,18.0,18.900000000000002,2.0,206.0,216.06666666666666,0.0,0.0,0.0,2.0,31.0,52.9,1.0,119.0,612.85
739,22,822,2795.7000000000003,0.0,0.0,0.0,1.0,23.0,147.96666666666667,1.0,106.0,381.6,4.0,18.0,36.05,2.0,32.0,67.28333333333333,1.0,23.0,100.81666666666668,3.0,16.0,47.36666666666667,1.0,22.0,134.93333333333334,0.0,0.0,0.0,0.0,0.0,0.0,1.0,19.0,36.41666666666667,3.0,302.0,398.25,0.0,0.0,0.0,3.0,40.0,140.93333333333334,1.0,124.0,739.8666666666667,0.0,0.0,0.0,0.0,0.0,0.0,1.0,97.0,564.2166666666667
740,20,477,2066.1833333333334,2.0,9.0,46.65,3.0,34.0,132.2,0.0,0.0,0.0,0.0,0.0,0.0,1.0,17.0,34.849999999999994,0.0,0.0,0.0,3.0,11.0,38.7,1.0,4.0,1.4666666666666666,1.0,34.0,103.13333333333333,0.0,0.0,0.0,1.0,10.0,5.5,2.0,88.0,362.20000000000005,1.0,6.0,24.0,0.0,0.0,0.0,1.0,116.0,665.0666666666667,1.0,7.0,38.03333333333333,1.0,15.0,80.0,2.0,126.0,534.3833333333333
741,26,962,2840.516666666667,4.0,21.0,56.616666666666674,2.0,31.0,83.25,1.0,64.0,286.93333333333334,3.0,11.0,29.116666666666667,2.0,40.0,125.9,0.0,0.0,0.0,2.0,10.0,40.016666666666666,0.0,0.0,0.0,0.0,0.0,0.0,1.0,6.0,39.800000000000004,1.0,6.0,9.8,3.0,290.0,775.7833333333333,0.0,0.0,0.0,1.0,10.0,33.833333333333336,2.0,123.0,212.65,0.0,0.0,0.0,0.0,0.0,0.0,4.0,350.0,1146.8166666666666
742,20,609,2068.116666666667,2.0,3.0,7.2333333333333325,0.0,0.0,0.0,0.0,0.0,0.0,1.0,7.0,3.3833333333333333,2.0,23.0,37.383333333333326,0.0,0.0,0.0,2.0,10.0,42.4,3.0,50.0,202.06666666666666,1.0,89.0,219.53333333333333,0.0,0.0,0.0,0.0,0.0,0.0,3.0,213.0,691.3666666666667,1.0,4.0,25.266666666666666,2.0,16.0,29.599999999999998,1.0,87.0,413.25,0.0,0.0,0.0,1.0,19.0,56.36666666666667,1.0,88.0,340.26666666666665
743,16,410,1302.2333333333333,0.0,0.0,0.0,4.0,59.0,221.56666666666666,0.0,0.0,0.0,1.0,7.0,35.35,1.0,13.0,38.13333333333333,0.0,0.0,0.0,1.0,7.0,43.28333333333333,2.0,25.0,97.5,0.0,0.0,0.0,0.0,0.0,0.0,0.0,0.0,0.0,1.0,80.0,382.66666666666663,0.0,0.0,0.0,2.0,18.0,20.700000000000003,2.0,194.0,425.2166666666667,2.0,7.0,37.81666666666666,0.0,0.0,0.0,0.0,0.0,0.0
744,16,702,2079.1666666666665,1.0,6.0,18.0,0.0,0.0,0.0,0.0,0.0,0.0,1.0,6.0,37.9,0.0,0.0,0.0,0.0,0.0,0.0,3.0,7.0,14.766666666666666,1.0,16.0,60.0,1.0,53.0,222.60000000000002,0.0,0.0,0.0,0.0,0.0,0.0,2.0,203.0,891.5,0.0,0.0,0.0,2.0,21.0,19.95,2.0,173.0,325.5333333333333,0.0,0.0,0.0,1.0,9.0,33.45,2.0,208.0,455.4666666666667
745,17,484,1552.9833333333333,3.0,10.0,28.566666666666666,1.0,11.0,36.11666666666667,0.0,0.0,0.0,2.0,10.0,31.05,2.0,28.0,102.8,0.0,0.0,0.0,1.0,5.0,16.416666666666664,1.0,5.0,3.416666666666667,1.0,36.0,60.6,0.0,0.0,0.0,1.0,6.0,2.7,2.0,149.0,451.46666666666664,0.0,0.0,0.0,0.0,0.0,0.0,1.0,90.0,228.0,0.0,0.0,0.0,0.0,0.0,0.0,2.0,134.0,591.85
746,29,667,2478.366666666667,6.0,30.0,125.86666666666667,0.0,0.0,0.0,0.0,0.0,0.0,1.0,7.0,44.800000000000004,4.0,50.0,171.66666666666666,0.0,0.0,0.0,3.0,15.0,50.91666666666667,0.0,0.0,0.0,0.0,0.0,0.0,0.0,0.0,0.0,2.0,16.0,57.58333333333334,4.0,163.0,441.0,0.0,0.0,0.0,1.0,12.0,14.399999999999999,3.0,236.0,1003.0333333333333,1.0,2.0,8.733333333333333,1.0,21.0,62.300000000000004,3.0,115.0,498.0666666666667
747,15,400,1198.5833333333333,0.0,0.0,0.0,0.0,0.0,0.0,0.0,0.0,0.0,3.0,13.0,70.53333333333333,1.0,15.0,19.5,0.0,0.0,0.0,2.0,12.0,35.5,1.0,5.0,4.166666666666667,1.0,29.0,55.099999999999994,0.0,0.0,0.0,3.0,26.0,73.71666666666667,1.0,104.0,509.6,0.0,0.0,0.0,1.0,6.0,19.799999999999997,1.0,71.0,49.699999999999996,0.0,0.0,0.0,0.0,0.0,0.0,1.0,119.0,360.96666666666664
748,21,771,2547.1,1.0,1.0,3.566666666666667,1.0,13.0,27.733333333333334,0.0,0.0,0.0,4.0,17.0,32.93333333333333,1.0,23.0,31.816666666666666,0.0,0.0,0.0,1.0,5.0,29.666666666666668,1.0,13.0,62.18333333333333,0.0,0.0,0.0,0.0,0.0,0.0,0.0,0.0,0.0,6.0,546.0,1471.0833333333333,0.0,0.0,0.0,2.0,23.0,109.94999999999999,2.0,105.0,639.25,0.0,0.0,0.0,2.0,25.0,138.91666666666669,0.0,0.0,0.0
749,21,769,3159.8166666666666,4.0,19.0,57.31666666666666,0.0,0.0,0.0,0.0,0.0,0.0,1.0,2.0,9.066666666666666,1.0,16.0,3.7333333333333334,1.0,71.0,414.16666666666663,1.0,2.0,8.433333333333334,0.0,0.0,0.0,0.0,0.0,0.0,0.0,0.0,0.0,2.0,43.0,205.86666666666667,4.0,246.0,925.0666666666666,0.0,0.0,0.0,1.0,6.0,14.2,2.0,84.0,461.3666666666667,0.0,0.0,0.0,0.0,0.0,0.0,4.0,280.0,1060.6000000000001
750,18,420,1437.4833333333333,1.0,5.0,15.583333333333334,3.0,44.0,128.73333333333332,0.0,0.0,0.0,2.0,6.0,11.25,1.0,8.0,52.666666666666664,0.0,0.0,0.0,3.0,13.0,28.033333333333335,0.0,0.0,0.0,0.0,0.0,0.0,0.0,0.0,0.0,0.0,0.0,0.0,1.0,40.0,214.66666666666666,0.0,0.0,0.0,2.0,22.0,65.96666666666667,1.0,100.0,471.6666666666667,0.0,0.0,0.0,1.0,17.0,110.78333333333333,3.0,165.0,338.1333333333333
751,19,612,2649.4333333333334,2.0,7.0,13.45,2.0,13.0,41.733333333333334,0.0,0.0,0.0,3.0,12.0,43.31666666666666,0.0,0.0,0.0,1.0,19.0,4.75,3.0,13.0,62.06666666666667,0.0,0.0,0.0,0.0,0.0,0.0,0.0,0.0,0.0,0.0,0.0,0.0,2.0,183.0,683.3666666666666,0.0,0.0,0.0,1.0,7.0,2.5666666666666664,2.0,186.0,788.6833333333334,0.0,0.0,0.0,1.0,19.0,86.76666666666667,2.0,153.0,922.7333333333333
752,23,679,2255.7833333333333,1.0,2.0,10.666666666666666,1.0,14.0,27.53333333333333,2.0,139.0,529.85,4.0,13.0,49.93333333333334,0.0,0.0,0.0,0.0,0.0,0.0,2.0,8.0,28.4,1.0,7.0,45.38333333333333,0.0,0.0,0.0,0.0,0.0,0.0,2.0,21.0,37.85,1.0,77.0,234.85,0.0,0.0,0.0,0.0,0.0,0.0,4.0,266.0,777.5166666666667,0.0,0.0,0.0,4.0,78.0,234.79999999999998,1.0,54.0,279.0
753,28,845,3159.333333333333,7.0,25.0,74.93333333333334,1.0,16.0,32.8,1.0,65.0,431.1666666666667,3.0,11.0,21.9,1.0,14.0,55.300000000000004,1.0,73.0,352.8333333333333,1.0,1.0,4.45,2.0,34.0,147.33333333333334,1.0,58.0,322.8666666666667,0.0,0.0,0.0,3.0,50.0,151.1,2.0,139.0,144.18333333333334,0.0,0.0,0.0,1.0,20.0,130.66666666666666,2.0,211.0,575.6666666666667,0.0,0.0,0.0,0.0,0.0,0.0,2.0,128.0,714.1333333333332
754,12,408,1544.0833333333335,0.0,0.0,0.0,0.0,0.0,0.0,0.0,0.0,0.0,1.0,7.0,31.849999999999998,2.0,30.0,87.66666666666667,0.0,0.0,0.0,0.0,0.0,0.0,0.0,0.0,0.0,0.0,0.0,0.0,1.0,5.0,20.333333333333332,0.0,0.0,0.0,2.0,193.0,623.4833333333333,2.0,11.0,43.11666666666667,1.0,15.0,74.0,1.0,41.0,208.41666666666666,0.0,0.0,0.0,1.0,21.0,139.3,1.0,85.0,315.9166666666667
755,18,686,2075.2833333333333,2.0,9.0,15.916666666666666,0.0,0.0,0.0,1.0,40.0,41.333333333333336,1.0,7.0,31.5,1.0,11.0,59.95,2.0,116.0,367.4,0.0,0.0,0.0,1.0,7.0,43.28333333333333,0.0,0.0,0.0,0.0,0.0,0.0,1.0,13.0,36.18333333333333,4.0,332.0,1187.25,0.0,0.0,0.0,0.0,0.0,0.0,2.0,78.0,168.15,0.0,0.0,0.0,2.0,40.0,45.11666666666667,1.0,33.0,79.2
756,24,588,1854.5,1.0,4.0,25.733333333333334,1.0,18.0,69.3,1.0,71.0,132.53333333333333,2.0,8.0,33.35,1.0,18.0,117.0,0.0,0.0,0.0,3.0,17.0,69.48333333333333,2.0,13.0,58.95,0.0,0.0,0.0,0.0,0.0,0.0,2.0,24.0,126.36666666666666,3.0,169.0,738.3000000000001,1.0,7.0,29.283333333333335,2.0,33.0,98.01666666666668,0.0,0.0,0.0,1.0,3.0,1.6,2.0,39.0,147.45,2.0,164.0,207.13333333333335
757,22,407,1199.1666666666667,3.0,13.0,51.516666666666666,4.0,44.0,205.3,0.0,0.0,0.0,2.0,8.0,24.96666666666667,1.0,9.0,57.45,0.0,0.0,0.0,2.0,5.0,19.9,1.0,21.0,125.65,0.0,0.0,0.0,0.0,0.0,0.0,3.0,47.0,155.35000000000002,1.0,69.0,261.05,0.0,0.0,0.0,2.0,34.0,88.96666666666667,1.0,61.0,82.35000000000001,0.0,0.0,0.0,0.0,0.0,0.0,2.0,96.0,126.66666666666666
758,21,542,1812.6666666666667,2.0,6.0,7.216666666666667,3.0,34.0,99.51666666666667,0.0,0.0,0.0,2.0,3.0,4.683333333333334,0.0,0.0,0.0,0.0,0.0,0.0,2.0,11.0,56.733333333333334,0.0,0.0,0.0,0.0,0.0,0.0,0.0,0.0,0.0,4.0,56.0,189.58333333333331,5.0,363.0,1313.0,0.0,0.0,0.0,1.0,22.0,60.86666666666667,0.0,0.0,0.0,0.0,0.0,0.0,1.0,14.0,63.46666666666667,1.0,33.0,17.6
759,17,389,1478.3166666666666,2.0,3.0,13.016666666666667,0.0,0.0,0.0,1.0,37.0,26.516666666666666,0.0,0.0,0.0,0.0,0.0,0.0,0.0,0.0,0.0,2.0,12.0,12.2,1.0,12.0,19.799999999999997,0.0,0.0,0.0,0.0,0.0,0.0,3.0,41.0,237.88333333333333,4.0,253.0,1013.65,0.0,0.0,0.0,0.0,0.0,0.0,0.0,0.0,0.0,2.0,9.0,27.2,2.0,22.0,128.05,0.0,0.0,0.0
760,28,773,2948.0499999999997,0.0,0.0,0.0,2.0,36.0,155.64999999999998,2.0,148.0,841.4666666666666,2.0,14.0,36.4,4.0,43.0,215.56666666666666,0.0,0.0,0.0,4.0,21.0,100.7,0.0,0.0,0.0,0.0,0.0,0.0,0.0,0.0,0.0,3.0,34.0,120.73333333333333,2.0,88.0,172.63333333333333,0.0,0.0,0.0,1.0,11.0,18.333333333333336,4.0,231.0,578.3,1.0,1.0,4.466666666666667,1.0,20.0,126.33333333333333,2.0,126.0,577.4666666666667
761,19,427,1593.7333333333333,1.0,4.0,12.933333333333334,0.0,0.0,0.0,0.0,0.0,0.0,1.0,3.0,6.8,0.0,0.0,0.0,0.0,0.0,0.0,2.0,4.0,26.483333333333334,2.0,18.0,44.65,0.0,0.0,0.0,0.0,0.0,0.0,2.0,36.0,108.2,1.0,22.0,17.6,1.0,7.0,3.5,1.0,13.0,9.75,0.0,0.0,0.0,0.0,0.0,0.0,4.0,42.0,178.00000000000003,4.0,278.0,1185.8166666666666
762,20,595,2446.633333333333,4.0,15.0,52.4,1.0,8.0,26.8,0.0,0.0,0.0,2.0,8.0,35.86666666666667,2.0,38.0,172.96666666666667,0.0,0.0,0.0,0.0,0.0,0.0,1.0,21.0,82.95,2.0,82.0,357.4833333333333,0.0,0.0,0.0,0.0,0.0,0.0,3.0,227.0,653.6,1.0,6.0,34.5,0.0,0.0,0.0,2.0,94.0,523.8666666666666,0.0,0.0,0.0,1.0,14.0,22.400000000000002,1.0,82.0,483.8
763,31,682,2957.983333333333,7.0,32.0,133.86666666666667,2.0,37.0,86.51666666666667,1.0,113.0,719.4333333333333,4.0,11.0,32.983333333333334,1.0,14.0,83.3,0.0,0.0,0.0,4.0,8.0,35.65,2.0,36.0,179.96666666666667,1.0,35.0,186.66666666666666,0.0,0.0,0.0,3.0,48.0,229.0,2.0,193.0,473.0666666666667,0.0,0.0,0.0,0.0,0.0,0.0,1.0,112.0,619.7333333333333,1.0,2.0,9.066666666666666,1.0,19.0,57.63333333333333,1.0,22.0,111.1
764,21,707,2472.2333333333336,4.0,10.0,30.15,1.0,8.0,15.733333333333333,0.0,0.0,0.0,1.0,5.0,5.75,0.0,0.0,0.0,0.0,0.0,0.0,5.0,19.0,104.66666666666667,2.0,30.0,131.6,1.0,85.0,398.08333333333337,0.0,0.0,0.0,0.0,0.0,0.0,2.0,193.0,936.0,1.0,2.0,2.2,0.0,0.0,0.0,0.0,0.0,0.0,0.0,0.0,0.0,1.0,23.0,73.60000000000001,3.0,332.0,774.45
765,23,826,3162.0166666666664,3.0,5.0,14.216666666666669,2.0,23.0,47.766666666666666,1.0,118.0,135.7,1.0,6.0,34.2,3.0,53.0,189.13333333333333,1.0,61.0,155.54999999999998,0.0,0.0,0.0,1.0,23.0,96.21666666666667,0.0,0.0,0.0,0.0,0.0,0.0,0.0,0.0,0.0,3.0,155.0,611.05,0.0,0.0,0.0,0.0,0.0,0.0,2.0,98.0,426.23333333333335,0.0,0.0,0.0,2.0,29.0,161.45,4.0,255.0,1290.5
766,21,489,2380.883333333333,3.0,17.0,26.0,1.0,10.0,6.833333333333334,0.0,0.0,0.0,2.0,10.0,31.516666666666666,1.0,21.0,117.6,0.0,0.0,0.0,3.0,13.0,30.266666666666666,1.0,11.0,13.383333333333333,0.0,0.0,0.0,1.0,2.0,9.0,3.0,41.0,170.55,2.0,137.0,816.9499999999999,1.0,6.0,7.4,0.0,0.0,0.0,1.0,108.0,680.4,0.0,0.0,0.0,0.0,0.0,0.0,2.0,113.0,470.98333333333335
767,20,600,1979.5833333333335,1.0,6.0,27.0,2.0,8.0,13.666666666666666,0.0,0.0,0.0,4.0,14.0,58.36666666666667,1.0,19.0,79.48333333333333,0.0,0.0,0.0,3.0,8.0,27.3,1.0,10.0,8.833333333333332,0.0,0.0,0.0,0.0,0.0,0.0,1.0,22.0,95.69999999999999,1.0,47.0,303.15000000000003,0.0,0.0,0.0,0.0,0.0,0.0,1.0,114.0,123.49999999999999,1.0,1.0,5.366666666666666,1.0,11.0,68.75,3.0,340.0,1168.4666666666667
768,20,434,1359.1,3.0,11.0,37.0,2.0,14.0,42.7,0.0,0.0,0.0,0.0,0.0,0.0,1.0,10.0,8.333333333333334,1.0,103.0,619.7166666666667,1.0,6.0,26.5,2.0,38.0,135.56666666666666,0.0,0.0,0.0,0.0,0.0,0.0,4.0,42.0,218.31666666666666,0.0,0.0,0.0,1.0,3.0,2.0999999999999996,2.0,12.0,36.2,2.0,188.0,216.45,0.0,0.0,0.0,1.0,7.0,16.21666666666667,0.0,0.0,0.0
769,21,770,2370.95,5.0,20.0,84.16666666666667,1.0,16.0,44.53333333333333,0.0,0.0,0.0,2.0,6.0,11.633333333333333,2.0,27.0,129.06666666666666,1.0,91.0,309.4,1.0,3.0,7.4,1.0,7.0,5.716666666666667,1.0,53.0,71.55000000000001,0.0,0.0,0.0,0.0,0.0,0.0,1.0,17.0,37.68333333333334,0.0,0.0,0.0,1.0,19.0,73.15,3.0,260.0,732.8333333333333,0.0,0.0,0.0,0.0,0.0,0.0,2.0,251.0,863.8166666666666
770,21,535,1630.6166666666666,2.0,4.0,24.833333333333336,1.0,8.0,12.533333333333333,0.0,0.0,0.0,1.0,6.0,18.8,0.0,0.0,0.0,2.0,99.0,117.51666666666668,1.0,7.0,45.61666666666667,1.0,13.0,11.483333333333333,0.0,0.0,0.0,0.0,0.0,0.0,4.0,71.0,196.01666666666665,1.0,23.0,147.58333333333334,1.0,3.0,11.0,2.0,18.0,63.45,2.0,62.0,297.05,0.0,0.0,0.0,0.0,0.0,0.0,3.0,221.0,684.7333333333333
771,25,437,1332.2666666666667,2.0,8.0,43.36666666666666,4.0,57.0,195.0,2.0,113.0,532.4,5.0,23.0,58.95,1.0,6.0,16.6,1.0,23.0,134.93333333333334,1.0,2.0,8.5,0.0,0.0,0.0,1.0,43.0,37.983333333333334,1.0,2.0,8.766666666666667,2.0,33.0,156.96666666666667,0.0,0.0,0.0,1.0,5.0,7.916666666666666,2.0,13.0,19.583333333333336,1.0,92.0,107.33333333333334,0.0,0.0,0.0,0.0,0.0,0.0,1.0,17.0,3.966666666666667
772,19,407,1767.75,2.0,9.0,17.2,0.0,0.0,0.0,0.0,0.0,0.0,1.0,4.0,6.2,3.0,56.0,197.48333333333332,0.0,0.0,0.0,3.0,9.0,43.25,2.0,19.0,61.75,0.0,0.0,0.0,0.0,0.0,0.0,1.0,19.0,49.4,2.0,176.0,849.8333333333333,0.0,0.0,0.0,3.0,36.0,104.91666666666667,1.0,61.0,397.51666666666665,0.0,0.0,0.0,0.0,0.0,0.0,1.0,18.0,40.2
773,24,615,1679.9166666666667,2.0,8.0,33.83333333333333,0.0,0.0,0.0,2.0,116.0,198.0666666666667,5.0,24.0,91.9,3.0,32.0,115.66666666666666,0.0,0.0,0.0,2.0,4.0,17.933333333333334,3.0,39.0,63.2,0.0,0.0,0.0,0.0,0.0,0.0,0.0,0.0,0.0,3.0,278.0,816.6,0.0,0.0,0.0,0.0,0.0,0.0,1.0,74.0,236.8,2.0,12.0,62.516666666666666,0.0,0.0,0.0,1.0,28.0,43.4
774,22,708,2429.116666666667,0.0,0.0,0.0,1.0,4.0,10.066666666666666,0.0,0.0,0.0,3.0,10.0,54.28333333333333,3.0,49.0,232.4,2.0,130.0,551.7333333333333,4.0,18.0,66.4,2.0,13.0,40.11666666666667,0.0,0.0,0.0,0.0,0.0,0.0,0.0,0.0,0.0,1.0,62.0,220.1,0.0,0.0,0.0,0.0,0.0,0.0,3.0,221.0,511.73333333333335,0.0,0.0,0.0,0.0,0.0,0.0,3.0,201.0,742.2833333333333
775,14,413,1517.6333333333334,1.0,7.0,9.450000000000001,1.0,12.0,28.200000000000003,0.0,0.0,0.0,1.0,3.0,19.45,1.0,6.0,30.2,0.0,0.0,0.0,4.0,16.0,64.56666666666666,0.0,0.0,0.0,0.0,0.0,0.0,0.0,0.0,0.0,0.0,0.0,0.0,3.0,251.0,744.5333333333333,0.0,0.0,0.0,0.0,0.0,0.0,2.0,72.0,329.1333333333333,0.0,0.0,0.0,0.0,0.0,0.0,1.0,46.0,292.09999999999997
776,19,374,1220.5333333333333,4.0,14.0,48.33333333333333,3.0,38.0,118.66666666666666,0.0,0.0,0.0,4.0,19.0,54.05,2.0,31.0,59.416666666666664,1.0,47.0,258.5,2.0,8.0,18.5,0.0,0.0,0.0,0.0,0.0,0.0,0.0,0.0,0.0,0.0,0.0,0.0,3.0,217.0,663.0666666666666,0.0,0.0,0.0,0.0,0.0,0.0,0.0,0.0,0.0,0.0,0.0,0.0,0.0,0.0,0.0,0.0,0.0,0.0
777,26,488,2070.25,2.0,12.0,38.4,1.0,12.0,17.0,0.0,0.0,0.0,5.0,22.0,93.15,2.0,23.0,131.16666666666666,0.0,0.0,0.0,4.0,24.0,71.33333333333334,1.0,5.0,32.083333333333336,1.0,126.0,783.3000000000001,1.0,1.0,3.6333333333333333,3.0,49.0,95.05,2.0,51.0,35.53333333333333,0.0,0.0,0.0,0.0,0.0,0.0,2.0,108.0,587.4666666666667,0.0,0.0,0.0,0.0,0.0,0.0,2.0,55.0,182.13333333333335
778,28,797,2404.9500000000003,7.0,26.0,100.11666666666667,1.0,7.0,32.66666666666667,1.0,91.0,77.35,3.0,5.0,16.46666666666667,2.0,32.0,100.94999999999999,0.0,0.0,0.0,3.0,10.0,32.38333333333333,0.0,0.0,0.0,0.0,0.0,0.0,0.0,0.0,0.0,2.0,27.0,23.299999999999997,0.0,0.0,0.0,0.0,0.0,0.0,1.0,4.0,20.8,2.0,209.0,329.53333333333336,0.0,0.0,0.0,1.0,17.0,83.58333333333334,5.0,369.0,1587.8000000000002
779,18,401,1087.5,1.0,3.0,9.3,2.0,13.0,22.666666666666664,0.0,0.0,0.0,1.0,7.0,31.733333333333334,2.0,16.0,54.66666666666667,0.0,0.0,0.0,2.0,8.0,23.81666666666667,3.0,34.0,146.63333333333333,1.0,120.0,168.0,1.0,4.0,13.4,0.0,0.0,0.0,2.0,81.0,73.9,0.0,0.0,0.0,1.0,7.0,7.933333333333334,1.0,83.0,510.45000000000005,0.0,0.0,0.0,0.0,0.0,0.0,1.0,25.0,25.0
780,20,686,2026.0833333333335,2.0,8.0,26.733333333333334,4.0,44.0,168.15,1.0,42.0,76.3,1.0,2.0,1.6333333333333333,1.0,8.0,23.733333333333334,1.0,111.0,690.0500000000001,2.0,10.0,36.599999999999994,0.0,0.0,0.0,0.0,0.0,0.0,0.0,0.0,0.0,1.0,23.0,129.56666666666666,1.0,111.0,194.25,1.0,4.0,7.466666666666667,1.0,12.0,51.2,0.0,0.0,0.0,0.0,0.0,0.0,0.0,0.0,0.0,4.0,311.0,620.4
781,19,388,1611.2833333333335,0.0,0.0,0.0,1.0,18.0,12.0,0.0,0.0,0.0,5.0,25.0,108.21666666666667,0.0,0.0,0.0,0.0,0.0,0.0,3.0,10.0,21.983333333333334,1.0,19.0,29.133333333333336,0.0,0.0,0.0,2.0,4.0,8.366666666666667,1.0,15.0,98.25,2.0,133.0,818.95,0.0,0.0,0.0,2.0,28.0,107.56666666666666,2.0,136.0,406.8166666666667,0.0,0.0,0.0,0.0,0.0,0.0,0.0,0.0,0.0
782,23,635,2327.116666666667,3.0,16.0,65.03333333333333,1.0,13.0,31.2,1.0,119.0,95.2,4.0,18.0,46.0,2.0,26.0,53.56666666666666,0.0,0.0,0.0,3.0,12.0,40.8,0.0,0.0,0.0,0.0,0.0,0.0,0.0,0.0,0.0,0.0,0.0,0.0,2.0,222.0,1080.35,0.0,0.0,0.0,0.0,0.0,0.0,1.0,28.0,147.46666666666667,0.0,0.0,0.0,4.0,55.0,216.2,2.0,126.0,551.3000000000001
783,22,735,2758.7833333333333,1.0,1.0,1.5833333333333333,2.0,36.0,119.03333333333333,0.0,0.0,0.0,2.0,8.0,17.883333333333333,2.0,29.0,134.66666666666666,0.0,0.0,0.0,1.0,6.0,17.4,1.0,12.0,46.8,1.0,97.0,274.83333333333337,0.0,0.0,0.0,2.0,20.0,81.66666666666667,5.0,313.0,1192.7833333333333,0.0,0.0,0.0,1.0,17.0,20.96666666666667,1.0,39.0,225.54999999999998,0.0,0.0,0.0,1.0,8.0,28.8,2.0,149.0,596.8166666666667
784,15,489,2183.016666666667,0.0,0.0,0.0,2.0,39.0,104.4,0.0,0.0,0.0,1.0,4.0,6.066666666666666,1.0,4.0,6.733333333333333,1.0,78.0,504.40000000000003,2.0,9.0,33.31666666666667,1.0,16.0,38.93333333333333,0.0,0.0,0.0,0.0,0.0,0.0,0.0,0.0,0.0,0.0,0.0,0.0,0.0,0.0,0.0,1.0,9.0,13.8,3.0,184.0,869.6333333333333,0.0,0.0,0.0,1.0,6.0,38.6,2.0,140.0,567.1333333333333
785,9,288,939.6166666666666,0.0,0.0,0.0,0.0,0.0,0.0,0.0,0.0,0.0,1.0,5.0,14.0,1.0,12.0,14.599999999999998,0.0,0.0,0.0,1.0,1.0,6.25,1.0,20.0,53.33333333333333,0.0,0.0,0.0,0.0,0.0,0.0,1.0,9.0,51.45,1.0,25.0,100.83333333333333,0.0,0.0,0.0,0.0,0.0,0.0,2.0,95.0,110.28333333333333,0.0,0.0,0.0,0.0,0.0,0.0,1.0,121.0,588.8666666666666
786,19,590,1840.6833333333334,4.0,24.0,56.6,0.0,0.0,0.0,0.0,0.0,0.0,2.0,7.0,30.400000000000002,1.0,10.0,22.833333333333332,0.0,0.0,0.0,1.0,7.0,15.400000000000002,0.0,0.0,0.0,1.0,42.0,23.1,0.0,0.0,0.0,0.0,0.0,0.0,0.0,0.0,0.0,1.0,2.0,10.0,1.0,11.0,62.88333333333333,4.0,303.0,803.5,0.0,0.0,0.0,2.0,25.0,35.53333333333333,2.0,159.0,780.4333333333334
787,26,993,4157.333333333333,1.0,3.0,11.049999999999999,1.0,18.0,87.9,1.0,115.0,559.6666666666666,2.0,13.0,46.2,1.0,14.0,27.53333333333333,0.0,0.0,0.0,4.0,20.0,90.21666666666667,2.0,24.0,93.2,2.0,102.0,563.1666666666666,0.0,0.0,0.0,1.0,14.0,69.53333333333333,5.0,389.0,1614.15,0.0,0.0,0.0,1.0,7.0,45.61666666666667,3.0,262.0,931.7166666666667,0.0,0.0,0.0,2.0,12.0,17.383333333333333,0.0,0.0,0.0
788,23,519,2098.8,4.0,15.0,46.65,2.0,42.0,58.1,0.0,0.0,0.0,3.0,10.0,36.06666666666666,2.0,14.0,35.46666666666667,0.0,0.0,0.0,2.0,4.0,22.033333333333335,1.0,7.0,21.816666666666666,0.0,0.0,0.0,0.0,0.0,0.0,1.0,16.0,50.13333333333333,3.0,185.0,659.4166666666667,1.0,4.0,17.533333333333335,0.0,0.0,0.0,1.0,36.0,151.8,1.0,5.0,27.833333333333332,0.0,0.0,0.0,2.0,181.0,971.95
789,20,748,2667.7333333333336,2.0,7.0,22.816666666666666,2.0,29.0,100.01666666666667,1.0,99.0,402.59999999999997,2.0,8.0,38.6,2.0,41.0,179.1,1.0,72.0,154.79999999999998,0.0,0.0,0.0,0.0,0.0,0.0,0.0,0.0,0.0,0.0,0.0,0.0,0.0,0.0,0.0,4.0,224.0,899.9833333333333,1.0,3.0,14.05,3.0,44.0,190.4,1.0,109.0,512.3000000000001,0.0,0.0,0.0,0.0,0.0,0.0,1.0,112.0,153.06666666666666
790,25,545,1599.9833333333333,5.0,16.0,77.43333333333334,2.0,13.0,28.0,0.0,0.0,0.0,1.0,7.0,23.683333333333334,4.0,49.0,162.33333333333331,1.0,38.0,29.133333333333336,1.0,5.0,7.666666666666667,1.0,7.0,39.66666666666667,0.0,0.0,0.0,0.0,0.0,0.0,2.0,24.0,83.6,2.0,140.0,240.9333333333333,0.0,0.0,0.0,1.0,16.0,12.266666666666667,0.0,0.0,0.0,0.0,0.0,0.0,2.0,41.0,100.56666666666666,3.0,189.0,794.7
791,20,604,1683.05,4.0,12.0,26.783333333333335,0.0,0.0,0.0,1.0,73.0,92.46666666666667,3.0,10.0,41.81666666666666,3.0,38.0,180.21666666666667,0.0,0.0,0.0,2.0,4.0,9.2,0.0,0.0,0.0,0.0,0.0,0.0,0.0,0.0,0.0,0.0,0.0,0.0,2.0,97.0,157.78333333333333,0.0,0.0,0.0,0.0,0.0,0.0,3.0,239.0,648.9333333333333,1.0,5.0,9.25,0.0,0.0,0.0,1.0,126.0,516.5999999999999
792,22,643,2189.5666666666666,2.0,7.0,27.9,3.0,30.0,103.16666666666666,0.0,0.0,0.0,0.0,0.0,0.0,3.0,35.0,59.01666666666666,0.0,0.0,0.0,3.0,11.0,65.93333333333334,1.0,10.0,54.833333333333336,0.0,0.0,0.0,0.0,0.0,0.0,2.0,24.0,58.95,2.0,221.0,870.3333333333334,0.0,0.0,0.0,0.0,0.0,0.0,3.0,157.0,479.8833333333333,0.0,0.0,0.0,0.0,0.0,0.0,3.0,148.0,469.55000000000007
793,26,757,1616.4166666666667,2.0,10.0,39.416666666666664,4.0,64.0,261.4166666666667,0.0,0.0,0.0,0.0,0.0,0.0,1.0,23.0,110.39999999999999,1.0,117.0,21.45,2.0,8.0,21.583333333333332,0.0,0.0,0.0,1.0,57.0,231.79999999999998,0.0,0.0,0.0,2.0,16.0,54.33333333333334,2.0,123.0,382.93333333333334,1.0,3.0,13.150000000000002,0.0,0.0,0.0,3.0,103.0,261.9,0.0,0.0,0.0,3.0,40.0,93.63333333333333,4.0,193.0,124.4
794,17,617,1859.7,2.0,10.0,32.56666666666666,0.0,0.0,0.0,0.0,0.0,0.0,0.0,0.0,0.0,0.0,0.0,0.0,0.0,0.0,0.0,0.0,0.0,0.0,1.0,10.0,10.166666666666666,0.0,0.0,0.0,1.0,4.0,10.0,4.0,47.0,85.78333333333333,2.0,235.0,1098.5,1.0,6.0,12.5,2.0,45.0,95.25,1.0,124.0,363.7333333333333,0.0,0.0,0.0,1.0,16.0,12.533333333333333,2.0,120.0,138.66666666666666
795,18,432,1732.0833333333335,6.0,17.0,66.41666666666667,2.0,30.0,163.38333333333335,0.0,0.0,0.0,3.0,15.0,44.916666666666664,1.0,18.0,74.4,0.0,0.0,0.0,0.0,0.0,0.0,1.0,5.0,10.333333333333334,1.0,83.0,185.36666666666667,0.0,0.0,0.0,1.0,20.0,116.0,2.0,184.0,788.2666666666667,0.0,0.0,0.0,0.0,0.0,0.0,0.0,0.0,0.0,0.0,0.0,0.0,0.0,0.0,0.0,1.0,60.0,283.0
796,21,545,1705.0833333333333,3.0,19.0,98.38333333333334,2.0,38.0,158.16666666666666,0.0,0.0,0.0,1.0,7.0,45.03333333333333,0.0,0.0,0.0,0.0,0.0,0.0,1.0,1.0,3.466666666666667,1.0,19.0,109.56666666666666,0.0,0.0,0.0,1.0,3.0,17.650000000000002,3.0,58.0,207.76666666666665,2.0,98.0,534.3666666666666,0.0,0.0,0.0,2.0,39.0,115.21666666666667,1.0,25.0,52.5,0.0,0.0,0.0,0.0,0.0,0.0,4.0,238.0,362.9666666666667
797,26,531,1602.0166666666667,4.0,16.0,59.983333333333334,0.0,0.0,0.0,0.0,0.0,0.0,3.0,14.0,46.53333333333333,3.0,38.0,170.25,0.0,0.0,0.0,2.0,6.0,23.933333333333337,1.0,15.0,88.0,0.0,0.0,0.0,1.0,7.0,22.866666666666667,1.0,22.0,101.19999999999999,1.0,62.0,286.2333333333333,0.0,0.0,0.0,1.0,15.0,46.0,3.0,157.0,536.4333333333333,0.0,0.0,0.0,3.0,36.0,80.43333333333334,3.0,143.0,140.15
798,15,601,2335.35,1.0,6.0,20.599999999999998,0.0,0.0,0.0,1.0,97.0,30.716666666666665,1.0,2.0,3.8,1.0,22.0,34.46666666666667,0.0,0.0,0.0,1.0,7.0,22.983333333333334,0.0,0.0,0.0,0.0,0.0,0.0,0.0,0.0,0.0,2.0,22.0,43.266666666666666,5.0,363.0,1973.3166666666668,0.0,0.0,0.0,0.0,0.0,0.0,1.0,72.0,175.2,1.0,6.0,28.4,1.0,4.0,2.6,0.0,0.0,0.0
799,24,558,1650.9333333333334,4.0,17.0,72.6,0.0,0.0,0.0,0.0,0.0,0.0,3.0,13.0,17.433333333333334,2.0,31.0,177.25,0.0,0.0,0.0,0.0,0.0,0.0,0.0,0.0,0.0,0.0,0.0,0.0,2.0,9.0,30.25,3.0,33.0,74.93333333333334,1.0,99.0,264.0,0.0,0.0,0.0,2.0,26.0,22.333333333333336,1.0,81.0,387.45,0.0,0.0,0.0,1.0,17.0,29.46666666666667,5.0,232.0,575.2166666666667
800,14,471,1795.55,2.0,6.0,24.900000000000002,2.0,20.0,46.66666666666667,0.0,0.0,0.0,1.0,2.0,0.7666666666666667,1.0,6.0,23.3,0.0,0.0,0.0,0.0,0.0,0.0,2.0,25.0,69.9,1.0,27.0,4.5,0.0,0.0,0.0,1.0,11.0,54.083333333333336,1.0,72.0,144.0,0.0,0.0,0.0,0.0,0.0,0.0,2.0,193.0,800.6833333333334,0.0,0.0,0.0,0.0,0.0,0.0,1.0,109.0,626.75
801,21,540,1710.1833333333334,2.0,7.0,29.916666666666664,4.0,43.0,112.30000000000001,0.0,0.0,0.0,1.0,4.0,23.066666666666666,1.0,7.0,44.56666666666666,0.0,0.0,0.0,2.0,8.0,39.08333333333333,1.0,12.0,15.0,0.0,0.0,0.0,0.0,0.0,0.0,1.0,14.0,52.03333333333333,5.0,358.0,882.05,1.0,2.0,8.666666666666666,0.0,0.0,0.0,2.0,78.0,475.26666666666665,0.0,0.0,0.0,1.0,7.0,28.233333333333334,0.0,0.0,0.0
802,19,498,1253.05,1.0,3.0,10.299999999999999,4.0,70.0,139.21666666666667,0.0,0.0,0.0,4.0,24.0,30.8,0.0,0.0,0.0,1.0,53.0,31.799999999999997,3.0,13.0,49.21666666666667,0.0,0.0,0.0,0.0,0.0,0.0,0.0,0.0,0.0,2.0,29.0,66.95,3.0,296.0,872.9333333333334,0.0,0.0,0.0,0.0,0.0,0.0,0.0,0.0,0.0,0.0,0.0,0.0,1.0,10.0,51.833333333333336,0.0,0.0,0.0
803,21,478,1151.6666666666667,3.0,17.0,39.95,4.0,25.0,93.39999999999999,1.0,57.0,19.95,2.0,12.0,28.650000000000002,2.0,32.0,58.3,0.0,0.0,0.0,1.0,7.0,4.083333333333334,1.0,13.0,54.81666666666667,0.0,0.0,0.0,1.0,1.0,1.9333333333333333,0.0,0.0,0.0,3.0,171.0,658.2166666666667,0.0,0.0,0.0,1.0,19.0,46.23333333333333,0.0,0.0,0.0,0.0,0.0,0.0,1.0,10.0,66.33333333333334,1.0,114.0,79.8
804,25,646,2598.916666666667,1.0,6.0,18.5,3.0,64.0,230.98333333333335,0.0,0.0,0.0,3.0,10.0,54.96666666666667,4.0,32.0,75.51666666666667,0.0,0.0,0.0,1.0,5.0,18.0,1.0,20.0,112.0,1.0,89.0,419.78333333333336,0.0,0.0,0.0,2.0,22.0,139.93333333333334,2.0,101.0,204.23333333333332,1.0,5.0,5.25,0.0,0.0,0.0,1.0,84.0,203.0,0.0,0.0,0.0,3.0,52.0,192.11666666666667,2.0,156.0,924.6333333333334
805,21,526,1375.6,4.0,11.0,33.516666666666666,2.0,16.0,23.0,1.0,126.0,474.59999999999997,3.0,12.0,57.08333333333333,0.0,0.0,0.0,0.0,0.0,0.0,1.0,4.0,6.0,1.0,17.0,73.38333333333333,0.0,0.0,0.0,0.0,0.0,0.0,1.0,5.0,23.916666666666664,1.0,111.0,236.79999999999998,0.0,0.0,0.0,3.0,50.0,96.25,1.0,87.0,278.40000000000003,1.0,6.0,22.099999999999998,1.0,19.0,40.21666666666667,1.0,62.0,10.333333333333332
806,19,482,1488.6,4.0,9.0,23.283333333333335,2.0,34.0,123.5,0.0,0.0,0.0,0.0,0.0,0.0,2.0,10.0,49.0,0.0,0.0,0.0,3.0,14.0,57.733333333333334,1.0,11.0,55.733333333333334,2.0,203.0,911.8666666666668,1.0,3.0,3.25,0.0,0.0,0.0,1.0,16.0,70.4,0.0,0.0,0.0,0.0,0.0,0.0,1.0,72.0,46.800000000000004,0.0,0.0,0.0,1.0,22.0,61.96666666666667,1.0,88.0,85.06666666666666
807,17,532,1924.1,2.0,9.0,33.68333333333334,2.0,29.0,172.25,0.0,0.0,0.0,3.0,12.0,50.849999999999994,1.0,15.0,33.75,1.0,117.0,528.45,0.0,0.0,0.0,1.0,19.0,61.75,0.0,0.0,0.0,0.0,0.0,0.0,1.0,11.0,6.050000000000001,2.0,91.0,489.7833333333333,1.0,4.0,2.933333333333333,0.0,0.0,0.0,0.0,0.0,0.0,0.0,0.0,0.0,0.0,0.0,0.0,3.0,225.0,544.6
808,17,481,1702.5833333333333,2.0,8.0,23.016666666666666,0.0,0.0,0.0,1.0,61.0,82.35000000000001,4.0,11.0,50.7,2.0,10.0,18.666666666666664,0.0,0.0,0.0,1.0,1.0,1.4333333333333333,0.0,0.0,0.0,0.0,0.0,0.0,0.0,0.0,0.0,1.0,6.0,16.200000000000003,1.0,88.0,403.3333333333333,0.0,0.0,0.0,0.0,0.0,0.0,3.0,213.0,754.1833333333334,0.0,0.0,0.0,1.0,10.0,19.333333333333332,1.0,73.0,333.3666666666667
809,13,259,847.3,2.0,9.0,25.566666666666663,0.0,0.0,0.0,0.0,0.0,0.0,2.0,3.0,16.633333333333333,0.0,0.0,0.0,0.0,0.0,0.0,2.0,9.0,37.03333333333333,3.0,45.0,163.66666666666666,0.0,0.0,0.0,0.0,0.0,0.0,1.0,10.0,34.0,0.0,0.0,0.0,0.0,0.0,0.0,0.0,0.0,0.0,2.0,158.0,477.9,0.0,0.0,0.0,0.0,0.0,0.0,1.0,25.0,92.5
810,23,591,1862.4833333333333,2.0,6.0,3.833333333333333,2.0,22.0,59.21666666666667,0.0,0.0,0.0,2.0,5.0,8.85,1.0,8.0,7.466666666666667,0.0,0.0,0.0,0.0,0.0,0.0,1.0,9.0,1.65,0.0,0.0,0.0,0.0,0.0,0.0,2.0,28.0,144.2,6.0,183.0,558.1833333333333,0.0,0.0,0.0,2.0,27.0,105.25,1.0,90.0,465.0,0.0,0.0,0.0,0.0,0.0,0.0,4.0,213.0,508.83333333333326
811,14,468,2380.8,1.0,2.0,5.466666666666667,1.0,18.0,77.69999999999999,0.0,0.0,0.0,0.0,0.0,0.0,0.0,0.0,0.0,0.0,0.0,0.0,2.0,10.0,28.833333333333332,0.0,0.0,0.0,1.0,101.0,621.1500000000001,0.0,0.0,0.0,3.0,38.0,179.86666666666667,3.0,163.0,861.4,1.0,1.0,1.85,0.0,0.0,0.0,1.0,116.0,496.8666666666667,0.0,0.0,0.0,1.0,19.0,107.66666666666667,0.0,0.0,0.0
812,27,676,1905.35,5.0,15.0,54.86666666666667,1.0,8.0,16.933333333333334,0.0,0.0,0.0,4.0,7.0,33.78333333333333,3.0,38.0,72.78333333333333,0.0,0.0,0.0,1.0,1.0,6.05,0.0,0.0,0.0,0.0,0.0,0.0,0.0,0.0,0.0,0.0,0.0,0.0,3.0,202.0,750.1333333333333,2.0,6.0,5.333333333333334,1.0,4.0,17.0,4.0,239.0,798.25,0.0,0.0,0.0,0.0,0.0,0.0,3.0,156.0,150.21666666666667
813,17,771,2847.9666666666667,1.0,2.0,11.7,1.0,16.0,4.8,1.0,34.0,181.33333333333331,1.0,5.0,22.666666666666664,1.0,16.0,60.0,1.0,101.0,388.85,2.0,14.0,68.48333333333333,1.0,8.0,42.13333333333333,0.0,0.0,0.0,0.0,0.0,0.0,1.0,22.0,111.83333333333333,1.0,96.0,228.8,0.0,0.0,0.0,0.0,0.0,0.0,1.0,49.0,195.18333333333334,0.0,0.0,0.0,1.0,7.0,42.35,4.0,401.0,1489.8333333333333
814,18,371,738.3833333333333,3.0,10.0,33.016666666666666,0.0,0.0,0.0,0.0,0.0,0.0,2.0,6.0,37.95,1.0,19.0,13.933333333333332,0.0,0.0,0.0,0.0,0.0,0.0,1.0,10.0,28.5,0.0,0.0,0.0,0.0,0.0,0.0,1.0,17.0,75.08333333333334,2.0,68.0,78.48333333333333,1.0,7.0,12.6,2.0,17.0,59.15,0.0,0.0,0.0,2.0,9.0,34.4,1.0,4.0,20.733333333333334,2.0,204.0,344.5333333333333
815,22,630,2642.866666666667,3.0,6.0,14.583333333333332,1.0,16.0,41.86666666666667,0.0,0.0,0.0,2.0,9.0,52.64999999999999,2.0,22.0,124.31666666666668,1.0,17.0,14.733333333333334,2.0,8.0,45.83333333333333,2.0,28.0,113.14999999999999,0.0,0.0,0.0,0.0,0.0,0.0,3.0,37.0,156.70000000000002,2.0,215.0,741.4666666666667,0.0,0.0,0.0,0.0,0.0,0.0,2.0,110.0,610.1666666666667,0.0,0.0,0.0,0.0,0.0,0.0,2.0,162.0,727.4
816,22,548,1371.1666666666665,3.0,15.0,75.6,3.0,27.0,47.2,1.0,71.0,94.66666666666666,1.0,3.0,19.150000000000002,2.0,14.0,63.0,1.0,102.0,649.4,5.0,26.0,101.01666666666665,0.0,0.0,0.0,0.0,0.0,0.0,0.0,0.0,0.0,0.0,0.0,0.0,1.0,40.0,25.333333333333332,0.0,0.0,0.0,1.0,16.0,59.733333333333334,2.0,91.0,119.69999999999999,0.0,0.0,0.0,1.0,20.0,5.666666666666666,1.0,123.0,110.7
817,20,404,1516.0333333333333,6.0,20.0,67.8,1.0,14.0,70.23333333333333,0.0,0.0,0.0,0.0,0.0,0.0,1.0,8.0,23.066666666666666,0.0,0.0,0.0,3.0,8.0,26.233333333333334,1.0,11.0,60.31666666666667,0.0,0.0,0.0,1.0,2.0,13.3,2.0,29.0,163.0,3.0,222.0,859.5666666666667,0.0,0.0,0.0,0.0,0.0,0.0,2.0,90.0,232.51666666666668,0.0,0.0,0.0,0.0,0.0,0.0,0.0,0.0,0.0
818,24,706,1957.8,5.0,26.0,110.53333333333333,1.0,20.0,66.33333333333334,0.0,0.0,0.0,3.0,20.0,91.9,4.0,46.0,172.43333333333334,1.0,107.0,30.316666666666666,2.0,8.0,6.2,1.0,20.0,126.33333333333333,0.0,0.0,0.0,0.0,0.0,0.0,0.0,0.0,0.0,4.0,278.0,1104.4166666666667,0.0,0.0,0.0,0.0,0.0,0.0,0.0,0.0,0.0,0.0,0.0,0.0,1.0,10.0,29.333333333333332,2.0,171.0,220.0
819,28,1143,3328.7166666666667,1.0,1.0,1.1833333333333333,2.0,29.0,72.51666666666667,1.0,46.0,278.3,5.0,21.0,77.65,1.0,8.0,40.666666666666664,1.0,112.0,599.1999999999999,3.0,16.0,49.050000000000004,2.0,19.0,38.25,1.0,79.0,68.46666666666667,0.0,0.0,0.0,0.0,0.0,0.0,5.0,412.0,1241.75,0.0,0.0,0.0,1.0,23.0,65.16666666666667,3.0,260.0,652.4000000000001,0.0,0.0,0.0,1.0,7.0,30.449999999999996,1.0,110.0,113.66666666666667
820,16,629,1537.6833333333334,2.0,10.0,30.466666666666665,1.0,20.0,40.0,0.0,0.0,0.0,1.0,6.0,5.4,1.0,14.0,55.300000000000004,1.0,18.0,30.0,0.0,0.0,0.0,1.0,16.0,17.066666666666666,0.0,0.0,0.0,0.0,0.0,0.0,0.0,0.0,0.0,1.0,82.0,97.03333333333333,0.0,0.0,0.0,1.0,13.0,18.416666666666668,3.0,310.0,867.7666666666667,1.0,4.0,3.2666666666666666,1.0,18.0,11.700000000000001,2.0,118.0,361.26666666666665
821,13,434,1357.8833333333332,2.0,10.0,12.633333333333333,1.0,11.0,44.55,0.0,0.0,0.0,1.0,7.0,18.316666666666666,2.0,23.0,106.41666666666667,0.0,0.0,0.0,0.0,0.0,0.0,1.0,13.0,54.81666666666667,0.0,0.0,0.0,0.0,0.0,0.0,0.0,0.0,0.0,1.0,100.0,171.66666666666666,0.0,0.0,0.0,2.0,25.0,104.93333333333334,2.0,158.0,786.55,0.0,0.0,0.0,0.0,0.0,0.0,1.0,87.0,58.0
822,24,711,2272.35,1.0,5.0,17.083333333333332,1.0,23.0,79.35000000000001,0.0,0.0,0.0,2.0,9.0,39.949999999999996,1.0,11.0,72.05,2.0,123.0,510.56666666666666,2.0,9.0,34.3,3.0,42.0,62.33333333333333,1.0,53.0,219.0666666666667,0.0,0.0,0.0,2.0,20.0,116.19999999999999,2.0,171.0,158.81666666666666,0.0,0.0,0.0,2.0,21.0,57.866666666666674,2.0,97.0,626.8166666666666,0.0,0.0,0.0,1.0,10.0,43.666666666666664,2.0,117.0,234.2833333333333
823,21,547,1711.4499999999998,2.0,4.0,20.933333333333334,2.0,19.0,53.583333333333336,0.0,0.0,0.0,3.0,13.0,44.26666666666667,2.0,32.0,86.13333333333333,0.0,0.0,0.0,2.0,10.0,42.93333333333334,0.0,0.0,0.0,1.0,69.0,63.25,0.0,0.0,0.0,0.0,0.0,0.0,2.0,75.0,273.65,2.0,9.0,25.4,0.0,0.0,0.0,2.0,169.0,691.1666666666666,0.0,0.0,0.0,0.0,0.0,0.0,3.0,147.0,410.1333333333333
824,23,666,2337.4833333333336,4.0,18.0,55.06666666666666,1.0,16.0,64.0,1.0,115.0,118.83333333333334,2.0,8.0,22.9,0.0,0.0,0.0,0.0,0.0,0.0,3.0,3.0,8.416666666666666,1.0,15.0,54.25,0.0,0.0,0.0,0.0,0.0,0.0,2.0,32.0,138.81666666666666,2.0,79.0,221.4666666666667,0.0,0.0,0.0,2.0,19.0,76.93333333333334,2.0,144.0,332.09999999999997,0.0,0.0,0.0,1.0,8.0,30.0,2.0,209.0,1214.7
825,13,255,938.1,0.0,0.0,0.0,1.0,10.0,16.5,0.0,0.0,0.0,2.0,5.0,29.650000000000002,0.0,0.0,0.0,0.0,0.0,0.0,2.0,9.0,13.0,1.0,15.0,46.0,0.0,0.0,0.0,0.0,0.0,0.0,1.0,9.0,57.15,2.0,71.0,341.76666666666665,0.0,0.0,0.0,1.0,9.0,22.799999999999997,1.0,119.0,364.93333333333334,2.0,8.0,46.3,0.0,0.0,0.0,0.0,0.0,0.0
826,19,663,1553.4,0.0,0.0,0.0,0.0,0.0,0.0,1.0,51.0,187.85,5.0,19.0,34.06666666666667,3.0,24.0,108.16666666666666,1.0,80.0,88.0,1.0,6.0,22.3,0.0,0.0,0.0,1.0,18.0,10.799999999999999,1.0,1.0,4.633333333333334,0.0,0.0,0.0,1.0,45.0,260.25,0.0,0.0,0.0,0.0,0.0,0.0,1.0,61.0,400.56666666666666,0.0,0.0,0.0,0.0,0.0,0.0,4.0,358.0,436.76666666666665
827,24,534,1864.6,3.0,12.0,47.199999999999996,2.0,31.0,158.43333333333334,1.0,95.0,508.24999999999994,4.0,24.0,101.41666666666666,2.0,26.0,158.4,1.0,94.0,56.4,4.0,9.0,33.650000000000006,1.0,11.0,44.0,0.0,0.0,0.0,1.0,4.0,22.933333333333334,0.0,0.0,0.0,0.0,0.0,0.0,0.0,0.0,0.0,0.0,0.0,0.0,3.0,184.0,486.2833333333333,0.0,0.0,0.0,1.0,14.0,54.13333333333333,1.0,30.0,193.5
828,24,424,1733.7666666666667,5.0,26.0,70.25,1.0,18.0,89.4,1.0,24.0,96.8,3.0,17.0,61.53333333333333,1.0,19.0,7.283333333333334,0.0,0.0,0.0,1.0,7.0,38.38333333333333,3.0,26.0,55.2,0.0,0.0,0.0,0.0,0.0,0.0,1.0,6.0,26.300000000000004,2.0,203.0,952.5166666666667,0.0,0.0,0.0,1.0,16.0,100.26666666666667,1.0,24.0,94.39999999999999,1.0,5.0,19.5,3.0,33.0,121.93333333333334,0.0,0.0,0.0
829,14,586,1993.8833333333332,2.0,8.0,30.71666666666667,0.0,0.0,0.0,0.0,0.0,0.0,1.0,5.0,29.833333333333336,1.0,21.0,110.6,1.0,55.0,242.00000000000003,2.0,5.0,24.383333333333333,1.0,13.0,45.71666666666667,2.0,164.0,309.0,0.0,0.0,0.0,0.0,0.0,0.0,3.0,306.0,1179.1333333333332,0.0,0.0,0.0,1.0,9.0,22.5,0.0,0.0,0.0,0.0,0.0,0.0,0.0,0.0,0.0,0.0,0.0,0.0
830,27,840,3209.2,3.0,11.0,39.28333333333333,3.0,53.0,247.58333333333331,1.0,25.0,162.08333333333334,3.0,12.0,45.13333333333333,2.0,29.0,93.23333333333333,0.0,0.0,0.0,0.0,0.0,0.0,3.0,51.0,212.3,0.0,0.0,0.0,0.0,0.0,0.0,1.0,9.0,9.75,1.0,40.0,49.333333333333336,1.0,7.0,2.5666666666666664,2.0,36.0,74.7,5.0,451.0,1989.3,0.0,0.0,0.0,0.0,0.0,0.0,2.0,116.0,283.9333333333334
831,22,646,2603.55,4.0,10.0,43.83333333333333,2.0,33.0,136.9,0.0,0.0,0.0,0.0,0.0,0.0,3.0,40.0,113.98333333333333,0.0,0.0,0.0,1.0,7.0,43.516666666666666,1.0,21.0,73.85,2.0,155.0,359.08333333333337,0.0,0.0,0.0,2.0,29.0,149.53333333333333,1.0,38.0,155.79999999999998,1.0,2.0,9.166666666666666,0.0,0.0,0.0,3.0,251.0,1263.6166666666668,0.0,0.0,0.0,1.0,16.0,62.13333333333333,1.0,44.0,192.13333333333333
832,18,596,2346.2833333333338,2.0,13.0,33.733333333333334,0.0,0.0,0.0,0.0,0.0,0.0,0.0,0.0,0.0,3.0,43.0,229.46666666666667,0.0,0.0,0.0,3.0,13.0,59.83333333333333,2.0,29.0,147.25,0.0,0.0,0.0,0.0,0.0,0.0,1.0,10.0,31.833333333333332,4.0,307.0,1566.7666666666669,0.0,0.0,0.0,0.0,0.0,0.0,2.0,95.0,114.0,0.0,0.0,0.0,0.0,0.0,0.0,1.0,86.0,163.4
833,16,424,1147.1166666666668,2.0,12.0,36.78333333333333,0.0,0.0,0.0,0.0,0.0,0.0,2.0,6.0,7.85,0.0,0.0,0.0,1.0,17.0,55.81666666666666,2.0,3.0,7.816666666666666,2.0,46.0,83.94999999999999,0.0,0.0,0.0,0.0,0.0,0.0,0.0,0.0,0.0,1.0,48.0,211.20000000000002,0.0,0.0,0.0,1.0,21.0,22.75,2.0,83.0,161.06666666666666,0.0,0.0,0.0,0.0,0.0,0.0,3.0,188.0,559.8833333333333
834,19,464,1614.5666666666666,1.0,1.0,2.7666666666666666,2.0,42.0,105.71666666666667,0.0,0.0,0.0,2.0,8.0,13.916666666666668,2.0,12.0,35.2,0.0,0.0,0.0,0.0,0.0,0.0,1.0,6.0,39.900000000000006,0.0,0.0,0.0,0.0,0.0,0.0,0.0,0.0,0.0,4.0,168.0,817.5333333333334,2.0,8.0,46.9,1.0,11.0,33.0,0.0,0.0,0.0,0.0,0.0,0.0,2.0,29.0,111.86666666666667,2.0,179.0,407.76666666666665
835,21,501,898.6833333333334,3.0,10.0,35.233333333333334,4.0,56.0,158.31666666666666,0.0,0.0,0.0,2.0,14.0,50.28333333333333,1.0,22.0,14.3,0.0,0.0,0.0,1.0,1.0,0.16666666666666666,2.0,18.0,39.53333333333333,0.0,0.0,0.0,0.0,0.0,0.0,1.0,15.0,69.0,0.0,0.0,0.0,2.0,6.0,29.8,1.0,15.0,49.75,1.0,118.0,60.966666666666676,0.0,0.0,0.0,0.0,0.0,0.0,3.0,226.0,391.33333333333337
836,21,807,2350.633333333333,2.0,5.0,11.85,1.0,22.0,122.1,0.0,0.0,0.0,2.0,10.0,20.183333333333334,0.0,0.0,0.0,0.0,0.0,0.0,2.0,3.0,18.766666666666666,0.0,0.0,0.0,0.0,0.0,0.0,0.0,0.0,0.0,1.0,16.0,98.13333333333334,6.0,439.0,1159.3833333333334,0.0,0.0,0.0,1.0,16.0,22.666666666666668,3.0,165.0,310.6166666666667,0.0,0.0,0.0,0.0,0.0,0.0,3.0,131.0,586.9333333333333
837,23,569,2516.0166666666664,3.0,10.0,17.183333333333334,0.0,0.0,0.0,1.0,114.0,651.7,3.0,14.0,47.733333333333334,1.0,4.0,11.133333333333333,0.0,0.0,0.0,3.0,15.0,53.199999999999996,2.0,20.0,70.49999999999999,0.0,0.0,0.0,0.0,0.0,0.0,2.0,24.0,81.94999999999999,0.0,0.0,0.0,0.0,0.0,0.0,0.0,0.0,0.0,2.0,169.0,597.8499999999999,2.0,8.0,24.8,2.0,43.0,186.13333333333333,2.0,148.0,773.8333333333333
838,21,766,2040.1499999999999,2.0,6.0,18.049999999999997,2.0,26.0,81.03333333333333,0.0,0.0,0.0,1.0,2.0,8.066666666666666,2.0,18.0,31.133333333333333,0.0,0.0,0.0,1.0,5.0,2.25,1.0,22.0,12.833333333333334,1.0,74.0,181.3,0.0,0.0,0.0,0.0,0.0,0.0,4.0,272.0,553.75,1.0,3.0,15.65,1.0,9.0,33.15,1.0,111.0,159.1,0.0,0.0,0.0,2.0,29.0,85.58333333333333,2.0,189.0,858.2499999999999
839,23,618,2523.3166666666666,1.0,7.0,22.75,1.0,9.0,31.200000000000003,0.0,0.0,0.0,3.0,10.0,25.416666666666668,1.0,6.0,9.899999999999999,1.0,35.0,79.33333333333333,3.0,13.0,32.06666666666667,1.0,23.0,46.38333333333333,0.0,0.0,0.0,0.0,0.0,0.0,1.0,20.0,109.0,4.0,283.0,1097.6666666666667,0.0,0.0,0.0,4.0,54.0,247.03333333333333,2.0,157.0,818.0666666666666,1.0,1.0,4.5,0.0,0.0,0.0,0.0,0.0,0.0
840,14,314,910.6833333333334,1.0,2.0,1.0666666666666667,2.0,30.0,74.4,0.0,0.0,0.0,1.0,1.0,6.65,0.0,0.0,0.0,0.0,0.0,0.0,1.0,5.0,5.75,2.0,30.0,159.2,1.0,48.0,68.8,0.0,0.0,0.0,3.0,47.0,157.58333333333334,0.0,0.0,0.0,0.0,0.0,0.0,1.0,19.0,85.5,1.0,100.0,140.0,0.0,0.0,0.0,0.0,0.0,0.0,1.0,32.0,211.73333333333332
841,17,658,2961.483333333333,2.0,4.0,6.050000000000001,5.0,44.0,87.51666666666665,1.0,121.0,754.2333333333333,0.0,0.0,0.0,1.0,9.0,31.05,0.0,0.0,0.0,2.0,4.0,10.066666666666666,0.0,0.0,0.0,0.0,0.0,0.0,0.0,0.0,0.0,0.0,0.0,0.0,1.0,109.0,523.1999999999999,0.0,0.0,0.0,0.0,0.0,0.0,2.0,137.0,628.7,0.0,0.0,0.0,0.0,0.0,0.0,3.0,230.0,920.6666666666667
842,23,570,1652.0,6.0,31.0,101.61666666666666,4.0,77.0,211.93333333333334,1.0,122.0,168.76666666666665,2.0,9.0,25.316666666666666,1.0,12.0,50.8,0.0,0.0,0.0,1.0,6.0,11.399999999999999,0.0,0.0,0.0,0.0,0.0,0.0,0.0,0.0,0.0,1.0,14.0,24.733333333333334,2.0,134.0,773.7,0.0,0.0,0.0,2.0,31.0,83.25,1.0,105.0,82.25,0.0,0.0,0.0,2.0,29.0,118.23333333333333,0.0,0.0,0.0
843,24,845,4210.766666666666,4.0,10.0,55.583333333333336,2.0,39.0,222.66666666666666,1.0,71.0,364.4666666666667,3.0,12.0,68.0,2.0,22.0,89.66666666666666,0.0,0.0,0.0,1.0,7.0,16.333333333333336,2.0,31.0,152.0333333333333,0.0,0.0,0.0,0.0,0.0,0.0,0.0,0.0,0.0,1.0,97.0,476.9166666666667,0.0,0.0,0.0,1.0,6.0,28.1,1.0,114.0,351.5,1.0,5.0,9.083333333333334,0.0,0.0,0.0,5.0,431.0,2376.4166666666665
844,23,721,2381.7666666666664,2.0,8.0,30.583333333333336,2.0,28.0,71.43333333333334,2.0,157.0,303.26666666666665,2.0,6.0,9.016666666666667,3.0,48.0,180.8,0.0,0.0,0.0,1.0,6.0,31.5,0.0,0.0,0.0,0.0,0.0,0.0,1.0,1.0,0.7666666666666667,2.0,24.0,80.4,3.0,218.0,1066.4166666666667,1.0,5.0,3.416666666666667,1.0,8.0,46.93333333333333,1.0,82.0,161.26666666666665,0.0,0.0,0.0,0.0,0.0,0.0,2.0,130.0,395.9666666666667
845,11,175,692.1833333333333,1.0,7.0,7.3500000000000005,1.0,5.0,9.75,0.0,0.0,0.0,1.0,6.0,29.300000000000004,1.0,12.0,28.4,0.0,0.0,0.0,1.0,7.0,17.383333333333333,1.0,10.0,32.5,0.0,0.0,0.0,0.0,0.0,0.0,2.0,10.0,55.400000000000006,0.0,0.0,0.0,0.0,0.0,0.0,0.0,0.0,0.0,1.0,27.0,30.150000000000002,0.0,0.0,0.0,1.0,12.0,19.799999999999997,1.0,79.0,462.15
846,17,417,1207.6666666666667,5.0,18.0,40.516666666666666,1.0,17.0,76.21666666666667,0.0,0.0,0.0,2.0,7.0,20.983333333333334,1.0,9.0,59.099999999999994,0.0,0.0,0.0,1.0,7.0,33.25,0.0,0.0,0.0,1.0,101.0,33.666666666666664,0.0,0.0,0.0,0.0,0.0,0.0,0.0,0.0,0.0,0.0,0.0,0.0,1.0,22.0,66.36666666666666,1.0,82.0,105.23333333333335,0.0,0.0,0.0,2.0,11.0,32.85,2.0,143.0,739.4833333333333
847,17,689,1685.5666666666666,2.0,8.0,25.71666666666667,0.0,0.0,0.0,2.0,134.0,148.86666666666667,1.0,4.0,21.133333333333333,0.0,0.0,0.0,0.0,0.0,0.0,2.0,6.0,14.25,1.0,10.0,52.0,2.0,107.0,193.95,0.0,0.0,0.0,0.0,0.0,0.0,3.0,232.0,774.7333333333333,0.0,0.0,0.0,0.0,0.0,0.0,2.0,168.0,430.6,1.0,1.0,5.95,1.0,19.0,18.366666666666667,0.0,0.0,0.0
848,23,640,3020.9666666666667,4.0,14.0,33.13333333333333,0.0,0.0,0.0,1.0,100.0,648.3333333333334,3.0,12.0,27.81666666666667,2.0,27.0,144.0,0.0,0.0,0.0,1.0,4.0,12.866666666666667,1.0,15.0,25.75,0.0,0.0,0.0,0.0,0.0,0.0,2.0,28.0,78.63333333333334,2.0,88.0,331.93333333333334,0.0,0.0,0.0,0.0,0.0,0.0,3.0,114.0,527.0,0.0,0.0,0.0,1.0,12.0,65.8,3.0,226.0,1125.6999999999998
849,18,644,2697.7833333333333,3.0,11.0,31.916666666666664,1.0,15.0,52.5,0.0,0.0,0.0,1.0,5.0,2.6666666666666665,0.0,0.0,0.0,0.0,0.0,0.0,2.0,13.0,36.68333333333334,0.0,0.0,0.0,1.0,99.0,473.55,0.0,0.0,0.0,3.0,43.0,92.35000000000001,3.0,223.0,1305.0666666666666,0.0,0.0,0.0,0.0,0.0,0.0,1.0,23.0,38.333333333333336,0.0,0.0,0.0,0.0,0.0,0.0,3.0,212.0,664.7166666666667
850,24,651,1581.8833333333334,1.0,6.0,5.4,5.0,49.0,205.79999999999998,0.0,0.0,0.0,1.0,7.0,33.71666666666667,1.0,5.0,31.75,0.0,0.0,0.0,2.0,8.0,18.133333333333333,2.0,27.0,120.9,0.0,0.0,0.0,0.0,0.0,0.0,2.0,21.0,100.5,2.0,191.0,289.6166666666667,0.0,0.0,0.0,2.0,29.0,46.78333333333334,2.0,58.0,151.16666666666666,0.0,0.0,0.0,1.0,12.0,29.6,3.0,238.0,548.5166666666667
851,24,477,2060.8,6.0,25.0,60.4,1.0,10.0,52.333333333333336,0.0,0.0,0.0,1.0,4.0,16.866666666666667,1.0,10.0,42.333333333333336,0.0,0.0,0.0,2.0,14.0,57.39999999999999,1.0,6.0,3.1000000000000005,0.0,0.0,0.0,0.0,0.0,0.0,1.0,7.0,1.5166666666666666,2.0,123.0,589.45,2.0,5.0,22.266666666666666,0.0,0.0,0.0,2.0,141.0,708.9166666666667,1.0,3.0,19.7,1.0,19.0,43.06666666666666,3.0,110.0,443.45
852,16,529,1886.8833333333334,1.0,7.0,3.5,2.0,44.0,79.56666666666666,0.0,0.0,0.0,1.0,5.0,4.166666666666667,1.0,20.0,128.66666666666669,0.0,0.0,0.0,1.0,4.0,1.9333333333333333,4.0,33.0,132.2,0.0,0.0,0.0,0.0,0.0,0.0,0.0,0.0,0.0,2.0,225.0,716.85,0.0,0.0,0.0,1.0,14.0,22.166666666666664,2.0,161.0,692.2333333333333,0.0,0.0,0.0,1.0,16.0,105.6,0.0,0.0,0.0
853,23,561,2028.1666666666667,0.0,0.0,0.0,2.0,27.0,82.26666666666667,1.0,79.0,109.28333333333333,5.0,14.0,21.0,1.0,22.0,96.43333333333334,0.0,0.0,0.0,3.0,18.0,86.94999999999999,0.0,0.0,0.0,0.0,0.0,0.0,0.0,0.0,0.0,2.0,36.0,59.8,4.0,209.0,1097.1333333333332,2.0,8.0,36.46666666666667,0.0,0.0,0.0,1.0,119.0,358.98333333333335,0.0,0.0,0.0,1.0,4.0,18.6,1.0,25.0,61.25000000000001
854,20,455,1256.55,2.0,8.0,25.46666666666667,2.0,24.0,137.46666666666667,0.0,0.0,0.0,2.0,7.0,27.78333333333333,3.0,38.0,146.88333333333333,1.0,74.0,20.966666666666665,3.0,14.0,49.983333333333334,0.0,0.0,0.0,0.0,0.0,0.0,0.0,0.0,0.0,0.0,0.0,0.0,1.0,109.0,45.41666666666667,0.0,0.0,0.0,2.0,19.0,56.96666666666667,1.0,90.0,454.5,1.0,3.0,10.9,1.0,23.0,84.71666666666667,1.0,46.0,195.5
855,14,502,1501.05,1.0,2.0,3.433333333333333,0.0,0.0,0.0,0.0,0.0,0.0,0.0,0.0,0.0,0.0,0.0,0.0,0.0,0.0,0.0,1.0,3.0,5.2,1.0,12.0,27.2,0.0,0.0,0.0,0.0,0.0,0.0,1.0,21.0,71.05,3.0,130.0,298.95,0.0,0.0,0.0,1.0,16.0,5.333333333333333,1.0,36.0,51.6,0.0,0.0,0.0,2.0,30.0,103.5,3.0,252.0,934.7833333333334
856,21,808,3347.7166666666667,1.0,7.0,44.21666666666667,0.0,0.0,0.0,1.0,43.0,202.1,3.0,9.0,21.683333333333334,0.0,0.0,0.0,1.0,119.0,575.1666666666666,4.0,24.0,105.2,0.0,0.0,0.0,0.0,0.0,0.0,1.0,2.0,12.8,3.0,45.0,156.38333333333333,2.0,117.0,279.45,0.0,0.0,0.0,0.0,0.0,0.0,1.0,53.0,166.06666666666666,0.0,0.0,0.0,0.0,0.0,0.0,4.0,389.0,1784.65
857,15,316,1405.8833333333334,4.0,19.0,68.3,0.0,0.0,0.0,1.0,57.0,222.29999999999998,1.0,6.0,13.4,1.0,21.0,130.9,1.0,89.0,442.03333333333336,1.0,7.0,28.233333333333334,0.0,0.0,0.0,0.0,0.0,0.0,0.0,0.0,0.0,2.0,24.0,64.2,0.0,0.0,0.0,0.0,0.0,0.0,1.0,17.0,69.41666666666666,1.0,51.0,263.5,0.0,0.0,0.0,2.0,25.0,103.6,0.0,0.0,0.0
858,26,525,1766.1499999999999,3.0,13.0,67.73333333333333,1.0,22.0,93.86666666666666,0.0,0.0,0.0,3.0,15.0,28.933333333333334,0.0,0.0,0.0,1.0,40.0,244.0,2.0,13.0,59.86666666666667,3.0,29.0,71.73333333333333,0.0,0.0,0.0,2.0,9.0,52.36666666666667,3.0,27.0,87.1,1.0,100.0,263.3333333333333,0.0,0.0,0.0,2.0,31.0,34.61666666666667,2.0,142.0,245.8,1.0,2.0,12.233333333333333,1.0,6.0,1.7,1.0,76.0,502.8666666666666
859,27,876,3310.5,4.0,22.0,61.16666666666667,0.0,0.0,0.0,0.0,0.0,0.0,3.0,10.0,40.65,0.0,0.0,0.0,1.0,20.0,30.666666666666668,0.0,0.0,0.0,1.0,19.0,70.93333333333334,1.0,47.0,47.0,1.0,6.0,21.1,2.0,22.0,119.06666666666666,2.0,117.0,313.29999999999995,0.0,0.0,0.0,2.0,32.0,107.86666666666666,6.0,420.0,1785.6333333333332,0.0,0.0,0.0,3.0,54.0,213.78333333333336,1.0,107.0,499.33333333333337
860,17,441,1014.9833333333333,3.0,13.0,14.9,2.0,25.0,104.83333333333334,0.0,0.0,0.0,2.0,6.0,18.75,2.0,24.0,74.13333333333333,0.0,0.0,0.0,0.0,0.0,0.0,1.0,13.0,49.4,0.0,0.0,0.0,0.0,0.0,0.0,1.0,7.0,9.799999999999999,2.0,204.0,450.26666666666665,0.0,0.0,0.0,0.0,0.0,0.0,0.0,0.0,0.0,0.0,0.0,0.0,1.0,4.0,5.933333333333334,3.0,145.0,286.9666666666667
861,27,1172,5251.9,2.0,4.0,9.766666666666666,2.0,25.0,60.0,0.0,0.0,0.0,2.0,9.0,5.466666666666667,2.0,34.0,147.13333333333333,0.0,0.0,0.0,1.0,2.0,2.6,2.0,24.0,109.95,0.0,0.0,0.0,0.0,0.0,0.0,0.0,0.0,0.0,4.0,332.0,1486.0666666666666,0.0,0.0,0.0,0.0,0.0,0.0,3.0,244.0,897.4833333333333,0.0,0.0,0.0,3.0,48.0,219.45,6.0,450.0,2313.9833333333336
862,19,892,3787.5666666666666,1.0,7.0,38.5,1.0,16.0,27.733333333333334,0.0,0.0,0.0,1.0,1.0,3.816666666666667,0.0,0.0,0.0,0.0,0.0,0.0,1.0,6.0,17.2,2.0,15.0,63.05,0.0,0.0,0.0,0.0,0.0,0.0,3.0,46.0,177.36666666666667,7.0,598.0,2571.6833333333334,1.0,6.0,32.300000000000004,0.0,0.0,0.0,1.0,97.0,509.25,0.0,0.0,0.0,0.0,0.0,0.0,1.0,100.0,346.6666666666667
863,23,530,1505.6,3.0,17.0,38.05,1.0,19.0,45.916666666666664,0.0,0.0,0.0,5.0,24.0,96.31666666666666,1.0,23.0,127.64999999999999,1.0,60.0,287.0,0.0,0.0,0.0,3.0,25.0,98.6,0.0,0.0,0.0,0.0,0.0,0.0,1.0,4.0,19.4,2.0,243.0,350.75,0.0,0.0,0.0,1.0,13.0,43.550000000000004,1.0,30.0,62.50000000000001,1.0,1.0,0.5333333333333333,1.0,14.0,78.63333333333333,2.0,57.0,256.7
864,18,177,767.1833333333334,1.0,5.0,18.166666666666668,4.0,54.0,177.86666666666667,0.0,0.0,0.0,5.0,19.0,47.96666666666667,1.0,15.0,99.0,0.0,0.0,0.0,4.0,9.0,37.13333333333333,0.0,0.0,0.0,0.0,0.0,0.0,0.0,0.0,0.0,1.0,12.0,69.6,0.0,0.0,0.0,0.0,0.0,0.0,0.0,0.0,0.0,2.0,63.0,317.45,0.0,0.0,0.0,0.0,0.0,0.0,0.0,0.0,0.0
865,23,511,1701.0166666666669,3.0,9.0,39.4,2.0,22.0,134.73333333333335,0.0,0.0,0.0,3.0,17.0,32.81666666666667,0.0,0.0,0.0,0.0,0.0,0.0,2.0,8.0,13.433333333333334,1.0,5.0,29.833333333333336,0.0,0.0,0.0,1.0,1.0,2.6333333333333333,2.0,22.0,47.33333333333333,4.0,256.0,911.7,1.0,2.0,3.6,1.0,21.0,82.25,1.0,77.0,118.06666666666668,1.0,1.0,2.8833333333333333,0.0,0.0,0.0,1.0,70.0,282.3333333333333
866,15,243,1075.4166666666667,2.0,5.0,13.133333333333333,0.0,0.0,0.0,0.0,0.0,0.0,5.0,18.0,71.48333333333333,1.0,13.0,29.033333333333335,0.0,0.0,0.0,2.0,5.0,17.05,0.0,0.0,0.0,0.0,0.0,0.0,0.0,0.0,0.0,1.0,12.0,31.0,0.0,0.0,0.0,0.0,0.0,0.0,0.0,0.0,0.0,1.0,32.0,192.0,0.0,0.0,0.0,1.0,10.0,38.5,2.0,148.0,683.2166666666667
867,22,682,1589.5666666666666,4.0,8.0,36.766666666666666,4.0,68.0,184.75,1.0,107.0,176.54999999999998,2.0,7.0,32.81666666666666,2.0,27.0,120.6,0.0,0.0,0.0,0.0,0.0,0.0,1.0,18.0,12.3,1.0,58.0,13.533333333333333,0.0,0.0,0.0,2.0,27.0,105.7,2.0,176.0,180.05,0.0,0.0,0.0,0.0,0.0,0.0,2.0,146.0,471.1666666666667,0.0,0.0,0.0,0.0,0.0,0.0,1.0,40.0,255.33333333333334
868,22,800,2752.4333333333334,4.0,20.0,76.56666666666666,0.0,0.0,0.0,0.0,0.0,0.0,2.0,8.0,40.1,1.0,19.0,6.966666666666666,0.0,0.0,0.0,2.0,11.0,58.5,0.0,0.0,0.0,0.0,0.0,0.0,0.0,0.0,0.0,3.0,36.0,107.06666666666666,4.0,332.0,1401.75,0.0,0.0,0.0,0.0,0.0,0.0,4.0,309.0,918.3833333333333,0.0,0.0,0.0,1.0,23.0,92.0,1.0,42.0,51.099999999999994
869,20,852,3738.25,1.0,7.0,42.46666666666667,3.0,36.0,95.1,0.0,0.0,0.0,1.0,4.0,13.866666666666667,1.0,14.0,21.0,0.0,0.0,0.0,2.0,8.0,35.56666666666667,3.0,45.0,94.18333333333334,0.0,0.0,0.0,0.0,0.0,0.0,1.0,6.0,13.3,3.0,328.0,1632.7666666666669,0.0,0.0,0.0,0.0,0.0,0.0,3.0,238.0,1200.3000000000002,0.0,0.0,0.0,0.0,0.0,0.0,2.0,166.0,589.6999999999999
870,22,825,2832.233333333333,1.0,4.0,25.0,3.0,37.0,110.5,0.0,0.0,0.0,1.0,2.0,7.633333333333334,0.0,0.0,0.0,1.0,31.0,60.96666666666666,0.0,0.0,0.0,1.0,12.0,62.6,0.0,0.0,0.0,1.0,2.0,7.133333333333334,2.0,26.0,103.86666666666667,7.0,549.0,1693.8833333333332,1.0,6.0,39.800000000000004,0.0,0.0,0.0,1.0,60.0,327.0,0.0,0.0,0.0,1.0,22.0,14.3,2.0,74.0,379.54999999999995
871,16,688,2070.7166666666667,0.0,0.0,0.0,2.0,36.0,150.8,0.0,0.0,0.0,1.0,7.0,2.1,2.0,38.0,198.34999999999997,0.0,0.0,0.0,0.0,0.0,0.0,2.0,27.0,95.75,0.0,0.0,0.0,0.0,0.0,0.0,0.0,0.0,0.0,3.0,258.0,835.6833333333333,0.0,0.0,0.0,1.0,12.0,43.8,1.0,24.0,41.6,0.0,0.0,0.0,1.0,11.0,1.8333333333333333,3.0,275.0,700.8
872,17,555,1930.9166666666665,1.0,3.0,15.05,1.0,23.0,37.18333333333334,0.0,0.0,0.0,2.0,8.0,22.849999999999998,2.0,28.0,55.53333333333333,1.0,83.0,44.266666666666666,1.0,7.0,14.349999999999998,0.0,0.0,0.0,1.0,41.0,186.54999999999998,0.0,0.0,0.0,0.0,0.0,0.0,2.0,152.0,814.6,0.0,0.0,0.0,1.0,19.0,90.88333333333333,1.0,89.0,396.05,0.0,0.0,0.0,3.0,51.0,82.75,1.0,51.0,170.85
873,22,662,1980.9166666666665,2.0,7.0,10.116666666666667,3.0,31.0,73.0,0.0,0.0,0.0,1.0,6.0,23.1,1.0,20.0,54.66666666666667,0.0,0.0,0.0,2.0,8.0,38.06666666666666,2.0,30.0,149.8,0.0,0.0,0.0,0.0,0.0,0.0,0.0,0.0,0.0,1.0,83.0,338.91666666666663,1.0,3.0,12.95,4.0,46.0,181.38333333333333,2.0,116.0,244.36666666666667,0.0,0.0,0.0,0.0,0.0,0.0,3.0,312.0,854.55
874,16,331,1283.35,1.0,5.0,21.083333333333336,1.0,21.0,79.45,1.0,43.0,167.7,1.0,2.0,13.1,1.0,22.0,78.1,1.0,38.0,59.53333333333333,2.0,10.0,31.599999999999998,1.0,6.0,30.0,0.0,0.0,0.0,0.0,0.0,0.0,2.0,35.0,229.48333333333335,0.0,0.0,0.0,0.0,0.0,0.0,1.0,14.0,42.93333333333334,1.0,48.0,251.2,0.0,0.0,0.0,2.0,29.0,45.233333333333334,1.0,58.0,233.93333333333334
875,19,388,1204.1,3.0,16.0,65.65,1.0,23.0,46.38333333333333,0.0,0.0,0.0,0.0,0.0,0.0,0.0,0.0,0.0,0.0,0.0,0.0,5.0,19.0,77.86666666666666,3.0,34.0,47.16666666666667,0.0,0.0,0.0,1.0,7.0,18.433333333333334,1.0,8.0,39.733333333333334,1.0,42.0,30.799999999999997,0.0,0.0,0.0,0.0,0.0,0.0,0.0,0.0,0.0,1.0,1.0,4.433333333333334,0.0,0.0,0.0,3.0,238.0,873.6333333333333
876,19,389,1103.0166666666667,2.0,7.0,26.849999999999998,2.0,14.0,24.5,0.0,0.0,0.0,3.0,11.0,58.466666666666676,2.0,36.0,156.95,0.0,0.0,0.0,0.0,0.0,0.0,2.0,40.0,103.66666666666667,0.0,0.0,0.0,0.0,0.0,0.0,1.0,8.0,27.2,4.0,170.0,403.1166666666667,0.0,0.0,0.0,0.0,0.0,0.0,1.0,26.0,80.60000000000001,0.0,0.0,0.0,1.0,7.0,26.833333333333336,1.0,70.0,194.83333333333331
877,19,908,2808.4166666666665,1.0,6.0,23.1,0.0,0.0,0.0,1.0,124.0,595.1999999999999,2.0,10.0,46.93333333333333,1.0,7.0,36.75,0.0,0.0,0.0,1.0,7.0,8.283333333333333,0.0,0.0,0.0,0.0,0.0,0.0,0.0,0.0,0.0,1.0,11.0,7.333333333333333,3.0,271.0,772.3666666666667,0.0,0.0,0.0,1.0,10.0,34.33333333333333,2.0,118.0,480.7,2.0,12.0,72.15,0.0,0.0,0.0,4.0,332.0,731.2666666666667
878,14,215,809.6166666666667,0.0,0.0,0.0,2.0,35.0,36.983333333333334,1.0,29.0,104.4,1.0,3.0,8.0,3.0,30.0,159.8166666666667,0.0,0.0,0.0,2.0,8.0,26.6,0.0,0.0,0.0,0.0,0.0,0.0,0.0,0.0,0.0,0.0,0.0,0.0,0.0,0.0,0.0,1.0,6.0,33.1,2.0,37.0,152.11666666666667,1.0,46.0,179.4,0.0,0.0,0.0,1.0,21.0,109.2,0.0,0.0,0.0
879,25,1007,3068.766666666667,4.0,15.0,38.36666666666667,0.0,0.0,0.0,0.0,0.0,0.0,0.0,0.0,0.0,5.0,67.0,214.70000000000002,1.0,18.0,32.1,0.0,0.0,0.0,0.0,0.0,0.0,0.0,0.0,0.0,0.0,0.0,0.0,2.0,33.0,114.6,3.0,286.0,837.7666666666667,0.0,0.0,0.0,3.0,58.0,164.6,4.0,315.0,1081.1166666666668,0.0,0.0,0.0,0.0,0.0,0.0,3.0,215.0,585.5166666666667
880,16,595,2348.9333333333334,1.0,7.0,19.71666666666667,1.0,10.0,29.166666666666664,0.0,0.0,0.0,2.0,8.0,44.483333333333334,0.0,0.0,0.0,1.0,33.0,16.5,1.0,1.0,2.15,1.0,4.0,5.933333333333334,0.0,0.0,0.0,0.0,0.0,0.0,1.0,16.0,79.46666666666667,4.0,284.0,1453.0833333333333,0.0,0.0,0.0,0.0,0.0,0.0,1.0,79.0,226.46666666666667,0.0,0.0,0.0,1.0,10.0,30.5,2.0,143.0,441.4666666666667
881,21,489,1226.2166666666667,2.0,6.0,31.599999999999998,2.0,26.0,53.33333333333333,0.0,0.0,0.0,2.0,9.0,24.2,2.0,26.0,12.466666666666667,0.0,0.0,0.0,6.0,29.0,75.33333333333334,0.0,0.0,0.0,0.0,0.0,0.0,0.0,0.0,0.0,1.0,10.0,47.83333333333333,1.0,62.0,21.7,0.0,0.0,0.0,1.0,13.0,32.5,2.0,125.0,400.7166666666667,0.0,0.0,0.0,0.0,0.0,0.0,2.0,183.0,526.5333333333333
882,27,781,2736.5666666666666,5.0,21.0,74.93333333333334,0.0,0.0,0.0,1.0,114.0,666.9,3.0,11.0,23.583333333333336,4.0,37.0,114.23333333333335,1.0,78.0,70.2,0.0,0.0,0.0,2.0,35.0,98.86666666666666,1.0,69.0,236.89999999999998,1.0,5.0,6.666666666666666,1.0,5.0,14.75,2.0,132.0,479.6333333333333,0.0,0.0,0.0,0.0,0.0,0.0,1.0,112.0,347.2,1.0,2.0,3.3333333333333335,1.0,4.0,2.8666666666666667,3.0,156.0,596.5
883,22,593,1416.1166666666666,1.0,7.0,16.566666666666666,3.0,26.0,78.86666666666666,0.0,0.0,0.0,1.0,6.0,20.8,1.0,5.0,10.0,0.0,0.0,0.0,2.0,5.0,11.533333333333333,4.0,44.0,135.43333333333334,1.0,35.0,87.5,0.0,0.0,0.0,2.0,27.0,41.25,5.0,357.0,821.3666666666667,0.0,0.0,0.0,0.0,0.0,0.0,0.0,0.0,0.0,0.0,0.0,0.0,1.0,15.0,24.5,1.0,66.0,168.29999999999998
884,12,511,1943.7,1.0,3.0,15.05,1.0,16.0,99.2,0.0,0.0,0.0,2.0,7.0,38.766666666666666,1.0,8.0,46.0,0.0,0.0,0.0,0.0,0.0,0.0,0.0,0.0,0.0,0.0,0.0,0.0,1.0,5.0,4.916666666666666,0.0,0.0,0.0,1.0,122.0,616.1,0.0,0.0,0.0,0.0,0.0,0.0,1.0,19.0,93.41666666666667,0.0,0.0,0.0,0.0,0.0,0.0,4.0,331.0,1030.25
885,18,576,2194.2666666666664,5.0,23.0,35.85,0.0,0.0,0.0,0.0,0.0,0.0,3.0,13.0,34.266666666666666,0.0,0.0,0.0,1.0,114.0,514.9,1.0,6.0,34.5,1.0,12.0,12.2,1.0,26.0,139.1,0.0,0.0,0.0,1.0,23.0,119.98333333333333,0.0,0.0,0.0,0.0,0.0,0.0,0.0,0.0,0.0,2.0,138.0,387.06666666666666,0.0,0.0,0.0,1.0,11.0,17.6,2.0,210.0,898.8
886,25,375,1430.55,3.0,17.0,38.08333333333333,3.0,42.0,158.7,0.0,0.0,0.0,4.0,12.0,34.016666666666666,2.0,34.0,119.3,0.0,0.0,0.0,4.0,18.0,33.35,1.0,10.0,8.166666666666666,0.0,0.0,0.0,0.0,0.0,0.0,2.0,19.0,93.7,0.0,0.0,0.0,0.0,0.0,0.0,1.0,19.0,113.36666666666667,2.0,79.0,72.26666666666667,1.0,3.0,18.299999999999997,1.0,6.0,16.3,1.0,116.0,725.0
887,30,694,1896.1666666666667,4.0,21.0,82.11666666666667,1.0,18.0,116.10000000000001,0.0,0.0,0.0,3.0,14.0,44.96666666666667,3.0,52.0,211.8,0.0,0.0,0.0,1.0,6.0,11.5,1.0,23.0,64.01666666666667,1.0,107.0,121.26666666666667,0.0,0.0,0.0,4.0,50.0,148.58333333333334,4.0,230.0,662.2333333333333,0.0,0.0,0.0,5.0,68.0,232.4333333333333,0.0,0.0,0.0,0.0,0.0,0.0,1.0,19.0,4.75,2.0,86.0,196.4
888,28,394,806.3833333333333,8.0,27.0,102.85,1.0,5.0,21.416666666666664,0.0,0.0,0.0,5.0,24.0,51.46666666666667,1.0,7.0,12.366666666666667,0.0,0.0,0.0,4.0,17.0,46.3,1.0,22.0,89.1,0.0,0.0,0.0,0.0,0.0,0.0,1.0,10.0,26.5,0.0,0.0,0.0,1.0,6.0,4.0,0.0,0.0,0.0,2.0,149.0,310.6166666666667,1.0,3.0,2.6,1.0,11.0,60.31666666666667,2.0,113.0,78.85000000000001
889,26,877,2691.0,3.0,10.0,29.03333333333333,0.0,0.0,0.0,0.0,0.0,0.0,4.0,13.0,56.71666666666667,2.0,37.0,70.15,1.0,43.0,77.4,1.0,5.0,7.583333333333333,1.0,8.0,32.0,0.0,0.0,0.0,0.0,0.0,0.0,1.0,14.0,52.733333333333334,6.0,422.0,1471.5833333333333,0.0,0.0,0.0,1.0,16.0,57.86666666666667,3.0,209.0,540.4333333333334,0.0,0.0,0.0,1.0,18.0,20.7,2.0,82.0,274.8
890,14,598,2396.5833333333335,1.0,5.0,4.75,1.0,5.0,22.833333333333332,1.0,95.0,459.16666666666663,2.0,8.0,35.41666666666667,1.0,7.0,5.25,1.0,96.0,489.59999999999997,0.0,0.0,0.0,1.0,22.0,53.53333333333333,0.0,0.0,0.0,0.0,0.0,0.0,0.0,0.0,0.0,1.0,21.0,20.65,0.0,0.0,0.0,1.0,19.0,78.53333333333335,4.0,320.0,1226.8500000000001,0.0,0.0,0.0,0.0,0.0,0.0,0.0,0.0,0.0
891,29,697,2503.6,3.0,14.0,63.866666666666674,2.0,25.0,94.89999999999999,0.0,0.0,0.0,4.0,16.0,60.31666666666666,3.0,33.0,33.83333333333333,0.0,0.0,0.0,4.0,11.0,37.016666666666666,0.0,0.0,0.0,2.0,184.0,671.8666666666667,1.0,1.0,4.766666666666667,1.0,14.0,75.36666666666667,5.0,296.0,1271.6166666666668,0.0,0.0,0.0,1.0,20.0,59.66666666666667,0.0,0.0,0.0,1.0,6.0,10.1,1.0,21.0,88.55,1.0,56.0,31.733333333333334
892,35,767,3406.6666666666665,6.0,26.0,104.48333333333333,1.0,19.0,119.38333333333333,1.0,16.0,88.26666666666667,6.0,22.0,63.15,2.0,32.0,137.66666666666669,0.0,0.0,0.0,5.0,18.0,48.18333333333334,1.0,21.0,12.6,0.0,0.0,0.0,0.0,0.0,0.0,2.0,41.0,261.1666666666667,1.0,65.0,420.3333333333333,1.0,1.0,3.9833333333333334,1.0,16.0,101.6,3.0,202.0,797.9666666666667,0.0,0.0,0.0,1.0,15.0,15.500000000000002,4.0,273.0,1232.3833333333332
893,19,571,1796.45,3.0,13.0,26.466666666666665,0.0,0.0,0.0,0.0,0.0,0.0,4.0,18.0,77.95,1.0,11.0,72.23333333333333,0.0,0.0,0.0,0.0,0.0,0.0,0.0,0.0,0.0,0.0,0.0,0.0,0.0,0.0,0.0,3.0,52.0,222.3,4.0,312.0,733.2166666666667,1.0,5.0,3.5833333333333335,1.0,8.0,4.266666666666667,2.0,152.0,656.4333333333334,0.0,0.0,0.0,0.0,0.0,0.0,0.0,0.0,0.0
894,21,539,2031.7166666666667,2.0,8.0,7.833333333333334,0.0,0.0,0.0,0.0,0.0,0.0,5.0,26.0,125.45,2.0,24.0,91.56666666666666,0.0,0.0,0.0,1.0,3.0,19.7,0.0,0.0,0.0,0.0,0.0,0.0,0.0,0.0,0.0,2.0,31.0,133.33333333333331,4.0,240.0,983.95,0.0,0.0,0.0,1.0,16.0,90.13333333333334,2.0,139.0,396.15000000000003,0.0,0.0,0.0,0.0,0.0,0.0,2.0,52.0,183.6
895,15,545,2534.1833333333334,2.0,3.0,11.916666666666666,0.0,0.0,0.0,0.0,0.0,0.0,1.0,6.0,22.3,0.0,0.0,0.0,0.0,0.0,0.0,3.0,16.0,71.75,0.0,0.0,0.0,0.0,0.0,0.0,0.0,0.0,0.0,0.0,0.0,0.0,4.0,302.0,1733.4166666666667,0.0,0.0,0.0,0.0,0.0,0.0,4.0,213.0,666.8,0.0,0.0,0.0,1.0,5.0,28.0,0.0,0.0,0.0
896,27,748,3002.45,2.0,10.0,14.583333333333332,2.0,30.0,45.9,2.0,75.0,244.2,6.0,21.0,68.58333333333333,4.0,52.0,205.03333333333333,0.0,0.0,0.0,1.0,2.0,11.0,0.0,0.0,0.0,1.0,46.0,237.66666666666669,0.0,0.0,0.0,0.0,0.0,0.0,4.0,293.0,1253.4666666666667,1.0,3.0,7.45,1.0,11.0,34.1,3.0,205.0,880.4666666666667,0.0,0.0,0.0,0.0,0.0,0.0,0.0,0.0,0.0
897,24,563,1805.35,6.0,26.0,71.0,0.0,0.0,0.0,0.0,0.0,0.0,3.0,13.0,30.35,1.0,11.0,11.0,1.0,93.0,106.94999999999999,1.0,6.0,1.2000000000000002,0.0,0.0,0.0,0.0,0.0,0.0,0.0,0.0,0.0,3.0,39.0,209.4,2.0,115.0,579.5999999999999,0.0,0.0,0.0,1.0,11.0,22.183333333333334,3.0,186.0,567.3666666666667,0.0,0.0,0.0,2.0,45.0,161.0,1.0,18.0,45.3
898,15,419,1585.5,2.0,6.0,28.633333333333333,0.0,0.0,0.0,0.0,0.0,0.0,1.0,4.0,16.4,1.0,18.0,40.8,0.0,0.0,0.0,0.0,0.0,0.0,0.0,0.0,0.0,0.0,0.0,0.0,0.0,0.0,0.0,4.0,64.0,179.75,2.0,107.0,335.0666666666667,0.0,0.0,0.0,3.0,47.0,98.95,1.0,112.0,485.3333333333333,0.0,0.0,0.0,0.0,0.0,0.0,1.0,61.0,400.56666666666666
899,15,572,1579.6333333333332,2.0,10.0,55.900000000000006,1.0,20.0,36.0,0.0,0.0,0.0,2.0,10.0,41.516666666666666,1.0,9.0,4.35,1.0,93.0,489.8,1.0,3.0,3.75,1.0,17.0,27.483333333333334,0.0,0.0,0.0,0.0,0.0,0.0,0.0,0.0,0.0,2.0,116.0,384.48333333333335,0.0,0.0,0.0,1.0,14.0,9.799999999999999,2.0,163.0,456.34999999999997,0.0,0.0,0.0,0.0,0.0,0.0,1.0,117.0,70.2
900,17,540,2418.383333333333,0.0,0.0,0.0,0.0,0.0,0.0,0.0,0.0,0.0,0.0,0.0,0.0,2.0,39.0,180.9,0.0,0.0,0.0,1.0,5.0,16.416666666666664,2.0,38.0,210.13333333333333,0.0,0.0,0.0,0.0,0.0,0.0,3.0,31.0,87.31666666666666,4.0,213.0,1029.7333333333333,0.0,0.0,0.0,0.0,0.0,0.0,1.0,49.0,175.58333333333334,0.0,0.0,0.0,2.0,26.0,66.93333333333334,2.0,139.0,651.3666666666667
901,16,288,696.2666666666667,2.0,7.0,14.399999999999999,0.0,0.0,0.0,1.0,36.0,184.2,3.0,15.0,51.28333333333333,3.0,39.0,98.55000000000001,0.0,0.0,0.0,3.0,19.0,41.6,0.0,0.0,0.0,0.0,0.0,0.0,0.0,0.0,0.0,2.0,28.0,71.53333333333333,0.0,0.0,0.0,0.0,0.0,0.0,1.0,23.0,47.15,0.0,0.0,0.0,0.0,0.0,0.0,0.0,0.0,0.0,1.0,121.0,187.55
902,28,947,2415.3166666666666,4.0,18.0,54.31666666666667,3.0,36.0,74.81666666666668,1.0,89.0,26.7,2.0,6.0,14.133333333333333,1.0,4.0,10.866666666666667,0.0,0.0,0.0,1.0,2.0,3.533333333333333,0.0,0.0,0.0,0.0,0.0,0.0,0.0,0.0,0.0,3.0,57.0,87.98333333333335,5.0,382.0,1036.05,1.0,5.0,4.333333333333334,2.0,31.0,93.45,2.0,164.0,393.6,0.0,0.0,0.0,1.0,22.0,97.53333333333333,2.0,131.0,518.0
903,24,372,1567.25,3.0,14.0,30.116666666666667,1.0,14.0,36.4,0.0,0.0,0.0,4.0,11.0,29.53333333333333,1.0,6.0,13.6,0.0,0.0,0.0,3.0,8.0,35.36666666666667,4.0,34.0,178.58333333333331,0.0,0.0,0.0,0.0,0.0,0.0,4.0,43.0,162.89999999999998,2.0,134.0,383.09999999999997,0.0,0.0,0.0,0.0,0.0,0.0,0.0,0.0,0.0,1.0,3.0,11.65,0.0,0.0,0.0,1.0,105.0,686.0
904,15,420,1526.0166666666667,2.0,6.0,21.8,1.0,13.0,29.033333333333335,0.0,0.0,0.0,3.0,7.0,12.733333333333334,1.0,20.0,91.0,0.0,0.0,0.0,0.0,0.0,0.0,3.0,49.0,92.88333333333333,0.0,0.0,0.0,0.0,0.0,0.0,0.0,0.0,0.0,3.0,229.0,770.7833333333333,1.0,5.0,4.25,0.0,0.0,0.0,0.0,0.0,0.0,0.0,0.0,0.0,0.0,0.0,0.0,1.0,91.0,503.5333333333333
905,16,428,837.5333333333333,2.0,13.0,17.849999999999998,1.0,10.0,20.5,1.0,28.0,105.93333333333334,3.0,11.0,31.75,0.0,0.0,0.0,1.0,34.0,90.66666666666666,3.0,18.0,25.333333333333336,0.0,0.0,0.0,0.0,0.0,0.0,0.0,0.0,0.0,2.0,33.0,183.33333333333334,2.0,216.0,204.0,0.0,0.0,0.0,0.0,0.0,0.0,0.0,0.0,0.0,0.0,0.0,0.0,0.0,0.0,0.0,1.0,65.0,158.16666666666666
906,22,675,2686.3,2.0,10.0,33.88333333333333,2.0,35.0,205.66666666666669,2.0,123.0,277.6,1.0,4.0,3.3333333333333335,1.0,20.0,94.0,0.0,0.0,0.0,1.0,4.0,24.266666666666666,1.0,22.0,145.2,0.0,0.0,0.0,0.0,0.0,0.0,3.0,62.0,187.35,3.0,133.0,402.0,0.0,0.0,0.0,1.0,16.0,84.26666666666667,2.0,169.0,813.5,0.0,0.0,0.0,2.0,25.0,120.56666666666666,1.0,52.0,294.6666666666667
907,14,414,1432.25,3.0,17.0,49.650000000000006,0.0,0.0,0.0,0.0,0.0,0.0,1.0,3.0,8.65,0.0,0.0,0.0,0.0,0.0,0.0,1.0,4.0,17.2,2.0,37.0,60.416666666666664,1.0,47.0,226.38333333333333,0.0,0.0,0.0,0.0,0.0,0.0,1.0,43.0,114.66666666666666,0.0,0.0,0.0,1.0,17.0,24.366666666666667,1.0,23.0,87.78333333333333,1.0,7.0,26.833333333333336,0.0,0.0,0.0,2.0,216.0,816.3
908,16,373,723.5833333333334,3.0,16.0,66.5,1.0,22.0,65.63333333333334,1.0,110.0,27.5,3.0,9.0,41.516666666666666,1.0,6.0,6.7,0.0,0.0,0.0,0.0,0.0,0.0,0.0,0.0,0.0,0.0,0.0,0.0,0.0,0.0,0.0,0.0,0.0,0.0,0.0,0.0,0.0,0.0,0.0,0.0,1.0,4.0,24.6,1.0,22.0,98.26666666666667,0.0,0.0,0.0,2.0,36.0,114.91666666666667,3.0,148.0,277.95000000000005
909,23,1148,4463.383333333333,1.0,3.0,4.65,1.0,19.0,39.9,0.0,0.0,0.0,3.0,9.0,8.166666666666668,2.0,30.0,136.06666666666663,0.0,0.0,0.0,0.0,0.0,0.0,1.0,15.0,3.75,0.0,0.0,0.0,0.0,0.0,0.0,0.0,0.0,0.0,2.0,112.0,261.8666666666667,0.0,0.0,0.0,2.0,42.0,155.03333333333333,4.0,411.0,1610.8,0.0,0.0,0.0,0.0,0.0,0.0,7.0,507.0,2243.15
910,24,705,2138.95,4.0,13.0,51.13333333333333,2.0,27.0,85.85,0.0,0.0,0.0,2.0,7.0,16.883333333333333,1.0,21.0,102.9,1.0,78.0,223.6,1.0,4.0,26.2,2.0,36.0,163.03333333333336,0.0,0.0,0.0,0.0,0.0,0.0,1.0,5.0,31.75,4.0,253.0,722.25,0.0,0.0,0.0,2.0,21.0,18.95,3.0,166.0,443.5666666666666,0.0,0.0,0.0,0.0,0.0,0.0,1.0,74.0,252.83333333333331
911,27,1149,4841.616666666667,2.0,10.0,59.699999999999996,1.0,12.0,52.39999999999999,1.0,24.0,117.20000000000002,2.0,9.0,36.983333333333334,1.0,15.0,11.0,0.0,0.0,0.0,3.0,10.0,30.31666666666667,1.0,8.0,46.8,0.0,0.0,0.0,2.0,8.0,23.733333333333334,1.0,15.0,83.75,7.0,543.0,2487.2333333333336,0.0,0.0,0.0,0.0,0.0,0.0,1.0,74.0,188.7,1.0,1.0,5.016666666666667,0.0,0.0,0.0,4.0,420.0,1698.7833333333333
912,28,609,2038.2666666666667,4.0,19.0,58.13333333333333,1.0,20.0,29.0,0.0,0.0,0.0,3.0,15.0,50.21666666666667,4.0,66.0,200.79999999999998,2.0,93.0,153.83333333333331,2.0,7.0,42.849999999999994,2.0,22.0,96.4,0.0,0.0,0.0,2.0,9.0,24.166666666666664,0.0,0.0,0.0,4.0,183.0,443.7666666666667,0.0,0.0,0.0,1.0,8.0,26.933333333333334,1.0,36.0,228.0,0.0,0.0,0.0,0.0,0.0,0.0,2.0,131.0,684.1666666666666
913,26,998,4458.75,3.0,6.0,17.283333333333335,0.0,0.0,0.0,0.0,0.0,0.0,2.0,6.0,10.366666666666667,1.0,4.0,18.866666666666667,0.0,0.0,0.0,3.0,17.0,45.416666666666664,2.0,24.0,94.95,1.0,124.0,415.40000000000003,0.0,0.0,0.0,0.0,0.0,0.0,6.0,412.0,1843.6333333333332,2.0,10.0,41.18333333333334,0.0,0.0,0.0,2.0,246.0,1401.4333333333334,0.0,0.0,0.0,2.0,23.0,106.08333333333333,2.0,126.0,464.1333333333333
914,24,686,2901.75,3.0,17.0,77.56666666666666,2.0,31.0,131.48333333333335,0.0,0.0,0.0,4.0,16.0,38.5,3.0,50.0,84.18333333333334,0.0,0.0,0.0,1.0,4.0,10.2,1.0,16.0,7.733333333333333,0.0,0.0,0.0,0.0,0.0,0.0,1.0,10.0,13.166666666666666,2.0,158.0,833.7666666666667,0.0,0.0,0.0,1.0,14.0,68.13333333333333,2.0,131.0,697.45,1.0,4.0,13.733333333333333,0.0,0.0,0.0,3.0,235.0,925.8333333333333
915,20,331,1141.3333333333335,4.0,20.0,30.083333333333332,2.0,19.0,44.266666666666666,0.0,0.0,0.0,4.0,13.0,32.35,1.0,6.0,5.6,1.0,58.0,146.93333333333334,0.0,0.0,0.0,0.0,0.0,0.0,0.0,0.0,0.0,1.0,4.0,2.2666666666666666,3.0,47.0,165.53333333333336,2.0,86.0,372.3,0.0,0.0,0.0,0.0,0.0,0.0,0.0,0.0,0.0,0.0,0.0,0.0,1.0,10.0,53.0,1.0,68.0,289.0
916,20,759,2163.9500000000003,0.0,0.0,0.0,3.0,47.0,228.01666666666668,2.0,124.0,206.53333333333336,1.0,6.0,30.0,3.0,42.0,203.93333333333334,1.0,75.0,446.25,0.0,0.0,0.0,0.0,0.0,0.0,1.0,26.0,105.73333333333332,0.0,0.0,0.0,1.0,13.0,24.05,1.0,78.0,93.6,0.0,0.0,0.0,2.0,26.0,135.83333333333334,1.0,95.0,324.5833333333333,0.0,0.0,0.0,2.0,14.0,49.666666666666664,2.0,213.0,315.75
917,17,578,1946.0333333333333,1.0,4.0,22.866666666666667,2.0,36.0,114.13333333333333,0.0,0.0,0.0,4.0,17.0,73.81666666666666,2.0,33.0,132.48333333333332,0.0,0.0,0.0,0.0,0.0,0.0,0.0,0.0,0.0,0.0,0.0,0.0,1.0,2.0,12.466666666666667,0.0,0.0,0.0,2.0,164.0,440.48333333333335,0.0,0.0,0.0,1.0,22.0,143.36666666666667,1.0,16.0,8.0,0.0,0.0,0.0,0.0,0.0,0.0,3.0,284.0,998.4166666666666
918,21,562,1537.0833333333335,2.0,6.0,11.266666666666666,2.0,26.0,94.53333333333333,0.0,0.0,0.0,3.0,10.0,36.83333333333333,1.0,9.0,23.25,0.0,0.0,0.0,2.0,5.0,26.433333333333334,2.0,16.0,55.766666666666666,0.0,0.0,0.0,0.0,0.0,0.0,0.0,0.0,0.0,1.0,114.0,691.6,0.0,0.0,0.0,3.0,28.0,59.133333333333326,1.0,82.0,15.033333333333331,0.0,0.0,0.0,1.0,8.0,52.0,3.0,258.0,471.23333333333335
919,20,568,1919.5000000000002,4.0,15.0,70.8,2.0,36.0,152.93333333333334,1.0,117.0,185.25,2.0,13.0,50.83333333333333,0.0,0.0,0.0,0.0,0.0,0.0,2.0,9.0,25.4,0.0,0.0,0.0,0.0,0.0,0.0,0.0,0.0,0.0,3.0,41.0,128.08333333333334,2.0,153.0,242.2,1.0,4.0,10.4,0.0,0.0,0.0,1.0,52.0,257.40000000000003,0.0,0.0,0.0,1.0,12.0,71.2,1.0,116.0,725.0
920,17,659,2227.1833333333334,0.0,0.0,0.0,0.0,0.0,0.0,3.0,201.0,685.7166666666667,2.0,12.0,57.0,2.0,25.0,75.53333333333333,0.0,0.0,0.0,0.0,0.0,0.0,0.0,0.0,0.0,0.0,0.0,0.0,0.0,0.0,0.0,0.0,0.0,0.0,2.0,140.0,317.35,1.0,7.0,1.6333333333333333,3.0,27.0,31.633333333333333,2.0,127.0,397.9166666666667,1.0,6.0,12.5,0.0,0.0,0.0,1.0,114.0,647.9
921,18,704,2084.25,2.0,13.0,65.18333333333334,1.0,16.0,93.6,0.0,0.0,0.0,4.0,11.0,37.43333333333333,0.0,0.0,0.0,1.0,109.0,187.11666666666665,3.0,15.0,84.26666666666667,0.0,0.0,0.0,0.0,0.0,0.0,0.0,0.0,0.0,0.0,0.0,0.0,3.0,203.0,742.6,0.0,0.0,0.0,0.0,0.0,0.0,1.0,102.0,382.5,0.0,0.0,0.0,1.0,18.0,90.0,2.0,217.0,401.55
922,18,327,687.8333333333334,2.0,10.0,28.5,2.0,23.0,103.93333333333334,0.0,0.0,0.0,3.0,10.0,33.43333333333334,1.0,18.0,57.3,0.0,0.0,0.0,1.0,4.0,19.266666666666666,3.0,24.0,101.76666666666667,0.0,0.0,0.0,0.0,0.0,0.0,0.0,0.0,0.0,2.0,78.0,24.299999999999997,1.0,5.0,1.1666666666666667,1.0,7.0,24.96666666666667,1.0,95.0,267.58333333333337,0.0,0.0,0.0,0.0,0.0,0.0,1.0,53.0,25.616666666666667
923,16,755,2391.9333333333334,0.0,0.0,0.0,2.0,23.0,28.883333333333336,1.0,31.0,146.21666666666667,1.0,3.0,11.799999999999999,0.0,0.0,0.0,0.0,0.0,0.0,0.0,0.0,0.0,1.0,8.0,41.86666666666667,2.0,129.0,138.39999999999998,0.0,0.0,0.0,0.0,0.0,0.0,1.0,74.0,304.6333333333333,0.0,0.0,0.0,2.0,28.0,147.6,4.0,330.0,1209.8000000000002,0.0,0.0,0.0,1.0,11.0,42.16666666666667,1.0,118.0,320.56666666666666
924,15,374,1159.7166666666667,3.0,14.0,84.06666666666666,0.0,0.0,0.0,0.0,0.0,0.0,2.0,6.0,12.266666666666666,0.0,0.0,0.0,0.0,0.0,0.0,1.0,6.0,23.5,2.0,13.0,57.43333333333333,1.0,39.0,209.95000000000002,0.0,0.0,0.0,2.0,32.0,41.233333333333334,2.0,212.0,438.5666666666667,0.0,0.0,0.0,1.0,10.0,15.5,1.0,42.0,277.2,0.0,0.0,0.0,0.0,0.0,0.0,0.0,0.0,0.0
925,17,658,2269.6833333333334,3.0,10.0,25.7,0.0,0.0,0.0,1.0,100.0,175.0,1.0,4.0,6.0,4.0,46.0,198.88333333333333,0.0,0.0,0.0,0.0,0.0,0.0,0.0,0.0,0.0,0.0,0.0,0.0,0.0,0.0,0.0,0.0,0.0,0.0,3.0,204.0,957.5,0.0,0.0,0.0,0.0,0.0,0.0,2.0,185.0,539.5833333333333,0.0,0.0,0.0,1.0,8.0,2.533333333333333,2.0,101.0,364.48333333333335
926,14,270,971.6666666666667,6.0,23.0,100.68333333333334,0.0,0.0,0.0,0.0,0.0,0.0,1.0,6.0,36.5,0.0,0.0,0.0,0.0,0.0,0.0,1.0,6.0,21.299999999999997,0.0,0.0,0.0,0.0,0.0,0.0,1.0,5.0,30.333333333333332,0.0,0.0,0.0,2.0,90.0,167.1,0.0,0.0,0.0,1.0,15.0,69.5,0.0,0.0,0.0,0.0,0.0,0.0,0.0,0.0,0.0,2.0,125.0,546.25
927,17,514,1891.1666666666667,2.0,7.0,21.01666666666667,1.0,9.0,32.7,0.0,0.0,0.0,2.0,13.0,44.88333333333334,0.0,0.0,0.0,0.0,0.0,0.0,2.0,9.0,10.733333333333333,2.0,27.0,125.2,0.0,0.0,0.0,0.0,0.0,0.0,1.0,16.0,89.06666666666666,3.0,236.0,675.7166666666667,0.0,0.0,0.0,0.0,0.0,0.0,1.0,116.0,674.7333333333333,0.0,0.0,0.0,2.0,29.0,114.85000000000001,1.0,52.0,102.26666666666667
928,24,838,2461.0,3.0,10.0,34.65,0.0,0.0,0.0,2.0,171.0,747.5999999999999,2.0,6.0,39.650000000000006,1.0,8.0,9.066666666666666,0.0,0.0,0.0,4.0,18.0,69.11666666666667,0.0,0.0,0.0,1.0,71.0,244.95000000000002,0.0,0.0,0.0,3.0,46.0,89.75,2.0,116.0,78.98333333333333,0.0,0.0,0.0,0.0,0.0,0.0,2.0,129.0,512.6166666666667,1.0,4.0,24.066666666666666,0.0,0.0,0.0,3.0,259.0,610.55
929,22,356,1247.1833333333334,4.0,13.0,12.95,3.0,40.0,101.85,0.0,0.0,0.0,3.0,15.0,50.833333333333336,0.0,0.0,0.0,1.0,46.0,295.93333333333334,1.0,3.0,4.9,2.0,29.0,122.76666666666668,0.0,0.0,0.0,0.0,0.0,0.0,4.0,47.0,215.58333333333334,2.0,141.0,309.6333333333333,1.0,4.0,19.933333333333334,0.0,0.0,0.0,0.0,0.0,0.0,0.0,0.0,0.0,1.0,18.0,112.8,0.0,0.0,0.0
930,20,556,1703.4333333333334,3.0,10.0,47.56666666666666,1.0,16.0,70.93333333333334,0.0,0.0,0.0,4.0,23.0,39.41666666666667,0.0,0.0,0.0,0.0,0.0,0.0,1.0,5.0,9.75,2.0,20.0,51.166666666666664,0.0,0.0,0.0,1.0,7.0,27.766666666666666,1.0,21.0,58.8,2.0,189.0,459.01666666666665,1.0,3.0,14.599999999999998,0.0,0.0,0.0,2.0,174.0,698.75,0.0,0.0,0.0,0.0,0.0,0.0,2.0,88.0,225.66666666666669
931,24,579,1640.2166666666667,3.0,17.0,42.983333333333334,1.0,11.0,21.083333333333336,0.0,0.0,0.0,5.0,16.0,60.949999999999996,3.0,26.0,119.69999999999999,0.0,0.0,0.0,1.0,6.0,33.800000000000004,1.0,11.0,6.416666666666667,0.0,0.0,0.0,0.0,0.0,0.0,3.0,59.0,293.81666666666666,3.0,274.0,695.4166666666667,0.0,0.0,0.0,2.0,30.0,95.95,0.0,0.0,0.0,0.0,0.0,0.0,0.0,0.0,0.0,2.0,129.0,270.1
932,19,628,1814.8666666666668,1.0,3.0,17.3,3.0,40.0,103.86666666666667,0.0,0.0,0.0,0.0,0.0,0.0,1.0,12.0,47.199999999999996,1.0,87.0,276.95,1.0,3.0,4.35,0.0,0.0,0.0,1.0,85.0,106.25,1.0,2.0,3.3,1.0,4.0,18.133333333333333,2.0,121.0,342.83333333333337,0.0,0.0,0.0,0.0,0.0,0.0,0.0,0.0,0.0,0.0,0.0,0.0,4.0,61.0,314.85,3.0,210.0,579.8333333333334
933,28,836,2620.333333333333,3.0,20.0,68.44999999999999,2.0,36.0,172.5,0.0,0.0,0.0,3.0,17.0,50.199999999999996,4.0,56.0,131.36666666666667,0.0,0.0,0.0,3.0,8.0,21.916666666666668,2.0,34.0,43.766666666666666,0.0,0.0,0.0,0.0,0.0,0.0,1.0,17.0,45.33333333333333,3.0,263.0,1158.0666666666666,0.0,0.0,0.0,0.0,0.0,0.0,3.0,168.0,178.8,0.0,0.0,0.0,2.0,40.0,102.91666666666666,2.0,177.0,647.0166666666667
934,19,458,1394.8833333333334,2.0,6.0,8.3,1.0,6.0,36.800000000000004,0.0,0.0,0.0,2.0,11.0,53.349999999999994,2.0,36.0,105.25,0.0,0.0,0.0,2.0,9.0,26.016666666666666,0.0,0.0,0.0,0.0,0.0,0.0,0.0,0.0,0.0,2.0,17.0,54.55,3.0,234.0,652.4166666666666,0.0,0.0,0.0,1.0,12.0,71.4,1.0,102.0,249.9,0.0,0.0,0.0,3.0,25.0,136.9,0.0,0.0,0.0
935,18,555,1629.0000000000002,4.0,20.0,63.46666666666667,1.0,7.0,38.15,0.0,0.0,0.0,1.0,6.0,32.400000000000006,0.0,0.0,0.0,0.0,0.0,0.0,1.0,5.0,3.5833333333333335,0.0,0.0,0.0,0.0,0.0,0.0,0.0,0.0,0.0,3.0,37.0,148.26666666666665,1.0,70.0,49.0,0.0,0.0,0.0,1.0,13.0,74.75,0.0,0.0,0.0,1.0,3.0,6.75,1.0,11.0,64.9,4.0,383.0,1147.7333333333333
936,24,895,3301.85,2.0,14.0,58.800000000000004,0.0,0.0,0.0,1.0,26.0,13.433333333333335,2.0,7.0,28.25,1.0,10.0,53.833333333333336,0.0,0.0,0.0,2.0,11.0,46.78333333333333,1.0,7.0,10.383333333333333,0.0,0.0,0.0,0.0,0.0,0.0,2.0,17.0,25.650000000000002,4.0,347.0,1203.7,0.0,0.0,0.0,0.0,0.0,0.0,3.0,183.0,923.1333333333333,0.0,0.0,0.0,3.0,43.0,236.35,3.0,230.0,701.5333333333333
937,22,282,1215.0,1.0,5.0,9.083333333333334,0.0,0.0,0.0,0.0,0.0,0.0,4.0,13.0,40.016666666666666,5.0,67.0,256.85,0.0,0.0,0.0,1.0,4.0,3.3333333333333335,1.0,23.0,120.75,0.0,0.0,0.0,0.0,0.0,0.0,3.0,42.0,98.03333333333333,2.0,72.0,381.59999999999997,0.0,0.0,0.0,3.0,47.0,273.31666666666666,0.0,0.0,0.0,1.0,4.0,13.933333333333334,1.0,5.0,18.083333333333332,0.0,0.0,0.0
938,17,488,1712.5166666666664,1.0,5.0,22.416666666666668,2.0,27.0,56.9,0.0,0.0,0.0,2.0,11.0,24.883333333333333,0.0,0.0,0.0,0.0,0.0,0.0,2.0,11.0,34.18333333333333,2.0,44.0,130.05,0.0,0.0,0.0,0.0,0.0,0.0,0.0,0.0,0.0,3.0,225.0,668.9499999999999,0.0,0.0,0.0,2.0,27.0,140.4,1.0,126.0,602.6999999999999,1.0,7.0,8.283333333333333,1.0,5.0,23.75,0.0,0.0,0.0
939,19,381,1191.45,2.0,6.0,24.433333333333337,2.0,21.0,82.94999999999999,0.0,0.0,0.0,1.0,2.0,12.266666666666667,0.0,0.0,0.0,0.0,0.0,0.0,2.0,5.0,21.2,3.0,33.0,177.06666666666666,0.0,0.0,0.0,0.0,0.0,0.0,3.0,37.0,110.1,1.0,94.0,274.16666666666663,0.0,0.0,0.0,1.0,5.0,15.083333333333332,1.0,24.0,61.60000000000001,0.0,0.0,0.0,1.0,13.0,27.083333333333336,2.0,141.0,385.5
940,21,877,3308.75,5.0,18.0,84.43333333333334,0.0,0.0,0.0,0.0,0.0,0.0,0.0,0.0,0.0,0.0,0.0,0.0,0.0,0.0,0.0,1.0,2.0,10.066666666666666,0.0,0.0,0.0,0.0,0.0,0.0,0.0,0.0,0.0,0.0,0.0,0.0,8.0,620.0,2188.4333333333334,1.0,6.0,19.799999999999997,3.0,33.0,53.11666666666667,1.0,43.0,48.733333333333334,0.0,0.0,0.0,0.0,0.0,0.0,2.0,155.0,904.1666666666667
941,21,693,1690.3666666666666,0.0,0.0,0.0,1.0,16.0,15.2,1.0,46.0,11.5,3.0,10.0,40.86666666666667,0.0,0.0,0.0,1.0,48.0,51.2,3.0,8.0,34.266666666666666,0.0,0.0,0.0,0.0,0.0,0.0,0.0,0.0,0.0,1.0,8.0,20.8,5.0,239.0,494.8666666666667,0.0,0.0,0.0,0.0,0.0,0.0,3.0,102.0,273.8333333333333,0.0,0.0,0.0,0.0,0.0,0.0,3.0,216.0,747.8333333333334
942,22,788,3276.8166666666666,2.0,10.0,21.0,1.0,6.0,9.7,3.0,220.0,1010.6666666666665,2.0,10.0,35.35000000000001,0.0,0.0,0.0,0.0,0.0,0.0,3.0,10.0,36.06666666666667,2.0,32.0,151.16666666666669,0.0,0.0,0.0,0.0,0.0,0.0,2.0,40.0,45.650000000000006,4.0,365.0,1655.8333333333335,0.0,0.0,0.0,1.0,23.0,32.583333333333336,2.0,72.0,278.8,0.0,0.0,0.0,0.0,0.0,0.0,0.0,0.0,0.0
943,21,1024,4401.15,0.0,0.0,0.0,1.0,6.0,20.4,1.0,19.0,112.10000000000001,0.0,0.0,0.0,3.0,26.0,115.33333333333333,1.0,66.0,374.0,1.0,2.0,4.866666666666666,1.0,18.0,105.9,0.0,0.0,0.0,0.0,0.0,0.0,1.0,9.0,12.6,5.0,413.0,1843.7666666666664,0.0,0.0,0.0,1.0,5.0,26.833333333333332,2.0,207.0,835.7833333333333,0.0,0.0,0.0,1.0,12.0,8.2,3.0,241.0,941.3666666666667
944,21,831,3059.383333333333,2.0,5.0,22.55,0.0,0.0,0.0,0.0,0.0,0.0,2.0,9.0,43.599999999999994,1.0,11.0,28.966666666666665,0.0,0.0,0.0,2.0,9.0,9.833333333333332,1.0,12.0,61.39999999999999,2.0,131.0,660.3666666666667,0.0,0.0,0.0,2.0,28.0,111.4,4.0,300.0,955.2666666666667,0.0,0.0,0.0,1.0,14.0,18.2,0.0,0.0,0.0,0.0,0.0,0.0,1.0,16.0,92.53333333333333,3.0,296.0,1055.2666666666667
945,17,362,591.85,2.0,6.0,31.1,2.0,19.0,60.1,0.0,0.0,0.0,1.0,2.0,1.9,1.0,20.0,81.33333333333333,0.0,0.0,0.0,1.0,2.0,11.666666666666666,0.0,0.0,0.0,0.0,0.0,0.0,1.0,7.0,13.299999999999999,1.0,5.0,29.333333333333332,2.0,156.0,221.23333333333332,1.0,7.0,24.266666666666666,0.0,0.0,0.0,2.0,47.0,80.38333333333333,0.0,0.0,0.0,2.0,16.0,23.483333333333334,1.0,75.0,13.749999999999998
946,20,548,1860.75,4.0,15.0,74.61666666666667,0.0,0.0,0.0,0.0,0.0,0.0,3.0,16.0,69.91666666666667,2.0,25.0,78.6,0.0,0.0,0.0,0.0,0.0,0.0,1.0,8.0,40.266666666666666,0.0,0.0,0.0,1.0,2.0,9.466666666666667,2.0,20.0,15.583333333333332,3.0,192.0,745.8333333333333,0.0,0.0,0.0,0.0,0.0,0.0,2.0,170.0,600.7166666666666,0.0,0.0,0.0,1.0,11.0,72.96666666666667,1.0,89.0,152.78333333333333
947,23,907,3123.1833333333334,4.0,22.0,55.95,1.0,4.0,23.666666666666668,1.0,53.0,222.60000000000002,3.0,4.0,17.466666666666665,1.0,8.0,31.333333333333332,0.0,0.0,0.0,0.0,0.0,0.0,0.0,0.0,0.0,0.0,0.0,0.0,0.0,0.0,0.0,2.0,26.0,58.93333333333334,3.0,278.0,944.2666666666667,0.0,0.0,0.0,1.0,13.0,37.916666666666664,3.0,264.0,688.0166666666667,0.0,0.0,0.0,0.0,0.0,0.0,4.0,235.0,1043.0333333333333
948,19,642,2508.4333333333334,1.0,1.0,0.4166666666666667,1.0,4.0,24.533333333333335,0.0,0.0,0.0,2.0,12.0,64.6,1.0,19.0,113.68333333333334,1.0,120.0,764.0,1.0,7.0,26.25,0.0,0.0,0.0,0.0,0.0,0.0,0.0,0.0,0.0,0.0,0.0,0.0,4.0,272.0,854.8333333333334,1.0,1.0,0.38333333333333336,4.0,36.0,110.23333333333333,2.0,98.0,225.5,0.0,0.0,0.0,0.0,0.0,0.0,1.0,72.0,324.0
949,22,364,1303.2333333333333,2.0,12.0,37.1,0.0,0.0,0.0,0.0,0.0,0.0,2.0,11.0,14.5,1.0,9.0,33.75,0.0,0.0,0.0,4.0,18.0,62.25,3.0,47.0,87.89999999999999,0.0,0.0,0.0,0.0,0.0,0.0,0.0,0.0,0.0,2.0,53.0,271.15,0.0,0.0,0.0,2.0,29.0,28.150000000000002,0.0,0.0,0.0,0.0,0.0,0.0,5.0,85.0,243.43333333333334,1.0,100.0,525.0
950,27,593,2127.5833333333335,2.0,8.0,21.266666666666666,1.0,10.0,23.833333333333332,1.0,16.0,93.06666666666666,2.0,4.0,6.033333333333333,4.0,78.0,298.8,0.0,0.0,0.0,4.0,15.0,51.91666666666667,2.0,22.0,113.48333333333333,0.0,0.0,0.0,0.0,0.0,0.0,5.0,74.0,203.86666666666667,1.0,97.0,189.15,0.0,0.0,0.0,0.0,0.0,0.0,2.0,165.0,741.1666666666666,0.0,0.0,0.0,1.0,12.0,28.4,2.0,92.0,356.6
951,18,736,2429.6,2.0,9.0,33.28333333333334,1.0,20.0,117.66666666666667,0.0,0.0,0.0,1.0,1.0,6.466666666666667,2.0,27.0,84.9,0.0,0.0,0.0,1.0,7.0,43.983333333333334,1.0,18.0,116.10000000000001,0.0,0.0,0.0,1.0,7.0,45.15,1.0,23.0,70.14999999999999,1.0,70.0,253.16666666666666,1.0,7.0,9.216666666666667,0.0,0.0,0.0,5.0,420.0,1185.9666666666667,0.0,0.0,0.0,0.0,0.0,0.0,1.0,127.0,463.55
952,31,986,3511.2666666666664,1.0,4.0,18.533333333333335,1.0,8.0,20.666666666666668,0.0,0.0,0.0,6.0,29.0,107.48333333333333,2.0,15.0,49.666666666666664,2.0,138.0,287.7833333333333,2.0,6.0,33.46666666666667,3.0,44.0,119.03333333333332,0.0,0.0,0.0,1.0,4.0,6.533333333333333,4.0,67.0,251.81666666666666,1.0,69.0,221.95000000000002,0.0,0.0,0.0,1.0,5.0,25.0,6.0,471.0,1716.2333333333331,0.0,0.0,0.0,0.0,0.0,0.0,1.0,126.0,653.1
953,19,667,2021.2833333333333,0.0,0.0,0.0,3.0,34.0,54.833333333333336,1.0,45.0,234.75,3.0,15.0,37.483333333333334,2.0,20.0,27.06666666666667,0.0,0.0,0.0,2.0,12.0,55.25,1.0,22.0,63.06666666666667,0.0,0.0,0.0,0.0,0.0,0.0,0.0,0.0,0.0,2.0,229.0,683.3833333333333,0.0,0.0,0.0,2.0,27.0,132.65,2.0,205.0,365.4666666666667,0.0,0.0,0.0,0.0,0.0,0.0,1.0,58.0,367.3333333333333
954,17,510,1398.3166666666666,0.0,0.0,0.0,1.0,6.0,26.0,0.0,0.0,0.0,4.0,16.0,16.216666666666665,1.0,15.0,22.5,1.0,111.0,209.04999999999998,1.0,7.0,29.633333333333333,2.0,27.0,48.06666666666666,0.0,0.0,0.0,1.0,6.0,6.0,1.0,10.0,53.833333333333336,1.0,108.0,217.79999999999998,0.0,0.0,0.0,0.0,0.0,0.0,0.0,0.0,0.0,2.0,12.0,43.800000000000004,0.0,0.0,0.0,2.0,192.0,725.4166666666667
955,19,445,1238.9833333333333,1.0,3.0,15.600000000000001,2.0,22.0,134.13333333333333,2.0,59.0,222.21666666666667,0.0,0.0,0.0,3.0,36.0,102.28333333333333,1.0,48.0,40.0,2.0,12.0,32.96666666666667,0.0,0.0,0.0,1.0,34.0,94.63333333333333,0.0,0.0,0.0,1.0,15.0,63.25,0.0,0.0,0.0,2.0,9.0,26.633333333333333,1.0,6.0,18.7,2.0,182.0,379.6333333333333,0.0,0.0,0.0,1.0,19.0,108.93333333333334,0.0,0.0,0.0
956,16,240,733.8833333333333,3.0,14.0,41.18333333333333,1.0,8.0,19.6,1.0,49.0,294.0,4.0,13.0,16.4,1.0,15.0,17.5,0.0,0.0,0.0,1.0,1.0,3.6666666666666665,1.0,10.0,25.333333333333332,0.0,0.0,0.0,0.0,0.0,0.0,0.0,0.0,0.0,1.0,58.0,188.5,0.0,0.0,0.0,2.0,26.0,114.66666666666667,0.0,0.0,0.0,0.0,0.0,0.0,0.0,0.0,0.0,1.0,46.0,13.033333333333333
957,21,595,2253.1333333333337,2.0,8.0,15.666666666666668,3.0,49.0,51.050000000000004,0.0,0.0,0.0,3.0,12.0,60.95,2.0,21.0,117.71666666666667,1.0,108.0,583.2,0.0,0.0,0.0,3.0,52.0,210.21666666666667,0.0,0.0,0.0,0.0,0.0,0.0,1.0,16.0,40.266666666666666,2.0,122.0,335.5,0.0,0.0,0.0,2.0,34.0,49.25,0.0,0.0,0.0,0.0,0.0,0.0,0.0,0.0,0.0,2.0,173.0,789.3166666666668
958,17,462,1466.0,3.0,10.0,53.10000000000001,1.0,19.0,55.73333333333333,0.0,0.0,0.0,1.0,6.0,24.2,1.0,15.0,34.0,1.0,100.0,235.0,0.0,0.0,0.0,3.0,39.0,161.38333333333333,1.0,40.0,227.33333333333334,0.0,0.0,0.0,1.0,22.0,4.766666666666667,1.0,105.0,180.25,0.0,0.0,0.0,1.0,23.0,139.15,1.0,47.0,214.63333333333333,0.0,0.0,0.0,1.0,5.0,8.833333333333332,1.0,31.0,127.61666666666666
959,21,537,2054.0666666666666,5.0,23.0,102.01666666666668,0.0,0.0,0.0,0.0,0.0,0.0,2.0,7.0,23.200000000000003,2.0,19.0,46.43333333333334,0.0,0.0,0.0,1.0,5.0,13.583333333333334,2.0,20.0,45.733333333333334,0.0,0.0,0.0,0.0,0.0,0.0,1.0,13.0,4.55,1.0,84.0,163.79999999999998,0.0,0.0,0.0,2.0,16.0,79.19999999999999,1.0,77.0,214.31666666666666,0.0,0.0,0.0,1.0,7.0,34.06666666666666,3.0,266.0,1327.1666666666667
960,16,652,1928.2666666666667,1.0,3.0,4.35,1.0,15.0,87.75,1.0,64.0,32.0,0.0,0.0,0.0,2.0,37.0,144.23333333333332,1.0,50.0,152.5,1.0,1.0,4.983333333333333,1.0,21.0,61.95,0.0,0.0,0.0,2.0,7.0,24.0,0.0,0.0,0.0,1.0,101.0,324.8833333333333,1.0,5.0,29.166666666666664,0.0,0.0,0.0,1.0,61.0,50.833333333333336,0.0,0.0,0.0,0.0,0.0,0.0,3.0,287.0,1011.6166666666667
961,20,547,1747.6499999999999,2.0,12.0,54.8,0.0,0.0,0.0,0.0,0.0,0.0,4.0,17.0,59.23333333333333,1.0,8.0,23.2,1.0,81.0,481.95,3.0,14.0,47.7,1.0,7.0,38.96666666666667,0.0,0.0,0.0,0.0,0.0,0.0,1.0,20.0,102.33333333333333,1.0,39.0,101.4,1.0,4.0,19.866666666666667,0.0,0.0,0.0,3.0,215.0,759.0,1.0,4.0,25.6,0.0,0.0,0.0,1.0,126.0,33.6
962,26,680,2424.383333333333,5.0,17.0,70.7,1.0,19.0,72.2,0.0,0.0,0.0,6.0,35.0,103.38333333333334,1.0,18.0,100.8,0.0,0.0,0.0,1.0,4.0,22.866666666666667,0.0,0.0,0.0,1.0,39.0,19.5,0.0,0.0,0.0,1.0,14.0,84.23333333333333,2.0,123.0,362.55,0.0,0.0,0.0,2.0,35.0,140.16666666666669,4.0,291.0,1126.8666666666666,0.0,0.0,0.0,1.0,9.0,8.25,1.0,76.0,312.8666666666666
963,27,615,1997.1166666666666,3.0,10.0,37.650000000000006,2.0,32.0,40.333333333333336,0.0,0.0,0.0,5.0,22.0,62.1,1.0,22.0,72.23333333333333,0.0,0.0,0.0,2.0,8.0,46.86666666666667,0.0,0.0,0.0,0.0,0.0,0.0,0.0,0.0,0.0,3.0,36.0,111.31666666666665,3.0,196.0,602.2666666666667,1.0,5.0,23.833333333333332,1.0,9.0,39.75,4.0,242.0,770.1,0.0,0.0,0.0,2.0,33.0,190.66666666666666,0.0,0.0,0.0
964,16,419,1402.6333333333334,1.0,5.0,21.583333333333332,0.0,0.0,0.0,0.0,0.0,0.0,2.0,11.0,9.5,1.0,19.0,11.4,0.0,0.0,0.0,2.0,8.0,33.75,1.0,18.0,108.6,0.0,0.0,0.0,0.0,0.0,0.0,1.0,17.0,86.41666666666666,1.0,24.0,64.0,0.0,0.0,0.0,1.0,6.0,38.300000000000004,1.0,62.0,381.3,0.0,0.0,0.0,1.0,23.0,62.483333333333334,4.0,226.0,585.3
965,26,593,2208.0,3.0,13.0,18.116666666666667,1.0,21.0,49.35,0.0,0.0,0.0,3.0,10.0,17.883333333333333,2.0,9.0,28.733333333333334,0.0,0.0,0.0,2.0,6.0,25.2,2.0,39.0,171.25,0.0,0.0,0.0,0.0,0.0,0.0,5.0,62.0,274.75,2.0,140.0,655.6666666666666,0.0,0.0,0.0,2.0,17.0,91.78333333333333,2.0,207.0,703.3166666666667,0.0,0.0,0.0,0.0,0.0,0.0,2.0,69.0,171.95
966,22,650,2661.85,5.0,28.0,90.78333333333333,2.0,15.0,89.93333333333334,1.0,93.0,241.8,3.0,10.0,42.1,1.0,23.0,93.91666666666666,0.0,0.0,0.0,0.0,0.0,0.0,1.0,19.0,93.10000000000001,0.0,0.0,0.0,1.0,2.0,7.366666666666666,2.0,36.0,129.04999999999998,2.0,139.0,681.8666666666666,0.0,0.0,0.0,0.0,0.0,0.0,2.0,178.0,857.4833333333333,0.0,0.0,0.0,0.0,0.0,0.0,2.0,107.0,334.45
967,30,843,2557.7333333333336,2.0,6.0,36.483333333333334,3.0,31.0,141.11666666666667,2.0,132.0,678.2,0.0,0.0,0.0,3.0,25.0,95.55,0.0,0.0,0.0,1.0,3.0,3.4,5.0,45.0,96.25,0.0,0.0,0.0,0.0,0.0,0.0,4.0,43.0,154.06666666666666,2.0,202.0,345.6166666666667,1.0,7.0,8.633333333333333,1.0,17.0,97.18333333333334,2.0,155.0,307.7166666666667,0.0,0.0,0.0,1.0,23.0,118.45,3.0,154.0,475.06666666666666
968,22,729,1793.05,5.0,16.0,32.15,0.0,0.0,0.0,0.0,0.0,0.0,3.0,9.0,12.8,1.0,11.0,30.616666666666667,1.0,99.0,254.10000000000002,0.0,0.0,0.0,0.0,0.0,0.0,1.0,24.0,63.599999999999994,0.0,0.0,0.0,2.0,27.0,46.83333333333333,3.0,224.0,431.35,0.0,0.0,0.0,1.0,9.0,43.65,2.0,173.0,652.4333333333334,0.0,0.0,0.0,2.0,22.0,39.6,1.0,115.0,185.91666666666666
969,19,810,3182.05,2.0,4.0,18.416666666666668,1.0,22.0,31.166666666666668,1.0,30.0,134.0,1.0,4.0,0.7333333333333333,0.0,0.0,0.0,1.0,71.0,357.3666666666667,0.0,0.0,0.0,1.0,12.0,60.8,1.0,58.0,261.96666666666664,0.0,0.0,0.0,1.0,15.0,15.0,3.0,283.0,1119.2333333333333,0.0,0.0,0.0,1.0,16.0,37.06666666666667,3.0,249.0,967.2,0.0,0.0,0.0,3.0,46.0,179.1,0.0,0.0,0.0
970,16,571,2058.5666666666666,0.0,0.0,0.0,3.0,34.0,76.23333333333333,0.0,0.0,0.0,1.0,4.0,21.866666666666667,0.0,0.0,0.0,0.0,0.0,0.0,2.0,10.0,11.316666666666666,0.0,0.0,0.0,1.0,71.0,35.5,0.0,0.0,0.0,0.0,0.0,0.0,1.0,121.0,730.0333333333333,1.0,5.0,26.75,1.0,15.0,33.5,2.0,139.0,594.3,0.0,0.0,0.0,0.0,0.0,0.0,4.0,172.0,529.0666666666666
971,16,493,1214.6000000000001,2.0,6.0,36.45,0.0,0.0,0.0,0.0,0.0,0.0,2.0,7.0,32.5,0.0,0.0,0.0,0.0,0.0,0.0,3.0,5.0,15.283333333333335,1.0,12.0,39.4,0.0,0.0,0.0,0.0,0.0,0.0,1.0,4.0,7.133333333333334,3.0,215.0,700.2666666666667,0.0,0.0,0.0,0.0,0.0,0.0,1.0,114.0,64.6,1.0,7.0,43.4,1.0,22.0,80.3,1.0,101.0,195.26666666666668
972,18,594,2949.9833333333336,2.0,6.0,37.66666666666667,1.0,22.0,98.26666666666667,1.0,57.0,58.900000000000006,1.0,2.0,8.533333333333333,1.0,9.0,35.4,1.0,60.0,343.0,2.0,7.0,18.483333333333334,0.0,0.0,0.0,0.0,0.0,0.0,1.0,3.0,15.1,1.0,6.0,14.5,1.0,38.0,117.8,0.0,0.0,0.0,0.0,0.0,0.0,3.0,225.0,1225.5,0.0,0.0,0.0,1.0,18.0,54.599999999999994,2.0,141.0,922.2333333333333
973,27,519,1255.5166666666667,4.0,19.0,57.13333333333334,5.0,53.0,242.33333333333334,1.0,122.0,73.2,3.0,9.0,18.133333333333333,1.0,5.0,27.25,0.0,0.0,0.0,2.0,9.0,47.93333333333333,1.0,11.0,65.26666666666667,0.0,0.0,0.0,0.0,0.0,0.0,2.0,26.0,41.9,1.0,69.0,185.14999999999998,0.0,0.0,0.0,2.0,34.0,58.36666666666667,3.0,146.0,384.45,1.0,2.0,1.2,1.0,14.0,53.199999999999996,0.0,0.0,0.0
974,9,74,312.3666666666667,2.0,7.0,18.78333333333333,1.0,13.0,35.31666666666667,0.0,0.0,0.0,1.0,7.0,8.983333333333334,1.0,15.0,99.0,0.0,0.0,0.0,1.0,6.0,31.5,0.0,0.0,0.0,0.0,0.0,0.0,0.0,0.0,0.0,3.0,26.0,118.78333333333333,0.0,0.0,0.0,0.0,0.0,0.0,0.0,0.0,0.0,0.0,0.0,0.0,0.0,0.0,0.0,0.0,0.0,0.0,0.0,0.0,0.0
975,19,249,803.4833333333333,4.0,11.0,30.65,1.0,11.0,13.933333333333334,1.0,25.0,15.416666666666668,2.0,4.0,7.666666666666666,2.0,29.0,170.86666666666667,0.0,0.0,0.0,2.0,10.0,31.083333333333332,2.0,27.0,93.75,0.0,0.0,0.0,0.0,0.0,0.0,1.0,23.0,83.56666666666666,0.0,0.0,0.0,0.0,0.0,0.0,2.0,25.0,84.75,1.0,81.0,263.25,1.0,3.0,8.55,0.0,0.0,0.0,0.0,0.0,0.0
976,12,316,761.4666666666667,2.0,10.0,34.916666666666664,1.0,19.0,6.6499999999999995,0.0,0.0,0.0,1.0,3.0,13.649999999999999,2.0,40.0,120.08333333333333,0.0,0.0,0.0,1.0,4.0,23.733333333333334,0.0,0.0,0.0,0.0,0.0,0.0,0.0,0.0,0.0,1.0,21.0,7.0,0.0,0.0,0.0,0.0,0.0,0.0,1.0,9.0,45.599999999999994,1.0,85.0,167.16666666666666,0.0,0.0,0.0,0.0,0.0,0.0,2.0,125.0,342.66666666666663
977,20,672,2579.4666666666667,2.0,8.0,11.266666666666667,1.0,6.0,11.5,1.0,86.0,569.0333333333333,3.0,9.0,24.633333333333333,3.0,40.0,245.26666666666665,0.0,0.0,0.0,1.0,3.0,12.600000000000001,2.0,27.0,82.43333333333334,0.0,0.0,0.0,0.0,0.0,0.0,0.0,0.0,0.0,2.0,123.0,638.75,0.0,0.0,0.0,0.0,0.0,0.0,2.0,241.0,738.0333333333333,0.0,0.0,0.0,2.0,16.0,76.45,1.0,113.0,169.5
978,17,462,667.3166666666667,2.0,12.0,43.99999999999999,2.0,19.0,24.3,0.0,0.0,0.0,1.0,1.0,5.833333333333333,1.0,21.0,103.60000000000001,0.0,0.0,0.0,4.0,9.0,13.183333333333334,1.0,19.0,38.31666666666666,0.0,0.0,0.0,0.0,0.0,0.0,1.0,9.0,51.9,3.0,182.0,196.05,0.0,0.0,0.0,0.0,0.0,0.0,1.0,88.0,108.53333333333333,0.0,0.0,0.0,0.0,0.0,0.0,1.0,102.0,81.60000000000001
979,20,608,2242.2,2.0,6.0,16.75,1.0,15.0,27.5,0.0,0.0,0.0,4.0,19.0,79.65,1.0,7.0,18.433333333333334,0.0,0.0,0.0,1.0,4.0,20.6,0.0,0.0,0.0,0.0,0.0,0.0,0.0,0.0,0.0,3.0,25.0,66.53333333333333,4.0,360.0,1516.8,0.0,0.0,0.0,0.0,0.0,0.0,0.0,0.0,0.0,0.0,0.0,0.0,1.0,12.0,15.400000000000002,3.0,160.0,480.5333333333333
980,24,1023,3599.3333333333335,1.0,3.0,14.5,1.0,5.0,7.416666666666667,1.0,20.0,115.33333333333333,2.0,12.0,40.61666666666666,1.0,17.0,62.900000000000006,1.0,32.0,152.53333333333333,2.0,6.0,16.233333333333334,1.0,19.0,66.5,0.0,0.0,0.0,0.0,0.0,0.0,0.0,0.0,0.0,6.0,528.0,1814.1,0.0,0.0,0.0,2.0,26.0,130.0,2.0,125.0,351.93333333333334,0.0,0.0,0.0,0.0,0.0,0.0,4.0,230.0,827.2666666666667
981,20,317,915.4333333333333,2.0,4.0,23.73333333333333,1.0,11.0,55.0,0.0,0.0,0.0,1.0,7.0,46.31666666666666,5.0,83.0,231.46666666666667,0.0,0.0,0.0,5.0,20.0,59.33333333333333,0.0,0.0,0.0,0.0,0.0,0.0,1.0,1.0,1.25,2.0,16.0,38.083333333333336,2.0,140.0,309.1666666666667,0.0,0.0,0.0,0.0,0.0,0.0,0.0,0.0,0.0,0.0,0.0,0.0,0.0,0.0,0.0,1.0,35.0,151.08333333333331
982,18,382,986.8499999999999,3.0,15.0,38.06666666666666,2.0,27.0,16.45,1.0,94.0,366.59999999999997,2.0,2.0,12.016666666666666,1.0,7.0,18.900000000000002,1.0,46.0,266.0333333333333,4.0,18.0,70.9,1.0,5.0,29.833333333333336,1.0,24.0,105.20000000000002,0.0,0.0,0.0,0.0,0.0,0.0,0.0,0.0,0.0,0.0,0.0,0.0,0.0,0.0,0.0,0.0,0.0,0.0,0.0,0.0,0.0,1.0,17.0,14.166666666666668,1.0,127.0,48.68333333333334
983,18,625,2177.35,3.0,11.0,46.61666666666667,0.0,0.0,0.0,0.0,0.0,0.0,0.0,0.0,0.0,2.0,19.0,91.51666666666667,0.0,0.0,0.0,2.0,8.0,34.083333333333336,1.0,5.0,28.416666666666668,1.0,116.0,406.0,0.0,0.0,0.0,0.0,0.0,0.0,3.0,286.0,661.2166666666667,1.0,1.0,4.05,1.0,7.0,44.1,1.0,91.0,523.25,0.0,0.0,0.0,2.0,19.0,103.53333333333333,1.0,62.0,234.56666666666666
984,22,398,1751.4833333333333,2.0,3.0,5.433333333333334,4.0,40.0,181.03333333333333,0.0,0.0,0.0,4.0,19.0,61.266666666666666,1.0,8.0,33.6,0.0,0.0,0.0,2.0,5.0,19.883333333333333,3.0,44.0,146.23333333333335,0.0,0.0,0.0,0.0,0.0,0.0,1.0,5.0,29.583333333333336,1.0,105.0,283.5,0.0,0.0,0.0,0.0,0.0,0.0,0.0,0.0,0.0,1.0,1.0,4.5,0.0,0.0,0.0,3.0,168.0,986.45
985,19,602,2396.3500000000004,4.0,19.0,73.85000000000001,2.0,31.0,102.45,0.0,0.0,0.0,2.0,5.0,30.15,0.0,0.0,0.0,0.0,0.0,0.0,2.0,11.0,41.15,0.0,0.0,0.0,1.0,108.0,615.6,0.0,0.0,0.0,1.0,23.0,90.08333333333333,2.0,178.0,884.9833333333333,0.0,0.0,0.0,2.0,24.0,111.9,1.0,118.0,304.83333333333337,0.0,0.0,0.0,0.0,0.0,0.0,2.0,85.0,141.35
986,21,519,1066.55,1.0,7.0,18.900000000000002,4.0,50.0,215.83333333333334,2.0,167.0,262.66666666666663,4.0,18.0,73.7,0.0,0.0,0.0,0.0,0.0,0.0,3.0,10.0,33.03333333333333,1.0,20.0,5.333333333333333,0.0,0.0,0.0,0.0,0.0,0.0,1.0,16.0,93.33333333333333,2.0,93.0,202.75,0.0,0.0,0.0,0.0,0.0,0.0,0.0,0.0,0.0,0.0,0.0,0.0,1.0,19.0,57.63333333333333,2.0,119.0,103.36666666666665
987,24,572,2069.7000000000003,3.0,9.0,7.566666666666666,2.0,27.0,61.266666666666666,0.0,0.0,0.0,4.0,17.0,62.61666666666667,2.0,28.0,151.4,2.0,57.0,149.55,1.0,6.0,26.199999999999996,0.0,0.0,0.0,1.0,67.0,313.78333333333336,0.0,0.0,0.0,2.0,20.0,113.46666666666667,4.0,95.0,170.6,0.0,0.0,0.0,0.0,0.0,0.0,1.0,122.0,721.8333333333334,0.0,0.0,0.0,1.0,19.0,74.41666666666666,1.0,105.0,217.00000000000003
988,11,192,661.9833333333333,1.0,3.0,7.15,2.0,20.0,116.91666666666667,0.0,0.0,0.0,1.0,1.0,2.716666666666667,2.0,26.0,142.60000000000002,0.0,0.0,0.0,0.0,0.0,0.0,1.0,22.0,69.3,1.0,18.0,106.2,0.0,0.0,0.0,0.0,0.0,0.0,0.0,0.0,0.0,0.0,0.0,0.0,1.0,15.0,25.25,0.0,0.0,0.0,0.0,0.0,0.0,1.0,9.0,12.45,1.0,78.0,179.39999999999998
989,13,571,2536.516666666667,3.0,9.0,52.266666666666666,1.0,21.0,40.6,0.0,0.0,0.0,0.0,0.0,0.0,0.0,0.0,0.0,0.0,0.0,0.0,0.0,0.0,0.0,0.0,0.0,0.0,0.0,0.0,0.0,0.0,0.0,0.0,1.0,21.0,72.45,4.0,337.0,1736.1833333333334,0.0,0.0,0.0,1.0,16.0,15.466666666666667,0.0,0.0,0.0,1.0,4.0,13.8,0.0,0.0,0.0,2.0,163.0,605.75
990,19,803,3086.9666666666667,2.0,3.0,13.616666666666667,0.0,0.0,0.0,0.0,0.0,0.0,2.0,9.0,21.75,2.0,33.0,189.1,1.0,81.0,353.7,2.0,10.0,31.46666666666667,1.0,15.0,47.5,2.0,219.0,886.0833333333334,0.0,0.0,0.0,1.0,18.0,74.1,1.0,51.0,51.849999999999994,0.0,0.0,0.0,1.0,13.0,75.61666666666666,2.0,211.0,835.9833333333333,0.0,0.0,0.0,0.0,0.0,0.0,2.0,140.0,506.2
991,30,1109,3846.366666666667,2.0,9.0,15.25,0.0,0.0,0.0,2.0,116.0,83.4,3.0,11.0,33.95,3.0,52.0,196.53333333333333,0.0,0.0,0.0,1.0,5.0,8.833333333333332,2.0,33.0,97.66666666666666,2.0,199.0,741.9833333333333,0.0,0.0,0.0,2.0,30.0,141.83333333333331,4.0,328.0,1207.7166666666667,1.0,3.0,10.9,2.0,30.0,68.33333333333333,3.0,243.0,1004.25,0.0,0.0,0.0,2.0,29.0,155.56666666666666,1.0,21.0,80.15
992,32,980,3014.4166666666665,4.0,19.0,65.46666666666667,3.0,49.0,112.95,2.0,80.0,104.43333333333332,1.0,3.0,8.7,1.0,23.0,16.483333333333334,0.0,0.0,0.0,3.0,7.0,15.766666666666667,4.0,45.0,133.38333333333333,0.0,0.0,0.0,0.0,0.0,0.0,2.0,23.0,76.31666666666666,1.0,53.0,236.73333333333335,0.0,0.0,0.0,2.0,36.0,137.71666666666667,5.0,292.0,1265.8666666666666,0.0,0.0,0.0,0.0,0.0,0.0,4.0,350.0,840.6
993,15,529,2211.2000000000003,3.0,11.0,15.166666666666668,1.0,10.0,21.333333333333332,0.0,0.0,0.0,0.0,0.0,0.0,2.0,27.0,39.916666666666664,0.0,0.0,0.0,2.0,12.0,55.81666666666667,0.0,0.0,0.0,0.0,0.0,0.0,0.0,0.0,0.0,1.0,21.0,37.800000000000004,3.0,264.0,1048.2833333333333,0.0,0.0,0.0,0.0,0.0,0.0,1.0,101.0,498.2666666666667,0.0,0.0,0.0,1.0,11.0,48.21666666666667,1.0,72.0,446.40000000000003
994,20,290,1137.4666666666667,2.0,9.0,30.4,1.0,5.0,23.416666666666668,1.0,56.0,171.73333333333335,2.0,6.0,27.4,2.0,16.0,62.133333333333326,0.0,0.0,0.0,4.0,16.0,72.6,0.0,0.0,0.0,0.0,0.0,0.0,1.0,7.0,34.53333333333333,1.0,17.0,22.1,2.0,132.0,581.05,1.0,6.0,20.599999999999998,3.0,20.0,91.5,0.0,0.0,0.0,0.0,0.0,0.0,0.0,0.0,0.0,0.0,0.0,0.0
995,14,215,996.1666666666666,2.0,11.0,39.766666666666666,0.0,0.0,0.0,0.0,0.0,0.0,0.0,0.0,0.0,0.0,0.0,0.0,0.0,0.0,0.0,2.0,7.0,44.56666666666666,1.0,8.0,41.46666666666667,1.0,64.0,374.4,1.0,6.0,13.900000000000002,2.0,9.0,26.833333333333336,0.0,0.0,0.0,1.0,7.0,21.46666666666667,1.0,23.0,83.56666666666666,2.0,57.0,221.7833333333333,0.0,0.0,0.0,1.0,23.0,128.41666666666666,0.0,0.0,0.0
996,20,591,2313.1,3.0,11.0,35.03333333333333,3.0,59.0,192.13333333333333,0.0,0.0,0.0,0.0,0.0,0.0,1.0,21.0,130.55,0.0,0.0,0.0,0.0,0.0,0.0,3.0,37.0,63.65,0.0,0.0,0.0,0.0,0.0,0.0,1.0,17.0,20.4,3.0,255.0,992.7333333333333,1.0,2.0,5.7,1.0,19.0,48.76666666666667,1.0,26.0,82.33333333333333,0.0,0.0,0.0,1.0,12.0,26.8,2.0,132.0,715.0
997,16,246,833.6333333333333,3.0,12.0,60.25,0.0,0.0,0.0,1.0,49.0,88.2,2.0,3.0,4.816666666666666,1.0,21.0,134.05,1.0,32.0,187.73333333333332,2.0,11.0,63.33333333333333,2.0,30.0,151.9,0.0,0.0,0.0,0.0,0.0,0.0,1.0,11.0,11.366666666666667,1.0,33.0,72.05,0.0,0.0,0.0,1.0,20.0,10.333333333333334,0.0,0.0,0.0,0.0,0.0,0.0,0.0,0.0,0.0,1.0,24.0,49.60000000000001
998,28,739,2590.5166666666664,1.0,7.0,32.31666666666666,3.0,39.0,103.43333333333334,0.0,0.0,0.0,5.0,25.0,68.26666666666667,0.0,0.0,0.0,0.0,0.0,0.0,3.0,11.0,44.016666666666666,2.0,28.0,80.60000000000001,1.0,65.0,35.75,0.0,0.0,0.0,4.0,54.0,164.23333333333335,2.0,159.0,881.4499999999999,1.0,5.0,29.583333333333336,1.0,12.0,3.4,2.0,197.0,831.4333333333334,0.0,0.0,0.0,1.0,7.0,27.183333333333334,2.0,130.0,288.85
999,21,731,2492.5833333333335,1.0,7.0,29.050000000000004,2.0,34.0,156.93333333333334,1.0,72.0,337.20000000000005,2.0,12.0,19.549999999999997,2.0,33.0,163.71666666666667,1.0,37.0,17.883333333333333,2.0,8.0,27.35,0.0,0.0,0.0,0.0,0.0,0.0,0.0,0.0,0.0,0.0,0.0,0.0,3.0,113.0,246.16666666666666,0.0,0.0,0.0,2.0,30.0,131.63333333333333,3.0,302.0,1058.6166666666666,0.0,0.0,0.0,1.0,13.0,54.81666666666667,1.0,70.0,249.66666666666669
1000,26,588,2151.65,3.0,6.0,26.966666666666665,4.0,56.0,176.06666666666666,1.0,65.0,261.0833333333333,1.0,7.0,30.216666666666665,1.0,7.0,19.366666666666667,2.0,190.0,595.3333333333334,2.0,8.0,33.266666666666666,1.0,5.0,31.916666666666668,0.0,0.0,0.0,0.0,0.0,0.0,4.0,60.0,234.33333333333331,0.0,0.0,0.0,0.0,0.0,0.0,1.0,16.0,42.4,1.0,37.0,130.11666666666667,0.0,0.0,0.0,3.0,48.0,119.66666666666666,2.0,83.0,450.91666666666663
1001,33,756,2024.6,3.0,4.0,15.816666666666666,3.0,25.0,28.716666666666665,0.0,0.0,0.0,5.0,25.0,62.5,0.0,0.0,0.0,0.0,0.0,0.0,2.0,12.0,30.083333333333332,0.0,0.0,0.0,1.0,109.0,219.81666666666666,0.0,0.0,0.0,2.0,14.0,67.9,2.0,111.0,202.39999999999998,1.0,6.0,11.799999999999999,1.0,19.0,47.81666666666666,5.0,200.0,549.7166666666667,0.0,0.0,0.0,2.0,12.0,35.166666666666664,6.0,219.0,752.8666666666667
1002,24,1012,3894.2666666666664,3.0,15.0,66.35,1.0,12.0,36.599999999999994,1.0,112.0,377.06666666666666,3.0,11.0,30.43333333333333,2.0,38.0,87.63333333333333,0.0,0.0,0.0,1.0,2.0,10.866666666666667,0.0,0.0,0.0,0.0,0.0,0.0,0.0,0.0,0.0,1.0,4.0,3.6,4.0,336.0,1078.2666666666667,0.0,0.0,0.0,0.0,0.0,0.0,4.0,158.0,650.5833333333334,0.0,0.0,0.0,0.0,0.0,0.0,4.0,324.0,1552.8666666666668
1003,16,432,1230.5833333333333,4.0,21.0,94.71666666666665,0.0,0.0,0.0,1.0,100.0,190.0,0.0,0.0,0.0,1.0,17.0,96.05000000000001,1.0,55.0,137.5,1.0,5.0,28.75,1.0,18.0,104.39999999999999,0.0,0.0,0.0,0.0,0.0,0.0,1.0,18.0,37.5,0.0,0.0,0.0,1.0,5.0,4.583333333333333,1.0,23.0,151.41666666666666,2.0,106.0,347.0,0.0,0.0,0.0,1.0,6.0,20.3,1.0,58.0,18.366666666666667
1004,16,490,1344.25,3.0,11.0,36.53333333333333,0.0,0.0,0.0,0.0,0.0,0.0,1.0,5.0,6.166666666666667,2.0,14.0,62.166666666666664,0.0,0.0,0.0,1.0,1.0,2.9,0.0,0.0,0.0,0.0,0.0,0.0,0.0,0.0,0.0,3.0,33.0,122.95,3.0,236.0,361.75,0.0,0.0,0.0,0.0,0.0,0.0,2.0,137.0,568.9333333333333,0.0,0.0,0.0,0.0,0.0,0.0,1.0,53.0,182.85000000000002
1005,22,800,2431.2166666666667,1.0,4.0,13.333333333333334,4.0,45.0,101.46666666666667,1.0,101.0,528.5666666666667,2.0,9.0,29.5,1.0,11.0,12.649999999999999,0.0,0.0,0.0,0.0,0.0,0.0,2.0,39.0,126.8,0.0,0.0,0.0,0.0,0.0,0.0,1.0,5.0,1.5833333333333333,6.0,421.0,840.3833333333333,0.0,0.0,0.0,1.0,17.0,71.4,1.0,107.0,493.9833333333333,0.0,0.0,0.0,2.0,41.0,211.55,0.0,0.0,0.0
1006,29,701,2229.133333333333,5.0,15.0,52.5,1.0,7.0,32.9,1.0,119.0,341.1333333333333,6.0,26.0,78.03333333333333,3.0,58.0,250.61666666666667,0.0,0.0,0.0,3.0,9.0,22.433333333333334,0.0,0.0,0.0,0.0,0.0,0.0,0.0,0.0,0.0,1.0,5.0,9.0,2.0,139.0,327.0333333333333,2.0,12.0,24.8,0.0,0.0,0.0,2.0,170.0,797.3333333333334,0.0,0.0,0.0,0.0,0.0,0.0,3.0,141.0,293.34999999999997
1007,23,436,1757.6666666666667,1.0,2.0,7.166666666666667,3.0,47.0,152.5,0.0,0.0,0.0,5.0,19.0,84.2,2.0,21.0,67.9,0.0,0.0,0.0,2.0,7.0,29.183333333333334,0.0,0.0,0.0,0.0,0.0,0.0,1.0,2.0,2.1333333333333333,3.0,40.0,182.61666666666667,1.0,106.0,395.73333333333335,1.0,1.0,1.7,2.0,15.0,60.099999999999994,0.0,0.0,0.0,0.0,0.0,0.0,0.0,0.0,0.0,2.0,176.0,774.4333333333334
1008,19,512,1240.7,3.0,16.0,30.15,1.0,19.0,74.1,0.0,0.0,0.0,3.0,13.0,67.30000000000001,1.0,10.0,14.833333333333334,0.0,0.0,0.0,1.0,4.0,12.0,0.0,0.0,0.0,0.0,0.0,0.0,1.0,1.0,5.233333333333333,3.0,21.0,58.58333333333333,0.0,0.0,0.0,0.0,0.0,0.0,0.0,0.0,0.0,3.0,213.0,377.3333333333333,0.0,0.0,0.0,0.0,0.0,0.0,3.0,215.0,601.1666666666667
1009,22,742,2785.7000000000003,3.0,13.0,31.65,1.0,16.0,95.73333333333333,1.0,88.0,382.79999999999995,2.0,10.0,31.633333333333333,1.0,15.0,92.25,0.0,0.0,0.0,1.0,7.0,41.65,1.0,20.0,95.66666666666666,0.0,0.0,0.0,0.0,0.0,0.0,1.0,8.0,49.46666666666667,6.0,325.0,799.15,0.0,0.0,0.0,1.0,13.0,74.53333333333333,0.0,0.0,0.0,0.0,0.0,0.0,1.0,18.0,108.3,3.0,209.0,982.8666666666668
1010,27,822,2696.7,2.0,9.0,13.666666666666668,3.0,34.0,156.63333333333333,1.0,102.0,419.9,3.0,6.0,23.183333333333334,1.0,11.0,2.933333333333333,0.0,0.0,0.0,0.0,0.0,0.0,4.0,39.0,71.36666666666666,0.0,0.0,0.0,0.0,0.0,0.0,1.0,18.0,108.6,4.0,280.0,1131.65,0.0,0.0,0.0,1.0,15.0,34.25,3.0,133.0,305.7,0.0,0.0,0.0,1.0,9.0,36.75,3.0,166.0,392.06666666666666
1011,21,742,2351.616666666667,2.0,11.0,48.016666666666666,1.0,19.0,104.81666666666666,0.0,0.0,0.0,2.0,9.0,40.050000000000004,1.0,19.0,105.45,0.0,0.0,0.0,0.0,0.0,0.0,2.0,21.0,28.816666666666666,0.0,0.0,0.0,0.0,0.0,0.0,1.0,17.0,3.4000000000000004,3.0,317.0,1266.95,0.0,0.0,0.0,2.0,32.0,59.36666666666667,4.0,272.0,615.9666666666666,1.0,1.0,3.683333333333333,2.0,24.0,75.1,0.0,0.0,0.0
1012,22,654,1884.7833333333333,3.0,15.0,63.016666666666666,2.0,30.0,180.75,0.0,0.0,0.0,1.0,5.0,23.333333333333336,0.0,0.0,0.0,0.0,0.0,0.0,4.0,16.0,47.43333333333333,1.0,18.0,37.2,0.0,0.0,0.0,1.0,5.0,22.25,0.0,0.0,0.0,0.0,0.0,0.0,0.0,0.0,0.0,1.0,23.0,7.666666666666666,4.0,289.0,1003.1833333333333,0.0,0.0,0.0,2.0,15.0,49.81666666666666,3.0,238.0,450.1333333333334
1013,22,542,1694.3333333333333,4.0,19.0,67.8,1.0,22.0,63.8,0.0,0.0,0.0,2.0,4.0,13.233333333333334,2.0,28.0,59.516666666666666,0.0,0.0,0.0,1.0,3.0,18.5,1.0,4.0,7.866666666666666,0.0,0.0,0.0,1.0,1.0,3.3,0.0,0.0,0.0,2.0,139.0,697.1166666666667,0.0,0.0,0.0,1.0,5.0,9.5,2.0,125.0,357.35,1.0,5.0,32.916666666666664,2.0,22.0,78.55,2.0,165.0,284.8833333333334
1014,19,718,2162.15,1.0,5.0,10.333333333333334,4.0,55.0,146.96666666666667,0.0,0.0,0.0,1.0,1.0,4.75,0.0,0.0,0.0,1.0,20.0,44.333333333333336,1.0,1.0,6.05,0.0,0.0,0.0,0.0,0.0,0.0,0.0,0.0,0.0,2.0,37.0,63.83333333333333,5.0,387.0,1577.3166666666666,0.0,0.0,0.0,1.0,17.0,77.06666666666666,1.0,79.0,123.76666666666667,1.0,7.0,45.96666666666667,0.0,0.0,0.0,1.0,109.0,61.766666666666666
1015,13,335,1276.7666666666667,2.0,7.0,8.049999999999999,1.0,14.0,3.966666666666667,0.0,0.0,0.0,2.0,10.0,35.5,0.0,0.0,0.0,1.0,21.0,119.0,1.0,7.0,4.083333333333334,1.0,10.0,21.0,0.0,0.0,0.0,0.0,0.0,0.0,0.0,0.0,0.0,3.0,220.0,875.8666666666666,0.0,0.0,0.0,0.0,0.0,0.0,1.0,23.0,111.93333333333332,0.0,0.0,0.0,0.0,0.0,0.0,1.0,23.0,97.36666666666667
1016,32,825,3313.1,3.0,11.0,42.18333333333334,2.0,25.0,40.233333333333334,1.0,99.0,513.15,3.0,13.0,60.65,1.0,23.0,53.28333333333334,0.0,0.0,0.0,8.0,34.0,93.88333333333334,3.0,55.0,134.71666666666667,0.0,0.0,0.0,0.0,0.0,0.0,3.0,54.0,92.03333333333333,3.0,219.0,795.7166666666667,0.0,0.0,0.0,1.0,8.0,7.066666666666666,2.0,81.0,290.70000000000005,0.0,0.0,0.0,0.0,0.0,0.0,2.0,203.0,1189.4833333333333
1017,23,523,2191.9333333333334,3.0,9.0,45.416666666666664,1.0,7.0,31.150000000000002,0.0,0.0,0.0,4.0,14.0,42.53333333333333,2.0,31.0,148.39999999999998,1.0,54.0,257.4,2.0,11.0,34.25,0.0,0.0,0.0,0.0,0.0,0.0,0.0,0.0,0.0,1.0,6.0,29.199999999999996,3.0,235.0,1042.5666666666666,1.0,5.0,18.0,2.0,28.0,97.28333333333333,1.0,83.0,369.35,0.0,0.0,0.0,2.0,40.0,76.38333333333333,0.0,0.0,0.0
1018,25,585,1666.2166666666667,1.0,4.0,6.266666666666667,3.0,35.0,119.9,0.0,0.0,0.0,2.0,12.0,27.416666666666668,1.0,19.0,99.11666666666667,0.0,0.0,0.0,4.0,15.0,58.43333333333333,4.0,74.0,203.06666666666666,0.0,0.0,0.0,0.0,0.0,0.0,1.0,17.0,57.516666666666666,3.0,159.0,545.7166666666667,0.0,0.0,0.0,0.0,0.0,0.0,2.0,186.0,211.3,2.0,5.0,23.03333333333333,1.0,14.0,18.2,1.0,45.0,296.25
1019,24,725,2679.483333333333,2.0,7.0,13.033333333333335,2.0,34.0,45.96666666666667,0.0,0.0,0.0,4.0,16.0,85.1,0.0,0.0,0.0,1.0,60.0,119.0,2.0,9.0,55.43333333333334,0.0,0.0,0.0,0.0,0.0,0.0,0.0,0.0,0.0,1.0,18.0,51.9,2.0,170.0,884.25,0.0,0.0,0.0,3.0,51.0,154.98333333333332,1.0,75.0,143.75,0.0,0.0,0.0,1.0,7.0,14.583333333333334,5.0,278.0,1111.4833333333333
1020,20,365,1653.8500000000001,3.0,16.0,73.19999999999999,2.0,28.0,83.3,2.0,131.0,689.8333333333334,1.0,5.0,1.25,2.0,22.0,103.16666666666669,0.0,0.0,0.0,0.0,0.0,0.0,1.0,6.0,27.299999999999997,0.0,0.0,0.0,1.0,2.0,12.166666666666666,1.0,17.0,63.46666666666667,3.0,88.0,423.0,1.0,3.0,10.25,3.0,47.0,166.91666666666666,0.0,0.0,0.0,0.0,0.0,0.0,0.0,0.0,0.0,0.0,0.0,0.0
1021,17,466,1862.8000000000002,1.0,3.0,7.75,2.0,41.0,159.38333333333333,0.0,0.0,0.0,3.0,4.0,13.933333333333334,1.0,14.0,33.36666666666667,0.0,0.0,0.0,1.0,7.0,43.86666666666667,1.0,15.0,99.75,0.0,0.0,0.0,0.0,0.0,0.0,2.0,30.0,116.00000000000001,2.0,157.0,750.2666666666667,0.0,0.0,0.0,2.0,37.0,108.73333333333333,2.0,158.0,529.75,0.0,0.0,0.0,0.0,0.0,0.0,0.0,0.0,0.0
1022,25,597,1745.0833333333333,5.0,29.0,147.06666666666666,1.0,5.0,27.416666666666668,2.0,194.0,284.83333333333337,4.0,9.0,28.7,0.0,0.0,0.0,0.0,0.0,0.0,2.0,6.0,20.566666666666666,1.0,9.0,18.900000000000002,0.0,0.0,0.0,0.0,0.0,0.0,1.0,5.0,33.0,3.0,171.0,433.05,1.0,7.0,43.050000000000004,1.0,14.0,52.96666666666667,1.0,19.0,7.6000000000000005,0.0,0.0,0.0,2.0,25.0,105.39999999999999,1.0,104.0,542.5333333333333
1023,28,578,1758.75,5.0,16.0,59.53333333333333,1.0,5.0,10.666666666666666,0.0,0.0,0.0,1.0,6.0,25.9,4.0,51.0,217.36666666666667,1.0,37.0,218.91666666666669,5.0,17.0,71.14999999999999,2.0,10.0,6.916666666666667,0.0,0.0,0.0,0.0,0.0,0.0,0.0,0.0,0.0,2.0,154.0,423.0,0.0,0.0,0.0,1.0,9.0,43.05,1.0,45.0,160.5,1.0,7.0,16.099999999999998,2.0,30.0,59.5,2.0,191.0,446.15
1024,30,1011,2972.133333333333,2.0,11.0,34.53333333333333,1.0,19.0,118.11666666666667,0.0,0.0,0.0,1.0,7.0,4.783333333333333,4.0,63.0,226.51666666666665,0.0,0.0,0.0,5.0,23.0,69.76666666666667,1.0,5.0,16.083333333333336,3.0,151.0,231.71666666666667,0.0,0.0,0.0,2.0,15.0,52.16666666666667,4.0,270.0,869.6833333333333,0.0,0.0,0.0,1.0,6.0,34.3,3.0,257.0,718.9833333333333,1.0,1.0,3.0166666666666666,0.0,0.0,0.0,2.0,183.0,592.4666666666667
1025,21,986,2652.366666666667,5.0,24.0,98.35,1.0,11.0,53.53333333333333,0.0,0.0,0.0,0.0,0.0,0.0,2.0,27.0,62.45,1.0,100.0,81.66666666666667,2.0,10.0,38.86666666666667,0.0,0.0,0.0,1.0,90.0,174.0,0.0,0.0,0.0,0.0,0.0,0.0,3.0,341.0,1023.8833333333333,0.0,0.0,0.0,0.0,0.0,0.0,2.0,155.0,391.83333333333337,0.0,0.0,0.0,1.0,22.0,18.333333333333336,3.0,206.0,709.45
1026,22,1042,4058.45,2.0,8.0,25.76666666666667,1.0,16.0,50.4,0.0,0.0,0.0,0.0,0.0,0.0,0.0,0.0,0.0,0.0,0.0,0.0,0.0,0.0,0.0,1.0,12.0,43.0,0.0,0.0,0.0,0.0,0.0,0.0,2.0,45.0,168.68333333333334,4.0,262.0,1098.5666666666666,1.0,2.0,6.133333333333334,1.0,21.0,56.0,5.0,308.0,1491.25,0.0,0.0,0.0,1.0,21.0,89.95,4.0,347.0,1028.7
1027,19,582,2068.4333333333334,1.0,2.0,8.333333333333334,4.0,50.0,208.91666666666669,1.0,31.0,6.2,0.0,0.0,0.0,2.0,11.0,31.683333333333334,1.0,116.0,562.5999999999999,1.0,4.0,22.2,1.0,19.0,18.05,0.0,0.0,0.0,0.0,0.0,0.0,2.0,23.0,114.98333333333333,1.0,89.0,449.45,1.0,2.0,1.9,1.0,9.0,13.049999999999999,0.0,0.0,0.0,0.0,0.0,0.0,0.0,0.0,0.0,3.0,226.0,631.0666666666667
1028,23,503,2025.5166666666667,3.0,11.0,50.41666666666667,3.0,32.0,85.88333333333333,0.0,0.0,0.0,5.0,20.0,49.53333333333333,1.0,14.0,33.6,0.0,0.0,0.0,2.0,7.0,18.05,2.0,28.0,109.61666666666667,0.0,0.0,0.0,0.0,0.0,0.0,1.0,6.0,15.5,2.0,184.0,764.1666666666667,1.0,5.0,24.5,0.0,0.0,0.0,1.0,45.0,129.0,0.0,0.0,0.0,0.0,0.0,0.0,2.0,151.0,745.25
1029,21,460,1712.95,4.0,10.0,41.88333333333334,2.0,31.0,68.56666666666666,0.0,0.0,0.0,2.0,2.0,8.35,1.0,4.0,26.0,0.0,0.0,0.0,3.0,13.0,46.983333333333334,0.0,0.0,0.0,0.0,0.0,0.0,0.0,0.0,0.0,1.0,11.0,48.95,4.0,232.0,575.8333333333334,0.0,0.0,0.0,1.0,10.0,14.5,1.0,119.0,791.35,0.0,0.0,0.0,2.0,28.0,90.53333333333333,0.0,0.0,0.0
1030,16,377,868.9833333333333,3.0,16.0,23.766666666666666,1.0,14.0,27.066666666666666,0.0,0.0,0.0,1.0,5.0,21.333333333333332,2.0,39.0,60.583333333333336,0.0,0.0,0.0,1.0,2.0,12.866666666666667,0.0,0.0,0.0,0.0,0.0,0.0,0.0,0.0,0.0,1.0,9.0,16.5,4.0,217.0,643.5999999999999,0.0,0.0,0.0,1.0,12.0,11.799999999999999,1.0,55.0,44.0,0.0,0.0,0.0,1.0,8.0,7.466666666666667,0.0,0.0,0.0
1031,18,436,1644.3833333333334,3.0,15.0,18.766666666666666,1.0,6.0,27.2,0.0,0.0,0.0,2.0,10.0,61.56666666666666,0.0,0.0,0.0,0.0,0.0,0.0,5.0,23.0,85.58333333333333,0.0,0.0,0.0,0.0,0.0,0.0,0.0,0.0,0.0,0.0,0.0,0.0,3.0,186.0,1047.8,0.0,0.0,0.0,0.0,0.0,0.0,1.0,109.0,210.73333333333335,0.0,0.0,0.0,2.0,30.0,8.433333333333334,1.0,57.0,184.3
1032,26,956,3266.2666666666664,2.0,9.0,21.433333333333334,2.0,27.0,83.26666666666667,1.0,88.0,332.93333333333334,2.0,5.0,2.566666666666667,1.0,8.0,14.4,0.0,0.0,0.0,2.0,6.0,35.166666666666664,0.0,0.0,0.0,0.0,0.0,0.0,0.0,0.0,0.0,4.0,72.0,287.7166666666667,5.0,489.0,1672.1499999999999,0.0,0.0,0.0,0.0,0.0,0.0,2.0,148.0,395.5,1.0,1.0,5.216666666666667,2.0,18.0,29.2,2.0,85.0,386.71666666666664
1033,20,593,2488.5333333333333,3.0,10.0,28.833333333333336,2.0,39.0,140.15,1.0,67.0,270.23333333333335,1.0,7.0,45.266666666666666,2.0,20.0,61.266666666666666,0.0,0.0,0.0,2.0,12.0,21.983333333333334,1.0,9.0,28.349999999999998,0.0,0.0,0.0,0.0,0.0,0.0,1.0,20.0,125.0,2.0,223.0,1053.15,0.0,0.0,0.0,0.0,0.0,0.0,2.0,93.0,296.0,0.0,0.0,0.0,2.0,28.0,70.55000000000001,1.0,65.0,347.75
1034,19,657,2451.4,1.0,5.0,22.666666666666664,0.0,0.0,0.0,1.0,118.0,774.8666666666667,3.0,10.0,30.03333333333333,3.0,24.0,110.73333333333333,2.0,140.0,630.25,3.0,14.0,22.45,1.0,16.0,34.13333333333333,0.0,0.0,0.0,0.0,0.0,0.0,0.0,0.0,0.0,3.0,248.0,681.5666666666666,0.0,0.0,0.0,1.0,4.0,26.4,0.0,0.0,0.0,0.0,0.0,0.0,0.0,0.0,0.0,1.0,78.0,118.3
1035,25,712,2285.866666666667,4.0,17.0,42.08333333333333,0.0,0.0,0.0,0.0,0.0,0.0,3.0,7.0,14.216666666666669,3.0,40.0,77.2,1.0,122.0,227.73333333333335,3.0,12.0,40.13333333333333,0.0,0.0,0.0,0.0,0.0,0.0,1.0,5.0,25.666666666666668,2.0,21.0,45.5,3.0,151.0,590.65,1.0,5.0,2.4166666666666665,0.0,0.0,0.0,2.0,124.0,408.0,0.0,0.0,0.0,0.0,0.0,0.0,2.0,208.0,812.2666666666667
1036,18,722,2642.8,1.0,4.0,10.733333333333333,1.0,9.0,31.200000000000003,0.0,0.0,0.0,1.0,4.0,18.933333333333334,0.0,0.0,0.0,1.0,106.0,616.5666666666666,1.0,4.0,4.266666666666667,1.0,18.0,87.9,1.0,84.0,397.6,0.0,0.0,0.0,3.0,39.0,133.83333333333331,2.0,161.0,360.5333333333333,0.0,0.0,0.0,2.0,28.0,78.55000000000001,2.0,141.0,602.35,0.0,0.0,0.0,1.0,21.0,13.65,1.0,103.0,286.68333333333334
1037,9,310,935.5166666666667,2.0,8.0,11.733333333333333,0.0,0.0,0.0,0.0,0.0,0.0,1.0,2.0,0.5333333333333333,0.0,0.0,0.0,0.0,0.0,0.0,0.0,0.0,0.0,2.0,15.0,76.53333333333333,0.0,0.0,0.0,0.0,0.0,0.0,1.0,13.0,50.266666666666666,1.0,77.0,462.0,0.0,0.0,0.0,0.0,0.0,0.0,1.0,113.0,212.81666666666666,0.0,0.0,0.0,0.0,0.0,0.0,1.0,82.0,121.63333333333334
1038,13,116,432.8,5.0,20.0,64.43333333333334,1.0,13.0,3.683333333333333,0.0,0.0,0.0,2.0,11.0,30.6,1.0,7.0,38.85,0.0,0.0,0.0,1.0,5.0,23.75,0.0,0.0,0.0,0.0,0.0,0.0,0.0,0.0,0.0,1.0,17.0,83.58333333333334,0.0,0.0,0.0,0.0,0.0,0.0,2.0,43.0,187.89999999999998,0.0,0.0,0.0,0.0,0.0,0.0,0.0,0.0,0.0,0.0,0.0,0.0
1039,16,489,1526.3333333333333,2.0,7.0,12.533333333333333,0.0,0.0,0.0,0.0,0.0,0.0,1.0,3.0,2.75,1.0,18.0,98.4,1.0,73.0,90.03333333333333,3.0,15.0,44.2,0.0,0.0,0.0,0.0,0.0,0.0,0.0,0.0,0.0,3.0,35.0,135.4,2.0,135.0,216.98333333333332,0.0,0.0,0.0,1.0,12.0,30.599999999999998,0.0,0.0,0.0,0.0,0.0,0.0,0.0,0.0,0.0,2.0,191.0,895.4333333333333
1040,13,627,2844.7166666666662,1.0,2.0,7.4,0.0,0.0,0.0,1.0,100.0,221.66666666666669,1.0,4.0,16.6,1.0,18.0,10.2,1.0,98.0,573.3,2.0,7.0,41.43333333333334,0.0,0.0,0.0,0.0,0.0,0.0,0.0,0.0,0.0,0.0,0.0,0.0,2.0,157.0,630.6833333333334,0.0,0.0,0.0,1.0,9.0,25.2,1.0,124.0,816.3333333333333,0.0,0.0,0.0,0.0,0.0,0.0,2.0,108.0,501.9
1041,23,610,1768.0666666666666,3.0,13.0,51.08333333333333,1.0,4.0,12.4,0.0,0.0,0.0,3.0,9.0,11.616666666666667,3.0,32.0,148.26666666666665,0.0,0.0,0.0,2.0,9.0,27.583333333333332,3.0,44.0,249.33333333333334,1.0,59.0,163.23333333333332,0.0,0.0,0.0,1.0,5.0,11.0,2.0,148.0,376.06666666666666,0.0,0.0,0.0,0.0,0.0,0.0,1.0,120.0,284.0,0.0,0.0,0.0,0.0,0.0,0.0,3.0,167.0,433.48333333333335
1042,17,496,885.85,5.0,28.0,100.28333333333333,1.0,12.0,9.0,0.0,0.0,0.0,1.0,5.0,2.3333333333333335,1.0,14.0,3.2666666666666666,0.0,0.0,0.0,1.0,7.0,27.766666666666666,1.0,22.0,116.96666666666667,0.0,0.0,0.0,0.0,0.0,0.0,0.0,0.0,0.0,2.0,177.0,369.05,0.0,0.0,0.0,0.0,0.0,0.0,3.0,168.0,233.13333333333333,0.0,0.0,0.0,1.0,8.0,12.133333333333333,1.0,55.0,11.916666666666668
1043,20,569,1663.7,2.0,10.0,50.46666666666667,1.0,18.0,113.69999999999999,2.0,146.0,173.43333333333334,2.0,8.0,30.299999999999997,1.0,21.0,86.80000000000001,0.0,0.0,0.0,3.0,21.0,18.200000000000003,0.0,0.0,0.0,0.0,0.0,0.0,0.0,0.0,0.0,2.0,19.0,43.61666666666667,2.0,169.0,392.7166666666667,0.0,0.0,0.0,0.0,0.0,0.0,1.0,64.0,332.8,1.0,6.0,27.4,1.0,20.0,81.66666666666666,2.0,67.0,312.6
1044,15,646,2274.95,1.0,6.0,33.0,3.0,61.0,292.31666666666666,1.0,52.0,253.06666666666663,1.0,3.0,16.849999999999998,0.0,0.0,0.0,1.0,31.0,187.54999999999998,0.0,0.0,0.0,0.0,0.0,0.0,0.0,0.0,0.0,0.0,0.0,0.0,1.0,13.0,5.2,0.0,0.0,0.0,0.0,0.0,0.0,0.0,0.0,0.0,1.0,115.0,553.9166666666666,0.0,0.0,0.0,1.0,6.0,8.399999999999999,5.0,359.0,924.6500000000001
1045,27,670,2857.3,5.0,23.0,76.48333333333333,4.0,59.0,219.56666666666666,0.0,0.0,0.0,4.0,10.0,23.366666666666664,1.0,20.0,10.333333333333334,0.0,0.0,0.0,2.0,8.0,22.583333333333332,1.0,8.0,31.333333333333332,0.0,0.0,0.0,0.0,0.0,0.0,1.0,17.0,15.583333333333332,1.0,63.0,227.85,0.0,0.0,0.0,2.0,30.0,24.133333333333333,3.0,237.0,1234.8,0.0,0.0,0.0,1.0,9.0,30.9,2.0,186.0,940.3666666666667
1046,29,650,1871.8333333333333,7.0,34.0,139.25,2.0,15.0,36.81666666666666,0.0,0.0,0.0,1.0,5.0,16.75,2.0,34.0,184.66666666666666,2.0,159.0,251.23333333333335,3.0,7.0,35.13333333333333,1.0,12.0,40.6,0.0,0.0,0.0,0.0,0.0,0.0,0.0,0.0,0.0,3.0,162.0,509.45000000000005,0.0,0.0,0.0,3.0,42.0,118.68333333333334,2.0,135.0,275.0333333333333,1.0,4.0,24.266666666666666,1.0,5.0,28.75,1.0,36.0,211.2
1047,23,831,3352.25,6.0,25.0,63.0,0.0,0.0,0.0,0.0,0.0,0.0,1.0,1.0,3.183333333333333,2.0,21.0,80.23333333333333,0.0,0.0,0.0,3.0,17.0,42.11666666666667,0.0,0.0,0.0,1.0,33.0,37.4,1.0,7.0,25.55,1.0,17.0,59.21666666666667,3.0,247.0,1298.4166666666667,0.0,0.0,0.0,0.0,0.0,0.0,4.0,357.0,1299.7,0.0,0.0,0.0,0.0,0.0,0.0,1.0,106.0,443.43333333333334
1048,21,425,1407.9333333333332,2.0,9.0,28.05,3.0,25.0,73.38333333333333,1.0,93.0,235.6,3.0,20.0,49.03333333333333,1.0,17.0,52.13333333333334,0.0,0.0,0.0,3.0,17.0,50.266666666666666,0.0,0.0,0.0,0.0,0.0,0.0,0.0,0.0,0.0,1.0,19.0,10.766666666666666,1.0,87.0,240.7,1.0,5.0,25.916666666666668,1.0,5.0,11.666666666666668,0.0,0.0,0.0,2.0,2.0,8.816666666666666,1.0,10.0,59.0,1.0,116.0,562.5999999999999
1049,16,438,1894.85,4.0,23.0,93.06666666666666,2.0,31.0,99.61666666666667,0.0,0.0,0.0,2.0,10.0,32.91666666666667,0.0,0.0,0.0,0.0,0.0,0.0,1.0,7.0,19.016666666666666,0.0,0.0,0.0,2.0,113.0,580.6166666666667,1.0,3.0,13.3,0.0,0.0,0.0,2.0,154.0,659.5,0.0,0.0,0.0,0.0,0.0,0.0,2.0,97.0,396.81666666666666,0.0,0.0,0.0,0.0,0.0,0.0,0.0,0.0,0.0
1050,16,686,2200.3166666666666,1.0,6.0,31.799999999999997,1.0,4.0,9.4,0.0,0.0,0.0,0.0,0.0,0.0,1.0,22.0,79.93333333333334,1.0,82.0,83.36666666666666,0.0,0.0,0.0,2.0,36.0,146.39999999999998,0.0,0.0,0.0,0.0,0.0,0.0,1.0,5.0,9.25,5.0,301.0,1118.7166666666667,0.0,0.0,0.0,1.0,12.0,15.600000000000001,1.0,115.0,270.25,0.0,0.0,0.0,1.0,17.0,108.80000000000001,1.0,86.0,326.8
1051,15,464,1761.5833333333333,1.0,6.0,21.1,1.0,16.0,23.2,0.0,0.0,0.0,1.0,1.0,4.783333333333333,2.0,27.0,89.31666666666666,0.0,0.0,0.0,0.0,0.0,0.0,3.0,31.0,106.43333333333334,0.0,0.0,0.0,0.0,0.0,0.0,2.0,24.0,75.19999999999999,1.0,95.0,438.5833333333333,0.0,0.0,0.0,0.0,0.0,0.0,3.0,258.0,971.5666666666668,1.0,6.0,31.4,0.0,0.0,0.0,0.0,0.0,0.0
1052,19,325,1457.6333333333334,2.0,7.0,5.35,2.0,19.0,95.15,0.0,0.0,0.0,0.0,0.0,0.0,3.0,42.0,196.2,1.0,40.0,198.0,0.0,0.0,0.0,1.0,17.0,43.91666666666667,0.0,0.0,0.0,0.0,0.0,0.0,1.0,22.0,111.46666666666667,1.0,16.0,56.0,1.0,3.0,15.75,3.0,43.0,163.26666666666665,2.0,109.0,554.45,2.0,7.0,18.083333333333336,0.0,0.0,0.0,0.0,0.0,0.0
1053,27,1040,3474.116666666667,2.0,4.0,12.1,2.0,17.0,61.06666666666666,0.0,0.0,0.0,6.0,20.0,63.016666666666666,1.0,23.0,126.88333333333333,1.0,54.0,57.6,0.0,0.0,0.0,1.0,17.0,13.316666666666666,0.0,0.0,0.0,0.0,0.0,0.0,2.0,28.0,107.5,7.0,672.0,2017.9499999999998,0.0,0.0,0.0,2.0,43.0,188.41666666666669,0.0,0.0,0.0,0.0,0.0,0.0,1.0,20.0,96.33333333333333,2.0,142.0,729.9333333333333
1054,21,681,2028.8666666666666,2.0,2.0,4.666666666666667,3.0,36.0,131.91666666666666,1.0,22.0,102.30000000000001,4.0,20.0,86.65,1.0,11.0,24.200000000000003,0.0,0.0,0.0,1.0,1.0,1.5833333333333333,0.0,0.0,0.0,0.0,0.0,0.0,0.0,0.0,0.0,0.0,0.0,0.0,1.0,68.0,217.60000000000002,0.0,0.0,0.0,1.0,21.0,85.75,3.0,240.0,722.3,0.0,0.0,0.0,2.0,31.0,63.766666666666666,2.0,229.0,588.1333333333333
1055,15,545,1852.0833333333335,4.0,21.0,59.416666666666664,0.0,0.0,0.0,0.0,0.0,0.0,0.0,0.0,0.0,1.0,15.0,88.0,0.0,0.0,0.0,0.0,0.0,0.0,1.0,8.0,30.8,2.0,194.0,518.6166666666667,1.0,7.0,37.449999999999996,1.0,15.0,21.0,2.0,171.0,731.2666666666667,0.0,0.0,0.0,2.0,33.0,207.58333333333334,0.0,0.0,0.0,0.0,0.0,0.0,0.0,0.0,0.0,1.0,81.0,157.95
1056,21,686,2301.8166666666666,0.0,0.0,0.0,1.0,8.0,36.13333333333333,0.0,0.0,0.0,1.0,5.0,31.416666666666664,2.0,26.0,71.93333333333334,0.0,0.0,0.0,3.0,11.0,26.8,2.0,21.0,96.83333333333333,0.0,0.0,0.0,0.0,0.0,0.0,2.0,26.0,79.13333333333333,4.0,227.0,1000.1,0.0,0.0,0.0,1.0,22.0,80.3,4.0,335.0,846.3333333333333,0.0,0.0,0.0,1.0,5.0,32.83333333333333,0.0,0.0,0.0
1057,33,655,1885.2,3.0,16.0,74.31666666666666,5.0,68.0,94.53333333333333,1.0,51.0,82.45,3.0,16.0,28.883333333333333,3.0,42.0,19.116666666666667,0.0,0.0,0.0,3.0,9.0,33.416666666666664,3.0,56.0,181.33333333333331,1.0,22.0,43.63333333333333,0.0,0.0,0.0,2.0,28.0,77.43333333333334,1.0,17.0,18.983333333333334,1.0,6.0,18.1,0.0,0.0,0.0,4.0,220.0,869.3333333333334,0.0,0.0,0.0,0.0,0.0,0.0,3.0,104.0,343.66666666666663
1058,18,374,1231.4833333333333,4.0,13.0,59.28333333333333,1.0,8.0,45.46666666666667,0.0,0.0,0.0,2.0,6.0,18.166666666666668,1.0,15.0,76.75,0.0,0.0,0.0,3.0,17.0,79.75,0.0,0.0,0.0,1.0,76.0,234.33333333333334,0.0,0.0,0.0,0.0,0.0,0.0,0.0,0.0,0.0,0.0,0.0,0.0,2.0,22.0,78.4,2.0,151.0,411.9666666666667,0.0,0.0,0.0,1.0,23.0,46.766666666666666,1.0,43.0,180.6
1059,25,736,2109.75,3.0,15.0,42.65,2.0,32.0,78.86666666666667,1.0,35.0,13.416666666666668,4.0,21.0,107.81666666666666,2.0,43.0,167.85000000000002,0.0,0.0,0.0,2.0,6.0,19.283333333333335,1.0,18.0,54.599999999999994,0.0,0.0,0.0,0.0,0.0,0.0,1.0,12.0,8.6,3.0,138.0,446.8666666666667,0.0,0.0,0.0,1.0,16.0,4.8,1.0,45.0,120.74999999999999,0.0,0.0,0.0,0.0,0.0,0.0,4.0,355.0,1044.25
1060,15,468,1396.6166666666668,1.0,2.0,9.833333333333334,2.0,29.0,148.11666666666667,0.0,0.0,0.0,1.0,1.0,4.516666666666667,3.0,32.0,185.2166666666667,0.0,0.0,0.0,1.0,4.0,4.8,0.0,0.0,0.0,1.0,83.0,329.23333333333335,0.0,0.0,0.0,0.0,0.0,0.0,1.0,68.0,148.46666666666664,0.0,0.0,0.0,1.0,23.0,145.28333333333333,4.0,226.0,421.15000000000003,0.0,0.0,0.0,0.0,0.0,0.0,0.0,0.0,0.0
1061,19,508,1731.5166666666667,4.0,24.0,81.55,0.0,0.0,0.0,0.0,0.0,0.0,1.0,3.0,14.599999999999998,2.0,15.0,42.083333333333336,0.0,0.0,0.0,2.0,11.0,68.98333333333333,1.0,22.0,52.06666666666667,0.0,0.0,0.0,1.0,2.0,1.2333333333333334,1.0,20.0,26.666666666666664,1.0,101.0,447.7666666666667,0.0,0.0,0.0,1.0,19.0,108.93333333333334,2.0,179.0,523.7833333333333,0.0,0.0,0.0,1.0,11.0,49.31666666666667,2.0,101.0,314.5333333333333
1062,12,292,811.3833333333333,3.0,15.0,43.58333333333333,0.0,0.0,0.0,0.0,0.0,0.0,2.0,11.0,65.9,1.0,6.0,32.300000000000004,1.0,26.0,151.23333333333332,0.0,0.0,0.0,1.0,4.0,24.266666666666666,0.0,0.0,0.0,0.0,0.0,0.0,0.0,0.0,0.0,1.0,76.0,282.4666666666667,0.0,0.0,0.0,1.0,11.0,47.666666666666664,0.0,0.0,0.0,0.0,0.0,0.0,1.0,19.0,101.96666666666665,1.0,124.0,62.0
1063,28,779,3083.0333333333333,4.0,16.0,71.45,1.0,13.0,76.7,0.0,0.0,0.0,0.0,0.0,0.0,3.0,50.0,118.29999999999998,0.0,0.0,0.0,5.0,22.0,65.81666666666666,2.0,16.0,82.11666666666666,1.0,119.0,745.7333333333333,0.0,0.0,0.0,2.0,27.0,30.016666666666666,2.0,157.0,860.5833333333334,1.0,4.0,6.0,1.0,15.0,10.5,4.0,302.0,899.3166666666666,0.0,0.0,0.0,1.0,20.0,16.0,1.0,18.0,100.5
1064,13,375,1454.7,3.0,10.0,41.699999999999996,0.0,0.0,0.0,0.0,0.0,0.0,0.0,0.0,0.0,1.0,16.0,64.53333333333333,0.0,0.0,0.0,2.0,8.0,34.53333333333334,1.0,9.0,6.0,0.0,0.0,0.0,0.0,0.0,0.0,2.0,44.0,165.26666666666668,1.0,40.0,43.33333333333333,0.0,0.0,0.0,0.0,0.0,0.0,2.0,126.0,641.8333333333333,0.0,0.0,0.0,0.0,0.0,0.0,1.0,122.0,457.5
1065,25,489,1439.5333333333333,4.0,14.0,41.16666666666667,3.0,42.0,177.25,0.0,0.0,0.0,1.0,1.0,6.483333333333333,2.0,28.0,99.66666666666666,0.0,0.0,0.0,5.0,13.0,50.81666666666667,1.0,19.0,17.733333333333334,1.0,103.0,190.55,0.0,0.0,0.0,1.0,17.0,98.88333333333333,1.0,98.0,452.4333333333333,2.0,4.0,18.066666666666666,1.0,5.0,9.5,0.0,0.0,0.0,0.0,0.0,0.0,1.0,11.0,42.71666666666667,2.0,134.0,234.26666666666665
1066,25,551,1899.1333333333332,5.0,21.0,70.29999999999998,0.0,0.0,0.0,0.0,0.0,0.0,2.0,5.0,17.1,1.0,8.0,16.4,1.0,34.0,152.43333333333334,1.0,5.0,30.166666666666664,0.0,0.0,0.0,1.0,59.0,122.91666666666667,2.0,14.0,28.933333333333334,4.0,57.0,181.8,1.0,73.0,55.96666666666667,0.0,0.0,0.0,3.0,46.0,267.1166666666667,2.0,107.0,486.3666666666667,0.0,0.0,0.0,0.0,0.0,0.0,2.0,122.0,469.6333333333333
1067,21,474,1916.4,2.0,9.0,52.11666666666667,2.0,27.0,37.65,0.0,0.0,0.0,2.0,6.0,26.53333333333333,1.0,23.0,99.66666666666666,0.0,0.0,0.0,1.0,1.0,5.6,0.0,0.0,0.0,0.0,0.0,0.0,0.0,0.0,0.0,1.0,13.0,82.55,2.0,92.0,455.2,1.0,3.0,5.3,2.0,31.0,89.08333333333333,3.0,174.0,853.1666666666667,0.0,0.0,0.0,2.0,30.0,107.83333333333334,2.0,65.0,101.69999999999999
1068,22,555,1951.9333333333334,2.0,12.0,65.35,3.0,51.0,147.75,0.0,0.0,0.0,3.0,10.0,51.93333333333334,2.0,45.0,232.36666666666667,0.0,0.0,0.0,1.0,1.0,6.1,1.0,15.0,25.25,0.0,0.0,0.0,0.0,0.0,0.0,3.0,27.0,94.16666666666667,2.0,178.0,903.65,0.0,0.0,0.0,1.0,22.0,29.333333333333332,1.0,49.0,48.18333333333333,1.0,7.0,33.016666666666666,0.0,0.0,0.0,2.0,138.0,314.83333333333337
1069,29,675,2655.3333333333335,4.0,11.0,34.95,3.0,45.0,120.91666666666667,1.0,70.0,121.33333333333334,5.0,11.0,49.483333333333334,1.0,20.0,7.666666666666667,1.0,125.0,781.25,2.0,13.0,31.46666666666667,4.0,51.0,210.26666666666668,0.0,0.0,0.0,1.0,1.0,5.583333333333333,0.0,0.0,0.0,2.0,120.0,399.55,0.0,0.0,0.0,1.0,8.0,41.733333333333334,0.0,0.0,0.0,1.0,1.0,0.23333333333333334,0.0,0.0,0.0,3.0,199.0,850.9
1070,14,389,1112.5166666666667,1.0,6.0,13.3,0.0,0.0,0.0,0.0,0.0,0.0,3.0,15.0,53.55,0.0,0.0,0.0,0.0,0.0,0.0,1.0,6.0,29.400000000000002,0.0,0.0,0.0,0.0,0.0,0.0,0.0,0.0,0.0,1.0,10.0,53.33333333333333,0.0,0.0,0.0,0.0,0.0,0.0,1.0,21.0,95.89999999999999,4.0,240.0,464.7166666666666,0.0,0.0,0.0,2.0,26.0,102.23333333333333,1.0,65.0,300.0833333333333
1071,27,786,1939.0666666666666,2.0,8.0,12.033333333333333,0.0,0.0,0.0,0.0,0.0,0.0,5.0,13.0,49.83333333333333,1.0,22.0,20.166666666666664,0.0,0.0,0.0,3.0,15.0,36.25,1.0,12.0,13.799999999999999,1.0,107.0,322.7833333333333,0.0,0.0,0.0,3.0,47.0,105.78333333333333,2.0,158.0,136.5,0.0,0.0,0.0,1.0,16.0,68.26666666666667,3.0,108.0,481.7,0.0,0.0,0.0,1.0,14.0,69.53333333333333,4.0,266.0,622.4166666666666
1072,29,978,3433.85,3.0,12.0,59.349999999999994,2.0,42.0,223.16666666666669,0.0,0.0,0.0,6.0,22.0,107.06666666666666,2.0,12.0,33.516666666666666,0.0,0.0,0.0,2.0,12.0,8.3,2.0,26.0,135.06666666666666,0.0,0.0,0.0,0.0,0.0,0.0,2.0,43.0,72.01666666666667,4.0,345.0,1059.3666666666666,0.0,0.0,0.0,1.0,11.0,36.11666666666667,4.0,365.0,1306.8166666666666,0.0,0.0,0.0,0.0,0.0,0.0,1.0,88.0,393.06666666666666
1073,18,380,1249.9833333333333,2.0,10.0,49.99999999999999,1.0,13.0,71.06666666666666,0.0,0.0,0.0,1.0,4.0,15.0,0.0,0.0,0.0,1.0,57.0,12.35,4.0,14.0,48.53333333333333,0.0,0.0,0.0,0.0,0.0,0.0,1.0,5.0,15.583333333333334,3.0,53.0,161.10000000000002,0.0,0.0,0.0,0.0,0.0,0.0,1.0,12.0,51.0,2.0,130.0,333.33333333333337,0.0,0.0,0.0,1.0,11.0,55.36666666666667,1.0,71.0,436.65000000000003
1074,21,583,2044.0166666666667,2.0,11.0,46.1,0.0,0.0,0.0,0.0,0.0,0.0,4.0,12.0,49.36666666666667,2.0,19.0,114.16666666666667,1.0,76.0,502.8666666666666,2.0,7.0,27.266666666666666,0.0,0.0,0.0,1.0,94.0,532.6666666666667,0.0,0.0,0.0,1.0,7.0,17.150000000000002,3.0,185.0,344.3666666666667,0.0,0.0,0.0,1.0,12.0,52.39999999999999,1.0,86.0,151.93333333333334,0.0,0.0,0.0,1.0,21.0,33.6,2.0,53.0,172.13333333333333
1075,23,505,1743.8333333333333,5.0,27.0,74.98333333333333,1.0,18.0,67.8,1.0,40.0,64.0,4.0,20.0,73.56666666666666,2.0,35.0,96.58333333333333,0.0,0.0,0.0,3.0,7.0,22.28333333333333,1.0,21.0,108.85000000000001,1.0,71.0,344.34999999999997,1.0,4.0,5.266666666666667,0.0,0.0,0.0,1.0,125.0,625.0,0.0,0.0,0.0,0.0,0.0,0.0,1.0,88.0,227.33333333333334,1.0,1.0,5.016666666666667,0.0,0.0,0.0,1.0,48.0,28.799999999999997
1076,27,983,3408.25,4.0,17.0,36.416666666666664,0.0,0.0,0.0,0.0,0.0,0.0,1.0,4.0,6.666666666666667,2.0,29.0,18.366666666666667,1.0,65.0,349.9166666666667,2.0,10.0,46.46666666666667,0.0,0.0,0.0,0.0,0.0,0.0,0.0,0.0,0.0,2.0,21.0,95.38333333333334,4.0,439.0,1465.8333333333335,0.0,0.0,0.0,2.0,21.0,129.21666666666667,1.0,67.0,117.25,0.0,0.0,0.0,4.0,57.0,198.86666666666667,4.0,253.0,943.8666666666667
1077,15,519,1916.9666666666667,0.0,0.0,0.0,0.0,0.0,0.0,0.0,0.0,0.0,2.0,8.0,28.316666666666666,1.0,14.0,78.63333333333333,1.0,40.0,16.0,0.0,0.0,0.0,0.0,0.0,0.0,0.0,0.0,0.0,0.0,0.0,0.0,2.0,35.0,146.66666666666669,4.0,228.0,668.0,0.0,0.0,0.0,1.0,11.0,17.416666666666664,2.0,116.0,621.4,0.0,0.0,0.0,1.0,12.0,25.200000000000003,1.0,55.0,315.3333333333333
1078,17,525,1820.3666666666666,2.0,10.0,37.56666666666666,0.0,0.0,0.0,0.0,0.0,0.0,2.0,10.0,31.433333333333334,1.0,7.0,30.449999999999996,1.0,40.0,150.0,1.0,4.0,15.333333333333334,1.0,12.0,43.0,0.0,0.0,0.0,0.0,0.0,0.0,0.0,0.0,0.0,2.0,124.0,340.46666666666664,0.0,0.0,0.0,1.0,9.0,9.149999999999999,3.0,171.0,348.75,0.0,0.0,0.0,2.0,17.0,27.71666666666667,1.0,121.0,786.5
1079,21,691,2026.2666666666667,2.0,6.0,20.400000000000002,1.0,4.0,20.133333333333333,0.0,0.0,0.0,1.0,2.0,7.6,1.0,12.0,17.8,1.0,49.0,19.6,1.0,7.0,26.133333333333333,1.0,21.0,119.35000000000001,1.0,97.0,399.3166666666666,0.0,0.0,0.0,1.0,9.0,29.25,3.0,246.0,616.8,0.0,0.0,0.0,2.0,37.0,157.25,1.0,101.0,84.16666666666667,1.0,5.0,15.583333333333334,3.0,38.0,117.63333333333334,1.0,57.0,375.25
1080,20,369,1165.6666666666665,3.0,18.0,60.833333333333336,1.0,6.0,9.8,0.0,0.0,0.0,3.0,16.0,48.73333333333333,2.0,24.0,27.08333333333333,1.0,26.0,79.3,2.0,7.0,33.416666666666664,0.0,0.0,0.0,1.0,19.0,81.7,0.0,0.0,0.0,2.0,36.0,130.95,1.0,111.0,479.15,1.0,6.0,8.9,1.0,10.0,20.5,1.0,88.0,183.33333333333334,1.0,2.0,1.9666666666666666,0.0,0.0,0.0,0.0,0.0,0.0
1081,15,464,1501.1166666666666,1.0,5.0,9.666666666666666,0.0,0.0,0.0,0.0,0.0,0.0,1.0,3.0,11.2,1.0,18.0,3.6,0.0,0.0,0.0,1.0,4.0,15.4,2.0,18.0,60.2,1.0,89.0,200.25,0.0,0.0,0.0,1.0,23.0,14.566666666666666,3.0,137.0,652.3333333333333,0.0,0.0,0.0,1.0,17.0,87.26666666666668,1.0,77.0,359.33333333333337,0.0,0.0,0.0,1.0,22.0,73.7,1.0,51.0,13.6
1082,17,363,1437.05,2.0,9.0,52.88333333333334,0.0,0.0,0.0,0.0,0.0,0.0,3.0,9.0,33.88333333333334,2.0,14.0,45.25,0.0,0.0,0.0,2.0,8.0,37.333333333333336,1.0,22.0,104.5,0.0,0.0,0.0,0.0,0.0,0.0,0.0,0.0,0.0,3.0,135.0,448.78333333333336,0.0,0.0,0.0,0.0,0.0,0.0,1.0,54.0,352.8,0.0,0.0,0.0,1.0,4.0,21.666666666666668,2.0,108.0,339.95
1083,23,615,2141.3,4.0,19.0,34.266666666666666,1.0,4.0,6.6,0.0,0.0,0.0,4.0,16.0,50.5,0.0,0.0,0.0,1.0,62.0,341.0,2.0,11.0,59.7,1.0,5.0,8.416666666666666,0.0,0.0,0.0,1.0,6.0,11.399999999999999,2.0,38.0,141.16666666666666,1.0,39.0,74.1,0.0,0.0,0.0,0.0,0.0,0.0,2.0,162.0,776.3666666666666,1.0,4.0,0.6666666666666666,0.0,0.0,0.0,3.0,249.0,637.1166666666667
1084,18,558,1152.1166666666668,2.0,5.0,28.21666666666667,2.0,39.0,198.18333333333334,0.0,0.0,0.0,2.0,6.0,22.85,0.0,0.0,0.0,0.0,0.0,0.0,1.0,3.0,2.45,3.0,27.0,91.19999999999999,1.0,117.0,23.400000000000002,0.0,0.0,0.0,3.0,28.0,156.8,1.0,123.0,258.3,0.0,0.0,0.0,1.0,17.0,23.233333333333334,0.0,0.0,0.0,0.0,0.0,0.0,0.0,0.0,0.0,2.0,193.0,347.48333333333335
1085,17,497,1908.6333333333334,3.0,8.0,37.86666666666667,1.0,14.0,70.93333333333334,0.0,0.0,0.0,2.0,10.0,43.666666666666664,1.0,7.0,41.300000000000004,0.0,0.0,0.0,0.0,0.0,0.0,0.0,0.0,0.0,2.0,117.0,568.4666666666667,0.0,0.0,0.0,2.0,25.0,58.33333333333333,2.0,123.0,106.35,0.0,0.0,0.0,2.0,29.0,111.05,0.0,0.0,0.0,0.0,0.0,0.0,0.0,0.0,0.0,2.0,164.0,870.6666666666666
1086,26,898,3335.2833333333333,6.0,17.0,43.766666666666666,1.0,22.0,110.73333333333333,0.0,0.0,0.0,3.0,13.0,47.05,0.0,0.0,0.0,0.0,0.0,0.0,3.0,9.0,37.86666666666667,0.0,0.0,0.0,1.0,25.0,139.16666666666666,0.0,0.0,0.0,3.0,40.0,205.0,3.0,252.0,959.0166666666667,0.0,0.0,0.0,0.0,0.0,0.0,2.0,221.0,446.31666666666666,0.0,0.0,0.0,1.0,20.0,23.333333333333336,3.0,279.0,1323.0333333333333
1087,15,368,1631.2166666666665,1.0,6.0,37.8,0.0,0.0,0.0,0.0,0.0,0.0,1.0,6.0,22.6,0.0,0.0,0.0,1.0,56.0,370.5333333333333,3.0,17.0,22.9,1.0,15.0,66.25,0.0,0.0,0.0,0.0,0.0,0.0,0.0,0.0,0.0,3.0,194.0,741.5833333333333,1.0,2.0,7.866666666666666,1.0,23.0,105.8,0.0,0.0,0.0,0.0,0.0,0.0,1.0,6.0,25.9,2.0,43.0,229.98333333333335
1088,19,661,1939.7666666666667,2.0,10.0,35.36666666666667,0.0,0.0,0.0,2.0,57.0,164.66666666666666,1.0,1.0,1.75,2.0,28.0,60.266666666666666,0.0,0.0,0.0,0.0,0.0,0.0,0.0,0.0,0.0,1.0,59.0,31.466666666666665,0.0,0.0,0.0,1.0,9.0,20.85,3.0,209.0,502.23333333333335,1.0,1.0,2.216666666666667,0.0,0.0,0.0,2.0,133.0,495.48333333333335,1.0,6.0,14.9,0.0,0.0,0.0,3.0,148.0,610.5666666666666
1089,19,848,3258.7833333333333,2.0,11.0,53.05,1.0,20.0,46.66666666666667,1.0,42.0,126.0,1.0,5.0,19.833333333333336,0.0,0.0,0.0,0.0,0.0,0.0,0.0,0.0,0.0,0.0,0.0,0.0,1.0,80.0,532.0,0.0,0.0,0.0,1.0,15.0,71.25,2.0,107.0,312.15000000000003,0.0,0.0,0.0,2.0,14.0,64.36666666666666,2.0,177.0,1021.8,0.0,0.0,0.0,2.0,17.0,92.44999999999999,4.0,360.0,919.2166666666666
1090,18,683,1877.3999999999999,5.0,26.0,78.5,0.0,0.0,0.0,0.0,0.0,0.0,1.0,5.0,6.5,1.0,15.0,20.0,1.0,90.0,30.0,2.0,9.0,21.15,1.0,17.0,86.13333333333333,0.0,0.0,0.0,0.0,0.0,0.0,1.0,12.0,22.4,3.0,217.0,484.4,0.0,0.0,0.0,0.0,0.0,0.0,2.0,197.0,933.5666666666666,0.0,0.0,0.0,0.0,0.0,0.0,1.0,95.0,194.74999999999997
1091,19,516,1408.6833333333334,2.0,6.0,29.28333333333333,0.0,0.0,0.0,0.0,0.0,0.0,3.0,6.0,19.483333333333334,1.0,23.0,43.699999999999996,0.0,0.0,0.0,3.0,12.0,60.63333333333334,0.0,0.0,0.0,1.0,50.0,86.66666666666667,0.0,0.0,0.0,3.0,35.0,95.2,2.0,95.0,422.7833333333333,0.0,0.0,0.0,0.0,0.0,0.0,1.0,67.0,73.7,0.0,0.0,0.0,0.0,0.0,0.0,3.0,222.0,577.2333333333333
1092,17,634,2300.483333333333,1.0,5.0,9.0,0.0,0.0,0.0,2.0,169.0,599.35,0.0,0.0,0.0,2.0,9.0,27.733333333333334,0.0,0.0,0.0,0.0,0.0,0.0,2.0,45.0,223.68333333333334,1.0,28.0,107.8,0.0,0.0,0.0,1.0,9.0,43.349999999999994,2.0,105.0,263.2,0.0,0.0,0.0,0.0,0.0,0.0,2.0,44.0,134.93333333333334,1.0,2.0,8.666666666666666,1.0,23.0,32.96666666666667,2.0,195.0,849.8
1093,19,747,2486.55,3.0,13.0,32.35,1.0,4.0,24.333333333333332,0.0,0.0,0.0,0.0,0.0,0.0,0.0,0.0,0.0,0.0,0.0,0.0,1.0,1.0,5.35,1.0,5.0,13.166666666666666,1.0,90.0,22.5,0.0,0.0,0.0,1.0,17.0,74.23333333333332,2.0,208.0,1170.7666666666667,0.0,0.0,0.0,1.0,12.0,58.39999999999999,2.0,177.0,345.7833333333333,0.0,0.0,0.0,2.0,33.0,207.35,4.0,187.0,532.3166666666666
1094,20,537,1841.1333333333334,2.0,6.0,30.3,2.0,14.0,65.3,0.0,0.0,0.0,3.0,8.0,22.96666666666667,2.0,30.0,142.06666666666666,0.0,0.0,0.0,1.0,6.0,30.2,2.0,27.0,84.43333333333334,1.0,45.0,261.0,0.0,0.0,0.0,0.0,0.0,0.0,2.0,144.0,446.0333333333333,0.0,0.0,0.0,0.0,0.0,0.0,1.0,111.0,275.65000000000003,1.0,6.0,10.9,1.0,23.0,145.28333333333333,2.0,117.0,327.0
1095,17,617,2014.3833333333334,1.0,3.0,15.400000000000002,3.0,47.0,172.93333333333334,2.0,193.0,725.75,2.0,11.0,56.016666666666666,0.0,0.0,0.0,0.0,0.0,0.0,0.0,0.0,0.0,1.0,8.0,38.8,2.0,138.0,561.7833333333333,0.0,0.0,0.0,1.0,7.0,28.233333333333334,0.0,0.0,0.0,1.0,5.0,21.666666666666664,1.0,8.0,36.8,0.0,0.0,0.0,0.0,0.0,0.0,0.0,0.0,0.0,3.0,197.0,357.0
1096,27,680,1877.1333333333334,7.0,24.0,69.23333333333333,0.0,0.0,0.0,0.0,0.0,0.0,1.0,7.0,18.433333333333334,1.0,6.0,23.599999999999998,0.0,0.0,0.0,4.0,17.0,48.71666666666667,3.0,57.0,192.31666666666666,0.0,0.0,0.0,0.0,0.0,0.0,3.0,34.0,196.26666666666665,2.0,127.0,142.56666666666666,0.0,0.0,0.0,1.0,22.0,57.2,0.0,0.0,0.0,0.0,0.0,0.0,0.0,0.0,0.0,5.0,386.0,1128.8
1097,19,203,485.3833333333333,2.0,9.0,37.099999999999994,1.0,14.0,73.73333333333333,0.0,0.0,0.0,5.0,26.0,64.28333333333333,3.0,35.0,69.83333333333334,0.0,0.0,0.0,2.0,8.0,18.833333333333332,2.0,36.0,112.96666666666667,0.0,0.0,0.0,0.0,0.0,0.0,1.0,12.0,30.800000000000004,0.0,0.0,0.0,1.0,6.0,3.1000000000000005,1.0,7.0,36.4,1.0,50.0,38.333333333333336,0.0,0.0,0.0,0.0,0.0,0.0,0.0,0.0,0.0
1098,21,528,2204.25,2.0,7.0,29.716666666666665,1.0,11.0,19.616666666666667,1.0,101.0,617.7833333333333,1.0,7.0,5.6000000000000005,0.0,0.0,0.0,0.0,0.0,0.0,1.0,4.0,16.8,4.0,57.0,143.63333333333333,0.0,0.0,0.0,0.0,0.0,0.0,1.0,22.0,72.6,2.0,72.0,273.0,0.0,0.0,0.0,3.0,48.0,157.63333333333333,0.0,0.0,0.0,0.0,0.0,0.0,1.0,14.0,63.699999999999996,4.0,185.0,804.1666666666666
1099,21,757,2017.8,3.0,14.0,59.88333333333333,1.0,6.0,1.0,0.0,0.0,0.0,1.0,7.0,10.85,2.0,24.0,50.900000000000006,0.0,0.0,0.0,0.0,0.0,0.0,1.0,20.0,38.666666666666664,1.0,66.0,191.4,0.0,0.0,0.0,1.0,23.0,82.8,3.0,219.0,480.85,0.0,0.0,0.0,3.0,38.0,19.2,2.0,142.0,459.3333333333333,0.0,0.0,0.0,0.0,0.0,0.0,3.0,198.0,622.9166666666666
1100,25,744,2711.2666666666664,6.0,31.0,101.11666666666666,1.0,20.0,78.66666666666666,1.0,114.0,366.7,2.0,7.0,29.583333333333336,2.0,25.0,76.48333333333333,0.0,0.0,0.0,1.0,2.0,11.166666666666666,1.0,20.0,49.0,0.0,0.0,0.0,0.0,0.0,0.0,2.0,27.0,81.15,1.0,51.0,87.55,0.0,0.0,0.0,1.0,23.0,81.64999999999999,4.0,327.0,1587.1666666666667,1.0,1.0,1.0333333333333334,0.0,0.0,0.0,2.0,96.0,160.0
1101,21,761,2887.15,0.0,0.0,0.0,3.0,47.0,177.01666666666665,0.0,0.0,0.0,1.0,7.0,6.416666666666666,0.0,0.0,0.0,0.0,0.0,0.0,1.0,3.0,16.0,3.0,43.0,161.14999999999998,1.0,18.0,35.1,0.0,0.0,0.0,1.0,10.0,13.166666666666666,3.0,153.0,702.5666666666666,0.0,0.0,0.0,1.0,20.0,86.0,1.0,125.0,675.0,1.0,1.0,5.383333333333334,2.0,28.0,41.06666666666666,3.0,306.0,968.2833333333333
1102,16,373,1769.8333333333333,0.0,0.0,0.0,2.0,32.0,139.66666666666666,0.0,0.0,0.0,3.0,17.0,36.050000000000004,1.0,14.0,55.06666666666666,0.0,0.0,0.0,2.0,9.0,17.2,1.0,12.0,71.4,0.0,0.0,0.0,0.0,0.0,0.0,0.0,0.0,0.0,2.0,128.0,831.0,2.0,5.0,27.35,1.0,23.0,72.83333333333333,1.0,97.0,452.6666666666667,0.0,0.0,0.0,0.0,0.0,0.0,1.0,36.0,66.60000000000001
1103,28,986,3991.7000000000003,2.0,9.0,17.333333333333332,1.0,15.0,80.5,1.0,101.0,397.26666666666665,3.0,4.0,12.116666666666667,3.0,38.0,82.03333333333335,1.0,115.0,653.5833333333334,1.0,2.0,2.433333333333333,1.0,18.0,77.39999999999999,0.0,0.0,0.0,0.0,0.0,0.0,4.0,43.0,213.83333333333331,3.0,304.0,1081.7833333333333,0.0,0.0,0.0,2.0,27.0,124.91666666666666,1.0,119.0,410.55,1.0,1.0,0.5833333333333334,1.0,17.0,64.03333333333333,3.0,173.0,773.3333333333334
1104,19,636,2595.866666666667,3.0,8.0,32.45,1.0,16.0,73.6,2.0,221.0,1120.0833333333335,1.0,7.0,31.5,1.0,13.0,10.833333333333334,1.0,122.0,571.3666666666667,2.0,5.0,10.133333333333333,1.0,18.0,54.599999999999994,1.0,109.0,401.4833333333333,0.0,0.0,0.0,1.0,19.0,33.25,0.0,0.0,0.0,1.0,4.0,3.066666666666667,1.0,12.0,37.0,1.0,30.0,46.0,0.0,0.0,0.0,1.0,9.0,43.65,1.0,43.0,126.85000000000001
1105,15,282,819.1166666666666,2.0,12.0,54.49999999999999,0.0,0.0,0.0,0.0,0.0,0.0,4.0,17.0,32.46666666666667,1.0,4.0,11.733333333333333,0.0,0.0,0.0,3.0,10.0,17.933333333333334,1.0,8.0,6.666666666666667,0.0,0.0,0.0,0.0,0.0,0.0,1.0,18.0,65.1,0.0,0.0,0.0,0.0,0.0,0.0,0.0,0.0,0.0,1.0,104.0,119.6,0.0,0.0,0.0,1.0,4.0,1.8666666666666667,1.0,105.0,509.24999999999994
1106,17,613,1807.55,0.0,0.0,0.0,2.0,39.0,32.95,0.0,0.0,0.0,2.0,7.0,23.53333333333333,0.0,0.0,0.0,0.0,0.0,0.0,1.0,7.0,16.45,1.0,7.0,12.6,0.0,0.0,0.0,1.0,2.0,2.7333333333333334,1.0,7.0,29.983333333333334,1.0,38.0,32.93333333333334,1.0,2.0,9.133333333333333,1.0,19.0,15.833333333333334,1.0,64.0,348.8,0.0,0.0,0.0,0.0,0.0,0.0,5.0,421.0,1282.6
1107,27,894,3165.366666666667,5.0,22.0,65.08333333333333,2.0,42.0,191.45,2.0,193.0,831.5166666666667,1.0,2.0,7.666666666666667,2.0,30.0,65.55,0.0,0.0,0.0,2.0,4.0,3.6833333333333336,4.0,48.0,126.05000000000001,0.0,0.0,0.0,0.0,0.0,0.0,1.0,20.0,44.0,3.0,229.0,584.7333333333333,0.0,0.0,0.0,0.0,0.0,0.0,1.0,79.0,479.26666666666665,1.0,5.0,28.5,1.0,15.0,65.0,2.0,205.0,672.8666666666667
1108,25,833,3584.1,2.0,14.0,73.03333333333333,2.0,31.0,66.65,0.0,0.0,0.0,1.0,3.0,11.65,0.0,0.0,0.0,1.0,32.0,46.93333333333333,6.0,24.0,90.65,2.0,34.0,68.0,0.0,0.0,0.0,0.0,0.0,0.0,0.0,0.0,0.0,3.0,197.0,1147.3833333333334,1.0,2.0,5.7,1.0,21.0,114.8,2.0,193.0,733.5333333333334,0.0,0.0,0.0,1.0,9.0,4.95,3.0,273.0,1220.8166666666666
1109,18,491,2257.366666666667,2.0,2.0,9.333333333333332,1.0,7.0,29.400000000000002,2.0,202.0,995.2333333333333,5.0,14.0,47.53333333333334,0.0,0.0,0.0,0.0,0.0,0.0,0.0,0.0,0.0,0.0,0.0,0.0,0.0,0.0,0.0,0.0,0.0,0.0,2.0,41.0,152.8,3.0,189.0,934.5,0.0,0.0,0.0,1.0,20.0,55.666666666666664,0.0,0.0,0.0,0.0,0.0,0.0,2.0,16.0,32.900000000000006,0.0,0.0,0.0
1110,18,479,2181.5666666666666,2.0,10.0,33.53333333333333,1.0,5.0,14.25,0.0,0.0,0.0,2.0,8.0,27.516666666666666,3.0,45.0,221.25,0.0,0.0,0.0,1.0,5.0,29.833333333333336,0.0,0.0,0.0,0.0,0.0,0.0,0.0,0.0,0.0,4.0,64.0,228.58333333333331,1.0,105.0,498.75,0.0,0.0,0.0,1.0,6.0,1.5,2.0,129.0,696.25,0.0,0.0,0.0,0.0,0.0,0.0,1.0,102.0,430.1
1111,23,644,1851.2833333333333,3.0,11.0,26.05,2.0,44.0,44.7,2.0,126.0,557.55,2.0,4.0,21.41666666666667,2.0,26.0,37.516666666666666,2.0,175.0,380.58333333333337,1.0,4.0,4.333333333333333,1.0,4.0,18.333333333333332,0.0,0.0,0.0,0.0,0.0,0.0,3.0,51.0,189.45,2.0,84.0,311.9,0.0,0.0,0.0,0.0,0.0,0.0,2.0,99.0,217.85,0.0,0.0,0.0,1.0,16.0,41.6,0.0,0.0,0.0
1112,23,882,2576.7166666666667,2.0,7.0,25.1,1.0,20.0,18.0,0.0,0.0,0.0,2.0,5.0,14.066666666666666,3.0,38.0,175.83333333333334,0.0,0.0,0.0,2.0,8.0,18.78333333333333,1.0,19.0,60.800000000000004,1.0,96.0,411.2,0.0,0.0,0.0,1.0,21.0,116.2,3.0,233.0,420.3833333333333,0.0,0.0,0.0,0.0,0.0,0.0,3.0,226.0,389.34999999999997,0.0,0.0,0.0,1.0,21.0,33.25,3.0,188.0,893.75
1113,20,709,2483.3333333333335,4.0,15.0,40.0,2.0,27.0,151.35000000000002,2.0,124.0,418.0,1.0,3.0,12.299999999999999,1.0,6.0,24.5,0.0,0.0,0.0,0.0,0.0,0.0,1.0,7.0,10.616666666666667,0.0,0.0,0.0,0.0,0.0,0.0,1.0,14.0,35.699999999999996,2.0,202.0,880.1666666666667,0.0,0.0,0.0,1.0,22.0,51.7,2.0,138.0,374.2,0.0,0.0,0.0,1.0,21.0,128.8,2.0,130.0,356.0
1114,26,807,2547.116666666667,2.0,8.0,28.666666666666664,1.0,8.0,50.4,0.0,0.0,0.0,1.0,1.0,3.35,3.0,43.0,97.8,0.0,0.0,0.0,2.0,6.0,19.1,0.0,0.0,0.0,0.0,0.0,0.0,0.0,0.0,0.0,1.0,15.0,99.25,2.0,116.0,358.0666666666667,0.0,0.0,0.0,1.0,5.0,30.166666666666664,5.0,249.0,522.7166666666667,2.0,14.0,45.266666666666666,1.0,12.0,4.6000000000000005,5.0,330.0,1287.7333333333333
1115,19,383,1245.5333333333333,4.0,18.0,82.60000000000001,2.0,14.0,37.2,1.0,52.0,222.73333333333332,1.0,5.0,17.75,0.0,0.0,0.0,0.0,0.0,0.0,0.0,0.0,0.0,0.0,0.0,0.0,0.0,0.0,0.0,0.0,0.0,0.0,2.0,19.0,10.15,1.0,116.0,179.8,2.0,3.0,3.85,1.0,12.0,5.4,2.0,128.0,636.6,2.0,7.0,16.299999999999997,1.0,9.0,33.15,0.0,0.0,0.0
1116,31,896,3278.366666666667,2.0,5.0,26.85,2.0,27.0,51.36666666666667,0.0,0.0,0.0,1.0,7.0,36.28333333333333,3.0,30.0,150.2,0.0,0.0,0.0,5.0,12.0,57.7,4.0,51.0,145.11666666666667,0.0,0.0,0.0,0.0,0.0,0.0,2.0,40.0,132.45000000000002,4.0,422.0,1734.8833333333332,1.0,7.0,31.616666666666667,1.0,22.0,138.6,2.0,127.0,428.5,0.0,0.0,0.0,2.0,21.0,69.3,2.0,125.0,275.5
1117,15,524,2204.7666666666664,1.0,7.0,2.916666666666667,0.0,0.0,0.0,0.0,0.0,0.0,1.0,3.0,14.3,2.0,19.0,85.21666666666667,0.0,0.0,0.0,2.0,5.0,6.050000000000001,1.0,21.0,38.15,0.0,0.0,0.0,0.0,0.0,0.0,1.0,10.0,66.33333333333334,1.0,55.0,172.33333333333334,0.0,0.0,0.0,1.0,8.0,8.8,2.0,182.0,1043.9333333333334,0.0,0.0,0.0,0.0,0.0,0.0,3.0,214.0,766.7333333333333
1118,16,615,2819.883333333333,1.0,1.0,6.333333333333333,1.0,9.0,40.5,1.0,106.0,395.73333333333335,5.0,20.0,91.48333333333333,1.0,16.0,88.8,1.0,74.0,341.6333333333333,1.0,7.0,19.25,0.0,0.0,0.0,0.0,0.0,0.0,0.0,0.0,0.0,0.0,0.0,0.0,3.0,256.0,1316.9666666666667,0.0,0.0,0.0,0.0,0.0,0.0,1.0,103.0,403.41666666666663,0.0,0.0,0.0,0.0,0.0,0.0,1.0,23.0,115.76666666666667
1119,32,1262,4095.6833333333334,1.0,5.0,20.833333333333336,3.0,42.0,103.73333333333333,1.0,122.0,85.39999999999999,2.0,7.0,8.366666666666667,3.0,53.0,166.05,1.0,58.0,30.933333333333334,2.0,4.0,7.333333333333335,0.0,0.0,0.0,1.0,123.0,276.75,0.0,0.0,0.0,2.0,29.0,87.56666666666666,7.0,511.0,1956.55,1.0,3.0,15.600000000000001,1.0,16.0,102.93333333333334,1.0,83.0,348.6,0.0,0.0,0.0,3.0,34.0,127.23333333333333,3.0,172.0,757.8000000000001
1120,15,442,1636.2166666666667,2.0,6.0,11.933333333333334,1.0,5.0,32.5,1.0,39.0,221.0,3.0,14.0,70.36666666666666,1.0,11.0,30.433333333333334,0.0,0.0,0.0,1.0,2.0,7.066666666666666,0.0,0.0,0.0,0.0,0.0,0.0,0.0,0.0,0.0,1.0,22.0,112.93333333333334,1.0,113.0,548.05,0.0,0.0,0.0,0.0,0.0,0.0,0.0,0.0,0.0,0.0,0.0,0.0,1.0,8.0,19.466666666666665,3.0,222.0,582.4666666666667
1121,27,846,2402.4333333333334,4.0,17.0,60.633333333333326,1.0,23.0,151.03333333333333,0.0,0.0,0.0,2.0,13.0,67.3,1.0,6.0,28.9,1.0,32.0,121.06666666666666,2.0,5.0,14.266666666666667,3.0,52.0,266.4666666666667,0.0,0.0,0.0,1.0,4.0,19.933333333333334,2.0,15.0,9.05,2.0,117.0,175.05,0.0,0.0,0.0,0.0,0.0,0.0,4.0,236.0,419.8,1.0,1.0,6.0,0.0,0.0,0.0,3.0,325.0,1062.9333333333334
1122,21,459,1951.3166666666666,2.0,11.0,38.78333333333333,3.0,24.0,89.65,0.0,0.0,0.0,3.0,10.0,17.866666666666667,2.0,10.0,46.63333333333333,0.0,0.0,0.0,2.0,9.0,10.883333333333333,1.0,7.0,45.85,1.0,71.0,378.66666666666663,0.0,0.0,0.0,1.0,11.0,5.866666666666666,1.0,17.0,103.41666666666666,0.0,0.0,0.0,1.0,4.0,9.666666666666666,1.0,82.0,442.8,0.0,0.0,0.0,0.0,0.0,0.0,3.0,203.0,761.2333333333333
1123,22,480,1718.6666666666665,2.0,8.0,41.86666666666667,1.0,12.0,59.2,0.0,0.0,0.0,5.0,18.0,89.91666666666667,0.0,0.0,0.0,0.0,0.0,0.0,3.0,11.0,38.8,1.0,8.0,20.266666666666666,1.0,110.0,551.8333333333334,1.0,6.0,26.6,1.0,7.0,23.099999999999998,4.0,285.0,823.9166666666666,2.0,8.0,42.0,0.0,0.0,0.0,0.0,0.0,0.0,0.0,0.0,0.0,1.0,7.0,1.1666666666666665,0.0,0.0,0.0
1124,22,563,2271.9333333333334,1.0,5.0,5.5,0.0,0.0,0.0,1.0,65.0,81.25,5.0,15.0,38.95,1.0,8.0,49.46666666666667,1.0,118.0,603.7666666666667,2.0,5.0,13.583333333333332,1.0,21.0,108.15,0.0,0.0,0.0,0.0,0.0,0.0,2.0,19.0,89.16666666666667,1.0,18.0,72.0,0.0,0.0,0.0,3.0,31.0,39.166666666666664,2.0,166.0,875.1666666666665,0.0,0.0,0.0,0.0,0.0,0.0,2.0,92.0,295.76666666666665
1125,12,403,1139.5833333333333,1.0,2.0,3.7666666666666666,0.0,0.0,0.0,0.0,0.0,0.0,1.0,2.0,6.4,2.0,20.0,65.6,0.0,0.0,0.0,0.0,0.0,0.0,0.0,0.0,0.0,0.0,0.0,0.0,0.0,0.0,0.0,0.0,0.0,0.0,1.0,92.0,69.0,1.0,6.0,25.3,2.0,43.0,108.46666666666667,2.0,211.0,747.0166666666667,0.0,0.0,0.0,2.0,27.0,114.03333333333333,0.0,0.0,0.0
1126,14,418,1626.8,3.0,16.0,42.266666666666666,2.0,35.0,188.76666666666665,0.0,0.0,0.0,1.0,3.0,9.899999999999999,0.0,0.0,0.0,1.0,65.0,408.4166666666667,1.0,1.0,4.116666666666666,0.0,0.0,0.0,0.0,0.0,0.0,0.0,0.0,0.0,2.0,28.0,101.48333333333333,1.0,110.0,443.66666666666663,0.0,0.0,0.0,1.0,17.0,3.1166666666666663,0.0,0.0,0.0,0.0,0.0,0.0,0.0,0.0,0.0,2.0,143.0,425.06666666666666
1127,19,579,2544.5166666666664,1.0,4.0,11.8,2.0,26.0,86.93333333333334,0.0,0.0,0.0,2.0,4.0,10.566666666666666,1.0,10.0,50.666666666666664,0.0,0.0,0.0,1.0,3.0,14.5,0.0,0.0,0.0,0.0,0.0,0.0,0.0,0.0,0.0,2.0,30.0,35.3,5.0,380.0,1703.9166666666667,2.0,7.0,39.483333333333334,0.0,0.0,0.0,2.0,99.0,582.5500000000001,0.0,0.0,0.0,1.0,16.0,8.8,0.0,0.0,0.0
1128,24,686,2107.133333333333,3.0,10.0,42.016666666666666,1.0,22.0,130.9,1.0,35.0,71.16666666666666,3.0,13.0,33.43333333333333,0.0,0.0,0.0,0.0,0.0,0.0,2.0,5.0,12.75,3.0,45.0,210.85000000000002,1.0,35.0,165.08333333333334,0.0,0.0,0.0,3.0,34.0,102.93333333333334,4.0,268.0,542.3499999999999,0.0,0.0,0.0,0.0,0.0,0.0,2.0,153.0,379.85,0.0,0.0,0.0,0.0,0.0,0.0,1.0,66.0,415.8
1129,9,96,241.8,2.0,12.0,27.300000000000004,0.0,0.0,0.0,0.0,0.0,0.0,1.0,3.0,8.15,3.0,40.0,100.56666666666666,0.0,0.0,0.0,1.0,4.0,18.0,0.0,0.0,0.0,0.0,0.0,0.0,0.0,0.0,0.0,0.0,0.0,0.0,1.0,28.0,30.333333333333332,0.0,0.0,0.0,0.0,0.0,0.0,0.0,0.0,0.0,0.0,0.0,0.0,1.0,9.0,57.45,0.0,0.0,0.0
1130,21,603,2466.633333333333,2.0,7.0,14.650000000000002,0.0,0.0,0.0,0.0,0.0,0.0,3.0,8.0,27.35,1.0,14.0,37.1,0.0,0.0,0.0,3.0,17.0,63.31666666666666,2.0,29.0,69.01666666666667,0.0,0.0,0.0,0.0,0.0,0.0,1.0,14.0,22.866666666666667,5.0,294.0,1343.3500000000001,0.0,0.0,0.0,0.0,0.0,0.0,2.0,103.0,482.3833333333334,0.0,0.0,0.0,1.0,15.0,19.0,1.0,102.0,387.59999999999997
1131,18,483,1228.9333333333334,1.0,5.0,4.666666666666667,2.0,41.0,138.41666666666666,0.0,0.0,0.0,4.0,16.0,55.95,3.0,43.0,77.3,0.0,0.0,0.0,0.0,0.0,0.0,1.0,17.0,27.483333333333334,0.0,0.0,0.0,2.0,13.0,74.93333333333334,1.0,18.0,46.2,1.0,96.0,164.79999999999998,0.0,0.0,0.0,1.0,23.0,23.0,1.0,123.0,248.04999999999998,0.0,0.0,0.0,0.0,0.0,0.0,1.0,88.0,368.1333333333333
1132,17,417,1171.15,0.0,0.0,0.0,2.0,31.0,127.43333333333334,0.0,0.0,0.0,4.0,21.0,54.35,1.0,20.0,48.666666666666664,0.0,0.0,0.0,3.0,8.0,51.13333333333334,1.0,17.0,53.55,0.0,0.0,0.0,0.0,0.0,0.0,2.0,24.0,118.43333333333334,2.0,213.0,249.0,0.0,0.0,0.0,1.0,4.0,3.8,0.0,0.0,0.0,0.0,0.0,0.0,0.0,0.0,0.0,1.0,79.0,464.78333333333336
1133,16,331,844.45,4.0,12.0,27.6,1.0,15.0,24.75,0.0,0.0,0.0,2.0,11.0,8.366666666666667,2.0,23.0,44.11666666666666,0.0,0.0,0.0,1.0,4.0,4.4,1.0,9.0,7.2,0.0,0.0,0.0,0.0,0.0,0.0,1.0,14.0,77.0,3.0,237.0,643.7166666666667,1.0,6.0,7.299999999999999,0.0,0.0,0.0,0.0,0.0,0.0,0.0,0.0,0.0,0.0,0.0,0.0,0.0,0.0,0.0
1134,19,554,1739.2166666666667,4.0,17.0,62.05,1.0,4.0,25.533333333333335,0.0,0.0,0.0,1.0,2.0,8.466666666666667,2.0,29.0,67.71666666666667,2.0,106.0,181.63333333333333,1.0,6.0,2.9,0.0,0.0,0.0,1.0,99.0,549.4499999999999,0.0,0.0,0.0,0.0,0.0,0.0,0.0,0.0,0.0,2.0,11.0,59.06666666666666,2.0,23.0,71.25,1.0,36.0,126.0,0.0,0.0,0.0,0.0,0.0,0.0,2.0,221.0,585.1500000000001
1135,20,436,1427.2666666666667,2.0,11.0,27.95,1.0,7.0,34.88333333333333,0.0,0.0,0.0,5.0,26.0,88.36666666666667,1.0,16.0,17.333333333333332,0.0,0.0,0.0,2.0,10.0,14.733333333333333,0.0,0.0,0.0,1.0,75.0,383.74999999999994,0.0,0.0,0.0,2.0,25.0,134.0,2.0,55.0,253.7,1.0,7.0,14.700000000000001,1.0,15.0,61.24999999999999,1.0,117.0,117.0,0.0,0.0,0.0,0.0,0.0,0.0,1.0,72.0,279.6
1136,18,533,1826.7666666666667,2.0,3.0,17.933333333333334,0.0,0.0,0.0,0.0,0.0,0.0,3.0,15.0,45.85,2.0,24.0,34.53333333333334,0.0,0.0,0.0,1.0,6.0,9.600000000000001,0.0,0.0,0.0,1.0,103.0,97.85,1.0,2.0,8.1,3.0,46.0,170.93333333333334,1.0,66.0,407.0,0.0,0.0,0.0,0.0,0.0,0.0,2.0,181.0,777.0166666666667,1.0,4.0,10.333333333333334,0.0,0.0,0.0,1.0,83.0,247.61666666666667
1137,19,759,2234.5333333333333,1.0,7.0,40.016666666666666,2.0,25.0,97.71666666666667,0.0,0.0,0.0,3.0,5.0,21.233333333333334,0.0,0.0,0.0,0.0,0.0,0.0,1.0,3.0,19.45,0.0,0.0,0.0,1.0,38.0,237.5,0.0,0.0,0.0,3.0,44.0,153.16666666666669,4.0,314.0,299.93333333333334,0.0,0.0,0.0,1.0,15.0,82.25,2.0,218.0,752.2666666666667,0.0,0.0,0.0,0.0,0.0,0.0,1.0,90.0,531.0
1138,22,503,1408.2,5.0,20.0,51.86666666666667,3.0,46.0,140.53333333333333,0.0,0.0,0.0,2.0,9.0,18.733333333333334,2.0,17.0,81.8,0.0,0.0,0.0,1.0,1.0,3.566666666666667,0.0,0.0,0.0,0.0,0.0,0.0,0.0,0.0,0.0,2.0,19.0,35.7,3.0,208.0,542.6333333333334,0.0,0.0,0.0,1.0,6.0,22.5,2.0,148.0,458.6666666666667,0.0,0.0,0.0,0.0,0.0,0.0,1.0,29.0,52.2
1139,30,1032,3115.7,4.0,18.0,72.45,3.0,55.0,316.6833333333333,1.0,116.0,75.4,1.0,2.0,1.6666666666666667,3.0,45.0,140.16666666666669,0.0,0.0,0.0,3.0,7.0,20.733333333333334,0.0,0.0,0.0,0.0,0.0,0.0,0.0,0.0,0.0,5.0,81.0,262.6166666666667,3.0,210.0,700.8833333333333,0.0,0.0,0.0,0.0,0.0,0.0,3.0,212.0,754.1666666666665,0.0,0.0,0.0,0.0,0.0,0.0,4.0,286.0,770.9333333333334
1140,25,719,2064.883333333333,6.0,19.0,76.63333333333334,2.0,32.0,24.95,0.0,0.0,0.0,2.0,6.0,16.05,4.0,28.0,77.0,0.0,0.0,0.0,1.0,3.0,4.199999999999999,1.0,8.0,3.2,1.0,122.0,54.9,0.0,0.0,0.0,0.0,0.0,0.0,3.0,218.0,739.9833333333332,0.0,0.0,0.0,2.0,20.0,40.91666666666667,2.0,200.0,942.0,0.0,0.0,0.0,0.0,0.0,0.0,1.0,63.0,85.05000000000001
1141,19,559,1677.3166666666666,3.0,9.0,26.15,0.0,0.0,0.0,0.0,0.0,0.0,2.0,14.0,71.63333333333333,1.0,19.0,48.76666666666667,0.0,0.0,0.0,1.0,7.0,6.533333333333333,1.0,19.0,25.650000000000002,2.0,214.0,427.7333333333333,0.0,0.0,0.0,1.0,7.0,37.800000000000004,1.0,59.0,162.25,0.0,0.0,0.0,1.0,7.0,46.550000000000004,2.0,105.0,619.85,1.0,1.0,6.1,2.0,25.0,45.0,1.0,73.0,153.3
1142,20,507,1663.1833333333334,5.0,16.0,68.48333333333333,0.0,0.0,0.0,1.0,69.0,13.8,3.0,9.0,32.93333333333333,0.0,0.0,0.0,0.0,0.0,0.0,2.0,9.0,20.68333333333333,1.0,22.0,133.1,1.0,86.0,455.8,0.0,0.0,0.0,1.0,9.0,49.949999999999996,1.0,26.0,10.833333333333334,0.0,0.0,0.0,0.0,0.0,0.0,1.0,118.0,733.5666666666667,0.0,0.0,0.0,3.0,51.0,117.96666666666667,1.0,92.0,26.066666666666666
1143,19,462,1644.1333333333332,4.0,17.0,55.6,1.0,12.0,8.0,0.0,0.0,0.0,0.0,0.0,0.0,1.0,16.0,9.6,0.0,0.0,0.0,2.0,5.0,9.649999999999999,0.0,0.0,0.0,0.0,0.0,0.0,1.0,3.0,11.100000000000001,2.0,43.0,148.4,3.0,160.0,702.8333333333333,1.0,1.0,0.85,1.0,9.0,4.8,1.0,74.0,339.16666666666663,0.0,0.0,0.0,0.0,0.0,0.0,2.0,122.0,354.1333333333333
1144,25,923,2194.3,5.0,14.0,53.666666666666664,1.0,12.0,60.8,1.0,34.0,18.133333333333333,1.0,5.0,17.166666666666664,0.0,0.0,0.0,0.0,0.0,0.0,3.0,18.0,74.81666666666666,1.0,22.0,122.46666666666667,0.0,0.0,0.0,0.0,0.0,0.0,0.0,0.0,0.0,2.0,201.0,202.45,1.0,3.0,9.149999999999999,2.0,19.0,63.75,2.0,136.0,181.56666666666666,0.0,0.0,0.0,1.0,19.0,104.81666666666666,5.0,440.0,1285.5166666666667
1145,18,578,1482.5333333333333,4.0,13.0,23.416666666666664,2.0,30.0,158.83333333333331,0.0,0.0,0.0,1.0,7.0,13.299999999999999,0.0,0.0,0.0,0.0,0.0,0.0,3.0,20.0,48.85,1.0,12.0,16.0,0.0,0.0,0.0,0.0,0.0,0.0,1.0,10.0,52.83333333333333,2.0,191.0,530.05,0.0,0.0,0.0,1.0,16.0,23.2,2.0,155.0,351.51666666666665,0.0,0.0,0.0,0.0,0.0,0.0,1.0,124.0,264.5333333333333
1146,21,712,2984.4166666666665,2.0,8.0,18.083333333333332,0.0,0.0,0.0,0.0,0.0,0.0,3.0,10.0,25.1,0.0,0.0,0.0,0.0,0.0,0.0,0.0,0.0,0.0,2.0,29.0,150.85000000000002,0.0,0.0,0.0,0.0,0.0,0.0,3.0,41.0,222.96666666666667,2.0,91.0,170.54999999999998,0.0,0.0,0.0,0.0,0.0,0.0,2.0,91.0,341.6333333333333,0.0,0.0,0.0,1.0,7.0,30.449999999999996,6.0,435.0,2024.7833333333333
1147,17,595,1103.1666666666667,1.0,7.0,41.88333333333333,1.0,12.0,16.4,0.0,0.0,0.0,1.0,2.0,11.933333333333334,1.0,4.0,2.2,1.0,125.0,95.83333333333334,2.0,7.0,9.383333333333333,2.0,36.0,64.69999999999999,2.0,81.0,284.56666666666666,0.0,0.0,0.0,1.0,16.0,48.0,2.0,90.0,156.6,0.0,0.0,0.0,0.0,0.0,0.0,1.0,35.0,85.16666666666666,0.0,0.0,0.0,0.0,0.0,0.0,2.0,180.0,286.5
1148,17,558,2103.2166666666667,3.0,17.0,56.6,1.0,14.0,85.16666666666666,0.0,0.0,0.0,3.0,18.0,59.0,0.0,0.0,0.0,0.0,0.0,0.0,1.0,7.0,5.483333333333333,0.0,0.0,0.0,1.0,123.0,446.9,1.0,2.0,12.9,0.0,0.0,0.0,1.0,101.0,52.18333333333334,0.0,0.0,0.0,1.0,14.0,19.833333333333336,1.0,93.0,336.35,1.0,4.0,5.733333333333333,1.0,17.0,86.69999999999999,2.0,148.0,936.3666666666668
1149,14,571,1309.3999999999999,1.0,5.0,4.666666666666667,0.0,0.0,0.0,0.0,0.0,0.0,4.0,13.0,38.91666666666667,0.0,0.0,0.0,2.0,175.0,391.21666666666664,3.0,18.0,38.800000000000004,0.0,0.0,0.0,0.0,0.0,0.0,0.0,0.0,0.0,0.0,0.0,0.0,2.0,204.0,616.2333333333333,0.0,0.0,0.0,0.0,0.0,0.0,1.0,98.0,199.26666666666665,0.0,0.0,0.0,0.0,0.0,0.0,1.0,58.0,20.299999999999997
1150,20,663,2162.3333333333335,4.0,16.0,79.66666666666667,0.0,0.0,0.0,0.0,0.0,0.0,1.0,5.0,21.916666666666668,1.0,19.0,39.583333333333336,2.0,92.0,433.01666666666665,2.0,4.0,15.0,2.0,34.0,32.266666666666666,0.0,0.0,0.0,0.0,0.0,0.0,0.0,0.0,0.0,4.0,394.0,1263.0666666666666,0.0,0.0,0.0,1.0,17.0,9.916666666666668,1.0,42.0,219.1,0.0,0.0,0.0,1.0,18.0,27.900000000000002,1.0,22.0,20.9
1151,15,501,1527.8833333333334,3.0,12.0,26.233333333333334,0.0,0.0,0.0,1.0,91.0,124.36666666666667,2.0,6.0,15.433333333333334,0.0,0.0,0.0,0.0,0.0,0.0,1.0,4.0,25.533333333333335,0.0,0.0,0.0,0.0,0.0,0.0,0.0,0.0,0.0,1.0,9.0,52.05,2.0,77.0,412.1666666666667,0.0,0.0,0.0,2.0,22.0,41.150000000000006,1.0,113.0,35.78333333333333,0.0,0.0,0.0,0.0,0.0,0.0,2.0,167.0,795.1666666666667
1152,19,379,1486.4,2.0,10.0,43.33333333333333,3.0,47.0,202.6,0.0,0.0,0.0,3.0,17.0,34.3,3.0,31.0,165.90000000000003,0.0,0.0,0.0,2.0,11.0,24.233333333333334,2.0,24.0,127.06666666666668,0.0,0.0,0.0,0.0,0.0,0.0,0.0,0.0,0.0,2.0,143.0,306.6,0.0,0.0,0.0,1.0,11.0,39.78333333333333,1.0,85.0,542.5833333333334,0.0,0.0,0.0,0.0,0.0,0.0,0.0,0.0,0.0
1153,24,810,2055.866666666667,1.0,1.0,1.9666666666666666,3.0,53.0,198.43333333333334,0.0,0.0,0.0,1.0,2.0,6.633333333333334,1.0,11.0,31.9,2.0,143.0,538.3833333333333,1.0,5.0,22.083333333333336,3.0,27.0,71.83333333333333,0.0,0.0,0.0,0.0,0.0,0.0,2.0,28.0,116.33333333333334,2.0,197.0,314.03333333333336,1.0,3.0,12.5,1.0,13.0,30.766666666666666,2.0,146.0,165.56666666666666,0.0,0.0,0.0,2.0,24.0,77.1,2.0,157.0,468.33333333333337
1154,30,834,3357.3333333333335,4.0,12.0,36.45,2.0,32.0,62.866666666666674,1.0,37.0,141.21666666666667,3.0,19.0,57.28333333333333,2.0,20.0,81.26666666666667,0.0,0.0,0.0,0.0,0.0,0.0,1.0,8.0,3.466666666666667,3.0,125.0,601.55,0.0,0.0,0.0,1.0,20.0,92.33333333333333,3.0,152.0,577.35,0.0,0.0,0.0,2.0,35.0,109.78333333333333,3.0,242.0,849.2666666666667,1.0,2.0,3.033333333333333,2.0,33.0,139.36666666666667,2.0,97.0,602.1
1155,17,392,972.6,1.0,4.0,12.266666666666667,0.0,0.0,0.0,0.0,0.0,0.0,1.0,5.0,26.583333333333332,2.0,18.0,26.28333333333333,0.0,0.0,0.0,1.0,6.0,19.799999999999997,1.0,15.0,13.5,0.0,0.0,0.0,1.0,5.0,18.666666666666668,3.0,34.0,90.46666666666667,3.0,170.0,490.11666666666673,0.0,0.0,0.0,1.0,4.0,21.8,0.0,0.0,0.0,0.0,0.0,0.0,0.0,0.0,0.0,3.0,131.0,253.11666666666665
1156,18,521,2193.866666666667,3.0,18.0,55.2,2.0,40.0,156.26666666666665,0.0,0.0,0.0,2.0,10.0,23.433333333333334,1.0,22.0,118.06666666666666,0.0,0.0,0.0,1.0,1.0,5.566666666666666,1.0,4.0,7.933333333333334,0.0,0.0,0.0,0.0,0.0,0.0,1.0,21.0,82.95,1.0,105.0,530.25,0.0,0.0,0.0,0.0,0.0,0.0,1.0,23.0,13.033333333333333,1.0,7.0,26.366666666666667,1.0,10.0,47.0,3.0,260.0,1127.8000000000002
1157,19,405,1712.0666666666666,3.0,12.0,50.35,0.0,0.0,0.0,0.0,0.0,0.0,2.0,8.0,20.866666666666667,2.0,31.0,152.85000000000002,0.0,0.0,0.0,2.0,9.0,22.883333333333333,0.0,0.0,0.0,0.0,0.0,0.0,0.0,0.0,0.0,0.0,0.0,0.0,2.0,84.0,315.98333333333335,1.0,2.0,0.7333333333333333,1.0,15.0,45.25,3.0,155.0,589.6333333333333,0.0,0.0,0.0,2.0,16.0,70.65,1.0,73.0,442.8666666666667
1158,21,268,848.0,5.0,24.0,67.36666666666667,0.0,0.0,0.0,0.0,0.0,0.0,4.0,11.0,33.55,1.0,19.0,87.08333333333333,0.0,0.0,0.0,4.0,21.0,89.16666666666666,1.0,10.0,14.333333333333334,1.0,23.0,88.16666666666667,0.0,0.0,0.0,1.0,4.0,5.733333333333333,2.0,126.0,362.3,0.0,0.0,0.0,0.0,0.0,0.0,0.0,0.0,0.0,0.0,0.0,0.0,2.0,30.0,100.29999999999998,0.0,0.0,0.0
1159,23,956,2855.35,3.0,10.0,35.65,1.0,17.0,77.06666666666666,1.0,75.0,456.25,2.0,12.0,39.2,2.0,23.0,103.61666666666665,0.0,0.0,0.0,0.0,0.0,0.0,2.0,35.0,41.91666666666667,0.0,0.0,0.0,0.0,0.0,0.0,0.0,0.0,0.0,5.0,332.0,864.9333333333333,0.0,0.0,0.0,2.0,23.0,101.91666666666667,3.0,288.0,881.6,0.0,0.0,0.0,1.0,18.0,105.6,1.0,123.0,147.6
1160,20,420,1289.2666666666667,3.0,15.0,46.31666666666666,0.0,0.0,0.0,0.0,0.0,0.0,2.0,4.0,10.75,2.0,37.0,153.81666666666666,0.0,0.0,0.0,2.0,9.0,28.566666666666666,2.0,19.0,37.36666666666667,0.0,0.0,0.0,1.0,7.0,6.6499999999999995,2.0,24.0,130.20000000000002,0.0,0.0,0.0,0.0,0.0,0.0,0.0,0.0,0.0,3.0,178.0,363.31666666666666,1.0,3.0,5.95,0.0,0.0,0.0,2.0,124.0,506.33333333333326
1161,17,494,1702.9166666666665,1.0,7.0,39.550000000000004,2.0,25.0,104.53333333333333,0.0,0.0,0.0,1.0,4.0,16.733333333333334,1.0,22.0,50.96666666666667,0.0,0.0,0.0,2.0,7.0,10.333333333333332,1.0,4.0,17.6,0.0,0.0,0.0,0.0,0.0,0.0,1.0,22.0,101.93333333333334,2.0,106.0,359.3833333333333,0.0,0.0,0.0,3.0,46.0,83.11666666666666,1.0,32.0,71.46666666666667,0.0,0.0,0.0,0.0,0.0,0.0,2.0,219.0,847.3
1162,20,823,1986.0166666666667,1.0,3.0,3.6499999999999995,0.0,0.0,0.0,1.0,102.0,47.6,2.0,11.0,26.01666666666667,1.0,4.0,5.666666666666667,0.0,0.0,0.0,2.0,9.0,11.066666666666666,0.0,0.0,0.0,2.0,240.0,735.0666666666666,0.0,0.0,0.0,1.0,8.0,37.06666666666667,2.0,146.0,519.8666666666667,0.0,0.0,0.0,3.0,39.0,132.3,1.0,123.0,57.4,0.0,0.0,0.0,1.0,11.0,64.16666666666666,3.0,127.0,346.15000000000003
1163,15,450,1327.7666666666667,2.0,9.0,13.15,2.0,30.0,113.89999999999999,0.0,0.0,0.0,1.0,6.0,36.5,1.0,16.0,52.8,0.0,0.0,0.0,0.0,0.0,0.0,1.0,22.0,6.966666666666667,0.0,0.0,0.0,0.0,0.0,0.0,0.0,0.0,0.0,1.0,16.0,61.333333333333336,1.0,6.0,30.299999999999997,0.0,0.0,0.0,2.0,187.0,813.55,0.0,0.0,0.0,2.0,21.0,57.31666666666667,2.0,137.0,141.95
1164,16,583,1582.1999999999998,2.0,5.0,32.03333333333333,1.0,11.0,24.566666666666666,0.0,0.0,0.0,1.0,1.0,3.933333333333333,0.0,0.0,0.0,0.0,0.0,0.0,4.0,20.0,45.733333333333334,0.0,0.0,0.0,0.0,0.0,0.0,0.0,0.0,0.0,1.0,13.0,12.783333333333333,2.0,194.0,407.1333333333333,0.0,0.0,0.0,0.0,0.0,0.0,2.0,133.0,773.6166666666666,0.0,0.0,0.0,1.0,22.0,9.533333333333333,2.0,184.0,272.8666666666667
1165,26,518,1644.2333333333333,4.0,14.0,25.333333333333332,1.0,11.0,37.03333333333333,0.0,0.0,0.0,5.0,23.0,95.73333333333333,0.0,0.0,0.0,0.0,0.0,0.0,2.0,4.0,18.8,0.0,0.0,0.0,0.0,0.0,0.0,1.0,7.0,3.3833333333333333,4.0,57.0,167.01666666666665,4.0,154.0,703.8166666666667,0.0,0.0,0.0,1.0,11.0,49.86666666666667,3.0,202.0,523.4166666666666,0.0,0.0,0.0,0.0,0.0,0.0,1.0,35.0,19.833333333333332
1166,19,254,785.75,0.0,0.0,0.0,1.0,21.0,108.15,0.0,0.0,0.0,5.0,18.0,77.03333333333333,3.0,38.0,162.26666666666668,0.0,0.0,0.0,2.0,9.0,26.28333333333333,0.0,0.0,0.0,0.0,0.0,0.0,1.0,3.0,11.55,3.0,42.0,107.95,2.0,110.0,244.66666666666669,0.0,0.0,0.0,0.0,0.0,0.0,0.0,0.0,0.0,1.0,4.0,17.4,1.0,9.0,30.45,0.0,0.0,0.0
1167,29,654,1718.9,4.0,15.0,30.333333333333336,3.0,43.0,181.31666666666666,0.0,0.0,0.0,5.0,14.0,57.833333333333336,3.0,37.0,150.18333333333334,1.0,107.0,479.7166666666667,3.0,13.0,34.083333333333336,1.0,8.0,41.333333333333336,0.0,0.0,0.0,0.0,0.0,0.0,3.0,47.0,131.43333333333334,2.0,178.0,386.4666666666667,0.0,0.0,0.0,0.0,0.0,0.0,2.0,160.0,209.26666666666668,0.0,0.0,0.0,1.0,6.0,6.1,1.0,26.0,10.833333333333334
1168,21,601,1922.8666666666668,3.0,16.0,49.53333333333333,0.0,0.0,0.0,1.0,27.0,100.8,0.0,0.0,0.0,0.0,0.0,0.0,0.0,0.0,0.0,2.0,6.0,13.75,2.0,12.0,21.116666666666664,1.0,105.0,178.5,0.0,0.0,0.0,2.0,8.0,31.8,2.0,42.0,127.39999999999998,1.0,1.0,0.3,0.0,0.0,0.0,1.0,92.0,274.4666666666667,0.0,0.0,0.0,1.0,10.0,31.833333333333332,5.0,282.0,1093.3666666666666
1169,21,341,1250.6666666666667,2.0,6.0,25.099999999999998,3.0,46.0,190.33333333333334,0.0,0.0,0.0,4.0,17.0,17.766666666666666,2.0,11.0,35.833333333333336,0.0,0.0,0.0,1.0,4.0,18.4,3.0,42.0,117.0,0.0,0.0,0.0,0.0,0.0,0.0,0.0,0.0,0.0,0.0,0.0,0.0,1.0,4.0,16.6,1.0,9.0,29.1,3.0,188.0,735.9,0.0,0.0,0.0,1.0,14.0,64.63333333333333,0.0,0.0,0.0
1170,18,549,1008.3333333333333,3.0,12.0,21.083333333333336,2.0,30.0,70.71666666666667,0.0,0.0,0.0,2.0,9.0,21.283333333333335,1.0,13.0,21.016666666666666,0.0,0.0,0.0,1.0,2.0,0.7,1.0,19.0,62.06666666666666,1.0,75.0,132.5,0.0,0.0,0.0,1.0,10.0,19.5,3.0,211.0,372.4666666666667,0.0,0.0,0.0,0.0,0.0,0.0,1.0,91.0,16.683333333333334,0.0,0.0,0.0,1.0,21.0,103.25,1.0,56.0,167.06666666666666
1171,10,406,1701.05,0.0,0.0,0.0,2.0,28.0,174.06666666666666,0.0,0.0,0.0,0.0,0.0,0.0,1.0,4.0,5.866666666666666,0.0,0.0,0.0,1.0,1.0,5.0,0.0,0.0,0.0,0.0,0.0,0.0,0.0,0.0,0.0,0.0,0.0,0.0,1.0,76.0,324.26666666666665,0.0,0.0,0.0,1.0,8.0,32.13333333333333,1.0,77.0,241.26666666666665,0.0,0.0,0.0,1.0,21.0,130.55,2.0,191.0,787.9
1172,12,199,937.1666666666666,1.0,5.0,22.5,2.0,29.0,160.56666666666666,0.0,0.0,0.0,0.0,0.0,0.0,2.0,29.0,103.38333333333334,0.0,0.0,0.0,1.0,7.0,29.633333333333333,1.0,23.0,36.03333333333333,0.0,0.0,0.0,1.0,6.0,29.700000000000003,2.0,23.0,86.73333333333333,0.0,0.0,0.0,0.0,0.0,0.0,0.0,0.0,0.0,1.0,38.0,248.26666666666665,0.0,0.0,0.0,0.0,0.0,0.0,1.0,39.0,220.35000000000002
1173,23,707,1965.5666666666666,2.0,5.0,3.033333333333333,2.0,29.0,53.38333333333334,1.0,109.0,568.6166666666667,2.0,7.0,30.016666666666666,4.0,61.0,277.8666666666667,1.0,63.0,93.45,1.0,7.0,34.766666666666666,1.0,11.0,70.58333333333334,0.0,0.0,0.0,0.0,0.0,0.0,4.0,63.0,154.31666666666666,1.0,75.0,388.75,0.0,0.0,0.0,0.0,0.0,0.0,2.0,119.0,159.6,0.0,0.0,0.0,0.0,0.0,0.0,2.0,158.0,131.18333333333334
1174,24,819,2793.6666666666665,0.0,0.0,0.0,0.0,0.0,0.0,0.0,0.0,0.0,4.0,16.0,46.36666666666666,1.0,23.0,150.26666666666665,0.0,0.0,0.0,0.0,0.0,0.0,3.0,23.0,67.81666666666666,0.0,0.0,0.0,0.0,0.0,0.0,3.0,30.0,145.71666666666664,5.0,392.0,1045.4333333333334,1.0,7.0,19.25,2.0,25.0,152.93333333333334,2.0,115.0,598.6,0.0,0.0,0.0,0.0,0.0,0.0,3.0,188.0,567.2833333333333
1175,23,577,2359.633333333333,2.0,8.0,29.200000000000003,1.0,16.0,11.733333333333333,1.0,46.0,295.93333333333334,4.0,17.0,70.45,0.0,0.0,0.0,1.0,83.0,420.5333333333333,3.0,6.0,26.583333333333336,2.0,17.0,66.15,0.0,0.0,0.0,0.0,0.0,0.0,2.0,31.0,50.050000000000004,2.0,83.0,297.6333333333333,0.0,0.0,0.0,0.0,0.0,0.0,2.0,125.0,520.5166666666667,0.0,0.0,0.0,1.0,12.0,58.60000000000001,2.0,133.0,512.25
1176,20,606,1302.2666666666667,1.0,5.0,19.75,1.0,9.0,46.650000000000006,0.0,0.0,0.0,3.0,9.0,15.083333333333334,0.0,0.0,0.0,0.0,0.0,0.0,3.0,12.0,53.56666666666667,1.0,13.0,24.483333333333334,0.0,0.0,0.0,0.0,0.0,0.0,2.0,33.0,68.23333333333333,1.0,46.0,237.66666666666669,1.0,1.0,6.566666666666666,2.0,15.0,71.08333333333333,2.0,229.0,332.85,0.0,0.0,0.0,1.0,22.0,25.299999999999997,2.0,212.0,401.0333333333333
1177,16,597,2436.8666666666663,2.0,8.0,29.000000000000004,0.0,0.0,0.0,0.0,0.0,0.0,1.0,4.0,21.266666666666666,1.0,14.0,74.66666666666666,0.0,0.0,0.0,1.0,1.0,3.683333333333333,3.0,23.0,113.48333333333332,0.0,0.0,0.0,0.0,0.0,0.0,2.0,21.0,81.58333333333333,4.0,357.0,1533.25,0.0,0.0,0.0,0.0,0.0,0.0,2.0,169.0,579.9333333333333,0.0,0.0,0.0,0.0,0.0,0.0,0.0,0.0,0.0
1178,19,764,2617.7,2.0,11.0,20.883333333333333,2.0,33.0,108.2,0.0,0.0,0.0,0.0,0.0,0.0,0.0,0.0,0.0,0.0,0.0,0.0,2.0,9.0,19.85,0.0,0.0,0.0,0.0,0.0,0.0,0.0,0.0,0.0,0.0,0.0,0.0,4.0,249.0,868.5666666666666,0.0,0.0,0.0,3.0,37.0,154.25,1.0,54.0,96.30000000000001,0.0,0.0,0.0,0.0,0.0,0.0,5.0,371.0,1349.6499999999999
1179,26,908,2352.2666666666664,6.0,23.0,51.71666666666667,1.0,23.0,124.2,1.0,73.0,296.8666666666667,2.0,4.0,4.0,4.0,53.0,176.85,0.0,0.0,0.0,1.0,2.0,3.7,0.0,0.0,0.0,0.0,0.0,0.0,0.0,0.0,0.0,2.0,15.0,65.16666666666667,3.0,235.0,624.2666666666667,0.0,0.0,0.0,1.0,14.0,4.8999999999999995,2.0,138.0,493.73333333333335,0.0,0.0,0.0,0.0,0.0,0.0,3.0,328.0,506.8666666666666
1180,13,431,919.7666666666667,1.0,2.0,2.1333333333333333,3.0,56.0,163.06666666666666,0.0,0.0,0.0,1.0,3.0,11.850000000000001,1.0,4.0,3.6,0.0,0.0,0.0,0.0,0.0,0.0,0.0,0.0,0.0,0.0,0.0,0.0,0.0,0.0,0.0,0.0,0.0,0.0,2.0,159.0,332.79999999999995,0.0,0.0,0.0,0.0,0.0,0.0,3.0,178.0,370.23333333333335,1.0,7.0,4.55,1.0,22.0,31.533333333333335,0.0,0.0,0.0
1181,24,658,1938.1166666666666,4.0,16.0,48.1,3.0,48.0,152.4,0.0,0.0,0.0,1.0,4.0,14.333333333333334,0.0,0.0,0.0,0.0,0.0,0.0,4.0,14.0,39.93333333333334,2.0,18.0,38.0,0.0,0.0,0.0,0.0,0.0,0.0,0.0,0.0,0.0,1.0,45.0,40.5,0.0,0.0,0.0,2.0,24.0,88.11666666666666,0.0,0.0,0.0,0.0,0.0,0.0,1.0,18.0,25.8,6.0,471.0,1490.9333333333334
1182,18,630,2272.95,2.0,10.0,13.100000000000001,1.0,16.0,78.13333333333334,0.0,0.0,0.0,3.0,11.0,50.13333333333334,2.0,33.0,206.33333333333331,0.0,0.0,0.0,3.0,13.0,56.8,0.0,0.0,0.0,0.0,0.0,0.0,0.0,0.0,0.0,2.0,25.0,70.08333333333334,2.0,247.0,767.8,0.0,0.0,0.0,0.0,0.0,0.0,0.0,0.0,0.0,0.0,0.0,0.0,0.0,0.0,0.0,3.0,275.0,1030.5666666666666
1183,24,903,3463.6166666666663,1.0,3.0,12.2,2.0,31.0,128.35,0.0,0.0,0.0,2.0,12.0,16.616666666666667,1.0,13.0,22.099999999999998,1.0,93.0,31.0,0.0,0.0,0.0,3.0,33.0,115.68333333333334,0.0,0.0,0.0,0.0,0.0,0.0,2.0,23.0,55.733333333333334,4.0,313.0,1398.5333333333333,0.0,0.0,0.0,1.0,23.0,138.0,0.0,0.0,0.0,0.0,0.0,0.0,2.0,23.0,50.2,5.0,336.0,1495.1999999999998
1184,17,530,2904.133333333333,3.0,15.0,63.81666666666666,1.0,16.0,89.86666666666666,1.0,19.0,107.98333333333333,2.0,8.0,15.916666666666668,1.0,4.0,10.0,0.0,0.0,0.0,1.0,1.0,6.433333333333334,0.0,0.0,0.0,1.0,126.0,665.6999999999999,1.0,6.0,24.299999999999997,0.0,0.0,0.0,1.0,20.0,129.66666666666666,0.0,0.0,0.0,0.0,0.0,0.0,1.0,60.0,271.0,0.0,0.0,0.0,1.0,8.0,37.333333333333336,3.0,247.0,1482.1166666666668
1185,24,850,3044.0833333333335,2.0,7.0,37.46666666666666,0.0,0.0,0.0,1.0,42.0,169.4,2.0,4.0,23.083333333333332,3.0,29.0,136.63333333333333,2.0,123.0,152.88333333333333,1.0,1.0,5.066666666666666,0.0,0.0,0.0,1.0,58.0,313.20000000000005,0.0,0.0,0.0,0.0,0.0,0.0,3.0,134.0,439.23333333333335,0.0,0.0,0.0,3.0,39.0,93.41666666666667,3.0,219.0,1017.7666666666667,0.0,0.0,0.0,1.0,8.0,21.466666666666665,2.0,186.0,634.4666666666667
1186,17,539,1830.4,2.0,4.0,13.933333333333334,1.0,17.0,112.48333333333332,2.0,133.0,340.4166666666667,0.0,0.0,0.0,2.0,28.0,91.4,0.0,0.0,0.0,3.0,13.0,47.550000000000004,0.0,0.0,0.0,0.0,0.0,0.0,1.0,1.0,0.7666666666666667,0.0,0.0,0.0,2.0,95.0,521.8333333333334,0.0,0.0,0.0,0.0,0.0,0.0,3.0,243.0,680.7666666666667,0.0,0.0,0.0,1.0,5.0,21.25,0.0,0.0,0.0
1187,28,967,3059.133333333333,2.0,9.0,41.199999999999996,0.0,0.0,0.0,1.0,79.0,367.35,2.0,12.0,22.966666666666665,1.0,17.0,96.61666666666667,0.0,0.0,0.0,2.0,13.0,40.71666666666666,7.0,91.0,237.23333333333335,0.0,0.0,0.0,1.0,1.0,0.4166666666666667,2.0,44.0,260.93333333333334,3.0,295.0,331.41666666666663,1.0,1.0,1.6333333333333333,1.0,5.0,22.083333333333336,4.0,392.0,1591.5,0.0,0.0,0.0,1.0,8.0,45.06666666666667,0.0,0.0,0.0
1188,20,409,1500.2666666666667,2.0,8.0,24.45,1.0,22.0,27.133333333333333,0.0,0.0,0.0,2.0,4.0,6.033333333333333,1.0,7.0,29.983333333333334,0.0,0.0,0.0,2.0,7.0,42.5,1.0,5.0,4.083333333333333,0.0,0.0,0.0,0.0,0.0,0.0,2.0,28.0,72.78333333333333,1.0,101.0,175.06666666666666,1.0,1.0,1.5666666666666667,3.0,43.0,162.0,2.0,55.0,318.4666666666667,0.0,0.0,0.0,1.0,4.0,20.333333333333332,1.0,124.0,615.8666666666667
1189,13,440,2162.45,0.0,0.0,0.0,0.0,0.0,0.0,0.0,0.0,0.0,0.0,0.0,0.0,1.0,17.0,80.18333333333334,1.0,114.0,638.4,1.0,6.0,38.199999999999996,1.0,8.0,18.666666666666668,0.0,0.0,0.0,0.0,0.0,0.0,1.0,7.0,2.6833333333333336,3.0,140.0,533.4166666666667,0.0,0.0,0.0,0.0,0.0,0.0,0.0,0.0,0.0,0.0,0.0,0.0,3.0,21.0,86.06666666666666,2.0,127.0,764.8333333333334
1190,26,661,2023.6166666666666,5.0,32.0,100.85000000000001,2.0,22.0,127.89999999999999,0.0,0.0,0.0,2.0,14.0,32.31666666666666,4.0,53.0,248.78333333333333,0.0,0.0,0.0,1.0,4.0,5.133333333333334,3.0,40.0,102.73333333333335,0.0,0.0,0.0,0.0,0.0,0.0,0.0,0.0,0.0,3.0,63.0,306.0333333333333,0.0,0.0,0.0,2.0,30.0,43.199999999999996,1.0,119.0,606.9,0.0,0.0,0.0,0.0,0.0,0.0,3.0,284.0,449.76666666666665
1191,25,693,2306.4,4.0,17.0,50.516666666666666,0.0,0.0,0.0,1.0,96.0,504.0,2.0,4.0,21.933333333333334,0.0,0.0,0.0,1.0,32.0,81.06666666666666,3.0,11.0,39.21666666666667,1.0,20.0,9.0,1.0,55.0,126.49999999999999,0.0,0.0,0.0,0.0,0.0,0.0,2.0,115.0,424.1833333333334,2.0,7.0,27.78333333333333,2.0,36.0,139.41666666666666,2.0,127.0,352.05,0.0,0.0,0.0,2.0,39.0,27.683333333333334,2.0,134.0,503.05
1192,21,734,2595.9166666666665,4.0,12.0,52.36666666666666,0.0,0.0,0.0,0.0,0.0,0.0,2.0,6.0,17.533333333333335,1.0,13.0,60.23333333333334,0.0,0.0,0.0,1.0,5.0,8.5,0.0,0.0,0.0,0.0,0.0,0.0,1.0,4.0,22.666666666666668,2.0,34.0,51.0,5.0,350.0,1551.85,0.0,0.0,0.0,0.0,0.0,0.0,3.0,171.0,508.40000000000003,0.0,0.0,0.0,1.0,19.0,37.36666666666667,1.0,120.0,286.0
1193,23,888,2595.4666666666667,0.0,0.0,0.0,1.0,11.0,67.1,0.0,0.0,0.0,1.0,2.0,1.0333333333333334,3.0,42.0,89.5,0.0,0.0,0.0,1.0,2.0,2.3666666666666667,2.0,34.0,87.38333333333333,0.0,0.0,0.0,0.0,0.0,0.0,4.0,40.0,128.25,4.0,302.0,865.05,0.0,0.0,0.0,0.0,0.0,0.0,3.0,247.0,759.3,0.0,0.0,0.0,1.0,17.0,43.06666666666666,3.0,191.0,552.4166666666666
1194,17,350,1582.6999999999998,3.0,12.0,42.88333333333333,2.0,32.0,109.1,0.0,0.0,0.0,1.0,5.0,27.166666666666668,2.0,35.0,193.08333333333331,0.0,0.0,0.0,1.0,6.0,33.4,0.0,0.0,0.0,0.0,0.0,0.0,0.0,0.0,0.0,2.0,23.0,99.96666666666667,1.0,30.0,164.0,0.0,0.0,0.0,0.0,0.0,0.0,1.0,77.0,223.29999999999998,0.0,0.0,0.0,2.0,28.0,134.93333333333334,2.0,102.0,554.8666666666667
1195,28,837,3087.95,5.0,28.0,60.21666666666667,3.0,33.0,76.0,1.0,22.0,135.3,1.0,7.0,26.71666666666667,2.0,37.0,37.93333333333334,1.0,93.0,141.04999999999998,1.0,7.0,18.900000000000002,0.0,0.0,0.0,0.0,0.0,0.0,0.0,0.0,0.0,2.0,14.0,27.416666666666668,6.0,387.0,1938.9,0.0,0.0,0.0,1.0,21.0,70.7,2.0,59.0,239.85,0.0,0.0,0.0,1.0,22.0,16.133333333333333,2.0,107.0,298.83333333333337
1196,16,582,1864.4333333333334,2.0,11.0,34.86666666666667,1.0,15.0,8.5,0.0,0.0,0.0,0.0,0.0,0.0,2.0,24.0,120.21666666666667,0.0,0.0,0.0,2.0,4.0,3.616666666666667,2.0,17.0,48.56666666666666,0.0,0.0,0.0,0.0,0.0,0.0,0.0,0.0,0.0,6.0,491.0,1626.0,0.0,0.0,0.0,1.0,20.0,22.666666666666664,0.0,0.0,0.0,0.0,0.0,0.0,0.0,0.0,0.0,0.0,0.0,0.0
1197,21,584,1898.6666666666667,2.0,10.0,17.65,2.0,22.0,104.53333333333333,0.0,0.0,0.0,2.0,12.0,57.26666666666667,0.0,0.0,0.0,1.0,45.0,182.25,2.0,6.0,18.53333333333333,2.0,19.0,77.98333333333332,0.0,0.0,0.0,0.0,0.0,0.0,3.0,49.0,174.2,3.0,194.0,364.5333333333333,0.0,0.0,0.0,1.0,18.0,51.6,1.0,77.0,406.81666666666666,0.0,0.0,0.0,0.0,0.0,0.0,2.0,132.0,443.3
1198,15,406,1671.25,0.0,0.0,0.0,3.0,39.0,99.16666666666667,0.0,0.0,0.0,1.0,4.0,3.066666666666667,0.0,0.0,0.0,1.0,91.0,389.7833333333333,2.0,4.0,19.299999999999997,1.0,16.0,20.266666666666666,1.0,18.0,80.7,0.0,0.0,0.0,2.0,31.0,42.666666666666664,0.0,0.0,0.0,0.0,0.0,0.0,0.0,0.0,0.0,1.0,103.0,533.8833333333333,0.0,0.0,0.0,1.0,9.0,41.7,2.0,91.0,440.7166666666667
1199,17,427,1952.55,2.0,10.0,29.4,1.0,6.0,20.3,0.0,0.0,0.0,3.0,9.0,41.4,0.0,0.0,0.0,0.0,0.0,0.0,1.0,2.0,4.0,0.0,0.0,0.0,0.0,0.0,0.0,1.0,1.0,3.1,3.0,53.0,184.93333333333334,0.0,0.0,0.0,0.0,0.0,0.0,0.0,0.0,0.0,4.0,190.0,1230.7666666666667,0.0,0.0,0.0,0.0,0.0,0.0,2.0,156.0,438.65
1200,19,545,2296.2,2.0,8.0,46.6,1.0,7.0,16.099999999999998,0.0,0.0,0.0,2.0,8.0,42.233333333333334,1.0,5.0,26.75,2.0,223.0,1372.0166666666667,2.0,4.0,10.766666666666666,1.0,13.0,27.733333333333334,2.0,137.0,284.1333333333333,0.0,0.0,0.0,0.0,0.0,0.0,1.0,61.0,136.23333333333335,1.0,1.0,4.9,0.0,0.0,0.0,0.0,0.0,0.0,0.0,0.0,0.0,3.0,49.0,158.6,1.0,29.0,170.13333333333333
1201,25,747,2620.05,3.0,17.0,80.23333333333333,3.0,32.0,57.21666666666667,1.0,43.0,79.55,3.0,15.0,35.3,2.0,24.0,48.266666666666666,0.0,0.0,0.0,1.0,3.0,7.6499999999999995,0.0,0.0,0.0,1.0,74.0,255.3,0.0,0.0,0.0,2.0,38.0,99.69999999999999,1.0,83.0,500.76666666666665,0.0,0.0,0.0,2.0,18.0,87.75,1.0,86.0,288.1,0.0,0.0,0.0,1.0,19.0,25.650000000000002,4.0,295.0,1054.5666666666666
1202,21,400,1154.2166666666667,3.0,6.0,12.583333333333332,2.0,28.0,51.68333333333334,0.0,0.0,0.0,2.0,6.0,18.3,1.0,16.0,12.266666666666667,0.0,0.0,0.0,1.0,1.0,5.483333333333333,2.0,31.0,93.95,0.0,0.0,0.0,2.0,13.0,56.5,3.0,45.0,148.36666666666667,0.0,0.0,0.0,0.0,0.0,0.0,1.0,20.0,72.66666666666667,3.0,142.0,605.75,0.0,0.0,0.0,0.0,0.0,0.0,1.0,92.0,76.66666666666667
1203,22,957,3983.8,1.0,4.0,15.066666666666666,1.0,8.0,26.8,0.0,0.0,0.0,2.0,5.0,25.05,2.0,18.0,66.0,0.0,0.0,0.0,2.0,6.0,28.25,0.0,0.0,0.0,1.0,20.0,29.0,0.0,0.0,0.0,0.0,0.0,0.0,5.0,475.0,1664.8,0.0,0.0,0.0,1.0,19.0,91.2,4.0,353.0,1910.4666666666667,0.0,0.0,0.0,2.0,29.0,83.83333333333333,1.0,20.0,43.33333333333333
1204,26,736,2681.5666666666666,5.0,17.0,36.483333333333334,2.0,43.0,200.36666666666667,1.0,107.0,214.0,5.0,14.0,78.5,1.0,18.0,112.5,0.0,0.0,0.0,1.0,3.0,14.25,0.0,0.0,0.0,0.0,0.0,0.0,0.0,0.0,0.0,2.0,19.0,61.166666666666664,6.0,419.0,1660.3666666666666,0.0,0.0,0.0,1.0,14.0,75.83333333333334,1.0,27.0,82.35,0.0,0.0,0.0,0.0,0.0,0.0,1.0,55.0,145.75
1205,17,297,1047.1666666666667,2.0,6.0,30.550000000000004,1.0,12.0,15.0,0.0,0.0,0.0,2.0,7.0,29.866666666666667,3.0,29.0,127.75,0.0,0.0,0.0,3.0,19.0,62.36666666666666,0.0,0.0,0.0,0.0,0.0,0.0,0.0,0.0,0.0,0.0,0.0,0.0,1.0,92.0,539.7333333333333,0.0,0.0,0.0,2.0,41.0,143.7,1.0,24.0,33.599999999999994,0.0,0.0,0.0,1.0,14.0,31.033333333333335,1.0,53.0,33.56666666666666
1206,21,914,3203.45,1.0,4.0,17.666666666666668,0.0,0.0,0.0,1.0,71.0,382.2166666666667,1.0,7.0,7.816666666666666,0.0,0.0,0.0,1.0,95.0,299.25,5.0,25.0,128.68333333333334,1.0,9.0,51.300000000000004,0.0,0.0,0.0,0.0,0.0,0.0,0.0,0.0,0.0,3.0,251.0,581.7666666666667,0.0,0.0,0.0,0.0,0.0,0.0,1.0,107.0,574.2333333333332,1.0,7.0,17.96666666666667,2.0,34.0,176.28333333333333,4.0,304.0,966.2666666666667
1207,17,257,903.9,4.0,17.0,85.86666666666666,3.0,36.0,115.35,2.0,76.0,249.11666666666667,1.0,6.0,15.400000000000002,2.0,43.0,164.38333333333333,0.0,0.0,0.0,1.0,7.0,31.150000000000002,0.0,0.0,0.0,0.0,0.0,0.0,0.0,0.0,0.0,3.0,40.0,156.76666666666665,0.0,0.0,0.0,0.0,0.0,0.0,0.0,0.0,0.0,0.0,0.0,0.0,0.0,0.0,0.0,0.0,0.0,0.0,1.0,32.0,85.86666666666666
1208,21,842,2862.5333333333333,3.0,12.0,56.78333333333333,1.0,17.0,52.13333333333334,0.0,0.0,0.0,3.0,16.0,51.583333333333336,1.0,15.0,68.0,1.0,124.0,750.1999999999999,1.0,4.0,7.933333333333334,0.0,0.0,0.0,1.0,89.0,91.96666666666668,0.0,0.0,0.0,0.0,0.0,0.0,2.0,117.0,611.85,0.0,0.0,0.0,1.0,9.0,52.5,0.0,0.0,0.0,0.0,0.0,0.0,1.0,11.0,31.35,6.0,428.0,1088.2333333333333
1209,18,510,1486.6666666666667,3.0,9.0,42.849999999999994,2.0,24.0,116.75,0.0,0.0,0.0,2.0,7.0,17.283333333333335,1.0,11.0,27.5,0.0,0.0,0.0,3.0,16.0,36.31666666666666,1.0,15.0,3.25,0.0,0.0,0.0,0.0,0.0,0.0,0.0,0.0,0.0,2.0,142.0,336.75,0.0,0.0,0.0,2.0,38.0,108.46666666666667,1.0,122.0,719.8000000000001,0.0,0.0,0.0,0.0,0.0,0.0,1.0,126.0,77.7
1210,22,771,1722.6833333333334,2.0,11.0,23.883333333333333,2.0,37.0,137.56666666666666,0.0,0.0,0.0,0.0,0.0,0.0,3.0,40.0,108.86666666666666,1.0,106.0,132.5,1.0,6.0,28.200000000000003,2.0,29.0,92.36666666666666,1.0,95.0,47.5,0.0,0.0,0.0,1.0,15.0,95.0,4.0,303.0,904.4833333333333,1.0,1.0,0.26666666666666666,1.0,11.0,39.78333333333333,2.0,112.0,108.26666666666667,0.0,0.0,0.0,1.0,5.0,4.0,0.0,0.0,0.0
1211,28,1216,4656.416666666666,1.0,1.0,3.716666666666667,0.0,0.0,0.0,2.0,77.0,268.15,2.0,8.0,36.06666666666666,2.0,23.0,97.16666666666666,0.0,0.0,0.0,4.0,24.0,72.96666666666667,0.0,0.0,0.0,1.0,36.0,61.8,0.0,0.0,0.0,2.0,42.0,252.76666666666665,5.0,430.0,1669.9833333333333,0.0,0.0,0.0,0.0,0.0,0.0,2.0,149.0,545.3666666666667,0.0,0.0,0.0,3.0,44.0,167.96666666666667,4.0,382.0,1480.4666666666667
1212,17,563,1524.8833333333332,2.0,13.0,23.666666666666664,1.0,4.0,20.4,0.0,0.0,0.0,0.0,0.0,0.0,2.0,28.0,115.5,0.0,0.0,0.0,1.0,6.0,16.3,1.0,5.0,22.666666666666664,1.0,110.0,135.66666666666669,0.0,0.0,0.0,3.0,56.0,149.43333333333334,1.0,110.0,104.5,0.0,0.0,0.0,0.0,0.0,0.0,1.0,34.0,137.7,1.0,2.0,10.766666666666667,0.0,0.0,0.0,3.0,195.0,788.2833333333333
1213,19,448,1993.75,3.0,18.0,75.86666666666667,2.0,18.0,64.23333333333333,0.0,0.0,0.0,3.0,8.0,34.78333333333333,0.0,0.0,0.0,0.0,0.0,0.0,2.0,12.0,58.08333333333333,0.0,0.0,0.0,0.0,0.0,0.0,0.0,0.0,0.0,1.0,17.0,22.666666666666664,2.0,135.0,593.6333333333333,1.0,6.0,20.599999999999998,1.0,9.0,53.85,0.0,0.0,0.0,0.0,0.0,0.0,1.0,17.0,96.05000000000001,3.0,208.0,973.9833333333333
1214,13,394,1324.8166666666666,3.0,11.0,28.6,0.0,0.0,0.0,0.0,0.0,0.0,0.0,0.0,0.0,2.0,40.0,72.0,0.0,0.0,0.0,0.0,0.0,0.0,1.0,22.0,32.266666666666666,0.0,0.0,0.0,1.0,7.0,7.816666666666666,2.0,24.0,109.4,2.0,159.0,659.4166666666666,0.0,0.0,0.0,0.0,0.0,0.0,1.0,29.0,92.31666666666666,0.0,0.0,0.0,0.0,0.0,0.0,1.0,102.0,323.0
1215,21,771,2635.8500000000004,2.0,8.0,30.083333333333336,1.0,4.0,23.666666666666668,1.0,123.0,606.8000000000001,1.0,7.0,21.7,0.0,0.0,0.0,0.0,0.0,0.0,2.0,11.0,57.733333333333334,3.0,38.0,115.43333333333334,0.0,0.0,0.0,0.0,0.0,0.0,1.0,18.0,40.8,3.0,272.0,788.5166666666667,2.0,8.0,40.333333333333336,1.0,9.0,38.55,3.0,269.0,865.5666666666667,1.0,4.0,6.666666666666667,0.0,0.0,0.0,0.0,0.0,0.0
1216,23,501,1464.4833333333333,3.0,20.0,79.93333333333334,5.0,77.0,373.59999999999997,0.0,0.0,0.0,2.0,8.0,39.449999999999996,1.0,12.0,46.4,1.0,45.0,69.0,2.0,10.0,26.7,0.0,0.0,0.0,0.0,0.0,0.0,0.0,0.0,0.0,2.0,22.0,52.61666666666667,2.0,145.0,254.85000000000002,0.0,0.0,0.0,1.0,22.0,124.30000000000001,2.0,116.0,359.43333333333334,1.0,6.0,34.0,0.0,0.0,0.0,1.0,18.0,4.2
1217,21,676,2646.7166666666667,1.0,3.0,8.35,5.0,71.0,292.8333333333333,0.0,0.0,0.0,2.0,8.0,10.5,0.0,0.0,0.0,0.0,0.0,0.0,0.0,0.0,0.0,2.0,31.0,141.16666666666666,0.0,0.0,0.0,0.0,0.0,0.0,0.0,0.0,0.0,5.0,394.0,1414.7,0.0,0.0,0.0,1.0,10.0,2.6666666666666665,1.0,62.0,392.66666666666663,1.0,3.0,15.8,1.0,8.0,17.333333333333332,2.0,86.0,350.7
1218,21,695,2602.516666666667,0.0,0.0,0.0,0.0,0.0,0.0,0.0,0.0,0.0,0.0,0.0,0.0,2.0,32.0,143.55,1.0,22.0,124.66666666666667,2.0,6.0,29.4,0.0,0.0,0.0,0.0,0.0,0.0,0.0,0.0,0.0,3.0,47.0,142.68333333333334,4.0,255.0,986.8,0.0,0.0,0.0,3.0,41.0,138.06666666666666,3.0,116.0,312.7,0.0,0.0,0.0,1.0,13.0,3.466666666666667,2.0,163.0,721.1833333333334
1219,19,560,1618.8833333333334,4.0,17.0,57.9,1.0,6.0,24.0,0.0,0.0,0.0,2.0,9.0,30.449999999999996,3.0,60.0,200.68333333333334,0.0,0.0,0.0,0.0,0.0,0.0,0.0,0.0,0.0,0.0,0.0,0.0,0.0,0.0,0.0,2.0,24.0,83.51666666666667,2.0,156.0,545.9833333333333,0.0,0.0,0.0,1.0,4.0,12.266666666666667,4.0,284.0,664.0833333333334,0.0,0.0,0.0,0.0,0.0,0.0,0.0,0.0,0.0
1220,13,656,2168.883333333333,1.0,4.0,15.2,0.0,0.0,0.0,0.0,0.0,0.0,1.0,2.0,3.1,1.0,14.0,48.766666666666666,0.0,0.0,0.0,0.0,0.0,0.0,2.0,14.0,48.66666666666667,1.0,33.0,103.4,0.0,0.0,0.0,0.0,0.0,0.0,2.0,129.0,238.2,0.0,0.0,0.0,0.0,0.0,0.0,4.0,416.0,1539.95,0.0,0.0,0.0,0.0,0.0,0.0,1.0,44.0,171.6
1221,20,537,1977.6833333333334,5.0,16.0,54.28333333333333,1.0,22.0,24.933333333333334,2.0,169.0,637.25,1.0,4.0,6.733333333333333,1.0,6.0,23.700000000000003,0.0,0.0,0.0,1.0,7.0,23.8,1.0,5.0,4.5,0.0,0.0,0.0,0.0,0.0,0.0,2.0,21.0,69.5,3.0,206.0,865.0,0.0,0.0,0.0,1.0,20.0,90.33333333333333,0.0,0.0,0.0,1.0,1.0,5.65,0.0,0.0,0.0,1.0,60.0,172.0
1222,34,1073,3714.75,6.0,14.0,60.016666666666666,2.0,26.0,85.6,0.0,0.0,0.0,3.0,9.0,21.78333333333333,3.0,39.0,89.35,0.0,0.0,0.0,1.0,7.0,31.849999999999998,1.0,7.0,42.81666666666666,0.0,0.0,0.0,0.0,0.0,0.0,2.0,21.0,118.8,5.0,304.0,1372.2666666666667,0.0,0.0,0.0,0.0,0.0,0.0,5.0,357.0,838.2333333333333,0.0,0.0,0.0,2.0,21.0,54.03333333333333,4.0,268.0,1000.0
1223,17,843,2609.3,0.0,0.0,0.0,0.0,0.0,0.0,0.0,0.0,0.0,1.0,1.0,5.95,1.0,19.0,71.56666666666666,0.0,0.0,0.0,3.0,10.0,36.300000000000004,0.0,0.0,0.0,0.0,0.0,0.0,0.0,0.0,0.0,0.0,0.0,0.0,2.0,227.0,751.6833333333334,0.0,0.0,0.0,2.0,35.0,119.69999999999999,5.0,328.0,677.1,0.0,0.0,0.0,1.0,15.0,89.0,2.0,208.0,858.0
1224,22,1051,2734.0666666666666,3.0,13.0,34.583333333333336,1.0,14.0,17.266666666666666,1.0,73.0,243.33333333333334,0.0,0.0,0.0,2.0,31.0,134.26666666666665,1.0,127.0,243.41666666666669,2.0,11.0,40.55,2.0,30.0,126.0,0.0,0.0,0.0,0.0,0.0,0.0,2.0,25.0,110.63333333333333,3.0,310.0,606.05,0.0,0.0,0.0,0.0,0.0,0.0,5.0,417.0,1177.9666666666667,0.0,0.0,0.0,0.0,0.0,0.0,0.0,0.0,0.0
1225,27,740,2676.133333333333,3.0,10.0,31.133333333333333,1.0,16.0,41.333333333333336,0.0,0.0,0.0,4.0,17.0,63.83333333333333,2.0,16.0,86.9,2.0,129.0,552.8833333333333,2.0,11.0,14.433333333333334,3.0,39.0,74.05000000000001,0.0,0.0,0.0,0.0,0.0,0.0,2.0,30.0,116.8,1.0,55.0,213.58333333333334,0.0,0.0,0.0,0.0,0.0,0.0,3.0,204.0,962.4333333333332,0.0,0.0,0.0,1.0,7.0,15.400000000000002,3.0,206.0,503.35
1226,22,468,1847.25,8.0,36.0,129.4,0.0,0.0,0.0,0.0,0.0,0.0,2.0,9.0,31.900000000000002,0.0,0.0,0.0,0.0,0.0,0.0,2.0,12.0,38.4,2.0,29.0,90.31666666666666,0.0,0.0,0.0,0.0,0.0,0.0,1.0,6.0,10.6,4.0,265.0,1049.2333333333333,0.0,0.0,0.0,1.0,14.0,31.966666666666665,1.0,50.0,263.3333333333333,0.0,0.0,0.0,0.0,0.0,0.0,1.0,47.0,202.1
1227,24,546,1444.4833333333333,3.0,10.0,46.03333333333334,4.0,46.0,172.58333333333331,0.0,0.0,0.0,3.0,13.0,68.10000000000001,4.0,55.0,104.16666666666667,1.0,36.0,150.0,1.0,6.0,30.1,3.0,23.0,98.71666666666667,0.0,0.0,0.0,0.0,0.0,0.0,1.0,13.0,36.4,1.0,115.0,138.0,0.0,0.0,0.0,1.0,5.0,4.916666666666666,2.0,224.0,595.4666666666666,0.0,0.0,0.0,0.0,0.0,0.0,0.0,0.0,0.0
1228,24,873,3064.233333333333,3.0,11.0,17.7,1.0,17.0,46.46666666666667,2.0,120.0,634.3333333333333,1.0,1.0,1.25,2.0,18.0,76.91666666666667,0.0,0.0,0.0,3.0,9.0,43.91666666666667,2.0,28.0,29.4,0.0,0.0,0.0,0.0,0.0,0.0,1.0,13.0,52.65,3.0,305.0,1121.5,0.0,0.0,0.0,1.0,20.0,52.0,3.0,252.0,794.5,0.0,0.0,0.0,1.0,6.0,25.7,1.0,73.0,167.89999999999998
1229,30,618,1809.6999999999998,3.0,8.0,15.633333333333331,4.0,40.0,137.75,0.0,0.0,0.0,3.0,9.0,17.55,1.0,13.0,51.35,0.0,0.0,0.0,4.0,14.0,57.550000000000004,1.0,21.0,37.45,0.0,0.0,0.0,1.0,5.0,13.083333333333334,2.0,20.0,121.33333333333333,5.0,315.0,905.8833333333333,0.0,0.0,0.0,0.0,0.0,0.0,2.0,54.0,187.56666666666666,0.0,0.0,0.0,1.0,22.0,64.16666666666666,3.0,97.0,200.38333333333333
1230,19,544,1726.3166666666666,6.0,23.0,103.88333333333333,1.0,23.0,130.33333333333334,0.0,0.0,0.0,1.0,1.0,2.216666666666667,0.0,0.0,0.0,0.0,0.0,0.0,1.0,6.0,26.0,1.0,12.0,64.60000000000001,0.0,0.0,0.0,0.0,0.0,0.0,0.0,0.0,0.0,3.0,221.0,288.7,1.0,6.0,3.5,1.0,23.0,115.38333333333333,1.0,98.0,506.33333333333337,1.0,6.0,30.900000000000002,1.0,6.0,34.0,1.0,119.0,420.46666666666664
1231,30,1077,4169.1,6.0,27.0,86.01666666666667,2.0,36.0,81.35,0.0,0.0,0.0,0.0,0.0,0.0,2.0,16.0,15.883333333333335,1.0,110.0,265.8333333333333,2.0,6.0,31.116666666666667,1.0,7.0,13.299999999999999,1.0,82.0,407.26666666666665,0.0,0.0,0.0,1.0,22.0,11.0,4.0,156.0,926.6333333333333,0.0,0.0,0.0,2.0,30.0,157.95,3.0,271.0,665.3333333333334,1.0,6.0,29.300000000000004,0.0,0.0,0.0,4.0,308.0,1478.1166666666666
1232,22,879,3476.016666666667,1.0,3.0,10.15,1.0,14.0,60.666666666666664,0.0,0.0,0.0,4.0,18.0,69.65,1.0,6.0,1.9,1.0,100.0,170.0,0.0,0.0,0.0,0.0,0.0,0.0,0.0,0.0,0.0,0.0,0.0,0.0,4.0,44.0,214.26666666666665,3.0,262.0,1279.4833333333333,0.0,0.0,0.0,2.0,44.0,160.41666666666666,2.0,116.0,500.8666666666667,0.0,0.0,0.0,0.0,0.0,0.0,3.0,272.0,1008.6166666666668
1233,23,796,2903.233333333333,2.0,10.0,16.933333333333334,0.0,0.0,0.0,0.0,0.0,0.0,1.0,7.0,41.88333333333333,2.0,31.0,85.51666666666665,2.0,172.0,622.6666666666666,4.0,15.0,76.33333333333334,0.0,0.0,0.0,1.0,100.0,500.0,0.0,0.0,0.0,2.0,24.0,66.05,1.0,101.0,410.7333333333333,0.0,0.0,0.0,1.0,23.0,123.05,5.0,281.0,862.4,0.0,0.0,0.0,2.0,32.0,97.66666666666666,0.0,0.0,0.0
1234,22,705,1856.15,2.0,7.0,7.65,1.0,12.0,68.6,0.0,0.0,0.0,0.0,0.0,0.0,3.0,32.0,138.33333333333334,0.0,0.0,0.0,2.0,9.0,57.71666666666667,1.0,14.0,51.800000000000004,0.0,0.0,0.0,0.0,0.0,0.0,1.0,23.0,34.11666666666667,2.0,200.0,180.0,0.0,0.0,0.0,2.0,12.0,47.0,2.0,140.0,207.06666666666666,0.0,0.0,0.0,2.0,25.0,82.41666666666666,4.0,231.0,981.4499999999999
1235,27,1015,2990.35,0.0,0.0,0.0,1.0,10.0,37.83333333333333,0.0,0.0,0.0,5.0,19.0,61.46666666666667,1.0,11.0,12.283333333333333,0.0,0.0,0.0,3.0,7.0,31.299999999999997,2.0,35.0,84.58333333333334,2.0,196.0,295.75,0.0,0.0,0.0,2.0,19.0,26.233333333333334,4.0,282.0,1186.5,0.0,0.0,0.0,1.0,15.0,86.25,3.0,158.0,435.0,0.0,0.0,0.0,0.0,0.0,0.0,3.0,263.0,733.15
1236,20,403,1466.4666666666667,1.0,4.0,15.533333333333333,2.0,39.0,196.01666666666665,1.0,65.0,361.8333333333333,4.0,20.0,90.45,0.0,0.0,0.0,0.0,0.0,0.0,4.0,18.0,30.7,0.0,0.0,0.0,0.0,0.0,0.0,1.0,7.0,34.88333333333333,0.0,0.0,0.0,1.0,38.0,190.63333333333333,1.0,5.0,33.08333333333333,0.0,0.0,0.0,2.0,102.0,295.5333333333333,0.0,0.0,0.0,1.0,13.0,83.63333333333334,2.0,92.0,134.16666666666666
1237,18,362,1361.5,2.0,10.0,39.266666666666666,0.0,0.0,0.0,0.0,0.0,0.0,1.0,4.0,11.733333333333333,3.0,38.0,134.01666666666665,0.0,0.0,0.0,0.0,0.0,0.0,1.0,18.0,72.3,0.0,0.0,0.0,1.0,2.0,11.266666666666667,2.0,30.0,21.133333333333333,2.0,82.0,295.3,0.0,0.0,0.0,2.0,26.0,20.233333333333334,1.0,33.0,209.0,0.0,0.0,0.0,2.0,43.0,179.91666666666669,1.0,76.0,367.3333333333333
1238,17,476,1719.1333333333332,3.0,15.0,26.516666666666666,1.0,21.0,104.3,0.0,0.0,0.0,2.0,5.0,11.516666666666666,1.0,22.0,17.233333333333334,0.0,0.0,0.0,2.0,9.0,28.53333333333333,0.0,0.0,0.0,0.0,0.0,0.0,0.0,0.0,0.0,0.0,0.0,0.0,2.0,146.0,329.06666666666666,0.0,0.0,0.0,2.0,36.0,69.06666666666666,0.0,0.0,0.0,0.0,0.0,0.0,2.0,14.0,40.4,2.0,208.0,1092.5
1239,29,1059,3223.2833333333333,2.0,10.0,32.88333333333333,2.0,33.0,67.6,1.0,83.0,269.75,4.0,14.0,55.6,0.0,0.0,0.0,0.0,0.0,0.0,2.0,5.0,12.100000000000001,0.0,0.0,0.0,0.0,0.0,0.0,1.0,1.0,4.133333333333334,2.0,29.0,136.31666666666666,6.0,415.0,1204.3,0.0,0.0,0.0,1.0,23.0,16.483333333333334,2.0,104.0,268.41666666666663,0.0,0.0,0.0,2.0,41.0,50.71666666666667,4.0,301.0,1104.9833333333333
1240,26,789,3151.133333333333,3.0,12.0,34.05,0.0,0.0,0.0,0.0,0.0,0.0,3.0,10.0,28.233333333333334,1.0,4.0,4.4,0.0,0.0,0.0,2.0,7.0,9.416666666666668,1.0,4.0,2.1333333333333333,0.0,0.0,0.0,1.0,2.0,3.8666666666666667,4.0,54.0,134.68333333333334,4.0,278.0,1350.9,0.0,0.0,0.0,2.0,18.0,64.21666666666667,2.0,123.0,479.35,0.0,0.0,0.0,0.0,0.0,0.0,3.0,277.0,1039.8833333333334
1241,17,583,2345.4333333333334,2.0,12.0,17.8,2.0,35.0,63.05,0.0,0.0,0.0,1.0,2.0,3.1666666666666665,0.0,0.0,0.0,0.0,0.0,0.0,3.0,8.0,19.450000000000003,0.0,0.0,0.0,1.0,107.0,665.1833333333334,0.0,0.0,0.0,2.0,24.0,142.9,4.0,308.0,960.0333333333333,0.0,0.0,0.0,0.0,0.0,0.0,0.0,0.0,0.0,0.0,0.0,0.0,1.0,12.0,2.6,1.0,75.0,471.25
1242,24,747,1962.9833333333333,3.0,14.0,51.2,3.0,34.0,49.333333333333336,0.0,0.0,0.0,1.0,7.0,10.733333333333334,3.0,60.0,217.5,2.0,127.0,254.98333333333332,1.0,7.0,25.2,0.0,0.0,0.0,0.0,0.0,0.0,0.0,0.0,0.0,2.0,25.0,160.41666666666669,3.0,161.0,227.64999999999998,0.0,0.0,0.0,1.0,9.0,53.550000000000004,2.0,199.0,623.3833333333334,1.0,6.0,31.200000000000003,1.0,20.0,4.333333333333334,1.0,78.0,253.5
1243,17,431,1403.6833333333334,3.0,7.0,12.566666666666666,2.0,39.0,96.95,0.0,0.0,0.0,1.0,1.0,4.15,2.0,45.0,136.33333333333334,1.0,108.0,82.80000000000001,2.0,12.0,31.6,0.0,0.0,0.0,0.0,0.0,0.0,1.0,2.0,5.5,1.0,23.0,11.116666666666667,2.0,168.0,970.0000000000001,0.0,0.0,0.0,1.0,14.0,31.266666666666666,0.0,0.0,0.0,0.0,0.0,0.0,1.0,12.0,21.400000000000002,0.0,0.0,0.0
1244,18,790,1892.4666666666667,1.0,5.0,25.416666666666664,2.0,28.0,36.56666666666667,0.0,0.0,0.0,1.0,6.0,6.5,1.0,8.0,24.533333333333335,0.0,0.0,0.0,3.0,10.0,46.166666666666664,0.0,0.0,0.0,1.0,112.0,315.4666666666667,0.0,0.0,0.0,1.0,17.0,90.66666666666666,4.0,308.0,539.7333333333333,0.0,0.0,0.0,0.0,0.0,0.0,1.0,121.0,250.0666666666667,0.0,0.0,0.0,0.0,0.0,0.0,3.0,175.0,557.3499999999999
1245,30,1022,3175.0666666666666,1.0,2.0,3.033333333333333,1.0,4.0,18.066666666666666,0.0,0.0,0.0,3.0,7.0,26.650000000000002,1.0,9.0,6.3,0.0,0.0,0.0,4.0,17.0,64.7,1.0,13.0,73.45,0.0,0.0,0.0,1.0,1.0,1.4833333333333334,1.0,22.0,33.0,7.0,461.0,857.4666666666667,1.0,7.0,24.383333333333333,2.0,31.0,86.7,3.0,157.0,393.7833333333333,0.0,0.0,0.0,1.0,8.0,39.333333333333336,3.0,283.0,1546.7166666666667
1246,15,674,3523.5,1.0,2.0,4.466666666666667,1.0,22.0,55.36666666666667,0.0,0.0,0.0,2.0,8.0,37.6,0.0,0.0,0.0,0.0,0.0,0.0,1.0,1.0,1.4,0.0,0.0,0.0,0.0,0.0,0.0,0.0,0.0,0.0,0.0,0.0,0.0,3.0,317.0,1680.4,0.0,0.0,0.0,1.0,19.0,36.1,4.0,203.0,1118.5333333333333,0.0,0.0,0.0,0.0,0.0,0.0,2.0,102.0,589.6333333333333
1247,22,617,1664.3166666666666,3.0,12.0,42.733333333333334,0.0,0.0,0.0,0.0,0.0,0.0,3.0,14.0,34.650000000000006,3.0,25.0,72.75,0.0,0.0,0.0,2.0,4.0,8.45,1.0,13.0,72.58333333333333,1.0,59.0,97.35,0.0,0.0,0.0,1.0,11.0,52.983333333333334,3.0,192.0,310.26666666666665,0.0,0.0,0.0,0.0,0.0,0.0,2.0,108.0,103.0,0.0,0.0,0.0,0.0,0.0,0.0,3.0,179.0,869.55
1248,18,594,1446.5,5.0,19.0,69.73333333333333,0.0,0.0,0.0,0.0,0.0,0.0,3.0,13.0,28.699999999999996,1.0,18.0,112.5,2.0,123.0,64.6,1.0,3.0,19.3,1.0,17.0,41.650000000000006,0.0,0.0,0.0,0.0,0.0,0.0,0.0,0.0,0.0,2.0,122.0,525.9333333333333,0.0,0.0,0.0,0.0,0.0,0.0,1.0,113.0,325.81666666666666,0.0,0.0,0.0,0.0,0.0,0.0,2.0,166.0,258.26666666666665
1249,15,259,800.4333333333333,2.0,8.0,18.416666666666664,2.0,20.0,71.66666666666666,0.0,0.0,0.0,3.0,3.0,7.766666666666667,0.0,0.0,0.0,0.0,0.0,0.0,1.0,1.0,2.6,0.0,0.0,0.0,1.0,38.0,19.0,1.0,1.0,0.7833333333333333,0.0,0.0,0.0,1.0,28.0,4.666666666666666,0.0,0.0,0.0,2.0,30.0,126.56666666666666,1.0,79.0,277.81666666666666,0.0,0.0,0.0,0.0,0.0,0.0,1.0,51.0,271.15
1250,20,708,2068.8,1.0,4.0,9.733333333333333,1.0,5.0,5.833333333333334,0.0,0.0,0.0,3.0,15.0,65.48333333333333,0.0,0.0,0.0,3.0,277.0,724.1666666666666,3.0,7.0,26.066666666666663,3.0,43.0,116.78333333333333,0.0,0.0,0.0,0.0,0.0,0.0,0.0,0.0,0.0,2.0,111.0,463.2833333333333,1.0,7.0,46.31666666666666,0.0,0.0,0.0,1.0,123.0,30.75,1.0,5.0,1.3333333333333333,0.0,0.0,0.0,1.0,111.0,579.0500000000001
1251,24,651,1841.95,2.0,5.0,12.9,1.0,4.0,25.0,2.0,120.0,107.64999999999999,2.0,4.0,10.45,2.0,30.0,63.05,0.0,0.0,0.0,2.0,12.0,27.95,0.0,0.0,0.0,0.0,0.0,0.0,0.0,0.0,0.0,4.0,54.0,101.06666666666666,3.0,150.0,327.4166666666667,0.0,0.0,0.0,0.0,0.0,0.0,2.0,182.0,802.7333333333333,0.0,0.0,0.0,2.0,17.0,58.900000000000006,2.0,73.0,304.83333333333337
1252,31,1164,4397.4,1.0,5.0,12.083333333333332,2.0,35.0,55.83333333333333,2.0,78.0,440.0666666666667,4.0,19.0,68.05,3.0,37.0,226.53333333333336,0.0,0.0,0.0,1.0,6.0,14.399999999999999,1.0,14.0,32.9,3.0,175.0,877.6666666666666,0.0,0.0,0.0,5.0,79.0,215.56666666666666,2.0,188.0,310.73333333333335,0.0,0.0,0.0,1.0,11.0,57.2,4.0,308.0,1363.2833333333333,0.0,0.0,0.0,0.0,0.0,0.0,2.0,209.0,723.0833333333334
1253,22,739,2280.383333333333,1.0,1.0,0.4666666666666667,3.0,44.0,267.51666666666665,2.0,143.0,440.3666666666667,3.0,10.0,46.9,2.0,30.0,113.80000000000001,0.0,0.0,0.0,1.0,3.0,10.0,1.0,4.0,5.066666666666666,0.0,0.0,0.0,0.0,0.0,0.0,0.0,0.0,0.0,3.0,240.0,641.4333333333334,1.0,3.0,6.549999999999999,1.0,19.0,35.46666666666667,2.0,211.0,557.6666666666666,0.0,0.0,0.0,2.0,31.0,155.15,0.0,0.0,0.0
1254,19,751,2270.866666666667,2.0,10.0,30.400000000000002,3.0,47.0,191.39999999999998,0.0,0.0,0.0,1.0,7.0,7.816666666666666,2.0,26.0,139.36666666666665,1.0,102.0,265.2,2.0,13.0,11.516666666666667,0.0,0.0,0.0,0.0,0.0,0.0,1.0,1.0,6.583333333333333,0.0,0.0,0.0,3.0,208.0,494.5333333333333,0.0,0.0,0.0,0.0,0.0,0.0,2.0,223.0,589.0500000000001,0.0,0.0,0.0,1.0,8.0,29.733333333333334,1.0,106.0,505.26666666666665
1255,17,493,1655.2333333333333,1.0,2.0,12.4,0.0,0.0,0.0,1.0,51.0,182.75,0.0,0.0,0.0,2.0,28.0,141.86666666666667,0.0,0.0,0.0,3.0,12.0,62.03333333333333,2.0,18.0,105.78333333333333,0.0,0.0,0.0,0.0,0.0,0.0,2.0,27.0,136.61666666666667,2.0,45.0,203.85,0.0,0.0,0.0,0.0,0.0,0.0,1.0,112.0,39.199999999999996,0.0,0.0,0.0,1.0,22.0,10.633333333333333,2.0,176.0,760.0999999999999
1256,15,539,1103.7166666666667,2.0,6.0,25.96666666666667,1.0,6.0,5.4,1.0,36.0,64.2,1.0,1.0,3.283333333333333,2.0,15.0,43.416666666666664,1.0,107.0,210.4333333333333,2.0,5.0,16.28333333333333,1.0,14.0,73.96666666666667,1.0,64.0,280.53333333333336,0.0,0.0,0.0,0.0,0.0,0.0,1.0,67.0,43.550000000000004,0.0,0.0,0.0,0.0,0.0,0.0,2.0,218.0,336.68333333333334,0.0,0.0,0.0,0.0,0.0,0.0,0.0,0.0,0.0
1257,13,359,1543.9833333333331,2.0,10.0,27.566666666666663,2.0,42.0,115.5,1.0,76.0,278.66666666666663,2.0,12.0,35.0,2.0,23.0,67.21666666666667,0.0,0.0,0.0,1.0,6.0,20.2,1.0,6.0,30.599999999999998,0.0,0.0,0.0,0.0,0.0,0.0,0.0,0.0,0.0,1.0,67.0,431.03333333333336,0.0,0.0,0.0,0.0,0.0,0.0,1.0,117.0,538.1999999999999,0.0,0.0,0.0,0.0,0.0,0.0,0.0,0.0,0.0
1258,19,558,1800.1666666666667,2.0,9.0,30.066666666666666,0.0,0.0,0.0,0.0,0.0,0.0,3.0,5.0,9.6,0.0,0.0,0.0,1.0,47.0,267.1166666666667,1.0,3.0,16.75,2.0,26.0,68.53333333333333,1.0,126.0,168.0,0.0,0.0,0.0,1.0,21.0,51.45,4.0,224.0,812.6666666666666,0.0,0.0,0.0,1.0,22.0,75.16666666666666,1.0,22.0,121.73333333333333,0.0,0.0,0.0,1.0,21.0,40.949999999999996,1.0,32.0,138.13333333333333
1259,28,773,1945.2333333333333,1.0,7.0,25.666666666666664,3.0,44.0,113.53333333333333,0.0,0.0,0.0,1.0,6.0,23.2,3.0,43.0,133.96666666666667,0.0,0.0,0.0,2.0,5.0,22.750000000000004,3.0,44.0,185.85,0.0,0.0,0.0,0.0,0.0,0.0,2.0,32.0,60.63333333333334,2.0,98.0,157.41666666666666,1.0,1.0,2.4833333333333334,2.0,13.0,29.78333333333333,6.0,313.0,894.7166666666666,0.0,0.0,0.0,0.0,0.0,0.0,2.0,167.0,295.23333333333335
1260,12,254,955.0833333333334,1.0,4.0,22.733333333333334,2.0,22.0,60.81666666666667,0.0,0.0,0.0,1.0,3.0,11.95,2.0,27.0,67.4,0.0,0.0,0.0,1.0,4.0,21.666666666666668,0.0,0.0,0.0,0.0,0.0,0.0,0.0,0.0,0.0,1.0,12.0,71.4,1.0,123.0,487.90000000000003,0.0,0.0,0.0,1.0,23.0,63.25,0.0,0.0,0.0,0.0,0.0,0.0,2.0,36.0,147.96666666666667,0.0,0.0,0.0
1261,22,737,2690.0666666666666,3.0,5.0,23.98333333333333,1.0,12.0,62.400000000000006,1.0,101.0,53.86666666666667,1.0,3.0,8.5,1.0,19.0,5.7,0.0,0.0,0.0,0.0,0.0,0.0,2.0,34.0,124.1,2.0,118.0,602.1666666666667,0.0,0.0,0.0,3.0,64.0,261.76666666666665,3.0,154.0,420.1,0.0,0.0,0.0,1.0,11.0,56.28333333333333,1.0,38.0,188.73333333333335,0.0,0.0,0.0,1.0,7.0,21.46666666666667,2.0,171.0,860.9999999999999
1262,22,509,1589.3833333333334,2.0,8.0,33.86666666666667,3.0,58.0,197.23333333333335,2.0,149.0,621.7833333333333,2.0,7.0,5.433333333333334,0.0,0.0,0.0,0.0,0.0,0.0,2.0,9.0,26.700000000000003,1.0,20.0,27.333333333333336,0.0,0.0,0.0,1.0,5.0,9.583333333333334,2.0,27.0,126.56666666666666,0.0,0.0,0.0,0.0,0.0,0.0,1.0,4.0,22.4,3.0,171.0,418.65000000000003,0.0,0.0,0.0,3.0,51.0,99.83333333333334,0.0,0.0,0.0
1263,21,680,2048.8166666666666,0.0,0.0,0.0,3.0,35.0,125.08333333333334,0.0,0.0,0.0,2.0,4.0,19.266666666666666,1.0,13.0,61.31666666666667,1.0,103.0,168.23333333333332,4.0,19.0,56.43333333333333,1.0,16.0,31.733333333333334,0.0,0.0,0.0,1.0,6.0,34.9,2.0,29.0,118.80000000000001,2.0,146.0,804.0,0.0,0.0,0.0,0.0,0.0,0.0,2.0,163.0,383.51666666666665,0.0,0.0,0.0,1.0,22.0,38.86666666666667,1.0,124.0,206.66666666666669
1264,14,509,2129.25,1.0,4.0,9.2,2.0,33.0,96.78333333333333,1.0,75.0,246.25,0.0,0.0,0.0,0.0,0.0,0.0,0.0,0.0,0.0,3.0,10.0,32.083333333333336,1.0,23.0,149.5,0.0,0.0,0.0,0.0,0.0,0.0,0.0,0.0,0.0,1.0,102.0,266.9,0.0,0.0,0.0,0.0,0.0,0.0,3.0,235.0,1204.9833333333333,0.0,0.0,0.0,2.0,27.0,123.55,0.0,0.0,0.0
1265,17,616,2400.366666666667,2.0,6.0,3.8,0.0,0.0,0.0,1.0,62.0,168.43333333333334,0.0,0.0,0.0,1.0,10.0,32.16666666666667,0.0,0.0,0.0,2.0,5.0,30.6,0.0,0.0,0.0,0.0,0.0,0.0,0.0,0.0,0.0,0.0,0.0,0.0,4.0,242.0,964.7333333333333,0.0,0.0,0.0,1.0,5.0,23.166666666666668,3.0,114.0,594.5,0.0,0.0,0.0,1.0,5.0,2.75,2.0,167.0,580.2166666666667
1266,23,652,1803.35,2.0,10.0,22.166666666666668,0.0,0.0,0.0,0.0,0.0,0.0,5.0,12.0,36.9,1.0,9.0,46.800000000000004,1.0,45.0,210.0,1.0,3.0,5.3500000000000005,1.0,23.0,7.283333333333333,0.0,0.0,0.0,0.0,0.0,0.0,2.0,17.0,81.16666666666666,5.0,355.0,846.5999999999999,0.0,0.0,0.0,1.0,22.0,44.733333333333334,1.0,63.0,388.5,0.0,0.0,0.0,1.0,6.0,1.5,2.0,87.0,112.35
1267,24,653,1988.5166666666667,1.0,3.0,17.95,2.0,19.0,32.43333333333334,1.0,61.0,132.16666666666666,4.0,15.0,23.516666666666666,1.0,16.0,95.46666666666667,0.0,0.0,0.0,1.0,1.0,0.3,2.0,25.0,96.78333333333333,0.0,0.0,0.0,1.0,5.0,22.916666666666664,2.0,19.0,110.8,4.0,335.0,1020.75,0.0,0.0,0.0,1.0,18.0,57.900000000000006,0.0,0.0,0.0,0.0,0.0,0.0,1.0,7.0,43.050000000000004,3.0,129.0,334.48333333333335
1268,22,557,1696.4166666666665,0.0,0.0,0.0,2.0,30.0,131.28333333333333,0.0,0.0,0.0,7.0,40.0,87.1,1.0,16.0,53.6,0.0,0.0,0.0,0.0,0.0,0.0,0.0,0.0,0.0,1.0,105.0,31.5,1.0,4.0,21.466666666666665,1.0,18.0,70.2,1.0,47.0,195.05,1.0,6.0,29.099999999999998,1.0,10.0,48.666666666666664,1.0,23.0,44.46666666666667,1.0,7.0,31.033333333333335,2.0,34.0,60.53333333333333,2.0,217.0,892.4166666666665
1269,17,298,1093.4,1.0,2.0,12.766666666666667,1.0,5.0,18.833333333333332,0.0,0.0,0.0,2.0,2.0,9.35,1.0,15.0,31.5,0.0,0.0,0.0,4.0,16.0,79.68333333333334,1.0,14.0,89.13333333333333,0.0,0.0,0.0,0.0,0.0,0.0,2.0,14.0,45.66666666666667,3.0,221.0,781.3166666666666,1.0,6.0,19.0,0.0,0.0,0.0,0.0,0.0,0.0,1.0,3.0,6.1499999999999995,0.0,0.0,0.0,0.0,0.0,0.0
1270,26,860,3009.616666666667,1.0,3.0,2.15,0.0,0.0,0.0,0.0,0.0,0.0,1.0,1.0,4.566666666666666,1.0,21.0,26.25,1.0,83.0,233.78333333333336,2.0,8.0,21.46666666666667,0.0,0.0,0.0,0.0,0.0,0.0,2.0,8.0,40.5,4.0,68.0,234.21666666666667,3.0,196.0,1065.2,2.0,8.0,36.13333333333333,4.0,51.0,204.88333333333333,0.0,0.0,0.0,0.0,0.0,0.0,0.0,0.0,0.0,5.0,413.0,1140.4666666666667
1271,24,921,4063.7166666666667,2.0,10.0,32.583333333333336,1.0,8.0,23.2,2.0,99.0,466.04999999999995,2.0,6.0,26.3,1.0,13.0,73.01666666666667,1.0,106.0,505.26666666666665,3.0,12.0,42.0,0.0,0.0,0.0,0.0,0.0,0.0,2.0,11.0,43.93333333333333,1.0,10.0,26.833333333333332,3.0,245.0,1275.8833333333332,0.0,0.0,0.0,0.0,0.0,0.0,4.0,294.0,1070.5333333333333,0.0,0.0,0.0,1.0,22.0,20.533333333333335,1.0,85.0,457.58333333333337
1272,16,242,990.2833333333333,3.0,11.0,52.45,0.0,0.0,0.0,0.0,0.0,0.0,5.0,21.0,34.81666666666666,1.0,11.0,36.66666666666667,1.0,102.0,571.1999999999999,1.0,7.0,18.55,1.0,18.0,39.6,0.0,0.0,0.0,0.0,0.0,0.0,2.0,30.0,32.5,1.0,26.0,150.36666666666667,0.0,0.0,0.0,0.0,0.0,0.0,0.0,0.0,0.0,0.0,0.0,0.0,1.0,16.0,54.13333333333333,0.0,0.0,0.0
1273,22,633,2556.6,1.0,3.0,6.5,1.0,12.0,77.4,0.0,0.0,0.0,1.0,2.0,3.066666666666667,1.0,5.0,32.75,0.0,0.0,0.0,1.0,4.0,0.8,1.0,4.0,12.733333333333333,0.0,0.0,0.0,0.0,0.0,0.0,2.0,31.0,118.76666666666665,3.0,217.0,967.1333333333333,0.0,0.0,0.0,6.0,73.0,228.01666666666665,2.0,116.0,218.98333333333332,0.0,0.0,0.0,1.0,21.0,109.2,2.0,145.0,781.2500000000001
1274,16,504,1336.7833333333333,2.0,10.0,22.28333333333333,1.0,19.0,98.48333333333333,0.0,0.0,0.0,3.0,12.0,28.4,1.0,16.0,70.66666666666667,0.0,0.0,0.0,1.0,7.0,44.68333333333334,1.0,8.0,7.866666666666666,0.0,0.0,0.0,0.0,0.0,0.0,0.0,0.0,0.0,2.0,152.0,250.8,0.0,0.0,0.0,0.0,0.0,0.0,2.0,124.0,305.8,0.0,0.0,0.0,0.0,0.0,0.0,3.0,156.0,507.8
1275,16,353,1107.9666666666667,1.0,2.0,8.733333333333333,0.0,0.0,0.0,0.0,0.0,0.0,3.0,13.0,25.316666666666666,1.0,19.0,38.0,0.0,0.0,0.0,1.0,7.0,37.56666666666666,1.0,21.0,97.30000000000001,0.0,0.0,0.0,0.0,0.0,0.0,0.0,0.0,0.0,3.0,211.0,571.0,2.0,9.0,5.183333333333334,2.0,27.0,102.26666666666667,0.0,0.0,0.0,0.0,0.0,0.0,1.0,4.0,14.6,1.0,40.0,208.0
1276,22,645,2657.3333333333335,2.0,9.0,35.55,1.0,13.0,80.38333333333334,1.0,24.0,75.6,1.0,7.0,15.166666666666666,1.0,15.0,65.5,1.0,84.0,509.59999999999997,2.0,9.0,42.81666666666666,2.0,21.0,83.46666666666667,0.0,0.0,0.0,0.0,0.0,0.0,4.0,57.0,166.7,4.0,286.0,1107.0666666666666,0.0,0.0,0.0,0.0,0.0,0.0,0.0,0.0,0.0,0.0,0.0,0.0,2.0,28.0,79.88333333333333,1.0,92.0,395.59999999999997
1277,23,628,2549.2166666666667,1.0,1.0,2.8833333333333333,2.0,27.0,63.14999999999999,1.0,64.0,393.6,3.0,5.0,7.933333333333334,1.0,22.0,88.0,0.0,0.0,0.0,3.0,12.0,44.93333333333334,1.0,22.0,123.56666666666666,0.0,0.0,0.0,0.0,0.0,0.0,3.0,66.0,341.0,3.0,249.0,887.1333333333332,1.0,7.0,9.333333333333332,1.0,18.0,98.10000000000001,1.0,59.0,292.05,0.0,0.0,0.0,1.0,9.0,24.450000000000003,1.0,67.0,173.08333333333334
1278,25,818,2880.65,4.0,12.0,16.633333333333333,0.0,0.0,0.0,0.0,0.0,0.0,2.0,6.0,27.43333333333333,1.0,6.0,28.9,1.0,78.0,496.59999999999997,3.0,11.0,55.916666666666664,3.0,37.0,72.15,0.0,0.0,0.0,0.0,0.0,0.0,3.0,37.0,83.38333333333334,6.0,504.0,1877.8333333333333,0.0,0.0,0.0,1.0,21.0,46.9,1.0,106.0,174.89999999999998,0.0,0.0,0.0,0.0,0.0,0.0,0.0,0.0,0.0
1279,17,677,2528.3333333333335,0.0,0.0,0.0,1.0,6.0,10.299999999999999,1.0,101.0,372.01666666666665,3.0,12.0,30.866666666666667,1.0,8.0,23.2,0.0,0.0,0.0,0.0,0.0,0.0,1.0,13.0,59.15,0.0,0.0,0.0,1.0,2.0,9.8,2.0,25.0,47.666666666666664,3.0,229.0,995.4166666666667,0.0,0.0,0.0,1.0,13.0,61.1,2.0,214.0,852.2166666666667,0.0,0.0,0.0,0.0,0.0,0.0,1.0,54.0,66.60000000000001
1280,12,351,881.8833333333333,0.0,0.0,0.0,3.0,51.0,49.8,1.0,55.0,103.58333333333333,1.0,5.0,17.416666666666668,1.0,6.0,39.599999999999994,0.0,0.0,0.0,0.0,0.0,0.0,0.0,0.0,0.0,0.0,0.0,0.0,0.0,0.0,0.0,0.0,0.0,0.0,0.0,0.0,0.0,0.0,0.0,0.0,2.0,25.0,36.666666666666664,2.0,148.0,300.46666666666664,0.0,0.0,0.0,0.0,0.0,0.0,2.0,61.0,334.35
1281,24,932,2077.1833333333334,2.0,7.0,33.5,3.0,39.0,144.86666666666665,0.0,0.0,0.0,2.0,11.0,48.16666666666667,1.0,12.0,63.8,1.0,88.0,14.666666666666666,0.0,0.0,0.0,0.0,0.0,0.0,0.0,0.0,0.0,0.0,0.0,0.0,2.0,31.0,139.05,4.0,274.0,751.8166666666666,0.0,0.0,0.0,0.0,0.0,0.0,4.0,203.0,555.9333333333333,1.0,3.0,1.75,0.0,0.0,0.0,4.0,264.0,323.6333333333333
1282,29,1014,2765.6833333333334,3.0,14.0,45.3,1.0,4.0,6.533333333333333,1.0,120.0,400.0,3.0,12.0,35.38333333333333,2.0,32.0,133.45,0.0,0.0,0.0,1.0,7.0,41.53333333333333,2.0,29.0,158.53333333333333,0.0,0.0,0.0,1.0,4.0,8.866666666666667,2.0,23.0,27.200000000000003,3.0,290.0,405.8666666666667,1.0,2.0,12.233333333333333,0.0,0.0,0.0,3.0,124.0,284.6666666666667,1.0,7.0,41.65,2.0,34.0,71.66666666666666,3.0,312.0,1092.8
1283,21,601,2223.4,5.0,23.0,77.1,0.0,0.0,0.0,1.0,27.0,72.0,3.0,7.0,21.166666666666668,1.0,11.0,55.18333333333333,0.0,0.0,0.0,1.0,3.0,16.200000000000003,1.0,6.0,38.6,0.0,0.0,0.0,0.0,0.0,0.0,2.0,38.0,125.38333333333333,3.0,238.0,615.3333333333334,0.0,0.0,0.0,0.0,0.0,0.0,1.0,112.0,729.8666666666667,0.0,0.0,0.0,1.0,5.0,19.333333333333332,2.0,131.0,453.23333333333335
1284,25,757,3360.766666666667,3.0,11.0,32.2,3.0,49.0,191.56666666666666,0.0,0.0,0.0,1.0,1.0,4.55,2.0,31.0,72.68333333333334,0.0,0.0,0.0,0.0,0.0,0.0,1.0,11.0,71.86666666666666,1.0,71.0,350.2666666666667,0.0,0.0,0.0,1.0,7.0,13.183333333333334,2.0,171.0,754.4166666666667,2.0,10.0,52.78333333333333,1.0,6.0,26.400000000000002,5.0,351.0,1609.8166666666666,0.0,0.0,0.0,3.0,38.0,181.03333333333333,0.0,0.0,0.0
1285,12,614,1842.9,1.0,5.0,19.833333333333336,0.0,0.0,0.0,0.0,0.0,0.0,2.0,7.0,21.733333333333334,1.0,16.0,8.266666666666667,1.0,75.0,87.5,0.0,0.0,0.0,0.0,0.0,0.0,0.0,0.0,0.0,0.0,0.0,0.0,0.0,0.0,0.0,1.0,120.0,648.0,0.0,0.0,0.0,1.0,6.0,14.399999999999999,2.0,150.0,567.0,1.0,2.0,0.4,0.0,0.0,0.0,2.0,233.0,475.76666666666665
1286,15,340,1353.3166666666666,1.0,2.0,7.733333333333333,0.0,0.0,0.0,0.0,0.0,0.0,1.0,7.0,40.6,1.0,12.0,70.39999999999999,0.0,0.0,0.0,3.0,17.0,44.1,0.0,0.0,0.0,0.0,0.0,0.0,0.0,0.0,0.0,2.0,42.0,166.03333333333333,3.0,182.0,742.6333333333333,0.0,0.0,0.0,0.0,0.0,0.0,1.0,32.0,69.86666666666666,1.0,6.0,24.0,2.0,40.0,187.95000000000002,0.0,0.0,0.0
1287,17,578,1623.7666666666667,3.0,20.0,30.866666666666667,0.0,0.0,0.0,0.0,0.0,0.0,2.0,6.0,13.5,1.0,7.0,2.216666666666667,1.0,51.0,287.3,0.0,0.0,0.0,1.0,22.0,116.96666666666667,0.0,0.0,0.0,0.0,0.0,0.0,1.0,16.0,10.4,2.0,103.0,269.6,0.0,0.0,0.0,0.0,0.0,0.0,4.0,279.0,492.35,0.0,0.0,0.0,1.0,14.0,79.56666666666666,1.0,60.0,321.0
1288,24,644,2383.5499999999997,3.0,10.0,28.25,0.0,0.0,0.0,0.0,0.0,0.0,3.0,10.0,35.86666666666667,4.0,47.0,90.98333333333333,0.0,0.0,0.0,1.0,5.0,15.666666666666666,4.0,53.0,288.5833333333333,0.0,0.0,0.0,0.0,0.0,0.0,1.0,6.0,19.099999999999998,4.0,401.0,1514.2166666666665,0.0,0.0,0.0,0.0,0.0,0.0,1.0,16.0,60.53333333333333,0.0,0.0,0.0,1.0,14.0,32.199999999999996,2.0,82.0,298.15000000000003
1289,20,392,1427.1166666666666,3.0,10.0,39.849999999999994,0.0,0.0,0.0,1.0,83.0,167.38333333333333,1.0,3.0,12.85,0.0,0.0,0.0,0.0,0.0,0.0,4.0,7.0,19.849999999999998,2.0,30.0,125.61666666666666,0.0,0.0,0.0,0.0,0.0,0.0,2.0,14.0,34.300000000000004,1.0,40.0,126.66666666666666,0.0,0.0,0.0,3.0,42.0,56.7,2.0,144.0,755.55,0.0,0.0,0.0,1.0,19.0,88.35000000000001,0.0,0.0,0.0
1290,18,439,1564.1499999999999,2.0,13.0,33.38333333333333,1.0,8.0,22.8,2.0,93.0,426.04999999999995,2.0,7.0,13.416666666666666,2.0,12.0,31.96666666666666,1.0,105.0,255.49999999999997,1.0,3.0,6.0,0.0,0.0,0.0,1.0,41.0,138.71666666666667,0.0,0.0,0.0,0.0,0.0,0.0,0.0,0.0,0.0,0.0,0.0,0.0,1.0,9.0,9.6,1.0,43.0,149.06666666666666,1.0,3.0,9.950000000000001,1.0,22.0,98.63333333333334,2.0,80.0,369.06666666666666
1291,23,508,1710.2833333333333,5.0,25.0,49.699999999999996,1.0,4.0,2.3333333333333335,0.0,0.0,0.0,0.0,0.0,0.0,2.0,11.0,26.733333333333334,1.0,19.0,123.81666666666666,1.0,2.0,4.1,2.0,36.0,46.2,0.0,0.0,0.0,1.0,4.0,1.8666666666666667,1.0,18.0,79.2,1.0,116.0,655.4000000000001,0.0,0.0,0.0,1.0,23.0,62.1,1.0,24.0,108.0,0.0,0.0,0.0,2.0,19.0,39.6,4.0,207.0,511.2333333333333
1292,16,211,773.8166666666667,3.0,14.0,45.85,1.0,13.0,47.666666666666664,0.0,0.0,0.0,3.0,7.0,7.583333333333333,2.0,30.0,87.64999999999999,0.0,0.0,0.0,0.0,0.0,0.0,1.0,13.0,46.800000000000004,0.0,0.0,0.0,1.0,3.0,0.5,1.0,12.0,46.0,1.0,39.0,200.85000000000002,0.0,0.0,0.0,0.0,0.0,0.0,1.0,35.0,200.08333333333334,0.0,0.0,0.0,1.0,10.0,8.0,1.0,35.0,82.83333333333333
1293,15,549,2016.8833333333334,1.0,7.0,37.1,0.0,0.0,0.0,0.0,0.0,0.0,0.0,0.0,0.0,0.0,0.0,0.0,0.0,0.0,0.0,2.0,12.0,34.3,2.0,37.0,137.06666666666666,2.0,156.0,370.45000000000005,0.0,0.0,0.0,2.0,21.0,127.26666666666667,3.0,148.0,782.3,0.0,0.0,0.0,0.0,0.0,0.0,1.0,21.0,21.349999999999998,0.0,0.0,0.0,0.0,0.0,0.0,2.0,147.0,507.05
1294,25,260,1006.0166666666667,7.0,31.0,119.13333333333333,0.0,0.0,0.0,0.0,0.0,0.0,4.0,12.0,23.15,1.0,20.0,97.66666666666667,0.0,0.0,0.0,3.0,5.0,8.716666666666667,0.0,0.0,0.0,0.0,0.0,0.0,1.0,2.0,7.9,3.0,36.0,82.4,2.0,108.0,559.0,0.0,0.0,0.0,1.0,20.0,16.333333333333332,0.0,0.0,0.0,1.0,2.0,11.066666666666666,2.0,24.0,80.65,0.0,0.0,0.0
1295,23,743,1839.6166666666666,2.0,8.0,3.133333333333333,0.0,0.0,0.0,0.0,0.0,0.0,2.0,12.0,20.433333333333334,2.0,13.0,17.066666666666666,1.0,113.0,205.28333333333333,2.0,9.0,21.3,6.0,85.0,319.9166666666667,0.0,0.0,0.0,0.0,0.0,0.0,0.0,0.0,0.0,6.0,390.0,1042.4833333333333,0.0,0.0,0.0,1.0,8.0,14.0,1.0,105.0,196.0,0.0,0.0,0.0,0.0,0.0,0.0,0.0,0.0,0.0
1296,20,416,1078.9166666666667,2.0,10.0,29.133333333333333,2.0,31.0,141.65,1.0,61.0,113.86666666666667,2.0,5.0,25.96666666666667,2.0,20.0,70.81666666666666,0.0,0.0,0.0,0.0,0.0,0.0,1.0,19.0,115.58333333333333,0.0,0.0,0.0,0.0,0.0,0.0,1.0,19.0,40.53333333333333,0.0,0.0,0.0,0.0,0.0,0.0,4.0,64.0,188.79999999999998,3.0,174.0,294.8,1.0,5.0,10.166666666666666,1.0,8.0,47.6,0.0,0.0,0.0
1297,26,463,1222.5833333333333,2.0,10.0,12.9,0.0,0.0,0.0,0.0,0.0,0.0,8.0,24.0,83.1,0.0,0.0,0.0,1.0,93.0,161.20000000000002,4.0,10.0,28.333333333333332,1.0,16.0,84.26666666666667,1.0,50.0,82.5,0.0,0.0,0.0,3.0,27.0,112.63333333333333,1.0,52.0,41.6,0.0,0.0,0.0,0.0,0.0,0.0,0.0,0.0,0.0,0.0,0.0,0.0,3.0,42.0,124.1,2.0,139.0,491.94999999999993
1298,28,1211,4138.15,2.0,5.0,22.45,0.0,0.0,0.0,2.0,162.0,340.4,5.0,19.0,59.36666666666667,3.0,34.0,190.53333333333333,2.0,161.0,594.3333333333334,3.0,9.0,16.916666666666668,0.0,0.0,0.0,0.0,0.0,0.0,0.0,0.0,0.0,1.0,10.0,16.666666666666668,5.0,385.0,1308.6,0.0,0.0,0.0,0.0,0.0,0.0,2.0,151.0,681.55,0.0,0.0,0.0,0.0,0.0,0.0,3.0,275.0,907.3333333333333
1299,29,668,2406.95,1.0,1.0,0.9,1.0,10.0,21.666666666666664,0.0,0.0,0.0,6.0,25.0,45.916666666666664,2.0,25.0,92.86666666666667,1.0,69.0,157.54999999999998,5.0,15.0,43.383333333333326,2.0,32.0,145.13333333333333,0.0,0.0,0.0,0.0,0.0,0.0,5.0,75.0,241.45,2.0,196.0,1108.9333333333334,0.0,0.0,0.0,1.0,12.0,49.39999999999999,3.0,208.0,499.75,0.0,0.0,0.0,0.0,0.0,0.0,0.0,0.0,0.0
1300,18,685,2815.9,2.0,9.0,30.73333333333333,0.0,0.0,0.0,0.0,0.0,0.0,2.0,13.0,25.383333333333333,0.0,0.0,0.0,0.0,0.0,0.0,0.0,0.0,0.0,1.0,10.0,23.333333333333336,0.0,0.0,0.0,0.0,0.0,0.0,2.0,34.0,116.80000000000001,2.0,74.0,219.9,1.0,2.0,12.433333333333334,0.0,0.0,0.0,5.0,468.0,2211.2166666666667,1.0,6.0,1.6,1.0,13.0,6.5,1.0,56.0,168.0
1301,20,369,1600.7333333333333,7.0,25.0,58.6,0.0,0.0,0.0,0.0,0.0,0.0,2.0,7.0,12.549999999999999,0.0,0.0,0.0,0.0,0.0,0.0,1.0,6.0,29.700000000000003,1.0,21.0,113.75,0.0,0.0,0.0,0.0,0.0,0.0,1.0,5.0,25.416666666666664,0.0,0.0,0.0,1.0,4.0,26.066666666666666,1.0,23.0,42.166666666666664,1.0,34.0,165.46666666666664,1.0,1.0,3.3666666666666667,1.0,14.0,65.10000000000001,3.0,229.0,1058.5500000000002
1302,19,535,2111.55,2.0,7.0,40.33333333333333,1.0,21.0,45.15,1.0,120.0,500.00000000000006,1.0,4.0,19.533333333333335,1.0,11.0,45.650000000000006,0.0,0.0,0.0,1.0,2.0,5.366666666666666,1.0,15.0,16.0,0.0,0.0,0.0,1.0,7.0,36.050000000000004,3.0,34.0,59.63333333333333,2.0,138.0,733.6166666666668,0.0,0.0,0.0,2.0,33.0,121.3,1.0,37.0,40.08333333333333,0.0,0.0,0.0,0.0,0.0,0.0,2.0,106.0,448.83333333333337
1303,28,894,2691.6000000000004,1.0,6.0,21.400000000000002,2.0,20.0,84.06666666666666,1.0,117.0,134.54999999999998,3.0,10.0,46.6,2.0,17.0,48.13333333333334,0.0,0.0,0.0,4.0,17.0,44.03333333333334,2.0,22.0,66.75,0.0,0.0,0.0,1.0,3.0,3.25,3.0,57.0,158.73333333333335,2.0,201.0,654.3166666666667,0.0,0.0,0.0,0.0,0.0,0.0,5.0,403.0,1379.9666666666667,0.0,0.0,0.0,2.0,21.0,49.8,0.0,0.0,0.0
1304,21,729,2102.6,2.0,11.0,9.566666666666666,2.0,30.0,21.916666666666664,0.0,0.0,0.0,2.0,9.0,44.849999999999994,2.0,36.0,88.5,0.0,0.0,0.0,2.0,9.0,21.76666666666667,2.0,23.0,94.48333333333333,0.0,0.0,0.0,0.0,0.0,0.0,1.0,6.0,27.1,4.0,321.0,1117.1166666666668,0.0,0.0,0.0,0.0,0.0,0.0,0.0,0.0,0.0,0.0,0.0,0.0,1.0,18.0,43.8,3.0,266.0,633.5
1305,13,395,1319.55,3.0,10.0,25.03333333333333,1.0,5.0,31.75,1.0,119.0,136.85,2.0,8.0,11.283333333333333,1.0,23.0,40.25,0.0,0.0,0.0,0.0,0.0,0.0,1.0,11.0,18.333333333333336,0.0,0.0,0.0,0.0,0.0,0.0,0.0,0.0,0.0,2.0,67.0,292.25,0.0,0.0,0.0,0.0,0.0,0.0,2.0,152.0,763.8,0.0,0.0,0.0,0.0,0.0,0.0,0.0,0.0,0.0
1306,23,551,2137.2833333333333,2.0,6.0,24.45,2.0,14.0,58.483333333333334,1.0,42.0,261.8,5.0,17.0,80.88333333333335,1.0,23.0,39.86666666666667,2.0,45.0,216.28333333333333,1.0,4.0,1.0,1.0,17.0,80.18333333333334,0.0,0.0,0.0,1.0,1.0,0.43333333333333335,2.0,30.0,100.91666666666667,0.0,0.0,0.0,0.0,0.0,0.0,0.0,0.0,0.0,2.0,165.0,973.8666666666668,0.0,0.0,0.0,1.0,21.0,53.55,2.0,166.0,245.56666666666666
1307,23,714,2361.0499999999997,4.0,14.0,58.199999999999996,1.0,20.0,75.0,0.0,0.0,0.0,3.0,7.0,32.88333333333333,3.0,46.0,157.36666666666667,1.0,50.0,304.16666666666663,0.0,0.0,0.0,1.0,20.0,106.33333333333333,1.0,104.0,64.13333333333334,0.0,0.0,0.0,0.0,0.0,0.0,3.0,203.0,330.2833333333333,0.0,0.0,0.0,2.0,31.0,123.6,1.0,89.0,455.38333333333327,0.0,0.0,0.0,1.0,4.0,4.8,2.0,126.0,648.9
1308,26,587,1494.5833333333333,2.0,12.0,12.8,0.0,0.0,0.0,0.0,0.0,0.0,3.0,6.0,27.849999999999998,3.0,47.0,121.28333333333333,0.0,0.0,0.0,2.0,6.0,24.266666666666666,1.0,5.0,10.666666666666666,0.0,0.0,0.0,1.0,2.0,2.3333333333333335,3.0,40.0,132.95,0.0,0.0,0.0,0.0,0.0,0.0,1.0,12.0,56.8,3.0,205.0,281.3,2.0,5.0,26.483333333333334,2.0,23.0,103.06666666666666,3.0,224.0,694.7833333333333
1309,25,527,1668.0333333333333,4.0,15.0,32.3,2.0,31.0,83.38333333333333,0.0,0.0,0.0,1.0,2.0,8.9,3.0,52.0,105.43333333333334,0.0,0.0,0.0,2.0,12.0,56.83333333333333,1.0,14.0,28.0,1.0,17.0,9.633333333333333,1.0,6.0,18.299999999999997,0.0,0.0,0.0,2.0,114.0,211.15000000000003,0.0,0.0,0.0,1.0,7.0,22.633333333333333,2.0,150.0,649.2333333333333,0.0,0.0,0.0,4.0,67.0,243.56666666666666,1.0,40.0,198.66666666666669
1310,21,616,1826.4333333333334,3.0,11.0,55.4,0.0,0.0,0.0,1.0,86.0,412.8,2.0,5.0,24.1,2.0,16.0,76.65,0.0,0.0,0.0,4.0,16.0,61.41666666666667,1.0,13.0,19.716666666666665,0.0,0.0,0.0,0.0,0.0,0.0,2.0,14.0,25.3,0.0,0.0,0.0,0.0,0.0,0.0,0.0,0.0,0.0,5.0,374.0,1103.8,0.0,0.0,0.0,0.0,0.0,0.0,1.0,81.0,47.25
1311,28,914,3640.133333333333,7.0,27.0,57.18333333333334,3.0,56.0,261.21666666666664,1.0,31.0,49.6,2.0,13.0,51.31666666666666,1.0,12.0,53.8,0.0,0.0,0.0,1.0,6.0,18.299999999999997,0.0,0.0,0.0,0.0,0.0,0.0,0.0,0.0,0.0,2.0,34.0,195.56666666666666,3.0,296.0,1520.8666666666666,1.0,2.0,9.133333333333333,1.0,14.0,9.799999999999999,2.0,131.0,461.4,0.0,0.0,0.0,1.0,20.0,31.666666666666664,3.0,272.0,920.2833333333333
1312,30,897,3178.15,3.0,13.0,38.28333333333333,0.0,0.0,0.0,0.0,0.0,0.0,1.0,2.0,6.7,3.0,41.0,177.43333333333334,0.0,0.0,0.0,4.0,22.0,84.88333333333334,3.0,30.0,56.5,0.0,0.0,0.0,0.0,0.0,0.0,3.0,21.0,112.95,4.0,219.0,965.8666666666667,1.0,5.0,23.0,0.0,0.0,0.0,3.0,275.0,1102.8500000000001,0.0,0.0,0.0,0.0,0.0,0.0,5.0,269.0,609.6833333333334
1313,18,585,2148.9,2.0,6.0,6.833333333333333,2.0,38.0,117.8,0.0,0.0,0.0,1.0,3.0,14.650000000000002,1.0,7.0,4.083333333333334,0.0,0.0,0.0,1.0,3.0,9.0,1.0,15.0,23.25,0.0,0.0,0.0,0.0,0.0,0.0,0.0,0.0,0.0,4.0,290.0,1442.6,0.0,0.0,0.0,1.0,11.0,62.333333333333336,3.0,128.0,306.65,0.0,0.0,0.0,1.0,7.0,39.78333333333333,1.0,77.0,121.91666666666666
1314,23,921,2302.0666666666666,3.0,12.0,26.55,0.0,0.0,0.0,0.0,0.0,0.0,4.0,17.0,60.55,0.0,0.0,0.0,0.0,0.0,0.0,1.0,6.0,33.599999999999994,2.0,16.0,50.13333333333333,0.0,0.0,0.0,0.0,0.0,0.0,1.0,17.0,44.2,2.0,217.0,927.4166666666667,1.0,6.0,25.799999999999997,0.0,0.0,0.0,3.0,245.0,192.55,0.0,0.0,0.0,1.0,23.0,42.550000000000004,5.0,362.0,898.7166666666667
1315,27,546,1977.7,0.0,0.0,0.0,3.0,34.0,130.1,0.0,0.0,0.0,4.0,21.0,81.55000000000001,3.0,37.0,113.93333333333332,0.0,0.0,0.0,5.0,27.0,100.63333333333333,1.0,6.0,1.2000000000000002,2.0,153.0,384.6,1.0,5.0,15.916666666666666,2.0,36.0,186.71666666666664,0.0,0.0,0.0,0.0,0.0,0.0,1.0,7.0,25.2,1.0,51.0,209.1,0.0,0.0,0.0,1.0,20.0,116.33333333333333,3.0,149.0,612.4166666666666
1316,15,366,1066.0,2.0,6.0,10.5,0.0,0.0,0.0,0.0,0.0,0.0,0.0,0.0,0.0,3.0,38.0,118.39999999999999,1.0,17.0,95.19999999999999,1.0,7.0,6.183333333333334,1.0,11.0,30.799999999999997,0.0,0.0,0.0,0.0,0.0,0.0,3.0,30.0,87.83333333333333,1.0,47.0,50.13333333333333,0.0,0.0,0.0,0.0,0.0,0.0,2.0,135.0,268.20000000000005,0.0,0.0,0.0,0.0,0.0,0.0,1.0,75.0,398.75
1317,32,1188,4553.599999999999,5.0,18.0,48.016666666666666,4.0,52.0,174.45,0.0,0.0,0.0,2.0,10.0,41.76666666666666,2.0,20.0,98.9,0.0,0.0,0.0,2.0,11.0,35.0,0.0,0.0,0.0,0.0,0.0,0.0,0.0,0.0,0.0,3.0,54.0,252.26666666666665,5.0,368.0,1226.2166666666667,0.0,0.0,0.0,0.0,0.0,0.0,4.0,342.0,1714.4666666666667,0.0,0.0,0.0,1.0,19.0,36.41666666666667,4.0,294.0,926.0999999999999
1318,25,502,1748.1833333333334,2.0,6.0,25.03333333333333,1.0,9.0,58.050000000000004,1.0,89.0,498.4,5.0,21.0,78.38333333333333,0.0,0.0,0.0,0.0,0.0,0.0,3.0,14.0,30.233333333333334,1.0,6.0,39.3,1.0,54.0,120.60000000000001,1.0,4.0,19.4,4.0,53.0,247.68333333333334,3.0,139.0,463.29999999999995,0.0,0.0,0.0,1.0,20.0,8.666666666666668,1.0,59.0,137.66666666666669,0.0,0.0,0.0,0.0,0.0,0.0,1.0,28.0,21.46666666666667
1319,28,850,2618.866666666667,3.0,16.0,75.01666666666667,0.0,0.0,0.0,0.0,0.0,0.0,4.0,11.0,52.25,3.0,40.0,138.06666666666666,0.0,0.0,0.0,2.0,14.0,42.35,1.0,5.0,11.333333333333332,1.0,50.0,105.83333333333333,0.0,0.0,0.0,1.0,9.0,44.25,4.0,196.0,532.9333333333333,0.0,0.0,0.0,1.0,8.0,23.066666666666666,4.0,356.0,1023.9833333333333,0.0,0.0,0.0,3.0,31.0,159.38333333333333,1.0,114.0,410.40000000000003
1320,14,298,1030.8,1.0,2.0,0.6333333333333333,3.0,29.0,122.16666666666666,0.0,0.0,0.0,2.0,8.0,25.066666666666666,2.0,31.0,109.73333333333333,0.0,0.0,0.0,2.0,7.0,38.95,1.0,19.0,96.58333333333333,0.0,0.0,0.0,0.0,0.0,0.0,0.0,0.0,0.0,1.0,92.0,41.4,0.0,0.0,0.0,0.0,0.0,0.0,1.0,103.0,571.65,0.0,0.0,0.0,1.0,7.0,24.616666666666667,0.0,0.0,0.0
1321,21,740,2965.266666666667,2.0,2.0,7.683333333333334,1.0,15.0,82.5,0.0,0.0,0.0,4.0,12.0,41.53333333333333,0.0,0.0,0.0,0.0,0.0,0.0,1.0,6.0,13.0,1.0,22.0,137.86666666666667,1.0,87.0,401.65,0.0,0.0,0.0,2.0,26.0,88.61666666666667,2.0,90.0,268.53333333333336,0.0,0.0,0.0,0.0,0.0,0.0,3.0,226.0,589.3666666666667,0.0,0.0,0.0,2.0,32.0,92.66666666666667,2.0,222.0,1241.85
1322,19,482,1494.35,4.0,14.0,49.55,1.0,7.0,16.8,0.0,0.0,0.0,1.0,1.0,4.85,2.0,37.0,97.5,0.0,0.0,0.0,1.0,7.0,33.13333333333333,1.0,19.0,120.01666666666667,0.0,0.0,0.0,0.0,0.0,0.0,1.0,8.0,19.2,2.0,120.0,500.1833333333334,0.0,0.0,0.0,2.0,18.0,5.75,1.0,99.0,356.40000000000003,0.0,0.0,0.0,1.0,18.0,55.5,2.0,134.0,235.46666666666667
1323,18,536,1501.6833333333334,2.0,2.0,3.2,1.0,5.0,28.416666666666668,0.0,0.0,0.0,1.0,1.0,4.75,1.0,11.0,39.6,1.0,62.0,303.8,0.0,0.0,0.0,3.0,52.0,188.0333333333333,0.0,0.0,0.0,0.0,0.0,0.0,0.0,0.0,0.0,4.0,236.0,765.0,0.0,0.0,0.0,2.0,27.0,10.05,1.0,95.0,74.41666666666667,0.0,0.0,0.0,1.0,5.0,31.083333333333336,1.0,40.0,53.33333333333333
1324,24,817,2716.7666666666664,2.0,8.0,25.366666666666667,2.0,27.0,144.85,1.0,73.0,309.03333333333336,2.0,6.0,23.733333333333334,0.0,0.0,0.0,1.0,60.0,52.0,1.0,4.0,16.6,4.0,51.0,208.53333333333333,1.0,45.0,146.25,1.0,6.0,11.9,1.0,19.0,76.95,4.0,475.0,1660.8666666666666,1.0,4.0,7.2,1.0,4.0,1.3333333333333333,0.0,0.0,0.0,1.0,3.0,12.95,0.0,0.0,0.0,1.0,32.0,19.2
1325,24,395,1508.2166666666667,2.0,12.0,64.46666666666667,2.0,19.0,73.86666666666666,0.0,0.0,0.0,3.0,12.0,24.21666666666667,3.0,50.0,99.88333333333333,0.0,0.0,0.0,3.0,12.0,58.766666666666666,2.0,21.0,116.58333333333333,1.0,44.0,35.93333333333333,0.0,0.0,0.0,2.0,17.0,84.03333333333333,1.0,89.0,430.16666666666663,2.0,8.0,21.866666666666667,1.0,4.0,5.933333333333334,0.0,0.0,0.0,0.0,0.0,0.0,1.0,10.0,7.5,1.0,97.0,485.0
1326,15,399,1416.0833333333333,3.0,16.0,34.266666666666666,2.0,17.0,52.1,1.0,30.0,119.0,2.0,13.0,56.71666666666667,1.0,15.0,9.0,0.0,0.0,0.0,1.0,7.0,8.049999999999999,0.0,0.0,0.0,0.0,0.0,0.0,0.0,0.0,0.0,0.0,0.0,0.0,1.0,25.0,107.5,0.0,0.0,0.0,0.0,0.0,0.0,1.0,65.0,411.66666666666663,0.0,0.0,0.0,1.0,11.0,54.63333333333333,2.0,200.0,563.1500000000001
1327,19,633,1970.9333333333334,3.0,13.0,65.03333333333333,2.0,28.0,107.36666666666667,0.0,0.0,0.0,2.0,10.0,40.416666666666664,1.0,7.0,30.800000000000004,1.0,53.0,295.0333333333333,1.0,5.0,4.583333333333333,0.0,0.0,0.0,0.0,0.0,0.0,0.0,0.0,0.0,2.0,26.0,35.46666666666667,0.0,0.0,0.0,0.0,0.0,0.0,0.0,0.0,0.0,3.0,182.0,497.0666666666667,0.0,0.0,0.0,1.0,20.0,51.333333333333336,3.0,289.0,843.8333333333334
1328,22,462,1732.0833333333333,4.0,16.0,91.8,0.0,0.0,0.0,0.0,0.0,0.0,1.0,4.0,22.933333333333334,0.0,0.0,0.0,1.0,91.0,511.1166666666666,2.0,8.0,21.866666666666667,3.0,47.0,184.3,0.0,0.0,0.0,1.0,5.0,25.833333333333336,1.0,7.0,7.816666666666666,3.0,199.0,702.2833333333333,2.0,10.0,15.0,0.0,0.0,0.0,1.0,54.0,120.60000000000001,2.0,4.0,10.4,1.0,17.0,18.133333333333333,0.0,0.0,0.0
1329,19,767,1423.1833333333334,0.0,0.0,0.0,0.0,0.0,0.0,2.0,226.0,293.55,6.0,17.0,23.96666666666667,0.0,0.0,0.0,0.0,0.0,0.0,1.0,6.0,2.4000000000000004,0.0,0.0,0.0,0.0,0.0,0.0,1.0,1.0,1.3666666666666667,1.0,11.0,72.23333333333333,4.0,166.0,546.2166666666667,0.0,0.0,0.0,0.0,0.0,0.0,1.0,42.0,186.20000000000002,0.0,0.0,0.0,0.0,0.0,0.0,3.0,298.0,297.25
1330,18,561,1668.4666666666667,4.0,11.0,55.733333333333334,3.0,52.0,150.28333333333333,1.0,113.0,544.2833333333333,1.0,7.0,32.66666666666667,1.0,4.0,23.733333333333334,0.0,0.0,0.0,1.0,7.0,39.78333333333333,0.0,0.0,0.0,0.0,0.0,0.0,1.0,6.0,28.4,0.0,0.0,0.0,3.0,215.0,511.75,0.0,0.0,0.0,0.0,0.0,0.0,1.0,29.0,175.93333333333334,0.0,0.0,0.0,1.0,9.0,6.9,1.0,108.0,99.0
1331,17,833,3209.0333333333333,2.0,7.0,19.400000000000002,3.0,32.0,86.48333333333333,0.0,0.0,0.0,0.0,0.0,0.0,0.0,0.0,0.0,0.0,0.0,0.0,0.0,0.0,0.0,0.0,0.0,0.0,1.0,120.0,518.0,0.0,0.0,0.0,0.0,0.0,0.0,3.0,315.0,968.1833333333334,1.0,1.0,4.383333333333334,0.0,0.0,0.0,4.0,267.0,1124.8999999999999,0.0,0.0,0.0,2.0,18.0,76.44999999999999,1.0,73.0,411.23333333333335
1332,22,741,2441.1833333333334,2.0,9.0,41.31666666666667,2.0,30.0,110.9,1.0,44.0,149.6,3.0,13.0,60.4,2.0,19.0,28.95,1.0,117.0,559.65,2.0,13.0,35.93333333333334,0.0,0.0,0.0,3.0,175.0,642.1166666666668,0.0,0.0,0.0,1.0,4.0,10.533333333333333,0.0,0.0,0.0,0.0,0.0,0.0,1.0,15.0,75.0,1.0,56.0,46.66666666666667,0.0,0.0,0.0,0.0,0.0,0.0,3.0,246.0,680.1166666666666
1333,14,547,2143.9,1.0,4.0,24.333333333333332,0.0,0.0,0.0,0.0,0.0,0.0,2.0,8.0,28.333333333333336,0.0,0.0,0.0,2.0,201.0,792.4333333333333,2.0,9.0,24.333333333333336,1.0,9.0,22.799999999999997,0.0,0.0,0.0,0.0,0.0,0.0,1.0,19.0,105.45,0.0,0.0,0.0,0.0,0.0,0.0,0.0,0.0,0.0,2.0,137.0,599.9166666666667,0.0,0.0,0.0,0.0,0.0,0.0,3.0,160.0,546.3
1334,18,625,2279.2333333333336,0.0,0.0,0.0,2.0,14.0,24.53333333333333,0.0,0.0,0.0,2.0,8.0,22.6,1.0,17.0,67.15,1.0,54.0,162.9,0.0,0.0,0.0,2.0,11.0,30.866666666666667,2.0,204.0,809.2,0.0,0.0,0.0,0.0,0.0,0.0,1.0,25.0,119.16666666666667,0.0,0.0,0.0,1.0,4.0,6.6,3.0,213.0,724.75,0.0,0.0,0.0,2.0,13.0,14.9,1.0,62.0,296.56666666666666
1335,26,391,1203.55,1.0,5.0,5.333333333333333,1.0,17.0,21.81666666666667,0.0,0.0,0.0,2.0,6.0,1.3333333333333333,2.0,16.0,81.46666666666667,0.0,0.0,0.0,7.0,31.0,110.46666666666667,1.0,14.0,47.13333333333333,0.0,0.0,0.0,0.0,0.0,0.0,3.0,46.0,212.76666666666665,2.0,139.0,457.8833333333333,2.0,4.0,17.03333333333333,3.0,46.0,51.61666666666666,1.0,55.0,170.5,0.0,0.0,0.0,1.0,12.0,26.199999999999996,0.0,0.0,0.0
1336,18,274,727.3166666666666,3.0,13.0,42.55,1.0,4.0,9.666666666666666,0.0,0.0,0.0,2.0,8.0,10.55,1.0,19.0,17.733333333333334,0.0,0.0,0.0,3.0,14.0,39.58333333333333,2.0,39.0,61.6,0.0,0.0,0.0,0.0,0.0,0.0,0.0,0.0,0.0,2.0,122.0,345.06666666666666,0.0,0.0,0.0,2.0,19.0,61.733333333333334,1.0,29.0,131.95,1.0,7.0,6.883333333333333,0.0,0.0,0.0,0.0,0.0,0.0
1337,23,511,1406.9166666666667,4.0,8.0,30.6,1.0,16.0,24.0,1.0,72.0,34.8,0.0,0.0,0.0,3.0,48.0,244.58333333333331,0.0,0.0,0.0,2.0,6.0,12.583333333333332,2.0,37.0,150.55,2.0,150.0,472.25,1.0,6.0,25.6,1.0,8.0,5.733333333333333,0.0,0.0,0.0,0.0,0.0,0.0,0.0,0.0,0.0,2.0,97.0,146.05,1.0,7.0,46.199999999999996,1.0,21.0,21.0,2.0,35.0,192.96666666666667
1338,20,558,2161.9666666666667,1.0,4.0,16.133333333333333,1.0,9.0,51.9,0.0,0.0,0.0,5.0,21.0,74.55000000000001,2.0,21.0,31.65,0.0,0.0,0.0,2.0,4.0,11.766666666666666,0.0,0.0,0.0,0.0,0.0,0.0,0.0,0.0,0.0,1.0,6.0,28.6,3.0,237.0,961.75,0.0,0.0,0.0,2.0,27.0,49.65,1.0,69.0,80.5,0.0,0.0,0.0,0.0,0.0,0.0,2.0,160.0,855.4666666666667
1339,19,647,3042.4,3.0,18.0,68.88333333333333,0.0,0.0,0.0,1.0,19.0,10.133333333333333,2.0,6.0,25.700000000000003,1.0,15.0,76.5,1.0,123.0,526.85,1.0,1.0,2.45,1.0,6.0,36.900000000000006,1.0,89.0,584.4333333333333,0.0,0.0,0.0,1.0,9.0,4.2,1.0,75.0,311.25,0.0,0.0,0.0,0.0,0.0,0.0,4.0,218.0,1221.2333333333333,0.0,0.0,0.0,0.0,0.0,0.0,2.0,68.0,173.86666666666665
1340,28,822,2422.6666666666665,2.0,10.0,16.166666666666668,2.0,29.0,130.18333333333334,1.0,112.0,349.06666666666666,4.0,15.0,38.016666666666666,3.0,51.0,166.25,0.0,0.0,0.0,4.0,18.0,58.45,1.0,6.0,14.0,0.0,0.0,0.0,0.0,0.0,0.0,3.0,32.0,119.6,4.0,307.0,1093.7166666666667,0.0,0.0,0.0,1.0,7.0,31.5,2.0,201.0,358.68333333333334,0.0,0.0,0.0,0.0,0.0,0.0,1.0,34.0,47.03333333333333
1341,18,522,2162.4833333333336,5.0,30.0,106.93333333333334,1.0,14.0,21.46666666666667,0.0,0.0,0.0,2.0,8.0,4.233333333333333,1.0,8.0,13.6,0.0,0.0,0.0,1.0,6.0,19.900000000000002,0.0,0.0,0.0,0.0,0.0,0.0,0.0,0.0,0.0,2.0,25.0,115.23333333333335,2.0,162.0,424.3666666666667,0.0,0.0,0.0,1.0,17.0,11.899999999999999,1.0,40.0,65.33333333333333,0.0,0.0,0.0,0.0,0.0,0.0,2.0,212.0,1379.5166666666667
1342,27,633,1660.4666666666667,6.0,32.0,79.28333333333333,2.0,24.0,35.900000000000006,0.0,0.0,0.0,1.0,3.0,17.2,0.0,0.0,0.0,1.0,19.0,5.066666666666666,1.0,5.0,22.0,0.0,0.0,0.0,0.0,0.0,0.0,1.0,7.0,16.45,4.0,61.0,279.56666666666666,4.0,209.0,516.0333333333333,0.0,0.0,0.0,3.0,41.0,93.5,1.0,66.0,192.5,0.0,0.0,0.0,1.0,17.0,107.66666666666666,2.0,149.0,295.29999999999995
1343,17,348,1260.7,0.0,0.0,0.0,1.0,23.0,8.816666666666666,1.0,30.0,93.5,5.0,19.0,81.95,3.0,68.0,148.33333333333334,0.0,0.0,0.0,1.0,1.0,5.5,0.0,0.0,0.0,0.0,0.0,0.0,1.0,5.0,20.0,1.0,4.0,18.0,1.0,52.0,253.93333333333337,0.0,0.0,0.0,0.0,0.0,0.0,0.0,0.0,0.0,0.0,0.0,0.0,2.0,32.0,62.56666666666666,1.0,114.0,568.1
1344,24,914,3426.233333333333,3.0,14.0,40.6,0.0,0.0,0.0,0.0,0.0,0.0,3.0,11.0,47.41666666666667,2.0,40.0,153.33333333333331,1.0,108.0,680.4,1.0,6.0,21.9,0.0,0.0,0.0,0.0,0.0,0.0,0.0,0.0,0.0,2.0,22.0,42.116666666666674,3.0,253.0,896.35,0.0,0.0,0.0,1.0,22.0,33.733333333333334,5.0,315.0,858.9833333333333,0.0,0.0,0.0,1.0,8.0,46.4,2.0,115.0,605.0
1345,18,584,2616.5,1.0,6.0,30.299999999999997,1.0,10.0,56.66666666666667,0.0,0.0,0.0,3.0,10.0,34.96666666666667,0.0,0.0,0.0,1.0,108.0,237.60000000000002,1.0,3.0,7.85,0.0,0.0,0.0,0.0,0.0,0.0,0.0,0.0,0.0,3.0,45.0,238.14999999999998,1.0,72.0,457.2,0.0,0.0,0.0,1.0,13.0,63.05,2.0,169.0,898.1833333333333,0.0,0.0,0.0,2.0,13.0,48.633333333333326,2.0,135.0,543.9
1346,15,722,2574.25,2.0,8.0,44.81666666666666,0.0,0.0,0.0,0.0,0.0,0.0,1.0,2.0,7.466666666666667,1.0,7.0,35.699999999999996,1.0,95.0,536.75,1.0,5.0,28.666666666666668,1.0,13.0,40.083333333333336,0.0,0.0,0.0,0.0,0.0,0.0,1.0,11.0,35.56666666666667,1.0,89.0,548.8333333333334,0.0,0.0,0.0,0.0,0.0,0.0,3.0,274.0,846.9333333333334,0.0,0.0,0.0,0.0,0.0,0.0,3.0,218.0,449.43333333333334
1347,14,380,1721.5333333333333,0.0,0.0,0.0,2.0,28.0,70.58333333333334,0.0,0.0,0.0,1.0,2.0,10.8,0.0,0.0,0.0,0.0,0.0,0.0,1.0,3.0,10.25,1.0,8.0,48.8,0.0,0.0,0.0,0.0,0.0,0.0,3.0,32.0,47.81666666666666,1.0,81.0,491.4,0.0,0.0,0.0,2.0,37.0,173.01666666666665,1.0,76.0,286.26666666666665,0.0,0.0,0.0,0.0,0.0,0.0,2.0,113.0,582.6
1348,19,481,1744.05,3.0,14.0,23.21666666666667,0.0,0.0,0.0,0.0,0.0,0.0,1.0,2.0,8.566666666666666,1.0,19.0,33.56666666666666,0.0,0.0,0.0,4.0,19.0,72.31666666666666,0.0,0.0,0.0,0.0,0.0,0.0,0.0,0.0,0.0,2.0,21.0,95.0,1.0,80.0,436.0,1.0,2.0,0.6333333333333333,1.0,18.0,61.199999999999996,1.0,37.0,20.966666666666665,0.0,0.0,0.0,0.0,0.0,0.0,4.0,269.0,992.5833333333333
1349,14,397,1136.0333333333333,2.0,9.0,44.71666666666667,1.0,6.0,13.5,0.0,0.0,0.0,0.0,0.0,0.0,3.0,57.0,158.54999999999998,0.0,0.0,0.0,2.0,8.0,27.133333333333333,0.0,0.0,0.0,0.0,0.0,0.0,0.0,0.0,0.0,1.0,11.0,9.9,0.0,0.0,0.0,0.0,0.0,0.0,2.0,24.0,138.93333333333334,3.0,282.0,743.3,0.0,0.0,0.0,0.0,0.0,0.0,0.0,0.0,0.0
1350,23,923,2983.8333333333335,2.0,13.0,58.8,1.0,14.0,88.2,0.0,0.0,0.0,3.0,14.0,59.9,0.0,0.0,0.0,1.0,21.0,125.65,0.0,0.0,0.0,3.0,41.0,70.13333333333333,1.0,65.0,63.916666666666664,1.0,7.0,36.050000000000004,1.0,16.0,96.0,3.0,247.0,1313.4166666666667,0.0,0.0,0.0,0.0,0.0,0.0,2.0,101.0,303.2833333333333,0.0,0.0,0.0,0.0,0.0,0.0,5.0,384.0,768.4833333333333
1351,16,390,1390.0166666666667,4.0,20.0,61.56666666666666,2.0,22.0,30.233333333333334,0.0,0.0,0.0,1.0,4.0,17.4,0.0,0.0,0.0,0.0,0.0,0.0,2.0,11.0,42.51666666666667,0.0,0.0,0.0,0.0,0.0,0.0,1.0,4.0,14.8,0.0,0.0,0.0,2.0,94.0,392.15,0.0,0.0,0.0,0.0,0.0,0.0,1.0,99.0,504.9,0.0,0.0,0.0,1.0,9.0,4.95,2.0,127.0,321.5
1352,21,437,1486.8166666666664,5.0,25.0,74.01666666666667,2.0,22.0,19.433333333333334,1.0,38.0,86.13333333333333,1.0,2.0,11.333333333333334,2.0,23.0,141.46666666666667,0.0,0.0,0.0,3.0,16.0,74.23333333333333,1.0,12.0,79.19999999999999,0.0,0.0,0.0,0.0,0.0,0.0,1.0,19.0,75.05,1.0,50.0,156.66666666666666,0.0,0.0,0.0,2.0,10.0,26.0,2.0,220.0,743.2833333333333,0.0,0.0,0.0,0.0,0.0,0.0,0.0,0.0,0.0
1353,26,703,1723.7666666666667,7.0,24.0,95.95,1.0,15.0,99.5,1.0,43.0,211.41666666666669,2.0,10.0,37.75000000000001,2.0,34.0,99.13333333333333,1.0,47.0,70.5,1.0,2.0,9.666666666666666,1.0,23.0,35.266666666666666,0.0,0.0,0.0,1.0,6.0,2.0999999999999996,3.0,35.0,156.38333333333333,1.0,103.0,259.21666666666664,0.0,0.0,0.0,0.0,0.0,0.0,2.0,159.0,142.08333333333331,1.0,6.0,33.5,0.0,0.0,0.0,2.0,196.0,471.3
1354,22,737,2431.633333333333,1.0,2.0,7.866666666666666,2.0,38.0,137.61666666666667,0.0,0.0,0.0,1.0,7.0,28.466666666666665,3.0,39.0,126.30000000000001,0.0,0.0,0.0,3.0,6.0,19.933333333333334,2.0,41.0,136.2,0.0,0.0,0.0,0.0,0.0,0.0,1.0,18.0,45.3,4.0,271.0,608.5333333333333,0.0,0.0,0.0,0.0,0.0,0.0,3.0,212.0,1017.7666666666667,0.0,0.0,0.0,1.0,20.0,64.33333333333334,1.0,83.0,239.31666666666666
1355,22,664,2557.2833333333333,2.0,8.0,34.88333333333333,1.0,4.0,22.6,0.0,0.0,0.0,1.0,4.0,19.866666666666667,2.0,21.0,70.69999999999999,0.0,0.0,0.0,1.0,4.0,5.866666666666666,2.0,23.0,26.46666666666667,0.0,0.0,0.0,0.0,0.0,0.0,3.0,61.0,183.61666666666667,1.0,44.0,94.6,0.0,0.0,0.0,0.0,0.0,0.0,4.0,217.0,868.0,0.0,0.0,0.0,0.0,0.0,0.0,5.0,278.0,1230.6833333333334
1356,26,862,2586.85,1.0,5.0,3.416666666666667,3.0,32.0,56.3,0.0,0.0,0.0,1.0,7.0,12.483333333333334,1.0,11.0,34.1,0.0,0.0,0.0,4.0,13.0,34.21666666666667,0.0,0.0,0.0,1.0,62.0,69.23333333333333,1.0,7.0,29.866666666666667,2.0,27.0,60.266666666666666,7.0,501.0,1455.3999999999999,1.0,7.0,35.58333333333333,0.0,0.0,0.0,2.0,135.0,613.0,0.0,0.0,0.0,1.0,16.0,13.333333333333334,1.0,39.0,169.64999999999998
1357,26,899,2775.0166666666664,4.0,23.0,92.91666666666667,1.0,23.0,90.85000000000001,0.0,0.0,0.0,1.0,5.0,11.25,2.0,30.0,155.56666666666666,1.0,46.0,180.16666666666666,2.0,9.0,8.016666666666666,0.0,0.0,0.0,0.0,0.0,0.0,0.0,0.0,0.0,4.0,46.0,165.5,2.0,192.0,717.05,1.0,5.0,25.416666666666664,0.0,0.0,0.0,5.0,350.0,576.6,0.0,0.0,0.0,1.0,13.0,85.36666666666666,2.0,157.0,666.3166666666666
1358,18,535,2322.5,1.0,6.0,22.5,1.0,15.0,3.0,0.0,0.0,0.0,2.0,11.0,53.150000000000006,4.0,42.0,145.28333333333333,2.0,241.0,1288.5666666666666,1.0,4.0,16.866666666666667,1.0,20.0,129.66666666666666,0.0,0.0,0.0,0.0,0.0,0.0,0.0,0.0,0.0,1.0,26.0,103.56666666666666,1.0,4.0,8.266666666666667,0.0,0.0,0.0,2.0,128.0,322.1333333333333,0.0,0.0,0.0,1.0,14.0,93.10000000000001,1.0,24.0,136.4
1359,21,758,2746.0,2.0,5.0,6.1,1.0,16.0,40.266666666666666,0.0,0.0,0.0,3.0,13.0,33.3,1.0,21.0,72.1,1.0,56.0,236.13333333333333,3.0,15.0,88.66666666666667,0.0,0.0,0.0,0.0,0.0,0.0,0.0,0.0,0.0,2.0,29.0,97.5,5.0,467.0,1931.8666666666668,0.0,0.0,0.0,0.0,0.0,0.0,2.0,118.0,220.86666666666667,0.0,0.0,0.0,0.0,0.0,0.0,1.0,18.0,19.2
1360,21,609,1838.9166666666665,2.0,4.0,19.583333333333336,1.0,15.0,8.25,0.0,0.0,0.0,1.0,2.0,0.3333333333333333,1.0,6.0,23.8,0.0,0.0,0.0,3.0,17.0,77.39999999999999,1.0,11.0,50.416666666666664,0.0,0.0,0.0,1.0,6.0,36.900000000000006,3.0,51.0,213.81666666666666,3.0,252.0,532.0,0.0,0.0,0.0,2.0,26.0,10.833333333333332,2.0,119.0,315.5833333333333,0.0,0.0,0.0,0.0,0.0,0.0,1.0,100.0,550.0
1361,18,507,2265.6833333333334,2.0,12.0,19.9,1.0,22.0,79.56666666666666,1.0,28.0,78.86666666666667,3.0,9.0,32.95,2.0,40.0,138.66666666666669,0.0,0.0,0.0,0.0,0.0,0.0,1.0,21.0,82.95,0.0,0.0,0.0,0.0,0.0,0.0,0.0,0.0,0.0,2.0,155.0,869.7666666666668,0.0,0.0,0.0,2.0,28.0,133.39999999999998,3.0,133.0,480.53333333333336,0.0,0.0,0.0,0.0,0.0,0.0,1.0,59.0,349.08333333333337
1362,17,463,2024.9666666666667,3.0,20.0,57.56666666666666,0.0,0.0,0.0,0.0,0.0,0.0,1.0,7.0,29.866666666666667,1.0,10.0,29.0,0.0,0.0,0.0,2.0,6.0,37.38333333333333,2.0,26.0,122.64999999999999,1.0,114.0,750.5,0.0,0.0,0.0,2.0,42.0,74.58333333333333,1.0,71.0,128.98333333333332,1.0,5.0,7.166666666666667,1.0,8.0,28.933333333333334,2.0,154.0,758.3333333333334,0.0,0.0,0.0,0.0,0.0,0.0,0.0,0.0,0.0
1363,25,540,2228.233333333333,1.0,6.0,21.299999999999997,2.0,34.0,156.68333333333334,0.0,0.0,0.0,3.0,8.0,27.599999999999998,1.0,22.0,114.03333333333333,1.0,35.0,27.416666666666668,4.0,15.0,45.9,0.0,0.0,0.0,0.0,0.0,0.0,0.0,0.0,0.0,1.0,8.0,12.0,1.0,71.0,447.3,2.0,5.0,11.85,0.0,0.0,0.0,3.0,203.0,731.0833333333333,1.0,4.0,6.866666666666666,4.0,45.0,122.2,1.0,84.0,504.0
1364,18,617,1495.0666666666666,1.0,6.0,11.9,3.0,32.0,139.06666666666666,1.0,68.0,171.13333333333333,1.0,3.0,9.0,2.0,22.0,110.76666666666668,1.0,65.0,269.75,1.0,4.0,11.133333333333333,0.0,0.0,0.0,0.0,0.0,0.0,0.0,0.0,0.0,1.0,10.0,15.0,2.0,71.0,239.58333333333331,2.0,8.0,25.733333333333334,0.0,0.0,0.0,2.0,226.0,271.0,0.0,0.0,0.0,0.0,0.0,0.0,1.0,102.0,220.99999999999997
1365,19,512,1293.1666666666667,2.0,7.0,19.566666666666666,1.0,12.0,40.4,0.0,0.0,0.0,4.0,16.0,37.333333333333336,1.0,18.0,45.3,0.0,0.0,0.0,2.0,4.0,7.8999999999999995,0.0,0.0,0.0,0.0,0.0,0.0,0.0,0.0,0.0,1.0,12.0,7.800000000000001,2.0,103.0,373.65000000000003,0.0,0.0,0.0,0.0,0.0,0.0,1.0,48.0,28.799999999999997,0.0,0.0,0.0,1.0,8.0,45.733333333333334,4.0,284.0,686.6833333333334
1366,26,708,2724.8166666666666,3.0,10.0,42.56666666666667,0.0,0.0,0.0,1.0,27.0,54.449999999999996,2.0,9.0,24.849999999999998,3.0,46.0,138.23333333333332,0.0,0.0,0.0,4.0,10.0,42.11666666666667,0.0,0.0,0.0,0.0,0.0,0.0,0.0,0.0,0.0,2.0,21.0,117.96666666666665,2.0,55.0,140.88333333333335,0.0,0.0,0.0,0.0,0.0,0.0,1.0,21.0,70.0,0.0,0.0,0.0,2.0,20.0,57.06666666666666,6.0,489.0,2036.6833333333334
1367,16,648,1697.4166666666667,2.0,11.0,63.45,1.0,13.0,38.13333333333333,1.0,93.0,294.5,2.0,11.0,33.5,0.0,0.0,0.0,0.0,0.0,0.0,2.0,12.0,54.300000000000004,0.0,0.0,0.0,0.0,0.0,0.0,0.0,0.0,0.0,1.0,18.0,46.5,3.0,199.0,595.5500000000001,0.0,0.0,0.0,0.0,0.0,0.0,1.0,21.0,112.35,0.0,0.0,0.0,0.0,0.0,0.0,3.0,270.0,459.1333333333333
1368,21,671,2606.1666666666665,2.0,6.0,28.333333333333332,1.0,11.0,50.233333333333334,0.0,0.0,0.0,2.0,12.0,16.5,3.0,18.0,42.56666666666667,2.0,116.0,222.2,0.0,0.0,0.0,1.0,7.0,43.63333333333333,0.0,0.0,0.0,1.0,5.0,15.5,0.0,0.0,0.0,2.0,121.0,473.73333333333335,0.0,0.0,0.0,0.0,0.0,0.0,2.0,188.0,670.3833333333333,0.0,0.0,0.0,3.0,39.0,134.11666666666667,2.0,148.0,908.9666666666667
1369,25,663,2541.05,1.0,3.0,4.35,2.0,19.0,34.766666666666666,1.0,42.0,32.9,5.0,34.0,91.81666666666666,0.0,0.0,0.0,3.0,236.0,854.1333333333333,3.0,9.0,46.38333333333333,1.0,15.0,15.500000000000002,0.0,0.0,0.0,1.0,5.0,24.333333333333332,2.0,18.0,100.6,1.0,38.0,76.0,2.0,4.0,18.966666666666665,1.0,18.0,19.8,2.0,222.0,1221.5,0.0,0.0,0.0,0.0,0.0,0.0,0.0,0.0,0.0
1370,19,774,3205.6499999999996,1.0,4.0,8.333333333333334,0.0,0.0,0.0,0.0,0.0,0.0,3.0,10.0,42.96666666666667,2.0,40.0,251.7333333333333,1.0,99.0,252.45,2.0,8.0,37.733333333333334,1.0,8.0,24.933333333333334,0.0,0.0,0.0,0.0,0.0,0.0,0.0,0.0,0.0,3.0,234.0,1031.8,0.0,0.0,0.0,1.0,19.0,84.86666666666667,3.0,295.0,1150.9499999999998,0.0,0.0,0.0,1.0,10.0,30.833333333333336,1.0,47.0,289.05
1371,25,1120,2577.5499999999997,3.0,16.0,43.13333333333333,0.0,0.0,0.0,0.0,0.0,0.0,1.0,4.0,4.933333333333334,2.0,32.0,183.23333333333335,2.0,182.0,383.76666666666665,1.0,3.0,9.3,2.0,23.0,78.23333333333333,0.0,0.0,0.0,0.0,0.0,0.0,0.0,0.0,0.0,7.0,603.0,1269.3166666666666,0.0,0.0,0.0,0.0,0.0,0.0,3.0,153.0,463.31666666666666,0.0,0.0,0.0,3.0,40.0,82.58333333333333,1.0,64.0,59.733333333333334
1372,22,593,3007.9333333333334,3.0,11.0,53.516666666666666,0.0,0.0,0.0,1.0,85.0,201.16666666666666,5.0,23.0,72.76666666666667,0.0,0.0,0.0,0.0,0.0,0.0,1.0,5.0,16.916666666666668,2.0,26.0,111.93333333333334,0.0,0.0,0.0,0.0,0.0,0.0,3.0,40.0,237.86666666666667,2.0,239.0,1549.6,0.0,0.0,0.0,1.0,19.0,72.2,2.0,63.0,199.4,1.0,7.0,2.5666666666666664,0.0,0.0,0.0,1.0,75.0,490.0
1373,15,488,1645.5,3.0,12.0,22.283333333333335,0.0,0.0,0.0,0.0,0.0,0.0,2.0,8.0,20.733333333333334,0.0,0.0,0.0,0.0,0.0,0.0,2.0,12.0,39.2,0.0,0.0,0.0,0.0,0.0,0.0,0.0,0.0,0.0,2.0,37.0,46.9,4.0,316.0,1199.4,0.0,0.0,0.0,0.0,0.0,0.0,1.0,94.0,275.7333333333333,0.0,0.0,0.0,1.0,9.0,41.25,0.0,0.0,0.0
1374,21,756,2284.75,3.0,12.0,24.666666666666664,1.0,14.0,4.433333333333334,0.0,0.0,0.0,1.0,7.0,38.733333333333334,2.0,21.0,62.43333333333333,1.0,56.0,34.53333333333333,3.0,6.0,19.7,1.0,8.0,39.06666666666667,0.0,0.0,0.0,0.0,0.0,0.0,1.0,19.0,22.166666666666668,1.0,32.0,114.66666666666667,0.0,0.0,0.0,0.0,0.0,0.0,5.0,420.0,1375.8000000000002,0.0,0.0,0.0,0.0,0.0,0.0,2.0,161.0,548.55
1375,17,753,2693.45,0.0,0.0,0.0,1.0,8.0,44.666666666666664,1.0,119.0,523.6,1.0,6.0,13.7,2.0,41.0,140.15,0.0,0.0,0.0,1.0,7.0,1.4000000000000001,2.0,23.0,16.416666666666664,1.0,114.0,281.2,0.0,0.0,0.0,0.0,0.0,0.0,2.0,58.0,290.41666666666663,0.0,0.0,0.0,1.0,22.0,109.63333333333334,1.0,78.0,447.2,0.0,0.0,0.0,0.0,0.0,0.0,4.0,277.0,825.0666666666667
1376,19,475,1384.4,1.0,6.0,26.300000000000004,1.0,10.0,17.5,0.0,0.0,0.0,5.0,27.0,79.43333333333334,1.0,19.0,52.88333333333333,0.0,0.0,0.0,0.0,0.0,0.0,3.0,37.0,134.31666666666666,0.0,0.0,0.0,1.0,7.0,44.33333333333333,0.0,0.0,0.0,1.0,111.0,284.90000000000003,2.0,10.0,61.900000000000006,2.0,26.0,72.3,2.0,222.0,610.5333333333334,0.0,0.0,0.0,0.0,0.0,0.0,0.0,0.0,0.0
1377,28,846,3339.4,4.0,8.0,32.4,3.0,25.0,142.0,1.0,100.0,308.33333333333337,5.0,11.0,61.21666666666667,1.0,19.0,49.4,2.0,150.0,848.4333333333333,1.0,7.0,26.833333333333336,2.0,17.0,98.35000000000001,0.0,0.0,0.0,0.0,0.0,0.0,2.0,29.0,107.0,2.0,180.0,438.8166666666667,0.0,0.0,0.0,2.0,27.0,53.88333333333334,1.0,74.0,388.5,0.0,0.0,0.0,0.0,0.0,0.0,2.0,199.0,784.2333333333333
1378,21,614,2147.883333333333,2.0,11.0,57.65,1.0,14.0,84.46666666666667,0.0,0.0,0.0,2.0,9.0,28.883333333333333,0.0,0.0,0.0,2.0,162.0,374.93333333333334,2.0,11.0,27.8,2.0,15.0,42.7,2.0,151.0,518.4666666666666,0.0,0.0,0.0,1.0,21.0,110.95,1.0,21.0,63.35,0.0,0.0,0.0,2.0,28.0,97.99999999999999,2.0,138.0,582.7833333333334,0.0,0.0,0.0,2.0,33.0,157.89999999999998,0.0,0.0,0.0
1379,31,688,2185.616666666667,3.0,9.0,28.18333333333333,0.0,0.0,0.0,1.0,42.0,75.60000000000001,4.0,16.0,44.35,2.0,20.0,74.06666666666666,1.0,85.0,107.66666666666666,3.0,13.0,25.75,0.0,0.0,0.0,0.0,0.0,0.0,1.0,5.0,24.833333333333336,1.0,9.0,44.85,4.0,253.0,789.0833333333333,2.0,6.0,10.966666666666667,3.0,18.0,57.0,2.0,78.0,179.2,2.0,7.0,30.083333333333332,1.0,4.0,19.533333333333335,1.0,123.0,674.45
1380,12,296,985.3,1.0,5.0,10.916666666666666,0.0,0.0,0.0,0.0,0.0,0.0,1.0,3.0,12.349999999999998,1.0,17.0,11.333333333333332,0.0,0.0,0.0,1.0,3.0,10.25,4.0,56.0,307.45,0.0,0.0,0.0,0.0,0.0,0.0,1.0,4.0,7.733333333333333,2.0,138.0,501.59999999999997,0.0,0.0,0.0,0.0,0.0,0.0,0.0,0.0,0.0,0.0,0.0,0.0,0.0,0.0,0.0,1.0,70.0,123.66666666666666
1381,31,605,2439.016666666667,4.0,15.0,50.88333333333333,2.0,20.0,30.799999999999997,1.0,124.0,574.5333333333334,2.0,7.0,32.86666666666667,4.0,52.0,270.98333333333335,0.0,0.0,0.0,5.0,27.0,121.46666666666667,0.0,0.0,0.0,0.0,0.0,0.0,0.0,0.0,0.0,0.0,0.0,0.0,3.0,169.0,624.4166666666666,3.0,8.0,33.96666666666667,2.0,13.0,34.61666666666667,2.0,51.0,248.36666666666667,0.0,0.0,0.0,2.0,17.0,20.016666666666666,1.0,102.0,396.1
1382,22,574,1358.8333333333333,2.0,9.0,33.55,1.0,10.0,49.333333333333336,0.0,0.0,0.0,4.0,19.0,37.949999999999996,3.0,29.0,40.483333333333334,0.0,0.0,0.0,0.0,0.0,0.0,1.0,5.0,5.916666666666667,1.0,75.0,12.5,1.0,5.0,4.75,0.0,0.0,0.0,3.0,132.0,268.4166666666667,1.0,4.0,16.733333333333334,0.0,0.0,0.0,1.0,116.0,411.79999999999995,1.0,4.0,20.133333333333333,1.0,23.0,67.85000000000001,2.0,143.0,389.4166666666667
1383,18,786,2313.416666666667,0.0,0.0,0.0,1.0,11.0,18.516666666666666,1.0,101.0,464.59999999999997,3.0,12.0,30.666666666666668,1.0,9.0,14.55,0.0,0.0,0.0,3.0,18.0,60.61666666666667,0.0,0.0,0.0,1.0,96.0,547.2,0.0,0.0,0.0,0.0,0.0,0.0,2.0,165.0,334.35,1.0,3.0,15.149999999999999,1.0,12.0,33.4,2.0,191.0,182.66666666666669,0.0,0.0,0.0,0.0,0.0,0.0,2.0,168.0,611.7
1384,28,1235,3399.166666666667,3.0,10.0,44.91666666666667,2.0,19.0,31.7,0.0,0.0,0.0,4.0,14.0,18.083333333333336,1.0,19.0,8.55,2.0,213.0,469.46666666666664,0.0,0.0,0.0,2.0,11.0,8.933333333333334,1.0,27.0,66.15,0.0,0.0,0.0,2.0,12.0,40.13333333333333,3.0,314.0,1022.1,0.0,0.0,0.0,0.0,0.0,0.0,4.0,332.0,813.35,0.0,0.0,0.0,2.0,32.0,154.51666666666665,2.0,232.0,721.2666666666668
1385,18,520,1993.4666666666667,5.0,19.0,93.28333333333333,1.0,16.0,30.133333333333333,0.0,0.0,0.0,1.0,4.0,25.333333333333332,1.0,19.0,60.800000000000004,0.0,0.0,0.0,0.0,0.0,0.0,1.0,14.0,7.0,0.0,0.0,0.0,0.0,0.0,0.0,0.0,0.0,0.0,3.0,319.0,1327.9333333333334,1.0,7.0,10.15,3.0,51.0,208.48333333333332,2.0,71.0,230.35,0.0,0.0,0.0,0.0,0.0,0.0,0.0,0.0,0.0
1386,19,557,2021.2,3.0,12.0,43.25,1.0,10.0,47.83333333333333,1.0,23.0,128.03333333333333,1.0,5.0,20.166666666666664,2.0,31.0,27.200000000000003,0.0,0.0,0.0,0.0,0.0,0.0,0.0,0.0,0.0,0.0,0.0,0.0,0.0,0.0,0.0,3.0,44.0,173.5,2.0,148.0,676.0,0.0,0.0,0.0,2.0,32.0,135.96666666666667,1.0,43.0,80.98333333333333,0.0,0.0,0.0,0.0,0.0,0.0,3.0,209.0,688.2666666666667
1387,18,531,1636.4666666666667,0.0,0.0,0.0,2.0,39.0,55.550000000000004,1.0,18.0,35.7,2.0,6.0,25.900000000000002,1.0,13.0,32.06666666666667,1.0,56.0,330.40000000000003,1.0,1.0,1.85,2.0,26.0,91.06666666666666,0.0,0.0,0.0,0.0,0.0,0.0,1.0,19.0,30.400000000000002,4.0,192.0,560.6166666666667,0.0,0.0,0.0,0.0,0.0,0.0,2.0,96.0,260.58333333333337,0.0,0.0,0.0,0.0,0.0,0.0,1.0,65.0,212.33333333333334
1388,23,339,1154.6333333333332,5.0,17.0,69.03333333333333,0.0,0.0,0.0,1.0,17.0,29.18333333333333,3.0,10.0,17.116666666666667,2.0,27.0,126.15,0.0,0.0,0.0,4.0,8.0,12.983333333333333,0.0,0.0,0.0,1.0,81.0,313.2,0.0,0.0,0.0,2.0,19.0,82.33333333333333,0.0,0.0,0.0,0.0,0.0,0.0,1.0,19.0,105.13333333333333,0.0,0.0,0.0,0.0,0.0,0.0,3.0,43.0,143.06666666666666,1.0,98.0,256.43333333333334
1389,18,505,2040.1666666666665,2.0,8.0,28.633333333333333,2.0,24.0,58.46666666666666,2.0,158.0,461.0,3.0,15.0,70.26666666666667,2.0,21.0,109.28333333333333,0.0,0.0,0.0,2.0,11.0,33.56666666666667,1.0,14.0,17.5,0.0,0.0,0.0,0.0,0.0,0.0,1.0,5.0,25.5,2.0,171.0,758.8499999999999,0.0,0.0,0.0,0.0,0.0,0.0,0.0,0.0,0.0,0.0,0.0,0.0,0.0,0.0,0.0,1.0,78.0,477.09999999999997
1390,21,727,2458.3,3.0,16.0,62.016666666666666,1.0,22.0,78.1,1.0,25.0,142.08333333333334,4.0,12.0,34.3,1.0,21.0,43.05,0.0,0.0,0.0,0.0,0.0,0.0,1.0,20.0,103.0,1.0,81.0,481.95,0.0,0.0,0.0,4.0,57.0,262.81666666666666,2.0,188.0,378.3333333333333,0.0,0.0,0.0,0.0,0.0,0.0,1.0,104.0,32.93333333333333,0.0,0.0,0.0,0.0,0.0,0.0,2.0,181.0,839.7166666666667
1391,15,437,920.45,2.0,9.0,32.1,1.0,23.0,100.43333333333332,0.0,0.0,0.0,1.0,5.0,28.75,1.0,18.0,18.299999999999997,0.0,0.0,0.0,1.0,2.0,9.266666666666667,2.0,32.0,19.683333333333334,0.0,0.0,0.0,0.0,0.0,0.0,1.0,20.0,32.333333333333336,1.0,105.0,407.75,0.0,0.0,0.0,2.0,26.0,73.73333333333333,1.0,99.0,29.7,0.0,0.0,0.0,1.0,12.0,13.6,1.0,86.0,154.8
1392,20,624,1842.5833333333335,1.0,3.0,18.400000000000002,3.0,41.0,173.95,0.0,0.0,0.0,3.0,14.0,55.599999999999994,1.0,9.0,51.150000000000006,0.0,0.0,0.0,3.0,7.0,40.5,0.0,0.0,0.0,0.0,0.0,0.0,0.0,0.0,0.0,1.0,13.0,18.849999999999998,2.0,48.0,238.8,0.0,0.0,0.0,0.0,0.0,0.0,3.0,244.0,432.1666666666667,0.0,0.0,0.0,1.0,7.0,23.8,2.0,238.0,789.3666666666666
1393,27,653,2262.366666666667,3.0,9.0,18.78333333333333,3.0,53.0,278.8833333333333,0.0,0.0,0.0,5.0,17.0,38.78333333333333,3.0,62.0,174.0333333333333,0.0,0.0,0.0,3.0,14.0,74.73333333333333,1.0,18.0,37.800000000000004,0.0,0.0,0.0,0.0,0.0,0.0,0.0,0.0,0.0,2.0,120.0,281.23333333333335,0.0,0.0,0.0,2.0,24.0,45.4,3.0,240.0,1002.45,0.0,0.0,0.0,1.0,20.0,11.333333333333332,1.0,76.0,298.93333333333334
1394,17,301,815.8166666666666,3.0,9.0,45.55,1.0,19.0,84.86666666666667,0.0,0.0,0.0,2.0,6.0,12.0,0.0,0.0,0.0,0.0,0.0,0.0,4.0,21.0,42.7,1.0,20.0,35.0,0.0,0.0,0.0,0.0,0.0,0.0,3.0,40.0,210.56666666666666,1.0,81.0,159.29999999999998,0.0,0.0,0.0,0.0,0.0,0.0,1.0,50.0,42.5,0.0,0.0,0.0,0.0,0.0,0.0,1.0,55.0,183.33333333333334
1395,20,643,2847.6000000000004,0.0,0.0,0.0,1.0,12.0,14.399999999999999,0.0,0.0,0.0,3.0,17.0,83.0,2.0,15.0,50.55,0.0,0.0,0.0,4.0,9.0,38.5,0.0,0.0,0.0,0.0,0.0,0.0,0.0,0.0,0.0,1.0,16.0,76.8,2.0,217.0,1050.9,0.0,0.0,0.0,1.0,9.0,36.9,3.0,293.0,1162.5833333333335,1.0,3.0,10.85,1.0,7.0,35.11666666666667,1.0,45.0,288.0
1396,16,481,1421.4166666666667,3.0,17.0,30.299999999999997,1.0,14.0,38.733333333333334,0.0,0.0,0.0,0.0,0.0,0.0,0.0,0.0,0.0,0.0,0.0,0.0,3.0,7.0,29.21666666666667,0.0,0.0,0.0,0.0,0.0,0.0,0.0,0.0,0.0,1.0,9.0,25.650000000000002,1.0,17.0,47.31666666666666,0.0,0.0,0.0,0.0,0.0,0.0,4.0,309.0,1068.5,0.0,0.0,0.0,1.0,6.0,37.4,2.0,102.0,144.3
1397,17,593,1700.9833333333333,1.0,5.0,28.75,1.0,14.0,5.6000000000000005,1.0,118.0,363.83333333333337,0.0,0.0,0.0,0.0,0.0,0.0,0.0,0.0,0.0,3.0,13.0,35.800000000000004,2.0,18.0,31.2,0.0,0.0,0.0,0.0,0.0,0.0,1.0,9.0,53.7,5.0,343.0,1004.15,0.0,0.0,0.0,1.0,15.0,86.75,1.0,46.0,13.799999999999999,0.0,0.0,0.0,1.0,12.0,77.4,0.0,0.0,0.0
1398,24,597,2534.7,2.0,11.0,28.016666666666666,3.0,45.0,92.93333333333334,0.0,0.0,0.0,2.0,4.0,23.266666666666666,2.0,18.0,64.89999999999999,0.0,0.0,0.0,4.0,11.0,32.21666666666667,1.0,12.0,5.6,0.0,0.0,0.0,1.0,2.0,0.9,1.0,7.0,36.75,3.0,199.0,1212.3166666666666,0.0,0.0,0.0,0.0,0.0,0.0,3.0,236.0,1008.2666666666667,0.0,0.0,0.0,1.0,12.0,18.2,1.0,40.0,11.333333333333332
1399,23,792,3186.45,3.0,15.0,35.63333333333333,1.0,14.0,37.56666666666666,0.0,0.0,0.0,2.0,7.0,21.483333333333334,1.0,7.0,37.68333333333334,0.0,0.0,0.0,2.0,7.0,19.133333333333333,1.0,18.0,65.4,0.0,0.0,0.0,0.0,0.0,0.0,1.0,18.0,102.9,4.0,312.0,1479.8833333333332,1.0,4.0,15.933333333333334,1.0,15.0,9.5,2.0,138.0,575.7333333333333,0.0,0.0,0.0,0.0,0.0,0.0,4.0,237.0,785.5999999999999
1400,11,445,889.9833333333333,0.0,0.0,0.0,2.0,24.0,72.11666666666667,1.0,45.0,205.5,0.0,0.0,0.0,1.0,16.0,48.53333333333333,0.0,0.0,0.0,0.0,0.0,0.0,1.0,19.0,82.64999999999999,0.0,0.0,0.0,0.0,0.0,0.0,0.0,0.0,0.0,3.0,157.0,195.46666666666664,0.0,0.0,0.0,0.0,0.0,0.0,0.0,0.0,0.0,0.0,0.0,0.0,1.0,7.0,14.116666666666667,2.0,177.0,271.6
1401,18,435,1303.7,3.0,14.0,32.55,1.0,7.0,15.983333333333333,1.0,78.0,426.40000000000003,2.0,12.0,15.666666666666668,1.0,19.0,20.266666666666666,0.0,0.0,0.0,3.0,14.0,9.033333333333333,1.0,21.0,10.15,0.0,0.0,0.0,0.0,0.0,0.0,1.0,19.0,70.61666666666667,0.0,0.0,0.0,0.0,0.0,0.0,1.0,21.0,32.2,1.0,96.0,270.40000000000003,1.0,2.0,12.033333333333333,0.0,0.0,0.0,2.0,132.0,388.40000000000003
1402,19,419,1516.05,4.0,19.0,66.18333333333334,1.0,6.0,10.4,0.0,0.0,0.0,1.0,2.0,4.533333333333333,0.0,0.0,0.0,0.0,0.0,0.0,1.0,5.0,8.083333333333334,3.0,46.0,184.76666666666665,1.0,68.0,104.26666666666668,1.0,7.0,18.78333333333333,0.0,0.0,0.0,1.0,77.0,342.65000000000003,2.0,6.0,31.299999999999997,1.0,7.0,2.8000000000000003,1.0,81.0,210.6,0.0,0.0,0.0,1.0,19.0,45.28333333333333,1.0,76.0,486.40000000000003
1403,20,602,1473.8833333333332,2.0,8.0,6.166666666666668,0.0,0.0,0.0,1.0,107.0,493.9833333333333,5.0,17.0,36.516666666666666,0.0,0.0,0.0,0.0,0.0,0.0,4.0,18.0,54.699999999999996,0.0,0.0,0.0,1.0,127.0,23.28333333333333,1.0,3.0,1.7,2.0,36.0,115.01666666666667,2.0,175.0,319.5833333333333,0.0,0.0,0.0,1.0,16.0,68.26666666666667,0.0,0.0,0.0,0.0,0.0,0.0,0.0,0.0,0.0,1.0,95.0,354.6666666666667
1404,21,705,2429.6166666666663,1.0,3.0,13.849999999999998,2.0,39.0,48.016666666666666,0.0,0.0,0.0,1.0,1.0,1.6166666666666667,0.0,0.0,0.0,2.0,59.0,177.38333333333333,2.0,9.0,46.05,2.0,17.0,55.28333333333333,0.0,0.0,0.0,0.0,0.0,0.0,1.0,21.0,109.55,5.0,290.0,1100.2166666666667,1.0,4.0,16.4,1.0,22.0,71.13333333333334,2.0,119.0,80.25,0.0,0.0,0.0,0.0,0.0,0.0,1.0,121.0,709.8666666666666
1405,16,486,1908.9166666666667,3.0,10.0,16.083333333333332,2.0,23.0,95.13333333333333,0.0,0.0,0.0,1.0,4.0,5.4,0.0,0.0,0.0,0.0,0.0,0.0,1.0,6.0,38.8,1.0,22.0,144.1,0.0,0.0,0.0,0.0,0.0,0.0,0.0,0.0,0.0,4.0,288.0,781.6,1.0,7.0,41.06666666666666,1.0,5.0,15.833333333333332,0.0,0.0,0.0,0.0,0.0,0.0,0.0,0.0,0.0,2.0,121.0,770.9
1406,24,736,1802.0333333333333,2.0,4.0,14.783333333333333,0.0,0.0,0.0,0.0,0.0,0.0,7.0,22.0,88.81666666666668,1.0,10.0,49.5,1.0,70.0,327.83333333333337,0.0,0.0,0.0,2.0,8.0,34.46666666666667,0.0,0.0,0.0,0.0,0.0,0.0,1.0,15.0,91.0,3.0,250.0,329.1666666666667,0.0,0.0,0.0,1.0,13.0,69.11666666666666,2.0,134.0,324.0166666666667,0.0,0.0,0.0,2.0,25.0,45.98333333333333,2.0,185.0,427.34999999999997
1407,14,412,1247.6666666666667,1.0,3.0,3.5,1.0,4.0,13.333333333333334,0.0,0.0,0.0,1.0,5.0,1.3333333333333333,1.0,9.0,49.050000000000004,0.0,0.0,0.0,3.0,13.0,62.2,0.0,0.0,0.0,1.0,72.0,218.39999999999998,0.0,0.0,0.0,1.0,18.0,90.3,2.0,113.0,343.6,0.0,0.0,0.0,0.0,0.0,0.0,0.0,0.0,0.0,0.0,0.0,0.0,0.0,0.0,0.0,3.0,175.0,465.95
1408,24,227,843.05,5.0,15.0,58.233333333333334,1.0,8.0,15.333333333333334,1.0,58.0,377.0,6.0,23.0,102.06666666666666,0.0,0.0,0.0,0.0,0.0,0.0,4.0,16.0,61.96666666666667,1.0,11.0,4.583333333333334,0.0,0.0,0.0,0.0,0.0,0.0,2.0,21.0,120.13333333333333,0.0,0.0,0.0,1.0,4.0,23.466666666666665,0.0,0.0,0.0,0.0,0.0,0.0,0.0,0.0,0.0,2.0,34.0,26.0,1.0,37.0,54.266666666666666
1409,20,645,1897.25,2.0,7.0,29.716666666666665,1.0,4.0,19.6,0.0,0.0,0.0,1.0,6.0,9.0,2.0,30.0,58.900000000000006,1.0,83.0,181.21666666666664,2.0,10.0,57.66666666666667,0.0,0.0,0.0,1.0,36.0,132.0,0.0,0.0,0.0,0.0,0.0,0.0,2.0,144.0,445.75000000000006,0.0,0.0,0.0,3.0,51.0,119.76666666666667,0.0,0.0,0.0,0.0,0.0,0.0,2.0,27.0,91.03333333333335,3.0,247.0,752.6
1410,25,574,2002.0666666666668,5.0,24.0,94.91666666666667,1.0,15.0,86.75,0.0,0.0,0.0,5.0,20.0,55.016666666666666,2.0,30.0,124.16666666666666,2.0,80.0,162.61666666666667,1.0,2.0,8.5,2.0,36.0,207.8,0.0,0.0,0.0,0.0,0.0,0.0,2.0,28.0,132.9,2.0,104.0,583.0500000000001,0.0,0.0,0.0,1.0,23.0,41.016666666666666,1.0,92.0,291.3333333333333,0.0,0.0,0.0,0.0,0.0,0.0,1.0,120.0,214.0
1411,22,461,1654.6499999999999,4.0,16.0,80.83333333333334,0.0,0.0,0.0,0.0,0.0,0.0,2.0,12.0,16.233333333333334,4.0,34.0,129.48333333333335,1.0,83.0,506.29999999999995,3.0,12.0,20.866666666666667,0.0,0.0,0.0,0.0,0.0,0.0,0.0,0.0,0.0,2.0,40.0,96.55,1.0,99.0,399.3,0.0,0.0,0.0,1.0,7.0,43.75,1.0,65.0,46.583333333333336,0.0,0.0,0.0,2.0,29.0,151.54999999999998,1.0,64.0,163.2
1412,22,752,1971.9,5.0,26.0,82.91666666666667,1.0,10.0,13.166666666666666,0.0,0.0,0.0,0.0,0.0,0.0,0.0,0.0,0.0,0.0,0.0,0.0,3.0,11.0,31.666666666666664,1.0,23.0,69.76666666666667,0.0,0.0,0.0,0.0,0.0,0.0,2.0,35.0,130.31666666666666,4.0,238.0,639.5166666666667,0.0,0.0,0.0,1.0,15.0,95.0,3.0,280.0,613.35,0.0,0.0,0.0,1.0,17.0,100.58333333333334,1.0,97.0,195.61666666666667
1413,18,464,1531.1166666666666,2.0,8.0,30.666666666666668,1.0,18.0,64.5,0.0,0.0,0.0,3.0,13.0,27.900000000000002,0.0,0.0,0.0,0.0,0.0,0.0,1.0,5.0,31.333333333333332,1.0,6.0,8.0,0.0,0.0,0.0,0.0,0.0,0.0,3.0,23.0,44.099999999999994,1.0,92.0,122.66666666666666,0.0,0.0,0.0,3.0,46.0,111.20000000000002,1.0,93.0,153.45,0.0,0.0,0.0,0.0,0.0,0.0,2.0,160.0,937.3
1414,27,850,2956.5833333333335,4.0,14.0,55.133333333333326,2.0,35.0,34.18333333333334,1.0,66.0,304.7,3.0,7.0,18.566666666666666,2.0,24.0,80.56666666666666,1.0,59.0,59.98333333333333,0.0,0.0,0.0,1.0,14.0,70.23333333333333,0.0,0.0,0.0,1.0,3.0,16.3,0.0,0.0,0.0,2.0,180.0,883.3333333333333,2.0,2.0,6.65,1.0,16.0,2.6666666666666665,1.0,98.0,57.16666666666667,0.0,0.0,0.0,2.0,34.0,50.56666666666666,4.0,298.0,1316.5333333333333
1415,14,325,672.4166666666666,1.0,5.0,29.916666666666668,0.0,0.0,0.0,0.0,0.0,0.0,1.0,5.0,1.8333333333333333,3.0,37.0,51.766666666666666,2.0,83.0,183.58333333333331,2.0,7.0,26.549999999999997,1.0,11.0,10.083333333333332,1.0,75.0,135.0,0.0,0.0,0.0,0.0,0.0,0.0,3.0,102.0,233.68333333333334,0.0,0.0,0.0,0.0,0.0,0.0,0.0,0.0,0.0,0.0,0.0,0.0,0.0,0.0,0.0,0.0,0.0,0.0
1416,20,449,1886.6166666666666,2.0,9.0,33.3,2.0,35.0,37.916666666666664,3.0,169.0,659.5166666666667,1.0,4.0,10.466666666666667,2.0,21.0,67.06666666666666,0.0,0.0,0.0,3.0,14.0,24.283333333333335,0.0,0.0,0.0,0.0,0.0,0.0,0.0,0.0,0.0,2.0,38.0,95.7,1.0,23.0,142.21666666666667,0.0,0.0,0.0,1.0,13.0,81.89999999999999,1.0,111.0,675.25,1.0,4.0,13.933333333333334,1.0,8.0,45.06666666666667,0.0,0.0,0.0
1417,12,438,1552.9666666666667,3.0,9.0,38.86666666666666,0.0,0.0,0.0,0.0,0.0,0.0,2.0,3.0,5.5,1.0,23.0,140.68333333333334,1.0,56.0,232.40000000000003,0.0,0.0,0.0,0.0,0.0,0.0,0.0,0.0,0.0,0.0,0.0,0.0,0.0,0.0,0.0,2.0,218.0,607.9666666666667,0.0,0.0,0.0,1.0,8.0,27.733333333333334,0.0,0.0,0.0,0.0,0.0,0.0,0.0,0.0,0.0,2.0,121.0,499.81666666666666
1418,28,814,2882.183333333333,1.0,4.0,14.2,1.0,18.0,110.7,1.0,113.0,359.71666666666664,6.0,25.0,77.65,2.0,29.0,86.2,1.0,90.0,130.5,2.0,3.0,8.1,2.0,36.0,129.31666666666666,3.0,135.0,656.1999999999999,1.0,4.0,1.4666666666666666,2.0,34.0,151.5,1.0,17.0,61.766666666666666,0.0,0.0,0.0,1.0,23.0,149.88333333333333,1.0,107.0,672.3166666666666,0.0,0.0,0.0,0.0,0.0,0.0,3.0,176.0,272.6666666666667
1419,20,444,1621.15,5.0,25.0,81.81666666666666,3.0,50.0,135.25,0.0,0.0,0.0,3.0,14.0,85.88333333333333,2.0,31.0,42.86666666666667,0.0,0.0,0.0,1.0,2.0,3.1666666666666665,0.0,0.0,0.0,0.0,0.0,0.0,0.0,0.0,0.0,0.0,0.0,0.0,1.0,77.0,193.78333333333333,1.0,6.0,36.4,0.0,0.0,0.0,1.0,75.0,131.25,0.0,0.0,0.0,1.0,4.0,4.866666666666666,2.0,160.0,905.8666666666667
1420,17,465,1357.4833333333333,2.0,9.0,36.38333333333333,0.0,0.0,0.0,2.0,86.0,328.6333333333333,1.0,2.0,11.766666666666667,1.0,4.0,11.6,0.0,0.0,0.0,1.0,2.0,4.566666666666666,2.0,20.0,57.28333333333333,0.0,0.0,0.0,0.0,0.0,0.0,2.0,18.0,74.4,4.0,216.0,533.7166666666667,0.0,0.0,0.0,0.0,0.0,0.0,0.0,0.0,0.0,0.0,0.0,0.0,1.0,13.0,48.96666666666667,1.0,95.0,250.16666666666666
1421,22,526,1568.3333333333333,2.0,9.0,42.78333333333334,1.0,11.0,19.616666666666667,0.0,0.0,0.0,5.0,15.0,56.66666666666667,0.0,0.0,0.0,0.0,0.0,0.0,2.0,11.0,39.05,2.0,18.0,15.3,0.0,0.0,0.0,0.0,0.0,0.0,0.0,0.0,0.0,3.0,260.0,1009.8833333333333,0.0,0.0,0.0,1.0,10.0,64.83333333333333,1.0,32.0,168.53333333333333,2.0,10.0,4.166666666666666,2.0,41.0,62.11666666666666,1.0,109.0,85.38333333333333
1422,18,335,1304.5333333333335,1.0,7.0,14.933333333333334,1.0,20.0,64.66666666666667,0.0,0.0,0.0,3.0,13.0,33.6,5.0,59.0,294.45,1.0,121.0,451.73333333333335,2.0,8.0,43.38333333333333,1.0,16.0,24.533333333333335,0.0,0.0,0.0,0.0,0.0,0.0,1.0,20.0,48.666666666666664,0.0,0.0,0.0,0.0,0.0,0.0,0.0,0.0,0.0,1.0,59.0,275.33333333333337,1.0,2.0,5.9,1.0,10.0,47.333333333333336,0.0,0.0,0.0
1423,23,737,2270.1,1.0,2.0,10.966666666666667,2.0,36.0,111.66666666666667,1.0,124.0,524.9333333333334,2.0,10.0,19.666666666666668,0.0,0.0,0.0,0.0,0.0,0.0,3.0,10.0,45.38333333333333,0.0,0.0,0.0,0.0,0.0,0.0,0.0,0.0,0.0,3.0,50.0,103.86666666666667,3.0,272.0,1077.7666666666667,1.0,2.0,6.9,0.0,0.0,0.0,1.0,60.0,28.0,0.0,0.0,0.0,2.0,17.0,67.58333333333333,4.0,154.0,273.3666666666667
1424,21,517,1591.1666666666667,2.0,14.0,37.68333333333333,0.0,0.0,0.0,0.0,0.0,0.0,5.0,27.0,94.81666666666666,1.0,6.0,6.1,0.0,0.0,0.0,2.0,8.0,5.366666666666667,3.0,48.0,177.51666666666665,0.0,0.0,0.0,1.0,3.0,17.45,0.0,0.0,0.0,4.0,198.0,596.7,0.0,0.0,0.0,0.0,0.0,0.0,2.0,139.0,588.9333333333334,0.0,0.0,0.0,0.0,0.0,0.0,1.0,74.0,66.60000000000001
1425,16,684,2367.45,1.0,4.0,13.333333333333334,3.0,40.0,161.73333333333332,0.0,0.0,0.0,2.0,6.0,15.649999999999999,0.0,0.0,0.0,1.0,95.0,475.0,1.0,2.0,11.1,0.0,0.0,0.0,1.0,68.0,44.2,0.0,0.0,0.0,2.0,31.0,71.26666666666667,1.0,110.0,450.99999999999994,0.0,0.0,0.0,0.0,0.0,0.0,3.0,222.0,714.3,0.0,0.0,0.0,0.0,0.0,0.0,1.0,106.0,409.8666666666667
1426,20,558,2563.5333333333333,2.0,11.0,10.083333333333334,4.0,60.0,318.93333333333334,0.0,0.0,0.0,1.0,1.0,3.9,1.0,11.0,55.36666666666667,0.0,0.0,0.0,2.0,14.0,43.05,1.0,5.0,15.833333333333332,0.0,0.0,0.0,0.0,0.0,0.0,1.0,23.0,99.66666666666666,1.0,42.0,247.10000000000002,0.0,0.0,0.0,1.0,8.0,19.866666666666667,2.0,167.0,790.3166666666666,1.0,3.0,7.9,1.0,22.0,51.7,2.0,191.0,899.8166666666666
1427,18,547,2579.383333333333,2.0,8.0,27.883333333333333,0.0,0.0,0.0,0.0,0.0,0.0,4.0,17.0,52.18333333333333,4.0,36.0,163.98333333333335,0.0,0.0,0.0,0.0,0.0,0.0,0.0,0.0,0.0,0.0,0.0,0.0,0.0,0.0,0.0,0.0,0.0,0.0,3.0,241.0,1011.95,0.0,0.0,0.0,1.0,10.0,29.5,0.0,0.0,0.0,1.0,1.0,3.85,0.0,0.0,0.0,3.0,234.0,1290.0333333333333
1428,17,639,1523.6,1.0,5.0,9.833333333333332,0.0,0.0,0.0,0.0,0.0,0.0,3.0,8.0,16.583333333333336,0.0,0.0,0.0,1.0,117.0,117.0,1.0,5.0,12.0,0.0,0.0,0.0,0.0,0.0,0.0,1.0,5.0,2.4166666666666665,0.0,0.0,0.0,4.0,282.0,527.9833333333333,0.0,0.0,0.0,0.0,0.0,0.0,1.0,53.0,337.43333333333334,0.0,0.0,0.0,2.0,28.0,127.6,3.0,136.0,372.75
1429,18,304,511.1166666666667,4.0,16.0,36.06666666666666,1.0,13.0,57.63333333333334,0.0,0.0,0.0,0.0,0.0,0.0,2.0,22.0,39.53333333333333,0.0,0.0,0.0,4.0,14.0,52.2,0.0,0.0,0.0,1.0,70.0,12.833333333333332,1.0,1.0,1.8333333333333333,1.0,9.0,2.55,1.0,92.0,61.33333333333333,0.0,0.0,0.0,1.0,21.0,130.20000000000002,1.0,40.0,83.33333333333334,0.0,0.0,0.0,1.0,6.0,33.599999999999994,0.0,0.0,0.0
1430,16,392,1727.9,4.0,21.0,30.783333333333335,3.0,37.0,154.93333333333334,0.0,0.0,0.0,3.0,11.0,28.233333333333334,0.0,0.0,0.0,0.0,0.0,0.0,0.0,0.0,0.0,0.0,0.0,0.0,0.0,0.0,0.0,0.0,0.0,0.0,1.0,22.0,120.26666666666667,2.0,131.0,556.8333333333333,0.0,0.0,0.0,0.0,0.0,0.0,2.0,148.0,703.3833333333334,0.0,0.0,0.0,1.0,22.0,133.46666666666667,0.0,0.0,0.0
1431,19,589,2224.583333333333,1.0,7.0,7.466666666666667,0.0,0.0,0.0,1.0,32.0,43.733333333333334,6.0,35.0,103.41666666666667,2.0,23.0,64.85,0.0,0.0,0.0,0.0,0.0,0.0,0.0,0.0,0.0,0.0,0.0,0.0,0.0,0.0,0.0,0.0,0.0,0.0,3.0,301.0,1084.2666666666667,1.0,4.0,25.733333333333334,1.0,5.0,19.333333333333332,1.0,108.0,437.4,1.0,4.0,16.266666666666666,1.0,13.0,78.21666666666667,1.0,57.0,343.9
1432,17,552,2227.883333333333,0.0,0.0,0.0,1.0,17.0,46.46666666666667,0.0,0.0,0.0,3.0,16.0,51.4,0.0,0.0,0.0,0.0,0.0,0.0,4.0,20.0,83.85,0.0,0.0,0.0,0.0,0.0,0.0,0.0,0.0,0.0,1.0,7.0,10.383333333333333,1.0,103.0,587.1,0.0,0.0,0.0,2.0,28.0,54.4,2.0,238.0,782.6333333333333,1.0,3.0,4.3999999999999995,1.0,21.0,18.2,1.0,99.0,589.0500000000001
1433,21,749,2975.4333333333334,1.0,6.0,1.2000000000000002,1.0,15.0,66.75,1.0,38.0,19.633333333333336,1.0,6.0,39.599999999999994,1.0,5.0,29.666666666666668,0.0,0.0,0.0,2.0,7.0,32.400000000000006,2.0,17.0,18.533333333333335,0.0,0.0,0.0,0.0,0.0,0.0,1.0,9.0,39.3,6.0,406.0,1916.9666666666667,0.0,0.0,0.0,0.0,0.0,0.0,1.0,37.0,96.2,1.0,1.0,1.1833333333333333,1.0,22.0,54.266666666666666,2.0,180.0,659.7333333333333
1434,17,233,975.1,4.0,16.0,51.7,2.0,37.0,225.31666666666666,1.0,30.0,185.5,2.0,2.0,8.35,1.0,7.0,45.15,0.0,0.0,0.0,2.0,8.0,43.766666666666666,1.0,16.0,102.4,0.0,0.0,0.0,0.0,0.0,0.0,2.0,30.0,49.56666666666667,1.0,80.0,256.0,1.0,7.0,7.3500000000000005,0.0,0.0,0.0,0.0,0.0,0.0,0.0,0.0,0.0,0.0,0.0,0.0,0.0,0.0,0.0
1435,11,275,915.5166666666667,2.0,11.0,64.93333333333334,2.0,24.0,127.08333333333333,0.0,0.0,0.0,2.0,5.0,27.2,1.0,16.0,17.066666666666666,0.0,0.0,0.0,1.0,1.0,3.55,0.0,0.0,0.0,0.0,0.0,0.0,0.0,0.0,0.0,1.0,12.0,71.4,1.0,91.0,230.53333333333333,0.0,0.0,0.0,0.0,0.0,0.0,1.0,115.0,373.75,0.0,0.0,0.0,0.0,0.0,0.0,0.0,0.0,0.0
1436,16,612,2118.133333333333,2.0,3.0,11.683333333333334,3.0,24.0,112.16666666666666,0.0,0.0,0.0,1.0,5.0,20.416666666666664,0.0,0.0,0.0,0.0,0.0,0.0,1.0,7.0,42.81666666666666,2.0,33.0,176.85000000000002,1.0,29.0,174.96666666666667,0.0,0.0,0.0,0.0,0.0,0.0,1.0,118.0,184.86666666666667,0.0,0.0,0.0,0.0,0.0,0.0,2.0,178.0,855.1333333333333,0.0,0.0,0.0,0.0,0.0,0.0,3.0,215.0,539.2333333333333
1437,18,407,1373.0666666666666,2.0,11.0,15.0,1.0,20.0,122.33333333333333,0.0,0.0,0.0,1.0,4.0,10.0,4.0,64.0,214.93333333333334,0.0,0.0,0.0,2.0,8.0,44.71666666666667,1.0,18.0,12.6,0.0,0.0,0.0,0.0,0.0,0.0,3.0,45.0,164.56666666666666,0.0,0.0,0.0,0.0,0.0,0.0,1.0,5.0,29.0,2.0,132.0,293.25,0.0,0.0,0.0,0.0,0.0,0.0,1.0,100.0,466.6666666666667
1438,20,568,1941.2166666666667,5.0,15.0,60.733333333333334,3.0,41.0,198.0,0.0,0.0,0.0,2.0,11.0,31.15,0.0,0.0,0.0,0.0,0.0,0.0,3.0,11.0,19.966666666666665,0.0,0.0,0.0,1.0,101.0,557.1833333333333,0.0,0.0,0.0,0.0,0.0,0.0,3.0,220.0,267.2,0.0,0.0,0.0,0.0,0.0,0.0,2.0,101.0,359.31666666666666,0.0,0.0,0.0,0.0,0.0,0.0,1.0,68.0,447.66666666666663
1439,17,503,2012.7666666666667,5.0,19.0,80.06666666666666,1.0,10.0,16.833333333333332,0.0,0.0,0.0,1.0,5.0,19.083333333333336,0.0,0.0,0.0,0.0,0.0,0.0,2.0,5.0,15.35,2.0,34.0,128.76666666666665,0.0,0.0,0.0,0.0,0.0,0.0,0.0,0.0,0.0,1.0,55.0,220.91666666666666,0.0,0.0,0.0,1.0,19.0,13.616666666666667,3.0,283.0,1430.5333333333333,0.0,0.0,0.0,0.0,0.0,0.0,1.0,73.0,87.6
1440,19,542,2204.133333333333,4.0,11.0,32.21666666666667,0.0,0.0,0.0,0.0,0.0,0.0,2.0,8.0,37.0,1.0,9.0,44.25,0.0,0.0,0.0,1.0,4.0,1.9333333333333333,1.0,23.0,144.9,1.0,107.0,693.7166666666667,0.0,0.0,0.0,1.0,6.0,22.5,2.0,149.0,376.75,0.0,0.0,0.0,0.0,0.0,0.0,2.0,158.0,619.3,0.0,0.0,0.0,2.0,28.0,60.666666666666664,2.0,39.0,170.9
1441,19,587,2314.633333333333,2.0,9.0,29.833333333333332,3.0,46.0,136.58333333333331,1.0,70.0,200.66666666666666,1.0,4.0,25.466666666666665,3.0,57.0,265.8,0.0,0.0,0.0,0.0,0.0,0.0,2.0,39.0,152.2166666666667,0.0,0.0,0.0,0.0,0.0,0.0,3.0,44.0,105.53333333333333,1.0,112.0,720.5333333333333,1.0,6.0,13.0,0.0,0.0,0.0,2.0,200.0,665.0,0.0,0.0,0.0,0.0,0.0,0.0,0.0,0.0,0.0
1442,14,501,2390.1833333333334,0.0,0.0,0.0,1.0,18.0,23.400000000000002,1.0,95.0,506.66666666666663,0.0,0.0,0.0,2.0,14.0,54.2,0.0,0.0,0.0,1.0,7.0,19.016666666666666,0.0,0.0,0.0,0.0,0.0,0.0,0.0,0.0,0.0,2.0,23.0,57.53333333333333,2.0,160.0,873.3333333333334,1.0,1.0,5.483333333333333,1.0,9.0,28.950000000000003,0.0,0.0,0.0,0.0,0.0,0.0,0.0,0.0,0.0,3.0,174.0,821.6
1443,17,646,2321.4666666666667,1.0,4.0,17.133333333333333,2.0,13.0,43.71666666666666,0.0,0.0,0.0,0.0,0.0,0.0,0.0,0.0,0.0,0.0,0.0,0.0,2.0,10.0,38.166666666666664,4.0,60.0,277.2833333333333,1.0,36.0,203.4,0.0,0.0,0.0,0.0,0.0,0.0,4.0,365.0,1311.7333333333333,1.0,7.0,31.266666666666666,0.0,0.0,0.0,2.0,151.0,398.76666666666665,0.0,0.0,0.0,0.0,0.0,0.0,0.0,0.0,0.0
1444,27,756,2218.55,1.0,7.0,8.4,0.0,0.0,0.0,0.0,0.0,0.0,2.0,12.0,23.366666666666667,3.0,46.0,150.95,0.0,0.0,0.0,4.0,15.0,69.91666666666667,4.0,56.0,189.83333333333334,0.0,0.0,0.0,0.0,0.0,0.0,0.0,0.0,0.0,4.0,271.0,895.5333333333333,0.0,0.0,0.0,2.0,21.0,39.9,3.0,90.0,288.2,2.0,9.0,35.03333333333333,0.0,0.0,0.0,2.0,229.0,517.4166666666667
1445,18,906,2520.5333333333333,2.0,8.0,40.93333333333334,0.0,0.0,0.0,1.0,118.0,515.2666666666667,2.0,7.0,34.38333333333333,1.0,15.0,58.0,1.0,102.0,66.3,0.0,0.0,0.0,1.0,8.0,11.066666666666666,0.0,0.0,0.0,0.0,0.0,0.0,0.0,0.0,0.0,4.0,230.0,993.9666666666667,0.0,0.0,0.0,1.0,4.0,0.6666666666666666,2.0,158.0,437.3833333333333,0.0,0.0,0.0,0.0,0.0,0.0,3.0,256.0,362.56666666666666
1446,23,523,1448.8,5.0,26.0,113.83333333333334,3.0,36.0,121.88333333333333,0.0,0.0,0.0,1.0,4.0,14.4,2.0,27.0,112.91666666666667,0.0,0.0,0.0,2.0,5.0,6.866666666666667,1.0,7.0,1.1666666666666665,0.0,0.0,0.0,0.0,0.0,0.0,2.0,26.0,135.23333333333335,3.0,222.0,534.25,0.0,0.0,0.0,1.0,5.0,32.0,3.0,165.0,376.25,0.0,0.0,0.0,0.0,0.0,0.0,0.0,0.0,0.0
1447,12,165,518.9833333333333,4.0,18.0,75.08333333333333,1.0,23.0,34.5,0.0,0.0,0.0,2.0,5.0,33.13333333333333,0.0,0.0,0.0,0.0,0.0,0.0,1.0,3.0,1.75,2.0,21.0,51.8,0.0,0.0,0.0,0.0,0.0,0.0,0.0,0.0,0.0,1.0,73.0,256.71666666666664,0.0,0.0,0.0,0.0,0.0,0.0,0.0,0.0,0.0,0.0,0.0,0.0,1.0,22.0,66.0,0.0,0.0,0.0
1448,16,336,1368.1166666666668,4.0,18.0,72.98333333333333,1.0,15.0,23.75,0.0,0.0,0.0,0.0,0.0,0.0,1.0,9.0,39.0,0.0,0.0,0.0,0.0,0.0,0.0,2.0,25.0,83.4,0.0,0.0,0.0,0.0,0.0,0.0,0.0,0.0,0.0,3.0,165.0,754.1,0.0,0.0,0.0,3.0,39.0,174.63333333333333,0.0,0.0,0.0,0.0,0.0,0.0,1.0,5.0,28.25,1.0,60.0,192.0
1449,29,916,3651.6666666666665,4.0,21.0,57.400000000000006,0.0,0.0,0.0,0.0,0.0,0.0,4.0,18.0,66.28333333333333,1.0,17.0,88.96666666666667,1.0,43.0,184.18333333333334,1.0,6.0,7.0,4.0,68.0,311.93333333333334,1.0,87.0,404.55,0.0,0.0,0.0,3.0,43.0,143.41666666666666,5.0,246.0,955.2,0.0,0.0,0.0,0.0,0.0,0.0,4.0,287.0,1238.0666666666666,0.0,0.0,0.0,0.0,0.0,0.0,1.0,80.0,194.66666666666666
1450,14,491,1685.55,2.0,5.0,14.649999999999999,1.0,11.0,47.3,2.0,105.0,543.55,2.0,6.0,30.06666666666667,1.0,8.0,11.733333333333333,0.0,0.0,0.0,1.0,4.0,15.866666666666667,0.0,0.0,0.0,2.0,157.0,301.76666666666665,0.0,0.0,0.0,1.0,12.0,65.4,1.0,70.0,126.0,0.0,0.0,0.0,0.0,0.0,0.0,0.0,0.0,0.0,0.0,0.0,0.0,0.0,0.0,0.0,1.0,113.0,529.2166666666667
1451,15,375,1335.45,0.0,0.0,0.0,0.0,0.0,0.0,0.0,0.0,0.0,1.0,3.0,15.65,2.0,36.0,131.0,0.0,0.0,0.0,2.0,9.0,22.283333333333335,0.0,0.0,0.0,0.0,0.0,0.0,1.0,5.0,20.333333333333332,1.0,17.0,107.66666666666666,2.0,93.0,312.31666666666666,0.0,0.0,0.0,2.0,38.0,20.93333333333333,1.0,104.0,513.0666666666667,0.0,0.0,0.0,1.0,12.0,13.6,2.0,58.0,178.60000000000002
1452,20,533,2111.7666666666664,2.0,11.0,48.599999999999994,2.0,46.0,100.81666666666666,1.0,93.0,513.05,4.0,11.0,29.266666666666666,1.0,11.0,40.516666666666666,1.0,31.0,194.26666666666665,0.0,0.0,0.0,0.0,0.0,0.0,0.0,0.0,0.0,0.0,0.0,0.0,3.0,42.0,203.65,3.0,249.0,897.0,0.0,0.0,0.0,1.0,18.0,23.7,0.0,0.0,0.0,0.0,0.0,0.0,2.0,21.0,60.900000000000006,0.0,0.0,0.0
1453,22,411,829.3333333333333,2.0,6.0,18.55,3.0,32.0,147.48333333333335,0.0,0.0,0.0,2.0,8.0,37.0,3.0,41.0,189.1,0.0,0.0,0.0,4.0,12.0,43.0,0.0,0.0,0.0,0.0,0.0,0.0,0.0,0.0,0.0,0.0,0.0,0.0,2.0,159.0,134.60000000000002,0.0,0.0,0.0,2.0,30.0,52.83333333333333,1.0,63.0,107.1,0.0,0.0,0.0,2.0,24.0,75.06666666666666,1.0,36.0,24.6
1454,21,718,3042.1,0.0,0.0,0.0,2.0,19.0,63.78333333333333,0.0,0.0,0.0,4.0,17.0,32.53333333333333,2.0,12.0,43.900000000000006,0.0,0.0,0.0,0.0,0.0,0.0,0.0,0.0,0.0,0.0,0.0,0.0,0.0,0.0,0.0,1.0,20.0,16.0,3.0,249.0,1158.1833333333334,2.0,6.0,34.55,3.0,18.0,62.5,2.0,239.0,1196.1833333333334,0.0,0.0,0.0,0.0,0.0,0.0,2.0,138.0,434.46666666666664
1455,18,356,1344.9833333333333,0.0,0.0,0.0,2.0,11.0,39.03333333333333,1.0,22.0,50.96666666666667,5.0,23.0,66.68333333333334,3.0,53.0,26.583333333333332,1.0,96.0,350.4,1.0,1.0,5.216666666666667,1.0,15.0,95.25,0.0,0.0,0.0,1.0,6.0,32.5,1.0,6.0,2.9,1.0,69.0,382.95,0.0,0.0,0.0,0.0,0.0,0.0,1.0,54.0,292.5,0.0,0.0,0.0,0.0,0.0,0.0,0.0,0.0,0.0
1456,20,556,1848.9166666666667,3.0,13.0,41.18333333333333,4.0,32.0,120.5,0.0,0.0,0.0,0.0,0.0,0.0,1.0,10.0,50.5,0.0,0.0,0.0,1.0,3.0,17.05,1.0,23.0,23.76666666666667,0.0,0.0,0.0,0.0,0.0,0.0,1.0,8.0,3.7333333333333334,3.0,217.0,978.1666666666667,0.0,0.0,0.0,0.0,0.0,0.0,3.0,98.0,237.86666666666665,0.0,0.0,0.0,1.0,12.0,56.2,2.0,140.0,319.95
1457,22,743,2815.0,3.0,12.0,32.61666666666667,0.0,0.0,0.0,0.0,0.0,0.0,2.0,9.0,30.583333333333336,1.0,18.0,103.8,0.0,0.0,0.0,4.0,15.0,62.0,2.0,23.0,111.36666666666667,1.0,106.0,512.3333333333333,0.0,0.0,0.0,2.0,25.0,126.63333333333334,4.0,337.0,795.4166666666666,0.0,0.0,0.0,0.0,0.0,0.0,2.0,179.0,1032.0166666666667,0.0,0.0,0.0,1.0,19.0,8.233333333333334,0.0,0.0,0.0
1458,22,764,2009.1166666666668,2.0,7.0,35.71666666666667,2.0,37.0,110.9,1.0,98.0,625.5666666666667,2.0,9.0,39.75,0.0,0.0,0.0,2.0,226.0,482.4,5.0,23.0,125.41666666666666,2.0,30.0,79.36666666666667,0.0,0.0,0.0,0.0,0.0,0.0,0.0,0.0,0.0,0.0,0.0,0.0,0.0,0.0,0.0,2.0,32.0,88.23333333333332,2.0,191.0,91.51666666666667,1.0,6.0,31.0,0.0,0.0,0.0,1.0,105.0,299.25
1459,22,258,1011.1333333333333,4.0,18.0,48.93333333333334,3.0,24.0,142.25,0.0,0.0,0.0,4.0,11.0,28.183333333333337,3.0,43.0,222.2166666666667,0.0,0.0,0.0,3.0,13.0,43.7,0.0,0.0,0.0,0.0,0.0,0.0,1.0,6.0,25.799999999999997,0.0,0.0,0.0,1.0,106.0,282.66666666666663,0.0,0.0,0.0,3.0,37.0,217.38333333333333,0.0,0.0,0.0,0.0,0.0,0.0,0.0,0.0,0.0,0.0,0.0,0.0
1460,23,481,1540.8333333333335,2.0,8.0,18.666666666666664,1.0,13.0,39.21666666666667,1.0,79.0,334.43333333333334,1.0,7.0,28.233333333333334,4.0,52.0,180.13333333333333,1.0,80.0,200.0,2.0,9.0,12.4,1.0,8.0,5.6,0.0,0.0,0.0,0.0,0.0,0.0,2.0,15.0,25.083333333333336,1.0,43.0,126.85000000000001,0.0,0.0,0.0,3.0,25.0,39.016666666666666,1.0,66.0,189.2,0.0,0.0,0.0,2.0,30.0,165.66666666666666,1.0,46.0,176.33333333333334
1461,16,389,1524.7333333333333,3.0,8.0,44.15,0.0,0.0,0.0,0.0,0.0,0.0,0.0,0.0,0.0,2.0,16.0,82.21666666666667,0.0,0.0,0.0,2.0,5.0,17.333333333333336,1.0,12.0,19.6,1.0,102.0,219.29999999999998,0.0,0.0,0.0,1.0,9.0,28.05,0.0,0.0,0.0,0.0,0.0,0.0,0.0,0.0,0.0,2.0,144.0,747.4333333333333,0.0,0.0,0.0,1.0,23.0,34.5,3.0,70.0,332.15
1462,19,710,1057.1333333333334,1.0,1.0,3.9,2.0,38.0,33.2,1.0,122.0,32.53333333333333,2.0,5.0,21.383333333333333,1.0,20.0,62.333333333333336,0.0,0.0,0.0,1.0,6.0,26.9,1.0,22.0,71.5,0.0,0.0,0.0,0.0,0.0,0.0,2.0,43.0,56.199999999999996,1.0,42.0,35.0,0.0,0.0,0.0,0.0,0.0,0.0,1.0,51.0,160.65,2.0,5.0,14.333333333333334,1.0,8.0,50.13333333333333,3.0,347.0,489.06666666666666
1463,16,890,3272.016666666667,0.0,0.0,0.0,2.0,37.0,142.23333333333332,2.0,223.0,670.2833333333333,0.0,0.0,0.0,0.0,0.0,0.0,0.0,0.0,0.0,1.0,2.0,12.466666666666667,2.0,28.0,86.83333333333334,2.0,96.0,177.73333333333335,1.0,5.0,13.25,0.0,0.0,0.0,2.0,204.0,1217.8666666666668,0.0,0.0,0.0,0.0,0.0,0.0,1.0,85.0,374.00000000000006,0.0,0.0,0.0,0.0,0.0,0.0,3.0,210.0,577.35
1464,19,571,1402.1833333333334,3.0,14.0,48.83333333333333,1.0,16.0,84.8,0.0,0.0,0.0,1.0,1.0,1.9833333333333334,2.0,31.0,141.88333333333333,2.0,139.0,185.25,0.0,0.0,0.0,1.0,20.0,22.0,0.0,0.0,0.0,0.0,0.0,0.0,1.0,7.0,10.616666666666667,3.0,229.0,551.5833333333334,1.0,5.0,16.583333333333336,1.0,7.0,44.449999999999996,1.0,21.0,97.65,0.0,0.0,0.0,0.0,0.0,0.0,2.0,81.0,196.55
1465,20,423,1397.5666666666666,3.0,17.0,37.53333333333333,1.0,11.0,19.433333333333334,0.0,0.0,0.0,6.0,29.0,125.4,2.0,34.0,116.36666666666667,0.0,0.0,0.0,1.0,4.0,23.333333333333332,1.0,7.0,26.95,0.0,0.0,0.0,0.0,0.0,0.0,0.0,0.0,0.0,0.0,0.0,0.0,0.0,0.0,0.0,1.0,5.0,30.916666666666668,3.0,190.0,867.7,0.0,0.0,0.0,1.0,8.0,28.0,1.0,118.0,121.93333333333335
1466,27,703,2016.0,2.0,5.0,9.333333333333332,2.0,43.0,179.98333333333332,0.0,0.0,0.0,5.0,13.0,37.86666666666667,3.0,48.0,202.45000000000002,1.0,108.0,361.8,0.0,0.0,0.0,1.0,15.0,36.5,1.0,86.0,67.36666666666666,0.0,0.0,0.0,3.0,37.0,110.2,2.0,140.0,130.66666666666666,2.0,5.0,6.733333333333333,0.0,0.0,0.0,1.0,98.0,493.26666666666665,0.0,0.0,0.0,3.0,28.0,74.4,1.0,77.0,305.43333333333334
1467,22,909,2952.9333333333334,2.0,6.0,11.8,0.0,0.0,0.0,1.0,87.0,455.3,3.0,18.0,72.3,1.0,20.0,96.0,0.0,0.0,0.0,0.0,0.0,0.0,0.0,0.0,0.0,1.0,46.0,115.0,0.0,0.0,0.0,2.0,33.0,57.6,7.0,521.0,1697.1333333333332,0.0,0.0,0.0,1.0,5.0,19.416666666666668,1.0,80.0,181.33333333333331,1.0,3.0,1.5500000000000003,1.0,8.0,20.0,1.0,82.0,225.5
1468,19,911,2524.0833333333335,2.0,9.0,16.933333333333334,2.0,21.0,110.43333333333334,1.0,105.0,189.0,0.0,0.0,0.0,1.0,9.0,6.9,1.0,99.0,117.15,0.0,0.0,0.0,0.0,0.0,0.0,0.0,0.0,0.0,1.0,3.0,8.35,0.0,0.0,0.0,5.0,377.0,1033.7666666666667,0.0,0.0,0.0,2.0,34.0,94.41666666666667,3.0,232.0,883.7,0.0,0.0,0.0,1.0,22.0,63.43333333333333,0.0,0.0,0.0
1469,24,667,2479.75,3.0,14.0,43.666666666666664,0.0,0.0,0.0,0.0,0.0,0.0,4.0,14.0,46.83333333333333,2.0,31.0,185.73333333333335,0.0,0.0,0.0,2.0,13.0,66.25,1.0,15.0,16.5,0.0,0.0,0.0,0.0,0.0,0.0,2.0,36.0,145.75,3.0,241.0,955.4666666666667,1.0,3.0,8.399999999999999,0.0,0.0,0.0,2.0,117.0,472.49999999999994,0.0,0.0,0.0,2.0,11.0,54.849999999999994,2.0,172.0,483.79999999999995
1470,19,724,2116.75,3.0,9.0,21.266666666666666,0.0,0.0,0.0,1.0,81.0,364.5,1.0,5.0,3.25,0.0,0.0,0.0,1.0,64.0,128.0,2.0,8.0,37.96666666666667,0.0,0.0,0.0,0.0,0.0,0.0,0.0,0.0,0.0,2.0,40.0,134.26666666666668,2.0,133.0,199.26666666666665,0.0,0.0,0.0,1.0,23.0,102.73333333333333,3.0,211.0,898.7666666666667,1.0,4.0,2.066666666666667,0.0,0.0,0.0,2.0,146.0,224.66666666666666
1471,18,610,2674.0166666666664,3.0,17.0,35.0,1.0,21.0,4.9,0.0,0.0,0.0,1.0,5.0,24.583333333333336,2.0,25.0,88.75,0.0,0.0,0.0,1.0,4.0,13.333333333333334,2.0,34.0,122.43333333333334,0.0,0.0,0.0,0.0,0.0,0.0,0.0,0.0,0.0,1.0,56.0,291.2,0.0,0.0,0.0,1.0,8.0,19.466666666666665,3.0,195.0,949.2166666666667,0.0,0.0,0.0,0.0,0.0,0.0,3.0,245.0,1125.1333333333332
1472,26,706,1887.9333333333334,4.0,16.0,88.86666666666666,1.0,10.0,4.333333333333334,0.0,0.0,0.0,4.0,19.0,78.95,1.0,9.0,43.199999999999996,0.0,0.0,0.0,0.0,0.0,0.0,1.0,10.0,35.66666666666667,0.0,0.0,0.0,0.0,0.0,0.0,2.0,44.0,82.25,4.0,242.0,706.7,0.0,0.0,0.0,3.0,44.0,134.8,2.0,180.0,178.8,0.0,0.0,0.0,2.0,21.0,114.15,2.0,111.0,420.21666666666664
1473,16,643,1876.3833333333332,3.0,11.0,19.78333333333333,1.0,23.0,72.83333333333333,1.0,25.0,20.416666666666668,0.0,0.0,0.0,1.0,13.0,29.033333333333335,1.0,28.0,178.26666666666665,0.0,0.0,0.0,1.0,17.0,56.66666666666667,0.0,0.0,0.0,1.0,1.0,1.7166666666666666,1.0,13.0,25.349999999999998,1.0,123.0,342.34999999999997,0.0,0.0,0.0,0.0,0.0,0.0,4.0,379.0,1109.4666666666667,0.0,0.0,0.0,1.0,10.0,20.5,0.0,0.0,0.0
1474,25,777,2804.5833333333335,1.0,1.0,4.85,1.0,5.0,30.5,1.0,105.0,567.0,2.0,13.0,50.85,0.0,0.0,0.0,0.0,0.0,0.0,4.0,22.0,55.6,0.0,0.0,0.0,0.0,0.0,0.0,2.0,9.0,20.016666666666666,4.0,50.0,155.11666666666667,3.0,217.0,893.6999999999999,1.0,6.0,26.400000000000002,0.0,0.0,0.0,0.0,0.0,0.0,0.0,0.0,0.0,3.0,55.0,160.5,3.0,294.0,840.05
1475,24,462,1446.8833333333332,3.0,10.0,39.083333333333336,2.0,34.0,87.54999999999998,0.0,0.0,0.0,2.0,10.0,16.583333333333332,2.0,11.0,32.7,0.0,0.0,0.0,2.0,6.0,8.166666666666668,2.0,23.0,76.9,0.0,0.0,0.0,1.0,6.0,34.2,2.0,18.0,46.3,7.0,267.0,1011.7166666666667,0.0,0.0,0.0,0.0,0.0,0.0,1.0,77.0,93.68333333333332,0.0,0.0,0.0,0.0,0.0,0.0,0.0,0.0,0.0
1476,35,738,3046.2999999999997,9.0,39.0,127.71666666666667,0.0,0.0,0.0,0.0,0.0,0.0,1.0,4.0,21.533333333333335,3.0,57.0,240.25,0.0,0.0,0.0,5.0,26.0,97.30000000000001,2.0,42.0,176.10000000000002,1.0,95.0,372.0833333333333,0.0,0.0,0.0,2.0,25.0,137.76666666666665,2.0,141.0,654.2166666666666,1.0,1.0,6.166666666666667,4.0,56.0,157.31666666666666,2.0,183.0,875.2166666666667,0.0,0.0,0.0,2.0,29.0,140.63333333333333,1.0,40.0,40.0
1477,29,678,2869.883333333333,7.0,26.0,85.53333333333333,5.0,51.0,146.05,0.0,0.0,0.0,2.0,4.0,13.233333333333333,0.0,0.0,0.0,1.0,120.0,772.0,1.0,3.0,6.5,1.0,5.0,8.833333333333332,1.0,18.0,9.9,0.0,0.0,0.0,2.0,29.0,140.6,6.0,293.0,1221.7666666666667,0.0,0.0,0.0,1.0,13.0,42.46666666666667,2.0,116.0,423.0,0.0,0.0,0.0,0.0,0.0,0.0,0.0,0.0,0.0
1478,12,268,1355.35,3.0,9.0,23.233333333333334,0.0,0.0,0.0,0.0,0.0,0.0,3.0,16.0,81.38333333333334,0.0,0.0,0.0,0.0,0.0,0.0,1.0,4.0,9.4,1.0,5.0,18.833333333333332,0.0,0.0,0.0,0.0,0.0,0.0,1.0,13.0,84.28333333333333,0.0,0.0,0.0,0.0,0.0,0.0,1.0,20.0,94.66666666666667,1.0,87.0,439.34999999999997,0.0,0.0,0.0,0.0,0.0,0.0,1.0,114.0,604.1999999999999
1479,20,517,1074.6833333333334,3.0,4.0,15.816666666666666,1.0,19.0,39.26666666666667,1.0,93.0,280.55,3.0,12.0,15.5,0.0,0.0,0.0,0.0,0.0,0.0,3.0,19.0,95.51666666666667,1.0,21.0,130.20000000000002,0.0,0.0,0.0,0.0,0.0,0.0,0.0,0.0,0.0,3.0,144.0,165.73333333333335,0.0,0.0,0.0,2.0,15.0,44.18333333333334,2.0,161.0,241.51666666666665,0.0,0.0,0.0,0.0,0.0,0.0,1.0,29.0,46.400000000000006
1480,19,312,845.3833333333333,2.0,11.0,49.083333333333336,0.0,0.0,0.0,0.0,0.0,0.0,5.0,23.0,88.81666666666668,1.0,21.0,62.65,1.0,119.0,208.25,1.0,3.0,11.399999999999999,2.0,12.0,63.199999999999996,0.0,0.0,0.0,0.0,0.0,0.0,2.0,31.0,96.1,0.0,0.0,0.0,0.0,0.0,0.0,2.0,35.0,62.68333333333333,0.0,0.0,0.0,0.0,0.0,0.0,2.0,35.0,191.46666666666667,1.0,22.0,11.733333333333333
1481,24,761,2925.4333333333334,4.0,13.0,22.033333333333335,1.0,22.0,56.099999999999994,1.0,107.0,335.26666666666665,2.0,11.0,16.916666666666668,1.0,12.0,13.799999999999999,0.0,0.0,0.0,4.0,11.0,21.483333333333334,0.0,0.0,0.0,1.0,83.0,185.36666666666667,0.0,0.0,0.0,1.0,17.0,14.166666666666668,4.0,262.0,1396.5166666666667,1.0,5.0,22.25,1.0,5.0,13.75,0.0,0.0,0.0,0.0,0.0,0.0,1.0,16.0,95.2,2.0,197.0,732.5833333333333
1482,20,665,2505.3333333333335,2.0,8.0,40.75,1.0,10.0,64.83333333333333,1.0,37.0,117.78333333333333,0.0,0.0,0.0,0.0,0.0,0.0,0.0,0.0,0.0,2.0,12.0,14.283333333333335,3.0,47.0,234.25,0.0,0.0,0.0,0.0,0.0,0.0,2.0,24.0,41.7,2.0,198.0,926.2,0.0,0.0,0.0,1.0,23.0,131.1,0.0,0.0,0.0,0.0,0.0,0.0,1.0,7.0,19.71666666666667,5.0,299.0,914.7166666666667
1483,25,628,2227.5666666666666,1.0,4.0,19.933333333333334,1.0,11.0,32.08333333333333,1.0,58.0,232.96666666666667,2.0,8.0,23.03333333333333,4.0,42.0,196.53333333333336,0.0,0.0,0.0,2.0,6.0,28.833333333333336,3.0,42.0,103.45,0.0,0.0,0.0,0.0,0.0,0.0,2.0,28.0,164.96666666666667,5.0,295.0,967.1833333333334,0.0,0.0,0.0,1.0,11.0,17.05,1.0,85.0,376.83333333333337,0.0,0.0,0.0,1.0,6.0,7.1,1.0,32.0,57.6
1484,23,545,2293.2166666666667,2.0,10.0,58.71666666666667,3.0,34.0,119.43333333333334,0.0,0.0,0.0,2.0,5.0,18.783333333333335,1.0,20.0,40.0,0.0,0.0,0.0,3.0,17.0,42.483333333333334,2.0,23.0,82.63333333333333,0.0,0.0,0.0,1.0,2.0,6.7,0.0,0.0,0.0,3.0,220.0,1085.8166666666666,1.0,7.0,33.6,1.0,16.0,105.06666666666666,1.0,35.0,129.5,0.0,0.0,0.0,1.0,15.0,33.0,2.0,141.0,537.4833333333333
1485,19,299,950.5,1.0,7.0,19.133333333333333,2.0,21.0,66.1,0.0,0.0,0.0,6.0,9.0,41.05,0.0,0.0,0.0,0.0,0.0,0.0,2.0,6.0,22.549999999999997,1.0,19.0,101.96666666666665,1.0,38.0,116.53333333333335,0.0,0.0,0.0,1.0,8.0,18.133333333333333,3.0,140.0,410.0,0.0,0.0,0.0,0.0,0.0,0.0,2.0,51.0,155.03333333333333,0.0,0.0,0.0,0.0,0.0,0.0,0.0,0.0,0.0
1486,17,503,1798.5166666666667,4.0,19.0,63.733333333333334,1.0,11.0,64.16666666666666,0.0,0.0,0.0,4.0,17.0,66.71666666666667,0.0,0.0,0.0,0.0,0.0,0.0,0.0,0.0,0.0,0.0,0.0,0.0,2.0,193.0,718.9333333333334,0.0,0.0,0.0,2.0,25.0,109.1,0.0,0.0,0.0,0.0,0.0,0.0,0.0,0.0,0.0,1.0,62.0,111.60000000000001,1.0,4.0,22.066666666666666,0.0,0.0,0.0,2.0,172.0,642.2
1487,23,648,2159.8166666666666,3.0,12.0,38.0,1.0,20.0,13.666666666666668,1.0,36.0,217.79999999999998,1.0,4.0,24.733333333333334,4.0,51.0,237.18333333333334,0.0,0.0,0.0,2.0,8.0,18.666666666666668,2.0,32.0,60.08333333333333,0.0,0.0,0.0,0.0,0.0,0.0,1.0,13.0,6.066666666666666,1.0,85.0,342.8333333333333,0.0,0.0,0.0,1.0,9.0,35.550000000000004,3.0,235.0,655.2666666666667,1.0,4.0,4.6,1.0,12.0,27.0,1.0,127.0,478.3666666666667
1488,23,750,2194.4,3.0,10.0,55.266666666666666,1.0,14.0,63.93333333333333,1.0,45.0,34.5,0.0,0.0,0.0,2.0,15.0,35.86666666666667,0.0,0.0,0.0,2.0,4.0,21.716666666666665,0.0,0.0,0.0,1.0,27.0,76.05000000000001,1.0,5.0,1.6666666666666665,1.0,5.0,27.75,4.0,401.0,1247.3333333333333,0.0,0.0,0.0,3.0,52.0,178.58333333333334,0.0,0.0,0.0,0.0,0.0,0.0,1.0,9.0,31.95,3.0,163.0,419.78333333333336
1489,23,778,2842.55,5.0,14.0,67.39999999999999,0.0,0.0,0.0,0.0,0.0,0.0,1.0,3.0,17.85,2.0,31.0,71.08333333333333,0.0,0.0,0.0,0.0,0.0,0.0,0.0,0.0,0.0,0.0,0.0,0.0,0.0,0.0,0.0,2.0,14.0,25.5,6.0,537.0,2097.166666666667,1.0,6.0,16.3,2.0,33.0,112.8,2.0,61.0,160.73333333333335,0.0,0.0,0.0,1.0,19.0,68.71666666666667,1.0,60.0,205.0
1490,29,615,1794.35,4.0,19.0,80.3,5.0,68.0,215.5,0.0,0.0,0.0,1.0,7.0,2.916666666666667,3.0,63.0,128.8,1.0,73.0,167.89999999999998,2.0,4.0,11.466666666666667,1.0,23.0,55.199999999999996,1.0,32.0,181.86666666666667,0.0,0.0,0.0,2.0,13.0,48.06666666666666,1.0,19.0,111.14999999999999,0.0,0.0,0.0,0.0,0.0,0.0,3.0,231.0,550.8,1.0,6.0,16.7,4.0,57.0,223.6833333333333,0.0,0.0,0.0
1491,19,506,1187.7833333333333,2.0,14.0,8.633333333333333,1.0,19.0,68.08333333333334,0.0,0.0,0.0,2.0,9.0,51.15,3.0,39.0,175.95000000000002,0.0,0.0,0.0,3.0,9.0,9.966666666666667,1.0,15.0,34.25,0.0,0.0,0.0,0.0,0.0,0.0,0.0,0.0,0.0,1.0,61.0,234.85,0.0,0.0,0.0,1.0,17.0,105.68333333333334,3.0,229.0,274.4,0.0,0.0,0.0,0.0,0.0,0.0,2.0,94.0,224.81666666666666
1492,23,1036,3750.1833333333334,3.0,13.0,41.85,2.0,39.0,190.33333333333331,0.0,0.0,0.0,0.0,0.0,0.0,1.0,16.0,57.86666666666667,0.0,0.0,0.0,1.0,1.0,2.566666666666667,2.0,45.0,245.98333333333335,1.0,125.0,289.58333333333337,0.0,0.0,0.0,2.0,35.0,150.91666666666669,8.0,603.0,2182.5666666666666,0.0,0.0,0.0,1.0,10.0,57.0,0.0,0.0,0.0,0.0,0.0,0.0,0.0,0.0,0.0,2.0,149.0,531.5166666666667
1493,22,698,1896.75,3.0,17.0,58.41666666666667,2.0,24.0,100.48333333333333,0.0,0.0,0.0,1.0,2.0,12.1,2.0,25.0,44.71666666666667,0.0,0.0,0.0,1.0,3.0,5.3,3.0,33.0,98.15,0.0,0.0,0.0,1.0,2.0,0.7333333333333333,0.0,0.0,0.0,2.0,149.0,358.9666666666667,0.0,0.0,0.0,0.0,0.0,0.0,2.0,190.0,374.6333333333333,0.0,0.0,0.0,1.0,14.0,7.466666666666667,4.0,239.0,835.7833333333333
1494,16,328,758.5666666666666,2.0,8.0,26.633333333333333,1.0,10.0,52.666666666666664,0.0,0.0,0.0,1.0,2.0,9.366666666666667,2.0,22.0,97.96666666666665,0.0,0.0,0.0,2.0,12.0,45.9,1.0,9.0,40.65,0.0,0.0,0.0,0.0,0.0,0.0,2.0,34.0,132.26666666666668,1.0,83.0,19.366666666666667,0.0,0.0,0.0,0.0,0.0,0.0,2.0,122.0,251.36666666666667,0.0,0.0,0.0,1.0,9.0,29.4,1.0,17.0,52.983333333333334
1495,23,573,2083.6,3.0,16.0,60.3,2.0,39.0,76.68333333333334,0.0,0.0,0.0,1.0,2.0,8.733333333333333,4.0,48.0,110.8,0.0,0.0,0.0,4.0,15.0,34.400000000000006,0.0,0.0,0.0,0.0,0.0,0.0,0.0,0.0,0.0,0.0,0.0,0.0,3.0,253.0,1092.9833333333333,1.0,5.0,13.833333333333332,0.0,0.0,0.0,1.0,25.0,61.25000000000001,1.0,7.0,44.21666666666667,1.0,17.0,3.4000000000000004,2.0,146.0,577.0
1496,21,949,3293.9666666666667,3.0,6.0,24.96666666666667,1.0,12.0,55.199999999999996,1.0,53.0,236.73333333333335,1.0,2.0,12.833333333333334,2.0,25.0,149.03333333333333,0.0,0.0,0.0,1.0,5.0,15.25,1.0,16.0,10.933333333333334,1.0,56.0,35.46666666666667,0.0,0.0,0.0,0.0,0.0,0.0,3.0,178.0,859.0,0.0,0.0,0.0,1.0,7.0,38.85,4.0,431.0,1288.7333333333333,0.0,0.0,0.0,0.0,0.0,0.0,2.0,158.0,566.9666666666667
1497,18,859,2346.9,1.0,2.0,2.933333333333333,0.0,0.0,0.0,0.0,0.0,0.0,2.0,2.0,5.616666666666666,1.0,12.0,66.4,2.0,177.0,211.9,0.0,0.0,0.0,2.0,26.0,24.366666666666667,0.0,0.0,0.0,0.0,0.0,0.0,1.0,16.0,88.53333333333333,4.0,204.0,562.7666666666667,0.0,0.0,0.0,1.0,13.0,26.43333333333333,3.0,295.0,1012.6166666666666,0.0,0.0,0.0,0.0,0.0,0.0,1.0,112.0,345.33333333333337
1498,21,734,1948.1833333333334,1.0,1.0,1.7666666666666666,1.0,12.0,74.2,0.0,0.0,0.0,2.0,7.0,7.316666666666666,2.0,17.0,86.46666666666667,0.0,0.0,0.0,2.0,6.0,12.816666666666666,1.0,15.0,73.75,0.0,0.0,0.0,0.0,0.0,0.0,2.0,16.0,65.76666666666667,6.0,380.0,1236.0,0.0,0.0,0.0,1.0,14.0,24.03333333333333,1.0,117.0,132.6,0.0,0.0,0.0,1.0,23.0,92.76666666666667,1.0,126.0,140.70000000000002
1499,19,629,1861.8,2.0,13.0,33.733333333333334,2.0,25.0,129.93333333333334,0.0,0.0,0.0,3.0,17.0,42.38333333333333,1.0,14.0,14.933333333333334,0.0,0.0,0.0,3.0,21.0,123.78333333333333,1.0,20.0,53.0,2.0,167.0,460.3333333333333,0.0,0.0,0.0,0.0,0.0,0.0,1.0,116.0,564.5333333333333,0.0,0.0,0.0,0.0,0.0,0.0,3.0,146.0,382.1666666666667,0.0,0.0,0.0,0.0,0.0,0.0,1.0,90.0,57.0
1500,21,544,1824.0333333333333,2.0,13.0,50.31666666666667,1.0,12.0,46.0,0.0,0.0,0.0,2.0,5.0,21.35,2.0,27.0,10.8,0.0,0.0,0.0,1.0,3.0,10.0,0.0,0.0,0.0,0.0,0.0,0.0,0.0,0.0,0.0,2.0,22.0,98.76666666666665,2.0,142.0,153.5,0.0,0.0,0.0,2.0,38.0,168.56666666666666,3.0,229.0,1181.7,1.0,7.0,15.866666666666667,1.0,4.0,4.866666666666666,2.0,42.0,62.3
1501,14,312,866.55,5.0,25.0,120.4,0.0,0.0,0.0,0.0,0.0,0.0,1.0,2.0,6.533333333333333,0.0,0.0,0.0,0.0,0.0,0.0,1.0,1.0,4.1,1.0,19.0,27.55,1.0,76.0,140.6,0.0,0.0,0.0,1.0,19.0,55.416666666666664,1.0,16.0,76.26666666666667,0.0,0.0,0.0,1.0,9.0,18.75,0.0,0.0,0.0,0.0,0.0,0.0,0.0,0.0,0.0,2.0,145.0,416.9333333333333
1502,16,503,1810.4666666666667,0.0,0.0,0.0,1.0,5.0,30.833333333333336,0.0,0.0,0.0,0.0,0.0,0.0,2.0,36.0,135.1,0.0,0.0,0.0,1.0,2.0,12.666666666666666,0.0,0.0,0.0,0.0,0.0,0.0,0.0,0.0,0.0,2.0,27.0,153.81666666666666,2.0,67.0,200.89999999999998,0.0,0.0,0.0,2.0,41.0,74.85,1.0,31.0,171.53333333333333,0.0,0.0,0.0,1.0,18.0,14.7,4.0,276.0,1016.0666666666666
1503,18,568,2113.35,0.0,0.0,0.0,1.0,7.0,5.95,0.0,0.0,0.0,3.0,10.0,29.183333333333334,2.0,39.0,101.28333333333333,0.0,0.0,0.0,2.0,14.0,72.1,2.0,23.0,26.5,1.0,116.0,274.53333333333336,0.0,0.0,0.0,0.0,0.0,0.0,3.0,260.0,1193.9333333333334,1.0,7.0,32.66666666666667,1.0,10.0,64.66666666666667,1.0,78.0,286.0,0.0,0.0,0.0,1.0,4.0,26.533333333333335,0.0,0.0,0.0
1504,14,594,1963.966666666667,1.0,1.0,1.4166666666666667,1.0,7.0,42.93333333333334,0.0,0.0,0.0,2.0,4.0,9.233333333333334,0.0,0.0,0.0,1.0,107.0,499.33333333333337,1.0,6.0,21.2,0.0,0.0,0.0,0.0,0.0,0.0,0.0,0.0,0.0,0.0,0.0,0.0,2.0,236.0,563.55,1.0,2.0,1.3333333333333333,1.0,18.0,30.3,1.0,48.0,88.80000000000001,0.0,0.0,0.0,1.0,7.0,36.86666666666667,2.0,158.0,669.0000000000001
1505,22,593,1941.7333333333333,5.0,19.0,54.81666666666666,2.0,33.0,115.86666666666666,1.0,49.0,45.733333333333334,3.0,6.0,4.466666666666667,1.0,15.0,97.0,2.0,101.0,327.7666666666666,0.0,0.0,0.0,1.0,13.0,12.133333333333333,0.0,0.0,0.0,0.0,0.0,0.0,0.0,0.0,0.0,2.0,121.0,631.5333333333333,0.0,0.0,0.0,1.0,17.0,44.2,2.0,104.0,254.96666666666667,0.0,0.0,0.0,0.0,0.0,0.0,2.0,115.0,353.25
1506,18,398,1662.3999999999999,2.0,8.0,19.833333333333336,0.0,0.0,0.0,0.0,0.0,0.0,3.0,15.0,74.95,1.0,23.0,89.31666666666666,0.0,0.0,0.0,1.0,2.0,5.733333333333333,1.0,4.0,10.533333333333333,1.0,96.0,409.6,0.0,0.0,0.0,2.0,15.0,19.25,1.0,93.0,454.15000000000003,0.0,0.0,0.0,3.0,44.0,107.4,0.0,0.0,0.0,0.0,0.0,0.0,1.0,18.0,64.5,2.0,80.0,407.13333333333327
1507,26,826,2402.05,6.0,22.0,57.96666666666667,1.0,13.0,21.233333333333334,2.0,151.0,869.9333333333333,2.0,4.0,17.916666666666668,0.0,0.0,0.0,0.0,0.0,0.0,1.0,2.0,5.1,1.0,11.0,1.8333333333333333,0.0,0.0,0.0,0.0,0.0,0.0,3.0,33.0,98.55,6.0,409.0,853.3000000000001,1.0,7.0,7.700000000000001,0.0,0.0,0.0,1.0,71.0,55.61666666666667,0.0,0.0,0.0,0.0,0.0,0.0,2.0,103.0,412.90000000000003
1508,23,863,2444.65,2.0,3.0,11.316666666666666,2.0,16.0,21.683333333333334,0.0,0.0,0.0,2.0,12.0,15.966666666666665,2.0,28.0,156.08333333333331,0.0,0.0,0.0,2.0,12.0,43.11666666666667,1.0,9.0,36.15,0.0,0.0,0.0,0.0,0.0,0.0,1.0,15.0,67.75,3.0,335.0,1306.4166666666667,2.0,10.0,10.233333333333333,0.0,0.0,0.0,3.0,221.0,336.76666666666665,0.0,0.0,0.0,0.0,0.0,0.0,3.0,202.0,439.16666666666663
1509,25,719,2629.8,1.0,2.0,9.5,1.0,20.0,27.0,0.0,0.0,0.0,3.0,10.0,31.366666666666667,2.0,28.0,96.65,1.0,104.0,570.2666666666667,3.0,13.0,25.883333333333336,1.0,14.0,69.3,0.0,0.0,0.0,0.0,0.0,0.0,3.0,47.0,157.81666666666666,4.0,306.0,1227.2,1.0,5.0,27.583333333333332,2.0,35.0,154.75,2.0,112.0,184.95,0.0,0.0,0.0,1.0,23.0,47.53333333333334,0.0,0.0,0.0
1510,13,536,1451.45,0.0,0.0,0.0,1.0,6.0,22.7,0.0,0.0,0.0,1.0,1.0,6.433333333333334,1.0,12.0,45.4,0.0,0.0,0.0,1.0,4.0,1.8666666666666667,1.0,21.0,111.3,0.0,0.0,0.0,0.0,0.0,0.0,1.0,5.0,8.416666666666666,3.0,315.0,813.8000000000001,0.0,0.0,0.0,0.0,0.0,0.0,1.0,52.0,179.4,0.0,0.0,0.0,2.0,28.0,88.86666666666667,1.0,92.0,173.26666666666665
1511,25,1300,4705.966666666667,2.0,6.0,20.633333333333333,0.0,0.0,0.0,0.0,0.0,0.0,4.0,18.0,65.95,2.0,40.0,209.95000000000002,1.0,27.0,23.849999999999998,0.0,0.0,0.0,0.0,0.0,0.0,1.0,16.0,30.666666666666668,0.0,0.0,0.0,1.0,19.0,28.183333333333334,7.0,597.0,2318.7166666666667,0.0,0.0,0.0,0.0,0.0,0.0,4.0,370.0,1015.6666666666667,1.0,6.0,37.3,0.0,0.0,0.0,2.0,201.0,955.0500000000001
1512,18,822,2828.6666666666665,1.0,6.0,28.799999999999997,1.0,22.0,26.033333333333335,0.0,0.0,0.0,0.0,0.0,0.0,0.0,0.0,0.0,1.0,53.0,189.91666666666669,1.0,5.0,26.083333333333336,0.0,0.0,0.0,0.0,0.0,0.0,1.0,2.0,10.6,1.0,13.0,74.75,0.0,0.0,0.0,0.0,0.0,0.0,1.0,4.0,4.066666666666666,4.0,355.0,959.8666666666667,0.0,0.0,0.0,1.0,7.0,26.133333333333333,6.0,355.0,1482.4166666666665
1513,15,350,1426.3333333333333,6.0,21.0,50.93333333333334,1.0,9.0,28.349999999999998,1.0,105.0,679.0,0.0,0.0,0.0,1.0,4.0,8.666666666666666,0.0,0.0,0.0,0.0,0.0,0.0,1.0,10.0,43.833333333333336,0.0,0.0,0.0,0.0,0.0,0.0,1.0,6.0,29.099999999999998,1.0,65.0,229.66666666666666,0.0,0.0,0.0,1.0,5.0,17.083333333333332,0.0,0.0,0.0,0.0,0.0,0.0,0.0,0.0,0.0,2.0,125.0,339.70000000000005
1514,21,430,1141.6,4.0,19.0,16.166666666666664,1.0,6.0,18.400000000000002,0.0,0.0,0.0,2.0,8.0,16.333333333333336,1.0,8.0,20.133333333333333,0.0,0.0,0.0,2.0,3.0,8.05,2.0,34.0,195.28333333333333,0.0,0.0,0.0,0.0,0.0,0.0,3.0,32.0,47.766666666666666,4.0,302.0,771.9,0.0,0.0,0.0,2.0,18.0,47.56666666666667,0.0,0.0,0.0,0.0,0.0,0.0,0.0,0.0,0.0,0.0,0.0,0.0
1515,24,663,1886.6,6.0,22.0,111.41666666666667,0.0,0.0,0.0,0.0,0.0,0.0,2.0,9.0,28.449999999999996,1.0,12.0,50.2,1.0,85.0,313.0833333333333,1.0,7.0,28.349999999999998,0.0,0.0,0.0,0.0,0.0,0.0,0.0,0.0,0.0,1.0,18.0,61.199999999999996,3.0,160.0,229.75,2.0,9.0,39.06666666666666,1.0,4.0,17.533333333333335,2.0,182.0,381.1333333333333,0.0,0.0,0.0,2.0,24.0,89.0,2.0,131.0,537.4166666666666
1516,15,471,1926.5666666666666,2.0,9.0,31.1,1.0,22.0,59.03333333333333,0.0,0.0,0.0,2.0,5.0,11.25,1.0,16.0,33.333333333333336,0.0,0.0,0.0,1.0,1.0,2.8,0.0,0.0,0.0,0.0,0.0,0.0,0.0,0.0,0.0,0.0,0.0,0.0,2.0,155.0,611.5,1.0,6.0,16.5,1.0,9.0,47.1,1.0,95.0,169.41666666666669,0.0,0.0,0.0,1.0,17.0,107.66666666666666,2.0,136.0,836.8666666666667
1517,24,701,1575.8500000000001,3.0,12.0,42.83333333333333,1.0,14.0,79.8,1.0,63.0,11.549999999999999,2.0,12.0,52.96666666666667,1.0,18.0,97.2,0.0,0.0,0.0,6.0,26.0,128.75,0.0,0.0,0.0,1.0,96.0,457.6,0.0,0.0,0.0,2.0,21.0,86.08333333333334,2.0,158.0,352.0333333333333,0.0,0.0,0.0,1.0,13.0,50.266666666666666,2.0,162.0,164.2,0.0,0.0,0.0,1.0,10.0,6.166666666666667,1.0,96.0,46.4
1518,18,515,1287.95,3.0,7.0,21.566666666666666,0.0,0.0,0.0,0.0,0.0,0.0,2.0,7.0,18.6,1.0,20.0,17.0,1.0,75.0,226.25,2.0,8.0,19.7,0.0,0.0,0.0,1.0,80.0,69.33333333333334,0.0,0.0,0.0,0.0,0.0,0.0,4.0,137.0,526.6666666666667,1.0,5.0,8.75,1.0,19.0,118.11666666666667,1.0,112.0,203.46666666666667,0.0,0.0,0.0,0.0,0.0,0.0,1.0,45.0,58.5
1519,30,1029,3107.25,1.0,1.0,2.0,3.0,51.0,237.3,1.0,108.0,55.800000000000004,3.0,10.0,51.416666666666664,4.0,44.0,145.46666666666667,0.0,0.0,0.0,4.0,11.0,26.25,3.0,44.0,153.51666666666665,0.0,0.0,0.0,0.0,0.0,0.0,1.0,14.0,17.266666666666666,1.0,61.0,174.86666666666667,0.0,0.0,0.0,1.0,15.0,96.0,3.0,283.0,742.8166666666666,0.0,0.0,0.0,1.0,11.0,30.433333333333334,4.0,376.0,1374.1166666666666
1520,14,434,877.4833333333333,0.0,0.0,0.0,1.0,10.0,33.666666666666664,0.0,0.0,0.0,1.0,4.0,4.933333333333334,0.0,0.0,0.0,0.0,0.0,0.0,2.0,13.0,22.666666666666668,1.0,18.0,42.0,1.0,125.0,229.16666666666666,0.0,0.0,0.0,1.0,4.0,16.4,4.0,209.0,453.7,0.0,0.0,0.0,2.0,32.0,59.75,0.0,0.0,0.0,0.0,0.0,0.0,1.0,19.0,15.200000000000001,0.0,0.0,0.0
1521,19,414,1769.8,1.0,3.0,16.65,1.0,22.0,84.7,0.0,0.0,0.0,3.0,8.0,17.549999999999997,1.0,6.0,27.2,0.0,0.0,0.0,2.0,10.0,25.03333333333333,1.0,20.0,28.0,1.0,31.0,5.166666666666666,0.0,0.0,0.0,2.0,32.0,80.75,1.0,100.0,606.6666666666666,0.0,0.0,0.0,0.0,0.0,0.0,2.0,53.0,132.91666666666666,0.0,0.0,0.0,2.0,30.0,124.1,2.0,99.0,621.0666666666666
1522,19,864,2782.866666666667,3.0,10.0,44.93333333333333,0.0,0.0,0.0,1.0,23.0,37.949999999999996,0.0,0.0,0.0,2.0,26.0,139.53333333333333,0.0,0.0,0.0,1.0,2.0,6.633333333333334,0.0,0.0,0.0,1.0,28.0,92.39999999999999,1.0,6.0,38.8,2.0,22.0,87.66666666666667,2.0,236.0,674.6333333333333,0.0,0.0,0.0,0.0,0.0,0.0,3.0,276.0,804.2666666666667,0.0,0.0,0.0,1.0,8.0,32.4,2.0,227.0,823.65
1523,14,353,676.95,4.0,15.0,48.833333333333336,1.0,5.0,7.583333333333333,0.0,0.0,0.0,1.0,5.0,23.333333333333336,1.0,7.0,37.68333333333334,0.0,0.0,0.0,0.0,0.0,0.0,2.0,39.0,117.78333333333333,0.0,0.0,0.0,0.0,0.0,0.0,1.0,7.0,14.0,1.0,80.0,92.0,0.0,0.0,0.0,0.0,0.0,0.0,1.0,89.0,180.96666666666667,0.0,0.0,0.0,0.0,0.0,0.0,2.0,106.0,154.76666666666665
1524,20,696,1951.5166666666667,2.0,6.0,6.816666666666666,1.0,21.0,44.1,0.0,0.0,0.0,1.0,3.0,4.6000000000000005,1.0,14.0,42.699999999999996,0.0,0.0,0.0,1.0,6.0,26.099999999999998,1.0,22.0,111.83333333333333,1.0,59.0,317.6166666666667,0.0,0.0,0.0,1.0,6.0,1.2000000000000002,3.0,183.0,509.25,1.0,5.0,31.833333333333332,1.0,21.0,130.55,1.0,96.0,38.400000000000006,0.0,0.0,0.0,1.0,18.0,45.599999999999994,4.0,236.0,640.9166666666666
1525,18,276,1071.0,3.0,9.0,15.883333333333333,1.0,19.0,59.53333333333333,0.0,0.0,0.0,2.0,12.0,33.199999999999996,0.0,0.0,0.0,1.0,19.0,120.64999999999999,2.0,13.0,40.2,1.0,23.0,129.56666666666666,0.0,0.0,0.0,0.0,0.0,0.0,2.0,11.0,27.45,2.0,140.0,533.1666666666666,1.0,5.0,1.75,1.0,8.0,26.4,0.0,0.0,0.0,0.0,0.0,0.0,2.0,17.0,83.2,0.0,0.0,0.0
1526,15,586,1806.85,1.0,1.0,6.45,1.0,5.0,9.25,1.0,46.0,14.566666666666666,0.0,0.0,0.0,0.0,0.0,0.0,1.0,124.0,214.93333333333334,0.0,0.0,0.0,3.0,43.0,101.08333333333333,0.0,0.0,0.0,0.0,0.0,0.0,3.0,28.0,167.9,3.0,239.0,692.8333333333334,0.0,0.0,0.0,0.0,0.0,0.0,1.0,30.0,177.5,0.0,0.0,0.0,0.0,0.0,0.0,1.0,70.0,422.3333333333333
1527,26,702,1978.4499999999998,3.0,9.0,18.683333333333334,3.0,47.0,130.14999999999998,1.0,88.0,105.6,3.0,10.0,57.99999999999999,0.0,0.0,0.0,0.0,0.0,0.0,7.0,24.0,63.56666666666667,1.0,18.0,65.1,1.0,61.0,257.2166666666667,0.0,0.0,0.0,0.0,0.0,0.0,3.0,234.0,734.05,0.0,0.0,0.0,1.0,19.0,110.83333333333333,1.0,104.0,65.86666666666666,0.0,0.0,0.0,1.0,5.0,29.083333333333332,1.0,83.0,340.29999999999995
1528,34,1262,4377.366666666667,2.0,4.0,6.966666666666667,0.0,0.0,0.0,0.0,0.0,0.0,2.0,7.0,2.7666666666666666,4.0,71.0,278.15,0.0,0.0,0.0,4.0,15.0,47.45,2.0,21.0,91.11666666666667,0.0,0.0,0.0,0.0,0.0,0.0,2.0,40.0,208.33333333333331,7.0,443.0,2239.2,1.0,3.0,2.3000000000000003,1.0,19.0,36.1,3.0,216.0,653.2166666666667,1.0,3.0,14.399999999999999,1.0,23.0,107.71666666666667,4.0,397.0,689.65
1529,19,367,1549.2166666666667,3.0,13.0,57.35000000000001,0.0,0.0,0.0,0.0,0.0,0.0,1.0,5.0,7.75,1.0,9.0,36.75,0.0,0.0,0.0,1.0,3.0,8.65,5.0,84.0,212.1,0.0,0.0,0.0,0.0,0.0,0.0,3.0,22.0,67.3,1.0,122.0,632.3666666666667,2.0,10.0,59.36666666666667,0.0,0.0,0.0,1.0,79.0,401.5833333333333,0.0,0.0,0.0,1.0,20.0,66.0,0.0,0.0,0.0
1530,27,578,1595.7166666666665,4.0,20.0,26.316666666666663,2.0,35.0,149.78333333333333,0.0,0.0,0.0,1.0,2.0,12.566666666666666,2.0,35.0,124.06666666666666,0.0,0.0,0.0,4.0,14.0,72.0,3.0,44.0,115.13333333333334,0.0,0.0,0.0,0.0,0.0,0.0,0.0,0.0,0.0,4.0,215.0,662.2666666666665,1.0,5.0,19.0,0.0,0.0,0.0,1.0,102.0,120.7,0.0,0.0,0.0,2.0,30.0,100.15,3.0,76.0,193.73333333333332
1531,20,661,2519.25,4.0,15.0,62.56666666666667,1.0,16.0,77.86666666666666,1.0,77.0,302.8666666666667,1.0,2.0,6.9,0.0,0.0,0.0,0.0,0.0,0.0,1.0,4.0,3.8666666666666667,0.0,0.0,0.0,1.0,70.0,460.8333333333333,0.0,0.0,0.0,0.0,0.0,0.0,2.0,42.0,157.36666666666667,0.0,0.0,0.0,2.0,20.0,57.53333333333333,3.0,170.0,999.5333333333333,0.0,0.0,0.0,1.0,16.0,60.8,3.0,229.0,329.1166666666667
1532,25,880,2746.1833333333334,2.0,8.0,41.5,3.0,33.0,130.56666666666666,0.0,0.0,0.0,5.0,26.0,63.666666666666664,2.0,29.0,130.5,0.0,0.0,0.0,2.0,9.0,51.71666666666667,0.0,0.0,0.0,0.0,0.0,0.0,0.0,0.0,0.0,0.0,0.0,0.0,2.0,221.0,586.5999999999999,0.0,0.0,0.0,1.0,5.0,4.833333333333333,5.0,409.0,1258.7666666666667,0.0,0.0,0.0,1.0,6.0,35.9,2.0,134.0,442.1333333333333
1533,19,337,1297.8,2.0,10.0,49.03333333333333,1.0,8.0,2.2666666666666666,0.0,0.0,0.0,1.0,2.0,11.7,2.0,20.0,75.93333333333332,0.0,0.0,0.0,1.0,5.0,8.0,0.0,0.0,0.0,0.0,0.0,0.0,1.0,2.0,3.2333333333333334,2.0,32.0,129.6,2.0,153.0,469.05,2.0,8.0,35.966666666666676,2.0,14.0,48.7,1.0,34.0,177.93333333333334,0.0,0.0,0.0,1.0,15.0,72.75,1.0,34.0,213.63333333333333
1534,21,430,1571.2833333333333,3.0,15.0,79.6,0.0,0.0,0.0,0.0,0.0,0.0,5.0,24.0,64.28333333333333,2.0,24.0,54.33333333333333,0.0,0.0,0.0,3.0,14.0,65.69999999999999,2.0,20.0,91.66666666666666,1.0,38.0,49.4,0.0,0.0,0.0,1.0,8.0,4.0,1.0,90.0,439.50000000000006,0.0,0.0,0.0,1.0,13.0,39.0,2.0,184.0,683.8,0.0,0.0,0.0,0.0,0.0,0.0,0.0,0.0,0.0
1535,16,237,676.7333333333333,3.0,15.0,58.55,1.0,11.0,35.56666666666667,0.0,0.0,0.0,2.0,7.0,6.65,1.0,7.0,33.83333333333333,0.0,0.0,0.0,2.0,7.0,32.33333333333333,0.0,0.0,0.0,0.0,0.0,0.0,1.0,7.0,2.216666666666667,1.0,14.0,35.0,2.0,99.0,322.01666666666665,0.0,0.0,0.0,1.0,20.0,35.33333333333333,1.0,31.0,99.71666666666667,0.0,0.0,0.0,1.0,19.0,15.516666666666666,0.0,0.0,0.0
1536,20,632,2285.45,2.0,9.0,27.300000000000004,0.0,0.0,0.0,0.0,0.0,0.0,1.0,3.0,5.2,1.0,11.0,68.56666666666666,0.0,0.0,0.0,3.0,7.0,15.366666666666667,1.0,9.0,14.85,0.0,0.0,0.0,1.0,6.0,34.2,1.0,16.0,33.6,2.0,134.0,581.6666666666666,1.0,4.0,15.6,2.0,34.0,124.88333333333333,2.0,110.0,249.6,0.0,0.0,0.0,0.0,0.0,0.0,3.0,289.0,1114.6166666666668
1537,24,999,2986.866666666667,2.0,6.0,25.316666666666666,2.0,21.0,52.71666666666667,2.0,83.0,386.08333333333337,4.0,16.0,68.61666666666667,2.0,29.0,93.01666666666667,0.0,0.0,0.0,1.0,6.0,23.700000000000003,0.0,0.0,0.0,2.0,183.0,566.1833333333333,0.0,0.0,0.0,1.0,12.0,33.800000000000004,3.0,189.0,624.05,0.0,0.0,0.0,1.0,11.0,20.716666666666665,3.0,335.0,1060.2666666666667,0.0,0.0,0.0,0.0,0.0,0.0,1.0,108.0,32.4
1538,13,450,1950.0666666666666,2.0,8.0,41.516666666666666,2.0,21.0,90.43333333333332,0.0,0.0,0.0,1.0,3.0,7.75,1.0,10.0,15.166666666666666,1.0,60.0,262.0,1.0,7.0,42.93333333333334,1.0,21.0,108.15,0.0,0.0,0.0,0.0,0.0,0.0,1.0,5.0,1.9166666666666667,1.0,110.0,588.5,0.0,0.0,0.0,0.0,0.0,0.0,0.0,0.0,0.0,0.0,0.0,0.0,0.0,0.0,0.0,2.0,205.0,791.6999999999999
1539,26,548,1950.75,3.0,13.0,32.483333333333334,2.0,34.0,194.83333333333334,0.0,0.0,0.0,3.0,11.0,50.81666666666666,0.0,0.0,0.0,0.0,0.0,0.0,4.0,17.0,70.0,2.0,38.0,138.11666666666667,0.0,0.0,0.0,0.0,0.0,0.0,0.0,0.0,0.0,4.0,254.0,1075.8666666666666,0.0,0.0,0.0,2.0,18.0,21.4,1.0,70.0,228.66666666666666,1.0,6.0,4.1,2.0,26.0,40.3,2.0,61.0,94.16666666666666
1540,21,597,1791.0833333333333,1.0,2.0,10.833333333333334,4.0,54.0,130.88333333333335,0.0,0.0,0.0,3.0,10.0,39.2,1.0,8.0,20.133333333333333,2.0,85.0,305.51666666666665,2.0,13.0,33.349999999999994,1.0,9.0,12.6,0.0,0.0,0.0,0.0,0.0,0.0,1.0,20.0,64.66666666666667,2.0,187.0,713.2833333333333,0.0,0.0,0.0,0.0,0.0,0.0,1.0,96.0,153.60000000000002,0.0,0.0,0.0,1.0,16.0,24.8,2.0,97.0,282.2166666666667
1541,27,1042,3703.516666666667,2.0,3.0,10.65,4.0,46.0,195.18333333333334,1.0,105.0,425.25,1.0,6.0,11.2,1.0,8.0,10.533333333333333,1.0,114.0,684.0,0.0,0.0,0.0,1.0,16.0,6.933333333333334,0.0,0.0,0.0,0.0,0.0,0.0,3.0,43.0,70.03333333333333,4.0,221.0,713.4833333333333,0.0,0.0,0.0,0.0,0.0,0.0,4.0,264.0,822.6833333333334,1.0,7.0,2.1,1.0,17.0,97.46666666666667,3.0,192.0,654.0
1542,19,461,1833.5666666666666,0.0,0.0,0.0,2.0,14.0,60.56666666666666,0.0,0.0,0.0,0.0,0.0,0.0,5.0,69.0,184.56666666666666,1.0,126.0,661.5,2.0,7.0,22.9,0.0,0.0,0.0,0.0,0.0,0.0,0.0,0.0,0.0,2.0,22.0,122.69999999999999,1.0,97.0,514.1,0.0,0.0,0.0,2.0,34.0,111.38333333333333,1.0,65.0,92.08333333333334,2.0,11.0,16.033333333333335,1.0,16.0,47.733333333333334,0.0,0.0,0.0
1543,24,659,2191.2166666666667,2.0,3.0,11.733333333333334,2.0,12.0,52.66666666666667,1.0,22.0,88.0,4.0,22.0,57.16666666666667,0.0,0.0,0.0,0.0,0.0,0.0,2.0,11.0,60.95,1.0,10.0,12.666666666666666,1.0,52.0,97.06666666666666,0.0,0.0,0.0,2.0,30.0,127.33333333333331,2.0,191.0,772.6500000000001,0.0,0.0,0.0,1.0,13.0,83.63333333333334,3.0,144.0,240.45,0.0,0.0,0.0,1.0,5.0,20.5,2.0,144.0,566.4
1544,25,716,2262.4166666666665,2.0,9.0,39.18333333333333,0.0,0.0,0.0,1.0,24.0,150.0,1.0,3.0,5.0,2.0,32.0,77.06666666666666,1.0,17.0,106.81666666666666,4.0,10.0,34.31666666666667,1.0,5.0,1.8333333333333333,0.0,0.0,0.0,0.0,0.0,0.0,1.0,9.0,17.4,5.0,318.0,963.0166666666667,1.0,6.0,35.7,1.0,10.0,63.666666666666664,3.0,208.0,368.38333333333327,0.0,0.0,0.0,0.0,0.0,0.0,2.0,65.0,400.0333333333333
1545,25,421,1454.5166666666667,7.0,30.0,118.30000000000001,2.0,38.0,73.23333333333332,0.0,0.0,0.0,2.0,8.0,17.650000000000002,1.0,4.0,3.1333333333333333,0.0,0.0,0.0,2.0,9.0,44.833333333333336,1.0,16.0,89.06666666666666,0.0,0.0,0.0,0.0,0.0,0.0,2.0,28.0,98.8,0.0,0.0,0.0,1.0,6.0,7.0,3.0,36.0,157.16666666666666,1.0,38.0,228.63333333333333,0.0,0.0,0.0,1.0,18.0,32.1,2.0,190.0,584.6
1546,26,1255,5171.816666666667,2.0,3.0,7.75,2.0,35.0,157.23333333333335,0.0,0.0,0.0,2.0,6.0,28.199999999999996,1.0,13.0,27.733333333333334,0.0,0.0,0.0,1.0,6.0,6.200000000000001,0.0,0.0,0.0,0.0,0.0,0.0,0.0,0.0,0.0,1.0,18.0,69.3,8.0,585.0,2199.5833333333335,0.0,0.0,0.0,0.0,0.0,0.0,3.0,266.0,799.6666666666667,0.0,0.0,0.0,1.0,8.0,40.8,5.0,315.0,1835.35
1547,26,550,1592.2333333333333,2.0,7.0,36.61666666666667,1.0,16.0,48.266666666666666,0.0,0.0,0.0,7.0,19.0,41.5,2.0,34.0,132.96666666666667,0.0,0.0,0.0,0.0,0.0,0.0,2.0,33.0,67.15,0.0,0.0,0.0,0.0,0.0,0.0,4.0,63.0,257.1333333333333,4.0,286.0,943.6500000000001,2.0,7.0,2.8,0.0,0.0,0.0,1.0,43.0,23.650000000000002,0.0,0.0,0.0,0.0,0.0,0.0,1.0,42.0,38.5
1548,17,208,724.3333333333334,1.0,5.0,21.166666666666668,0.0,0.0,0.0,1.0,36.0,235.79999999999998,5.0,17.0,33.13333333333333,0.0,0.0,0.0,0.0,0.0,0.0,2.0,8.0,27.733333333333334,2.0,45.0,218.83333333333334,0.0,0.0,0.0,0.0,0.0,0.0,1.0,10.0,7.166666666666667,2.0,61.0,132.11666666666667,0.0,0.0,0.0,1.0,19.0,6.966666666666666,0.0,0.0,0.0,2.0,7.0,41.416666666666664,0.0,0.0,0.0,0.0,0.0,0.0
1549,11,372,1443.3166666666666,2.0,4.0,17.4,0.0,0.0,0.0,0.0,0.0,0.0,1.0,4.0,23.466666666666665,2.0,24.0,70.7,0.0,0.0,0.0,0.0,0.0,0.0,1.0,23.0,145.28333333333333,0.0,0.0,0.0,0.0,0.0,0.0,1.0,21.0,77.0,2.0,186.0,656.9333333333334,0.0,0.0,0.0,0.0,0.0,0.0,0.0,0.0,0.0,0.0,0.0,0.0,0.0,0.0,0.0,2.0,110.0,452.5333333333333
1550,24,552,2060.883333333333,3.0,12.0,26.45,2.0,28.0,155.8,0.0,0.0,0.0,3.0,9.0,50.88333333333333,1.0,18.0,8.7,0.0,0.0,0.0,2.0,10.0,57.75,1.0,22.0,72.6,0.0,0.0,0.0,0.0,0.0,0.0,1.0,7.0,14.933333333333334,1.0,116.0,417.6,0.0,0.0,0.0,1.0,7.0,17.96666666666667,4.0,161.0,474.6666666666667,1.0,5.0,17.333333333333336,2.0,18.0,90.15,2.0,139.0,656.05
1551,21,493,1629.55,6.0,21.0,55.0,3.0,36.0,115.33333333333333,1.0,38.0,110.2,0.0,0.0,0.0,1.0,11.0,54.63333333333333,0.0,0.0,0.0,2.0,8.0,40.46666666666667,2.0,33.0,186.0,0.0,0.0,0.0,0.0,0.0,0.0,0.0,0.0,0.0,2.0,159.0,188.05,0.0,0.0,0.0,1.0,22.0,118.06666666666666,1.0,76.0,400.26666666666665,0.0,0.0,0.0,1.0,18.0,23.1,1.0,71.0,338.43333333333334
1552,15,432,1547.7,0.0,0.0,0.0,2.0,17.0,57.03333333333333,0.0,0.0,0.0,1.0,5.0,30.833333333333336,0.0,0.0,0.0,0.0,0.0,0.0,1.0,5.0,27.5,1.0,7.0,8.866666666666667,0.0,0.0,0.0,0.0,0.0,0.0,1.0,21.0,64.05,3.0,167.0,863.9833333333333,0.0,0.0,0.0,0.0,0.0,0.0,3.0,181.0,317.75,1.0,4.0,25.6,1.0,5.0,22.75,1.0,20.0,129.33333333333334
1553,17,501,2221.0166666666664,2.0,8.0,28.266666666666666,1.0,8.0,43.86666666666667,0.0,0.0,0.0,2.0,6.0,25.166666666666664,0.0,0.0,0.0,0.0,0.0,0.0,3.0,19.0,74.7,0.0,0.0,0.0,0.0,0.0,0.0,1.0,7.0,41.65,1.0,6.0,10.6,2.0,128.0,659.4166666666666,0.0,0.0,0.0,1.0,15.0,99.0,2.0,162.0,609.15,0.0,0.0,0.0,0.0,0.0,0.0,2.0,142.0,629.1999999999999
1554,12,264,1073.4666666666667,0.0,0.0,0.0,1.0,14.0,83.06666666666666,0.0,0.0,0.0,4.0,18.0,48.05,2.0,29.0,164.25,0.0,0.0,0.0,1.0,2.0,6.866666666666666,0.0,0.0,0.0,0.0,0.0,0.0,0.0,0.0,0.0,0.0,0.0,0.0,1.0,53.0,199.63333333333333,0.0,0.0,0.0,1.0,4.0,26.0,0.0,0.0,0.0,0.0,0.0,0.0,0.0,0.0,0.0,2.0,144.0,545.6
1555,28,709,2554.45,1.0,2.0,10.066666666666666,2.0,22.0,49.53333333333334,0.0,0.0,0.0,5.0,14.0,62.43333333333334,0.0,0.0,0.0,1.0,82.0,120.26666666666665,2.0,4.0,18.9,0.0,0.0,0.0,1.0,17.0,75.93333333333334,0.0,0.0,0.0,3.0,21.0,62.58333333333333,3.0,197.0,540.5666666666666,1.0,3.0,0.75,2.0,38.0,122.03333333333333,4.0,197.0,967.6333333333333,0.0,0.0,0.0,2.0,38.0,69.88333333333333,1.0,74.0,453.8666666666667
1556,27,1083,2629.766666666667,2.0,9.0,49.733333333333334,2.0,23.0,76.0,0.0,0.0,0.0,1.0,3.0,15.899999999999999,2.0,23.0,94.33333333333334,2.0,147.0,400.65,3.0,10.0,38.41666666666667,0.0,0.0,0.0,1.0,47.0,17.23333333333333,0.0,0.0,0.0,2.0,23.0,36.11666666666667,5.0,543.0,1284.4333333333334,2.0,11.0,51.63333333333334,1.0,12.0,29.6,1.0,36.0,46.800000000000004,0.0,0.0,0.0,1.0,23.0,63.25,2.0,173.0,425.66666666666663
1557,24,926,3786.5666666666666,3.0,8.0,28.266666666666666,4.0,43.0,87.95,0.0,0.0,0.0,3.0,15.0,64.5,1.0,23.0,151.41666666666666,1.0,112.0,530.1333333333333,1.0,1.0,5.5,0.0,0.0,0.0,1.0,75.0,37.5,1.0,7.0,2.4499999999999997,2.0,22.0,110.83333333333334,3.0,295.0,1402.5666666666666,0.0,0.0,0.0,0.0,0.0,0.0,3.0,289.0,1190.25,0.0,0.0,0.0,0.0,0.0,0.0,1.0,36.0,175.2
1558,23,651,2006.5666666666666,4.0,15.0,29.683333333333334,2.0,25.0,47.28333333333334,1.0,104.0,20.8,2.0,12.0,26.300000000000004,1.0,15.0,14.25,0.0,0.0,0.0,3.0,9.0,23.383333333333333,1.0,14.0,80.96666666666667,0.0,0.0,0.0,0.0,0.0,0.0,2.0,29.0,22.033333333333335,1.0,41.0,38.266666666666666,0.0,0.0,0.0,0.0,0.0,0.0,2.0,133.0,681.5666666666666,1.0,2.0,1.7666666666666666,0.0,0.0,0.0,3.0,252.0,1020.2666666666667
1559,24,652,2873.0666666666666,2.0,10.0,13.083333333333332,3.0,27.0,121.46666666666668,0.0,0.0,0.0,1.0,3.0,18.6,1.0,8.0,1.6,1.0,30.0,59.0,3.0,20.0,65.55,0.0,0.0,0.0,2.0,165.0,1013.7499999999999,0.0,0.0,0.0,1.0,21.0,14.35,0.0,0.0,0.0,0.0,0.0,0.0,3.0,41.0,236.16666666666669,0.0,0.0,0.0,0.0,0.0,0.0,2.0,23.0,62.13333333333333,5.0,304.0,1267.3666666666668
1560,19,680,3178.866666666667,2.0,8.0,45.81666666666667,2.0,25.0,47.416666666666664,0.0,0.0,0.0,3.0,12.0,43.3,2.0,29.0,142.81666666666666,0.0,0.0,0.0,0.0,0.0,0.0,0.0,0.0,0.0,2.0,123.0,779.4,0.0,0.0,0.0,0.0,0.0,0.0,3.0,210.0,948.9666666666666,0.0,0.0,0.0,1.0,10.0,59.66666666666667,2.0,149.0,805.6666666666667,0.0,0.0,0.0,0.0,0.0,0.0,2.0,114.0,305.81666666666666
1561,27,872,2695.733333333333,4.0,13.0,56.199999999999996,2.0,31.0,76.55,0.0,0.0,0.0,1.0,4.0,15.6,6.0,71.0,415.96666666666664,0.0,0.0,0.0,1.0,5.0,25.166666666666664,0.0,0.0,0.0,1.0,100.0,60.0,1.0,6.0,12.899999999999999,0.0,0.0,0.0,7.0,403.0,1429.5333333333333,1.0,4.0,9.266666666666667,0.0,0.0,0.0,2.0,160.0,334.54999999999995,0.0,0.0,0.0,0.0,0.0,0.0,1.0,75.0,260.0
1562,27,820,2298.9666666666667,3.0,16.0,58.31666666666666,1.0,17.0,8.216666666666667,0.0,0.0,0.0,2.0,10.0,50.86666666666667,2.0,34.0,37.166666666666664,2.0,163.0,194.01666666666668,1.0,7.0,16.21666666666667,0.0,0.0,0.0,0.0,0.0,0.0,0.0,0.0,0.0,2.0,12.0,66.93333333333334,3.0,250.0,619.8833333333333,0.0,0.0,0.0,3.0,45.0,155.58333333333334,4.0,225.0,977.3166666666666,1.0,5.0,20.083333333333332,3.0,36.0,94.36666666666667,0.0,0.0,0.0
1563,16,385,1614.0,0.0,0.0,0.0,1.0,4.0,25.733333333333334,0.0,0.0,0.0,1.0,3.0,8.15,2.0,27.0,115.44999999999999,1.0,127.0,586.3166666666666,1.0,6.0,36.699999999999996,2.0,18.0,39.733333333333334,0.0,0.0,0.0,0.0,0.0,0.0,3.0,52.0,203.38333333333333,1.0,55.0,127.41666666666667,0.0,0.0,0.0,1.0,4.0,14.2,1.0,26.0,162.93333333333334,0.0,0.0,0.0,1.0,20.0,84.0,1.0,43.0,209.98333333333335
1564,22,492,1656.7833333333333,2.0,5.0,28.4,6.0,61.0,180.63333333333333,0.0,0.0,0.0,2.0,10.0,34.46666666666667,3.0,29.0,61.78333333333333,0.0,0.0,0.0,1.0,1.0,3.433333333333333,0.0,0.0,0.0,0.0,0.0,0.0,0.0,0.0,0.0,0.0,0.0,0.0,1.0,108.0,57.6,0.0,0.0,0.0,2.0,29.0,101.06666666666666,2.0,174.0,847.4,0.0,0.0,0.0,2.0,30.0,129.0,1.0,45.0,213.0
1565,15,515,2250.9333333333334,1.0,6.0,23.5,0.0,0.0,0.0,1.0,67.0,431.03333333333336,1.0,7.0,33.25,3.0,31.0,129.73333333333335,1.0,72.0,304.8,0.0,0.0,0.0,0.0,0.0,0.0,1.0,22.0,100.83333333333333,0.0,0.0,0.0,3.0,38.0,134.41666666666669,1.0,126.0,722.4,0.0,0.0,0.0,1.0,14.0,89.36666666666667,2.0,132.0,281.6,0.0,0.0,0.0,0.0,0.0,0.0,0.0,0.0,0.0
1566,23,444,1253.65,3.0,5.0,28.183333333333334,2.0,25.0,90.69999999999999,1.0,67.0,310.43333333333334,2.0,6.0,24.133333333333333,1.0,17.0,7.083333333333334,1.0,35.0,134.75,3.0,8.0,13.533333333333333,0.0,0.0,0.0,0.0,0.0,0.0,0.0,0.0,0.0,4.0,58.0,214.6,0.0,0.0,0.0,0.0,0.0,0.0,3.0,44.0,91.25,1.0,58.0,254.23333333333335,0.0,0.0,0.0,1.0,19.0,21.849999999999998,1.0,102.0,62.900000000000006
1567,21,524,1764.1166666666668,1.0,1.0,2.2666666666666666,2.0,27.0,59.6,1.0,36.0,139.8,6.0,14.0,61.516666666666666,1.0,15.0,75.5,1.0,28.0,90.06666666666666,1.0,6.0,24.699999999999996,1.0,13.0,33.36666666666667,0.0,0.0,0.0,0.0,0.0,0.0,0.0,0.0,0.0,1.0,88.0,215.60000000000002,0.0,0.0,0.0,0.0,0.0,0.0,3.0,146.0,380.26666666666665,0.0,0.0,0.0,1.0,21.0,87.15,2.0,129.0,594.2833333333333
1568,17,538,1571.9666666666667,1.0,3.0,14.700000000000001,2.0,20.0,12.533333333333333,1.0,115.0,139.91666666666666,0.0,0.0,0.0,0.0,0.0,0.0,1.0,30.0,6.5,1.0,5.0,32.83333333333333,3.0,48.0,137.86666666666667,0.0,0.0,0.0,1.0,1.0,6.016666666666667,2.0,28.0,108.96666666666667,1.0,54.0,297.9,0.0,0.0,0.0,0.0,0.0,0.0,1.0,36.0,90.0,0.0,0.0,0.0,1.0,14.0,6.766666666666667,2.0,184.0,717.9666666666667
1569,20,670,1626.55,1.0,5.0,10.666666666666666,0.0,0.0,0.0,1.0,110.0,218.16666666666669,3.0,6.0,27.2,2.0,37.0,31.516666666666666,0.0,0.0,0.0,3.0,12.0,43.3,3.0,52.0,239.06666666666666,0.0,0.0,0.0,0.0,0.0,0.0,0.0,0.0,0.0,4.0,234.0,404.25,1.0,3.0,5.65,0.0,0.0,0.0,1.0,125.0,304.16666666666663,0.0,0.0,0.0,0.0,0.0,0.0,1.0,86.0,342.56666666666666
1570,19,627,2691.6499999999996,1.0,7.0,6.533333333333333,1.0,4.0,8.933333333333334,0.0,0.0,0.0,2.0,9.0,30.35,0.0,0.0,0.0,0.0,0.0,0.0,1.0,6.0,9.200000000000001,2.0,29.0,47.88333333333333,2.0,151.0,736.1166666666667,0.0,0.0,0.0,1.0,18.0,107.10000000000001,2.0,207.0,815.8833333333333,0.0,0.0,0.0,2.0,22.0,37.6,1.0,102.0,545.6999999999999,1.0,2.0,12.8,2.0,28.0,128.45,1.0,42.0,205.10000000000002
1571,20,327,1144.9166666666665,4.0,18.0,74.6,1.0,10.0,24.166666666666664,0.0,0.0,0.0,3.0,15.0,50.43333333333333,2.0,37.0,151.56666666666666,0.0,0.0,0.0,0.0,0.0,0.0,1.0,12.0,54.599999999999994,1.0,52.0,246.13333333333333,0.0,0.0,0.0,1.0,5.0,15.416666666666668,3.0,124.0,382.23333333333335,0.0,0.0,0.0,1.0,22.0,77.36666666666666,1.0,21.0,61.25,0.0,0.0,0.0,2.0,11.0,7.1499999999999995,0.0,0.0,0.0
1572,26,483,1539.5,5.0,31.0,169.13333333333333,1.0,7.0,1.6333333333333333,2.0,163.0,285.7333333333333,5.0,21.0,111.43333333333334,3.0,45.0,206.39999999999998,0.0,0.0,0.0,2.0,6.0,29.550000000000004,2.0,22.0,13.616666666666667,0.0,0.0,0.0,0.0,0.0,0.0,1.0,19.0,24.7,0.0,0.0,0.0,0.0,0.0,0.0,1.0,5.0,9.666666666666666,2.0,122.0,496.8,0.0,0.0,0.0,1.0,20.0,104.66666666666667,1.0,22.0,86.16666666666666
1573,25,616,2462.0666666666666,1.0,3.0,18.05,0.0,0.0,0.0,1.0,50.0,203.33333333333331,4.0,15.0,11.75,5.0,58.0,196.05,0.0,0.0,0.0,5.0,10.0,23.933333333333334,1.0,20.0,60.666666666666664,0.0,0.0,0.0,0.0,0.0,0.0,1.0,17.0,62.05,3.0,284.0,1221.8666666666668,0.0,0.0,0.0,1.0,11.0,48.95,1.0,74.0,379.8666666666667,0.0,0.0,0.0,0.0,0.0,0.0,2.0,74.0,235.55
1574,27,1236,5302.883333333333,3.0,10.0,40.25,0.0,0.0,0.0,0.0,0.0,0.0,1.0,3.0,13.950000000000001,0.0,0.0,0.0,0.0,0.0,0.0,4.0,21.0,92.33333333333333,2.0,28.0,121.76666666666667,3.0,201.0,684.7333333333333,0.0,0.0,0.0,2.0,33.0,110.7,5.0,441.0,1920.05,1.0,3.0,14.700000000000001,1.0,11.0,61.599999999999994,5.0,485.0,2242.8,0.0,0.0,0.0,0.0,0.0,0.0,0.0,0.0,0.0
1575,17,247,788.5666666666666,3.0,6.0,24.483333333333334,1.0,17.0,88.96666666666667,0.0,0.0,0.0,3.0,15.0,47.75,3.0,38.0,165.63333333333333,0.0,0.0,0.0,0.0,0.0,0.0,1.0,8.0,45.333333333333336,1.0,89.0,121.63333333333334,0.0,0.0,0.0,2.0,13.0,7.633333333333334,1.0,18.0,25.5,0.0,0.0,0.0,0.0,0.0,0.0,0.0,0.0,0.0,1.0,3.0,12.299999999999999,0.0,0.0,0.0,1.0,40.0,249.33333333333334
1576,25,557,2293.233333333333,3.0,12.0,55.233333333333334,2.0,42.0,121.10000000000001,0.0,0.0,0.0,3.0,4.0,15.033333333333333,3.0,50.0,137.13333333333333,0.0,0.0,0.0,4.0,21.0,59.55,0.0,0.0,0.0,0.0,0.0,0.0,1.0,6.0,24.699999999999996,3.0,31.0,146.95,1.0,35.0,129.5,0.0,0.0,0.0,0.0,0.0,0.0,2.0,150.0,732.0,0.0,0.0,0.0,1.0,19.0,90.88333333333333,2.0,187.0,781.15
1577,18,385,1211.75,4.0,17.0,59.45,0.0,0.0,0.0,0.0,0.0,0.0,3.0,8.0,20.383333333333333,1.0,6.0,38.6,0.0,0.0,0.0,3.0,12.0,36.36666666666667,0.0,0.0,0.0,0.0,0.0,0.0,0.0,0.0,0.0,3.0,34.0,29.799999999999997,2.0,147.0,270.1,0.0,0.0,0.0,0.0,0.0,0.0,0.0,0.0,0.0,0.0,0.0,0.0,0.0,0.0,0.0,2.0,161.0,757.05
1578,28,687,2779.55,7.0,18.0,43.083333333333336,3.0,37.0,81.36666666666666,0.0,0.0,0.0,3.0,20.0,39.86666666666667,2.0,17.0,46.916666666666664,0.0,0.0,0.0,2.0,14.0,86.33333333333334,0.0,0.0,0.0,2.0,73.0,438.8666666666667,1.0,7.0,7.0,0.0,0.0,0.0,3.0,155.0,595.6333333333333,0.0,0.0,0.0,0.0,0.0,0.0,1.0,91.0,212.33333333333334,0.0,0.0,0.0,0.0,0.0,0.0,4.0,255.0,1228.15
1579,21,541,1601.3833333333332,4.0,10.0,29.150000000000002,1.0,12.0,38.0,0.0,0.0,0.0,2.0,12.0,49.39999999999999,0.0,0.0,0.0,0.0,0.0,0.0,1.0,5.0,21.75,3.0,40.0,114.16666666666667,1.0,110.0,432.66666666666663,0.0,0.0,0.0,1.0,11.0,63.61666666666667,3.0,232.0,559.8333333333334,1.0,7.0,3.5,0.0,0.0,0.0,1.0,59.0,97.35,0.0,0.0,0.0,3.0,43.0,191.95000000000002,0.0,0.0,0.0
1580,17,562,1555.0166666666667,2.0,9.0,19.85,2.0,28.0,75.36666666666666,0.0,0.0,0.0,1.0,6.0,27.1,0.0,0.0,0.0,2.0,216.0,421.2,1.0,1.0,4.633333333333334,2.0,13.0,45.28333333333333,0.0,0.0,0.0,0.0,0.0,0.0,1.0,5.0,9.0,1.0,108.0,70.2,0.0,0.0,0.0,2.0,17.0,84.93333333333334,1.0,63.0,198.45,1.0,4.0,19.4,0.0,0.0,0.0,1.0,92.0,579.6
1581,16,536,1515.0833333333333,1.0,3.0,4.949999999999999,1.0,4.0,3.2,0.0,0.0,0.0,2.0,8.0,13.633333333333333,2.0,33.0,106.78333333333333,0.0,0.0,0.0,2.0,8.0,27.666666666666664,0.0,0.0,0.0,1.0,61.0,295.84999999999997,0.0,0.0,0.0,1.0,8.0,11.466666666666667,2.0,177.0,642.9333333333334,0.0,0.0,0.0,0.0,0.0,0.0,2.0,116.0,189.53333333333333,0.0,0.0,0.0,0.0,0.0,0.0,2.0,118.0,219.0666666666667
1582,27,956,3806.7333333333336,6.0,23.0,54.53333333333333,2.0,29.0,26.03333333333333,0.0,0.0,0.0,4.0,17.0,49.35,0.0,0.0,0.0,0.0,0.0,0.0,2.0,8.0,47.800000000000004,1.0,19.0,100.38333333333333,1.0,101.0,360.23333333333335,0.0,0.0,0.0,1.0,10.0,28.333333333333336,2.0,140.0,387.35,1.0,2.0,3.6,0.0,0.0,0.0,3.0,268.0,829.6166666666667,0.0,0.0,0.0,0.0,0.0,0.0,4.0,339.0,1919.5
1583,19,572,1168.0833333333333,2.0,4.0,14.666666666666668,3.0,41.0,139.3,0.0,0.0,0.0,0.0,0.0,0.0,0.0,0.0,0.0,0.0,0.0,0.0,3.0,13.0,33.6,1.0,19.0,12.033333333333333,0.0,0.0,0.0,0.0,0.0,0.0,1.0,12.0,39.599999999999994,1.0,76.0,19.0,0.0,0.0,0.0,2.0,27.0,119.69999999999999,2.0,210.0,470.95000000000005,0.0,0.0,0.0,1.0,9.0,17.25,3.0,161.0,301.98333333333335
1584,19,564,1596.5,2.0,11.0,17.3,0.0,0.0,0.0,0.0,0.0,0.0,2.0,7.0,11.983333333333334,1.0,13.0,46.583333333333336,1.0,28.0,120.39999999999999,2.0,14.0,16.099999999999998,0.0,0.0,0.0,2.0,128.0,342.2666666666667,1.0,7.0,9.683333333333334,1.0,16.0,10.666666666666666,5.0,304.0,811.5166666666667,0.0,0.0,0.0,0.0,0.0,0.0,1.0,30.0,198.0,1.0,6.0,12.0,0.0,0.0,0.0,0.0,0.0,0.0
1585,20,597,2010.4666666666667,2.0,8.0,39.03333333333333,0.0,0.0,0.0,0.0,0.0,0.0,3.0,14.0,42.93333333333334,2.0,17.0,40.1,0.0,0.0,0.0,1.0,6.0,15.0,2.0,34.0,80.69999999999999,0.0,0.0,0.0,0.0,0.0,0.0,0.0,0.0,0.0,4.0,300.0,984.25,0.0,0.0,0.0,0.0,0.0,0.0,1.0,29.0,51.71666666666667,1.0,7.0,19.95,1.0,4.0,24.133333333333333,3.0,178.0,712.6500000000001
1586,23,742,2652.35,3.0,14.0,73.91666666666667,1.0,15.0,66.25,0.0,0.0,0.0,3.0,11.0,40.0,0.0,0.0,0.0,1.0,92.0,403.2666666666667,1.0,5.0,14.416666666666666,2.0,24.0,59.2,1.0,101.0,212.10000000000002,0.0,0.0,0.0,2.0,24.0,59.64999999999999,3.0,170.0,783.6666666666666,0.0,0.0,0.0,0.0,0.0,0.0,2.0,107.0,290.8833333333333,0.0,0.0,0.0,1.0,18.0,43.8,3.0,161.0,605.2
1587,33,594,1829.5833333333333,9.0,34.0,103.85,1.0,18.0,6.3,0.0,0.0,0.0,4.0,21.0,87.21666666666665,2.0,21.0,102.08333333333333,1.0,44.0,110.73333333333333,4.0,12.0,55.50000000000001,3.0,61.0,231.33333333333334,0.0,0.0,0.0,0.0,0.0,0.0,3.0,28.0,153.25,1.0,23.0,68.61666666666667,1.0,4.0,14.266666666666667,0.0,0.0,0.0,2.0,239.0,642.3333333333333,0.0,0.0,0.0,1.0,16.0,22.933333333333334,1.0,73.0,231.16666666666666
1588,23,571,1617.9833333333333,1.0,4.0,14.933333333333334,2.0,10.0,33.8,0.0,0.0,0.0,6.0,30.0,100.31666666666666,3.0,40.0,146.3,1.0,114.0,288.8,2.0,6.0,21.116666666666667,1.0,4.0,8.2,0.0,0.0,0.0,1.0,5.0,27.583333333333332,0.0,0.0,0.0,1.0,41.0,206.36666666666667,0.0,0.0,0.0,1.0,5.0,18.583333333333336,0.0,0.0,0.0,0.0,0.0,0.0,0.0,0.0,0.0,4.0,312.0,751.9833333333333
1589,16,356,1776.0833333333333,3.0,11.0,14.633333333333333,1.0,5.0,11.333333333333332,0.0,0.0,0.0,1.0,2.0,2.8,1.0,14.0,68.13333333333333,0.0,0.0,0.0,2.0,12.0,57.16666666666667,1.0,17.0,67.15,0.0,0.0,0.0,0.0,0.0,0.0,2.0,16.0,33.733333333333334,1.0,34.0,115.6,0.0,0.0,0.0,0.0,0.0,0.0,1.0,94.0,545.1999999999999,0.0,0.0,0.0,2.0,26.0,35.333333333333336,1.0,125.0,825.0
1590,21,616,2742.0333333333333,5.0,31.0,151.9,1.0,8.0,42.53333333333333,0.0,0.0,0.0,5.0,22.0,92.18333333333332,1.0,23.0,143.75,0.0,0.0,0.0,1.0,6.0,19.799999999999997,3.0,57.0,176.81666666666666,0.0,0.0,0.0,0.0,0.0,0.0,0.0,0.0,0.0,3.0,305.0,1571.5666666666666,0.0,0.0,0.0,0.0,0.0,0.0,2.0,164.0,543.4833333333333,0.0,0.0,0.0,0.0,0.0,0.0,0.0,0.0,0.0
1591,20,582,2398.4,3.0,11.0,28.816666666666666,1.0,5.0,19.25,1.0,76.0,447.1333333333334,3.0,8.0,23.066666666666666,1.0,13.0,29.033333333333335,0.0,0.0,0.0,0.0,0.0,0.0,0.0,0.0,0.0,1.0,111.0,418.09999999999997,1.0,1.0,4.816666666666666,1.0,23.0,122.66666666666666,5.0,268.0,1119.6666666666667,0.0,0.0,0.0,0.0,0.0,0.0,2.0,54.0,141.25,0.0,0.0,0.0,1.0,12.0,44.6,0.0,0.0,0.0
1592,18,679,2757.883333333333,1.0,6.0,39.900000000000006,1.0,17.0,24.083333333333336,0.0,0.0,0.0,2.0,11.0,27.416666666666668,1.0,15.0,41.5,0.0,0.0,0.0,2.0,4.0,10.933333333333334,0.0,0.0,0.0,1.0,119.0,414.51666666666665,0.0,0.0,0.0,1.0,12.0,66.4,3.0,203.0,675.8666666666668,0.0,0.0,0.0,2.0,36.0,140.2,1.0,104.0,433.33333333333337,0.0,0.0,0.0,2.0,32.0,149.73333333333332,1.0,120.0,734.0
1593,28,733,2456.95,4.0,19.0,46.833333333333336,1.0,14.0,78.16666666666666,0.0,0.0,0.0,8.0,31.0,105.75,1.0,8.0,32.8,0.0,0.0,0.0,3.0,12.0,33.91666666666667,2.0,26.0,96.76666666666667,0.0,0.0,0.0,0.0,0.0,0.0,1.0,8.0,43.2,1.0,110.0,403.3333333333333,0.0,0.0,0.0,0.0,0.0,0.0,3.0,225.0,747.65,0.0,0.0,0.0,1.0,14.0,49.0,3.0,266.0,819.5333333333334
1594,21,1035,2881.5666666666666,0.0,0.0,0.0,3.0,36.0,125.58333333333334,1.0,66.0,233.2,1.0,2.0,6.5,1.0,10.0,24.166666666666664,1.0,57.0,319.2,1.0,1.0,2.5166666666666666,1.0,8.0,27.466666666666665,0.0,0.0,0.0,0.0,0.0,0.0,2.0,15.0,46.35,4.0,345.0,674.9,1.0,4.0,1.4666666666666666,0.0,0.0,0.0,0.0,0.0,0.0,0.0,0.0,0.0,1.0,20.0,17.333333333333336,4.0,471.0,1402.8833333333334
1595,21,872,3164.7,3.0,14.0,50.35,0.0,0.0,0.0,2.0,205.0,750.3000000000001,2.0,10.0,27.8,2.0,31.0,17.066666666666666,0.0,0.0,0.0,0.0,0.0,0.0,2.0,11.0,68.5,0.0,0.0,0.0,0.0,0.0,0.0,2.0,22.0,118.33333333333333,3.0,255.0,1039.95,1.0,7.0,14.816666666666666,0.0,0.0,0.0,2.0,94.0,372.6333333333333,0.0,0.0,0.0,0.0,0.0,0.0,2.0,223.0,704.95
1596,25,928,3331.7,3.0,13.0,59.43333333333334,2.0,31.0,152.20000000000002,1.0,42.0,177.8,1.0,5.0,7.833333333333333,1.0,4.0,15.466666666666667,0.0,0.0,0.0,1.0,6.0,12.600000000000001,2.0,23.0,60.99999999999999,0.0,0.0,0.0,1.0,2.0,1.0666666666666667,1.0,16.0,40.53333333333333,6.0,500.0,1802.4666666666667,1.0,1.0,5.466666666666667,2.0,23.0,113.33333333333333,1.0,114.0,522.5,0.0,0.0,0.0,0.0,0.0,0.0,2.0,148.0,360.0
1597,26,908,2232.1666666666665,2.0,12.0,25.699999999999996,1.0,23.0,19.55,1.0,106.0,450.5,1.0,6.0,22.7,2.0,26.0,32.56666666666666,0.0,0.0,0.0,1.0,1.0,6.35,2.0,14.0,45.83333333333333,1.0,52.0,312.8666666666667,0.0,0.0,0.0,2.0,37.0,92.91666666666666,5.0,367.0,606.0166666666667,1.0,3.0,17.15,1.0,7.0,33.483333333333334,3.0,178.0,469.85,0.0,0.0,0.0,1.0,18.0,36.0,2.0,58.0,60.68333333333333
1598,22,960,4107.45,1.0,1.0,5.083333333333333,1.0,11.0,16.133333333333333,0.0,0.0,0.0,0.0,0.0,0.0,1.0,11.0,69.11666666666666,0.0,0.0,0.0,2.0,4.0,10.583333333333334,2.0,21.0,68.23333333333333,1.0,118.0,177.0,1.0,7.0,18.2,0.0,0.0,0.0,6.0,454.0,2088.4833333333336,0.0,0.0,0.0,1.0,11.0,64.53333333333333,2.0,113.0,385.43333333333334,0.0,0.0,0.0,2.0,12.0,54.13333333333334,2.0,197.0,1150.5166666666667
1599,27,1234,4083.133333333333,2.0,12.0,27.2,1.0,12.0,64.60000000000001,0.0,0.0,0.0,1.0,3.0,15.75,2.0,34.0,32.2,1.0,127.0,412.75,1.0,6.0,23.2,3.0,53.0,194.66666666666669,0.0,0.0,0.0,1.0,6.0,15.1,4.0,32.0,123.16666666666667,4.0,334.0,1158.6666666666667,0.0,0.0,0.0,0.0,0.0,0.0,2.0,180.0,471.75,0.0,0.0,0.0,0.0,0.0,0.0,5.0,435.0,1544.0833333333335
1600,22,677,2777.0,2.0,11.0,39.86666666666667,1.0,20.0,87.0,1.0,91.0,383.7166666666667,2.0,13.0,85.0,3.0,49.0,88.08333333333333,0.0,0.0,0.0,2.0,13.0,39.050000000000004,0.0,0.0,0.0,1.0,52.0,276.46666666666664,0.0,0.0,0.0,2.0,18.0,45.75,2.0,149.0,686.6999999999999,0.0,0.0,0.0,1.0,6.0,15.2,2.0,81.0,255.8,0.0,0.0,0.0,0.0,0.0,0.0,3.0,174.0,774.3666666666667
1601,19,239,660.5333333333333,1.0,6.0,14.9,2.0,16.0,42.8,1.0,58.0,182.7,1.0,6.0,6.0,5.0,64.0,135.11666666666667,0.0,0.0,0.0,2.0,12.0,63.49999999999999,2.0,28.0,40.46666666666667,0.0,0.0,0.0,1.0,1.0,2.6333333333333333,4.0,48.0,172.41666666666669,0.0,0.0,0.0,0.0,0.0,0.0,0.0,0.0,0.0,0.0,0.0,0.0,0.0,0.0,0.0,0.0,0.0,0.0,0.0,0.0,0.0
1602,23,462,1269.0666666666666,2.0,7.0,7.183333333333334,0.0,0.0,0.0,1.0,41.0,237.79999999999998,3.0,10.0,26.483333333333334,2.0,39.0,98.46666666666667,0.0,0.0,0.0,2.0,7.0,37.95,1.0,23.0,81.64999999999999,0.0,0.0,0.0,1.0,5.0,6.5,3.0,24.0,127.58333333333334,0.0,0.0,0.0,1.0,1.0,6.083333333333333,2.0,23.0,34.9,3.0,190.0,298.5,1.0,5.0,17.416666666666668,0.0,0.0,0.0,1.0,87.0,288.55
1603,16,302,1110.8,3.0,12.0,60.35,1.0,10.0,27.0,0.0,0.0,0.0,1.0,6.0,15.2,1.0,11.0,49.86666666666667,0.0,0.0,0.0,0.0,0.0,0.0,3.0,50.0,216.41666666666669,0.0,0.0,0.0,0.0,0.0,0.0,3.0,36.0,93.03333333333333,0.0,0.0,0.0,1.0,5.0,31.416666666666664,0.0,0.0,0.0,2.0,156.0,586.05,0.0,0.0,0.0,1.0,16.0,31.466666666666665,0.0,0.0,0.0
1604,19,605,1395.6000000000001,0.0,0.0,0.0,2.0,32.0,148.21666666666667,0.0,0.0,0.0,3.0,15.0,72.78333333333333,1.0,23.0,36.800000000000004,0.0,0.0,0.0,5.0,15.0,52.08333333333333,1.0,6.0,16.799999999999997,0.0,0.0,0.0,0.0,0.0,0.0,1.0,6.0,11.6,2.0,137.0,299.7,0.0,0.0,0.0,0.0,0.0,0.0,3.0,319.0,720.35,0.0,0.0,0.0,0.0,0.0,0.0,1.0,52.0,37.266666666666666
1605,20,813,2583.2666666666664,0.0,0.0,0.0,1.0,21.0,25.900000000000002,0.0,0.0,0.0,3.0,7.0,22.5,3.0,43.0,140.6,0.0,0.0,0.0,0.0,0.0,0.0,2.0,33.0,79.56666666666666,0.0,0.0,0.0,0.0,0.0,0.0,1.0,7.0,46.199999999999996,2.0,241.0,673.15,1.0,1.0,2.0833333333333335,1.0,20.0,131.0,2.0,141.0,349.85,0.0,0.0,0.0,1.0,6.0,38.8,3.0,293.0,1073.6166666666666
1606,19,538,2255.6,2.0,5.0,8.383333333333333,3.0,43.0,197.28333333333336,0.0,0.0,0.0,1.0,2.0,9.266666666666667,2.0,35.0,96.38333333333333,0.0,0.0,0.0,4.0,9.0,26.233333333333334,0.0,0.0,0.0,0.0,0.0,0.0,0.0,0.0,0.0,1.0,22.0,94.96666666666667,3.0,257.0,907.2833333333333,0.0,0.0,0.0,0.0,0.0,0.0,1.0,26.0,161.20000000000002,0.0,0.0,0.0,0.0,0.0,0.0,2.0,139.0,754.5999999999999
1607,21,506,2286.2833333333333,2.0,7.0,25.03333333333333,1.0,10.0,20.833333333333336,0.0,0.0,0.0,2.0,10.0,33.91666666666667,3.0,59.0,241.71666666666667,0.0,0.0,0.0,2.0,13.0,39.1,0.0,0.0,0.0,0.0,0.0,0.0,0.0,0.0,0.0,3.0,32.0,42.68333333333334,3.0,252.0,1337.3166666666666,0.0,0.0,0.0,2.0,39.0,226.64999999999998,1.0,47.0,102.61666666666666,0.0,0.0,0.0,1.0,12.0,66.0,1.0,25.0,150.41666666666666
1608,20,745,2334.2166666666667,3.0,11.0,32.150000000000006,0.0,0.0,0.0,1.0,19.0,97.21666666666665,1.0,3.0,8.25,2.0,28.0,86.1,1.0,46.0,232.29999999999998,2.0,10.0,23.75,0.0,0.0,0.0,0.0,0.0,0.0,1.0,7.0,8.4,0.0,0.0,0.0,7.0,517.0,1765.6666666666667,0.0,0.0,0.0,0.0,0.0,0.0,2.0,104.0,80.38333333333333,0.0,0.0,0.0,0.0,0.0,0.0,0.0,0.0,0.0
1609,31,808,2211.983333333333,5.0,20.0,93.08333333333333,1.0,11.0,51.516666666666666,0.0,0.0,0.0,5.0,22.0,77.38333333333334,2.0,22.0,71.38333333333333,0.0,0.0,0.0,1.0,1.0,6.483333333333333,3.0,51.0,110.16666666666666,1.0,121.0,88.73333333333332,0.0,0.0,0.0,3.0,45.0,108.28333333333333,2.0,127.0,183.54999999999998,1.0,2.0,1.5666666666666667,0.0,0.0,0.0,0.0,0.0,0.0,0.0,0.0,0.0,2.0,26.0,26.71666666666667,5.0,360.0,1393.1166666666668
1610,19,729,2318.766666666667,2.0,12.0,32.11666666666666,0.0,0.0,0.0,0.0,0.0,0.0,2.0,7.0,10.566666666666666,2.0,25.0,52.2,0.0,0.0,0.0,1.0,5.0,11.333333333333332,2.0,29.0,129.85,1.0,101.0,520.1500000000001,0.0,0.0,0.0,2.0,12.0,66.39999999999999,0.0,0.0,0.0,0.0,0.0,0.0,0.0,0.0,0.0,4.0,360.0,640.6166666666666,0.0,0.0,0.0,1.0,13.0,11.700000000000001,2.0,165.0,843.8333333333333
1611,27,687,2136.2166666666667,3.0,12.0,17.666666666666668,2.0,36.0,74.9,1.0,37.0,234.95,0.0,0.0,0.0,6.0,74.0,248.03333333333333,1.0,84.0,207.20000000000002,2.0,6.0,27.133333333333333,1.0,8.0,35.6,0.0,0.0,0.0,0.0,0.0,0.0,1.0,10.0,37.0,2.0,116.0,134.01666666666668,1.0,3.0,17.650000000000002,2.0,13.0,33.21666666666667,2.0,98.0,297.9666666666667,0.0,0.0,0.0,1.0,18.0,79.5,2.0,172.0,691.3833333333333
1612,14,545,1268.9833333333333,2.0,7.0,34.56666666666667,0.0,0.0,0.0,0.0,0.0,0.0,0.0,0.0,0.0,2.0,33.0,44.800000000000004,1.0,124.0,99.2,0.0,0.0,0.0,0.0,0.0,0.0,1.0,126.0,233.10000000000002,0.0,0.0,0.0,0.0,0.0,0.0,0.0,0.0,0.0,0.0,0.0,0.0,1.0,22.0,122.83333333333333,1.0,22.0,119.16666666666667,0.0,0.0,0.0,3.0,40.0,171.06666666666666,3.0,171.0,444.25
1613,20,799,2131.15,4.0,14.0,58.483333333333334,0.0,0.0,0.0,1.0,99.0,305.25,5.0,23.0,97.91666666666666,0.0,0.0,0.0,0.0,0.0,0.0,1.0,4.0,8.2,0.0,0.0,0.0,0.0,0.0,0.0,0.0,0.0,0.0,0.0,0.0,0.0,2.0,179.0,575.0666666666667,0.0,0.0,0.0,0.0,0.0,0.0,3.0,260.0,830.3666666666667,1.0,3.0,2.15,1.0,12.0,67.19999999999999,2.0,205.0,186.51666666666665
1614,19,733,2798.5333333333333,0.0,0.0,0.0,3.0,34.0,131.9,1.0,60.0,288.0,2.0,6.0,14.25,0.0,0.0,0.0,0.0,0.0,0.0,2.0,8.0,27.800000000000004,0.0,0.0,0.0,0.0,0.0,0.0,0.0,0.0,0.0,1.0,8.0,45.6,5.0,318.0,1413.7666666666667,0.0,0.0,0.0,0.0,0.0,0.0,0.0,0.0,0.0,0.0,0.0,0.0,2.0,32.0,131.73333333333335,3.0,267.0,745.4833333333333
1615,18,643,2200.25,1.0,4.0,16.2,1.0,15.0,26.75,0.0,0.0,0.0,2.0,14.0,67.2,1.0,13.0,3.033333333333333,1.0,42.0,106.39999999999999,0.0,0.0,0.0,2.0,24.0,131.31666666666666,0.0,0.0,0.0,0.0,0.0,0.0,1.0,23.0,50.983333333333334,3.0,165.0,230.2,1.0,7.0,28.349999999999998,2.0,10.0,56.766666666666666,1.0,125.0,758.3333333333333,0.0,0.0,0.0,0.0,0.0,0.0,2.0,201.0,724.7166666666667
1616,25,576,1898.1166666666666,4.0,15.0,66.15,4.0,60.0,186.15,0.0,0.0,0.0,1.0,4.0,13.933333333333334,1.0,6.0,25.1,0.0,0.0,0.0,1.0,5.0,0.9166666666666666,1.0,11.0,55.0,0.0,0.0,0.0,0.0,0.0,0.0,2.0,27.0,89.46666666666667,3.0,127.0,262.45,0.0,0.0,0.0,2.0,20.0,50.266666666666666,1.0,83.0,486.9333333333333,0.0,0.0,0.0,2.0,36.0,119.86666666666667,3.0,182.0,541.8833333333333
1617,24,941,2872.95,1.0,6.0,10.700000000000001,3.0,48.0,204.28333333333333,1.0,31.0,206.15,1.0,6.0,13.3,0.0,0.0,0.0,0.0,0.0,0.0,2.0,5.0,10.683333333333334,2.0,21.0,30.216666666666665,1.0,104.0,41.6,1.0,3.0,11.75,0.0,0.0,0.0,3.0,193.0,326.4,1.0,5.0,32.0,0.0,0.0,0.0,4.0,191.0,785.5500000000001,0.0,0.0,0.0,0.0,0.0,0.0,4.0,328.0,1200.3166666666666
1618,24,690,2707.9166666666665,1.0,5.0,10.5,1.0,14.0,90.06666666666666,0.0,0.0,0.0,1.0,5.0,22.666666666666664,4.0,41.0,187.0,0.0,0.0,0.0,2.0,11.0,37.45,1.0,14.0,52.733333333333334,1.0,109.0,679.4333333333334,0.0,0.0,0.0,3.0,30.0,113.10000000000001,2.0,99.0,293.0666666666666,0.0,0.0,0.0,1.0,8.0,32.4,2.0,173.0,694.15,0.0,0.0,0.0,3.0,41.0,97.28333333333335,2.0,140.0,398.06666666666666
1619,17,629,2528.4666666666667,1.0,2.0,4.7,4.0,50.0,212.33333333333331,1.0,64.0,164.26666666666668,2.0,7.0,8.7,0.0,0.0,0.0,1.0,121.0,302.5,3.0,9.0,21.65,1.0,21.0,106.05,0.0,0.0,0.0,0.0,0.0,0.0,0.0,0.0,0.0,3.0,349.0,1695.4666666666667,0.0,0.0,0.0,0.0,0.0,0.0,0.0,0.0,0.0,1.0,6.0,12.8,0.0,0.0,0.0,0.0,0.0,0.0
1620,19,218,800.75,2.0,8.0,27.599999999999998,3.0,35.0,107.58333333333333,0.0,0.0,0.0,3.0,7.0,11.466666666666667,1.0,13.0,3.9,0.0,0.0,0.0,1.0,6.0,13.5,0.0,0.0,0.0,0.0,0.0,0.0,1.0,4.0,18.2,2.0,21.0,120.50000000000001,0.0,0.0,0.0,0.0,0.0,0.0,1.0,4.0,12.6,1.0,40.0,137.33333333333331,0.0,0.0,0.0,2.0,20.0,120.33333333333333,2.0,60.0,227.73333333333332
1621,21,265,843.0666666666666,5.0,23.0,99.58333333333333,1.0,18.0,12.0,0.0,0.0,0.0,1.0,5.0,7.5,3.0,24.0,58.66666666666667,0.0,0.0,0.0,1.0,5.0,30.416666666666664,1.0,16.0,41.86666666666667,0.0,0.0,0.0,1.0,5.0,1.6666666666666665,1.0,10.0,50.83333333333333,1.0,54.0,135.0,0.0,0.0,0.0,1.0,18.0,18.299999999999997,1.0,45.0,260.25,2.0,9.0,20.966666666666665,2.0,33.0,106.01666666666668,0.0,0.0,0.0
1622,21,611,2153.266666666667,4.0,13.0,63.983333333333334,0.0,0.0,0.0,0.0,0.0,0.0,3.0,9.0,34.63333333333333,0.0,0.0,0.0,0.0,0.0,0.0,3.0,17.0,93.23333333333332,2.0,21.0,84.55,0.0,0.0,0.0,0.0,0.0,0.0,2.0,24.0,50.5,3.0,143.0,428.75,0.0,0.0,0.0,0.0,0.0,0.0,0.0,0.0,0.0,0.0,0.0,0.0,0.0,0.0,0.0,4.0,384.0,1397.6166666666668
1623,25,343,1317.1166666666666,6.0,32.0,68.63333333333333,1.0,16.0,78.66666666666667,0.0,0.0,0.0,3.0,11.0,32.983333333333334,1.0,9.0,19.349999999999998,0.0,0.0,0.0,2.0,9.0,23.299999999999997,1.0,6.0,23.2,0.0,0.0,0.0,0.0,0.0,0.0,2.0,27.0,92.08333333333333,3.0,61.0,279.90000000000003,0.0,0.0,0.0,1.0,8.0,44.8,1.0,49.0,207.43333333333334,1.0,7.0,9.333333333333332,2.0,18.0,23.433333333333334,1.0,90.0,413.99999999999994
1624,21,610,2158.5333333333333,2.0,13.0,10.65,2.0,15.0,54.96666666666667,0.0,0.0,0.0,2.0,6.0,33.58333333333333,1.0,22.0,111.46666666666667,0.0,0.0,0.0,0.0,0.0,0.0,0.0,0.0,0.0,0.0,0.0,0.0,0.0,0.0,0.0,3.0,44.0,225.23333333333335,4.0,296.0,919.6,0.0,0.0,0.0,1.0,18.0,5.699999999999999,0.0,0.0,0.0,2.0,5.0,21.516666666666666,0.0,0.0,0.0,4.0,191.0,775.8166666666666
1625,26,454,1367.85,2.0,7.0,9.283333333333333,2.0,34.0,188.7,1.0,51.0,183.6,4.0,17.0,59.41666666666667,0.0,0.0,0.0,0.0,0.0,0.0,3.0,17.0,68.13333333333334,1.0,14.0,64.86666666666667,1.0,43.0,117.53333333333333,0.0,0.0,0.0,3.0,52.0,156.61666666666667,2.0,75.0,265.85,2.0,9.0,52.60000000000001,2.0,28.0,71.16666666666666,0.0,0.0,0.0,0.0,0.0,0.0,1.0,5.0,10.083333333333332,2.0,102.0,120.0
1626,22,515,2253.1833333333334,3.0,9.0,10.316666666666666,1.0,6.0,12.600000000000001,0.0,0.0,0.0,3.0,13.0,53.833333333333336,3.0,50.0,226.28333333333333,1.0,93.0,534.75,0.0,0.0,0.0,0.0,0.0,0.0,1.0,22.0,136.4,0.0,0.0,0.0,1.0,18.0,22.5,0.0,0.0,0.0,2.0,11.0,37.15,2.0,23.0,120.61666666666667,2.0,118.0,369.09999999999997,0.0,0.0,0.0,1.0,17.0,104.83333333333334,2.0,135.0,624.8
1627,21,542,1667.5166666666667,3.0,6.0,20.483333333333334,0.0,0.0,0.0,0.0,0.0,0.0,3.0,15.0,60.58333333333333,0.0,0.0,0.0,1.0,53.0,248.21666666666667,1.0,3.0,7.15,1.0,4.0,7.933333333333334,0.0,0.0,0.0,0.0,0.0,0.0,1.0,23.0,18.400000000000002,3.0,188.0,623.2166666666667,1.0,6.0,32.6,1.0,10.0,39.833333333333336,2.0,60.0,260.76666666666665,1.0,1.0,3.2333333333333334,1.0,17.0,3.966666666666667,2.0,156.0,341.1333333333333
1628,22,936,3165.7833333333333,2.0,10.0,35.5,2.0,33.0,28.816666666666666,0.0,0.0,0.0,3.0,10.0,21.766666666666666,0.0,0.0,0.0,0.0,0.0,0.0,1.0,3.0,8.799999999999999,0.0,0.0,0.0,0.0,0.0,0.0,0.0,0.0,0.0,1.0,18.0,43.5,5.0,428.0,1473.6333333333332,0.0,0.0,0.0,2.0,17.0,84.21666666666667,4.0,331.0,1304.7166666666667,0.0,0.0,0.0,1.0,12.0,23.0,1.0,74.0,141.83333333333334
1629,27,915,3895.4,3.0,8.0,22.03333333333333,0.0,0.0,0.0,0.0,0.0,0.0,3.0,15.0,49.81666666666666,1.0,16.0,51.46666666666667,0.0,0.0,0.0,4.0,18.0,82.91666666666666,2.0,27.0,143.23333333333335,1.0,62.0,127.1,0.0,0.0,0.0,1.0,9.0,36.75,5.0,360.0,1443.3833333333332,1.0,5.0,13.166666666666666,0.0,0.0,0.0,1.0,68.0,276.5333333333333,0.0,0.0,0.0,2.0,43.0,248.36666666666667,3.0,284.0,1400.6333333333334
1630,26,664,2089.733333333333,3.0,13.0,23.466666666666665,3.0,38.0,209.0,0.0,0.0,0.0,4.0,18.0,63.03333333333334,0.0,0.0,0.0,0.0,0.0,0.0,2.0,10.0,29.566666666666666,2.0,44.0,227.08333333333331,0.0,0.0,0.0,0.0,0.0,0.0,0.0,0.0,0.0,1.0,73.0,425.8333333333333,0.0,0.0,0.0,3.0,48.0,185.73333333333332,1.0,27.0,121.5,1.0,5.0,20.166666666666664,2.0,29.0,153.23333333333335,4.0,359.0,631.1166666666667
1631,21,883,2814.616666666667,1.0,3.0,3.05,2.0,33.0,52.35000000000001,3.0,191.0,635.8,1.0,2.0,1.3,1.0,14.0,53.199999999999996,0.0,0.0,0.0,2.0,2.0,5.666666666666666,1.0,14.0,44.56666666666666,0.0,0.0,0.0,1.0,5.0,20.75,1.0,18.0,59.7,5.0,418.0,1565.6,0.0,0.0,0.0,0.0,0.0,0.0,2.0,170.0,339.2666666666667,0.0,0.0,0.0,1.0,13.0,33.36666666666667,0.0,0.0,0.0
1632,21,770,2766.3166666666666,3.0,11.0,29.91666666666667,0.0,0.0,0.0,0.0,0.0,0.0,1.0,3.0,18.85,1.0,22.0,16.5,1.0,28.0,7.466666666666667,0.0,0.0,0.0,1.0,8.0,19.6,0.0,0.0,0.0,0.0,0.0,0.0,2.0,22.0,23.049999999999997,6.0,392.0,1504.1166666666666,2.0,7.0,30.25,0.0,0.0,0.0,0.0,0.0,0.0,0.0,0.0,0.0,1.0,20.0,131.66666666666666,3.0,257.0,984.9
1633,11,314,1057.5666666666666,0.0,0.0,0.0,2.0,28.0,160.65,0.0,0.0,0.0,1.0,3.0,10.25,0.0,0.0,0.0,1.0,115.0,304.75,2.0,8.0,32.983333333333334,1.0,19.0,118.43333333333334,0.0,0.0,0.0,0.0,0.0,0.0,1.0,9.0,40.8,1.0,29.0,70.08333333333333,0.0,0.0,0.0,0.0,0.0,0.0,1.0,102.0,314.5,1.0,1.0,5.116666666666666,0.0,0.0,0.0,0.0,0.0,0.0
1634,25,804,3228.1666666666665,1.0,5.0,27.25,1.0,23.0,55.199999999999996,0.0,0.0,0.0,4.0,16.0,57.13333333333333,3.0,41.0,88.13333333333333,0.0,0.0,0.0,3.0,11.0,31.766666666666666,1.0,14.0,36.16666666666667,2.0,95.0,384.45000000000005,0.0,0.0,0.0,0.0,0.0,0.0,3.0,134.0,620.2666666666667,0.0,0.0,0.0,1.0,15.0,13.25,2.0,174.0,765.4666666666667,0.0,0.0,0.0,1.0,8.0,1.3333333333333333,3.0,268.0,1147.75
1635,23,1025,3737.65,3.0,13.0,65.26666666666667,1.0,5.0,27.833333333333332,3.0,259.0,961.0666666666666,1.0,2.0,6.7,0.0,0.0,0.0,0.0,0.0,0.0,1.0,6.0,9.899999999999999,1.0,23.0,110.01666666666667,0.0,0.0,0.0,1.0,5.0,26.25,1.0,17.0,49.016666666666666,7.0,499.0,1658.1833333333334,0.0,0.0,0.0,1.0,11.0,67.46666666666667,2.0,122.0,676.1500000000001,0.0,0.0,0.0,0.0,0.0,0.0,1.0,63.0,79.8
1636,13,312,1455.1333333333334,1.0,2.0,5.4,0.0,0.0,0.0,1.0,21.0,130.55,2.0,11.0,49.61666666666667,2.0,12.0,42.9,1.0,105.0,311.5,1.0,4.0,6.266666666666667,1.0,5.0,22.416666666666668,0.0,0.0,0.0,0.0,0.0,0.0,1.0,16.0,73.86666666666666,0.0,0.0,0.0,0.0,0.0,0.0,0.0,0.0,0.0,0.0,0.0,0.0,0.0,0.0,0.0,1.0,7.0,44.1,2.0,129.0,768.5166666666667
1637,21,416,1728.7166666666667,4.0,13.0,70.66666666666667,1.0,22.0,26.4,1.0,53.0,333.9,2.0,4.0,19.383333333333333,2.0,33.0,88.55000000000001,0.0,0.0,0.0,1.0,1.0,6.2,1.0,12.0,53.0,0.0,0.0,0.0,0.0,0.0,0.0,5.0,85.0,297.5,1.0,36.0,26.4,0.0,0.0,0.0,1.0,12.0,10.8,1.0,107.0,622.3833333333333,0.0,0.0,0.0,0.0,0.0,0.0,1.0,38.0,173.53333333333333
1638,18,278,823.8666666666667,4.0,24.0,77.21666666666667,2.0,18.0,55.53333333333333,0.0,0.0,0.0,2.0,9.0,22.166666666666664,1.0,16.0,64.26666666666667,0.0,0.0,0.0,2.0,10.0,55.41666666666667,3.0,33.0,115.46666666666667,0.0,0.0,0.0,1.0,5.0,8.75,0.0,0.0,0.0,1.0,71.0,121.88333333333333,0.0,0.0,0.0,0.0,0.0,0.0,0.0,0.0,0.0,0.0,0.0,0.0,0.0,0.0,0.0,2.0,92.0,303.1666666666667
1639,35,1152,4080.75,5.0,27.0,103.65,3.0,42.0,108.63333333333333,1.0,78.0,124.80000000000001,1.0,4.0,6.066666666666666,2.0,29.0,79.69999999999999,0.0,0.0,0.0,2.0,9.0,35.1,2.0,37.0,139.38333333333333,0.0,0.0,0.0,2.0,10.0,32.833333333333336,2.0,13.0,48.58333333333333,6.0,532.0,1881.3166666666668,1.0,3.0,13.200000000000001,2.0,17.0,81.18333333333334,1.0,86.0,32.96666666666667,1.0,2.0,11.3,1.0,7.0,21.583333333333336,3.0,256.0,1360.45
1640,16,379,1495.3166666666666,3.0,10.0,36.766666666666666,3.0,42.0,129.53333333333333,0.0,0.0,0.0,1.0,2.0,5.5,2.0,30.0,96.0,1.0,103.0,525.3,1.0,2.0,3.1666666666666665,1.0,10.0,17.833333333333336,0.0,0.0,0.0,0.0,0.0,0.0,0.0,0.0,0.0,0.0,0.0,0.0,0.0,0.0,0.0,1.0,22.0,15.399999999999999,2.0,145.0,658.0166666666667,0.0,0.0,0.0,1.0,13.0,7.8,0.0,0.0,0.0
1641,25,823,3175.65,0.0,0.0,0.0,2.0,29.0,162.71666666666667,0.0,0.0,0.0,2.0,6.0,26.15,2.0,20.0,111.93333333333334,1.0,47.0,91.64999999999999,2.0,3.0,15.133333333333335,1.0,4.0,14.533333333333333,0.0,0.0,0.0,1.0,1.0,2.3,2.0,20.0,105.8,3.0,154.0,758.7333333333333,0.0,0.0,0.0,0.0,0.0,0.0,8.0,479.0,1541.7000000000003,0.0,0.0,0.0,0.0,0.0,0.0,1.0,60.0,345.0
1642,17,428,1822.7333333333333,1.0,6.0,17.0,3.0,43.0,173.01666666666665,1.0,126.0,386.40000000000003,0.0,0.0,0.0,2.0,24.0,79.13333333333334,0.0,0.0,0.0,2.0,8.0,36.93333333333334,0.0,0.0,0.0,0.0,0.0,0.0,0.0,0.0,0.0,3.0,26.0,88.35,0.0,0.0,0.0,1.0,3.0,9.4,1.0,14.0,40.13333333333333,2.0,146.0,825.4333333333334,0.0,0.0,0.0,0.0,0.0,0.0,1.0,32.0,166.93333333333334
1643,18,251,823.25,3.0,11.0,17.45,1.0,20.0,109.66666666666667,0.0,0.0,0.0,3.0,9.0,17.35,0.0,0.0,0.0,0.0,0.0,0.0,2.0,6.0,10.899999999999999,1.0,20.0,52.0,0.0,0.0,0.0,0.0,0.0,0.0,3.0,47.0,79.1,1.0,33.0,216.7,0.0,0.0,0.0,2.0,35.0,103.33333333333334,2.0,70.0,216.75,0.0,0.0,0.0,0.0,0.0,0.0,0.0,0.0,0.0
1644,32,848,3265.4166666666665,3.0,14.0,79.23333333333335,1.0,23.0,105.03333333333333,3.0,200.0,721.3666666666666,5.0,14.0,35.6,3.0,37.0,121.75,3.0,154.0,500.3666666666667,1.0,5.0,14.416666666666666,1.0,19.0,70.93333333333334,0.0,0.0,0.0,1.0,7.0,6.066666666666666,0.0,0.0,0.0,0.0,0.0,0.0,2.0,8.0,44.75,2.0,38.0,135.2,1.0,115.0,632.5,0.0,0.0,0.0,4.0,72.0,288.7,2.0,142.0,509.5
1645,25,835,3076.1,3.0,10.0,37.61666666666667,1.0,9.0,13.2,1.0,90.0,93.00000000000001,0.0,0.0,0.0,2.0,19.0,25.833333333333332,0.0,0.0,0.0,3.0,8.0,29.266666666666666,1.0,23.0,137.23333333333335,0.0,0.0,0.0,0.0,0.0,0.0,1.0,17.0,63.75,4.0,256.0,1130.4,1.0,2.0,12.166666666666666,1.0,21.0,135.1,4.0,357.0,1342.5666666666666,0.0,0.0,0.0,3.0,23.0,55.96666666666666,0.0,0.0,0.0
1646,22,781,2860.766666666667,2.0,8.0,16.783333333333335,2.0,21.0,89.60000000000001,1.0,25.0,68.75,2.0,3.0,11.916666666666668,1.0,17.0,16.15,0.0,0.0,0.0,2.0,7.0,10.8,1.0,11.0,36.11666666666667,0.0,0.0,0.0,0.0,0.0,0.0,3.0,48.0,186.11666666666665,6.0,418.0,1781.6,0.0,0.0,0.0,0.0,0.0,0.0,1.0,127.0,372.5333333333333,0.0,0.0,0.0,0.0,0.0,0.0,1.0,96.0,270.40000000000003
1647,20,532,1391.6833333333334,2.0,13.0,54.21666666666667,1.0,5.0,28.75,0.0,0.0,0.0,2.0,6.0,12.183333333333334,0.0,0.0,0.0,0.0,0.0,0.0,4.0,12.0,23.316666666666666,1.0,7.0,28.699999999999996,0.0,0.0,0.0,0.0,0.0,0.0,0.0,0.0,0.0,1.0,80.0,68.0,0.0,0.0,0.0,2.0,26.0,44.400000000000006,0.0,0.0,0.0,0.0,0.0,0.0,2.0,32.0,64.26666666666667,5.0,351.0,1067.85
1648,18,464,1309.7333333333333,2.0,10.0,42.78333333333333,2.0,30.0,52.93333333333334,0.0,0.0,0.0,1.0,1.0,1.05,1.0,23.0,57.88333333333333,1.0,105.0,35.0,0.0,0.0,0.0,1.0,16.0,77.6,0.0,0.0,0.0,0.0,0.0,0.0,1.0,14.0,79.10000000000001,2.0,72.0,163.93333333333334,0.0,0.0,0.0,3.0,35.0,144.25,2.0,116.0,540.5999999999999,1.0,2.0,9.266666666666667,0.0,0.0,0.0,1.0,40.0,105.33333333333333
1649,18,521,2253.5499999999997,4.0,18.0,63.91666666666667,0.0,0.0,0.0,0.0,0.0,0.0,2.0,10.0,33.266666666666666,1.0,15.0,76.0,0.0,0.0,0.0,1.0,4.0,7.333333333333333,2.0,26.0,112.71666666666667,0.0,0.0,0.0,0.0,0.0,0.0,0.0,0.0,0.0,4.0,273.0,1495.2333333333331,0.0,0.0,0.0,0.0,0.0,0.0,1.0,50.0,47.5,0.0,0.0,0.0,1.0,14.0,21.0,2.0,111.0,396.5833333333333
1650,26,794,1817.1833333333334,2.0,10.0,20.566666666666666,2.0,17.0,40.849999999999994,0.0,0.0,0.0,2.0,10.0,33.33333333333333,2.0,35.0,161.93333333333334,0.0,0.0,0.0,2.0,12.0,77.5,2.0,29.0,84.88333333333333,0.0,0.0,0.0,1.0,6.0,13.799999999999999,4.0,58.0,187.66666666666666,1.0,87.0,37.7,0.0,0.0,0.0,2.0,11.0,28.983333333333334,5.0,407.0,952.6333333333332,0.0,0.0,0.0,0.0,0.0,0.0,1.0,112.0,177.33333333333331
1651,23,761,1904.5166666666667,1.0,6.0,27.299999999999997,3.0,60.0,58.3,2.0,105.0,586.1666666666667,4.0,17.0,14.433333333333334,1.0,21.0,28.0,1.0,77.0,24.383333333333333,1.0,4.0,26.066666666666666,0.0,0.0,0.0,0.0,0.0,0.0,0.0,0.0,0.0,1.0,9.0,11.700000000000001,3.0,278.0,775.65,0.0,0.0,0.0,3.0,37.0,100.16666666666667,1.0,56.0,151.20000000000002,0.0,0.0,0.0,1.0,23.0,71.68333333333334,1.0,68.0,29.46666666666667
1652,25,698,1252.0500000000002,6.0,21.0,72.56666666666666,0.0,0.0,0.0,0.0,0.0,0.0,1.0,7.0,8.049999999999999,0.0,0.0,0.0,0.0,0.0,0.0,3.0,14.0,18.28333333333333,1.0,14.0,16.333333333333336,0.0,0.0,0.0,0.0,0.0,0.0,3.0,31.0,117.18333333333334,4.0,331.0,265.06666666666666,0.0,0.0,0.0,0.0,0.0,0.0,2.0,154.0,134.56666666666666,0.0,0.0,0.0,3.0,24.0,61.3,2.0,102.0,558.7
1653,17,567,1498.2,1.0,2.0,11.066666666666666,1.0,10.0,41.0,0.0,0.0,0.0,0.0,0.0,0.0,1.0,5.0,26.5,0.0,0.0,0.0,4.0,19.0,76.1,2.0,35.0,71.33333333333333,0.0,0.0,0.0,0.0,0.0,0.0,0.0,0.0,0.0,4.0,252.0,572.2,0.0,0.0,0.0,2.0,25.0,95.33333333333333,1.0,121.0,500.1333333333334,0.0,0.0,0.0,0.0,0.0,0.0,1.0,98.0,104.53333333333333
1654,22,798,3012.7,4.0,14.0,30.866666666666667,1.0,5.0,20.083333333333332,1.0,110.0,597.6666666666667,1.0,7.0,21.7,0.0,0.0,0.0,0.0,0.0,0.0,3.0,14.0,50.45,0.0,0.0,0.0,1.0,122.0,327.3666666666666,0.0,0.0,0.0,1.0,9.0,36.0,1.0,52.0,247.0,0.0,0.0,0.0,2.0,25.0,127.66666666666666,2.0,163.0,164.75,0.0,0.0,0.0,2.0,34.0,127.76666666666667,3.0,243.0,1261.3833333333332
1655,29,864,2887.483333333333,2.0,10.0,34.233333333333334,2.0,43.0,214.78333333333333,0.0,0.0,0.0,3.0,5.0,16.116666666666667,2.0,31.0,94.31666666666668,0.0,0.0,0.0,3.0,15.0,24.65,2.0,28.0,60.03333333333334,2.0,165.0,290.5833333333333,0.0,0.0,0.0,3.0,32.0,72.2,3.0,149.0,644.5999999999999,0.0,0.0,0.0,2.0,17.0,108.16666666666666,2.0,164.0,225.13333333333333,0.0,0.0,0.0,1.0,17.0,95.48333333333332,2.0,188.0,1007.1833333333334
1656,26,732,2517.35,5.0,18.0,37.15,1.0,14.0,44.1,0.0,0.0,0.0,3.0,15.0,64.43333333333334,2.0,26.0,49.53333333333333,0.0,0.0,0.0,3.0,10.0,41.36666666666667,0.0,0.0,0.0,0.0,0.0,0.0,0.0,0.0,0.0,1.0,14.0,30.800000000000004,4.0,194.0,286.05,0.0,0.0,0.0,0.0,0.0,0.0,4.0,360.0,1469.6,2.0,7.0,25.65,0.0,0.0,0.0,1.0,74.0,468.66666666666663
1657,26,1140,4263.4,2.0,10.0,26.933333333333334,0.0,0.0,0.0,0.0,0.0,0.0,1.0,1.0,3.5166666666666666,2.0,33.0,122.45000000000002,1.0,100.0,366.66666666666663,3.0,13.0,52.88333333333333,0.0,0.0,0.0,0.0,0.0,0.0,0.0,0.0,0.0,2.0,25.0,152.75,1.0,109.0,621.3000000000001,1.0,3.0,17.1,0.0,0.0,0.0,3.0,263.0,803.55,0.0,0.0,0.0,4.0,61.0,215.21666666666667,6.0,522.0,1881.0333333333333
1658,20,507,2236.4166666666665,1.0,4.0,15.0,1.0,8.0,7.6,0.0,0.0,0.0,4.0,18.0,92.9,1.0,14.0,63.0,0.0,0.0,0.0,2.0,5.0,22.900000000000002,1.0,6.0,15.2,0.0,0.0,0.0,1.0,6.0,12.8,2.0,32.0,167.23333333333332,3.0,265.0,1106.7166666666667,0.0,0.0,0.0,2.0,26.0,50.66666666666667,1.0,78.0,458.90000000000003,0.0,0.0,0.0,0.0,0.0,0.0,1.0,45.0,223.5
1659,23,725,1998.3999999999999,3.0,12.0,58.48333333333333,0.0,0.0,0.0,0.0,0.0,0.0,3.0,17.0,63.0,3.0,36.0,172.16666666666666,0.0,0.0,0.0,2.0,4.0,11.566666666666666,1.0,7.0,4.2,1.0,62.0,389.56666666666666,0.0,0.0,0.0,2.0,33.0,12.05,2.0,159.0,316.3833333333333,0.0,0.0,0.0,0.0,0.0,0.0,4.0,287.0,828.8166666666666,0.0,0.0,0.0,1.0,10.0,36.0,1.0,98.0,106.16666666666666
1660,24,850,2693.05,3.0,13.0,23.883333333333333,1.0,22.0,101.56666666666666,0.0,0.0,0.0,3.0,18.0,74.03333333333335,0.0,0.0,0.0,1.0,115.0,755.1666666666666,2.0,7.0,9.333333333333334,1.0,4.0,25.066666666666666,1.0,126.0,71.39999999999999,1.0,7.0,13.766666666666666,2.0,26.0,112.56666666666666,3.0,261.0,673.15,1.0,1.0,5.416666666666667,0.0,0.0,0.0,2.0,177.0,639.1666666666667,0.0,0.0,0.0,2.0,34.0,133.93333333333334,1.0,39.0,54.599999999999994
1661,17,256,826.2,3.0,9.0,32.983333333333334,2.0,35.0,167.7,0.0,0.0,0.0,1.0,5.0,13.083333333333334,1.0,18.0,78.3,0.0,0.0,0.0,2.0,7.0,13.85,2.0,39.0,189.41666666666669,1.0,74.0,259.0,0.0,0.0,0.0,2.0,10.0,25.06666666666667,0.0,0.0,0.0,1.0,1.0,3.3,0.0,0.0,0.0,1.0,29.0,29.0,0.0,0.0,0.0,0.0,0.0,0.0,1.0,29.0,14.5
1662,20,526,1691.5166666666667,2.0,8.0,3.666666666666667,1.0,4.0,13.466666666666667,1.0,112.0,37.33333333333333,2.0,7.0,19.333333333333332,6.0,102.0,264.9166666666667,0.0,0.0,0.0,2.0,3.0,15.8,1.0,18.0,27.6,0.0,0.0,0.0,0.0,0.0,0.0,1.0,11.0,47.483333333333334,1.0,109.0,634.0166666666667,0.0,0.0,0.0,0.0,0.0,0.0,1.0,115.0,538.5833333333334,0.0,0.0,0.0,2.0,37.0,89.31666666666666,0.0,0.0,0.0
1663,24,638,2252.883333333333,3.0,12.0,37.11666666666667,0.0,0.0,0.0,0.0,0.0,0.0,4.0,19.0,67.75,3.0,44.0,146.39999999999998,0.0,0.0,0.0,4.0,16.0,59.7,1.0,13.0,25.133333333333333,1.0,72.0,134.4,0.0,0.0,0.0,1.0,18.0,97.80000000000001,0.0,0.0,0.0,0.0,0.0,0.0,2.0,31.0,132.7,3.0,179.0,615.0833333333334,0.0,0.0,0.0,0.0,0.0,0.0,2.0,234.0,936.8
1664,26,841,2994.983333333333,2.0,7.0,30.616666666666667,1.0,22.0,41.8,0.0,0.0,0.0,3.0,15.0,48.383333333333326,3.0,37.0,195.3,0.0,0.0,0.0,2.0,8.0,11.966666666666667,2.0,32.0,36.4,0.0,0.0,0.0,0.0,0.0,0.0,1.0,7.0,15.049999999999999,6.0,515.0,1734.0166666666667,1.0,5.0,11.333333333333332,0.0,0.0,0.0,2.0,142.0,623.5666666666666,1.0,2.0,3.8333333333333335,0.0,0.0,0.0,2.0,49.0,242.71666666666664
1665,21,429,1262.3000000000002,1.0,4.0,22.066666666666666,1.0,11.0,19.25,0.0,0.0,0.0,3.0,17.0,58.016666666666666,1.0,15.0,46.0,0.0,0.0,0.0,2.0,14.0,32.666666666666664,3.0,36.0,132.48333333333332,0.0,0.0,0.0,0.0,0.0,0.0,3.0,49.0,149.63333333333333,3.0,230.0,636.3333333333334,0.0,0.0,0.0,1.0,9.0,11.55,1.0,16.0,55.2,1.0,5.0,19.75,0.0,0.0,0.0,1.0,23.0,79.35000000000001
1666,13,357,678.2666666666667,1.0,4.0,10.733333333333333,1.0,19.0,69.03333333333333,0.0,0.0,0.0,3.0,19.0,24.08333333333333,0.0,0.0,0.0,0.0,0.0,0.0,0.0,0.0,0.0,1.0,10.0,24.666666666666668,0.0,0.0,0.0,0.0,0.0,0.0,2.0,36.0,167.88333333333335,1.0,36.0,33.0,0.0,0.0,0.0,0.0,0.0,0.0,1.0,108.0,156.6,0.0,0.0,0.0,1.0,19.0,8.866666666666667,2.0,106.0,183.4
1667,30,938,3697.483333333333,6.0,28.0,94.21666666666667,1.0,9.0,44.25,0.0,0.0,0.0,7.0,23.0,65.03333333333333,1.0,10.0,20.5,1.0,115.0,389.0833333333333,1.0,1.0,2.566666666666667,0.0,0.0,0.0,0.0,0.0,0.0,1.0,5.0,26.083333333333336,2.0,21.0,29.166666666666664,4.0,308.0,1256.05,0.0,0.0,0.0,1.0,22.0,143.73333333333332,1.0,109.0,490.5,0.0,0.0,0.0,1.0,7.0,18.666666666666664,3.0,280.0,1117.6333333333332
1668,22,393,1360.3500000000001,2.0,8.0,12.466666666666667,5.0,80.0,373.78333333333336,0.0,0.0,0.0,3.0,10.0,32.8,2.0,42.0,141.26666666666665,0.0,0.0,0.0,3.0,10.0,24.816666666666666,0.0,0.0,0.0,0.0,0.0,0.0,0.0,0.0,0.0,2.0,20.0,23.566666666666666,1.0,77.0,193.78333333333333,0.0,0.0,0.0,1.0,22.0,82.13333333333334,2.0,104.0,404.0666666666667,0.0,0.0,0.0,1.0,20.0,71.66666666666667,0.0,0.0,0.0
1669,22,741,1302.9833333333333,2.0,7.0,35.18333333333333,3.0,41.0,61.93333333333334,1.0,118.0,82.6,2.0,9.0,18.28333333333333,1.0,5.0,28.75,0.0,0.0,0.0,0.0,0.0,0.0,1.0,19.0,50.35,0.0,0.0,0.0,0.0,0.0,0.0,2.0,26.0,61.63333333333333,2.0,155.0,320.31666666666666,2.0,9.0,36.13333333333333,0.0,0.0,0.0,1.0,44.0,68.93333333333334,0.0,0.0,0.0,1.0,6.0,29.5,4.0,302.0,509.3666666666667
1670,22,551,1259.1,2.0,5.0,8.1,0.0,0.0,0.0,0.0,0.0,0.0,4.0,13.0,48.233333333333334,4.0,43.0,100.21666666666667,1.0,40.0,41.333333333333336,3.0,11.0,22.833333333333336,0.0,0.0,0.0,0.0,0.0,0.0,0.0,0.0,0.0,0.0,0.0,0.0,3.0,164.0,149.2,0.0,0.0,0.0,2.0,13.0,44.33333333333333,2.0,189.0,692.7666666666667,0.0,0.0,0.0,0.0,0.0,0.0,1.0,73.0,152.08333333333334
1671,27,744,2719.583333333333,2.0,8.0,24.533333333333335,0.0,0.0,0.0,1.0,90.0,598.5,2.0,11.0,21.1,3.0,25.0,107.58333333333333,0.0,0.0,0.0,3.0,17.0,38.61666666666667,3.0,36.0,79.31666666666666,0.0,0.0,0.0,1.0,5.0,22.75,3.0,49.0,202.68333333333334,4.0,359.0,1000.5333333333333,0.0,0.0,0.0,2.0,28.0,107.18333333333332,0.0,0.0,0.0,1.0,7.0,26.483333333333334,1.0,19.0,13.299999999999999,1.0,90.0,477.0
1672,17,606,2651.883333333333,1.0,7.0,34.766666666666666,1.0,14.0,36.16666666666667,0.0,0.0,0.0,2.0,7.0,31.21666666666667,2.0,32.0,137.13333333333333,0.0,0.0,0.0,2.0,10.0,55.23333333333333,1.0,16.0,84.53333333333333,2.0,160.0,476.4333333333333,1.0,4.0,10.466666666666667,1.0,22.0,70.4,2.0,144.0,743.0,0.0,0.0,0.0,0.0,0.0,0.0,1.0,69.0,175.95,0.0,0.0,0.0,0.0,0.0,0.0,1.0,121.0,796.5833333333333
1673,27,699,2760.816666666667,9.0,35.0,167.98333333333335,2.0,21.0,93.91666666666666,0.0,0.0,0.0,3.0,14.0,71.35,0.0,0.0,0.0,1.0,92.0,426.2666666666667,2.0,7.0,6.466666666666666,1.0,21.0,125.65,1.0,39.0,53.300000000000004,0.0,0.0,0.0,1.0,20.0,114.66666666666667,4.0,347.0,1249.1000000000001,0.0,0.0,0.0,0.0,0.0,0.0,1.0,65.0,335.83333333333337,0.0,0.0,0.0,1.0,17.0,84.43333333333334,1.0,21.0,31.849999999999998
1674,19,473,2151.3333333333335,2.0,5.0,14.399999999999999,2.0,18.0,29.9,0.0,0.0,0.0,2.0,9.0,33.3,3.0,18.0,98.8,0.0,0.0,0.0,1.0,4.0,5.266666666666667,0.0,0.0,0.0,1.0,58.0,174.0,0.0,0.0,0.0,0.0,0.0,0.0,2.0,125.0,683.9,0.0,0.0,0.0,1.0,6.0,30.599999999999998,1.0,32.0,189.33333333333334,0.0,0.0,0.0,1.0,4.0,10.466666666666667,3.0,194.0,881.3666666666667
1675,14,289,1374.6333333333334,3.0,14.0,56.65,2.0,18.0,34.56666666666666,0.0,0.0,0.0,0.0,0.0,0.0,1.0,8.0,48.4,0.0,0.0,0.0,2.0,10.0,48.766666666666666,0.0,0.0,0.0,0.0,0.0,0.0,1.0,7.0,22.516666666666666,0.0,0.0,0.0,3.0,167.0,924.7,0.0,0.0,0.0,0.0,0.0,0.0,1.0,57.0,195.7,0.0,0.0,0.0,1.0,8.0,43.333333333333336,0.0,0.0,0.0
1676,21,684,2088.233333333333,2.0,9.0,6.3,3.0,46.0,220.58333333333334,0.0,0.0,0.0,2.0,10.0,28.0,0.0,0.0,0.0,1.0,91.0,131.95,2.0,11.0,11.316666666666666,0.0,0.0,0.0,0.0,0.0,0.0,0.0,0.0,0.0,1.0,22.0,92.76666666666667,3.0,226.0,722.3833333333334,1.0,4.0,22.8,1.0,10.0,27.0,0.0,0.0,0.0,1.0,6.0,10.1,2.0,31.0,118.76666666666667,2.0,218.0,696.2666666666667
1677,18,402,1081.65,2.0,12.0,13.083333333333332,3.0,53.0,228.76666666666668,0.0,0.0,0.0,1.0,1.0,0.8166666666666667,1.0,14.0,54.83333333333333,0.0,0.0,0.0,2.0,2.0,6.116666666666667,3.0,39.0,185.2,1.0,97.0,439.73333333333335,0.0,0.0,0.0,1.0,19.0,45.916666666666664,1.0,35.0,51.33333333333333,1.0,7.0,10.15,0.0,0.0,0.0,1.0,108.0,25.2,0.0,0.0,0.0,1.0,15.0,20.5,0.0,0.0,0.0
1678,22,748,3169.2166666666667,1.0,3.0,1.6500000000000001,2.0,26.0,134.33333333333334,0.0,0.0,0.0,2.0,11.0,50.03333333333333,2.0,42.0,147.0,0.0,0.0,0.0,1.0,4.0,20.0,0.0,0.0,0.0,0.0,0.0,0.0,0.0,0.0,0.0,4.0,27.0,57.41666666666667,3.0,223.0,993.7333333333332,0.0,0.0,0.0,0.0,0.0,0.0,4.0,244.0,1029.65,0.0,0.0,0.0,1.0,16.0,55.2,2.0,152.0,680.1999999999999
1679,21,416,1212.8,4.0,13.0,44.166666666666664,0.0,0.0,0.0,0.0,0.0,0.0,0.0,0.0,0.0,6.0,57.0,219.43333333333334,0.0,0.0,0.0,3.0,11.0,34.4,0.0,0.0,0.0,0.0,0.0,0.0,0.0,0.0,0.0,3.0,30.0,152.79999999999998,0.0,0.0,0.0,0.0,0.0,0.0,2.0,37.0,112.66666666666667,3.0,268.0,649.3333333333333,0.0,0.0,0.0,0.0,0.0,0.0,0.0,0.0,0.0
1680,18,465,1848.95,1.0,4.0,5.2,1.0,10.0,16.5,0.0,0.0,0.0,3.0,14.0,43.06666666666667,1.0,9.0,57.15,0.0,0.0,0.0,1.0,5.0,2.0833333333333335,3.0,37.0,169.71666666666667,0.0,0.0,0.0,0.0,0.0,0.0,1.0,7.0,7.0,1.0,112.0,644.0,0.0,0.0,0.0,1.0,16.0,89.86666666666666,2.0,142.0,515.8333333333334,0.0,0.0,0.0,1.0,4.0,11.933333333333334,2.0,105.0,286.6
1681,19,572,1919.7166666666667,2.0,8.0,41.66666666666667,0.0,0.0,0.0,0.0,0.0,0.0,4.0,15.0,21.116666666666667,1.0,12.0,7.6,0.0,0.0,0.0,1.0,2.0,0.7333333333333333,1.0,22.0,55.36666666666667,0.0,0.0,0.0,0.0,0.0,0.0,1.0,11.0,8.8,3.0,305.0,1118.1333333333332,1.0,3.0,15.8,0.0,0.0,0.0,0.0,0.0,0.0,1.0,5.0,23.0,1.0,19.0,120.96666666666665,3.0,170.0,506.5333333333333
1682,26,639,2405.516666666667,7.0,31.0,75.5,2.0,44.0,240.51666666666665,0.0,0.0,0.0,2.0,3.0,5.766666666666667,2.0,16.0,71.91666666666666,0.0,0.0,0.0,2.0,8.0,7.033333333333333,1.0,16.0,24.266666666666666,0.0,0.0,0.0,0.0,0.0,0.0,2.0,19.0,39.833333333333336,2.0,83.0,231.88333333333333,0.0,0.0,0.0,1.0,23.0,101.96666666666667,1.0,116.0,599.3333333333334,0.0,0.0,0.0,0.0,0.0,0.0,4.0,280.0,1007.5000000000001
1683,28,755,2430.133333333333,2.0,7.0,19.733333333333334,3.0,42.0,197.45000000000002,2.0,58.0,197.36666666666667,3.0,10.0,37.18333333333333,5.0,77.0,245.48333333333335,0.0,0.0,0.0,2.0,5.0,22.216666666666665,2.0,31.0,91.15,0.0,0.0,0.0,0.0,0.0,0.0,1.0,11.0,36.3,4.0,344.0,1030.3333333333333,1.0,1.0,0.5666666666666667,0.0,0.0,0.0,2.0,161.0,543.55,0.0,0.0,0.0,1.0,8.0,8.8,0.0,0.0,0.0
1684,27,875,2275.4166666666665,4.0,13.0,41.86666666666667,2.0,36.0,186.96666666666664,0.0,0.0,0.0,2.0,13.0,58.33333333333333,3.0,56.0,153.13333333333333,1.0,111.0,122.10000000000001,2.0,3.0,4.85,1.0,20.0,25.333333333333332,1.0,111.0,177.60000000000002,0.0,0.0,0.0,1.0,22.0,11.0,2.0,160.0,492.1,0.0,0.0,0.0,2.0,29.0,154.76666666666665,4.0,243.0,565.6166666666666,0.0,0.0,0.0,1.0,23.0,93.91666666666666,1.0,35.0,187.83333333333331
1685,16,634,1459.0666666666666,2.0,6.0,20.066666666666666,1.0,11.0,7.15,0.0,0.0,0.0,2.0,8.0,6.75,0.0,0.0,0.0,1.0,38.0,252.0666666666667,1.0,5.0,12.583333333333332,2.0,37.0,170.56666666666666,1.0,125.0,220.83333333333331,0.0,0.0,0.0,0.0,0.0,0.0,2.0,75.0,270.55,0.0,0.0,0.0,0.0,0.0,0.0,2.0,244.0,241.23333333333335,0.0,0.0,0.0,0.0,0.0,0.0,2.0,85.0,257.2666666666667
1686,19,609,2159.616666666667,3.0,14.0,76.71666666666667,1.0,5.0,6.833333333333334,0.0,0.0,0.0,1.0,6.0,12.299999999999999,0.0,0.0,0.0,0.0,0.0,0.0,2.0,6.0,20.416666666666668,0.0,0.0,0.0,0.0,0.0,0.0,0.0,0.0,0.0,1.0,18.0,52.199999999999996,2.0,165.0,403.33333333333337,1.0,6.0,22.3,0.0,0.0,0.0,3.0,226.0,939.3333333333334,0.0,0.0,0.0,2.0,20.0,97.6,3.0,143.0,528.5833333333333
1687,20,713,1886.9666666666667,2.0,5.0,15.816666666666668,4.0,51.0,209.73333333333332,0.0,0.0,0.0,0.0,0.0,0.0,3.0,51.0,233.06666666666666,0.0,0.0,0.0,2.0,9.0,29.050000000000004,0.0,0.0,0.0,1.0,83.0,408.08333333333337,0.0,0.0,0.0,1.0,9.0,46.800000000000004,5.0,485.0,890.1833333333333,1.0,2.0,11.033333333333333,1.0,18.0,43.199999999999996,0.0,0.0,0.0,0.0,0.0,0.0,0.0,0.0,0.0,0.0,0.0,0.0
1688,17,839,3417.85,1.0,4.0,4.133333333333334,3.0,24.0,81.6,0.0,0.0,0.0,2.0,5.0,9.35,1.0,21.0,93.45,0.0,0.0,0.0,0.0,0.0,0.0,0.0,0.0,0.0,0.0,0.0,0.0,0.0,0.0,0.0,0.0,0.0,0.0,2.0,187.0,377.4666666666667,0.0,0.0,0.0,2.0,32.0,178.18333333333334,4.0,362.0,1566.9166666666667,0.0,0.0,0.0,0.0,0.0,0.0,2.0,204.0,1106.75
1689,19,518,1805.3666666666668,2.0,8.0,6.6000000000000005,2.0,29.0,118.56666666666666,0.0,0.0,0.0,2.0,4.0,24.433333333333337,2.0,46.0,284.81666666666666,0.0,0.0,0.0,1.0,4.0,19.466666666666665,1.0,6.0,31.1,0.0,0.0,0.0,0.0,0.0,0.0,3.0,40.0,143.01666666666665,3.0,185.0,639.5333333333333,0.0,0.0,0.0,1.0,14.0,77.23333333333333,1.0,70.0,231.0,0.0,0.0,0.0,0.0,0.0,0.0,1.0,112.0,229.59999999999997
1690,24,569,1503.3,2.0,7.0,34.65,4.0,49.0,226.98333333333332,0.0,0.0,0.0,3.0,16.0,53.91666666666667,3.0,39.0,99.18333333333334,0.0,0.0,0.0,2.0,8.0,14.883333333333333,2.0,40.0,203.01666666666665,1.0,66.0,62.699999999999996,1.0,5.0,24.666666666666668,0.0,0.0,0.0,1.0,80.0,198.66666666666669,0.0,0.0,0.0,0.0,0.0,0.0,1.0,28.0,56.0,1.0,1.0,3.1,0.0,0.0,0.0,3.0,230.0,525.5333333333333
1691,28,1202,4192.283333333333,3.0,19.0,91.78333333333333,2.0,24.0,23.4,1.0,118.0,169.13333333333333,2.0,6.0,4.55,1.0,4.0,15.8,0.0,0.0,0.0,3.0,18.0,74.76666666666667,2.0,27.0,53.46666666666667,2.0,213.0,823.75,0.0,0.0,0.0,1.0,18.0,45.0,7.0,529.0,2268.0333333333333,0.0,0.0,0.0,1.0,13.0,17.116666666666667,1.0,82.0,281.5333333333333,0.0,0.0,0.0,1.0,21.0,65.45,1.0,110.0,258.5
1692,29,1020,3414.7166666666667,3.0,12.0,61.65,1.0,12.0,45.0,0.0,0.0,0.0,2.0,7.0,23.8,2.0,22.0,82.5,1.0,108.0,541.8,2.0,9.0,41.55,0.0,0.0,0.0,1.0,23.0,137.23333333333335,1.0,1.0,1.0666666666666667,0.0,0.0,0.0,4.0,221.0,975.0166666666667,0.0,0.0,0.0,2.0,26.0,86.16666666666667,4.0,233.0,847.7166666666667,1.0,4.0,2.0,2.0,10.0,51.166666666666664,3.0,332.0,518.05
1693,15,376,774.1666666666667,4.0,20.0,61.68333333333334,0.0,0.0,0.0,0.0,0.0,0.0,2.0,3.0,12.366666666666667,0.0,0.0,0.0,1.0,103.0,49.78333333333333,1.0,6.0,8.399999999999999,0.0,0.0,0.0,0.0,0.0,0.0,1.0,7.0,26.133333333333333,1.0,21.0,73.5,1.0,45.0,46.50000000000001,0.0,0.0,0.0,1.0,17.0,103.13333333333333,0.0,0.0,0.0,0.0,0.0,0.0,2.0,34.0,68.66666666666667,1.0,120.0,324.0
1694,23,686,1598.7666666666667,1.0,4.0,7.0,1.0,16.0,50.13333333333333,1.0,67.0,96.03333333333333,2.0,7.0,17.8,3.0,67.0,321.76666666666665,0.0,0.0,0.0,2.0,11.0,48.6,1.0,22.0,89.46666666666667,0.0,0.0,0.0,0.0,0.0,0.0,2.0,29.0,90.96666666666667,2.0,91.0,100.53333333333333,2.0,10.0,42.516666666666666,2.0,42.0,153.33333333333331,2.0,213.0,422.93333333333334,0.0,0.0,0.0,1.0,5.0,25.083333333333332,1.0,102.0,132.6
1695,26,931,3557.866666666667,3.0,3.0,12.066666666666666,2.0,35.0,180.26666666666665,0.0,0.0,0.0,2.0,5.0,14.983333333333334,2.0,28.0,106.4,1.0,120.0,604.0,0.0,0.0,0.0,1.0,10.0,2.6666666666666665,1.0,112.0,110.13333333333333,1.0,7.0,17.733333333333334,4.0,54.0,196.11666666666667,2.0,142.0,882.4166666666666,0.0,0.0,0.0,1.0,22.0,56.099999999999994,4.0,298.0,882.8166666666666,0.0,0.0,0.0,1.0,20.0,84.66666666666667,1.0,75.0,407.5
1696,22,507,1565.8666666666668,3.0,17.0,52.71666666666667,1.0,4.0,12.666666666666666,2.0,67.0,286.2166666666667,4.0,17.0,45.400000000000006,0.0,0.0,0.0,0.0,0.0,0.0,4.0,15.0,37.18333333333334,0.0,0.0,0.0,0.0,0.0,0.0,0.0,0.0,0.0,1.0,21.0,22.05,2.0,84.0,466.2,0.0,0.0,0.0,1.0,15.0,58.5,3.0,164.0,373.78333333333336,0.0,0.0,0.0,0.0,0.0,0.0,1.0,103.0,211.14999999999998
1697,25,731,2567.3500000000004,5.0,26.0,57.5,1.0,19.0,4.433333333333334,0.0,0.0,0.0,3.0,8.0,32.03333333333333,0.0,0.0,0.0,0.0,0.0,0.0,2.0,9.0,35.3,2.0,36.0,94.06666666666666,0.0,0.0,0.0,1.0,5.0,14.166666666666668,0.0,0.0,0.0,2.0,76.0,188.36666666666667,0.0,0.0,0.0,1.0,21.0,100.45,3.0,261.0,888.3666666666668,0.0,0.0,0.0,1.0,13.0,48.31666666666667,4.0,257.0,1104.35
1698,19,755,2099.4166666666665,3.0,7.0,28.1,1.0,19.0,6.966666666666666,1.0,23.0,64.39999999999999,0.0,0.0,0.0,0.0,0.0,0.0,0.0,0.0,0.0,0.0,0.0,0.0,0.0,0.0,0.0,1.0,17.0,65.16666666666667,0.0,0.0,0.0,2.0,20.0,61.38333333333334,2.0,124.0,535.1833333333334,0.0,0.0,0.0,0.0,0.0,0.0,6.0,434.0,906.05,0.0,0.0,0.0,1.0,22.0,138.96666666666667,2.0,89.0,293.2
1699,19,397,1239.0666666666666,1.0,1.0,6.283333333333333,2.0,27.0,25.183333333333334,0.0,0.0,0.0,3.0,13.0,54.71666666666666,1.0,14.0,13.066666666666666,1.0,17.0,112.19999999999999,0.0,0.0,0.0,2.0,33.0,49.43333333333334,0.0,0.0,0.0,1.0,4.0,17.733333333333334,1.0,17.0,19.833333333333336,1.0,102.0,385.9,0.0,0.0,0.0,1.0,23.0,90.08333333333333,1.0,46.0,181.70000000000002,2.0,9.0,29.7,0.0,0.0,0.0,2.0,91.0,253.23333333333335
1700,21,353,1287.0333333333333,3.0,8.0,33.833333333333336,1.0,13.0,42.03333333333333,0.0,0.0,0.0,3.0,17.0,63.53333333333334,0.0,0.0,0.0,0.0,0.0,0.0,2.0,9.0,28.383333333333333,1.0,14.0,14.700000000000001,0.0,0.0,0.0,0.0,0.0,0.0,3.0,43.0,98.95,2.0,68.0,279.01666666666665,1.0,7.0,33.71666666666667,2.0,23.0,124.73333333333332,1.0,111.0,338.54999999999995,0.0,0.0,0.0,1.0,5.0,25.416666666666664,1.0,35.0,204.16666666666666
1701,24,629,2254.1833333333334,4.0,13.0,33.31666666666667,2.0,38.0,21.133333333333333,0.0,0.0,0.0,2.0,4.0,5.483333333333333,0.0,0.0,0.0,1.0,108.0,700.2,3.0,15.0,20.1,1.0,8.0,34.13333333333333,0.0,0.0,0.0,1.0,5.0,11.25,1.0,21.0,108.5,2.0,102.0,368.79999999999995,0.0,0.0,0.0,1.0,18.0,29.1,1.0,56.0,155.86666666666667,0.0,0.0,0.0,1.0,16.0,30.4,4.0,225.0,735.9000000000001
1702,21,681,2321.0666666666666,1.0,7.0,5.25,1.0,7.0,4.083333333333334,0.0,0.0,0.0,2.0,8.0,11.916666666666666,2.0,33.0,57.86666666666667,0.0,0.0,0.0,2.0,4.0,12.366666666666667,0.0,0.0,0.0,1.0,93.0,393.7,0.0,0.0,0.0,3.0,31.0,160.53333333333333,2.0,117.0,457.15,0.0,0.0,0.0,1.0,15.0,25.0,3.0,201.0,372.16666666666663,1.0,7.0,2.216666666666667,0.0,0.0,0.0,2.0,158.0,818.8166666666666
1703,19,515,1762.4666666666667,2.0,13.0,47.36666666666666,0.0,0.0,0.0,0.0,0.0,0.0,0.0,0.0,0.0,2.0,19.0,55.53333333333334,0.0,0.0,0.0,6.0,32.0,88.4,0.0,0.0,0.0,1.0,82.0,273.33333333333337,0.0,0.0,0.0,3.0,31.0,92.94999999999999,3.0,198.0,515.7166666666667,0.0,0.0,0.0,1.0,13.0,54.16666666666667,1.0,127.0,635.0,0.0,0.0,0.0,0.0,0.0,0.0,0.0,0.0,0.0
1704,17,327,1157.6833333333334,1.0,6.0,37.5,1.0,17.0,36.83333333333333,0.0,0.0,0.0,1.0,7.0,29.75,3.0,22.0,77.63333333333333,1.0,87.0,207.35,4.0,23.0,72.91666666666667,0.0,0.0,0.0,0.0,0.0,0.0,0.0,0.0,0.0,2.0,34.0,186.64999999999998,1.0,34.0,184.16666666666669,0.0,0.0,0.0,0.0,0.0,0.0,1.0,59.0,255.66666666666666,0.0,0.0,0.0,2.0,38.0,69.21666666666667,0.0,0.0,0.0
1705,19,708,2218.766666666667,3.0,14.0,56.4,1.0,9.0,44.400000000000006,1.0,117.0,302.25,2.0,10.0,39.68333333333333,2.0,45.0,215.35000000000002,0.0,0.0,0.0,2.0,6.0,25.233333333333334,0.0,0.0,0.0,0.0,0.0,0.0,0.0,0.0,0.0,0.0,0.0,0.0,4.0,329.0,1096.2666666666667,1.0,7.0,37.800000000000004,1.0,18.0,37.800000000000004,2.0,153.0,363.5833333333333,0.0,0.0,0.0,0.0,0.0,0.0,0.0,0.0,0.0
1706,23,545,1481.2,1.0,3.0,5.25,1.0,21.0,120.4,1.0,78.0,53.300000000000004,4.0,14.0,30.116666666666667,0.0,0.0,0.0,0.0,0.0,0.0,3.0,11.0,49.266666666666666,3.0,36.0,117.71666666666667,0.0,0.0,0.0,0.0,0.0,0.0,3.0,47.0,202.06666666666666,3.0,261.0,654.95,0.0,0.0,0.0,2.0,25.0,98.96666666666667,1.0,36.0,115.80000000000001,0.0,0.0,0.0,1.0,13.0,33.36666666666667,0.0,0.0,0.0
1707,23,937,3426.9166666666665,2.0,3.0,8.833333333333332,1.0,19.0,123.81666666666666,1.0,38.0,198.86666666666667,1.0,3.0,2.4000000000000004,3.0,42.0,117.53333333333333,0.0,0.0,0.0,1.0,6.0,30.5,1.0,20.0,126.33333333333333,0.0,0.0,0.0,0.0,0.0,0.0,1.0,23.0,95.45,2.0,181.0,639.2666666666667,0.0,0.0,0.0,1.0,23.0,29.133333333333333,3.0,169.0,330.7166666666667,0.0,0.0,0.0,1.0,21.0,42.699999999999996,5.0,389.0,1681.3666666666668
1708,14,414,2139.2166666666667,0.0,0.0,0.0,0.0,0.0,0.0,0.0,0.0,0.0,3.0,15.0,39.78333333333333,2.0,34.0,63.78333333333333,0.0,0.0,0.0,1.0,2.0,11.733333333333333,0.0,0.0,0.0,0.0,0.0,0.0,0.0,0.0,0.0,2.0,33.0,170.5,1.0,29.0,167.23333333333332,0.0,0.0,0.0,0.0,0.0,0.0,3.0,279.0,1587.7333333333333,0.0,0.0,0.0,2.0,22.0,98.45,0.0,0.0,0.0
1709,18,831,2771.866666666667,1.0,5.0,28.833333333333332,2.0,30.0,113.86666666666666,1.0,92.0,67.46666666666667,0.0,0.0,0.0,1.0,21.0,48.650000000000006,0.0,0.0,0.0,0.0,0.0,0.0,1.0,4.0,7.8,1.0,48.0,79.19999999999999,0.0,0.0,0.0,1.0,22.0,118.80000000000001,3.0,253.0,758.6666666666666,0.0,0.0,0.0,1.0,22.0,88.36666666666666,2.0,165.0,687.25,1.0,6.0,25.0,1.0,13.0,38.13333333333333,2.0,150.0,709.8333333333334
1710,27,714,1808.8833333333332,4.0,10.0,42.41666666666667,3.0,51.0,246.56666666666666,0.0,0.0,0.0,4.0,16.0,63.43333333333333,3.0,57.0,247.93333333333334,0.0,0.0,0.0,2.0,5.0,11.166666666666666,1.0,9.0,32.7,1.0,123.0,246.0,0.0,0.0,0.0,3.0,37.0,124.21666666666667,1.0,123.0,323.9,1.0,7.0,13.416666666666668,1.0,15.0,82.5,2.0,157.0,256.76666666666665,0.0,0.0,0.0,0.0,0.0,0.0,1.0,104.0,117.86666666666666
1711,18,455,1618.8333333333333,3.0,19.0,67.05,1.0,8.0,38.666666666666664,0.0,0.0,0.0,1.0,5.0,25.0,1.0,17.0,5.949999999999999,0.0,0.0,0.0,4.0,14.0,56.949999999999996,1.0,5.0,28.25,0.0,0.0,0.0,0.0,0.0,0.0,1.0,13.0,36.833333333333336,3.0,125.0,348.71666666666664,0.0,0.0,0.0,0.0,0.0,0.0,2.0,236.0,968.7333333333333,0.0,0.0,0.0,1.0,13.0,42.68333333333333,0.0,0.0,0.0
1712,18,694,2063.6833333333334,1.0,4.0,1.2666666666666666,1.0,12.0,58.60000000000001,0.0,0.0,0.0,1.0,4.0,2.0,1.0,7.0,36.983333333333334,1.0,68.0,150.73333333333335,1.0,1.0,5.116666666666666,1.0,16.0,54.666666666666664,0.0,0.0,0.0,1.0,5.0,6.166666666666667,0.0,0.0,0.0,3.0,170.0,510.69999999999993,0.0,0.0,0.0,0.0,0.0,0.0,3.0,231.0,870.35,0.0,0.0,0.0,0.0,0.0,0.0,4.0,176.0,367.1
1713,20,820,2216.916666666667,1.0,3.0,0.8,0.0,0.0,0.0,0.0,0.0,0.0,1.0,6.0,5.2,2.0,35.0,75.96666666666667,0.0,0.0,0.0,4.0,16.0,64.33333333333333,1.0,12.0,23.8,0.0,0.0,0.0,0.0,0.0,0.0,0.0,0.0,0.0,7.0,611.0,1846.95,0.0,0.0,0.0,2.0,18.0,68.85,1.0,101.0,109.41666666666666,0.0,0.0,0.0,0.0,0.0,0.0,1.0,18.0,21.599999999999998
1714,24,694,2194.6833333333334,3.0,9.0,31.41666666666666,1.0,12.0,23.4,0.0,0.0,0.0,3.0,16.0,62.13333333333333,0.0,0.0,0.0,0.0,0.0,0.0,2.0,9.0,54.2,1.0,16.0,104.0,0.0,0.0,0.0,1.0,4.0,7.333333333333333,3.0,52.0,171.51666666666665,3.0,246.0,673.3000000000001,0.0,0.0,0.0,0.0,0.0,0.0,4.0,218.0,604.3833333333333,1.0,5.0,7.916666666666666,1.0,8.0,40.93333333333333,1.0,99.0,414.15000000000003
1715,25,908,3023.7833333333333,1.0,3.0,16.55,3.0,44.0,233.26666666666665,2.0,189.0,449.2666666666667,1.0,7.0,31.033333333333335,6.0,108.0,284.1,0.0,0.0,0.0,1.0,1.0,2.5833333333333335,0.0,0.0,0.0,0.0,0.0,0.0,0.0,0.0,0.0,2.0,33.0,101.03333333333333,5.0,416.0,1674.25,0.0,0.0,0.0,3.0,49.0,159.2,0.0,0.0,0.0,0.0,0.0,0.0,0.0,0.0,0.0,1.0,58.0,72.5
1716,20,405,1704.4166666666665,3.0,12.0,54.550000000000004,3.0,54.0,119.9,0.0,0.0,0.0,3.0,6.0,18.216666666666665,0.0,0.0,0.0,0.0,0.0,0.0,2.0,10.0,34.66666666666667,1.0,15.0,70.5,0.0,0.0,0.0,0.0,0.0,0.0,1.0,20.0,24.0,1.0,71.0,202.35,0.0,0.0,0.0,0.0,0.0,0.0,2.0,150.0,820.6666666666666,0.0,0.0,0.0,4.0,67.0,359.56666666666666,0.0,0.0,0.0
1717,28,698,1963.4,4.0,20.0,62.88333333333333,3.0,33.0,137.23333333333335,0.0,0.0,0.0,3.0,14.0,28.183333333333334,1.0,13.0,79.3,2.0,157.0,486.48333333333335,2.0,7.0,15.966666666666669,2.0,26.0,84.08333333333334,0.0,0.0,0.0,0.0,0.0,0.0,3.0,40.0,88.73333333333333,3.0,159.0,510.1333333333333,0.0,0.0,0.0,1.0,11.0,71.13333333333334,3.0,199.0,323.58333333333337,0.0,0.0,0.0,1.0,19.0,75.68333333333334,0.0,0.0,0.0
1718,22,505,1927.3833333333332,0.0,0.0,0.0,5.0,76.0,326.4333333333333,0.0,0.0,0.0,2.0,6.0,23.1,2.0,44.0,225.03333333333333,1.0,51.0,207.39999999999998,1.0,5.0,26.666666666666664,0.0,0.0,0.0,0.0,0.0,0.0,0.0,0.0,0.0,3.0,47.0,165.75,1.0,33.0,170.5,0.0,0.0,0.0,2.0,26.0,69.3,0.0,0.0,0.0,0.0,0.0,0.0,2.0,15.0,69.5,3.0,202.0,643.7
1719,21,579,1596.1333333333334,4.0,18.0,56.4,2.0,20.0,47.733333333333334,1.0,63.0,223.64999999999998,3.0,8.0,31.283333333333335,2.0,35.0,63.733333333333334,0.0,0.0,0.0,1.0,7.0,16.683333333333334,0.0,0.0,0.0,1.0,61.0,91.5,0.0,0.0,0.0,0.0,0.0,0.0,3.0,270.0,914.6333333333334,2.0,6.0,33.85,0.0,0.0,0.0,1.0,88.0,111.46666666666667,1.0,3.0,5.2,0.0,0.0,0.0,0.0,0.0,0.0
1720,21,318,944.2,4.0,17.0,46.333333333333336,1.0,19.0,92.78333333333335,0.0,0.0,0.0,4.0,19.0,52.5,4.0,63.0,199.54999999999998,0.0,0.0,0.0,1.0,4.0,16.866666666666667,1.0,10.0,25.833333333333336,0.0,0.0,0.0,0.0,0.0,0.0,1.0,16.0,8.0,1.0,52.0,136.93333333333334,0.0,0.0,0.0,0.0,0.0,0.0,1.0,96.0,297.6,1.0,1.0,5.916666666666667,1.0,5.0,25.083333333333332,1.0,16.0,36.8
1721,17,407,881.7666666666667,2.0,8.0,40.53333333333333,1.0,16.0,30.4,0.0,0.0,0.0,0.0,0.0,0.0,0.0,0.0,0.0,0.0,0.0,0.0,2.0,8.0,45.25,2.0,38.0,64.33333333333333,0.0,0.0,0.0,0.0,0.0,0.0,3.0,21.0,21.56666666666667,1.0,72.0,82.8,1.0,5.0,24.416666666666668,0.0,0.0,0.0,2.0,94.0,196.06666666666666,0.0,0.0,0.0,2.0,31.0,123.7,1.0,114.0,252.70000000000002
1722,21,985,3729.2833333333333,3.0,14.0,14.099999999999998,1.0,10.0,29.5,0.0,0.0,0.0,1.0,6.0,20.1,3.0,38.0,49.36666666666667,0.0,0.0,0.0,1.0,4.0,9.933333333333334,1.0,15.0,95.25,1.0,61.0,251.11666666666665,0.0,0.0,0.0,1.0,20.0,9.0,3.0,255.0,731.9833333333333,0.0,0.0,0.0,1.0,16.0,88.53333333333333,4.0,435.0,1751.45,0.0,0.0,0.0,0.0,0.0,0.0,1.0,111.0,678.9499999999999
1723,17,844,3032.7333333333336,0.0,0.0,0.0,1.0,20.0,119.33333333333334,0.0,0.0,0.0,3.0,7.0,17.95,0.0,0.0,0.0,1.0,118.0,424.8,0.0,0.0,0.0,1.0,19.0,89.61666666666667,0.0,0.0,0.0,0.0,0.0,0.0,1.0,10.0,32.0,4.0,205.0,905.6500000000001,0.0,0.0,0.0,0.0,0.0,0.0,3.0,267.0,753.1833333333334,0.0,0.0,0.0,1.0,13.0,51.56666666666667,2.0,185.0,638.6333333333333
1724,23,395,1336.7666666666667,4.0,15.0,60.18333333333333,2.0,21.0,108.03333333333333,0.0,0.0,0.0,2.0,12.0,37.3,3.0,23.0,84.61666666666667,1.0,58.0,174.96666666666667,2.0,8.0,37.68333333333333,2.0,19.0,21.283333333333335,0.0,0.0,0.0,0.0,0.0,0.0,0.0,0.0,0.0,2.0,91.0,372.18333333333334,0.0,0.0,0.0,0.0,0.0,0.0,1.0,29.0,170.61666666666667,0.0,0.0,0.0,2.0,23.0,82.69999999999999,2.0,96.0,187.2
1725,17,630,2779.666666666667,2.0,13.0,40.61666666666666,1.0,12.0,29.0,0.0,0.0,0.0,3.0,14.0,50.949999999999996,1.0,7.0,45.5,0.0,0.0,0.0,0.0,0.0,0.0,1.0,16.0,17.066666666666666,0.0,0.0,0.0,0.0,0.0,0.0,0.0,0.0,0.0,4.0,351.0,1555.7333333333333,0.0,0.0,0.0,1.0,14.0,44.800000000000004,1.0,61.0,333.4666666666667,0.0,0.0,0.0,2.0,16.0,95.53333333333333,1.0,126.0,567.0
1726,13,379,1653.5333333333333,1.0,7.0,18.316666666666666,1.0,11.0,44.916666666666664,1.0,69.0,247.25,3.0,14.0,42.06666666666666,0.0,0.0,0.0,0.0,0.0,0.0,2.0,4.0,13.016666666666666,0.0,0.0,0.0,1.0,26.0,72.36666666666666,0.0,0.0,0.0,0.0,0.0,0.0,1.0,16.0,61.06666666666667,0.0,0.0,0.0,0.0,0.0,0.0,2.0,167.0,791.6166666666666,0.0,0.0,0.0,0.0,0.0,0.0,1.0,65.0,362.91666666666663
1727,24,964,3401.65,1.0,6.0,29.9,1.0,19.0,81.7,1.0,112.0,255.73333333333332,3.0,18.0,84.26666666666668,1.0,7.0,44.91666666666667,1.0,25.0,102.49999999999999,3.0,6.0,17.3,0.0,0.0,0.0,0.0,0.0,0.0,0.0,0.0,0.0,0.0,0.0,0.0,2.0,121.0,544.8666666666667,0.0,0.0,0.0,0.0,0.0,0.0,3.0,216.0,780.7666666666667,1.0,1.0,5.0,1.0,22.0,113.30000000000001,6.0,411.0,1341.4
1728,23,659,1687.8833333333332,4.0,9.0,25.333333333333332,5.0,85.0,253.51666666666665,0.0,0.0,0.0,1.0,3.0,19.3,3.0,46.0,172.2,0.0,0.0,0.0,0.0,0.0,0.0,0.0,0.0,0.0,1.0,59.0,180.93333333333334,2.0,2.0,2.2333333333333334,0.0,0.0,0.0,3.0,258.0,290.01666666666665,0.0,0.0,0.0,1.0,7.0,15.166666666666666,1.0,77.0,128.33333333333334,0.0,0.0,0.0,1.0,11.0,31.35,1.0,102.0,569.5
1729,18,359,1635.1833333333334,4.0,18.0,75.46666666666667,0.0,0.0,0.0,1.0,23.0,132.25,3.0,10.0,19.450000000000003,1.0,4.0,14.4,0.0,0.0,0.0,1.0,4.0,18.066666666666666,1.0,17.0,65.45,0.0,0.0,0.0,0.0,0.0,0.0,0.0,0.0,0.0,1.0,84.0,420.0,0.0,0.0,0.0,3.0,19.0,38.949999999999996,2.0,81.0,290.15,0.0,0.0,0.0,0.0,0.0,0.0,1.0,99.0,561.0
1730,23,769,2480.2833333333333,1.0,4.0,17.666666666666668,2.0,15.0,62.349999999999994,0.0,0.0,0.0,1.0,7.0,13.883333333333333,0.0,0.0,0.0,0.0,0.0,0.0,4.0,14.0,49.96666666666667,3.0,58.0,201.8,0.0,0.0,0.0,0.0,0.0,0.0,0.0,0.0,0.0,4.0,318.0,1330.1333333333334,0.0,0.0,0.0,0.0,0.0,0.0,3.0,224.0,471.71666666666664,1.0,5.0,20.25,2.0,37.0,126.51666666666665,2.0,87.0,186.0
1731,18,647,2224.5833333333335,1.0,4.0,22.866666666666667,1.0,20.0,7.666666666666667,0.0,0.0,0.0,2.0,8.0,44.46666666666667,0.0,0.0,0.0,0.0,0.0,0.0,3.0,7.0,30.75,0.0,0.0,0.0,0.0,0.0,0.0,0.0,0.0,0.0,1.0,16.0,77.06666666666666,4.0,297.0,697.5166666666667,1.0,5.0,24.0,0.0,0.0,0.0,1.0,79.0,184.33333333333334,0.0,0.0,0.0,1.0,16.0,27.466666666666665,3.0,195.0,1108.45
1732,22,705,2911.5833333333335,1.0,5.0,12.666666666666666,1.0,12.0,2.8,0.0,0.0,0.0,1.0,6.0,30.699999999999996,3.0,23.0,87.95,1.0,41.0,252.83333333333334,3.0,13.0,21.2,1.0,18.0,118.5,2.0,209.0,785.15,1.0,4.0,5.533333333333333,1.0,18.0,35.7,1.0,74.0,310.8,0.0,0.0,0.0,0.0,0.0,0.0,2.0,70.0,344.5,0.0,0.0,0.0,1.0,9.0,48.15,3.0,203.0,855.1
1733,25,767,2278.5833333333335,2.0,4.0,13.549999999999999,3.0,31.0,152.13333333333333,0.0,0.0,0.0,1.0,3.0,7.199999999999999,5.0,59.0,231.5,0.0,0.0,0.0,1.0,3.0,9.950000000000001,0.0,0.0,0.0,0.0,0.0,0.0,0.0,0.0,0.0,0.0,0.0,0.0,5.0,411.0,712.05,0.0,0.0,0.0,2.0,40.0,159.8,1.0,78.0,391.3,2.0,7.0,25.71666666666667,1.0,12.0,27.4,2.0,119.0,547.9833333333333
1734,23,454,1405.75,3.0,14.0,43.13333333333333,0.0,0.0,0.0,0.0,0.0,0.0,3.0,13.0,40.55,2.0,25.0,67.68333333333334,0.0,0.0,0.0,3.0,4.0,9.983333333333333,0.0,0.0,0.0,1.0,18.0,33.9,0.0,0.0,0.0,2.0,23.0,74.08333333333333,2.0,170.0,833.5,0.0,0.0,0.0,2.0,31.0,17.333333333333336,2.0,79.0,102.41666666666667,0.0,0.0,0.0,1.0,19.0,10.450000000000001,2.0,58.0,172.7166666666667
1735,22,394,1709.8833333333332,3.0,19.0,53.56666666666666,1.0,7.0,39.43333333333334,1.0,57.0,103.55,3.0,12.0,35.38333333333333,2.0,28.0,137.03333333333333,0.0,0.0,0.0,4.0,21.0,116.91666666666666,0.0,0.0,0.0,0.0,0.0,0.0,0.0,0.0,0.0,1.0,12.0,73.19999999999999,2.0,86.0,435.5,0.0,0.0,0.0,1.0,12.0,23.0,1.0,23.0,119.98333333333333,0.0,0.0,0.0,1.0,19.0,12.983333333333334,2.0,98.0,559.3333333333333
1736,24,681,2087.4666666666667,3.0,10.0,16.716666666666665,0.0,0.0,0.0,0.0,0.0,0.0,4.0,19.0,78.5,1.0,20.0,28.0,0.0,0.0,0.0,3.0,17.0,44.9,1.0,18.0,76.5,0.0,0.0,0.0,0.0,0.0,0.0,4.0,67.0,204.35000000000002,1.0,95.0,182.08333333333334,0.0,0.0,0.0,0.0,0.0,0.0,2.0,79.0,323.56666666666666,0.0,0.0,0.0,1.0,23.0,97.36666666666667,4.0,333.0,1035.4833333333333
1737,30,1280,3787.9,4.0,15.0,47.36666666666667,2.0,38.0,167.8,1.0,97.0,556.1333333333333,1.0,6.0,9.200000000000001,3.0,51.0,184.03333333333333,2.0,227.0,484.8833333333333,1.0,4.0,24.133333333333333,3.0,51.0,141.8,0.0,0.0,0.0,0.0,0.0,0.0,2.0,16.0,48.63333333333334,3.0,198.0,713.6333333333333,0.0,0.0,0.0,0.0,0.0,0.0,4.0,252.0,916.5333333333333,0.0,0.0,0.0,1.0,11.0,27.316666666666666,3.0,314.0,466.4333333333333
1738,17,512,1333.7,1.0,1.0,0.55,1.0,11.0,65.45,0.0,0.0,0.0,2.0,6.0,25.116666666666667,0.0,0.0,0.0,0.0,0.0,0.0,2.0,8.0,16.25,2.0,23.0,130.65,1.0,84.0,33.6,0.0,0.0,0.0,0.0,0.0,0.0,3.0,279.0,838.85,1.0,6.0,13.799999999999999,2.0,18.0,66.03333333333333,2.0,76.0,143.4,0.0,0.0,0.0,0.0,0.0,0.0,0.0,0.0,0.0
1739,15,250,1054.1666666666667,1.0,3.0,16.6,0.0,0.0,0.0,0.0,0.0,0.0,2.0,9.0,10.716666666666667,2.0,16.0,40.75,0.0,0.0,0.0,2.0,6.0,35.45,1.0,6.0,34.6,0.0,0.0,0.0,0.0,0.0,0.0,1.0,18.0,78.9,1.0,54.0,135.0,0.0,0.0,0.0,1.0,10.0,51.5,2.0,60.0,313.4666666666667,1.0,5.0,9.583333333333334,0.0,0.0,0.0,1.0,63.0,327.6
1740,16,643,2686.25,2.0,10.0,51.58333333333333,0.0,0.0,0.0,1.0,16.0,103.73333333333333,2.0,10.0,32.53333333333333,1.0,19.0,119.7,0.0,0.0,0.0,1.0,3.0,11.850000000000001,1.0,16.0,23.733333333333334,1.0,41.0,82.0,0.0,0.0,0.0,0.0,0.0,0.0,1.0,25.0,105.83333333333333,0.0,0.0,0.0,0.0,0.0,0.0,4.0,431.0,2028.4833333333336,0.0,0.0,0.0,1.0,16.0,54.93333333333333,1.0,56.0,71.86666666666667
1741,18,593,2089.45,1.0,5.0,32.083333333333336,1.0,22.0,26.033333333333335,1.0,122.0,573.4,3.0,9.0,46.8,2.0,34.0,105.96666666666667,1.0,50.0,201.66666666666666,2.0,5.0,17.116666666666667,0.0,0.0,0.0,0.0,0.0,0.0,0.0,0.0,0.0,0.0,0.0,0.0,1.0,94.0,408.9,0.0,0.0,0.0,2.0,38.0,125.39999999999999,2.0,185.0,470.51666666666665,0.0,0.0,0.0,1.0,6.0,27.900000000000002,1.0,23.0,53.66666666666667
1742,12,457,1821.2333333333333,0.0,0.0,0.0,1.0,23.0,9.200000000000001,0.0,0.0,0.0,2.0,9.0,11.783333333333333,1.0,15.0,22.0,0.0,0.0,0.0,2.0,2.0,10.583333333333332,0.0,0.0,0.0,0.0,0.0,0.0,0.0,0.0,0.0,0.0,0.0,0.0,1.0,101.0,207.04999999999998,0.0,0.0,0.0,0.0,0.0,0.0,4.0,202.0,1089.8666666666668,0.0,0.0,0.0,0.0,0.0,0.0,1.0,105.0,470.75
1743,25,587,1520.2166666666667,2.0,7.0,16.0,2.0,41.0,104.71666666666667,0.0,0.0,0.0,2.0,10.0,25.933333333333334,0.0,0.0,0.0,0.0,0.0,0.0,4.0,15.0,65.93333333333334,0.0,0.0,0.0,0.0,0.0,0.0,0.0,0.0,0.0,1.0,6.0,17.599999999999998,3.0,203.0,616.0500000000001,3.0,13.0,32.25,3.0,35.0,180.18333333333334,0.0,0.0,0.0,0.0,0.0,0.0,2.0,40.0,63.133333333333326,3.0,217.0,398.41666666666663
1744,18,547,2163.9,3.0,12.0,59.233333333333334,1.0,20.0,112.0,0.0,0.0,0.0,2.0,8.0,11.8,2.0,15.0,45.41666666666667,0.0,0.0,0.0,0.0,0.0,0.0,1.0,8.0,49.06666666666667,1.0,31.0,182.38333333333335,0.0,0.0,0.0,0.0,0.0,0.0,2.0,197.0,783.2,0.0,0.0,0.0,1.0,4.0,15.2,1.0,41.0,180.4,0.0,0.0,0.0,0.0,0.0,0.0,4.0,211.0,725.2
1745,17,555,1576.3833333333334,3.0,10.0,45.266666666666666,1.0,14.0,33.36666666666667,0.0,0.0,0.0,2.0,9.0,38.06666666666667,0.0,0.0,0.0,0.0,0.0,0.0,2.0,5.0,22.766666666666666,1.0,5.0,6.25,0.0,0.0,0.0,0.0,0.0,0.0,1.0,16.0,22.133333333333333,3.0,155.0,367.0,0.0,0.0,0.0,0.0,0.0,0.0,1.0,88.0,313.8666666666667,0.0,0.0,0.0,1.0,23.0,42.550000000000004,2.0,230.0,685.1166666666667
1746,24,703,2201.633333333333,1.0,4.0,15.466666666666667,4.0,48.0,122.45,0.0,0.0,0.0,2.0,10.0,33.8,2.0,20.0,91.03333333333333,0.0,0.0,0.0,1.0,2.0,10.966666666666667,2.0,26.0,54.06666666666667,0.0,0.0,0.0,0.0,0.0,0.0,4.0,62.0,251.45,1.0,54.0,275.4,0.0,0.0,0.0,0.0,0.0,0.0,2.0,189.0,603.5,0.0,0.0,0.0,1.0,21.0,122.5,4.0,267.0,621.0
1747,22,802,3760.583333333333,4.0,15.0,38.81666666666666,3.0,62.0,237.26666666666665,0.0,0.0,0.0,2.0,9.0,22.666666666666664,0.0,0.0,0.0,0.0,0.0,0.0,2.0,5.0,12.566666666666666,0.0,0.0,0.0,0.0,0.0,0.0,0.0,0.0,0.0,2.0,17.0,93.43333333333334,3.0,293.0,1488.1833333333332,0.0,0.0,0.0,1.0,8.0,49.2,1.0,120.0,760.0,0.0,0.0,0.0,0.0,0.0,0.0,4.0,273.0,1058.4499999999998
1748,15,453,1556.4833333333333,1.0,6.0,6.6000000000000005,1.0,20.0,35.0,0.0,0.0,0.0,1.0,4.0,5.466666666666667,3.0,23.0,55.88333333333334,1.0,74.0,489.6333333333333,0.0,0.0,0.0,0.0,0.0,0.0,1.0,123.0,479.7,0.0,0.0,0.0,0.0,0.0,0.0,4.0,123.0,337.93333333333334,0.0,0.0,0.0,1.0,20.0,28.666666666666668,0.0,0.0,0.0,0.0,0.0,0.0,1.0,8.0,6.666666666666667,1.0,52.0,110.93333333333334
1749,24,761,2075.7166666666667,2.0,7.0,34.9,2.0,34.0,58.900000000000006,0.0,0.0,0.0,2.0,11.0,45.06666666666666,2.0,45.0,225.36666666666667,0.0,0.0,0.0,3.0,9.0,34.86666666666667,0.0,0.0,0.0,0.0,0.0,0.0,0.0,0.0,0.0,1.0,8.0,45.333333333333336,2.0,95.0,74.5,0.0,0.0,0.0,0.0,0.0,0.0,3.0,189.0,546.35,0.0,0.0,0.0,2.0,24.0,116.63333333333333,5.0,339.0,893.8
1750,17,524,2084.166666666667,4.0,13.0,61.81666666666667,1.0,19.0,18.683333333333334,0.0,0.0,0.0,1.0,6.0,38.099999999999994,0.0,0.0,0.0,0.0,0.0,0.0,3.0,14.0,74.88333333333334,2.0,12.0,32.36666666666667,0.0,0.0,0.0,0.0,0.0,0.0,0.0,0.0,0.0,1.0,70.0,420.0,0.0,0.0,0.0,0.0,0.0,0.0,3.0,246.0,936.0166666666667,0.0,0.0,0.0,0.0,0.0,0.0,2.0,144.0,502.3
1751,12,636,1825.05,0.0,0.0,0.0,1.0,4.0,4.4,1.0,27.0,151.2,0.0,0.0,0.0,0.0,0.0,0.0,0.0,0.0,0.0,0.0,0.0,0.0,0.0,0.0,0.0,0.0,0.0,0.0,0.0,0.0,0.0,0.0,0.0,0.0,1.0,53.0,205.81666666666666,0.0,0.0,0.0,3.0,43.0,171.95,3.0,321.0,600.7833333333333,0.0,0.0,0.0,0.0,0.0,0.0,3.0,188.0,690.9
1752,21,539,2389.9333333333334,3.0,12.0,32.4,3.0,42.0,210.2,2.0,172.0,830.5833333333335,3.0,13.0,34.8,1.0,21.0,99.05,1.0,118.0,666.7,2.0,11.0,66.76666666666665,2.0,28.0,57.46666666666667,0.0,0.0,0.0,0.0,0.0,0.0,0.0,0.0,0.0,1.0,62.0,224.23333333333335,1.0,7.0,20.066666666666666,0.0,0.0,0.0,0.0,0.0,0.0,0.0,0.0,0.0,1.0,16.0,41.6,1.0,37.0,106.06666666666666
1753,19,434,855.6666666666666,4.0,12.0,30.25,1.0,6.0,14.3,0.0,0.0,0.0,1.0,7.0,25.2,2.0,16.0,84.66666666666666,0.0,0.0,0.0,1.0,4.0,2.3333333333333335,2.0,28.0,136.26666666666665,0.0,0.0,0.0,0.0,0.0,0.0,1.0,12.0,11.0,3.0,306.0,480.05,0.0,0.0,0.0,1.0,9.0,11.399999999999999,1.0,16.0,12.533333333333333,1.0,4.0,14.533333333333333,1.0,14.0,33.13333333333333,0.0,0.0,0.0
1754,20,541,2202.0,1.0,4.0,24.533333333333335,2.0,21.0,84.46666666666667,0.0,0.0,0.0,3.0,10.0,26.816666666666666,1.0,7.0,24.266666666666666,0.0,0.0,0.0,1.0,3.0,7.1,0.0,0.0,0.0,0.0,0.0,0.0,0.0,0.0,0.0,2.0,41.0,208.51666666666668,4.0,107.0,481.7666666666667,1.0,2.0,4.066666666666666,1.0,21.0,85.39999999999999,4.0,325.0,1255.0666666666666,0.0,0.0,0.0,0.0,0.0,0.0,0.0,0.0,0.0
1755,26,690,2501.9666666666667,3.0,11.0,28.916666666666664,1.0,7.0,13.299999999999999,0.0,0.0,0.0,4.0,14.0,35.733333333333334,0.0,0.0,0.0,0.0,0.0,0.0,3.0,14.0,44.13333333333333,1.0,6.0,25.6,0.0,0.0,0.0,0.0,0.0,0.0,3.0,36.0,152.7,4.0,253.0,498.04999999999995,0.0,0.0,0.0,2.0,29.0,186.36666666666665,2.0,203.0,828.6666666666665,0.0,0.0,0.0,1.0,10.0,57.83333333333333,2.0,107.0,630.6666666666667
1756,19,769,2140.7000000000003,2.0,3.0,11.016666666666666,1.0,12.0,20.2,0.0,0.0,0.0,1.0,4.0,1.4,2.0,9.0,42.25,0.0,0.0,0.0,2.0,9.0,51.7,1.0,21.0,62.65,0.0,0.0,0.0,1.0,3.0,13.3,0.0,0.0,0.0,3.0,253.0,293.1333333333333,0.0,0.0,0.0,0.0,0.0,0.0,1.0,55.0,358.4166666666667,0.0,0.0,0.0,1.0,19.0,82.01666666666667,4.0,381.0,1204.6166666666668
1757,20,547,1770.9,3.0,8.0,28.33333333333333,1.0,22.0,120.63333333333334,2.0,91.0,412.6333333333333,3.0,13.0,48.06666666666666,1.0,13.0,28.6,0.0,0.0,0.0,1.0,3.0,4.050000000000001,0.0,0.0,0.0,1.0,48.0,271.20000000000005,0.0,0.0,0.0,1.0,5.0,10.333333333333334,2.0,114.0,103.86666666666666,0.0,0.0,0.0,2.0,16.0,78.73333333333332,1.0,85.0,56.666666666666664,0.0,0.0,0.0,0.0,0.0,0.0,2.0,129.0,607.7833333333333
1758,29,1053,2560.1666666666665,1.0,6.0,31.3,6.0,51.0,161.38333333333333,1.0,98.0,503.0666666666667,1.0,1.0,1.3833333333333333,1.0,9.0,4.5,0.0,0.0,0.0,6.0,22.0,79.48333333333333,1.0,14.0,27.53333333333333,1.0,127.0,289.9833333333333,0.0,0.0,0.0,0.0,0.0,0.0,3.0,265.0,793.3,0.0,0.0,0.0,1.0,21.0,29.05,2.0,236.0,82.36666666666666,0.0,0.0,0.0,0.0,0.0,0.0,5.0,203.0,556.8166666666666
1759,20,555,1558.1666666666667,2.0,8.0,43.93333333333334,1.0,9.0,32.25,1.0,26.0,165.96666666666667,1.0,6.0,6.6000000000000005,2.0,40.0,44.916666666666664,0.0,0.0,0.0,2.0,6.0,39.5,1.0,15.0,42.25,0.0,0.0,0.0,0.0,0.0,0.0,1.0,10.0,37.666666666666664,2.0,159.0,313.55,0.0,0.0,0.0,2.0,43.0,209.06666666666666,2.0,125.0,408.83333333333337,0.0,0.0,0.0,1.0,19.0,9.5,2.0,89.0,204.13333333333335
1760,18,342,1272.5666666666666,2.0,7.0,14.316666666666666,2.0,31.0,151.46666666666664,0.0,0.0,0.0,2.0,12.0,31.733333333333334,2.0,22.0,90.76666666666667,0.0,0.0,0.0,3.0,12.0,26.96666666666667,1.0,9.0,22.5,1.0,44.0,52.8,0.0,0.0,0.0,1.0,19.0,116.21666666666665,0.0,0.0,0.0,1.0,3.0,8.3,1.0,13.0,41.166666666666664,2.0,170.0,716.3333333333334,0.0,0.0,0.0,0.0,0.0,0.0,0.0,0.0,0.0
1761,17,770,2460.866666666667,5.0,16.0,46.349999999999994,0.0,0.0,0.0,0.0,0.0,0.0,0.0,0.0,0.0,0.0,0.0,0.0,1.0,116.0,568.4000000000001,0.0,0.0,0.0,0.0,0.0,0.0,0.0,0.0,0.0,0.0,0.0,0.0,1.0,19.0,91.83333333333333,5.0,364.0,1130.2666666666667,0.0,0.0,0.0,2.0,27.0,68.88333333333333,0.0,0.0,0.0,0.0,0.0,0.0,0.0,0.0,0.0,3.0,228.0,555.1333333333333
1762,8,122,511.6,2.0,7.0,26.866666666666667,0.0,0.0,0.0,0.0,0.0,0.0,0.0,0.0,0.0,0.0,0.0,0.0,0.0,0.0,0.0,2.0,11.0,24.483333333333334,0.0,0.0,0.0,0.0,0.0,0.0,1.0,3.0,16.950000000000003,1.0,16.0,17.066666666666666,0.0,0.0,0.0,0.0,0.0,0.0,0.0,0.0,0.0,2.0,85.0,426.23333333333335,0.0,0.0,0.0,0.0,0.0,0.0,0.0,0.0,0.0
1763,25,1017,4331.183333333333,5.0,20.0,52.58333333333333,1.0,6.0,32.300000000000004,0.0,0.0,0.0,1.0,1.0,4.766666666666667,2.0,19.0,73.08333333333333,1.0,53.0,185.5,0.0,0.0,0.0,1.0,10.0,32.333333333333336,0.0,0.0,0.0,0.0,0.0,0.0,2.0,38.0,181.9,6.0,430.0,2073.0166666666664,1.0,7.0,25.316666666666666,0.0,0.0,0.0,1.0,119.0,299.48333333333335,0.0,0.0,0.0,0.0,0.0,0.0,4.0,314.0,1370.9
1764,25,1109,3209.416666666667,2.0,4.0,14.916666666666666,0.0,0.0,0.0,0.0,0.0,0.0,1.0,7.0,39.31666666666666,2.0,22.0,122.6,1.0,45.0,72.75,2.0,6.0,13.833333333333334,1.0,12.0,24.599999999999998,1.0,116.0,172.06666666666666,0.0,0.0,0.0,1.0,5.0,15.416666666666668,4.0,276.0,745.7833333333334,0.0,0.0,0.0,0.0,0.0,0.0,5.0,409.0,1598.15,1.0,3.0,12.95,2.0,35.0,133.93333333333334,2.0,169.0,243.1
1765,24,457,1340.65,3.0,9.0,17.783333333333335,0.0,0.0,0.0,0.0,0.0,0.0,3.0,17.0,74.01666666666667,3.0,21.0,96.58333333333333,1.0,55.0,33.0,4.0,13.0,53.9,2.0,27.0,105.05,0.0,0.0,0.0,0.0,0.0,0.0,2.0,31.0,160.43333333333334,1.0,33.0,11.0,0.0,0.0,0.0,0.0,0.0,0.0,4.0,213.0,545.05,0.0,0.0,0.0,0.0,0.0,0.0,1.0,38.0,243.83333333333334
1766,21,472,1617.0,5.0,16.0,53.63333333333333,0.0,0.0,0.0,0.0,0.0,0.0,1.0,7.0,19.25,2.0,33.0,166.95,0.0,0.0,0.0,2.0,7.0,13.849999999999998,1.0,18.0,102.0,0.0,0.0,0.0,0.0,0.0,0.0,3.0,44.0,174.83333333333334,3.0,93.0,366.23333333333335,0.0,0.0,0.0,0.0,0.0,0.0,2.0,169.0,547.7833333333333,0.0,0.0,0.0,1.0,21.0,110.6,1.0,64.0,61.86666666666667
1767,25,671,1906.0,4.0,17.0,33.083333333333336,1.0,10.0,24.5,1.0,77.0,165.54999999999998,5.0,17.0,22.816666666666666,0.0,0.0,0.0,1.0,63.0,304.5,2.0,10.0,25.333333333333332,0.0,0.0,0.0,0.0,0.0,0.0,2.0,7.0,26.733333333333334,0.0,0.0,0.0,3.0,209.0,689.7166666666667,0.0,0.0,0.0,0.0,0.0,0.0,3.0,155.0,443.3833333333333,0.0,0.0,0.0,1.0,8.0,49.86666666666667,2.0,98.0,120.51666666666667
1768,20,910,2426.5666666666666,1.0,5.0,28.833333333333332,1.0,5.0,4.666666666666667,0.0,0.0,0.0,2.0,3.0,7.65,2.0,40.0,219.66666666666666,0.0,0.0,0.0,2.0,5.0,18.31666666666667,0.0,0.0,0.0,0.0,0.0,0.0,0.0,0.0,0.0,1.0,4.0,15.6,4.0,350.0,313.18333333333334,0.0,0.0,0.0,1.0,21.0,90.3,2.0,134.0,34.983333333333334,0.0,0.0,0.0,0.0,0.0,0.0,4.0,343.0,1693.3666666666666
1769,23,549,1689.4666666666667,5.0,17.0,83.46666666666667,0.0,0.0,0.0,0.0,0.0,0.0,3.0,9.0,34.166666666666664,0.0,0.0,0.0,1.0,96.0,129.60000000000002,2.0,12.0,25.616666666666667,2.0,30.0,49.83333333333333,0.0,0.0,0.0,1.0,4.0,17.6,1.0,5.0,25.166666666666664,2.0,126.0,366.16666666666663,0.0,0.0,0.0,1.0,19.0,37.68333333333334,2.0,130.0,618.8666666666667,2.0,7.0,16.166666666666664,0.0,0.0,0.0,1.0,94.0,285.1333333333333
1770,26,475,1911.65,9.0,39.0,84.73333333333333,2.0,19.0,90.85,0.0,0.0,0.0,0.0,0.0,0.0,2.0,31.0,107.5,0.0,0.0,0.0,2.0,5.0,16.1,2.0,27.0,61.86666666666667,0.0,0.0,0.0,0.0,0.0,0.0,1.0,9.0,29.25,0.0,0.0,0.0,1.0,5.0,23.666666666666668,0.0,0.0,0.0,2.0,193.0,900.85,0.0,0.0,0.0,3.0,43.0,77.7,2.0,104.0,519.1333333333333
1771,25,790,2284.45,4.0,24.0,111.98333333333333,2.0,30.0,137.66666666666669,1.0,39.0,221.0,1.0,3.0,18.15,3.0,42.0,83.58333333333334,1.0,93.0,316.2,1.0,2.0,4.3,2.0,33.0,157.9,0.0,0.0,0.0,0.0,0.0,0.0,2.0,41.0,118.30000000000001,3.0,116.0,206.18333333333334,0.0,0.0,0.0,0.0,0.0,0.0,0.0,0.0,0.0,0.0,0.0,0.0,1.0,11.0,30.983333333333334,4.0,356.0,878.2
1772,24,749,2681.2,1.0,2.0,7.4,0.0,0.0,0.0,1.0,89.0,132.01666666666668,3.0,16.0,41.78333333333333,1.0,15.0,50.0,1.0,19.0,37.36666666666667,2.0,12.0,49.349999999999994,1.0,18.0,34.5,0.0,0.0,0.0,1.0,1.0,5.966666666666667,2.0,28.0,97.53333333333333,0.0,0.0,0.0,0.0,0.0,0.0,1.0,21.0,39.9,4.0,227.0,521.2833333333334,1.0,4.0,18.533333333333335,1.0,11.0,36.66666666666667,4.0,286.0,1608.8999999999999
1773,13,203,740.2,0.0,0.0,0.0,1.0,18.0,84.9,1.0,87.0,365.40000000000003,1.0,1.0,0.7166666666666667,2.0,37.0,114.93333333333334,0.0,0.0,0.0,2.0,2.0,7.883333333333333,1.0,16.0,98.13333333333334,0.0,0.0,0.0,2.0,12.0,10.7,0.0,0.0,0.0,0.0,0.0,0.0,0.0,0.0,0.0,0.0,0.0,0.0,1.0,20.0,36.333333333333336,1.0,4.0,8.8,1.0,6.0,12.400000000000002,0.0,0.0,0.0
1774,15,583,1580.3166666666668,1.0,3.0,9.5,1.0,16.0,49.86666666666667,0.0,0.0,0.0,1.0,5.0,6.833333333333334,3.0,50.0,134.96666666666667,0.0,0.0,0.0,1.0,3.0,1.9,1.0,23.0,143.36666666666667,0.0,0.0,0.0,0.0,0.0,0.0,1.0,13.0,31.85,4.0,365.0,869.5166666666667,0.0,0.0,0.0,0.0,0.0,0.0,1.0,31.0,5.683333333333333,0.0,0.0,0.0,0.0,0.0,0.0,1.0,74.0,326.83333333333337
1775,27,952,3584.983333333333,7.0,43.0,162.75,2.0,30.0,99.05000000000001,1.0,119.0,678.3000000000001,1.0,3.0,5.550000000000001,0.0,0.0,0.0,0.0,0.0,0.0,2.0,8.0,16.8,1.0,15.0,13.5,1.0,108.0,547.1999999999999,1.0,5.0,2.0833333333333335,1.0,17.0,64.88333333333334,6.0,326.0,1304.0833333333333,0.0,0.0,0.0,0.0,0.0,0.0,1.0,63.0,283.5,0.0,0.0,0.0,0.0,0.0,0.0,3.0,215.0,407.2833333333333
1776,32,1018,3071.6666666666665,2.0,14.0,20.066666666666666,3.0,46.0,67.4,1.0,19.0,38.63333333333333,2.0,12.0,48.11666666666667,1.0,12.0,19.0,2.0,121.0,364.78333333333336,3.0,13.0,45.63333333333333,2.0,18.0,29.599999999999998,1.0,97.0,215.01666666666668,1.0,4.0,22.866666666666667,4.0,40.0,183.36666666666667,3.0,178.0,823.0666666666666,0.0,0.0,0.0,2.0,33.0,150.85,5.0,411.0,1043.2666666666667,0.0,0.0,0.0,0.0,0.0,0.0,0.0,0.0,0.0
1777,20,758,2922.116666666667,2.0,8.0,43.800000000000004,1.0,16.0,16.0,0.0,0.0,0.0,4.0,12.0,34.86666666666667,3.0,39.0,197.29999999999998,1.0,84.0,506.8,1.0,4.0,13.4,0.0,0.0,0.0,0.0,0.0,0.0,0.0,0.0,0.0,0.0,0.0,0.0,3.0,220.0,475.26666666666665,0.0,0.0,0.0,0.0,0.0,0.0,3.0,310.0,1361.1666666666665,0.0,0.0,0.0,0.0,0.0,0.0,2.0,65.0,273.51666666666665
1778,24,592,2398.8166666666666,2.0,6.0,24.0,0.0,0.0,0.0,0.0,0.0,0.0,3.0,13.0,39.11666666666667,0.0,0.0,0.0,1.0,19.0,12.033333333333333,4.0,13.0,44.766666666666666,1.0,22.0,82.13333333333334,0.0,0.0,0.0,0.0,0.0,0.0,3.0,33.0,103.03333333333333,4.0,224.0,733.8166666666667,2.0,7.0,41.58333333333333,0.0,0.0,0.0,3.0,168.0,815.1833333333334,0.0,0.0,0.0,0.0,0.0,0.0,1.0,87.0,503.15
1779,24,917,3316.4,1.0,5.0,13.083333333333334,1.0,14.0,62.06666666666667,3.0,265.0,1003.6833333333334,1.0,6.0,12.299999999999999,2.0,17.0,66.16666666666667,0.0,0.0,0.0,4.0,23.0,71.96666666666665,1.0,19.0,36.1,0.0,0.0,0.0,1.0,5.0,31.25,1.0,15.0,12.25,4.0,346.0,1331.6333333333334,0.0,0.0,0.0,1.0,7.0,22.516666666666666,0.0,0.0,0.0,0.0,0.0,0.0,2.0,22.0,37.483333333333334,2.0,173.0,615.9
1780,21,613,2303.5666666666666,0.0,0.0,0.0,2.0,24.0,29.0,0.0,0.0,0.0,1.0,7.0,25.900000000000002,0.0,0.0,0.0,1.0,26.0,14.3,3.0,12.0,45.4,4.0,73.0,227.15,0.0,0.0,0.0,0.0,0.0,0.0,1.0,20.0,127.66666666666667,2.0,146.0,856.4000000000001,0.0,0.0,0.0,3.0,46.0,210.96666666666667,2.0,192.0,541.75,1.0,1.0,1.7333333333333334,0.0,0.0,0.0,1.0,66.0,223.3
1781,13,485,2093.0833333333335,0.0,0.0,0.0,0.0,0.0,0.0,1.0,81.0,163.35,1.0,4.0,26.333333333333332,1.0,19.0,84.86666666666667,0.0,0.0,0.0,2.0,2.0,6.583333333333334,1.0,22.0,13.933333333333334,0.0,0.0,0.0,1.0,2.0,8.233333333333333,0.0,0.0,0.0,1.0,119.0,638.6333333333333,0.0,0.0,0.0,0.0,0.0,0.0,1.0,49.0,296.45,0.0,0.0,0.0,1.0,10.0,27.833333333333332,3.0,177.0,826.8666666666668
1782,25,952,3738.916666666667,2.0,9.0,26.85,3.0,27.0,69.6,1.0,40.0,246.0,1.0,5.0,26.583333333333332,2.0,27.0,66.46666666666667,1.0,22.0,25.666666666666668,0.0,0.0,0.0,0.0,0.0,0.0,1.0,69.0,440.45000000000005,0.0,0.0,0.0,0.0,0.0,0.0,4.0,255.0,631.1666666666667,0.0,0.0,0.0,2.0,22.0,111.13333333333333,1.0,92.0,262.2,0.0,0.0,0.0,3.0,47.0,220.85,4.0,337.0,1611.95
1783,21,841,2352.116666666667,1.0,7.0,6.183333333333334,1.0,19.0,79.16666666666667,1.0,102.0,119.00000000000001,2.0,5.0,32.65,3.0,29.0,94.71666666666667,2.0,134.0,134.73333333333332,0.0,0.0,0.0,2.0,12.0,36.4,0.0,0.0,0.0,0.0,0.0,0.0,3.0,32.0,105.4,3.0,227.0,914.9166666666667,0.0,0.0,0.0,0.0,0.0,0.0,1.0,125.0,312.5,0.0,0.0,0.0,0.0,0.0,0.0,2.0,149.0,516.45
1784,17,428,1432.7833333333333,2.0,7.0,24.216666666666665,1.0,4.0,4.666666666666667,0.0,0.0,0.0,2.0,13.0,66.18333333333332,3.0,39.0,111.51666666666667,0.0,0.0,0.0,1.0,5.0,28.666666666666668,1.0,10.0,34.66666666666667,0.0,0.0,0.0,0.0,0.0,0.0,0.0,0.0,0.0,4.0,181.0,546.7333333333333,0.0,0.0,0.0,0.0,0.0,0.0,2.0,128.0,505.4333333333333,0.0,0.0,0.0,0.0,0.0,0.0,1.0,41.0,110.7
1785,16,316,935.0666666666666,1.0,2.0,9.5,0.0,0.0,0.0,0.0,0.0,0.0,1.0,5.0,26.916666666666668,2.0,31.0,144.96666666666667,1.0,115.0,394.8333333333333,2.0,7.0,13.466666666666665,3.0,43.0,25.85,0.0,0.0,0.0,1.0,6.0,7.9,0.0,0.0,0.0,1.0,21.0,44.8,0.0,0.0,0.0,0.0,0.0,0.0,2.0,54.0,87.63333333333334,0.0,0.0,0.0,1.0,14.0,65.8,1.0,18.0,113.39999999999999
1786,21,652,1860.7166666666667,1.0,1.0,4.133333333333334,5.0,76.0,257.06666666666666,0.0,0.0,0.0,1.0,6.0,8.6,1.0,15.0,75.75,1.0,88.0,413.6,2.0,4.0,15.450000000000001,1.0,20.0,118.0,1.0,116.0,201.06666666666666,0.0,0.0,0.0,2.0,35.0,96.68333333333332,2.0,165.0,208.05,0.0,0.0,0.0,1.0,7.0,25.666666666666664,2.0,75.0,219.58333333333331,0.0,0.0,0.0,0.0,0.0,0.0,1.0,44.0,217.06666666666666
1787,16,351,782.9499999999999,3.0,9.0,21.083333333333332,0.0,0.0,0.0,0.0,0.0,0.0,2.0,6.0,19.9,0.0,0.0,0.0,1.0,106.0,229.66666666666666,1.0,2.0,1.4,0.0,0.0,0.0,0.0,0.0,0.0,0.0,0.0,0.0,1.0,6.0,14.5,1.0,65.0,180.91666666666666,0.0,0.0,0.0,3.0,28.0,87.41666666666667,2.0,96.0,93.6,0.0,0.0,0.0,2.0,33.0,134.46666666666664,0.0,0.0,0.0
1788,18,637,2122.9500000000003,4.0,15.0,59.46666666666667,2.0,23.0,77.4,1.0,108.0,554.4000000000001,1.0,1.0,5.883333333333334,2.0,29.0,128.41666666666669,0.0,0.0,0.0,1.0,6.0,15.1,0.0,0.0,0.0,0.0,0.0,0.0,0.0,0.0,0.0,1.0,16.0,12.8,1.0,96.0,363.2,0.0,0.0,0.0,1.0,23.0,123.81666666666668,2.0,178.0,451.59999999999997,0.0,0.0,0.0,0.0,0.0,0.0,2.0,142.0,330.8666666666667
1789,24,778,3522.75,1.0,3.0,5.0,3.0,42.0,232.1,0.0,0.0,0.0,2.0,4.0,21.166666666666664,2.0,34.0,125.6,0.0,0.0,0.0,2.0,3.0,11.516666666666666,3.0,34.0,69.1,0.0,0.0,0.0,0.0,0.0,0.0,0.0,0.0,0.0,5.0,439.0,2037.55,1.0,2.0,4.6,2.0,12.0,50.06666666666667,2.0,184.0,862.8,0.0,0.0,0.0,1.0,21.0,103.25,0.0,0.0,0.0
1790,14,417,1803.0666666666666,0.0,0.0,0.0,2.0,39.0,188.7,0.0,0.0,0.0,0.0,0.0,0.0,1.0,5.0,26.666666666666664,0.0,0.0,0.0,1.0,3.0,13.6,2.0,36.0,135.60000000000002,1.0,62.0,166.36666666666665,0.0,0.0,0.0,1.0,12.0,20.4,3.0,160.0,709.4166666666666,1.0,2.0,10.366666666666667,1.0,19.0,107.98333333333333,0.0,0.0,0.0,0.0,0.0,0.0,0.0,0.0,0.0,1.0,79.0,423.96666666666664
1791,15,145,556.7,1.0,4.0,13.6,3.0,46.0,180.29999999999998,0.0,0.0,0.0,2.0,8.0,24.066666666666666,0.0,0.0,0.0,0.0,0.0,0.0,4.0,17.0,47.66666666666667,1.0,17.0,71.96666666666667,0.0,0.0,0.0,0.0,0.0,0.0,1.0,19.0,100.7,1.0,18.0,109.19999999999999,0.0,0.0,0.0,2.0,16.0,9.2,0.0,0.0,0.0,0.0,0.0,0.0,0.0,0.0,0.0,0.0,0.0,0.0
1792,29,939,3355.5,3.0,7.0,12.5,3.0,37.0,95.71666666666667,2.0,143.0,171.60000000000002,2.0,9.0,25.55,0.0,0.0,0.0,1.0,62.0,366.83333333333337,3.0,15.0,47.483333333333334,0.0,0.0,0.0,1.0,59.0,299.91666666666663,0.0,0.0,0.0,0.0,0.0,0.0,2.0,163.0,591.6166666666667,0.0,0.0,0.0,4.0,41.0,173.65,4.0,279.0,1258.2333333333333,0.0,0.0,0.0,2.0,31.0,161.6,2.0,93.0,150.8
1793,22,773,2358.1666666666665,2.0,8.0,16.0,1.0,4.0,11.266666666666667,1.0,102.0,212.50000000000003,2.0,7.0,29.316666666666666,1.0,10.0,7.166666666666667,0.0,0.0,0.0,1.0,3.0,15.75,0.0,0.0,0.0,1.0,37.0,24.666666666666664,1.0,5.0,7.916666666666666,2.0,34.0,57.53333333333333,3.0,130.0,341.6,0.0,0.0,0.0,2.0,28.0,137.0,2.0,143.0,582.1,0.0,0.0,0.0,0.0,0.0,0.0,3.0,262.0,915.3499999999999
1794,19,510,2333.9,2.0,7.0,23.21666666666667,1.0,4.0,11.133333333333333,0.0,0.0,0.0,1.0,6.0,37.8,3.0,41.0,176.14999999999998,0.0,0.0,0.0,3.0,9.0,29.75,0.0,0.0,0.0,0.0,0.0,0.0,0.0,0.0,0.0,3.0,47.0,104.30000000000001,1.0,47.0,114.36666666666666,0.0,0.0,0.0,1.0,5.0,23.916666666666664,1.0,112.0,729.8666666666667,0.0,0.0,0.0,1.0,9.0,21.45,2.0,223.0,1061.95
1795,18,396,1721.75,3.0,10.0,23.416666666666668,1.0,19.0,60.48333333333333,0.0,0.0,0.0,2.0,8.0,34.21666666666666,2.0,29.0,128.4,0.0,0.0,0.0,3.0,18.0,59.46666666666667,0.0,0.0,0.0,0.0,0.0,0.0,1.0,7.0,36.16666666666667,2.0,39.0,187.3,3.0,244.0,1116.0333333333333,0.0,0.0,0.0,0.0,0.0,0.0,0.0,0.0,0.0,0.0,0.0,0.0,0.0,0.0,0.0,1.0,22.0,76.26666666666667
1796,22,540,1771.15,4.0,10.0,42.06666666666667,0.0,0.0,0.0,0.0,0.0,0.0,3.0,14.0,58.66666666666667,0.0,0.0,0.0,0.0,0.0,0.0,4.0,16.0,82.38333333333334,1.0,18.0,40.5,0.0,0.0,0.0,0.0,0.0,0.0,5.0,73.0,198.48333333333335,4.0,298.0,1099.3,0.0,0.0,0.0,0.0,0.0,0.0,0.0,0.0,0.0,0.0,0.0,0.0,0.0,0.0,0.0,1.0,111.0,249.75
1797,23,427,1577.1666666666667,6.0,26.0,96.71666666666667,0.0,0.0,0.0,0.0,0.0,0.0,6.0,27.0,112.01666666666665,2.0,10.0,20.2,1.0,102.0,481.1,2.0,7.0,20.933333333333334,1.0,10.0,3.6666666666666665,0.0,0.0,0.0,0.0,0.0,0.0,1.0,12.0,78.6,1.0,119.0,501.78333333333336,0.0,0.0,0.0,0.0,0.0,0.0,0.0,0.0,0.0,0.0,0.0,0.0,0.0,0.0,0.0,3.0,114.0,262.15
1798,35,725,2146.016666666667,3.0,18.0,73.25,4.0,54.0,179.86666666666665,0.0,0.0,0.0,6.0,32.0,116.26666666666667,1.0,17.0,13.316666666666666,0.0,0.0,0.0,5.0,10.0,44.983333333333334,2.0,32.0,59.766666666666666,0.0,0.0,0.0,0.0,0.0,0.0,3.0,38.0,61.00000000000001,5.0,238.0,672.65,2.0,10.0,52.50000000000001,0.0,0.0,0.0,3.0,263.0,835.5833333333334,0.0,0.0,0.0,1.0,13.0,36.833333333333336,0.0,0.0,0.0
1799,16,416,1428.3333333333333,4.0,15.0,59.150000000000006,2.0,35.0,162.76666666666665,1.0,127.0,334.43333333333334,1.0,4.0,20.866666666666667,1.0,10.0,57.83333333333333,0.0,0.0,0.0,1.0,7.0,8.516666666666666,0.0,0.0,0.0,1.0,23.0,147.96666666666667,1.0,4.0,15.933333333333334,1.0,8.0,19.733333333333334,1.0,73.0,360.1333333333333,0.0,0.0,0.0,0.0,0.0,0.0,1.0,64.0,104.53333333333333,0.0,0.0,0.0,0.0,0.0,0.0,1.0,46.0,136.46666666666667
1800,24,694,2293.65,2.0,13.0,69.68333333333334,1.0,21.0,84.35,1.0,90.0,87.0,2.0,9.0,21.616666666666667,2.0,21.0,47.48333333333333,0.0,0.0,0.0,1.0,3.0,17.5,2.0,35.0,61.133333333333326,0.0,0.0,0.0,0.0,0.0,0.0,1.0,6.0,12.2,4.0,234.0,784.7833333333333,0.0,0.0,0.0,2.0,15.0,58.88333333333333,3.0,165.0,553.75,0.0,0.0,0.0,2.0,21.0,93.68333333333334,1.0,61.0,401.5833333333333
1801,27,613,2587.116666666667,1.0,2.0,11.666666666666666,1.0,8.0,36.13333333333333,0.0,0.0,0.0,4.0,19.0,72.86666666666667,3.0,31.0,121.09999999999998,0.0,0.0,0.0,2.0,9.0,6.75,3.0,41.0,171.41666666666669,0.0,0.0,0.0,0.0,0.0,0.0,2.0,32.0,78.13333333333333,3.0,160.0,474.6333333333333,0.0,0.0,0.0,3.0,29.0,78.98333333333333,2.0,106.0,478.0333333333333,1.0,1.0,4.833333333333333,0.0,0.0,0.0,2.0,175.0,1052.5666666666666
1802,24,648,2842.45,3.0,7.0,26.433333333333334,1.0,16.0,87.2,0.0,0.0,0.0,2.0,8.0,22.6,4.0,59.0,162.66666666666669,0.0,0.0,0.0,1.0,7.0,1.2833333333333332,1.0,20.0,77.66666666666667,0.0,0.0,0.0,0.0,0.0,0.0,1.0,11.0,28.783333333333335,2.0,118.0,489.3,1.0,4.0,2.066666666666667,2.0,23.0,114.86666666666666,1.0,107.0,674.1,0.0,0.0,0.0,0.0,0.0,0.0,5.0,268.0,1155.4833333333333
1803,18,822,3231.9166666666665,0.0,0.0,0.0,0.0,0.0,0.0,0.0,0.0,0.0,2.0,5.0,28.916666666666668,3.0,32.0,129.46666666666664,1.0,126.0,451.5,0.0,0.0,0.0,2.0,28.0,114.13333333333334,0.0,0.0,0.0,0.0,0.0,0.0,0.0,0.0,0.0,1.0,92.0,78.2,1.0,4.0,5.6,2.0,26.0,126.51666666666668,2.0,120.0,354.6,0.0,0.0,0.0,0.0,0.0,0.0,4.0,389.0,1942.9833333333331
1804,17,309,1003.6666666666666,2.0,9.0,6.5,2.0,34.0,78.55000000000001,0.0,0.0,0.0,5.0,23.0,109.4,1.0,14.0,31.966666666666665,0.0,0.0,0.0,1.0,2.0,4.4,0.0,0.0,0.0,0.0,0.0,0.0,0.0,0.0,0.0,0.0,0.0,0.0,1.0,62.0,232.5,0.0,0.0,0.0,1.0,14.0,69.76666666666667,1.0,72.0,172.79999999999998,1.0,5.0,28.166666666666668,1.0,17.0,15.016666666666666,1.0,57.0,254.6
1805,16,554,1577.2166666666667,3.0,17.0,55.516666666666666,1.0,7.0,13.883333333333333,2.0,189.0,564.8,1.0,6.0,14.100000000000001,1.0,19.0,26.599999999999998,0.0,0.0,0.0,0.0,0.0,0.0,0.0,0.0,0.0,0.0,0.0,0.0,0.0,0.0,0.0,1.0,5.0,29.416666666666668,0.0,0.0,0.0,0.0,0.0,0.0,1.0,11.0,37.766666666666666,2.0,167.0,307.7166666666667,0.0,0.0,0.0,2.0,30.0,82.85,2.0,103.0,444.5666666666666
1806,16,403,1282.7666666666669,1.0,6.0,39.800000000000004,2.0,29.0,141.83333333333334,0.0,0.0,0.0,1.0,1.0,1.8166666666666667,3.0,39.0,97.2,0.0,0.0,0.0,2.0,11.0,27.85,1.0,15.0,97.75,0.0,0.0,0.0,0.0,0.0,0.0,1.0,19.0,4.75,1.0,111.0,144.3,0.0,0.0,0.0,2.0,23.0,68.66666666666667,0.0,0.0,0.0,0.0,0.0,0.0,0.0,0.0,0.0,2.0,149.0,658.8000000000001
1807,26,883,2963.383333333333,5.0,13.0,49.666666666666664,3.0,44.0,83.15,1.0,56.0,320.1333333333333,0.0,0.0,0.0,1.0,5.0,10.166666666666666,0.0,0.0,0.0,1.0,4.0,18.133333333333333,2.0,11.0,24.1,0.0,0.0,0.0,0.0,0.0,0.0,1.0,23.0,85.48333333333333,7.0,444.0,981.9000000000001,0.0,0.0,0.0,0.0,0.0,0.0,3.0,166.0,813.1666666666666,1.0,5.0,4.416666666666666,0.0,0.0,0.0,1.0,112.0,573.0666666666666
1808,19,593,2030.95,4.0,15.0,23.95,0.0,0.0,0.0,1.0,125.0,233.33333333333334,1.0,5.0,9.833333333333332,2.0,34.0,125.88333333333334,0.0,0.0,0.0,1.0,2.0,3.3333333333333335,0.0,0.0,0.0,0.0,0.0,0.0,1.0,5.0,4.166666666666667,1.0,13.0,7.583333333333334,1.0,84.0,380.8,0.0,0.0,0.0,1.0,12.0,13.4,0.0,0.0,0.0,0.0,0.0,0.0,1.0,10.0,26.666666666666664,5.0,288.0,1202.0
1809,16,455,1129.75,4.0,12.0,34.266666666666666,1.0,19.0,11.4,1.0,60.0,97.0,2.0,3.0,9.283333333333333,0.0,0.0,0.0,0.0,0.0,0.0,1.0,5.0,26.333333333333332,2.0,33.0,145.9,0.0,0.0,0.0,1.0,6.0,17.599999999999998,0.0,0.0,0.0,2.0,193.0,402.1666666666667,0.0,0.0,0.0,0.0,0.0,0.0,2.0,124.0,385.8,0.0,0.0,0.0,0.0,0.0,0.0,0.0,0.0,0.0
1810,21,639,2119.133333333333,3.0,13.0,35.46666666666667,4.0,65.0,208.55,1.0,24.0,78.0,1.0,3.0,18.15,0.0,0.0,0.0,0.0,0.0,0.0,0.0,0.0,0.0,0.0,0.0,0.0,0.0,0.0,0.0,0.0,0.0,0.0,1.0,21.0,9.8,1.0,93.0,437.1,0.0,0.0,0.0,1.0,4.0,21.066666666666666,2.0,146.0,481.8333333333333,2.0,6.0,8.666666666666666,1.0,22.0,57.93333333333333,4.0,242.0,762.5666666666666
1811,28,966,3826.616666666667,5.0,21.0,63.666666666666664,1.0,20.0,48.33333333333333,2.0,65.0,39.28333333333333,1.0,4.0,19.8,0.0,0.0,0.0,0.0,0.0,0.0,3.0,14.0,56.68333333333333,1.0,17.0,50.71666666666667,0.0,0.0,0.0,0.0,0.0,0.0,0.0,0.0,0.0,7.0,431.0,1841.4499999999998,0.0,0.0,0.0,2.0,34.0,185.06666666666666,1.0,39.0,234.65,0.0,0.0,0.0,1.0,10.0,32.16666666666667,4.0,311.0,1254.8
1812,29,620,1963.6,8.0,38.0,125.98333333333333,0.0,0.0,0.0,0.0,0.0,0.0,3.0,15.0,36.68333333333333,0.0,0.0,0.0,1.0,50.0,251.66666666666666,4.0,14.0,42.71666666666667,1.0,18.0,69.0,0.0,0.0,0.0,0.0,0.0,0.0,2.0,34.0,160.8,2.0,194.0,827.5333333333333,0.0,0.0,0.0,2.0,30.0,79.4,1.0,87.0,50.75,1.0,7.0,30.916666666666668,3.0,62.0,253.83333333333334,1.0,71.0,34.31666666666667
1813,31,1270,4130.883333333333,2.0,11.0,54.83333333333333,1.0,11.0,61.599999999999994,2.0,155.0,729.0999999999999,2.0,8.0,41.8,1.0,13.0,8.016666666666667,1.0,109.0,203.46666666666667,2.0,9.0,51.2,4.0,47.0,180.76666666666665,0.0,0.0,0.0,0.0,0.0,0.0,2.0,26.0,86.58333333333333,5.0,436.0,1979.7833333333333,0.0,0.0,0.0,1.0,17.0,64.88333333333334,5.0,326.0,563.9833333333332,0.0,0.0,0.0,1.0,13.0,41.166666666666664,2.0,89.0,63.7
1814,25,595,2364.6,4.0,18.0,62.300000000000004,2.0,25.0,139.15,0.0,0.0,0.0,2.0,10.0,18.299999999999997,0.0,0.0,0.0,0.0,0.0,0.0,4.0,19.0,59.116666666666674,2.0,38.0,66.0,0.0,0.0,0.0,1.0,2.0,9.833333333333334,2.0,31.0,144.83333333333334,1.0,116.0,732.7333333333333,0.0,0.0,0.0,3.0,35.0,193.43333333333334,2.0,229.0,723.4333333333333,1.0,4.0,14.866666666666667,0.0,0.0,0.0,1.0,68.0,200.60000000000002
1815,16,144,507.8,3.0,16.0,22.333333333333332,0.0,0.0,0.0,0.0,0.0,0.0,4.0,22.0,86.01666666666667,2.0,23.0,59.39999999999999,0.0,0.0,0.0,2.0,7.0,5.233333333333333,0.0,0.0,0.0,0.0,0.0,0.0,0.0,0.0,0.0,2.0,28.0,133.51666666666665,0.0,0.0,0.0,0.0,0.0,0.0,3.0,48.0,201.3,0.0,0.0,0.0,0.0,0.0,0.0,0.0,0.0,0.0,0.0,0.0,0.0
1816,23,605,2160.35,4.0,15.0,49.95,1.0,4.0,10.4,0.0,0.0,0.0,0.0,0.0,0.0,1.0,4.0,22.733333333333334,0.0,0.0,0.0,1.0,4.0,0.7333333333333333,1.0,23.0,3.833333333333333,0.0,0.0,0.0,1.0,2.0,2.966666666666667,4.0,58.0,163.43333333333334,5.0,344.0,1273.5166666666667,1.0,1.0,2.2666666666666666,0.0,0.0,0.0,1.0,22.0,38.5,0.0,0.0,0.0,1.0,10.0,54.333333333333336,2.0,118.0,537.6833333333333
1817,29,769,2440.7833333333333,4.0,16.0,51.56666666666667,2.0,19.0,53.41666666666667,1.0,23.0,65.93333333333334,5.0,17.0,49.6,5.0,67.0,236.4,0.0,0.0,0.0,2.0,10.0,14.05,1.0,12.0,72.0,0.0,0.0,0.0,1.0,6.0,15.0,0.0,0.0,0.0,2.0,139.0,643.8,0.0,0.0,0.0,0.0,0.0,0.0,2.0,96.0,341.85,0.0,0.0,0.0,0.0,0.0,0.0,4.0,364.0,897.1666666666666
1818,24,642,2146.65,4.0,18.0,43.633333333333326,2.0,31.0,131.88333333333333,1.0,69.0,35.650000000000006,5.0,10.0,44.95,1.0,15.0,69.25,1.0,109.0,646.7333333333333,0.0,0.0,0.0,0.0,0.0,0.0,0.0,0.0,0.0,0.0,0.0,0.0,1.0,12.0,8.2,2.0,80.0,460.66666666666663,0.0,0.0,0.0,1.0,15.0,27.5,2.0,85.0,147.25,0.0,0.0,0.0,2.0,33.0,180.96666666666664,2.0,165.0,349.9666666666667
1819,17,804,2635.0,1.0,5.0,30.583333333333332,1.0,10.0,44.333333333333336,0.0,0.0,0.0,2.0,6.0,15.566666666666666,0.0,0.0,0.0,2.0,204.0,287.05,1.0,2.0,12.433333333333334,1.0,12.0,78.8,0.0,0.0,0.0,0.0,0.0,0.0,1.0,18.0,23.1,3.0,261.0,1230.7,0.0,0.0,0.0,1.0,17.0,7.366666666666667,1.0,44.0,64.53333333333333,0.0,0.0,0.0,0.0,0.0,0.0,3.0,225.0,840.5333333333333
1820,20,760,2651.5333333333333,3.0,18.0,61.65,0.0,0.0,0.0,0.0,0.0,0.0,3.0,5.0,15.783333333333333,1.0,9.0,2.4,0.0,0.0,0.0,2.0,12.0,29.71666666666667,1.0,4.0,26.333333333333332,0.0,0.0,0.0,0.0,0.0,0.0,0.0,0.0,0.0,3.0,340.0,1282.9166666666667,0.0,0.0,0.0,3.0,45.0,190.38333333333333,3.0,304.0,1017.4333333333333,0.0,0.0,0.0,1.0,23.0,24.916666666666664,0.0,0.0,0.0
1821,31,1172,4335.283333333334,2.0,4.0,8.166666666666666,0.0,0.0,0.0,1.0,101.0,473.0166666666667,7.0,19.0,90.08333333333333,2.0,30.0,112.73333333333332,0.0,0.0,0.0,3.0,9.0,34.016666666666666,1.0,14.0,88.2,2.0,182.0,497.1166666666667,0.0,0.0,0.0,1.0,11.0,4.216666666666667,4.0,325.0,1178.3000000000002,0.0,0.0,0.0,0.0,0.0,0.0,6.0,330.0,1262.7833333333333,0.0,0.0,0.0,0.0,0.0,0.0,2.0,147.0,586.65
1822,25,879,2901.4833333333336,2.0,9.0,27.116666666666667,1.0,23.0,53.66666666666667,1.0,26.0,144.29999999999998,1.0,5.0,9.583333333333334,1.0,16.0,82.93333333333334,0.0,0.0,0.0,3.0,11.0,35.43333333333333,1.0,18.0,72.0,0.0,0.0,0.0,1.0,6.0,37.9,3.0,34.0,71.23333333333332,1.0,106.0,401.0333333333333,0.0,0.0,0.0,3.0,25.0,81.69999999999999,0.0,0.0,0.0,0.0,0.0,0.0,0.0,0.0,0.0,7.0,600.0,1884.5833333333335
1823,29,1038,2663.75,1.0,5.0,11.916666666666666,0.0,0.0,0.0,2.0,115.0,638.0666666666667,8.0,34.0,114.25,2.0,38.0,96.43333333333332,0.0,0.0,0.0,0.0,0.0,0.0,2.0,25.0,46.483333333333334,0.0,0.0,0.0,0.0,0.0,0.0,2.0,43.0,136.43333333333334,5.0,414.0,812.2333333333333,2.0,7.0,16.283333333333335,0.0,0.0,0.0,4.0,326.0,612.3666666666667,0.0,0.0,0.0,0.0,0.0,0.0,1.0,31.0,179.28333333333333
1824,20,644,2614.8166666666666,4.0,18.0,44.733333333333334,0.0,0.0,0.0,1.0,73.0,99.76666666666667,1.0,6.0,4.5,2.0,33.0,197.10000000000002,0.0,0.0,0.0,2.0,8.0,33.916666666666664,1.0,6.0,25.200000000000003,2.0,181.0,880.6,0.0,0.0,0.0,1.0,19.0,116.21666666666665,2.0,121.0,626.4,0.0,0.0,0.0,1.0,17.0,71.68333333333334,0.0,0.0,0.0,0.0,0.0,0.0,1.0,20.0,99.0,2.0,142.0,415.70000000000005
1825,18,343,1027.1666666666667,4.0,10.0,28.499999999999996,1.0,17.0,78.76666666666668,0.0,0.0,0.0,1.0,4.0,6.333333333333333,3.0,42.0,120.63333333333333,0.0,0.0,0.0,3.0,15.0,33.15,0.0,0.0,0.0,0.0,0.0,0.0,0.0,0.0,0.0,2.0,25.0,6.166666666666666,0.0,0.0,0.0,0.0,0.0,0.0,0.0,0.0,0.0,3.0,192.0,702.3166666666666,0.0,0.0,0.0,0.0,0.0,0.0,1.0,38.0,51.300000000000004
1826,21,297,781.7666666666667,5.0,13.0,49.400000000000006,3.0,38.0,188.71666666666667,0.0,0.0,0.0,3.0,10.0,28.866666666666667,2.0,20.0,34.266666666666666,0.0,0.0,0.0,1.0,6.0,30.800000000000004,1.0,11.0,40.7,0.0,0.0,0.0,0.0,0.0,0.0,2.0,32.0,109.05000000000001,1.0,96.0,241.6,0.0,0.0,0.0,0.0,0.0,0.0,0.0,0.0,0.0,0.0,0.0,0.0,2.0,10.0,27.866666666666667,1.0,61.0,30.5
1827,20,532,2800.366666666667,2.0,6.0,8.25,3.0,35.0,153.26666666666665,0.0,0.0,0.0,5.0,24.0,105.76666666666667,1.0,9.0,6.75,1.0,116.0,761.7333333333333,0.0,0.0,0.0,1.0,17.0,72.25,0.0,0.0,0.0,0.0,0.0,0.0,0.0,0.0,0.0,0.0,0.0,0.0,0.0,0.0,0.0,2.0,28.0,132.2,2.0,153.0,844.1666666666666,0.0,0.0,0.0,2.0,18.0,77.58333333333334,1.0,126.0,638.4
1828,14,424,1722.3500000000001,4.0,7.0,30.0,1.0,10.0,23.333333333333336,0.0,0.0,0.0,1.0,2.0,4.233333333333333,0.0,0.0,0.0,0.0,0.0,0.0,1.0,7.0,1.4000000000000001,1.0,19.0,43.699999999999996,0.0,0.0,0.0,0.0,0.0,0.0,0.0,0.0,0.0,2.0,147.0,850.0500000000001,0.0,0.0,0.0,0.0,0.0,0.0,2.0,144.0,380.7,0.0,0.0,0.0,1.0,12.0,71.0,1.0,76.0,317.93333333333334
1829,21,772,2690.233333333333,0.0,0.0,0.0,3.0,32.0,69.13333333333333,0.0,0.0,0.0,5.0,25.0,76.8,0.0,0.0,0.0,0.0,0.0,0.0,0.0,0.0,0.0,1.0,18.0,29.1,1.0,121.0,268.2166666666667,0.0,0.0,0.0,0.0,0.0,0.0,4.0,334.0,1331.4333333333334,1.0,4.0,9.0,1.0,14.0,3.2666666666666666,0.0,0.0,0.0,1.0,7.0,27.066666666666666,0.0,0.0,0.0,4.0,217.0,876.2166666666667
1830,17,353,1192.8999999999999,3.0,12.0,24.71666666666667,0.0,0.0,0.0,0.0,0.0,0.0,1.0,3.0,11.95,1.0,13.0,16.466666666666665,0.0,0.0,0.0,2.0,7.0,22.45,1.0,16.0,104.26666666666667,0.0,0.0,0.0,0.0,0.0,0.0,2.0,35.0,47.133333333333326,2.0,118.0,443.4333333333333,0.0,0.0,0.0,1.0,7.0,17.96666666666667,0.0,0.0,0.0,0.0,0.0,0.0,2.0,20.0,77.66666666666666,2.0,122.0,426.85
1831,17,563,1486.8666666666666,2.0,6.0,30.000000000000004,1.0,17.0,108.23333333333332,1.0,109.0,314.2833333333333,1.0,3.0,2.0,1.0,16.0,25.866666666666667,0.0,0.0,0.0,0.0,0.0,0.0,2.0,14.0,82.25,0.0,0.0,0.0,0.0,0.0,0.0,1.0,15.0,5.75,1.0,34.0,152.43333333333334,0.0,0.0,0.0,3.0,24.0,52.333333333333336,2.0,157.0,457.51666666666665,0.0,0.0,0.0,0.0,0.0,0.0,2.0,168.0,256.2
1832,27,993,2948.9333333333334,3.0,15.0,78.46666666666667,3.0,28.0,86.13333333333334,3.0,312.0,1165.55,1.0,1.0,2.683333333333333,2.0,16.0,52.13333333333334,0.0,0.0,0.0,2.0,5.0,17.883333333333333,0.0,0.0,0.0,0.0,0.0,0.0,0.0,0.0,0.0,2.0,32.0,102.08333333333334,4.0,419.0,876.85,0.0,0.0,0.0,1.0,19.0,105.45,0.0,0.0,0.0,2.0,11.0,43.0,2.0,20.0,71.39999999999999,2.0,115.0,347.29999999999995
1833,21,697,2467.9333333333334,2.0,11.0,45.766666666666666,2.0,31.0,69.71666666666667,0.0,0.0,0.0,1.0,1.0,2.533333333333333,0.0,0.0,0.0,1.0,82.0,189.9666666666667,1.0,3.0,4.15,1.0,15.0,20.0,0.0,0.0,0.0,1.0,6.0,39.3,2.0,18.0,51.2,2.0,147.0,636.7166666666667,1.0,1.0,5.4,2.0,31.0,80.43333333333332,2.0,108.0,452.4,0.0,0.0,0.0,0.0,0.0,0.0,3.0,243.0,870.35
1834,18,798,3326.9166666666665,0.0,0.0,0.0,2.0,17.0,100.41666666666666,2.0,176.0,928.6666666666666,2.0,9.0,11.616666666666667,1.0,15.0,58.0,0.0,0.0,0.0,2.0,7.0,23.433333333333334,3.0,39.0,154.61666666666667,0.0,0.0,0.0,0.0,0.0,0.0,0.0,0.0,0.0,2.0,185.0,678.6666666666667,0.0,0.0,0.0,0.0,0.0,0.0,3.0,318.0,1256.8333333333333,0.0,0.0,0.0,0.0,0.0,0.0,1.0,32.0,114.66666666666667
1835,19,454,1633.2166666666667,2.0,7.0,18.099999999999998,4.0,54.0,151.13333333333333,0.0,0.0,0.0,1.0,3.0,12.95,3.0,55.0,178.05,0.0,0.0,0.0,2.0,11.0,10.0,1.0,17.0,94.91666666666666,0.0,0.0,0.0,0.0,0.0,0.0,0.0,0.0,0.0,1.0,75.0,475.0,0.0,0.0,0.0,2.0,24.0,29.400000000000002,2.0,136.0,447.66666666666663,0.0,0.0,0.0,0.0,0.0,0.0,1.0,72.0,216.0
1836,17,389,1280.9,2.0,8.0,17.166666666666668,0.0,0.0,0.0,0.0,0.0,0.0,1.0,3.0,9.950000000000001,1.0,17.0,45.05,1.0,125.0,697.9166666666666,2.0,10.0,21.45,1.0,12.0,19.6,1.0,54.0,140.4,0.0,0.0,0.0,4.0,56.0,111.3,1.0,80.0,130.66666666666666,0.0,0.0,0.0,2.0,18.0,58.0,0.0,0.0,0.0,0.0,0.0,0.0,1.0,6.0,29.400000000000002,0.0,0.0,0.0
1837,18,558,1786.2666666666667,3.0,11.0,25.91666666666667,2.0,36.0,109.4,0.0,0.0,0.0,2.0,6.0,28.833333333333332,1.0,9.0,12.3,0.0,0.0,0.0,0.0,0.0,0.0,0.0,0.0,0.0,0.0,0.0,0.0,0.0,0.0,0.0,1.0,11.0,32.63333333333333,0.0,0.0,0.0,0.0,0.0,0.0,3.0,46.0,155.16666666666669,1.0,47.0,75.2,0.0,0.0,0.0,1.0,19.0,105.13333333333333,4.0,373.0,1241.6833333333334
1838,25,1254,5457.883333333333,1.0,7.0,41.41666666666667,2.0,36.0,87.46666666666667,0.0,0.0,0.0,1.0,7.0,10.15,2.0,34.0,124.23333333333333,0.0,0.0,0.0,0.0,0.0,0.0,3.0,33.0,166.25,2.0,152.0,727.0,0.0,0.0,0.0,2.0,43.0,276.03333333333336,4.0,305.0,728.1500000000001,0.0,0.0,0.0,1.0,6.0,17.2,1.0,92.0,576.5333333333333,0.0,0.0,0.0,0.0,0.0,0.0,6.0,539.0,2703.45
1839,23,241,929.7666666666667,5.0,12.0,18.5,1.0,18.0,47.4,0.0,0.0,0.0,4.0,14.0,36.483333333333334,1.0,10.0,14.0,0.0,0.0,0.0,3.0,5.0,14.533333333333333,0.0,0.0,0.0,0.0,0.0,0.0,0.0,0.0,0.0,6.0,48.0,138.9,0.0,0.0,0.0,0.0,0.0,0.0,0.0,0.0,0.0,1.0,19.0,11.716666666666667,1.0,6.0,1.5,0.0,0.0,0.0,1.0,109.0,646.7333333333333
1840,17,323,1468.3,2.0,9.0,39.31666666666667,1.0,19.0,117.16666666666667,0.0,0.0,0.0,1.0,1.0,4.083333333333333,1.0,21.0,79.8,0.0,0.0,0.0,2.0,10.0,16.15,0.0,0.0,0.0,1.0,28.0,133.0,1.0,7.0,40.13333333333333,2.0,24.0,44.05,0.0,0.0,0.0,1.0,3.0,17.549999999999997,1.0,22.0,90.56666666666666,1.0,73.0,465.98333333333335,0.0,0.0,0.0,1.0,12.0,54.2,2.0,94.0,366.29999999999995
1841,23,643,2154.4,6.0,32.0,114.5,2.0,27.0,134.01666666666668,0.0,0.0,0.0,2.0,6.0,26.1,0.0,0.0,0.0,0.0,0.0,0.0,1.0,7.0,22.166666666666664,3.0,28.0,155.2,0.0,0.0,0.0,0.0,0.0,0.0,1.0,21.0,38.85,4.0,313.0,845.75,0.0,0.0,0.0,0.0,0.0,0.0,2.0,143.0,427.1166666666667,0.0,0.0,0.0,1.0,23.0,106.18333333333332,1.0,43.0,284.51666666666665
1842,20,656,1774.3166666666666,2.0,2.0,10.216666666666667,2.0,26.0,52.35,1.0,75.0,167.5,1.0,4.0,10.8,1.0,13.0,27.733333333333334,0.0,0.0,0.0,2.0,8.0,20.3,0.0,0.0,0.0,1.0,121.0,24.200000000000003,0.0,0.0,0.0,2.0,32.0,125.65,2.0,75.0,359.5,1.0,4.0,13.4,0.0,0.0,0.0,3.0,186.0,354.8333333333333,0.0,0.0,0.0,0.0,0.0,0.0,2.0,110.0,607.8333333333334
1843,15,269,921.9499999999999,1.0,1.0,2.183333333333333,1.0,22.0,111.1,0.0,0.0,0.0,2.0,8.0,5.083333333333334,2.0,19.0,45.36666666666667,0.0,0.0,0.0,1.0,6.0,5.8,0.0,0.0,0.0,0.0,0.0,0.0,0.0,0.0,0.0,2.0,25.0,42.733333333333334,2.0,131.0,575.0333333333333,0.0,0.0,0.0,2.0,24.0,44.766666666666666,0.0,0.0,0.0,0.0,0.0,0.0,1.0,13.0,73.88333333333334,1.0,20.0,16.0
1844,21,549,2027.9,6.0,20.0,73.38333333333333,1.0,5.0,7.416666666666667,0.0,0.0,0.0,1.0,3.0,6.8999999999999995,1.0,4.0,4.933333333333334,0.0,0.0,0.0,1.0,6.0,6.1,1.0,21.0,80.15,0.0,0.0,0.0,0.0,0.0,0.0,1.0,19.0,56.68333333333334,3.0,244.0,932.7666666666668,0.0,0.0,0.0,1.0,4.0,10.6,3.0,180.0,623.0666666666666,1.0,6.0,22.4,0.0,0.0,0.0,1.0,37.0,203.5
1845,22,1011,3929.2,3.0,11.0,34.95,1.0,16.0,48.0,0.0,0.0,0.0,2.0,5.0,22.416666666666668,1.0,23.0,56.35,0.0,0.0,0.0,1.0,6.0,18.5,1.0,22.0,78.1,0.0,0.0,0.0,0.0,0.0,0.0,0.0,0.0,0.0,7.0,593.0,2053.5166666666664,0.0,0.0,0.0,0.0,0.0,0.0,4.0,175.0,792.5333333333333,0.0,0.0,0.0,0.0,0.0,0.0,2.0,160.0,824.8333333333333
1846,15,504,1672.4666666666667,2.0,2.0,8.383333333333333,2.0,29.0,50.05,0.0,0.0,0.0,0.0,0.0,0.0,1.0,21.0,25.2,0.0,0.0,0.0,2.0,7.0,12.766666666666666,0.0,0.0,0.0,1.0,38.0,235.6,1.0,1.0,4.083333333333333,1.0,9.0,10.2,3.0,255.0,565.45,0.0,0.0,0.0,0.0,0.0,0.0,0.0,0.0,0.0,0.0,0.0,0.0,0.0,0.0,0.0,2.0,142.0,760.7333333333333
1847,21,604,1932.6333333333334,2.0,5.0,8.083333333333334,3.0,50.0,134.93333333333334,1.0,63.0,296.1,2.0,12.0,57.43333333333334,0.0,0.0,0.0,0.0,0.0,0.0,1.0,2.0,10.666666666666666,1.0,14.0,42.93333333333334,0.0,0.0,0.0,1.0,5.0,14.083333333333334,1.0,4.0,18.666666666666668,2.0,131.0,714.9000000000001,0.0,0.0,0.0,1.0,12.0,44.199999999999996,3.0,263.0,508.33333333333337,0.0,0.0,0.0,2.0,23.0,52.63333333333333,1.0,20.0,29.666666666666668
1848,17,558,1995.6333333333334,2.0,5.0,30.249999999999996,2.0,35.0,179.08333333333331,1.0,101.0,444.40000000000003,1.0,2.0,12.133333333333333,0.0,0.0,0.0,0.0,0.0,0.0,1.0,5.0,2.4166666666666665,1.0,15.0,11.0,0.0,0.0,0.0,0.0,0.0,0.0,0.0,0.0,0.0,0.0,0.0,0.0,0.0,0.0,0.0,1.0,19.0,14.566666666666668,3.0,205.0,562.1500000000001,1.0,1.0,1.1166666666666667,2.0,36.0,77.81666666666666,2.0,134.0,660.6999999999999
1849,28,889,3122.766666666667,3.0,16.0,47.7,2.0,35.0,194.48333333333332,0.0,0.0,0.0,1.0,5.0,24.833333333333336,3.0,52.0,223.86666666666665,1.0,49.0,219.68333333333334,2.0,5.0,17.966666666666665,0.0,0.0,0.0,0.0,0.0,0.0,0.0,0.0,0.0,4.0,64.0,123.0,5.0,398.0,1140.2666666666667,0.0,0.0,0.0,1.0,21.0,78.4,2.0,174.0,698.8333333333334,0.0,0.0,0.0,3.0,27.0,92.86666666666666,1.0,43.0,260.8666666666667
1850,19,457,1631.1166666666668,1.0,3.0,7.1,1.0,14.0,68.83333333333334,1.0,98.0,308.7,1.0,1.0,1.7333333333333334,3.0,46.0,208.71666666666667,1.0,79.0,393.68333333333334,3.0,12.0,29.799999999999997,2.0,15.0,57.916666666666664,0.0,0.0,0.0,0.0,0.0,0.0,0.0,0.0,0.0,1.0,43.0,11.466666666666667,0.0,0.0,0.0,1.0,11.0,63.8,1.0,45.0,162.0,0.0,0.0,0.0,1.0,19.0,33.25,2.0,71.0,284.1166666666667
1851,34,873,2349.5333333333333,6.0,25.0,57.96666666666667,2.0,37.0,59.2,0.0,0.0,0.0,3.0,11.0,45.21666666666667,0.0,0.0,0.0,0.0,0.0,0.0,3.0,16.0,23.366666666666667,3.0,48.0,134.86666666666667,1.0,23.0,124.96666666666667,1.0,2.0,7.5,3.0,36.0,46.86666666666667,3.0,319.0,256.95,0.0,0.0,0.0,1.0,14.0,28.933333333333337,2.0,41.0,236.03333333333336,0.0,0.0,0.0,4.0,54.0,177.48333333333335,2.0,247.0,1150.1833333333332
1852,18,751,1541.8,1.0,7.0,44.1,0.0,0.0,0.0,0.0,0.0,0.0,1.0,4.0,13.066666666666666,3.0,47.0,49.983333333333334,0.0,0.0,0.0,0.0,0.0,0.0,1.0,17.0,112.76666666666668,1.0,109.0,89.01666666666667,0.0,0.0,0.0,0.0,0.0,0.0,2.0,129.0,124.0,0.0,0.0,0.0,2.0,36.0,185.4,2.0,116.0,338.7,0.0,0.0,0.0,1.0,13.0,6.716666666666668,4.0,273.0,578.0500000000001
1853,19,591,2191.9166666666665,3.0,9.0,45.11666666666667,4.0,56.0,251.5,0.0,0.0,0.0,1.0,2.0,10.066666666666666,1.0,6.0,7.1,0.0,0.0,0.0,1.0,6.0,3.5999999999999996,1.0,14.0,71.16666666666666,0.0,0.0,0.0,0.0,0.0,0.0,1.0,5.0,20.416666666666664,3.0,272.0,725.9166666666667,0.0,0.0,0.0,0.0,0.0,0.0,3.0,130.0,614.1666666666667,0.0,0.0,0.0,0.0,0.0,0.0,1.0,91.0,442.8666666666666
1854,19,461,1232.3,3.0,14.0,74.93333333333332,1.0,16.0,44.266666666666666,0.0,0.0,0.0,1.0,4.0,25.4,1.0,10.0,37.0,0.0,0.0,0.0,4.0,21.0,41.53333333333334,3.0,47.0,86.78333333333333,1.0,118.0,237.96666666666667,0.0,0.0,0.0,1.0,21.0,40.25,2.0,158.0,430.5,0.0,0.0,0.0,0.0,0.0,0.0,0.0,0.0,0.0,0.0,0.0,0.0,0.0,0.0,0.0,2.0,52.0,213.66666666666669
1855,23,479,1946.4,0.0,0.0,0.0,3.0,28.0,113.83333333333334,0.0,0.0,0.0,5.0,14.0,61.49999999999999,0.0,0.0,0.0,1.0,17.0,10.2,2.0,11.0,5.766666666666666,4.0,44.0,124.01666666666667,1.0,82.0,250.1,0.0,0.0,0.0,2.0,32.0,77.33333333333333,1.0,51.0,195.5,0.0,0.0,0.0,1.0,21.0,114.10000000000001,0.0,0.0,0.0,0.0,0.0,0.0,1.0,7.0,38.96666666666667,2.0,172.0,955.0833333333334
1856,19,565,1990.2333333333333,3.0,9.0,27.516666666666666,3.0,50.0,131.36666666666667,1.0,122.0,477.8333333333333,2.0,9.0,33.833333333333336,2.0,33.0,168.85,0.0,0.0,0.0,2.0,13.0,80.6,0.0,0.0,0.0,0.0,0.0,0.0,0.0,0.0,0.0,1.0,16.0,102.93333333333334,0.0,0.0,0.0,0.0,0.0,0.0,1.0,15.0,74.25,0.0,0.0,0.0,0.0,0.0,0.0,0.0,0.0,0.0,4.0,298.0,893.05
1857,25,555,2254.633333333333,3.0,10.0,48.83333333333333,0.0,0.0,0.0,0.0,0.0,0.0,4.0,15.0,37.83333333333333,0.0,0.0,0.0,0.0,0.0,0.0,4.0,16.0,50.95,2.0,38.0,133.31666666666666,0.0,0.0,0.0,0.0,0.0,0.0,2.0,31.0,151.25,2.0,94.0,478.23333333333335,1.0,6.0,35.199999999999996,0.0,0.0,0.0,2.0,56.0,224.0333333333333,0.0,0.0,0.0,3.0,35.0,72.63333333333333,2.0,254.0,1022.35
1858,26,523,1741.5333333333333,1.0,5.0,4.416666666666666,1.0,17.0,42.5,1.0,54.0,354.59999999999997,2.0,8.0,36.21666666666667,1.0,4.0,7.466666666666667,0.0,0.0,0.0,2.0,3.0,15.45,3.0,31.0,93.21666666666667,0.0,0.0,0.0,2.0,4.0,9.8,1.0,14.0,28.699999999999996,4.0,176.0,364.9833333333333,1.0,6.0,25.5,1.0,13.0,50.050000000000004,2.0,102.0,455.30000000000007,0.0,0.0,0.0,3.0,54.0,172.8,1.0,32.0,80.53333333333333
1859,28,733,2486.9,3.0,3.0,9.666666666666666,2.0,35.0,7.966666666666667,0.0,0.0,0.0,4.0,20.0,79.55,0.0,0.0,0.0,0.0,0.0,0.0,2.0,5.0,13.333333333333334,1.0,11.0,2.3833333333333333,1.0,103.0,631.7333333333333,1.0,1.0,3.4,4.0,54.0,109.53333333333333,3.0,148.0,388.7,0.0,0.0,0.0,0.0,0.0,0.0,1.0,48.0,40.8,0.0,0.0,0.0,3.0,27.0,85.68333333333334,3.0,278.0,1114.15
1860,22,466,1428.0166666666667,3.0,13.0,61.11666666666666,1.0,9.0,14.25,0.0,0.0,0.0,1.0,3.0,7.9,4.0,41.0,88.69999999999999,1.0,102.0,103.69999999999999,1.0,3.0,10.15,0.0,0.0,0.0,0.0,0.0,0.0,1.0,6.0,29.6,1.0,7.0,40.483333333333334,4.0,157.0,415.48333333333335,0.0,0.0,0.0,1.0,4.0,24.266666666666666,0.0,0.0,0.0,0.0,0.0,0.0,2.0,32.0,142.4,2.0,89.0,489.96666666666664
1861,21,526,2031.2166666666667,5.0,20.0,80.76666666666667,0.0,0.0,0.0,0.0,0.0,0.0,3.0,18.0,79.1,0.0,0.0,0.0,0.0,0.0,0.0,1.0,7.0,2.216666666666667,1.0,21.0,129.5,0.0,0.0,0.0,0.0,0.0,0.0,2.0,30.0,108.86666666666667,4.0,231.0,799.7166666666667,0.0,0.0,0.0,2.0,22.0,121.83333333333334,1.0,49.0,126.58333333333334,0.0,0.0,0.0,1.0,10.0,59.5,1.0,118.0,523.1333333333333
1862,15,312,472.55,2.0,9.0,16.700000000000003,1.0,4.0,2.2,0.0,0.0,0.0,2.0,3.0,7.416666666666666,1.0,14.0,22.866666666666667,0.0,0.0,0.0,2.0,6.0,10.166666666666666,1.0,15.0,55.5,0.0,0.0,0.0,0.0,0.0,0.0,0.0,0.0,0.0,2.0,138.0,127.3,0.0,0.0,0.0,1.0,9.0,37.05,2.0,107.0,177.36666666666667,0.0,0.0,0.0,1.0,7.0,15.983333333333333,0.0,0.0,0.0
1863,23,518,1427.5333333333333,2.0,9.0,12.45,1.0,15.0,38.0,0.0,0.0,0.0,3.0,12.0,56.48333333333333,0.0,0.0,0.0,0.0,0.0,0.0,4.0,21.0,63.650000000000006,1.0,19.0,44.96666666666667,0.0,0.0,0.0,0.0,0.0,0.0,4.0,53.0,96.08333333333333,1.0,64.0,332.8,0.0,0.0,0.0,1.0,9.0,42.300000000000004,3.0,195.0,529.65,0.0,0.0,0.0,2.0,26.0,139.9,1.0,95.0,71.25
1864,14,332,992.9833333333333,1.0,3.0,14.700000000000001,0.0,0.0,0.0,0.0,0.0,0.0,1.0,2.0,3.1,3.0,49.0,176.36666666666667,0.0,0.0,0.0,0.0,0.0,0.0,2.0,28.0,60.699999999999996,0.0,0.0,0.0,0.0,0.0,0.0,1.0,22.0,130.9,1.0,123.0,243.95000000000002,0.0,0.0,0.0,3.0,43.0,238.66666666666666,1.0,36.0,49.2,0.0,0.0,0.0,0.0,0.0,0.0,1.0,26.0,75.39999999999999
1865,18,570,1229.5,1.0,7.0,13.533333333333333,0.0,0.0,0.0,0.0,0.0,0.0,2.0,10.0,48.51666666666667,1.0,4.0,23.066666666666666,1.0,20.0,45.33333333333333,2.0,6.0,4.833333333333333,1.0,4.0,18.6,0.0,0.0,0.0,0.0,0.0,0.0,2.0,20.0,38.733333333333334,2.0,141.0,219.08333333333331,0.0,0.0,0.0,3.0,48.0,134.41666666666669,0.0,0.0,0.0,0.0,0.0,0.0,0.0,0.0,0.0,3.0,310.0,683.3833333333333
1866,22,772,2928.7833333333333,4.0,16.0,40.63333333333333,0.0,0.0,0.0,1.0,55.0,118.25,3.0,7.0,30.650000000000002,1.0,11.0,30.25,0.0,0.0,0.0,0.0,0.0,0.0,1.0,9.0,2.55,0.0,0.0,0.0,1.0,3.0,19.7,0.0,0.0,0.0,5.0,404.0,1694.5666666666666,1.0,3.0,19.75,0.0,0.0,0.0,2.0,133.0,502.54999999999995,0.0,0.0,0.0,2.0,17.0,74.68333333333334,1.0,114.0,395.2
1867,20,591,2399.55,1.0,2.0,8.833333333333334,3.0,24.0,119.43333333333334,1.0,87.0,497.35,1.0,1.0,2.3666666666666667,2.0,37.0,182.14999999999998,0.0,0.0,0.0,1.0,7.0,12.366666666666667,0.0,0.0,0.0,0.0,0.0,0.0,0.0,0.0,0.0,3.0,41.0,153.23333333333335,2.0,124.0,624.3333333333333,1.0,2.0,7.166666666666667,1.0,15.0,7.5,2.0,231.0,766.1833333333333,0.0,0.0,0.0,2.0,20.0,18.633333333333333,0.0,0.0,0.0
1868,25,899,2795.3166666666666,1.0,6.0,8.6,3.0,21.0,68.48333333333332,1.0,121.0,552.5666666666666,3.0,8.0,26.566666666666666,5.0,65.0,255.6,0.0,0.0,0.0,2.0,8.0,31.36666666666667,0.0,0.0,0.0,0.0,0.0,0.0,0.0,0.0,0.0,0.0,0.0,0.0,1.0,64.0,124.8,0.0,0.0,0.0,1.0,21.0,75.60000000000001,4.0,336.0,682.4499999999999,0.0,0.0,0.0,1.0,5.0,24.25,3.0,244.0,945.0333333333333
1869,24,802,1657.5666666666666,2.0,12.0,33.083333333333336,0.0,0.0,0.0,1.0,88.0,206.8,1.0,6.0,35.300000000000004,0.0,0.0,0.0,0.0,0.0,0.0,4.0,16.0,56.25000000000001,1.0,18.0,67.2,0.0,0.0,0.0,0.0,0.0,0.0,3.0,37.0,77.48333333333332,4.0,176.0,579.7666666666667,1.0,1.0,5.2,0.0,0.0,0.0,2.0,183.0,147.1,1.0,3.0,7.949999999999999,1.0,21.0,44.45,3.0,241.0,396.98333333333335
1870,27,748,2961.7833333333333,3.0,14.0,49.516666666666666,2.0,29.0,8.4,0.0,0.0,0.0,4.0,8.0,37.16666666666667,2.0,27.0,127.23333333333332,1.0,84.0,516.6,1.0,6.0,1.2000000000000002,0.0,0.0,0.0,0.0,0.0,0.0,0.0,0.0,0.0,3.0,26.0,126.46666666666667,2.0,88.0,228.86666666666667,0.0,0.0,0.0,2.0,31.0,73.4,3.0,255.0,1379.4666666666667,0.0,0.0,0.0,1.0,8.0,21.466666666666665,3.0,172.0,392.0
1871,20,388,1456.85,0.0,0.0,0.0,1.0,12.0,59.2,0.0,0.0,0.0,2.0,5.0,20.066666666666666,3.0,25.0,45.58333333333333,0.0,0.0,0.0,1.0,1.0,1.4333333333333333,0.0,0.0,0.0,0.0,0.0,0.0,0.0,0.0,0.0,2.0,24.0,120.53333333333333,0.0,0.0,0.0,1.0,5.0,20.166666666666664,2.0,24.0,83.76666666666667,5.0,216.0,938.9333333333334,0.0,0.0,0.0,1.0,17.0,100.58333333333334,2.0,59.0,66.58333333333333
1872,16,188,464.9666666666667,3.0,12.0,27.366666666666667,4.0,54.0,178.76666666666668,0.0,0.0,0.0,0.0,0.0,0.0,0.0,0.0,0.0,0.0,0.0,0.0,1.0,2.0,3.8333333333333335,3.0,35.0,41.03333333333333,0.0,0.0,0.0,0.0,0.0,0.0,2.0,40.0,72.13333333333333,0.0,0.0,0.0,0.0,0.0,0.0,0.0,0.0,0.0,1.0,20.0,40.666666666666664,0.0,0.0,0.0,2.0,25.0,101.16666666666667,0.0,0.0,0.0
1873,16,739,2102.8166666666666,3.0,10.0,20.45,1.0,10.0,36.83333333333333,1.0,19.0,99.43333333333334,0.0,0.0,0.0,1.0,7.0,32.78333333333333,0.0,0.0,0.0,1.0,3.0,10.2,0.0,0.0,0.0,1.0,92.0,386.40000000000003,0.0,0.0,0.0,0.0,0.0,0.0,1.0,73.0,80.30000000000001,0.0,0.0,0.0,1.0,23.0,127.26666666666667,1.0,96.0,371.2,0.0,0.0,0.0,1.0,11.0,58.3,4.0,395.0,879.65
1874,23,920,3023.55,1.0,7.0,2.5666666666666664,3.0,52.0,152.53333333333336,1.0,90.0,90.0,1.0,6.0,37.1,0.0,0.0,0.0,1.0,57.0,127.3,0.0,0.0,0.0,2.0,25.0,81.41666666666667,0.0,0.0,0.0,0.0,0.0,0.0,0.0,0.0,0.0,3.0,243.0,723.45,1.0,7.0,21.816666666666666,1.0,19.0,35.15,1.0,125.0,631.25,1.0,3.0,7.85,2.0,24.0,87.93333333333334,5.0,262.0,1025.1833333333334
1875,21,659,2724.7333333333336,1.0,5.0,32.16666666666667,1.0,5.0,26.0,0.0,0.0,0.0,1.0,5.0,19.916666666666668,1.0,9.0,36.3,0.0,0.0,0.0,3.0,9.0,23.433333333333334,1.0,6.0,12.5,1.0,38.0,143.76666666666665,0.0,0.0,0.0,0.0,0.0,0.0,6.0,355.0,1680.7333333333333,0.0,0.0,0.0,1.0,18.0,27.6,3.0,93.0,298.15,0.0,0.0,0.0,1.0,17.0,97.46666666666667,1.0,99.0,326.7
1876,21,807,2550.7833333333333,2.0,5.0,18.183333333333334,0.0,0.0,0.0,0.0,0.0,0.0,1.0,3.0,10.6,3.0,37.0,68.46666666666667,1.0,113.0,82.86666666666666,1.0,3.0,17.5,3.0,41.0,165.36666666666667,0.0,0.0,0.0,0.0,0.0,0.0,2.0,28.0,83.06666666666666,3.0,251.0,897.3833333333334,0.0,0.0,0.0,2.0,33.0,108.16666666666666,2.0,212.0,1062.7333333333333,0.0,0.0,0.0,0.0,0.0,0.0,1.0,81.0,36.45
1877,23,692,1466.7333333333333,3.0,15.0,59.233333333333334,0.0,0.0,0.0,0.0,0.0,0.0,3.0,10.0,42.96666666666667,2.0,29.0,52.56666666666666,0.0,0.0,0.0,1.0,1.0,4.966666666666667,0.0,0.0,0.0,1.0,88.0,54.266666666666666,0.0,0.0,0.0,1.0,8.0,22.666666666666668,2.0,87.0,363.31666666666666,1.0,3.0,12.400000000000002,1.0,4.0,0.8,4.0,314.0,628.15,0.0,0.0,0.0,1.0,17.0,11.616666666666667,3.0,116.0,213.7833333333333
1878,21,435,1221.4166666666667,4.0,18.0,40.0,1.0,7.0,4.666666666666666,0.0,0.0,0.0,2.0,9.0,7.300000000000001,0.0,0.0,0.0,0.0,0.0,0.0,3.0,11.0,63.51666666666667,2.0,23.0,64.55,0.0,0.0,0.0,0.0,0.0,0.0,3.0,44.0,176.13333333333333,2.0,108.0,612.1,0.0,0.0,0.0,0.0,0.0,0.0,2.0,153.0,124.44999999999999,1.0,2.0,9.7,0.0,0.0,0.0,1.0,60.0,119.0
1879,18,638,2526.6833333333334,0.0,0.0,0.0,3.0,47.0,233.76666666666665,0.0,0.0,0.0,1.0,6.0,13.4,0.0,0.0,0.0,1.0,93.0,613.8,3.0,12.0,36.35,0.0,0.0,0.0,1.0,68.0,405.73333333333335,1.0,3.0,9.45,1.0,21.0,89.6,2.0,143.0,380.05,0.0,0.0,0.0,0.0,0.0,0.0,1.0,74.0,28.366666666666667,0.0,0.0,0.0,2.0,33.0,104.2,2.0,138.0,611.9666666666667
1880,22,675,1827.4,1.0,3.0,2.8499999999999996,2.0,35.0,134.41666666666666,1.0,42.0,246.39999999999998,0.0,0.0,0.0,2.0,27.0,98.73333333333332,2.0,202.0,573.4333333333334,4.0,15.0,47.6,1.0,8.0,30.0,0.0,0.0,0.0,1.0,2.0,7.8,1.0,9.0,3.6,3.0,208.0,306.29999999999995,0.0,0.0,0.0,1.0,17.0,14.733333333333334,1.0,23.0,72.83333333333333,0.0,0.0,0.0,1.0,22.0,17.966666666666665,1.0,62.0,270.7333333333333
1881,14,210,535.2833333333333,4.0,13.0,46.16666666666667,1.0,5.0,29.75,0.0,0.0,0.0,3.0,16.0,51.56666666666666,0.0,0.0,0.0,0.0,0.0,0.0,1.0,4.0,4.866666666666666,0.0,0.0,0.0,0.0,0.0,0.0,0.0,0.0,0.0,1.0,21.0,89.25,0.0,0.0,0.0,0.0,0.0,0.0,2.0,30.0,110.4,2.0,121.0,203.28333333333333,0.0,0.0,0.0,0.0,0.0,0.0,0.0,0.0,0.0
1882,24,897,3234.4,1.0,5.0,17.416666666666668,4.0,53.0,182.66666666666666,0.0,0.0,0.0,0.0,0.0,0.0,0.0,0.0,0.0,0.0,0.0,0.0,3.0,12.0,29.066666666666666,3.0,46.0,116.76666666666667,0.0,0.0,0.0,0.0,0.0,0.0,3.0,49.0,169.31666666666666,3.0,168.0,710.8,0.0,0.0,0.0,0.0,0.0,0.0,2.0,195.0,940.25,0.0,0.0,0.0,0.0,0.0,0.0,5.0,369.0,1068.1166666666666
1883,15,706,2287.9166666666665,1.0,3.0,12.5,1.0,22.0,7.333333333333333,2.0,184.0,985.4666666666667,1.0,1.0,4.5,1.0,5.0,2.3333333333333335,0.0,0.0,0.0,0.0,0.0,0.0,0.0,0.0,0.0,0.0,0.0,0.0,0.0,0.0,0.0,1.0,16.0,80.0,3.0,211.0,612.15,0.0,0.0,0.0,1.0,6.0,9.7,0.0,0.0,0.0,0.0,0.0,0.0,0.0,0.0,0.0,4.0,258.0,573.9333333333333
1884,21,686,2810.666666666667,3.0,14.0,43.81666666666666,0.0,0.0,0.0,1.0,111.0,627.1500000000001,0.0,0.0,0.0,3.0,24.0,72.8,0.0,0.0,0.0,2.0,3.0,5.7,0.0,0.0,0.0,0.0,0.0,0.0,0.0,0.0,0.0,3.0,49.0,186.53333333333333,1.0,59.0,342.2,0.0,0.0,0.0,1.0,4.0,2.2,4.0,286.0,1166.7166666666667,0.0,0.0,0.0,1.0,19.0,4.116666666666667,2.0,117.0,359.43333333333334
1885,16,450,965.75,1.0,6.0,18.299999999999997,1.0,18.0,45.3,0.0,0.0,0.0,1.0,1.0,0.26666666666666666,1.0,21.0,135.8,0.0,0.0,0.0,2.0,13.0,34.400000000000006,0.0,0.0,0.0,0.0,0.0,0.0,0.0,0.0,0.0,3.0,47.0,138.85000000000002,3.0,218.0,238.81666666666666,1.0,1.0,5.933333333333334,1.0,9.0,20.25,1.0,82.0,200.9,0.0,0.0,0.0,0.0,0.0,0.0,1.0,34.0,126.93333333333334
1886,19,493,1526.7,4.0,17.0,46.516666666666666,0.0,0.0,0.0,0.0,0.0,0.0,3.0,6.0,17.4,1.0,18.0,109.5,1.0,20.0,112.0,4.0,17.0,79.48333333333333,0.0,0.0,0.0,1.0,52.0,326.73333333333335,0.0,0.0,0.0,1.0,14.0,33.83333333333333,2.0,198.0,574.05,0.0,0.0,0.0,0.0,0.0,0.0,1.0,60.0,74.0,0.0,0.0,0.0,0.0,0.0,0.0,1.0,91.0,153.18333333333334
1887,19,423,1452.1166666666666,3.0,11.0,14.533333333333333,2.0,42.0,188.1,0.0,0.0,0.0,2.0,3.0,6.8999999999999995,1.0,13.0,46.36666666666667,0.0,0.0,0.0,2.0,7.0,23.3,0.0,0.0,0.0,0.0,0.0,0.0,0.0,0.0,0.0,1.0,15.0,20.5,5.0,175.0,545.0833333333333,0.0,0.0,0.0,1.0,17.0,111.63333333333333,2.0,140.0,495.7,0.0,0.0,0.0,0.0,0.0,0.0,0.0,0.0,0.0
1888,29,801,2024.75,4.0,9.0,35.81666666666666,2.0,38.0,107.83333333333333,1.0,86.0,77.4,4.0,11.0,17.883333333333333,2.0,18.0,82.19999999999999,0.0,0.0,0.0,2.0,6.0,6.283333333333333,2.0,27.0,93.28333333333333,0.0,0.0,0.0,1.0,1.0,0.5333333333333333,1.0,5.0,33.0,4.0,367.0,726.1,0.0,0.0,0.0,1.0,14.0,50.63333333333333,3.0,116.0,364.3333333333333,0.0,0.0,0.0,1.0,20.0,57.333333333333336,1.0,83.0,372.1166666666667
1889,24,647,2277.0,0.0,0.0,0.0,2.0,26.0,111.66666666666667,0.0,0.0,0.0,3.0,14.0,82.03333333333333,5.0,78.0,337.4166666666667,0.0,0.0,0.0,2.0,8.0,31.75,0.0,0.0,0.0,0.0,0.0,0.0,0.0,0.0,0.0,2.0,36.0,59.2,5.0,266.0,654.25,0.0,0.0,0.0,0.0,0.0,0.0,3.0,172.0,847.3833333333334,0.0,0.0,0.0,1.0,10.0,27.5,1.0,37.0,125.8
1890,16,375,1588.8333333333335,1.0,4.0,9.8,1.0,10.0,42.5,0.0,0.0,0.0,0.0,0.0,0.0,1.0,11.0,45.28333333333333,0.0,0.0,0.0,3.0,14.0,70.89999999999999,0.0,0.0,0.0,1.0,55.0,330.9166666666667,0.0,0.0,0.0,0.0,0.0,0.0,2.0,79.0,307.0333333333333,3.0,10.0,26.71666666666667,1.0,8.0,28.4,0.0,0.0,0.0,0.0,0.0,0.0,0.0,0.0,0.0,3.0,184.0,727.2833333333333
1891,26,548,2470.9333333333334,7.0,27.0,116.38333333333334,4.0,53.0,167.96666666666667,0.0,0.0,0.0,2.0,6.0,14.299999999999999,3.0,33.0,57.983333333333334,0.0,0.0,0.0,1.0,6.0,6.200000000000001,0.0,0.0,0.0,0.0,0.0,0.0,0.0,0.0,0.0,1.0,10.0,55.83333333333333,0.0,0.0,0.0,0.0,0.0,0.0,0.0,0.0,0.0,4.0,331.0,1737.85,0.0,0.0,0.0,3.0,44.0,166.21666666666667,1.0,38.0,148.2
1892,26,562,2031.5166666666667,2.0,11.0,58.4,3.0,42.0,101.63333333333334,2.0,118.0,281.59999999999997,3.0,17.0,63.983333333333334,1.0,9.0,57.75,0.0,0.0,0.0,1.0,6.0,24.900000000000002,1.0,6.0,12.5,0.0,0.0,0.0,0.0,0.0,0.0,2.0,24.0,36.66666666666667,2.0,122.0,556.1,1.0,5.0,14.333333333333334,3.0,44.0,142.23333333333335,0.0,0.0,0.0,0.0,0.0,0.0,1.0,22.0,86.9,4.0,136.0,594.5166666666667
1893,14,453,1543.6999999999998,1.0,6.0,17.700000000000003,0.0,0.0,0.0,0.0,0.0,0.0,1.0,3.0,14.9,1.0,12.0,51.8,0.0,0.0,0.0,1.0,3.0,6.4,0.0,0.0,0.0,0.0,0.0,0.0,0.0,0.0,0.0,4.0,60.0,97.76666666666667,2.0,53.0,183.13333333333333,0.0,0.0,0.0,1.0,9.0,48.75,1.0,123.0,311.59999999999997,0.0,0.0,0.0,0.0,0.0,0.0,2.0,184.0,811.65
1894,19,300,670.5666666666667,0.0,0.0,0.0,2.0,30.0,59.0,0.0,0.0,0.0,3.0,10.0,24.18333333333333,2.0,32.0,128.2,0.0,0.0,0.0,2.0,7.0,22.783333333333335,1.0,23.0,33.733333333333334,0.0,0.0,0.0,0.0,0.0,0.0,3.0,42.0,101.81666666666666,1.0,68.0,44.2,0.0,0.0,0.0,0.0,0.0,0.0,1.0,44.0,145.93333333333334,1.0,2.0,4.333333333333333,2.0,24.0,97.38333333333333,1.0,18.0,9.0
1895,18,300,1024.95,2.0,6.0,34.66666666666667,2.0,24.0,129.1,0.0,0.0,0.0,2.0,9.0,14.016666666666666,2.0,19.0,59.41666666666667,0.0,0.0,0.0,3.0,11.0,40.08333333333333,1.0,19.0,71.56666666666666,1.0,103.0,291.83333333333337,0.0,0.0,0.0,2.0,13.0,51.86666666666667,0.0,0.0,0.0,0.0,0.0,0.0,1.0,5.0,6.666666666666666,1.0,50.0,97.5,0.0,0.0,0.0,0.0,0.0,0.0,1.0,41.0,228.23333333333332
1896,29,867,3606.35,2.0,6.0,24.73333333333333,1.0,10.0,35.33333333333333,0.0,0.0,0.0,2.0,8.0,45.35,2.0,26.0,140.36666666666667,1.0,104.0,546.0,3.0,6.0,17.916666666666664,1.0,6.0,27.4,0.0,0.0,0.0,0.0,0.0,0.0,0.0,0.0,0.0,5.0,302.0,1553.0166666666667,1.0,3.0,8.100000000000001,2.0,42.0,239.33333333333334,5.0,291.0,901.0999999999999,0.0,0.0,0.0,1.0,5.0,16.5,3.0,58.0,51.2
1897,18,571,1060.85,2.0,8.0,29.25,1.0,7.0,9.333333333333332,0.0,0.0,0.0,3.0,14.0,22.250000000000004,0.0,0.0,0.0,2.0,154.0,230.53333333333333,3.0,15.0,67.41666666666667,0.0,0.0,0.0,0.0,0.0,0.0,0.0,0.0,0.0,0.0,0.0,0.0,1.0,73.0,261.58333333333337,0.0,0.0,0.0,0.0,0.0,0.0,2.0,149.0,324.71666666666664,1.0,3.0,11.3,1.0,19.0,9.816666666666668,2.0,129.0,94.65
1898,14,348,987.5,0.0,0.0,0.0,0.0,0.0,0.0,0.0,0.0,0.0,1.0,7.0,33.83333333333333,1.0,8.0,23.333333333333332,0.0,0.0,0.0,3.0,12.0,21.116666666666667,2.0,30.0,108.00000000000001,0.0,0.0,0.0,0.0,0.0,0.0,1.0,12.0,47.6,2.0,146.0,407.7833333333333,0.0,0.0,0.0,1.0,16.0,104.26666666666667,1.0,73.0,31.633333333333333,0.0,0.0,0.0,1.0,4.0,16.6,1.0,40.0,193.33333333333331
1899,15,389,1364.0,3.0,15.0,61.08333333333334,2.0,21.0,57.900000000000006,0.0,0.0,0.0,0.0,0.0,0.0,2.0,14.0,47.31666666666666,0.0,0.0,0.0,1.0,1.0,0.18333333333333332,0.0,0.0,0.0,0.0,0.0,0.0,0.0,0.0,0.0,1.0,23.0,97.36666666666667,0.0,0.0,0.0,0.0,0.0,0.0,1.0,19.0,13.933333333333332,2.0,164.0,753.9000000000001,0.0,0.0,0.0,2.0,34.0,118.35,1.0,98.0,213.96666666666664
1900,20,703,2144.5166666666664,3.0,15.0,45.88333333333333,1.0,13.0,26.43333333333333,0.0,0.0,0.0,1.0,7.0,38.96666666666667,3.0,61.0,164.83333333333334,0.0,0.0,0.0,0.0,0.0,0.0,1.0,19.0,24.7,0.0,0.0,0.0,1.0,3.0,2.75,1.0,4.0,11.0,6.0,461.0,1420.6,0.0,0.0,0.0,2.0,23.0,52.06666666666668,0.0,0.0,0.0,0.0,0.0,0.0,0.0,0.0,0.0,1.0,97.0,357.2833333333333
1901,23,506,1874.0333333333333,4.0,14.0,59.550000000000004,1.0,9.0,54.599999999999994,0.0,0.0,0.0,3.0,15.0,79.9,3.0,49.0,134.55,0.0,0.0,0.0,3.0,12.0,56.03333333333333,1.0,8.0,23.866666666666667,1.0,20.0,103.0,0.0,0.0,0.0,1.0,6.0,1.9,2.0,136.0,663.8166666666666,0.0,0.0,0.0,0.0,0.0,0.0,2.0,169.0,470.0166666666667,0.0,0.0,0.0,1.0,15.0,75.75,1.0,53.0,151.05
1902,15,353,819.8333333333333,1.0,6.0,5.8,1.0,13.0,27.516666666666666,0.0,0.0,0.0,0.0,0.0,0.0,1.0,22.0,23.833333333333332,0.0,0.0,0.0,3.0,11.0,47.65,2.0,16.0,50.51666666666666,1.0,83.0,152.16666666666666,0.0,0.0,0.0,2.0,35.0,55.25,1.0,35.0,187.83333333333331,0.0,0.0,0.0,0.0,0.0,0.0,0.0,0.0,0.0,1.0,6.0,16.799999999999997,0.0,0.0,0.0,2.0,126.0,252.46666666666667
1903,30,562,2023.3000000000002,6.0,14.0,48.03333333333333,3.0,57.0,114.56666666666668,1.0,60.0,298.0,3.0,9.0,15.683333333333334,2.0,19.0,107.38333333333334,0.0,0.0,0.0,3.0,9.0,26.916666666666664,1.0,23.0,66.31666666666666,1.0,62.0,383.3666666666667,1.0,4.0,18.266666666666666,0.0,0.0,0.0,0.0,0.0,0.0,1.0,4.0,14.0,0.0,0.0,0.0,4.0,162.0,618.6,1.0,5.0,25.0,1.0,11.0,35.56666666666667,2.0,123.0,251.6
1904,21,378,1419.1166666666666,2.0,9.0,36.88333333333333,1.0,17.0,10.483333333333334,0.0,0.0,0.0,2.0,6.0,20.9,2.0,34.0,107.0,0.0,0.0,0.0,3.0,10.0,17.616666666666667,2.0,37.0,56.18333333333334,0.0,0.0,0.0,0.0,0.0,0.0,4.0,49.0,222.79999999999998,1.0,110.0,590.3333333333333,0.0,0.0,0.0,1.0,7.0,10.966666666666667,0.0,0.0,0.0,0.0,0.0,0.0,2.0,31.0,115.88333333333335,1.0,68.0,230.06666666666666
1905,17,478,1789.8000000000002,2.0,11.0,50.516666666666666,1.0,11.0,23.283333333333335,0.0,0.0,0.0,1.0,7.0,36.050000000000004,0.0,0.0,0.0,0.0,0.0,0.0,4.0,13.0,39.88333333333333,1.0,21.0,18.55,0.0,0.0,0.0,0.0,0.0,0.0,2.0,29.0,123.6,3.0,211.0,604.1,0.0,0.0,0.0,0.0,0.0,0.0,1.0,38.0,157.70000000000002,0.0,0.0,0.0,0.0,0.0,0.0,2.0,137.0,736.1166666666668
1906,17,337,889.3166666666667,4.0,9.0,30.6,1.0,8.0,7.866666666666666,0.0,0.0,0.0,2.0,9.0,23.05,0.0,0.0,0.0,0.0,0.0,0.0,3.0,8.0,18.46666666666667,2.0,36.0,106.5,0.0,0.0,0.0,1.0,7.0,10.85,1.0,20.0,14.0,1.0,114.0,32.3,0.0,0.0,0.0,1.0,11.0,72.6,0.0,0.0,0.0,0.0,0.0,0.0,0.0,0.0,0.0,1.0,115.0,573.0833333333334
1907,18,319,1485.5,2.0,12.0,54.50000000000001,0.0,0.0,0.0,0.0,0.0,0.0,1.0,7.0,44.91666666666667,2.0,28.0,141.66666666666669,0.0,0.0,0.0,1.0,5.0,26.416666666666664,0.0,0.0,0.0,2.0,44.0,101.66666666666667,0.0,0.0,0.0,0.0,0.0,0.0,2.0,54.0,242.33333333333331,0.0,0.0,0.0,2.0,19.0,67.53333333333333,3.0,120.0,678.0333333333333,1.0,7.0,6.6499999999999995,2.0,23.0,121.78333333333333,0.0,0.0,0.0
1908,19,596,2076.55,2.0,12.0,35.35,3.0,34.0,44.733333333333334,0.0,0.0,0.0,1.0,1.0,2.9833333333333334,0.0,0.0,0.0,1.0,110.0,674.6666666666667,0.0,0.0,0.0,2.0,41.0,233.75,1.0,46.0,154.1,0.0,0.0,0.0,1.0,16.0,5.066666666666666,0.0,0.0,0.0,0.0,0.0,0.0,1.0,9.0,36.9,3.0,187.0,215.61666666666667,0.0,0.0,0.0,3.0,31.0,110.21666666666667,1.0,109.0,563.1666666666667
1909,23,891,2711.8,1.0,3.0,9.45,1.0,17.0,62.33333333333333,2.0,232.0,826.2333333333333,2.0,10.0,46.03333333333333,1.0,23.0,16.099999999999998,1.0,80.0,116.0,2.0,8.0,36.699999999999996,1.0,4.0,17.733333333333334,0.0,0.0,0.0,0.0,0.0,0.0,2.0,34.0,51.16666666666667,4.0,221.0,656.5833333333334,0.0,0.0,0.0,0.0,0.0,0.0,3.0,229.0,757.3,0.0,0.0,0.0,3.0,30.0,116.16666666666669,0.0,0.0,0.0
1910,19,401,1277.9833333333333,3.0,16.0,62.25,4.0,61.0,252.13333333333333,0.0,0.0,0.0,2.0,9.0,47.38333333333333,2.0,16.0,24.133333333333333,0.0,0.0,0.0,2.0,12.0,6.8999999999999995,0.0,0.0,0.0,1.0,56.0,176.4,0.0,0.0,0.0,0.0,0.0,0.0,2.0,157.0,368.0333333333333,1.0,6.0,15.1,1.0,23.0,41.4,0.0,0.0,0.0,0.0,0.0,0.0,0.0,0.0,0.0,1.0,45.0,284.25
1911,19,695,2750.55,2.0,10.0,40.75,1.0,20.0,114.0,0.0,0.0,0.0,1.0,2.0,8.2,0.0,0.0,0.0,0.0,0.0,0.0,4.0,13.0,52.333333333333336,2.0,37.0,148.53333333333333,1.0,112.0,375.2,0.0,0.0,0.0,1.0,21.0,132.65,2.0,78.0,391.85,0.0,0.0,0.0,0.0,0.0,0.0,2.0,180.0,785.6666666666667,0.0,0.0,0.0,0.0,0.0,0.0,3.0,222.0,701.3666666666666
1912,25,635,2381.0833333333335,3.0,15.0,34.74999999999999,4.0,53.0,218.41666666666669,1.0,30.0,46.5,3.0,11.0,29.366666666666667,1.0,21.0,13.299999999999999,1.0,28.0,179.66666666666669,2.0,10.0,20.666666666666664,2.0,24.0,129.9,1.0,74.0,355.2,0.0,0.0,0.0,1.0,17.0,7.083333333333334,2.0,181.0,561.3333333333333,0.0,0.0,0.0,1.0,20.0,76.33333333333334,2.0,106.0,632.0666666666666,0.0,0.0,0.0,0.0,0.0,0.0,1.0,45.0,76.5
1913,17,369,1366.3666666666668,1.0,1.0,0.9333333333333333,1.0,4.0,8.0,0.0,0.0,0.0,4.0,18.0,36.300000000000004,3.0,43.0,118.91666666666667,0.0,0.0,0.0,1.0,7.0,14.466666666666669,1.0,4.0,22.666666666666668,1.0,111.0,571.6500000000001,1.0,7.0,8.516666666666666,0.0,0.0,0.0,0.0,0.0,0.0,0.0,0.0,0.0,1.0,9.0,16.5,0.0,0.0,0.0,0.0,0.0,0.0,1.0,22.0,70.4,2.0,143.0,498.01666666666665
1914,25,777,3160.9333333333334,2.0,6.0,19.7,1.0,5.0,8.75,0.0,0.0,0.0,1.0,4.0,1.6,2.0,45.0,87.91666666666667,1.0,107.0,370.93333333333334,2.0,4.0,15.866666666666667,1.0,8.0,34.266666666666666,1.0,124.0,607.6,0.0,0.0,0.0,3.0,46.0,137.51666666666668,4.0,249.0,1079.5166666666667,0.0,0.0,0.0,1.0,5.0,1.4166666666666665,2.0,57.0,242.21666666666667,0.0,0.0,0.0,1.0,7.0,19.133333333333333,3.0,110.0,534.5
1915,19,463,1510.0166666666667,2.0,11.0,47.3,3.0,31.0,132.86666666666665,0.0,0.0,0.0,1.0,3.0,18.75,0.0,0.0,0.0,0.0,0.0,0.0,1.0,6.0,35.6,2.0,38.0,50.5,0.0,0.0,0.0,0.0,0.0,0.0,2.0,29.0,116.33333333333334,0.0,0.0,0.0,2.0,5.0,20.833333333333336,1.0,11.0,61.599999999999994,3.0,229.0,680.8833333333333,0.0,0.0,0.0,1.0,7.0,2.8000000000000003,1.0,93.0,342.54999999999995
1916,13,186,775.5,2.0,11.0,49.43333333333333,1.0,17.0,81.6,0.0,0.0,0.0,0.0,0.0,0.0,2.0,28.0,137.78333333333333,1.0,68.0,259.53333333333336,3.0,12.0,39.05,0.0,0.0,0.0,0.0,0.0,0.0,1.0,7.0,26.133333333333333,0.0,0.0,0.0,0.0,0.0,0.0,0.0,0.0,0.0,1.0,20.0,51.0,0.0,0.0,0.0,0.0,0.0,0.0,2.0,23.0,130.96666666666667,0.0,0.0,0.0
1917,25,811,2926.5666666666666,4.0,9.0,25.633333333333333,3.0,41.0,227.34999999999997,1.0,21.0,89.6,1.0,1.0,1.0833333333333333,1.0,4.0,7.533333333333333,2.0,149.0,645.6666666666667,3.0,14.0,31.7,0.0,0.0,0.0,0.0,0.0,0.0,0.0,0.0,0.0,1.0,14.0,16.8,2.0,160.0,651.5,0.0,0.0,0.0,1.0,19.0,92.14999999999999,3.0,218.0,1057.5333333333333,0.0,0.0,0.0,1.0,7.0,18.2,2.0,154.0,61.81666666666668
1918,25,801,3263.2833333333333,0.0,0.0,0.0,1.0,15.0,73.75,1.0,53.0,325.95000000000005,4.0,17.0,57.21666666666666,1.0,19.0,14.883333333333333,0.0,0.0,0.0,2.0,6.0,24.7,0.0,0.0,0.0,1.0,35.0,69.41666666666667,0.0,0.0,0.0,1.0,6.0,13.7,4.0,206.0,931.7833333333333,1.0,4.0,21.0,3.0,41.0,90.58333333333334,2.0,146.0,832.8666666666668,0.0,0.0,0.0,2.0,38.0,121.76666666666665,2.0,215.0,685.6666666666667
1919,18,741,2021.2333333333333,3.0,16.0,51.50000000000001,0.0,0.0,0.0,0.0,0.0,0.0,1.0,2.0,10.2,2.0,17.0,34.1,0.0,0.0,0.0,0.0,0.0,0.0,1.0,20.0,40.666666666666664,0.0,0.0,0.0,0.0,0.0,0.0,1.0,19.0,66.18333333333334,2.0,183.0,817.65,0.0,0.0,0.0,2.0,29.0,58.64999999999999,4.0,327.0,881.4833333333333,0.0,0.0,0.0,1.0,13.0,18.633333333333333,1.0,115.0,42.166666666666664
1920,22,430,1464.45,5.0,17.0,66.89999999999999,3.0,30.0,131.88333333333333,0.0,0.0,0.0,1.0,2.0,8.1,1.0,12.0,51.8,0.0,0.0,0.0,4.0,19.0,57.016666666666666,1.0,20.0,103.66666666666667,0.0,0.0,0.0,0.0,0.0,0.0,2.0,24.0,142.56666666666666,3.0,209.0,441.26666666666665,0.0,0.0,0.0,0.0,0.0,0.0,2.0,97.0,461.25,0.0,0.0,0.0,0.0,0.0,0.0,0.0,0.0,0.0
1921,19,785,2339.45,4.0,11.0,53.61666666666666,1.0,20.0,89.66666666666667,1.0,127.0,192.61666666666665,3.0,15.0,59.38333333333334,0.0,0.0,0.0,0.0,0.0,0.0,1.0,3.0,13.6,1.0,15.0,22.25,0.0,0.0,0.0,0.0,0.0,0.0,1.0,16.0,77.06666666666666,2.0,195.0,765.0166666666667,0.0,0.0,0.0,0.0,0.0,0.0,2.0,197.0,221.60000000000002,0.0,0.0,0.0,1.0,5.0,29.666666666666668,2.0,181.0,814.9666666666667
1922,18,702,2757.9833333333336,3.0,12.0,19.633333333333333,0.0,0.0,0.0,0.0,0.0,0.0,2.0,13.0,18.733333333333334,1.0,6.0,29.099999999999998,1.0,120.0,516.0,2.0,9.0,40.483333333333334,0.0,0.0,0.0,1.0,104.0,19.066666666666666,0.0,0.0,0.0,1.0,4.0,13.8,5.0,310.0,1368.8,0.0,0.0,0.0,0.0,0.0,0.0,2.0,124.0,732.3666666666667,0.0,0.0,0.0,0.0,0.0,0.0,0.0,0.0,0.0
1923,20,692,1856.0666666666666,4.0,10.0,14.05,0.0,0.0,0.0,1.0,89.0,431.65,2.0,6.0,21.85,1.0,13.0,35.75,0.0,0.0,0.0,1.0,7.0,22.28333333333333,1.0,15.0,76.5,1.0,60.0,223.0,0.0,0.0,0.0,1.0,13.0,40.733333333333334,0.0,0.0,0.0,2.0,10.0,10.966666666666667,1.0,17.0,83.58333333333334,3.0,276.0,555.4166666666666,0.0,0.0,0.0,0.0,0.0,0.0,2.0,176.0,340.28333333333336
1924,29,893,2485.2333333333336,3.0,10.0,14.783333333333333,4.0,36.0,96.96666666666667,0.0,0.0,0.0,1.0,1.0,1.7166666666666666,4.0,53.0,204.3,1.0,20.0,21.333333333333332,2.0,8.0,6.0,3.0,49.0,117.96666666666667,0.0,0.0,0.0,0.0,0.0,0.0,0.0,0.0,0.0,3.0,327.0,1039.3333333333335,0.0,0.0,0.0,1.0,6.0,27.5,2.0,138.0,206.6,1.0,1.0,3.216666666666667,1.0,17.0,14.45,3.0,227.0,731.0666666666666
1925,19,640,1959.8666666666668,0.0,0.0,0.0,1.0,14.0,13.299999999999999,3.0,253.0,473.54999999999995,4.0,20.0,80.36666666666666,2.0,29.0,165.61666666666667,1.0,21.0,130.9,1.0,5.0,17.583333333333332,0.0,0.0,0.0,0.0,0.0,0.0,0.0,0.0,0.0,0.0,0.0,0.0,1.0,121.0,508.20000000000005,0.0,0.0,0.0,1.0,14.0,30.333333333333332,3.0,150.0,490.18333333333334,1.0,5.0,25.166666666666664,1.0,8.0,24.666666666666668,0.0,0.0,0.0
1926,20,933,3853.3,0.0,0.0,0.0,1.0,22.0,50.599999999999994,0.0,0.0,0.0,2.0,12.0,51.08333333333333,1.0,8.0,26.666666666666668,0.0,0.0,0.0,4.0,14.0,26.116666666666667,0.0,0.0,0.0,2.0,220.0,1386.6666666666667,0.0,0.0,0.0,1.0,15.0,67.75,4.0,351.0,1186.55,0.0,0.0,0.0,1.0,17.0,55.53333333333333,0.0,0.0,0.0,0.0,0.0,0.0,1.0,10.0,63.666666666666664,3.0,264.0,938.6666666666667
1927,18,612,2305.8,3.0,11.0,47.3,0.0,0.0,0.0,0.0,0.0,0.0,3.0,10.0,30.950000000000003,1.0,22.0,90.19999999999999,0.0,0.0,0.0,0.0,0.0,0.0,0.0,0.0,0.0,0.0,0.0,0.0,0.0,0.0,0.0,2.0,33.0,152.85,5.0,368.0,1398.3666666666668,0.0,0.0,0.0,0.0,0.0,0.0,2.0,80.0,51.43333333333334,0.0,0.0,0.0,0.0,0.0,0.0,2.0,88.0,534.7
1928,27,585,1618.2833333333333,4.0,21.0,57.666666666666664,1.0,8.0,32.0,0.0,0.0,0.0,1.0,1.0,1.65,3.0,19.0,88.25,1.0,121.0,260.15,5.0,21.0,113.88333333333333,0.0,0.0,0.0,2.0,122.0,570.9166666666666,0.0,0.0,0.0,5.0,70.0,167.2,1.0,108.0,70.2,1.0,4.0,21.533333333333335,1.0,23.0,136.08333333333334,0.0,0.0,0.0,0.0,0.0,0.0,1.0,18.0,81.6,1.0,49.0,17.15
1929,19,691,2262.6,3.0,9.0,9.566666666666666,1.0,21.0,14.7,0.0,0.0,0.0,0.0,0.0,0.0,2.0,9.0,29.916666666666668,0.0,0.0,0.0,2.0,10.0,39.733333333333334,0.0,0.0,0.0,1.0,111.0,638.25,0.0,0.0,0.0,0.0,0.0,0.0,1.0,61.0,139.28333333333333,0.0,0.0,0.0,0.0,0.0,0.0,3.0,179.0,433.76666666666665,0.0,0.0,0.0,2.0,39.0,92.9,4.0,252.0,864.4833333333333
1930,17,399,1309.6333333333332,2.0,10.0,14.566666666666668,1.0,20.0,117.66666666666667,1.0,26.0,84.5,2.0,11.0,45.13333333333334,1.0,22.0,143.73333333333332,0.0,0.0,0.0,2.0,10.0,52.93333333333333,0.0,0.0,0.0,1.0,89.0,256.6166666666667,0.0,0.0,0.0,3.0,45.0,122.03333333333333,1.0,57.0,160.55,1.0,2.0,0.43333333333333335,1.0,10.0,46.333333333333336,0.0,0.0,0.0,0.0,0.0,0.0,0.0,0.0,0.0,1.0,97.0,265.1333333333333
1931,17,569,2135.9833333333336,0.0,0.0,0.0,3.0,51.0,180.58333333333334,0.0,0.0,0.0,1.0,7.0,42.35,1.0,5.0,21.416666666666664,0.0,0.0,0.0,2.0,7.0,34.63333333333333,1.0,6.0,37.7,0.0,0.0,0.0,0.0,0.0,0.0,2.0,34.0,34.2,3.0,236.0,871.85,0.0,0.0,0.0,0.0,0.0,0.0,1.0,125.0,627.0833333333334,0.0,0.0,0.0,1.0,6.0,26.5,2.0,92.0,259.6666666666667
1932,17,484,1958.5,4.0,17.0,27.85,1.0,8.0,13.466666666666667,0.0,0.0,0.0,1.0,6.0,23.2,1.0,11.0,39.6,0.0,0.0,0.0,5.0,19.0,62.81666666666666,0.0,0.0,0.0,0.0,0.0,0.0,0.0,0.0,0.0,1.0,4.0,1.8666666666666667,3.0,293.0,1071.5,0.0,0.0,0.0,0.0,0.0,0.0,1.0,126.0,718.2,0.0,0.0,0.0,0.0,0.0,0.0,0.0,0.0,0.0
1933,16,549,1670.25,2.0,8.0,30.366666666666667,1.0,23.0,105.03333333333333,0.0,0.0,0.0,0.0,0.0,0.0,3.0,32.0,179.76666666666665,0.0,0.0,0.0,2.0,6.0,28.233333333333334,2.0,31.0,165.58333333333331,0.0,0.0,0.0,0.0,0.0,0.0,0.0,0.0,0.0,6.0,449.0,1161.2666666666667,0.0,0.0,0.0,0.0,0.0,0.0,0.0,0.0,0.0,0.0,0.0,0.0,0.0,0.0,0.0,0.0,0.0,0.0
1934,34,1051,4295.85,3.0,13.0,27.816666666666666,2.0,18.0,81.75,1.0,76.0,200.13333333333333,4.0,19.0,48.93333333333334,1.0,11.0,11.0,0.0,0.0,0.0,3.0,11.0,65.65,2.0,26.0,40.13333333333334,1.0,21.0,9.8,0.0,0.0,0.0,2.0,8.0,33.93333333333334,3.0,120.0,262.25,0.0,0.0,0.0,0.0,0.0,0.0,5.0,386.0,1760.7,1.0,7.0,11.783333333333333,2.0,34.0,106.63333333333333,4.0,301.0,1635.3333333333333
1935,26,757,2189.8166666666666,3.0,17.0,43.016666666666666,3.0,39.0,137.53333333333336,0.0,0.0,0.0,4.0,13.0,68.78333333333333,0.0,0.0,0.0,0.0,0.0,0.0,2.0,9.0,57.35,0.0,0.0,0.0,0.0,0.0,0.0,0.0,0.0,0.0,1.0,8.0,8.8,4.0,188.0,753.95,0.0,0.0,0.0,1.0,5.0,23.75,2.0,227.0,454.78333333333336,0.0,0.0,0.0,2.0,31.0,38.333333333333336,4.0,220.0,603.5166666666667
1936,11,328,1326.75,3.0,8.0,35.1,0.0,0.0,0.0,0.0,0.0,0.0,0.0,0.0,0.0,0.0,0.0,0.0,0.0,0.0,0.0,2.0,5.0,26.46666666666667,0.0,0.0,0.0,0.0,0.0,0.0,0.0,0.0,0.0,1.0,22.0,30.066666666666666,3.0,164.0,643.5833333333334,0.0,0.0,0.0,0.0,0.0,0.0,0.0,0.0,0.0,0.0,0.0,0.0,1.0,5.0,27.333333333333336,1.0,124.0,564.1999999999999
1937,20,694,2645.983333333333,1.0,3.0,11.75,1.0,17.0,49.86666666666666,0.0,0.0,0.0,3.0,6.0,35.31666666666667,2.0,17.0,110.81666666666666,0.0,0.0,0.0,0.0,0.0,0.0,2.0,24.0,60.400000000000006,1.0,95.0,492.4166666666667,0.0,0.0,0.0,1.0,13.0,37.916666666666664,3.0,255.0,747.7666666666667,0.0,0.0,0.0,0.0,0.0,0.0,3.0,170.0,700.7333333333333,0.0,0.0,0.0,1.0,6.0,4.6000000000000005,2.0,88.0,394.40000000000003
1938,16,292,1141.0666666666666,1.0,2.0,4.866666666666666,1.0,9.0,20.85,0.0,0.0,0.0,0.0,0.0,0.0,4.0,35.0,85.61666666666667,0.0,0.0,0.0,1.0,6.0,39.2,0.0,0.0,0.0,0.0,0.0,0.0,0.0,0.0,0.0,4.0,52.0,125.41666666666667,1.0,21.0,108.15,1.0,5.0,20.166666666666664,0.0,0.0,0.0,1.0,76.0,416.73333333333335,0.0,0.0,0.0,1.0,6.0,9.4,1.0,80.0,310.6666666666667
1939,27,1286,3642.75,2.0,8.0,49.53333333333334,1.0,6.0,11.100000000000001,1.0,118.0,37.36666666666667,3.0,14.0,42.46666666666667,3.0,45.0,172.26666666666668,1.0,87.0,205.9,0.0,0.0,0.0,1.0,4.0,25.4,1.0,125.0,691.6666666666666,0.0,0.0,0.0,1.0,15.0,10.75,6.0,420.0,835.2,0.0,0.0,0.0,0.0,0.0,0.0,3.0,263.0,763.4,0.0,0.0,0.0,1.0,6.0,23.9,3.0,175.0,773.8
1940,23,372,1032.1166666666668,6.0,22.0,82.91666666666666,0.0,0.0,0.0,1.0,43.0,50.16666666666667,2.0,7.0,29.916666666666668,1.0,15.0,55.75,1.0,80.0,168.0,2.0,8.0,15.6,1.0,11.0,42.71666666666667,0.0,0.0,0.0,0.0,0.0,0.0,2.0,23.0,65.56666666666666,2.0,75.0,188.85,0.0,0.0,0.0,2.0,10.0,38.583333333333336,2.0,47.0,189.68333333333334,0.0,0.0,0.0,0.0,0.0,0.0,1.0,31.0,104.36666666666667
1941,23,616,1829.7,5.0,24.0,88.28333333333333,0.0,0.0,0.0,0.0,0.0,0.0,3.0,10.0,43.65,2.0,18.0,95.6,2.0,115.0,434.03333333333336,3.0,6.0,18.549999999999997,1.0,19.0,69.35,2.0,158.0,96.53333333333333,0.0,0.0,0.0,0.0,0.0,0.0,1.0,60.0,117.0,0.0,0.0,0.0,1.0,15.0,30.0,1.0,74.0,213.36666666666667,1.0,1.0,4.666666666666667,0.0,0.0,0.0,1.0,116.0,618.6666666666666
1942,22,640,2758.8999999999996,3.0,13.0,69.36666666666667,0.0,0.0,0.0,0.0,0.0,0.0,1.0,5.0,28.416666666666668,2.0,35.0,125.01666666666667,0.0,0.0,0.0,1.0,5.0,5.083333333333333,2.0,34.0,167.5,0.0,0.0,0.0,0.0,0.0,0.0,4.0,42.0,155.48333333333332,4.0,339.0,1572.85,0.0,0.0,0.0,3.0,39.0,60.55,1.0,114.0,488.3,0.0,0.0,0.0,1.0,14.0,86.33333333333334,0.0,0.0,0.0
1943,23,574,1763.25,2.0,8.0,34.33333333333333,2.0,15.0,63.74999999999999,0.0,0.0,0.0,4.0,18.0,62.28333333333333,0.0,0.0,0.0,0.0,0.0,0.0,3.0,20.0,99.93333333333334,2.0,25.0,84.86666666666667,0.0,0.0,0.0,0.0,0.0,0.0,1.0,18.0,9.0,3.0,148.0,443.25000000000006,2.0,6.0,21.75,1.0,13.0,75.83333333333333,2.0,210.0,764.4000000000001,0.0,0.0,0.0,0.0,0.0,0.0,1.0,93.0,103.85000000000001
1944,26,861,2262.5666666666666,3.0,16.0,36.91666666666667,1.0,4.0,6.266666666666667,0.0,0.0,0.0,4.0,19.0,55.666666666666664,1.0,23.0,16.099999999999998,0.0,0.0,0.0,3.0,16.0,53.5,0.0,0.0,0.0,0.0,0.0,0.0,0.0,0.0,0.0,1.0,14.0,4.2,4.0,308.0,357.81666666666666,0.0,0.0,0.0,2.0,27.0,84.73333333333335,7.0,434.0,1647.3666666666668,0.0,0.0,0.0,0.0,0.0,0.0,0.0,0.0,0.0
1945,21,658,1756.2833333333333,3.0,10.0,30.433333333333334,1.0,21.0,8.75,0.0,0.0,0.0,0.0,0.0,0.0,1.0,17.0,103.41666666666666,0.0,0.0,0.0,3.0,15.0,62.65,3.0,49.0,253.06666666666666,1.0,94.0,167.63333333333335,0.0,0.0,0.0,1.0,21.0,81.55,1.0,57.0,27.55,0.0,0.0,0.0,1.0,9.0,23.849999999999998,4.0,317.0,883.0,0.0,0.0,0.0,0.0,0.0,0.0,2.0,48.0,114.38333333333334
1946,21,591,1960.5500000000002,2.0,7.0,27.833333333333336,1.0,19.0,85.81666666666666,0.0,0.0,0.0,4.0,14.0,34.93333333333333,0.0,0.0,0.0,1.0,59.0,164.21666666666667,3.0,13.0,39.650000000000006,1.0,7.0,13.533333333333333,1.0,124.0,235.6,0.0,0.0,0.0,2.0,28.0,133.7,1.0,54.0,332.1,0.0,0.0,0.0,0.0,0.0,0.0,1.0,30.0,11.0,1.0,7.0,44.1,0.0,0.0,0.0,3.0,229.0,838.0666666666667
1947,11,144,419.40000000000003,3.0,10.0,43.5,1.0,23.0,6.516666666666667,0.0,0.0,0.0,1.0,2.0,1.6,0.0,0.0,0.0,0.0,0.0,0.0,0.0,0.0,0.0,0.0,0.0,0.0,0.0,0.0,0.0,1.0,3.0,3.75,3.0,56.0,252.60000000000002,0.0,0.0,0.0,0.0,0.0,0.0,0.0,0.0,0.0,1.0,46.0,88.16666666666667,0.0,0.0,0.0,1.0,4.0,23.266666666666666,0.0,0.0,0.0
1948,30,1135,3586.5,1.0,5.0,17.0,0.0,0.0,0.0,0.0,0.0,0.0,2.0,10.0,31.066666666666666,1.0,23.0,144.51666666666665,0.0,0.0,0.0,4.0,21.0,103.86666666666667,3.0,26.0,56.63333333333333,0.0,0.0,0.0,0.0,0.0,0.0,3.0,46.0,149.56666666666666,4.0,298.0,798.15,0.0,0.0,0.0,2.0,25.0,121.38333333333333,5.0,352.0,1224.6,0.0,0.0,0.0,1.0,15.0,42.25,4.0,314.0,897.4666666666667
1949,21,454,1876.1,5.0,28.0,106.13333333333333,1.0,6.0,37.9,1.0,45.0,76.5,2.0,9.0,13.5,1.0,15.0,4.25,0.0,0.0,0.0,3.0,14.0,28.71666666666667,0.0,0.0,0.0,0.0,0.0,0.0,0.0,0.0,0.0,0.0,0.0,0.0,3.0,97.0,517.6500000000001,0.0,0.0,0.0,1.0,8.0,12.266666666666667,1.0,89.0,323.3666666666667,0.0,0.0,0.0,1.0,23.0,24.916666666666664,2.0,120.0,730.9
1950,20,437,1751.1833333333334,3.0,12.0,48.849999999999994,1.0,20.0,55.666666666666664,0.0,0.0,0.0,4.0,19.0,107.25,3.0,34.0,82.56666666666666,0.0,0.0,0.0,1.0,1.0,2.6333333333333333,2.0,34.0,112.51666666666665,0.0,0.0,0.0,0.0,0.0,0.0,2.0,30.0,96.7,2.0,197.0,865.3333333333333,0.0,0.0,0.0,1.0,10.0,9.0,0.0,0.0,0.0,0.0,0.0,0.0,0.0,0.0,0.0,1.0,80.0,370.6666666666667
1951,20,682,1858.7666666666667,2.0,3.0,18.55,2.0,36.0,194.76666666666665,1.0,65.0,61.75,2.0,10.0,50.45,2.0,10.0,20.633333333333333,0.0,0.0,0.0,0.0,0.0,0.0,1.0,21.0,122.85,1.0,18.0,28.2,0.0,0.0,0.0,0.0,0.0,0.0,4.0,172.0,456.95000000000005,0.0,0.0,0.0,1.0,11.0,53.349999999999994,1.0,119.0,364.93333333333334,0.0,0.0,0.0,1.0,20.0,35.66666666666667,2.0,197.0,450.66666666666674
1952,28,842,3174.366666666667,3.0,14.0,24.25,0.0,0.0,0.0,0.0,0.0,0.0,3.0,9.0,32.96666666666667,1.0,13.0,11.700000000000001,1.0,38.0,49.4,1.0,7.0,8.166666666666668,0.0,0.0,0.0,1.0,19.0,91.83333333333333,1.0,1.0,1.5,4.0,66.0,276.9,3.0,184.0,817.4166666666666,0.0,0.0,0.0,2.0,24.0,12.833333333333332,5.0,392.0,1561.4666666666667,0.0,0.0,0.0,1.0,5.0,28.166666666666668,2.0,70.0,257.76666666666665
1953,24,526,1673.8666666666666,6.0,18.0,53.766666666666666,3.0,41.0,130.03333333333336,1.0,37.0,54.88333333333333,1.0,5.0,7.75,3.0,67.0,286.54999999999995,0.0,0.0,0.0,1.0,4.0,23.466666666666665,0.0,0.0,0.0,0.0,0.0,0.0,1.0,7.0,27.53333333333333,2.0,15.0,79.75,3.0,224.0,559.3,1.0,7.0,4.8999999999999995,1.0,17.0,38.53333333333333,1.0,84.0,407.4,0.0,0.0,0.0,0.0,0.0,0.0,0.0,0.0,0.0
1954,16,601,2406.2666666666664,3.0,11.0,49.71666666666667,0.0,0.0,0.0,1.0,109.0,434.18333333333334,1.0,5.0,17.666666666666664,1.0,10.0,50.83333333333333,0.0,0.0,0.0,2.0,11.0,48.85,1.0,11.0,13.933333333333334,0.0,0.0,0.0,0.0,0.0,0.0,2.0,25.0,39.416666666666664,2.0,217.0,1216.5,0.0,0.0,0.0,0.0,0.0,0.0,1.0,86.0,24.366666666666667,0.0,0.0,0.0,0.0,0.0,0.0,2.0,116.0,510.79999999999995
1955,17,633,1964.3,0.0,0.0,0.0,1.0,10.0,9.5,0.0,0.0,0.0,0.0,0.0,0.0,0.0,0.0,0.0,0.0,0.0,0.0,2.0,7.0,23.349999999999998,2.0,31.0,113.95000000000002,0.0,0.0,0.0,1.0,7.0,4.433333333333334,2.0,20.0,45.66666666666667,3.0,208.0,910.4333333333334,0.0,0.0,0.0,1.0,6.0,27.699999999999996,2.0,142.0,502.6,0.0,0.0,0.0,0.0,0.0,0.0,3.0,202.0,326.6666666666667
1956,21,517,2000.7166666666667,2.0,10.0,56.83333333333334,0.0,0.0,0.0,0.0,0.0,0.0,1.0,3.0,9.1,0.0,0.0,0.0,0.0,0.0,0.0,4.0,16.0,61.05,3.0,34.0,174.33333333333331,0.0,0.0,0.0,0.0,0.0,0.0,2.0,29.0,176.91666666666669,5.0,352.0,1231.2,0.0,0.0,0.0,0.0,0.0,0.0,1.0,27.0,95.39999999999999,0.0,0.0,0.0,3.0,46.0,195.88333333333333,0.0,0.0,0.0
1957,11,374,1591.4333333333334,3.0,12.0,68.83333333333334,1.0,20.0,83.0,0.0,0.0,0.0,1.0,3.0,4.65,0.0,0.0,0.0,1.0,77.0,336.2333333333333,0.0,0.0,0.0,0.0,0.0,0.0,0.0,0.0,0.0,0.0,0.0,0.0,0.0,0.0,0.0,1.0,44.0,115.13333333333334,0.0,0.0,0.0,1.0,20.0,83.33333333333334,1.0,67.0,310.43333333333334,1.0,6.0,4.3999999999999995,0.0,0.0,0.0,1.0,125.0,585.4166666666667
1958,26,340,1127.7666666666667,4.0,10.0,33.166666666666664,4.0,66.0,274.93333333333334,0.0,0.0,0.0,3.0,15.0,69.05,3.0,50.0,237.06666666666666,1.0,95.0,223.25,4.0,15.0,62.33333333333333,2.0,24.0,53.2,0.0,0.0,0.0,1.0,2.0,12.3,0.0,0.0,0.0,0.0,0.0,0.0,0.0,0.0,0.0,1.0,9.0,51.300000000000004,0.0,0.0,0.0,0.0,0.0,0.0,3.0,54.0,111.16666666666669,0.0,0.0,0.0
1959,25,920,2699.2833333333338,0.0,0.0,0.0,2.0,35.0,55.58333333333333,0.0,0.0,0.0,1.0,5.0,5.666666666666666,1.0,18.0,92.7,0.0,0.0,0.0,2.0,8.0,37.96666666666667,2.0,31.0,100.91666666666666,1.0,37.0,181.91666666666669,1.0,4.0,7.133333333333334,2.0,40.0,174.76666666666665,4.0,187.0,665.3166666666667,0.0,0.0,0.0,1.0,8.0,48.266666666666666,6.0,511.0,1166.5833333333335,0.0,0.0,0.0,2.0,36.0,162.46666666666667,0.0,0.0,0.0
1960,21,686,1960.7666666666667,0.0,0.0,0.0,0.0,0.0,0.0,0.0,0.0,0.0,4.0,20.0,84.7,1.0,17.0,97.75,1.0,113.0,201.51666666666668,0.0,0.0,0.0,2.0,31.0,83.30000000000001,0.0,0.0,0.0,1.0,5.0,10.75,3.0,44.0,203.64999999999998,4.0,234.0,510.65000000000003,0.0,0.0,0.0,1.0,8.0,19.733333333333334,1.0,91.0,392.81666666666666,0.0,0.0,0.0,1.0,13.0,69.76666666666667,2.0,110.0,286.1333333333333
1961,31,963,3413.8333333333335,7.0,27.0,108.55,1.0,7.0,17.03333333333333,2.0,122.0,135.76666666666668,2.0,13.0,25.583333333333336,0.0,0.0,0.0,1.0,93.0,601.4,2.0,2.0,11.166666666666668,2.0,41.0,200.78333333333333,0.0,0.0,0.0,1.0,1.0,2.3333333333333335,2.0,32.0,189.1,5.0,359.0,1269.9833333333333,0.0,0.0,0.0,3.0,49.0,225.73333333333335,2.0,209.0,611.0666666666667,0.0,0.0,0.0,1.0,8.0,15.333333333333334,0.0,0.0,0.0
1962,19,943,3438.866666666667,1.0,4.0,24.066666666666666,0.0,0.0,0.0,0.0,0.0,0.0,0.0,0.0,0.0,0.0,0.0,0.0,0.0,0.0,0.0,2.0,11.0,35.733333333333334,1.0,12.0,16.4,0.0,0.0,0.0,0.0,0.0,0.0,2.0,37.0,103.8,6.0,459.0,1748.1833333333334,0.0,0.0,0.0,1.0,5.0,18.666666666666668,2.0,131.0,598.7166666666667,0.0,0.0,0.0,1.0,16.0,60.8,3.0,268.0,832.5
1963,10,284,966.1666666666667,1.0,3.0,12.95,1.0,21.0,115.85,0.0,0.0,0.0,0.0,0.0,0.0,1.0,14.0,15.866666666666667,0.0,0.0,0.0,1.0,7.0,37.91666666666667,0.0,0.0,0.0,0.0,0.0,0.0,0.0,0.0,0.0,2.0,17.0,92.83333333333333,2.0,193.0,655.6666666666667,1.0,6.0,2.5,0.0,0.0,0.0,0.0,0.0,0.0,0.0,0.0,0.0,1.0,23.0,32.583333333333336,0.0,0.0,0.0
1964,17,751,2335.883333333333,1.0,5.0,20.583333333333332,2.0,41.0,59.3,0.0,0.0,0.0,1.0,3.0,7.299999999999999,2.0,28.0,107.5,0.0,0.0,0.0,0.0,0.0,0.0,0.0,0.0,0.0,0.0,0.0,0.0,1.0,7.0,28.583333333333332,0.0,0.0,0.0,2.0,155.0,596.75,1.0,2.0,0.5333333333333333,2.0,30.0,129.46666666666667,3.0,329.0,633.3,0.0,0.0,0.0,0.0,0.0,0.0,2.0,151.0,752.5666666666666
1965,15,547,1886.6,1.0,7.0,35.11666666666667,1.0,15.0,44.25,0.0,0.0,0.0,1.0,2.0,1.4,0.0,0.0,0.0,0.0,0.0,0.0,2.0,14.0,34.416666666666664,0.0,0.0,0.0,1.0,76.0,140.6,0.0,0.0,0.0,3.0,58.0,112.55,1.0,59.0,80.63333333333334,1.0,6.0,35.6,1.0,14.0,56.699999999999996,2.0,190.0,681.0666666666666,0.0,0.0,0.0,0.0,0.0,0.0,1.0,106.0,664.2666666666667
1966,23,753,3117.2,2.0,9.0,29.03333333333333,2.0,35.0,173.7,0.0,0.0,0.0,2.0,8.0,12.533333333333331,0.0,0.0,0.0,1.0,127.0,84.66666666666666,2.0,7.0,30.200000000000003,2.0,25.0,100.58333333333334,1.0,65.0,423.5833333333333,0.0,0.0,0.0,4.0,44.0,102.13333333333334,1.0,109.0,683.0666666666666,0.0,0.0,0.0,2.0,31.0,52.366666666666674,2.0,220.0,1122.7333333333331,0.0,0.0,0.0,1.0,8.0,29.6,1.0,65.0,273.0
1967,20,608,1631.1666666666667,2.0,9.0,28.299999999999997,1.0,22.0,37.766666666666666,0.0,0.0,0.0,0.0,0.0,0.0,0.0,0.0,0.0,1.0,67.0,130.65,4.0,9.0,42.400000000000006,1.0,14.0,87.03333333333333,0.0,0.0,0.0,0.0,0.0,0.0,1.0,19.0,8.55,5.0,415.0,1079.0833333333335,1.0,7.0,3.3833333333333333,3.0,32.0,122.76666666666668,0.0,0.0,0.0,0.0,0.0,0.0,1.0,14.0,91.23333333333333,0.0,0.0,0.0
1968,23,786,2832.4666666666667,0.0,0.0,0.0,0.0,0.0,0.0,0.0,0.0,0.0,2.0,6.0,5.683333333333334,1.0,16.0,87.46666666666667,0.0,0.0,0.0,1.0,3.0,11.0,2.0,44.0,126.51666666666667,0.0,0.0,0.0,0.0,0.0,0.0,2.0,11.0,48.18333333333334,5.0,263.0,1447.7,0.0,0.0,0.0,2.0,24.0,95.85,2.0,242.0,438.06666666666666,0.0,0.0,0.0,4.0,45.0,147.65,2.0,132.0,424.34999999999997
1969,19,832,3466.7666666666664,1.0,5.0,28.583333333333336,0.0,0.0,0.0,2.0,239.0,1381.4666666666667,2.0,6.0,10.833333333333332,1.0,16.0,69.6,1.0,100.0,600.0,1.0,3.0,16.3,0.0,0.0,0.0,0.0,0.0,0.0,0.0,0.0,0.0,1.0,20.0,93.33333333333334,2.0,230.0,780.8333333333333,0.0,0.0,0.0,2.0,28.0,85.26666666666667,2.0,125.0,244.68333333333334,0.0,0.0,0.0,3.0,34.0,45.36666666666667,1.0,26.0,110.5
1970,16,408,1310.7666666666667,2.0,11.0,32.71666666666666,2.0,24.0,96.93333333333334,0.0,0.0,0.0,2.0,3.0,8.433333333333334,0.0,0.0,0.0,1.0,31.0,37.71666666666666,1.0,6.0,6.7,1.0,17.0,75.08333333333334,0.0,0.0,0.0,1.0,5.0,10.5,1.0,14.0,35.0,2.0,107.0,280.48333333333335,0.0,0.0,0.0,0.0,0.0,0.0,2.0,168.0,698.6,0.0,0.0,0.0,1.0,22.0,28.6,0.0,0.0,0.0
1971,21,367,921.3333333333333,3.0,10.0,12.55,1.0,8.0,46.666666666666664,0.0,0.0,0.0,4.0,16.0,49.5,1.0,23.0,72.83333333333333,0.0,0.0,0.0,1.0,3.0,13.7,4.0,71.0,146.5,1.0,42.0,15.399999999999999,1.0,7.0,13.183333333333334,1.0,6.0,11.2,2.0,155.0,513.5,0.0,0.0,0.0,0.0,0.0,0.0,0.0,0.0,0.0,0.0,0.0,0.0,2.0,26.0,26.3,0.0,0.0,0.0
1972,13,440,1630.2833333333333,1.0,6.0,25.6,2.0,25.0,60.14999999999999,0.0,0.0,0.0,3.0,9.0,36.33333333333333,0.0,0.0,0.0,0.0,0.0,0.0,0.0,0.0,0.0,0.0,0.0,0.0,0.0,0.0,0.0,0.0,0.0,0.0,0.0,0.0,0.0,2.0,146.0,175.76666666666665,0.0,0.0,0.0,0.0,0.0,0.0,2.0,56.0,344.1166666666667,0.0,0.0,0.0,0.0,0.0,0.0,3.0,198.0,988.3166666666666
1973,11,195,455.5833333333333,2.0,11.0,19.65,1.0,5.0,26.25,0.0,0.0,0.0,1.0,4.0,4.2,1.0,6.0,1.6,0.0,0.0,0.0,0.0,0.0,0.0,1.0,13.0,63.05,0.0,0.0,0.0,0.0,0.0,0.0,1.0,14.0,81.2,0.0,0.0,0.0,0.0,0.0,0.0,0.0,0.0,0.0,1.0,86.0,32.96666666666667,1.0,2.0,9.633333333333333,0.0,0.0,0.0,2.0,54.0,217.03333333333333
1974,20,915,3387.95,2.0,6.0,35.21666666666667,0.0,0.0,0.0,0.0,0.0,0.0,0.0,0.0,0.0,1.0,5.0,28.833333333333332,0.0,0.0,0.0,1.0,5.0,30.083333333333332,0.0,0.0,0.0,2.0,115.0,290.8333333333333,0.0,0.0,0.0,2.0,27.0,88.63333333333333,5.0,376.0,1077.0,0.0,0.0,0.0,0.0,0.0,0.0,3.0,95.0,384.9833333333333,0.0,0.0,0.0,1.0,17.0,56.95,3.0,269.0,1395.4166666666667
1975,22,781,2969.05,3.0,15.0,55.483333333333334,2.0,29.0,44.0,0.0,0.0,0.0,0.0,0.0,0.0,2.0,44.0,131.26666666666665,0.0,0.0,0.0,1.0,5.0,10.0,1.0,16.0,75.2,0.0,0.0,0.0,1.0,1.0,6.583333333333333,1.0,12.0,50.400000000000006,5.0,386.0,1393.6,0.0,0.0,0.0,1.0,10.0,26.666666666666664,3.0,177.0,656.45,0.0,0.0,0.0,1.0,10.0,39.33333333333333,1.0,76.0,480.06666666666666
1976,22,560,1755.05,3.0,7.0,18.616666666666667,3.0,62.0,203.06666666666666,1.0,87.0,571.3,1.0,6.0,6.200000000000001,0.0,0.0,0.0,0.0,0.0,0.0,3.0,15.0,30.55,2.0,24.0,133.4,0.0,0.0,0.0,0.0,0.0,0.0,2.0,17.0,29.616666666666667,3.0,253.0,403.73333333333335,0.0,0.0,0.0,0.0,0.0,0.0,1.0,60.0,269.0,1.0,6.0,21.2,2.0,23.0,68.36666666666667,0.0,0.0,0.0
1977,18,457,1691.3666666666666,1.0,7.0,13.066666666666666,3.0,44.0,146.11666666666667,0.0,0.0,0.0,1.0,2.0,0.4666666666666667,2.0,31.0,121.51666666666668,0.0,0.0,0.0,4.0,15.0,74.28333333333333,2.0,20.0,118.60000000000001,0.0,0.0,0.0,0.0,0.0,0.0,0.0,0.0,0.0,1.0,124.0,620.0,0.0,0.0,0.0,1.0,7.0,3.033333333333333,3.0,207.0,594.2833333333333,0.0,0.0,0.0,0.0,0.0,0.0,0.0,0.0,0.0
1978,21,842,2638.9666666666667,2.0,8.0,28.7,1.0,17.0,65.45,0.0,0.0,0.0,1.0,5.0,10.083333333333332,0.0,0.0,0.0,0.0,0.0,0.0,1.0,1.0,3.183333333333333,2.0,27.0,55.7,1.0,77.0,147.58333333333334,0.0,0.0,0.0,2.0,18.0,48.56666666666666,5.0,284.0,870.6666666666667,0.0,0.0,0.0,1.0,11.0,33.55,3.0,261.0,899.25,0.0,0.0,0.0,0.0,0.0,0.0,2.0,133.0,476.23333333333335
1979,24,788,3094.5166666666664,0.0,0.0,0.0,1.0,11.0,46.56666666666667,1.0,61.0,41.68333333333334,2.0,10.0,32.06666666666667,4.0,57.0,157.93333333333334,1.0,80.0,462.66666666666663,4.0,15.0,71.16666666666666,1.0,4.0,17.866666666666667,0.0,0.0,0.0,0.0,0.0,0.0,0.0,0.0,0.0,2.0,153.0,980.6833333333334,0.0,0.0,0.0,2.0,25.0,92.41666666666667,3.0,165.0,465.93333333333334,0.0,0.0,0.0,1.0,14.0,30.800000000000004,2.0,193.0,694.7333333333333
1980,23,670,2473.1666666666665,1.0,2.0,8.133333333333333,2.0,23.0,71.66666666666666,1.0,72.0,208.79999999999998,2.0,8.0,25.3,1.0,5.0,1.5,0.0,0.0,0.0,1.0,3.0,0.65,1.0,20.0,82.0,1.0,96.0,460.79999999999995,0.0,0.0,0.0,1.0,20.0,85.0,3.0,205.0,767.5833333333334,0.0,0.0,0.0,3.0,34.0,105.75,3.0,81.0,354.5333333333333,0.0,0.0,0.0,1.0,5.0,16.0,2.0,96.0,285.45
1981,24,834,2797.9,2.0,8.0,8.516666666666667,2.0,37.0,141.45,1.0,30.0,100.5,2.0,5.0,7.916666666666666,1.0,7.0,13.766666666666666,1.0,74.0,376.16666666666663,3.0,15.0,52.5,0.0,0.0,0.0,0.0,0.0,0.0,0.0,0.0,0.0,3.0,34.0,100.13333333333333,2.0,226.0,542.2333333333335,1.0,1.0,6.183333333333334,0.0,0.0,0.0,1.0,101.0,461.2333333333333,1.0,2.0,7.733333333333333,0.0,0.0,0.0,4.0,294.0,979.5666666666667
1982,20,564,1741.0,2.0,8.0,45.05,3.0,49.0,200.3,0.0,0.0,0.0,1.0,7.0,16.8,0.0,0.0,0.0,1.0,91.0,436.8,3.0,14.0,48.983333333333334,0.0,0.0,0.0,1.0,91.0,30.333333333333332,0.0,0.0,0.0,2.0,30.0,104.6,2.0,124.0,192.66666666666669,2.0,8.0,34.266666666666666,1.0,13.0,29.25,2.0,129.0,601.9499999999999,0.0,0.0,0.0,0.0,0.0,0.0,0.0,0.0,0.0
1983,26,818,2198.4166666666665,2.0,7.0,38.949999999999996,2.0,21.0,50.05,1.0,64.0,44.8,2.0,9.0,55.05,4.0,46.0,148.05,0.0,0.0,0.0,2.0,4.0,22.65,1.0,16.0,33.06666666666667,1.0,109.0,203.46666666666667,0.0,0.0,0.0,2.0,28.0,52.266666666666666,3.0,309.0,944.6,0.0,0.0,0.0,1.0,23.0,122.28333333333333,2.0,72.0,205.60000000000002,0.0,0.0,0.0,0.0,0.0,0.0,3.0,110.0,277.5833333333333
1984,23,810,2545.3,2.0,8.0,7.166666666666667,1.0,16.0,80.8,0.0,0.0,0.0,3.0,12.0,42.88333333333333,1.0,4.0,19.733333333333334,0.0,0.0,0.0,2.0,11.0,58.633333333333326,1.0,6.0,16.7,0.0,0.0,0.0,0.0,0.0,0.0,0.0,0.0,0.0,4.0,373.0,846.3,0.0,0.0,0.0,3.0,56.0,226.98333333333335,3.0,153.0,742.7333333333333,0.0,0.0,0.0,1.0,5.0,13.666666666666668,2.0,166.0,489.70000000000005
1985,16,431,1557.2333333333333,2.0,6.0,7.183333333333334,2.0,43.0,173.8,1.0,20.0,115.66666666666666,0.0,0.0,0.0,0.0,0.0,0.0,0.0,0.0,0.0,2.0,3.0,18.25,1.0,19.0,44.01666666666667,0.0,0.0,0.0,0.0,0.0,0.0,2.0,19.0,68.23333333333333,3.0,158.0,768.1333333333333,0.0,0.0,0.0,0.0,0.0,0.0,1.0,78.0,252.20000000000002,0.0,0.0,0.0,1.0,20.0,22.0,1.0,65.0,87.75
1986,19,452,1838.1499999999999,2.0,9.0,42.166666666666664,3.0,48.0,201.15,0.0,0.0,0.0,2.0,10.0,26.78333333333333,2.0,38.0,57.58333333333334,1.0,76.0,74.73333333333333,3.0,14.0,59.333333333333336,0.0,0.0,0.0,0.0,0.0,0.0,0.0,0.0,0.0,1.0,9.0,42.0,2.0,151.0,832.3,0.0,0.0,0.0,1.0,15.0,48.5,1.0,73.0,405.15,0.0,0.0,0.0,1.0,9.0,48.45,0.0,0.0,0.0
1987,18,729,2244.2999999999997,2.0,5.0,6.316666666666666,0.0,0.0,0.0,0.0,0.0,0.0,0.0,0.0,0.0,1.0,20.0,105.33333333333333,0.0,0.0,0.0,2.0,3.0,3.4166666666666665,2.0,33.0,110.23333333333335,0.0,0.0,0.0,1.0,7.0,4.666666666666666,0.0,0.0,0.0,6.0,473.0,1511.0666666666666,0.0,0.0,0.0,0.0,0.0,0.0,2.0,76.0,88.06666666666666,0.0,0.0,0.0,1.0,20.0,122.33333333333333,1.0,92.0,292.8666666666667
1988,21,489,1638.3333333333333,4.0,13.0,34.11666666666667,2.0,43.0,139.16666666666669,0.0,0.0,0.0,2.0,10.0,54.6,1.0,8.0,12.133333333333333,0.0,0.0,0.0,0.0,0.0,0.0,1.0,14.0,59.733333333333334,1.0,88.0,353.46666666666664,3.0,18.0,77.13333333333333,1.0,23.0,106.95,2.0,155.0,315.9333333333333,0.0,0.0,0.0,0.0,0.0,0.0,1.0,48.0,304.0,0.0,0.0,0.0,1.0,22.0,26.033333333333335,2.0,47.0,155.06666666666666
1989,17,658,2733.6,2.0,5.0,14.583333333333332,1.0,14.0,68.13333333333333,1.0,116.0,607.0666666666667,3.0,15.0,42.28333333333333,1.0,13.0,7.583333333333334,0.0,0.0,0.0,0.0,0.0,0.0,1.0,21.0,64.05,0.0,0.0,0.0,0.0,0.0,0.0,1.0,17.0,26.633333333333333,4.0,381.0,1678.6166666666666,0.0,0.0,0.0,1.0,23.0,148.35,1.0,40.0,70.66666666666666,0.0,0.0,0.0,1.0,13.0,5.633333333333334,0.0,0.0,0.0
1990,27,514,1842.3333333333335,5.0,23.0,83.95,2.0,15.0,59.75,0.0,0.0,0.0,1.0,7.0,41.65,4.0,61.0,318.85,1.0,50.0,152.5,1.0,6.0,15.1,3.0,37.0,143.35,0.0,0.0,0.0,1.0,4.0,7.0,1.0,11.0,64.71666666666667,4.0,233.0,759.2833333333334,0.0,0.0,0.0,2.0,35.0,110.44999999999999,1.0,28.0,62.06666666666667,1.0,4.0,23.666666666666668,0.0,0.0,0.0,0.0,0.0,0.0
1991,22,894,3308.05,1.0,5.0,3.0833333333333335,2.0,24.0,98.66666666666667,1.0,125.0,708.3333333333334,1.0,4.0,6.066666666666666,3.0,34.0,82.75,0.0,0.0,0.0,1.0,6.0,29.6,2.0,21.0,120.65,0.0,0.0,0.0,0.0,0.0,0.0,2.0,29.0,40.58333333333333,5.0,392.0,1255.4833333333333,0.0,0.0,0.0,0.0,0.0,0.0,1.0,105.0,43.75,0.0,0.0,0.0,1.0,5.0,8.416666666666666,2.0,144.0,910.6666666666667
1992,20,550,2463.133333333333,0.0,0.0,0.0,0.0,0.0,0.0,0.0,0.0,0.0,2.0,6.0,15.95,2.0,37.0,121.93333333333332,1.0,31.0,171.01666666666665,3.0,13.0,43.75,1.0,13.0,35.96666666666667,0.0,0.0,0.0,0.0,0.0,0.0,1.0,20.0,104.0,4.0,172.0,516.55,0.0,0.0,0.0,0.0,0.0,0.0,2.0,113.0,651.2833333333334,0.0,0.0,0.0,3.0,51.0,249.64999999999998,1.0,94.0,553.0333333333334
1993,22,546,2038.6333333333334,4.0,17.0,39.46666666666667,0.0,0.0,0.0,1.0,49.0,322.5833333333333,1.0,3.0,18.9,2.0,24.0,63.9,0.0,0.0,0.0,0.0,0.0,0.0,1.0,18.0,12.3,0.0,0.0,0.0,1.0,1.0,3.433333333333333,1.0,10.0,50.33333333333333,1.0,98.0,329.93333333333334,0.0,0.0,0.0,2.0,37.0,116.4,1.0,66.0,214.5,0.0,0.0,0.0,4.0,63.0,213.45,3.0,160.0,653.4333333333334
1994,23,677,2039.8166666666666,2.0,12.0,26.216666666666665,0.0,0.0,0.0,1.0,111.0,310.79999999999995,3.0,12.0,26.333333333333332,0.0,0.0,0.0,2.0,138.0,324.6,0.0,0.0,0.0,3.0,45.0,232.18333333333334,0.0,0.0,0.0,0.0,0.0,0.0,1.0,7.0,4.55,2.0,108.0,364.3,0.0,0.0,0.0,3.0,47.0,162.8166666666667,3.0,122.0,204.68333333333334,0.0,0.0,0.0,1.0,14.0,77.7,2.0,61.0,305.6333333333333
1995,16,357,1417.0,0.0,0.0,0.0,1.0,21.0,53.900000000000006,0.0,0.0,0.0,1.0,2.0,5.733333333333333,2.0,23.0,65.3,0.0,0.0,0.0,4.0,21.0,101.50000000000001,1.0,22.0,57.93333333333333,0.0,0.0,0.0,1.0,1.0,5.566666666666666,0.0,0.0,0.0,1.0,33.0,129.79999999999998,0.0,0.0,0.0,1.0,6.0,23.2,2.0,166.0,849.0999999999999,0.0,0.0,0.0,1.0,8.0,25.066666666666666,1.0,54.0,99.9
1996,22,336,624.3333333333334,4.0,17.0,64.8,0.0,0.0,0.0,0.0,0.0,0.0,3.0,6.0,14.516666666666667,3.0,41.0,70.05,2.0,49.0,35.45,2.0,5.0,6.416666666666667,2.0,23.0,103.11666666666667,0.0,0.0,0.0,0.0,0.0,0.0,2.0,17.0,35.5,1.0,36.0,74.4,0.0,0.0,0.0,1.0,15.0,50.5,1.0,59.0,99.31666666666666,0.0,0.0,0.0,0.0,0.0,0.0,1.0,68.0,70.26666666666668
1997,15,318,690.0166666666667,6.0,23.0,112.98333333333333,0.0,0.0,0.0,0.0,0.0,0.0,3.0,11.0,45.65,0.0,0.0,0.0,0.0,0.0,0.0,1.0,7.0,37.56666666666666,0.0,0.0,0.0,0.0,0.0,0.0,0.0,0.0,0.0,0.0,0.0,0.0,2.0,161.0,425.01666666666665,1.0,6.0,16.3,1.0,10.0,14.166666666666668,1.0,100.0,38.333333333333336,0.0,0.0,0.0,0.0,0.0,0.0,0.0,0.0,0.0
1998,21,564,2305.0666666666666,2.0,4.0,13.633333333333333,1.0,14.0,70.0,0.0,0.0,0.0,5.0,23.0,112.61666666666666,0.0,0.0,0.0,0.0,0.0,0.0,1.0,7.0,42.11666666666667,0.0,0.0,0.0,2.0,137.0,421.8666666666666,0.0,0.0,0.0,1.0,10.0,62.0,2.0,137.0,765.3666666666667,1.0,3.0,2.35,0.0,0.0,0.0,3.0,177.0,696.9,1.0,7.0,31.383333333333333,1.0,14.0,59.96666666666667,1.0,31.0,26.866666666666667
1999,24,649,1789.0166666666667,1.0,3.0,3.25,2.0,15.0,52.5,0.0,0.0,0.0,1.0,6.0,31.799999999999997,0.0,0.0,0.0,0.0,0.0,0.0,3.0,14.0,46.266666666666666,2.0,40.0,112.73333333333335,0.0,0.0,0.0,0.0,0.0,0.0,5.0,65.0,176.98333333333332,3.0,259.0,682.8666666666667,0.0,0.0,0.0,1.0,16.0,54.93333333333333,3.0,162.0,471.43333333333334,1.0,2.0,1.5333333333333334,0.0,0.0,0.0,2.0,67.0,154.71666666666667
2000,19,435,1014.1,2.0,5.0,21.56666666666667,1.0,15.0,41.25,1.0,21.0,128.1,1.0,3.0,16.55,0.0,0.0,0.0,0.0,0.0,0.0,5.0,24.0,70.13333333333333,0.0,0.0,0.0,1.0,62.0,144.66666666666669,1.0,6.0,39.4,0.0,0.0,0.0,1.0,110.0,36.666666666666664,1.0,5.0,9.416666666666666,1.0,7.0,8.049999999999999,2.0,114.0,123.65,0.0,0.0,0.0,1.0,15.0,80.25,1.0,48.0,294.40000000000003
2001,16,685,3242.783333333333,0.0,0.0,0.0,0.0,0.0,0.0,1.0,54.0,288.9,1.0,3.0,9.85,1.0,17.0,49.3,1.0,18.0,90.89999999999999,1.0,7.0,21.583333333333336,0.0,0.0,0.0,1.0,46.0,273.7,0.0,0.0,0.0,2.0,23.0,131.45,1.0,50.0,190.83333333333334,1.0,1.0,3.7333333333333334,0.0,0.0,0.0,3.0,265.0,1081.6,0.0,0.0,0.0,1.0,8.0,39.333333333333336,2.0,193.0,1061.6
2002,19,440,823.8333333333334,4.0,25.0,83.35000000000001,1.0,12.0,4.0,0.0,0.0,0.0,2.0,5.0,21.450000000000003,0.0,0.0,0.0,0.0,0.0,0.0,2.0,7.0,23.733333333333334,2.0,39.0,67.88333333333334,0.0,0.0,0.0,0.0,0.0,0.0,1.0,14.0,41.766666666666666,2.0,68.0,321.8666666666667,0.0,0.0,0.0,1.0,5.0,10.666666666666666,2.0,198.0,109.75,0.0,0.0,0.0,1.0,6.0,31.6,1.0,61.0,107.76666666666667
2003,20,671,2548.2833333333333,1.0,3.0,5.699999999999999,1.0,10.0,59.66666666666667,2.0,164.0,834.0166666666667,2.0,11.0,66.36666666666667,2.0,38.0,197.89999999999998,0.0,0.0,0.0,1.0,1.0,0.9666666666666667,0.0,0.0,0.0,0.0,0.0,0.0,0.0,0.0,0.0,2.0,33.0,26.1,2.0,73.0,202.98333333333335,0.0,0.0,0.0,1.0,23.0,81.26666666666667,1.0,98.0,158.43333333333334,1.0,6.0,9.4,2.0,28.0,43.63333333333334,2.0,183.0,861.85
2004,18,632,2713.95,2.0,6.0,27.53333333333333,1.0,16.0,104.53333333333333,0.0,0.0,0.0,1.0,4.0,8.933333333333334,1.0,16.0,34.666666666666664,1.0,106.0,418.70000000000005,0.0,0.0,0.0,1.0,7.0,7.466666666666667,0.0,0.0,0.0,0.0,0.0,0.0,0.0,0.0,0.0,3.0,160.0,894.7666666666667,0.0,0.0,0.0,2.0,37.0,201.86666666666667,1.0,55.0,255.75000000000003,0.0,0.0,0.0,3.0,38.0,105.63333333333333,2.0,187.0,654.1
2005,17,496,1392.0833333333335,3.0,10.0,38.03333333333333,0.0,0.0,0.0,2.0,192.0,373.6666666666667,2.0,3.0,11.450000000000001,2.0,36.0,86.46666666666667,0.0,0.0,0.0,0.0,0.0,0.0,0.0,0.0,0.0,0.0,0.0,0.0,0.0,0.0,0.0,3.0,33.0,118.25000000000001,2.0,122.0,352.8,0.0,0.0,0.0,0.0,0.0,0.0,0.0,0.0,0.0,0.0,0.0,0.0,1.0,20.0,63.0,2.0,80.0,348.4166666666667
2006,19,658,2782.5833333333335,2.0,3.0,10.916666666666668,1.0,16.0,78.66666666666667,0.0,0.0,0.0,2.0,7.0,20.71666666666667,2.0,29.0,54.833333333333336,0.0,0.0,0.0,2.0,8.0,44.21666666666667,0.0,0.0,0.0,0.0,0.0,0.0,0.0,0.0,0.0,0.0,0.0,0.0,3.0,179.0,388.46666666666664,1.0,5.0,16.916666666666668,0.0,0.0,0.0,4.0,316.0,1633.5333333333333,0.0,0.0,0.0,1.0,23.0,66.31666666666666,1.0,72.0,468.0
2007,30,959,3091.0,4.0,9.0,20.866666666666667,2.0,29.0,161.18333333333334,0.0,0.0,0.0,2.0,7.0,39.416666666666664,1.0,7.0,18.433333333333334,0.0,0.0,0.0,0.0,0.0,0.0,2.0,21.0,83.08333333333334,1.0,83.0,466.1833333333333,1.0,5.0,9.166666666666666,3.0,42.0,127.50000000000001,3.0,251.0,398.1833333333333,1.0,6.0,22.3,0.0,0.0,0.0,4.0,361.0,1282.5333333333333,0.0,0.0,0.0,5.0,62.0,241.75,1.0,76.0,220.4
2008,20,710,3413.5499999999997,1.0,3.0,3.3000000000000003,0.0,0.0,0.0,0.0,0.0,0.0,6.0,26.0,100.06666666666666,1.0,13.0,34.88333333333333,1.0,110.0,649.0,1.0,1.0,0.65,0.0,0.0,0.0,0.0,0.0,0.0,0.0,0.0,0.0,2.0,33.0,134.46666666666664,2.0,192.0,1048.3999999999999,0.0,0.0,0.0,1.0,23.0,123.43333333333332,2.0,190.0,1040.25,0.0,0.0,0.0,1.0,4.0,6.466666666666667,2.0,115.0,272.6333333333333
2009,25,847,2577.25,3.0,11.0,44.75,3.0,25.0,92.8,1.0,127.0,27.51666666666667,1.0,7.0,28.466666666666665,1.0,13.0,39.0,0.0,0.0,0.0,2.0,5.0,3.1666666666666665,2.0,37.0,190.23333333333335,0.0,0.0,0.0,0.0,0.0,0.0,2.0,29.0,82.88333333333334,4.0,249.0,667.75,0.0,0.0,0.0,1.0,4.0,15.933333333333334,4.0,270.0,971.75,0.0,0.0,0.0,0.0,0.0,0.0,1.0,70.0,413.0
2010,27,1145,3637.1833333333334,2.0,8.0,11.033333333333333,2.0,26.0,45.6,2.0,168.0,905.1666666666667,2.0,9.0,9.65,1.0,10.0,56.833333333333336,0.0,0.0,0.0,4.0,19.0,45.91666666666667,1.0,16.0,75.2,0.0,0.0,0.0,0.0,0.0,0.0,1.0,4.0,14.666666666666666,4.0,242.0,975.0833333333334,0.0,0.0,0.0,1.0,23.0,50.6,4.0,396.0,898.2833333333333,0.0,0.0,0.0,0.0,0.0,0.0,3.0,224.0,549.15
2011,31,816,3035.7833333333333,3.0,6.0,12.716666666666665,4.0,78.0,424.56666666666666,0.0,0.0,0.0,0.0,0.0,0.0,3.0,30.0,57.7,1.0,62.0,213.9,3.0,17.0,67.53333333333333,2.0,18.0,50.266666666666666,0.0,0.0,0.0,0.0,0.0,0.0,4.0,35.0,87.78333333333333,5.0,285.0,1355.35,0.0,0.0,0.0,1.0,13.0,28.166666666666664,2.0,113.0,159.46666666666667,0.0,0.0,0.0,1.0,7.0,35.0,2.0,152.0,543.3333333333333
2012,23,731,2412.5833333333335,1.0,5.0,19.75,4.0,59.0,241.26666666666668,0.0,0.0,0.0,0.0,0.0,0.0,2.0,21.0,104.65,0.0,0.0,0.0,2.0,8.0,27.200000000000003,1.0,11.0,68.75,2.0,95.0,256.7,1.0,1.0,3.55,0.0,0.0,0.0,3.0,232.0,850.5333333333334,0.0,0.0,0.0,2.0,21.0,132.01666666666665,2.0,227.0,592.1166666666666,0.0,0.0,0.0,3.0,51.0,116.05,0.0,0.0,0.0
2013,32,1205,5233.2,4.0,23.0,101.11666666666666,0.0,0.0,0.0,0.0,0.0,0.0,0.0,0.0,0.0,1.0,5.0,3.1666666666666665,2.0,235.0,1056.9166666666667,7.0,34.0,82.21666666666667,0.0,0.0,0.0,1.0,123.0,719.55,0.0,0.0,0.0,1.0,6.0,5.8999999999999995,4.0,275.0,948.1166666666667,0.0,0.0,0.0,3.0,32.0,114.08333333333333,3.0,314.0,1850.7833333333333,1.0,4.0,23.133333333333333,3.0,35.0,77.01666666666667,2.0,119.0,251.20000000000002
2014,23,772,2698.7000000000003,0.0,0.0,0.0,2.0,24.0,79.63333333333333,0.0,0.0,0.0,2.0,9.0,32.35,1.0,12.0,13.799999999999999,1.0,58.0,301.6,0.0,0.0,0.0,1.0,5.0,27.833333333333332,0.0,0.0,0.0,0.0,0.0,0.0,3.0,48.0,248.0,1.0,23.0,28.75,0.0,0.0,0.0,2.0,27.0,70.66666666666667,1.0,65.0,191.75,0.0,0.0,0.0,3.0,53.0,237.56666666666666,6.0,448.0,1466.75
2015,29,929,3120.983333333333,2.0,7.0,14.05,5.0,71.0,167.16666666666666,1.0,49.0,103.71666666666667,1.0,3.0,4.65,1.0,8.0,29.333333333333332,1.0,74.0,342.8666666666667,0.0,0.0,0.0,2.0,16.0,84.4,1.0,112.0,42.93333333333334,1.0,5.0,24.916666666666668,2.0,26.0,58.46666666666667,4.0,241.0,934.4,2.0,8.0,6.8,0.0,0.0,0.0,3.0,169.0,678.2833333333333,0.0,0.0,0.0,2.0,20.0,111.0,1.0,120.0,518.0
2016,15,551,1636.8333333333333,1.0,6.0,29.9,1.0,8.0,8.666666666666666,1.0,58.0,63.800000000000004,1.0,6.0,6.8,1.0,4.0,2.0,0.0,0.0,0.0,1.0,4.0,2.7333333333333334,0.0,0.0,0.0,1.0,29.0,81.19999999999999,0.0,0.0,0.0,0.0,0.0,0.0,3.0,146.0,334.23333333333335,0.0,0.0,0.0,0.0,0.0,0.0,2.0,89.0,298.21666666666664,0.0,0.0,0.0,0.0,0.0,0.0,3.0,201.0,809.2833333333333
2017,20,623,1643.1166666666668,1.0,7.0,31.616666666666667,4.0,45.0,101.31666666666666,0.0,0.0,0.0,1.0,5.0,8.083333333333334,1.0,21.0,107.1,0.0,0.0,0.0,2.0,4.0,15.333333333333334,1.0,13.0,63.7,1.0,43.0,92.45,0.0,0.0,0.0,1.0,11.0,6.6,5.0,422.0,1001.5833333333334,2.0,4.0,19.333333333333332,0.0,0.0,0.0,0.0,0.0,0.0,0.0,0.0,0.0,0.0,0.0,0.0,1.0,48.0,196.0
2018,21,925,3520.6000000000004,2.0,6.0,35.2,1.0,15.0,19.5,0.0,0.0,0.0,3.0,13.0,28.383333333333333,0.0,0.0,0.0,0.0,0.0,0.0,0.0,0.0,0.0,0.0,0.0,0.0,0.0,0.0,0.0,0.0,0.0,0.0,0.0,0.0,0.0,6.0,420.0,1669.9666666666667,0.0,0.0,0.0,2.0,31.0,68.15,3.0,255.0,818.0,0.0,0.0,0.0,2.0,12.0,31.2,2.0,173.0,850.2
2019,20,1018,3530.6666666666665,0.0,0.0,0.0,0.0,0.0,0.0,0.0,0.0,0.0,1.0,1.0,0.6166666666666667,0.0,0.0,0.0,3.0,220.0,722.9833333333333,1.0,3.0,18.65,1.0,10.0,55.5,0.0,0.0,0.0,0.0,0.0,0.0,2.0,36.0,151.53333333333336,4.0,405.0,1268.3999999999999,0.0,0.0,0.0,2.0,31.0,140.28333333333333,1.0,47.0,7.833333333333333,0.0,0.0,0.0,1.0,23.0,53.28333333333334,4.0,242.0,1111.5833333333335
2020,15,561,1709.1333333333334,2.0,8.0,23.4,1.0,20.0,79.0,0.0,0.0,0.0,2.0,11.0,33.333333333333336,1.0,8.0,36.13333333333333,0.0,0.0,0.0,1.0,1.0,4.583333333333333,1.0,18.0,88.2,0.0,0.0,0.0,0.0,0.0,0.0,0.0,0.0,0.0,4.0,254.0,865.8000000000001,0.0,0.0,0.0,0.0,0.0,0.0,2.0,234.0,538.2,0.0,0.0,0.0,1.0,7.0,40.483333333333334,0.0,0.0,0.0
2021,23,1031,3241.2999999999997,2.0,4.0,12.066666666666668,0.0,0.0,0.0,0.0,0.0,0.0,1.0,5.0,27.916666666666664,1.0,15.0,96.5,2.0,186.0,536.8666666666667,3.0,11.0,40.68333333333334,2.0,42.0,106.75,0.0,0.0,0.0,0.0,0.0,0.0,0.0,0.0,0.0,5.0,432.0,1082.9666666666667,2.0,10.0,17.75,0.0,0.0,0.0,3.0,200.0,788.8666666666666,0.0,0.0,0.0,1.0,23.0,100.05,1.0,103.0,430.8833333333334
2022,15,308,806.2666666666667,2.0,6.0,26.416666666666668,2.0,30.0,64.4,0.0,0.0,0.0,1.0,1.0,1.2333333333333334,1.0,9.0,50.85,0.0,0.0,0.0,1.0,4.0,17.733333333333334,1.0,7.0,25.55,0.0,0.0,0.0,0.0,0.0,0.0,2.0,26.0,67.73333333333332,1.0,37.0,203.5,0.0,0.0,0.0,0.0,0.0,0.0,2.0,65.0,235.75,0.0,0.0,0.0,1.0,7.0,6.766666666666667,1.0,116.0,106.33333333333333
2023,23,721,2689.65,3.0,9.0,36.1,1.0,7.0,15.983333333333333,3.0,244.0,797.0666666666667,2.0,8.0,22.766666666666666,0.0,0.0,0.0,0.0,0.0,0.0,2.0,4.0,4.966666666666667,1.0,4.0,21.266666666666666,1.0,115.0,502.16666666666663,1.0,7.0,38.85,0.0,0.0,0.0,2.0,118.0,351.8666666666667,1.0,2.0,4.066666666666666,3.0,40.0,172.03333333333333,0.0,0.0,0.0,0.0,0.0,0.0,1.0,21.0,127.05,2.0,142.0,595.4666666666667
2024,27,828,2712.7833333333333,2.0,10.0,16.266666666666666,0.0,0.0,0.0,1.0,112.0,556.2666666666667,2.0,7.0,20.0,1.0,14.0,37.33333333333333,1.0,21.0,75.60000000000001,4.0,11.0,44.266666666666666,1.0,22.0,110.36666666666666,1.0,87.0,532.15,0.0,0.0,0.0,2.0,25.0,60.31666666666666,5.0,227.0,548.9,0.0,0.0,0.0,1.0,7.0,42.699999999999996,2.0,108.0,259.6,1.0,1.0,2.6666666666666665,1.0,7.0,34.41666666666667,2.0,169.0,371.9333333333333
2025,19,498,1851.3166666666666,6.0,21.0,35.9,0.0,0.0,0.0,0.0,0.0,0.0,1.0,1.0,2.6333333333333333,1.0,8.0,22.8,1.0,67.0,43.550000000000004,1.0,6.0,16.5,1.0,16.0,38.666666666666664,0.0,0.0,0.0,0.0,0.0,0.0,1.0,9.0,41.55,4.0,315.0,1306.5,1.0,7.0,33.949999999999996,1.0,4.0,20.333333333333332,1.0,44.0,288.93333333333334,0.0,0.0,0.0,0.0,0.0,0.0,0.0,0.0,0.0
2026,17,625,2162.4666666666667,1.0,4.0,18.2,2.0,35.0,161.83333333333331,0.0,0.0,0.0,2.0,13.0,58.85,0.0,0.0,0.0,0.0,0.0,0.0,1.0,3.0,5.0,3.0,31.0,92.33333333333333,0.0,0.0,0.0,0.0,0.0,0.0,0.0,0.0,0.0,2.0,126.0,582.2,0.0,0.0,0.0,0.0,0.0,0.0,1.0,122.0,443.26666666666665,1.0,4.0,14.733333333333333,1.0,5.0,26.916666666666668,3.0,282.0,759.1333333333334
2027,21,683,2771.0666666666666,2.0,5.0,17.816666666666666,3.0,53.0,163.73333333333335,1.0,44.0,70.4,2.0,11.0,40.3,2.0,29.0,46.55,0.0,0.0,0.0,0.0,0.0,0.0,0.0,0.0,0.0,0.0,0.0,0.0,1.0,5.0,21.916666666666668,1.0,14.0,50.4,4.0,276.0,1186.0333333333333,0.0,0.0,0.0,1.0,12.0,16.0,3.0,176.0,848.5833333333333,0.0,0.0,0.0,0.0,0.0,0.0,1.0,58.0,309.3333333333333
2028,27,880,2180.45,0.0,0.0,0.0,1.0,18.0,74.7,0.0,0.0,0.0,1.0,1.0,2.8,4.0,43.0,213.26666666666665,0.0,0.0,0.0,1.0,4.0,10.733333333333333,2.0,38.0,116.96666666666667,0.0,0.0,0.0,0.0,0.0,0.0,2.0,24.0,25.0,7.0,411.0,971.55,0.0,0.0,0.0,3.0,57.0,269.05,2.0,197.0,253.06666666666663,1.0,4.0,20.933333333333334,2.0,10.0,50.83333333333333,1.0,73.0,171.55
2029,29,771,2845.6499999999996,2.0,6.0,30.5,1.0,17.0,76.21666666666667,0.0,0.0,0.0,3.0,6.0,25.78333333333333,3.0,25.0,90.83333333333333,1.0,51.0,220.99999999999997,2.0,9.0,11.616666666666667,2.0,34.0,45.68333333333334,0.0,0.0,0.0,0.0,0.0,0.0,4.0,59.0,139.8,3.0,189.0,611.15,0.0,0.0,0.0,1.0,12.0,73.60000000000001,3.0,249.0,999.8666666666666,0.0,0.0,0.0,2.0,19.0,72.85,2.0,95.0,446.75
2030,20,356,1339.7833333333333,1.0,4.0,16.466666666666665,2.0,14.0,11.95,0.0,0.0,0.0,2.0,10.0,22.25,1.0,5.0,17.666666666666664,0.0,0.0,0.0,2.0,6.0,3.2333333333333334,4.0,48.0,224.58333333333334,0.0,0.0,0.0,0.0,0.0,0.0,0.0,0.0,0.0,1.0,74.0,307.1,1.0,5.0,6.583333333333333,3.0,58.0,305.15,1.0,38.0,49.4,0.0,0.0,0.0,1.0,22.0,107.80000000000001,1.0,72.0,267.6
2031,20,566,1798.7666666666667,1.0,7.0,13.766666666666666,1.0,18.0,69.0,0.0,0.0,0.0,3.0,16.0,55.56666666666667,2.0,33.0,128.15,1.0,64.0,145.06666666666666,2.0,8.0,45.66666666666667,1.0,15.0,23.0,0.0,0.0,0.0,1.0,1.0,5.333333333333333,1.0,14.0,7.466666666666667,3.0,153.0,672.5333333333333,0.0,0.0,0.0,0.0,0.0,0.0,1.0,126.0,277.20000000000005,0.0,0.0,0.0,2.0,19.0,29.416666666666668,1.0,92.0,326.59999999999997
2032,20,357,1596.5666666666666,2.0,10.0,58.33333333333333,2.0,17.0,48.56666666666666,0.0,0.0,0.0,4.0,17.0,60.38333333333333,1.0,17.0,98.31666666666666,0.0,0.0,0.0,2.0,9.0,24.183333333333334,2.0,29.0,168.86666666666667,0.0,0.0,0.0,0.0,0.0,0.0,1.0,14.0,91.7,1.0,33.0,198.0,0.0,0.0,0.0,0.0,0.0,0.0,1.0,59.0,210.43333333333334,1.0,5.0,26.916666666666668,1.0,16.0,105.06666666666666,2.0,131.0,505.8
2033,21,522,1985.3333333333335,2.0,5.0,21.966666666666665,1.0,17.0,89.25,0.0,0.0,0.0,2.0,12.0,67.38333333333333,2.0,15.0,20.0,0.0,0.0,0.0,2.0,12.0,48.83333333333333,2.0,32.0,90.6,0.0,0.0,0.0,1.0,5.0,12.666666666666666,1.0,21.0,107.80000000000001,2.0,117.0,664.35,0.0,0.0,0.0,3.0,53.0,74.83333333333333,1.0,95.0,324.5833333333333,0.0,0.0,0.0,0.0,0.0,0.0,2.0,138.0,463.0666666666667
2034,20,478,2194.7666666666664,4.0,13.0,17.2,0.0,0.0,0.0,1.0,103.0,480.6666666666667,3.0,14.0,49.86666666666667,1.0,8.0,20.533333333333335,0.0,0.0,0.0,2.0,6.0,4.9,1.0,11.0,13.2,0.0,0.0,0.0,1.0,1.0,2.2,2.0,22.0,97.93333333333334,2.0,150.0,788.2333333333333,0.0,0.0,0.0,1.0,17.0,24.083333333333336,1.0,124.0,663.4,0.0,0.0,0.0,1.0,9.0,32.55,0.0,0.0,0.0
2035,24,632,2672.1000000000004,3.0,11.0,36.68333333333333,1.0,4.0,1.8666666666666667,0.0,0.0,0.0,6.0,30.0,115.33333333333333,1.0,8.0,11.066666666666666,1.0,16.0,76.0,3.0,16.0,62.133333333333326,0.0,0.0,0.0,1.0,54.0,161.1,0.0,0.0,0.0,1.0,18.0,50.7,1.0,115.0,737.9166666666667,1.0,6.0,1.3,0.0,0.0,0.0,2.0,140.0,410.25,0.0,0.0,0.0,0.0,0.0,0.0,3.0,214.0,1007.75
2036,13,246,712.7333333333333,3.0,8.0,16.983333333333334,0.0,0.0,0.0,0.0,0.0,0.0,1.0,1.0,4.116666666666666,3.0,34.0,52.733333333333334,1.0,98.0,32.666666666666664,1.0,4.0,25.666666666666668,2.0,26.0,96.86666666666666,0.0,0.0,0.0,0.0,0.0,0.0,1.0,12.0,70.0,1.0,63.0,413.7,0.0,0.0,0.0,0.0,0.0,0.0,0.0,0.0,0.0,0.0,0.0,0.0,0.0,0.0,0.0,0.0,0.0,0.0
2037,21,781,3495.5,1.0,6.0,30.4,4.0,58.0,193.88333333333333,0.0,0.0,0.0,3.0,9.0,20.933333333333334,0.0,0.0,0.0,0.0,0.0,0.0,1.0,4.0,26.4,0.0,0.0,0.0,1.0,118.0,737.5,0.0,0.0,0.0,2.0,37.0,72.05,2.0,183.0,1026.15,0.0,0.0,0.0,1.0,11.0,35.38333333333333,2.0,169.0,841.6833333333334,0.0,0.0,0.0,0.0,0.0,0.0,4.0,186.0,511.1166666666667
2038,19,838,3570.1333333333337,2.0,9.0,35.25,2.0,29.0,125.45,1.0,99.0,458.70000000000005,4.0,15.0,47.516666666666666,0.0,0.0,0.0,0.0,0.0,0.0,0.0,0.0,0.0,1.0,23.0,150.65,1.0,58.0,80.23333333333333,0.0,0.0,0.0,0.0,0.0,0.0,3.0,257.0,884.1666666666667,0.0,0.0,0.0,1.0,21.0,53.900000000000006,1.0,127.0,787.4,0.0,0.0,0.0,0.0,0.0,0.0,3.0,200.0,946.8666666666668
2039,23,790,2774.116666666667,1.0,3.0,19.200000000000003,4.0,67.0,272.1166666666667,0.0,0.0,0.0,0.0,0.0,0.0,2.0,17.0,62.5,1.0,103.0,168.23333333333332,4.0,15.0,47.41666666666667,2.0,43.0,119.36666666666667,1.0,40.0,189.33333333333334,0.0,0.0,0.0,0.0,0.0,0.0,3.0,277.0,1022.6500000000001,0.0,0.0,0.0,1.0,20.0,94.66666666666667,3.0,96.0,393.5,0.0,0.0,0.0,0.0,0.0,0.0,1.0,109.0,385.1333333333333
2040,23,822,2946.5333333333333,2.0,2.0,4.45,1.0,11.0,72.41666666666666,0.0,0.0,0.0,3.0,5.0,10.733333333333334,0.0,0.0,0.0,0.0,0.0,0.0,2.0,13.0,64.43333333333334,2.0,20.0,48.35,1.0,61.0,199.26666666666665,0.0,0.0,0.0,2.0,32.0,145.3,2.0,146.0,735.7333333333333,0.0,0.0,0.0,1.0,17.0,41.36666666666666,3.0,331.0,579.2333333333333,0.0,0.0,0.0,1.0,14.0,88.89999999999999,3.0,170.0,956.35
2041,12,379,1513.95,2.0,9.0,36.2,3.0,33.0,155.85000000000002,1.0,106.0,344.5,1.0,5.0,5.416666666666666,0.0,0.0,0.0,0.0,0.0,0.0,1.0,5.0,18.583333333333336,0.0,0.0,0.0,2.0,112.0,398.1333333333333,0.0,0.0,0.0,0.0,0.0,0.0,1.0,26.0,84.93333333333334,0.0,0.0,0.0,0.0,0.0,0.0,0.0,0.0,0.0,0.0,0.0,0.0,0.0,0.0,0.0,1.0,83.0,470.33333333333337
2042,14,241,706.1666666666666,0.0,0.0,0.0,0.0,0.0,0.0,0.0,0.0,0.0,0.0,0.0,0.0,0.0,0.0,0.0,0.0,0.0,0.0,1.0,6.0,15.0,2.0,38.0,48.45,0.0,0.0,0.0,1.0,2.0,6.433333333333334,3.0,29.0,101.23333333333333,2.0,110.0,428.23333333333335,0.0,0.0,0.0,1.0,5.0,11.083333333333334,0.0,0.0,0.0,1.0,2.0,12.0,3.0,49.0,83.73333333333333,0.0,0.0,0.0
2043,21,449,1324.7,4.0,9.0,12.666666666666668,2.0,37.0,97.65,0.0,0.0,0.0,3.0,11.0,57.85,2.0,26.0,46.63333333333333,0.0,0.0,0.0,1.0,1.0,0.5666666666666667,2.0,44.0,110.36666666666666,0.0,0.0,0.0,0.0,0.0,0.0,2.0,15.0,53.099999999999994,4.0,289.0,849.8166666666666,0.0,0.0,0.0,0.0,0.0,0.0,0.0,0.0,0.0,0.0,0.0,0.0,0.0,0.0,0.0,1.0,17.0,96.05000000000001
2044,21,415,1511.0833333333333,2.0,4.0,12.133333333333335,2.0,22.0,39.15,1.0,37.0,62.28333333333333,2.0,8.0,34.03333333333333,0.0,0.0,0.0,0.0,0.0,0.0,3.0,15.0,78.13333333333334,1.0,8.0,43.733333333333334,0.0,0.0,0.0,0.0,0.0,0.0,1.0,18.0,18.0,1.0,43.0,66.65,0.0,0.0,0.0,2.0,28.0,68.83333333333334,4.0,166.0,708.8666666666667,0.0,0.0,0.0,1.0,16.0,90.93333333333334,1.0,50.0,288.3333333333333
2045,18,668,2346.133333333333,1.0,7.0,8.166666666666668,3.0,49.0,190.51666666666665,0.0,0.0,0.0,1.0,1.0,1.4666666666666666,0.0,0.0,0.0,2.0,128.0,256.0,1.0,6.0,36.1,3.0,32.0,132.3,0.0,0.0,0.0,0.0,0.0,0.0,1.0,17.0,52.41666666666667,2.0,210.0,836.8,0.0,0.0,0.0,0.0,0.0,0.0,2.0,192.0,664.8,0.0,0.0,0.0,2.0,26.0,167.56666666666666,0.0,0.0,0.0
2046,30,987,1921.0333333333333,6.0,32.0,124.44999999999999,2.0,29.0,138.21666666666667,0.0,0.0,0.0,3.0,12.0,25.783333333333335,3.0,45.0,146.78333333333336,2.0,233.0,529.3166666666666,3.0,10.0,31.85,1.0,18.0,38.4,0.0,0.0,0.0,0.0,0.0,0.0,1.0,5.0,9.416666666666666,3.0,230.0,216.8,0.0,0.0,0.0,0.0,0.0,0.0,1.0,64.0,21.333333333333332,0.0,0.0,0.0,0.0,0.0,0.0,5.0,309.0,638.6833333333334
2047,18,427,1283.3166666666666,3.0,15.0,25.916666666666664,1.0,11.0,4.766666666666667,0.0,0.0,0.0,1.0,6.0,36.2,0.0,0.0,0.0,1.0,125.0,220.83333333333331,1.0,6.0,2.4000000000000004,2.0,21.0,37.15,0.0,0.0,0.0,2.0,8.0,13.95,0.0,0.0,0.0,2.0,167.0,753.65,1.0,3.0,1.5500000000000003,3.0,49.0,129.56666666666666,0.0,0.0,0.0,0.0,0.0,0.0,1.0,16.0,57.333333333333336,0.0,0.0,0.0
2048,25,731,2949.5333333333333,2.0,4.0,20.766666666666666,5.0,55.0,168.45,0.0,0.0,0.0,0.0,0.0,0.0,1.0,22.0,64.9,2.0,204.0,1146.4666666666667,0.0,0.0,0.0,1.0,16.0,35.46666666666667,0.0,0.0,0.0,0.0,0.0,0.0,4.0,51.0,258.35,2.0,99.0,356.91666666666663,0.0,0.0,0.0,0.0,0.0,0.0,1.0,22.0,115.5,1.0,6.0,12.600000000000001,2.0,35.0,150.58333333333334,4.0,217.0,619.5333333333333
2049,18,738,3105.3333333333335,4.0,26.0,123.98333333333332,1.0,19.0,112.10000000000001,0.0,0.0,0.0,1.0,7.0,46.199999999999996,1.0,20.0,76.33333333333334,0.0,0.0,0.0,1.0,2.0,8.5,3.0,34.0,60.5,0.0,0.0,0.0,0.0,0.0,0.0,0.0,0.0,0.0,3.0,278.0,1003.8499999999999,0.0,0.0,0.0,0.0,0.0,0.0,3.0,240.0,1190.4,0.0,0.0,0.0,0.0,0.0,0.0,1.0,112.0,483.46666666666664
2050,27,371,1298.0833333333333,4.0,16.0,49.599999999999994,6.0,64.0,131.3,1.0,43.0,179.88333333333335,3.0,17.0,62.66666666666667,1.0,12.0,29.8,0.0,0.0,0.0,5.0,15.0,57.333333333333336,1.0,14.0,47.13333333333333,0.0,0.0,0.0,0.0,0.0,0.0,2.0,20.0,54.7,2.0,137.0,530.7333333333333,1.0,7.0,42.699999999999996,0.0,0.0,0.0,0.0,0.0,0.0,0.0,0.0,0.0,0.0,0.0,0.0,1.0,26.0,112.23333333333332
2051,16,397,1598.8333333333335,1.0,1.0,5.166666666666667,2.0,12.0,38.46666666666667,0.0,0.0,0.0,1.0,7.0,45.5,2.0,33.0,152.0,1.0,70.0,450.33333333333337,1.0,7.0,17.616666666666667,1.0,14.0,61.133333333333326,0.0,0.0,0.0,0.0,0.0,0.0,1.0,15.0,7.5,1.0,48.0,91.19999999999999,0.0,0.0,0.0,1.0,4.0,1.8,1.0,60.0,186.0,0.0,0.0,0.0,2.0,27.0,53.71666666666666,1.0,99.0,488.40000000000003
2052,22,764,2827.55,3.0,15.0,59.699999999999996,1.0,6.0,32.199999999999996,0.0,0.0,0.0,1.0,6.0,34.5,3.0,61.0,150.86666666666667,0.0,0.0,0.0,2.0,9.0,24.799999999999997,0.0,0.0,0.0,3.0,190.0,998.8333333333333,0.0,0.0,0.0,2.0,14.0,27.5,5.0,352.0,1288.15,0.0,0.0,0.0,0.0,0.0,0.0,1.0,45.0,172.5,0.0,0.0,0.0,0.0,0.0,0.0,1.0,66.0,38.5
2053,22,474,1801.3,2.0,8.0,33.46666666666666,4.0,62.0,271.8666666666667,1.0,79.0,136.93333333333334,4.0,14.0,43.56666666666667,1.0,7.0,46.08333333333333,0.0,0.0,0.0,1.0,1.0,2.1,0.0,0.0,0.0,0.0,0.0,0.0,0.0,0.0,0.0,3.0,34.0,151.73333333333332,1.0,92.0,277.5333333333333,1.0,3.0,1.0499999999999998,3.0,49.0,103.63333333333334,1.0,125.0,733.3333333333333,0.0,0.0,0.0,0.0,0.0,0.0,0.0,0.0,0.0
2054,15,165,555.7333333333333,6.0,28.0,111.13333333333333,1.0,20.0,19.666666666666664,0.0,0.0,0.0,0.0,0.0,0.0,0.0,0.0,0.0,0.0,0.0,0.0,2.0,12.0,34.583333333333336,2.0,31.0,69.96666666666667,0.0,0.0,0.0,0.0,0.0,0.0,1.0,11.0,69.66666666666666,1.0,33.0,121.55,1.0,4.0,23.866666666666667,0.0,0.0,0.0,1.0,26.0,105.3,0.0,0.0,0.0,0.0,0.0,0.0,0.0,0.0,0.0
2055,24,809,2832.3166666666666,5.0,16.0,40.833333333333336,0.0,0.0,0.0,0.0,0.0,0.0,1.0,4.0,11.933333333333334,1.0,9.0,28.5,0.0,0.0,0.0,1.0,1.0,0.65,2.0,27.0,156.18333333333334,0.0,0.0,0.0,0.0,0.0,0.0,1.0,17.0,74.80000000000001,6.0,407.0,1262.4833333333333,0.0,0.0,0.0,0.0,0.0,0.0,3.0,181.0,744.7,0.0,0.0,0.0,1.0,5.0,3.333333333333333,3.0,142.0,508.9
2056,28,792,2725.5666666666666,2.0,8.0,43.900000000000006,0.0,0.0,0.0,0.0,0.0,0.0,6.0,23.0,56.3,2.0,34.0,173.68333333333334,0.0,0.0,0.0,1.0,6.0,2.0999999999999996,2.0,31.0,55.61666666666666,1.0,82.0,445.53333333333336,0.0,0.0,0.0,3.0,22.0,77.45,6.0,445.0,1165.0,1.0,4.0,10.733333333333333,2.0,22.0,105.86666666666667,0.0,0.0,0.0,1.0,2.0,3.6666666666666665,0.0,0.0,0.0,1.0,113.0,585.7166666666667
2057,33,785,3733.75,7.0,23.0,62.1,0.0,0.0,0.0,0.0,0.0,0.0,1.0,6.0,33.4,2.0,24.0,89.55,0.0,0.0,0.0,3.0,12.0,51.63333333333334,1.0,4.0,21.666666666666668,0.0,0.0,0.0,0.0,0.0,0.0,3.0,43.0,162.21666666666667,3.0,343.0,1936.2333333333331,1.0,7.0,12.366666666666667,3.0,54.0,219.70000000000002,2.0,148.0,666.3,0.0,0.0,0.0,4.0,56.0,217.16666666666669,3.0,65.0,261.4166666666667
2058,18,504,895.3833333333333,1.0,7.0,5.95,0.0,0.0,0.0,0.0,0.0,0.0,1.0,4.0,19.2,1.0,11.0,32.81666666666667,0.0,0.0,0.0,4.0,18.0,72.8,0.0,0.0,0.0,1.0,111.0,37.0,1.0,1.0,2.6333333333333333,2.0,22.0,138.53333333333333,2.0,188.0,458.6333333333333,0.0,0.0,0.0,0.0,0.0,0.0,1.0,63.0,26.25,0.0,0.0,0.0,3.0,37.0,79.86666666666667,1.0,42.0,21.700000000000003
2059,19,578,1400.3,2.0,7.0,20.116666666666667,0.0,0.0,0.0,0.0,0.0,0.0,2.0,13.0,54.03333333333333,1.0,7.0,32.199999999999996,1.0,97.0,451.05,2.0,7.0,14.333333333333332,1.0,22.0,83.6,0.0,0.0,0.0,0.0,0.0,0.0,0.0,0.0,0.0,1.0,51.0,31.450000000000003,2.0,9.0,18.81666666666667,0.0,0.0,0.0,4.0,254.0,504.49999999999994,0.0,0.0,0.0,1.0,6.0,24.5,2.0,105.0,165.7
2060,19,583,2150.266666666667,3.0,9.0,9.283333333333333,1.0,6.0,22.5,1.0,42.0,161.0,2.0,11.0,47.883333333333326,0.0,0.0,0.0,0.0,0.0,0.0,3.0,3.0,4.516666666666667,1.0,6.0,30.900000000000002,0.0,0.0,0.0,0.0,0.0,0.0,1.0,20.0,50.666666666666664,3.0,140.0,354.56666666666666,0.0,0.0,0.0,0.0,0.0,0.0,1.0,104.0,421.2,0.0,0.0,0.0,1.0,4.0,18.133333333333333,2.0,238.0,1029.6166666666668
2061,25,512,1137.0,3.0,10.0,53.5,2.0,24.0,79.6,0.0,0.0,0.0,1.0,4.0,24.333333333333332,3.0,25.0,72.8,0.0,0.0,0.0,1.0,1.0,2.283333333333333,2.0,13.0,32.416666666666664,1.0,19.0,119.38333333333333,1.0,1.0,0.3,1.0,23.0,33.35,1.0,74.0,213.36666666666667,1.0,3.0,12.55,2.0,25.0,77.28333333333333,0.0,0.0,0.0,0.0,0.0,0.0,2.0,26.0,84.93333333333334,4.0,264.0,330.9
2062,19,460,1602.0666666666666,2.0,7.0,24.033333333333335,1.0,12.0,18.400000000000002,0.0,0.0,0.0,1.0,1.0,2.7333333333333334,1.0,11.0,64.53333333333333,0.0,0.0,0.0,1.0,5.0,22.166666666666668,2.0,30.0,25.5,0.0,0.0,0.0,1.0,5.0,31.75,0.0,0.0,0.0,2.0,80.0,466.4,1.0,6.0,22.5,1.0,10.0,39.0,1.0,95.0,456.0,0.0,0.0,0.0,1.0,9.0,35.85,4.0,189.0,393.2
2063,28,1090,4479.016666666666,4.0,20.0,70.45,2.0,15.0,78.96666666666667,1.0,123.0,785.1500000000001,3.0,13.0,13.083333333333332,2.0,30.0,112.3,0.0,0.0,0.0,0.0,0.0,0.0,1.0,12.0,15.400000000000002,0.0,0.0,0.0,0.0,0.0,0.0,2.0,24.0,30.783333333333335,6.0,416.0,1470.1166666666666,0.0,0.0,0.0,1.0,14.0,79.56666666666666,3.0,222.0,1170.9666666666667,0.0,0.0,0.0,0.0,0.0,0.0,3.0,201.0,652.2333333333333
2064,18,577,1378.4166666666667,0.0,0.0,0.0,1.0,7.0,45.5,2.0,102.0,329.9,3.0,6.0,11.783333333333331,1.0,12.0,75.6,1.0,24.0,72.8,2.0,12.0,33.699999999999996,1.0,7.0,31.383333333333333,0.0,0.0,0.0,0.0,0.0,0.0,1.0,17.0,63.18333333333334,3.0,277.0,616.1500000000001,0.0,0.0,0.0,0.0,0.0,0.0,1.0,101.0,65.65,1.0,1.0,6.0,1.0,11.0,26.766666666666666,0.0,0.0,0.0
2065,19,672,1525.3833333333334,2.0,8.0,19.133333333333333,1.0,15.0,36.25,0.0,0.0,0.0,2.0,4.0,15.316666666666668,2.0,40.0,115.1,0.0,0.0,0.0,0.0,0.0,0.0,0.0,0.0,0.0,0.0,0.0,0.0,0.0,0.0,0.0,0.0,0.0,0.0,2.0,101.0,243.7,0.0,0.0,0.0,1.0,5.0,3.5833333333333335,3.0,128.0,282.83333333333337,1.0,6.0,22.6,1.0,18.0,6.0,4.0,347.0,780.8666666666666
2066,22,866,3199.1833333333334,2.0,10.0,25.45,1.0,11.0,40.7,0.0,0.0,0.0,1.0,4.0,3.1333333333333333,1.0,11.0,69.11666666666666,2.0,168.0,840.9333333333334,5.0,25.0,95.16666666666666,0.0,0.0,0.0,0.0,0.0,0.0,0.0,0.0,0.0,0.0,0.0,0.0,2.0,106.0,397.33333333333337,0.0,0.0,0.0,0.0,0.0,0.0,6.0,471.0,1436.15,0.0,0.0,0.0,0.0,0.0,0.0,2.0,60.0,291.2
2067,19,561,1937.3166666666666,1.0,3.0,1.9,0.0,0.0,0.0,1.0,50.0,240.83333333333331,2.0,4.0,10.533333333333331,2.0,20.0,75.91666666666667,0.0,0.0,0.0,2.0,10.0,30.133333333333333,1.0,6.0,8.0,0.0,0.0,0.0,0.0,0.0,0.0,1.0,22.0,56.099999999999994,1.0,40.0,264.66666666666663,1.0,5.0,10.333333333333334,2.0,34.0,204.25,2.0,218.0,732.2333333333333,1.0,7.0,18.666666666666664,0.0,0.0,0.0,2.0,142.0,283.75
2068,25,788,3029.9,3.0,13.0,41.08333333333333,2.0,25.0,128.25,1.0,29.0,192.36666666666667,0.0,0.0,0.0,3.0,32.0,147.3,0.0,0.0,0.0,1.0,3.0,12.299999999999999,1.0,13.0,58.28333333333333,1.0,99.0,503.24999999999994,0.0,0.0,0.0,1.0,23.0,147.58333333333334,5.0,214.0,667.1333333333333,1.0,5.0,27.5,0.0,0.0,0.0,3.0,265.0,807.6666666666667,1.0,5.0,16.25,1.0,8.0,43.333333333333336,1.0,54.0,237.60000000000002
2069,17,422,1465.9666666666667,1.0,1.0,6.15,1.0,4.0,26.2,0.0,0.0,0.0,3.0,8.0,16.866666666666667,1.0,17.0,8.783333333333335,0.0,0.0,0.0,4.0,20.0,80.68333333333334,0.0,0.0,0.0,0.0,0.0,0.0,1.0,1.0,3.3,1.0,15.0,8.0,1.0,63.0,270.9,0.0,0.0,0.0,0.0,0.0,0.0,1.0,24.0,42.4,0.0,0.0,0.0,0.0,0.0,0.0,3.0,269.0,1002.6833333333334
2070,19,440,1744.8,3.0,10.0,21.233333333333334,4.0,65.0,210.13333333333333,0.0,0.0,0.0,2.0,10.0,44.46666666666667,2.0,29.0,53.33333333333333,0.0,0.0,0.0,0.0,0.0,0.0,0.0,0.0,0.0,0.0,0.0,0.0,0.0,0.0,0.0,1.0,11.0,33.36666666666667,2.0,87.0,370.33333333333337,0.0,0.0,0.0,1.0,16.0,103.73333333333333,1.0,63.0,320.25,0.0,0.0,0.0,1.0,7.0,12.950000000000001,2.0,142.0,575.0
2071,16,326,1156.3333333333333,2.0,7.0,36.300000000000004,3.0,54.0,152.15,0.0,0.0,0.0,3.0,15.0,62.166666666666664,0.0,0.0,0.0,0.0,0.0,0.0,1.0,7.0,5.95,1.0,20.0,70.0,0.0,0.0,0.0,0.0,0.0,0.0,3.0,31.0,123.14999999999999,1.0,92.0,360.3333333333333,0.0,0.0,0.0,0.0,0.0,0.0,2.0,100.0,346.2833333333333,0.0,0.0,0.0,0.0,0.0,0.0,0.0,0.0,0.0
2072,18,574,1355.05,4.0,19.0,42.983333333333334,1.0,8.0,45.2,0.0,0.0,0.0,1.0,6.0,9.200000000000001,1.0,8.0,22.933333333333334,0.0,0.0,0.0,1.0,2.0,2.5,1.0,13.0,8.666666666666666,1.0,100.0,35.0,0.0,0.0,0.0,2.0,31.0,189.08333333333331,0.0,0.0,0.0,0.0,0.0,0.0,2.0,29.0,45.36666666666667,2.0,222.0,752.9499999999999,0.0,0.0,0.0,1.0,17.0,36.55,1.0,119.0,164.61666666666667
2073,18,548,1959.0833333333333,0.0,0.0,0.0,2.0,30.0,156.43333333333334,2.0,134.0,551.6333333333334,2.0,4.0,7.033333333333333,1.0,21.0,85.39999999999999,0.0,0.0,0.0,2.0,4.0,24.21666666666667,3.0,41.0,150.85,0.0,0.0,0.0,1.0,3.0,2.65,0.0,0.0,0.0,2.0,144.0,340.15,0.0,0.0,0.0,1.0,6.0,21.9,2.0,161.0,618.8166666666667,0.0,0.0,0.0,0.0,0.0,0.0,0.0,0.0,0.0
2074,21,814,2949.733333333333,3.0,11.0,55.65,0.0,0.0,0.0,0.0,0.0,0.0,2.0,11.0,20.433333333333334,0.0,0.0,0.0,1.0,91.0,524.7666666666667,1.0,6.0,26.5,1.0,9.0,52.8,0.0,0.0,0.0,0.0,0.0,0.0,3.0,33.0,100.80000000000001,3.0,184.0,424.6,0.0,0.0,0.0,0.0,0.0,0.0,2.0,156.0,291.2,1.0,4.0,14.733333333333333,1.0,22.0,105.23333333333333,3.0,287.0,1333.0166666666667
2075,14,297,1372.25,3.0,8.0,33.63333333333333,0.0,0.0,0.0,0.0,0.0,0.0,0.0,0.0,0.0,1.0,5.0,31.833333333333332,0.0,0.0,0.0,4.0,11.0,31.6,1.0,12.0,79.80000000000001,0.0,0.0,0.0,0.0,0.0,0.0,0.0,0.0,0.0,1.0,105.0,630.0,0.0,0.0,0.0,0.0,0.0,0.0,1.0,22.0,69.66666666666666,0.0,0.0,0.0,2.0,35.0,76.61666666666667,1.0,99.0,419.1
2076,27,876,2219.85,3.0,9.0,17.066666666666666,2.0,13.0,71.61666666666667,2.0,217.0,615.5833333333333,3.0,11.0,36.9,0.0,0.0,0.0,0.0,0.0,0.0,3.0,13.0,24.933333333333334,0.0,0.0,0.0,2.0,135.0,172.58333333333331,0.0,0.0,0.0,6.0,84.0,198.23333333333332,2.0,199.0,275.5333333333333,0.0,0.0,0.0,0.0,0.0,0.0,2.0,62.0,269.3,0.0,0.0,0.0,0.0,0.0,0.0,2.0,133.0,538.1
2077,28,593,1874.1499999999999,3.0,9.0,28.833333333333332,3.0,42.0,152.33333333333331,0.0,0.0,0.0,5.0,21.0,71.76666666666667,3.0,43.0,156.05,0.0,0.0,0.0,3.0,11.0,23.0,2.0,19.0,36.68333333333334,2.0,155.0,564.4333333333334,1.0,2.0,6.8,0.0,0.0,0.0,1.0,19.0,125.39999999999999,1.0,3.0,2.9499999999999997,0.0,0.0,0.0,1.0,110.0,205.33333333333334,0.0,0.0,0.0,1.0,5.0,15.833333333333332,2.0,154.0,484.73333333333335
2078,26,925,3829.0,4.0,14.0,39.68333333333333,3.0,39.0,108.30000000000001,1.0,54.0,215.1,2.0,7.0,16.833333333333336,0.0,0.0,0.0,2.0,178.0,1050.8833333333334,0.0,0.0,0.0,1.0,14.0,20.066666666666666,0.0,0.0,0.0,0.0,0.0,0.0,2.0,20.0,71.7,3.0,212.0,787.0333333333333,0.0,0.0,0.0,1.0,20.0,79.0,5.0,258.0,927.3333333333334,0.0,0.0,0.0,0.0,0.0,0.0,2.0,109.0,513.0666666666667
2079,24,481,1335.7166666666667,4.0,14.0,39.61666666666667,1.0,14.0,66.03333333333333,0.0,0.0,0.0,5.0,27.0,129.05,0.0,0.0,0.0,0.0,0.0,0.0,3.0,16.0,66.03333333333333,0.0,0.0,0.0,0.0,0.0,0.0,0.0,0.0,0.0,2.0,21.0,90.86666666666666,2.0,145.0,350.45,0.0,0.0,0.0,1.0,14.0,49.93333333333334,2.0,79.0,134.31666666666666,0.0,0.0,0.0,2.0,32.0,122.13333333333333,2.0,119.0,287.2833333333333
2080,20,437,1848.0666666666666,3.0,17.0,60.08333333333333,1.0,5.0,27.666666666666664,0.0,0.0,0.0,1.0,1.0,4.316666666666666,2.0,24.0,147.6,0.0,0.0,0.0,4.0,23.0,63.300000000000004,1.0,7.0,20.416666666666664,1.0,35.0,151.08333333333331,0.0,0.0,0.0,0.0,0.0,0.0,2.0,147.0,698.65,0.0,0.0,0.0,2.0,42.0,100.61666666666666,1.0,38.0,190.63333333333333,0.0,0.0,0.0,0.0,0.0,0.0,2.0,98.0,383.7
2081,22,995,3965.4,2.0,11.0,29.233333333333334,0.0,0.0,0.0,0.0,0.0,0.0,4.0,15.0,37.0,1.0,14.0,55.766666666666666,0.0,0.0,0.0,1.0,4.0,6.066666666666666,0.0,0.0,0.0,1.0,109.0,646.7333333333333,0.0,0.0,0.0,0.0,0.0,0.0,5.0,419.0,1336.5833333333333,2.0,12.0,37.56666666666666,2.0,25.0,24.05,4.0,386.0,1792.3999999999999,0.0,0.0,0.0,0.0,0.0,0.0,0.0,0.0,0.0
2082,18,431,1084.9166666666667,2.0,10.0,43.5,1.0,5.0,24.916666666666668,2.0,66.0,212.5,2.0,6.0,15.966666666666665,0.0,0.0,0.0,0.0,0.0,0.0,2.0,9.0,48.900000000000006,1.0,13.0,55.03333333333333,0.0,0.0,0.0,0.0,0.0,0.0,2.0,25.0,98.41666666666667,0.0,0.0,0.0,0.0,0.0,0.0,2.0,34.0,118.48333333333335,3.0,190.0,233.60000000000002,0.0,0.0,0.0,0.0,0.0,0.0,1.0,73.0,233.60000000000002
2083,26,682,3393.4666666666667,5.0,19.0,44.633333333333326,1.0,16.0,68.0,0.0,0.0,0.0,1.0,1.0,0.55,2.0,29.0,77.63333333333333,1.0,50.0,268.3333333333333,1.0,1.0,0.8,1.0,6.0,20.3,0.0,0.0,0.0,0.0,0.0,0.0,5.0,51.0,199.91666666666669,4.0,313.0,1617.05,0.0,0.0,0.0,1.0,8.0,10.533333333333333,1.0,73.0,451.3833333333333,0.0,0.0,0.0,1.0,7.0,3.966666666666667,2.0,108.0,630.3666666666667
2084,22,658,2755.383333333333,5.0,12.0,57.46666666666667,0.0,0.0,0.0,0.0,0.0,0.0,4.0,13.0,31.116666666666667,2.0,28.0,144.73333333333335,0.0,0.0,0.0,2.0,6.0,14.266666666666666,1.0,12.0,64.80000000000001,1.0,39.0,158.6,0.0,0.0,0.0,2.0,32.0,152.35,2.0,224.0,921.4000000000001,0.0,0.0,0.0,0.0,0.0,0.0,3.0,292.0,1210.65,0.0,0.0,0.0,0.0,0.0,0.0,0.0,0.0,0.0
2085,14,394,1410.95,1.0,5.0,0.8333333333333333,0.0,0.0,0.0,0.0,0.0,0.0,2.0,6.0,22.233333333333334,1.0,8.0,4.266666666666667,1.0,118.0,676.5333333333333,1.0,3.0,14.05,2.0,18.0,31.166666666666664,0.0,0.0,0.0,0.0,0.0,0.0,0.0,0.0,0.0,1.0,91.0,180.48333333333335,0.0,0.0,0.0,0.0,0.0,0.0,2.0,78.0,411.6,0.0,0.0,0.0,2.0,20.0,59.599999999999994,1.0,47.0,10.183333333333334
2086,18,473,1153.1166666666668,1.0,4.0,16.8,3.0,27.0,95.0,0.0,0.0,0.0,2.0,7.0,25.516666666666666,2.0,29.0,52.016666666666666,0.0,0.0,0.0,1.0,5.0,27.583333333333332,2.0,28.0,86.0,0.0,0.0,0.0,0.0,0.0,0.0,1.0,14.0,2.333333333333333,2.0,211.0,668.8333333333334,1.0,1.0,4.933333333333334,1.0,6.0,33.3,0.0,0.0,0.0,0.0,0.0,0.0,1.0,15.0,40.0,1.0,126.0,100.80000000000001
2087,24,712,2988.983333333333,2.0,5.0,24.316666666666666,3.0,41.0,169.41666666666666,0.0,0.0,0.0,1.0,6.0,20.9,1.0,9.0,11.399999999999999,0.0,0.0,0.0,2.0,10.0,31.33333333333333,2.0,28.0,37.71666666666667,0.0,0.0,0.0,0.0,0.0,0.0,3.0,51.0,214.28333333333333,5.0,300.0,1626.2166666666667,1.0,5.0,10.833333333333332,1.0,6.0,12.5,2.0,135.0,710.2,0.0,0.0,0.0,0.0,0.0,0.0,1.0,116.0,119.86666666666667
2088,20,686,3200.4166666666665,2.0,6.0,24.5,4.0,59.0,198.56666666666666,0.0,0.0,0.0,1.0,3.0,10.1,0.0,0.0,0.0,0.0,0.0,0.0,3.0,13.0,23.633333333333333,1.0,12.0,39.0,1.0,33.0,157.85,0.0,0.0,0.0,1.0,15.0,6.25,3.0,206.0,783.3666666666667,0.0,0.0,0.0,0.0,0.0,0.0,2.0,231.0,1377.05,0.0,0.0,0.0,1.0,17.0,109.93333333333334,1.0,91.0,470.1666666666667
2089,19,944,3378.0166666666664,3.0,18.0,63.35,1.0,22.0,145.93333333333334,0.0,0.0,0.0,1.0,6.0,4.9,0.0,0.0,0.0,1.0,77.0,487.66666666666663,1.0,7.0,7.816666666666666,0.0,0.0,0.0,0.0,0.0,0.0,0.0,0.0,0.0,0.0,0.0,0.0,4.0,355.0,994.4166666666666,0.0,0.0,0.0,1.0,7.0,12.833333333333332,4.0,340.0,1378.5166666666667,0.0,0.0,0.0,1.0,21.0,53.900000000000006,2.0,91.0,228.68333333333334
2090,19,560,1989.1,4.0,17.0,63.083333333333336,1.0,22.0,136.03333333333333,0.0,0.0,0.0,1.0,1.0,1.1666666666666667,1.0,4.0,22.4,1.0,80.0,304.0,2.0,11.0,41.16666666666667,0.0,0.0,0.0,0.0,0.0,0.0,0.0,0.0,0.0,0.0,0.0,0.0,4.0,248.0,796.2833333333333,0.0,0.0,0.0,1.0,23.0,18.400000000000002,0.0,0.0,0.0,1.0,3.0,8.7,2.0,29.0,101.73333333333333,1.0,122.0,496.1333333333333
2091,22,669,2365.6,3.0,12.0,48.8,0.0,0.0,0.0,1.0,61.0,170.79999999999998,2.0,8.0,33.31666666666666,1.0,4.0,22.066666666666666,0.0,0.0,0.0,3.0,9.0,20.116666666666667,2.0,35.0,79.13333333333333,0.0,0.0,0.0,0.0,0.0,0.0,2.0,25.0,24.5,7.0,495.0,1835.5333333333333,0.0,0.0,0.0,1.0,20.0,131.33333333333331,0.0,0.0,0.0,0.0,0.0,0.0,0.0,0.0,0.0,0.0,0.0,0.0
2092,28,989,4272.25,2.0,6.0,25.733333333333334,1.0,14.0,69.06666666666666,2.0,113.0,268.43333333333334,3.0,8.0,27.133333333333333,0.0,0.0,0.0,1.0,61.0,321.26666666666665,2.0,5.0,15.366666666666667,1.0,15.0,14.5,2.0,147.0,857.7,1.0,3.0,13.049999999999999,2.0,32.0,91.88333333333334,5.0,418.0,1728.2833333333333,1.0,2.0,0.9333333333333333,0.0,0.0,0.0,2.0,83.0,455.15,2.0,10.0,53.75,0.0,0.0,0.0,1.0,72.0,330.0
2093,24,706,2349.0166666666664,1.0,5.0,15.083333333333332,2.0,34.0,38.93333333333333,0.0,0.0,0.0,6.0,13.0,41.03333333333333,1.0,23.0,53.28333333333334,1.0,96.0,225.60000000000002,2.0,6.0,14.899999999999999,0.0,0.0,0.0,2.0,147.0,805.4499999999999,0.0,0.0,0.0,2.0,46.0,276.3833333333333,3.0,210.0,645.5166666666667,0.0,0.0,0.0,2.0,38.0,153.4,0.0,0.0,0.0,1.0,2.0,7.766666666666667,0.0,0.0,0.0,1.0,86.0,71.66666666666667
2094,31,997,3579.016666666667,3.0,14.0,48.56666666666667,2.0,36.0,44.95,0.0,0.0,0.0,3.0,15.0,57.666666666666664,0.0,0.0,0.0,0.0,0.0,0.0,4.0,18.0,75.03333333333333,2.0,45.0,122.35,1.0,107.0,167.63333333333333,0.0,0.0,0.0,2.0,27.0,22.75,1.0,126.0,537.6,1.0,7.0,23.8,3.0,42.0,154.95,6.0,376.0,1464.0,0.0,0.0,0.0,0.0,0.0,0.0,3.0,184.0,859.7166666666667
2095,26,753,3103.5499999999997,4.0,8.0,22.45,1.0,17.0,56.099999999999994,0.0,0.0,0.0,4.0,14.0,64.36666666666667,1.0,20.0,66.66666666666667,0.0,0.0,0.0,3.0,12.0,71.8,2.0,25.0,64.08333333333333,0.0,0.0,0.0,0.0,0.0,0.0,1.0,22.0,81.4,4.0,324.0,1868.3833333333332,1.0,5.0,23.666666666666668,2.0,25.0,105.0,3.0,281.0,679.6333333333333,0.0,0.0,0.0,0.0,0.0,0.0,0.0,0.0,0.0
2096,16,635,1627.9,1.0,4.0,2.0,1.0,19.0,84.86666666666667,0.0,0.0,0.0,1.0,4.0,26.0,2.0,35.0,87.06666666666666,2.0,222.0,822.85,1.0,6.0,7.1,0.0,0.0,0.0,1.0,18.0,104.1,0.0,0.0,0.0,1.0,15.0,47.5,2.0,152.0,193.13333333333333,0.0,0.0,0.0,2.0,31.0,153.03333333333333,0.0,0.0,0.0,0.0,0.0,0.0,0.0,0.0,0.0,2.0,129.0,100.25
2097,22,922,2983.483333333333,2.0,11.0,27.5,0.0,0.0,0.0,1.0,102.0,374.0,2.0,14.0,56.233333333333334,1.0,7.0,29.283333333333335,2.0,246.0,559.65,2.0,3.0,12.2,2.0,29.0,49.56666666666667,0.0,0.0,0.0,0.0,0.0,0.0,1.0,18.0,104.1,2.0,134.0,645.3666666666667,0.0,0.0,0.0,0.0,0.0,0.0,3.0,191.0,503.45000000000005,0.0,0.0,0.0,0.0,0.0,0.0,4.0,167.0,622.1333333333333
2098,15,431,1419.45,3.0,13.0,58.6,1.0,7.0,2.8000000000000003,0.0,0.0,0.0,2.0,7.0,11.033333333333333,0.0,0.0,0.0,1.0,65.0,265.41666666666663,0.0,0.0,0.0,0.0,0.0,0.0,0.0,0.0,0.0,0.0,0.0,0.0,0.0,0.0,0.0,3.0,199.0,763.8666666666667,1.0,2.0,2.933333333333333,1.0,22.0,31.166666666666668,1.0,95.0,169.41666666666669,0.0,0.0,0.0,2.0,21.0,114.21666666666667,0.0,0.0,0.0
2099,27,622,1430.5,1.0,3.0,13.5,2.0,28.0,55.3,1.0,77.0,78.28333333333333,2.0,8.0,37.016666666666666,4.0,55.0,57.13333333333333,0.0,0.0,0.0,4.0,17.0,42.61666666666667,1.0,4.0,14.2,0.0,0.0,0.0,0.0,0.0,0.0,6.0,109.0,330.05,1.0,64.0,382.93333333333334,0.0,0.0,0.0,2.0,32.0,56.63333333333333,2.0,119.0,225.03333333333333,0.0,0.0,0.0,0.0,0.0,0.0,1.0,106.0,137.8
2100,14,469,2073.8,2.0,12.0,40.06666666666667,1.0,20.0,112.33333333333333,0.0,0.0,0.0,2.0,5.0,13.966666666666667,0.0,0.0,0.0,0.0,0.0,0.0,0.0,0.0,0.0,1.0,7.0,5.016666666666667,1.0,100.0,71.66666666666667,0.0,0.0,0.0,1.0,4.0,12.2,2.0,180.0,1021.9333333333334,1.0,6.0,11.100000000000001,1.0,17.0,69.41666666666666,1.0,106.0,704.9000000000001,0.0,0.0,0.0,1.0,12.0,11.2,0.0,0.0,0.0
2101,14,443,1274.25,0.0,0.0,0.0,1.0,12.0,35.8,0.0,0.0,0.0,1.0,7.0,45.15,1.0,18.0,36.3,0.0,0.0,0.0,2.0,4.0,16.266666666666666,1.0,18.0,42.300000000000004,1.0,26.0,57.63333333333334,0.0,0.0,0.0,0.0,0.0,0.0,2.0,91.0,76.85,0.0,0.0,0.0,1.0,18.0,42.6,2.0,217.0,889.9166666666665,0.0,0.0,0.0,2.0,32.0,31.433333333333334,0.0,0.0,0.0
2102,20,275,976.3833333333333,4.0,18.0,70.01666666666667,1.0,20.0,73.33333333333333,0.0,0.0,0.0,3.0,10.0,13.650000000000002,1.0,6.0,32.8,0.0,0.0,0.0,4.0,21.0,66.38333333333333,0.0,0.0,0.0,0.0,0.0,0.0,1.0,5.0,33.08333333333333,2.0,28.0,50.8,1.0,101.0,311.4166666666667,0.0,0.0,0.0,1.0,16.0,34.93333333333333,0.0,0.0,0.0,0.0,0.0,0.0,0.0,0.0,0.0,2.0,50.0,289.9666666666667
2103,18,426,1216.3,3.0,14.0,34.33333333333333,2.0,22.0,107.25,0.0,0.0,0.0,1.0,7.0,2.1,0.0,0.0,0.0,0.0,0.0,0.0,1.0,4.0,17.4,2.0,36.0,116.05000000000001,0.0,0.0,0.0,0.0,0.0,0.0,2.0,37.0,161.66666666666669,2.0,126.0,323.3666666666667,1.0,4.0,15.933333333333334,1.0,19.0,120.96666666666665,0.0,0.0,0.0,0.0,0.0,0.0,1.0,13.0,80.38333333333334,2.0,144.0,236.84999999999997
2104,16,364,697.8666666666667,3.0,7.0,32.71666666666667,2.0,38.0,36.3,0.0,0.0,0.0,1.0,4.0,20.333333333333332,1.0,13.0,49.833333333333336,1.0,76.0,131.73333333333335,2.0,12.0,19.55,0.0,0.0,0.0,1.0,29.0,181.25,0.0,0.0,0.0,0.0,0.0,0.0,1.0,82.0,25.966666666666665,0.0,0.0,0.0,0.0,0.0,0.0,2.0,67.0,73.91666666666666,0.0,0.0,0.0,1.0,5.0,22.416666666666668,1.0,31.0,103.85000000000001
2105,20,477,1513.7333333333333,5.0,14.0,46.56666666666666,1.0,15.0,47.25,0.0,0.0,0.0,0.0,0.0,0.0,0.0,0.0,0.0,0.0,0.0,0.0,3.0,7.0,20.266666666666666,0.0,0.0,0.0,2.0,246.0,540.8666666666667,0.0,0.0,0.0,3.0,24.0,73.93333333333334,1.0,84.0,487.2,0.0,0.0,0.0,1.0,13.0,10.616666666666667,2.0,60.0,256.40000000000003,1.0,6.0,25.3,1.0,8.0,5.333333333333333,0.0,0.0,0.0
2106,22,628,1535.65,2.0,6.0,9.166666666666668,0.0,0.0,0.0,0.0,0.0,0.0,0.0,0.0,0.0,3.0,42.0,175.03333333333333,0.0,0.0,0.0,0.0,0.0,0.0,2.0,17.0,54.8,1.0,69.0,185.14999999999998,0.0,0.0,0.0,1.0,4.0,7.666666666666667,3.0,270.0,417.2833333333333,0.0,0.0,0.0,3.0,58.0,246.53333333333333,1.0,26.0,26.86666666666667,0.0,0.0,0.0,2.0,29.0,115.01666666666667,4.0,107.0,298.1333333333333
2107,14,404,1718.7166666666667,0.0,0.0,0.0,1.0,23.0,62.1,0.0,0.0,0.0,2.0,12.0,49.38333333333333,1.0,4.0,10.4,0.0,0.0,0.0,0.0,0.0,0.0,1.0,22.0,40.33333333333333,0.0,0.0,0.0,1.0,6.0,1.3,2.0,30.0,116.95,3.0,226.0,1212.1833333333334,0.0,0.0,0.0,1.0,4.0,9.866666666666667,0.0,0.0,0.0,0.0,0.0,0.0,1.0,20.0,87.0,1.0,57.0,129.2
2108,22,671,2725.2833333333333,2.0,6.0,12.333333333333332,1.0,8.0,44.666666666666664,0.0,0.0,0.0,2.0,6.0,17.3,1.0,12.0,62.2,1.0,127.0,726.0166666666667,4.0,11.0,37.333333333333336,1.0,6.0,5.8999999999999995,1.0,119.0,21.816666666666666,1.0,2.0,0.8333333333333334,0.0,0.0,0.0,2.0,107.0,565.3499999999999,1.0,3.0,15.400000000000002,0.0,0.0,0.0,2.0,156.0,683.9666666666667,0.0,0.0,0.0,2.0,23.0,42.0,1.0,85.0,490.1666666666667
2109,24,544,2195.9666666666667,3.0,8.0,10.75,2.0,45.0,134.45,1.0,51.0,291.55,1.0,1.0,1.8833333333333333,4.0,49.0,145.81666666666666,0.0,0.0,0.0,1.0,7.0,40.36666666666667,5.0,84.0,245.18333333333334,0.0,0.0,0.0,0.0,0.0,0.0,1.0,22.0,24.200000000000003,3.0,193.0,950.8666666666666,1.0,5.0,13.666666666666668,1.0,22.0,57.93333333333333,0.0,0.0,0.0,0.0,0.0,0.0,0.0,0.0,0.0,1.0,57.0,279.3
2110,17,475,1688.4833333333331,1.0,5.0,1.1666666666666667,1.0,10.0,3.0,0.0,0.0,0.0,2.0,10.0,26.5,2.0,41.0,179.1,0.0,0.0,0.0,2.0,11.0,44.983333333333334,0.0,0.0,0.0,0.0,0.0,0.0,0.0,0.0,0.0,2.0,28.0,135.36666666666667,2.0,126.0,715.3,0.0,0.0,0.0,1.0,11.0,10.45,0.0,0.0,0.0,1.0,4.0,6.4,1.0,23.0,4.983333333333333,2.0,206.0,561.2333333333333
2111,22,760,1402.8000000000002,4.0,15.0,33.45,2.0,33.0,114.80000000000001,0.0,0.0,0.0,0.0,0.0,0.0,2.0,41.0,128.76666666666668,0.0,0.0,0.0,3.0,8.0,28.633333333333333,1.0,15.0,47.25,1.0,17.0,59.78333333333333,0.0,0.0,0.0,0.0,0.0,0.0,5.0,445.0,453.45,0.0,0.0,0.0,0.0,0.0,0.0,1.0,116.0,429.20000000000005,1.0,2.0,9.966666666666667,0.0,0.0,0.0,2.0,68.0,97.5
2112,15,406,1495.35,3.0,14.0,77.78333333333333,0.0,0.0,0.0,0.0,0.0,0.0,1.0,6.0,25.4,2.0,28.0,86.86666666666666,1.0,79.0,161.95,1.0,6.0,25.4,1.0,10.0,45.0,0.0,0.0,0.0,0.0,0.0,0.0,1.0,16.0,35.2,0.0,0.0,0.0,0.0,0.0,0.0,1.0,21.0,93.10000000000001,1.0,16.0,46.4,0.0,0.0,0.0,0.0,0.0,0.0,3.0,210.0,898.25
2113,15,281,515.9166666666666,4.0,17.0,68.26666666666667,2.0,26.0,39.766666666666666,0.0,0.0,0.0,0.0,0.0,0.0,0.0,0.0,0.0,0.0,0.0,0.0,1.0,3.0,1.0999999999999999,0.0,0.0,0.0,0.0,0.0,0.0,0.0,0.0,0.0,2.0,30.0,140.85,2.0,68.0,151.13333333333333,0.0,0.0,0.0,2.0,18.0,66.0,1.0,94.0,18.8,0.0,0.0,0.0,0.0,0.0,0.0,1.0,25.0,30.0
2114,19,756,2637.733333333333,2.0,7.0,20.616666666666667,1.0,23.0,78.2,0.0,0.0,0.0,1.0,7.0,23.566666666666666,1.0,18.0,28.2,0.0,0.0,0.0,2.0,5.0,20.666666666666668,0.0,0.0,0.0,1.0,92.0,266.8,0.0,0.0,0.0,2.0,21.0,64.75,2.0,95.0,303.0833333333333,0.0,0.0,0.0,0.0,0.0,0.0,1.0,44.0,66.73333333333333,0.0,0.0,0.0,1.0,13.0,49.833333333333336,5.0,431.0,1715.2833333333333
2115,15,554,2111.2166666666667,2.0,8.0,25.133333333333333,1.0,10.0,43.5,0.0,0.0,0.0,1.0,4.0,6.133333333333334,2.0,33.0,156.66666666666669,2.0,139.0,605.4833333333333,0.0,0.0,0.0,0.0,0.0,0.0,0.0,0.0,0.0,0.0,0.0,0.0,2.0,35.0,163.24999999999997,3.0,256.0,1022.2833333333333,0.0,0.0,0.0,0.0,0.0,0.0,0.0,0.0,0.0,0.0,0.0,0.0,1.0,11.0,59.766666666666666,1.0,58.0,29.0
2116,19,942,2626.0833333333335,0.0,0.0,0.0,1.0,20.0,115.66666666666666,0.0,0.0,0.0,3.0,6.0,22.333333333333332,1.0,13.0,70.41666666666667,1.0,84.0,204.39999999999998,1.0,6.0,21.1,0.0,0.0,0.0,0.0,0.0,0.0,0.0,0.0,0.0,0.0,0.0,0.0,4.0,219.0,718.6666666666666,0.0,0.0,0.0,0.0,0.0,0.0,5.0,450.0,1058.4,0.0,0.0,0.0,2.0,34.0,50.266666666666666,1.0,110.0,364.83333333333337
2117,25,1043,3856.566666666666,6.0,22.0,83.51666666666667,0.0,0.0,0.0,1.0,66.0,100.1,3.0,9.0,28.75,1.0,11.0,10.45,0.0,0.0,0.0,0.0,0.0,0.0,1.0,15.0,62.00000000000001,1.0,101.0,308.04999999999995,0.0,0.0,0.0,1.0,4.0,4.866666666666666,2.0,227.0,519.4333333333333,0.0,0.0,0.0,1.0,16.0,68.0,4.0,340.0,1528.7666666666664,0.0,0.0,0.0,1.0,19.0,79.8,3.0,213.0,1062.8333333333333
2118,17,654,2332.9666666666667,1.0,5.0,6.25,0.0,0.0,0.0,0.0,0.0,0.0,2.0,10.0,6.033333333333333,2.0,15.0,27.566666666666663,1.0,107.0,169.41666666666666,1.0,3.0,2.6,0.0,0.0,0.0,0.0,0.0,0.0,0.0,0.0,0.0,1.0,22.0,67.46666666666667,4.0,273.0,888.4166666666666,0.0,0.0,0.0,1.0,4.0,21.4,1.0,64.0,330.6666666666667,0.0,0.0,0.0,1.0,10.0,34.166666666666664,2.0,141.0,778.9833333333333
2119,21,589,1782.2,1.0,1.0,4.183333333333334,3.0,17.0,76.11666666666667,0.0,0.0,0.0,1.0,6.0,23.5,1.0,14.0,66.73333333333333,1.0,37.0,75.23333333333333,2.0,9.0,51.95,0.0,0.0,0.0,1.0,53.0,46.81666666666666,0.0,0.0,0.0,4.0,58.0,268.56666666666666,5.0,307.0,781.0333333333333,0.0,0.0,0.0,1.0,11.0,22.0,0.0,0.0,0.0,0.0,0.0,0.0,0.0,0.0,0.0,1.0,76.0,366.06666666666666
2120,23,691,1464.1,5.0,24.0,110.78333333333333,0.0,0.0,0.0,0.0,0.0,0.0,3.0,11.0,27.06666666666667,2.0,12.0,56.0,0.0,0.0,0.0,2.0,5.0,6.333333333333334,1.0,6.0,39.4,1.0,74.0,201.03333333333333,0.0,0.0,0.0,1.0,4.0,23.133333333333333,3.0,279.0,451.94999999999993,0.0,0.0,0.0,2.0,30.0,84.4,2.0,174.0,72.8,0.0,0.0,0.0,0.0,0.0,0.0,1.0,72.0,391.20000000000005
2121,18,624,2254.25,2.0,8.0,25.833333333333332,1.0,14.0,34.300000000000004,0.0,0.0,0.0,2.0,3.0,16.75,3.0,29.0,103.28333333333333,0.0,0.0,0.0,1.0,6.0,5.4,1.0,6.0,5.6,1.0,85.0,497.24999999999994,1.0,4.0,8.733333333333333,0.0,0.0,0.0,1.0,108.0,241.20000000000002,0.0,0.0,0.0,1.0,22.0,47.3,2.0,178.0,728.3833333333333,0.0,0.0,0.0,0.0,0.0,0.0,2.0,161.0,540.2166666666667
2122,16,500,2049.1833333333334,2.0,5.0,11.533333333333333,0.0,0.0,0.0,1.0,109.0,623.1166666666667,1.0,6.0,19.900000000000002,1.0,14.0,40.13333333333333,0.0,0.0,0.0,2.0,9.0,35.38333333333334,1.0,15.0,33.25,0.0,0.0,0.0,0.0,0.0,0.0,0.0,0.0,0.0,0.0,0.0,0.0,1.0,5.0,32.25,0.0,0.0,0.0,2.0,113.0,560.9,1.0,6.0,17.4,1.0,18.0,107.10000000000001,3.0,200.0,568.2166666666667
2123,20,295,1080.5166666666667,4.0,10.0,52.483333333333334,0.0,0.0,0.0,0.0,0.0,0.0,1.0,2.0,4.833333333333333,2.0,32.0,159.76666666666665,1.0,38.0,197.6,2.0,12.0,41.71666666666667,2.0,32.0,101.8,0.0,0.0,0.0,2.0,7.0,44.88333333333333,1.0,10.0,4.833333333333333,0.0,0.0,0.0,0.0,0.0,0.0,1.0,12.0,74.6,2.0,41.0,73.18333333333334,1.0,1.0,3.05,0.0,0.0,0.0,1.0,98.0,321.76666666666665
2124,11,246,921.1333333333333,2.0,8.0,42.900000000000006,0.0,0.0,0.0,0.0,0.0,0.0,1.0,4.0,1.0,0.0,0.0,0.0,0.0,0.0,0.0,1.0,2.0,7.4,0.0,0.0,0.0,0.0,0.0,0.0,0.0,0.0,0.0,1.0,4.0,19.466666666666665,1.0,97.0,525.4166666666667,1.0,1.0,3.6,0.0,0.0,0.0,1.0,21.0,61.95,0.0,0.0,0.0,2.0,26.0,78.18333333333334,1.0,83.0,181.21666666666664
2125,21,715,2126.5833333333335,3.0,15.0,46.55,0.0,0.0,0.0,0.0,0.0,0.0,0.0,0.0,0.0,1.0,15.0,6.0,1.0,18.0,79.5,1.0,1.0,0.5666666666666667,2.0,24.0,37.9,1.0,53.0,81.26666666666667,0.0,0.0,0.0,2.0,26.0,144.0,6.0,441.0,1406.15,0.0,0.0,0.0,2.0,25.0,27.0,1.0,27.0,21.15,0.0,0.0,0.0,0.0,0.0,0.0,1.0,70.0,276.5
2126,15,420,1665.4666666666667,1.0,4.0,4.6,0.0,0.0,0.0,0.0,0.0,0.0,2.0,7.0,16.516666666666666,1.0,18.0,102.0,0.0,0.0,0.0,1.0,3.0,0.95,3.0,37.0,48.45,0.0,0.0,0.0,0.0,0.0,0.0,0.0,0.0,0.0,2.0,186.0,748.9000000000001,0.0,0.0,0.0,1.0,15.0,72.5,1.0,51.0,330.65,1.0,6.0,4.3,1.0,6.0,32.099999999999994,1.0,87.0,304.5
2127,23,533,2207.85,4.0,18.0,31.28333333333333,1.0,7.0,5.6000000000000005,0.0,0.0,0.0,1.0,4.0,1.0,1.0,12.0,70.0,1.0,94.0,474.7,2.0,10.0,60.96666666666666,3.0,36.0,87.3,0.0,0.0,0.0,0.0,0.0,0.0,2.0,22.0,12.133333333333333,4.0,159.0,625.65,0.0,0.0,0.0,0.0,0.0,0.0,2.0,70.0,380.28333333333336,0.0,0.0,0.0,1.0,20.0,32.333333333333336,1.0,81.0,426.6
2128,26,717,1856.1666666666665,4.0,22.0,93.71666666666667,2.0,32.0,54.733333333333334,0.0,0.0,0.0,2.0,10.0,12.233333333333334,0.0,0.0,0.0,0.0,0.0,0.0,5.0,24.0,99.41666666666667,4.0,44.0,182.08333333333334,0.0,0.0,0.0,0.0,0.0,0.0,0.0,0.0,0.0,2.0,226.0,140.96666666666667,0.0,0.0,0.0,0.0,0.0,0.0,0.0,0.0,0.0,2.0,8.0,47.75,1.0,15.0,23.0,4.0,336.0,1202.2666666666667
2129,23,741,2719.6833333333334,2.0,12.0,43.099999999999994,1.0,9.0,40.050000000000004,1.0,74.0,320.66666666666663,3.0,18.0,42.63333333333333,1.0,19.0,12.033333333333333,0.0,0.0,0.0,1.0,6.0,9.1,1.0,8.0,21.466666666666665,0.0,0.0,0.0,0.0,0.0,0.0,2.0,35.0,183.53333333333333,4.0,194.0,749.3333333333333,1.0,6.0,30.0,1.0,12.0,8.2,2.0,223.0,875.35,0.0,0.0,0.0,1.0,14.0,12.366666666666667,2.0,111.0,371.85
2130,18,532,1396.4666666666667,2.0,9.0,37.76666666666667,1.0,14.0,92.86666666666667,1.0,28.0,162.86666666666667,1.0,1.0,4.566666666666666,1.0,18.0,33.6,0.0,0.0,0.0,2.0,12.0,70.66666666666667,2.0,14.0,75.53333333333333,0.0,0.0,0.0,0.0,0.0,0.0,0.0,0.0,0.0,4.0,271.0,431.6333333333333,1.0,6.0,33.4,0.0,0.0,0.0,0.0,0.0,0.0,0.0,0.0,0.0,1.0,19.0,58.9,2.0,140.0,394.66666666666663
2131,15,444,1533.4666666666667,5.0,17.0,66.6,0.0,0.0,0.0,0.0,0.0,0.0,0.0,0.0,0.0,1.0,6.0,1.9,0.0,0.0,0.0,0.0,0.0,0.0,0.0,0.0,0.0,0.0,0.0,0.0,0.0,0.0,0.0,0.0,0.0,0.0,3.0,159.0,676.25,1.0,1.0,1.5666666666666667,1.0,22.0,49.86666666666667,2.0,198.0,644.4000000000001,0.0,0.0,0.0,1.0,8.0,37.333333333333336,1.0,33.0,55.55
2132,27,919,3424.983333333333,1.0,2.0,4.666666666666667,2.0,34.0,162.95,0.0,0.0,0.0,2.0,9.0,27.55,0.0,0.0,0.0,0.0,0.0,0.0,0.0,0.0,0.0,0.0,0.0,0.0,0.0,0.0,0.0,0.0,0.0,0.0,3.0,49.0,262.04999999999995,6.0,432.0,1720.5166666666667,2.0,7.0,37.11666666666667,2.0,31.0,70.6,3.0,206.0,927.6,1.0,5.0,9.416666666666666,2.0,37.0,21.983333333333334,3.0,107.0,180.53333333333333
2133,20,397,881.8666666666667,4.0,19.0,56.33333333333334,4.0,42.0,162.75,0.0,0.0,0.0,1.0,3.0,0.8,1.0,20.0,58.33333333333333,1.0,81.0,124.2,1.0,6.0,20.0,1.0,17.0,46.46666666666667,0.0,0.0,0.0,0.0,0.0,0.0,1.0,5.0,14.083333333333334,2.0,147.0,176.5,1.0,4.0,10.733333333333333,1.0,19.0,48.13333333333333,0.0,0.0,0.0,1.0,2.0,4.6,0.0,0.0,0.0,1.0,32.0,158.93333333333334
2134,24,533,1653.85,3.0,13.0,49.53333333333333,4.0,44.0,39.300000000000004,0.0,0.0,0.0,0.0,0.0,0.0,3.0,29.0,95.64999999999999,0.0,0.0,0.0,3.0,16.0,84.33333333333333,2.0,28.0,68.9,1.0,40.0,106.66666666666666,0.0,0.0,0.0,1.0,14.0,93.10000000000001,1.0,82.0,92.93333333333334,1.0,5.0,30.666666666666668,1.0,16.0,21.6,3.0,242.0,948.3,0.0,0.0,0.0,1.0,4.0,22.866666666666667,0.0,0.0,0.0
2135,22,528,2079.2,6.0,30.0,123.31666666666668,1.0,14.0,53.66666666666667,1.0,66.0,92.39999999999999,2.0,9.0,31.25,1.0,12.0,36.4,0.0,0.0,0.0,1.0,5.0,6.666666666666666,1.0,8.0,8.533333333333333,0.0,0.0,0.0,1.0,1.0,3.033333333333333,2.0,29.0,153.6,3.0,263.0,1344.3666666666666,0.0,0.0,0.0,1.0,8.0,3.8666666666666667,1.0,67.0,171.96666666666667,0.0,0.0,0.0,0.0,0.0,0.0,1.0,16.0,50.13333333333333
2136,11,181,435.7833333333333,3.0,11.0,49.71666666666667,2.0,14.0,27.65,0.0,0.0,0.0,1.0,1.0,5.933333333333334,1.0,15.0,27.5,0.0,0.0,0.0,0.0,0.0,0.0,1.0,19.0,19.0,0.0,0.0,0.0,0.0,0.0,0.0,0.0,0.0,0.0,0.0,0.0,0.0,0.0,0.0,0.0,1.0,22.0,21.633333333333333,1.0,66.0,92.39999999999999,0.0,0.0,0.0,0.0,0.0,0.0,1.0,33.0,191.95
2137,27,878,2822.8166666666666,2.0,9.0,19.75,1.0,21.0,4.2,1.0,105.0,285.25,4.0,16.0,64.83333333333333,1.0,8.0,8.266666666666667,0.0,0.0,0.0,1.0,7.0,34.53333333333333,0.0,0.0,0.0,0.0,0.0,0.0,1.0,4.0,24.2,4.0,65.0,317.5666666666667,2.0,158.0,680.6666666666666,2.0,7.0,31.316666666666666,1.0,19.0,34.83333333333333,4.0,317.0,1065.0666666666666,0.0,0.0,0.0,0.0,0.0,0.0,3.0,142.0,252.33333333333334
2138,20,868,3103.133333333333,1.0,3.0,17.25,1.0,18.0,97.80000000000001,1.0,24.0,144.4,0.0,0.0,0.0,1.0,18.0,30.599999999999998,1.0,22.0,127.6,1.0,2.0,2.2,1.0,20.0,31.0,0.0,0.0,0.0,0.0,0.0,0.0,1.0,9.0,39.45,5.0,434.0,1225.75,1.0,7.0,19.483333333333334,2.0,20.0,51.2,4.0,291.0,1316.4,0.0,0.0,0.0,0.0,0.0,0.0,0.0,0.0,0.0
2139,24,994,2930.0666666666666,2.0,6.0,19.316666666666666,2.0,38.0,146.3,0.0,0.0,0.0,2.0,7.0,31.05,2.0,32.0,99.13333333333334,0.0,0.0,0.0,0.0,0.0,0.0,1.0,9.0,26.25,0.0,0.0,0.0,1.0,6.0,26.5,1.0,4.0,22.266666666666666,4.0,297.0,1068.1166666666668,0.0,0.0,0.0,2.0,26.0,147.8,3.0,250.0,523.2,0.0,0.0,0.0,0.0,0.0,0.0,4.0,319.0,820.1333333333333
2140,20,874,3746.1,2.0,11.0,47.58333333333333,2.0,34.0,118.31666666666668,0.0,0.0,0.0,2.0,11.0,35.83333333333333,0.0,0.0,0.0,1.0,72.0,285.6,0.0,0.0,0.0,0.0,0.0,0.0,0.0,0.0,0.0,0.0,0.0,0.0,0.0,0.0,0.0,2.0,198.0,1179.1999999999998,0.0,0.0,0.0,0.0,0.0,0.0,3.0,91.0,96.73333333333333,0.0,0.0,0.0,2.0,32.0,24.5,6.0,425.0,1958.3333333333333
2141,19,552,1877.5833333333333,1.0,6.0,5.3,0.0,0.0,0.0,0.0,0.0,0.0,2.0,10.0,23.53333333333333,2.0,23.0,98.48333333333332,0.0,0.0,0.0,3.0,11.0,61.16666666666667,0.0,0.0,0.0,0.0,0.0,0.0,0.0,0.0,0.0,3.0,64.0,128.13333333333333,2.0,160.0,634.9833333333333,0.0,0.0,0.0,1.0,10.0,30.166666666666664,2.0,101.0,532.4833333333333,0.0,0.0,0.0,1.0,10.0,50.33333333333333,2.0,157.0,313.0
2142,17,423,1549.0,5.0,15.0,56.06666666666666,1.0,14.0,38.96666666666667,0.0,0.0,0.0,1.0,7.0,28.816666666666663,2.0,32.0,96.63333333333334,0.0,0.0,0.0,1.0,4.0,9.133333333333333,0.0,0.0,0.0,0.0,0.0,0.0,0.0,0.0,0.0,1.0,21.0,86.44999999999999,3.0,263.0,1016.0333333333333,0.0,0.0,0.0,1.0,5.0,5.833333333333334,0.0,0.0,0.0,0.0,0.0,0.0,0.0,0.0,0.0,2.0,62.0,211.06666666666666
2143,23,989,2531.8166666666666,2.0,4.0,23.183333333333337,1.0,19.0,61.75,0.0,0.0,0.0,3.0,14.0,36.900000000000006,3.0,37.0,145.16666666666666,2.0,182.0,485.5,1.0,5.0,26.416666666666664,0.0,0.0,0.0,0.0,0.0,0.0,0.0,0.0,0.0,2.0,29.0,78.23333333333333,2.0,239.0,467.31666666666666,0.0,0.0,0.0,0.0,0.0,0.0,2.0,159.0,262.95,0.0,0.0,0.0,0.0,0.0,0.0,5.0,301.0,944.4000000000001
2144,16,391,1087.9833333333333,3.0,12.0,15.033333333333333,1.0,20.0,10.0,1.0,51.0,28.9,3.0,9.0,32.166666666666664,0.0,0.0,0.0,0.0,0.0,0.0,0.0,0.0,0.0,1.0,17.0,107.1,1.0,105.0,488.25000000000006,0.0,0.0,0.0,1.0,21.0,50.4,0.0,0.0,0.0,0.0,0.0,0.0,0.0,0.0,0.0,3.0,97.0,290.6,0.0,0.0,0.0,1.0,21.0,49.7,1.0,38.0,15.833333333333334
2145,25,618,1886.7,5.0,17.0,62.85,1.0,17.0,4.816666666666666,1.0,101.0,104.36666666666667,3.0,13.0,43.18333333333334,1.0,19.0,104.18333333333334,0.0,0.0,0.0,4.0,12.0,41.36666666666666,0.0,0.0,0.0,0.0,0.0,0.0,0.0,0.0,0.0,0.0,0.0,0.0,1.0,85.0,490.1666666666667,1.0,5.0,16.75,2.0,28.0,25.566666666666666,2.0,84.0,80.5,1.0,3.0,2.25,0.0,0.0,0.0,3.0,234.0,910.7
2146,18,758,1645.25,1.0,4.0,7.733333333333333,2.0,34.0,175.10000000000002,0.0,0.0,0.0,1.0,5.0,1.3333333333333333,1.0,19.0,57.63333333333333,0.0,0.0,0.0,0.0,0.0,0.0,1.0,6.0,22.200000000000003,1.0,19.0,8.55,0.0,0.0,0.0,2.0,26.0,35.733333333333334,1.0,48.0,196.0,0.0,0.0,0.0,0.0,0.0,0.0,2.0,169.0,523.05,0.0,0.0,0.0,1.0,7.0,38.85,5.0,421.0,579.0666666666666
2147,14,252,862.5,2.0,14.0,26.950000000000003,1.0,18.0,96.3,0.0,0.0,0.0,2.0,5.0,15.416666666666666,0.0,0.0,0.0,0.0,0.0,0.0,2.0,7.0,12.316666666666666,0.0,0.0,0.0,1.0,39.0,115.7,0.0,0.0,0.0,2.0,22.0,92.96666666666665,0.0,0.0,0.0,2.0,11.0,59.650000000000006,0.0,0.0,0.0,0.0,0.0,0.0,0.0,0.0,0.0,1.0,15.0,25.75,1.0,121.0,417.45000000000005
2148,27,979,2784.9,2.0,11.0,43.400000000000006,1.0,8.0,37.46666666666667,0.0,0.0,0.0,2.0,9.0,36.5,0.0,0.0,0.0,0.0,0.0,0.0,4.0,16.0,62.599999999999994,1.0,8.0,27.6,0.0,0.0,0.0,0.0,0.0,0.0,0.0,0.0,0.0,6.0,439.0,1111.5,0.0,0.0,0.0,6.0,80.0,271.1166666666667,2.0,198.0,714.25,1.0,2.0,11.666666666666666,0.0,0.0,0.0,2.0,208.0,468.8
2149,26,942,3468.3166666666666,1.0,2.0,4.233333333333333,2.0,20.0,50.6,0.0,0.0,0.0,4.0,15.0,53.2,0.0,0.0,0.0,2.0,207.0,526.8833333333333,4.0,15.0,54.13333333333333,0.0,0.0,0.0,1.0,93.0,199.95,1.0,7.0,21.933333333333334,1.0,11.0,64.53333333333333,3.0,216.0,797.2666666666667,0.0,0.0,0.0,1.0,18.0,27.0,3.0,153.0,842.1,1.0,3.0,3.8,0.0,0.0,0.0,2.0,182.0,822.6833333333334
2150,19,670,2552.7833333333333,2.0,6.0,24.56666666666667,2.0,37.0,121.78333333333333,1.0,92.0,191.66666666666669,2.0,9.0,25.416666666666668,2.0,39.0,97.94999999999999,0.0,0.0,0.0,2.0,8.0,26.799999999999997,0.0,0.0,0.0,0.0,0.0,0.0,0.0,0.0,0.0,0.0,0.0,0.0,3.0,203.0,970.3833333333333,0.0,0.0,0.0,0.0,0.0,0.0,2.0,144.0,329.6666666666667,0.0,0.0,0.0,1.0,18.0,117.6,2.0,114.0,646.95
2151,21,693,2866.0,3.0,18.0,76.76666666666667,4.0,66.0,321.5,0.0,0.0,0.0,1.0,3.0,5.2,2.0,23.0,66.33333333333333,0.0,0.0,0.0,3.0,11.0,25.166666666666664,1.0,22.0,88.73333333333333,0.0,0.0,0.0,0.0,0.0,0.0,0.0,0.0,0.0,1.0,24.0,54.8,0.0,0.0,0.0,0.0,0.0,0.0,3.0,289.0,896.6,1.0,1.0,2.816666666666667,0.0,0.0,0.0,2.0,236.0,1328.0833333333335
2152,19,510,1759.1,2.0,9.0,11.15,1.0,6.0,25.3,0.0,0.0,0.0,0.0,0.0,0.0,0.0,0.0,0.0,1.0,74.0,431.66666666666663,3.0,9.0,50.0,2.0,34.0,199.26666666666665,0.0,0.0,0.0,0.0,0.0,0.0,2.0,11.0,35.15,4.0,295.0,674.6166666666667,1.0,5.0,21.75,0.0,0.0,0.0,1.0,51.0,282.2,0.0,0.0,0.0,2.0,16.0,28.0,0.0,0.0,0.0
2153,17,385,1975.0333333333333,4.0,15.0,68.30000000000001,1.0,11.0,26.033333333333335,2.0,117.0,624.8000000000001,2.0,10.0,49.300000000000004,1.0,17.0,54.11666666666666,0.0,0.0,0.0,3.0,11.0,67.68333333333334,0.0,0.0,0.0,1.0,96.0,612.8000000000001,0.0,0.0,0.0,0.0,0.0,0.0,0.0,0.0,0.0,0.0,0.0,0.0,0.0,0.0,0.0,1.0,81.0,396.90000000000003,0.0,0.0,0.0,1.0,11.0,17.233333333333334,1.0,16.0,57.86666666666667
2154,19,378,1270.45,2.0,5.0,3.4000000000000004,5.0,49.0,117.86666666666666,1.0,56.0,272.5333333333333,4.0,16.0,31.266666666666666,0.0,0.0,0.0,0.0,0.0,0.0,1.0,4.0,24.066666666666666,1.0,15.0,21.0,0.0,0.0,0.0,0.0,0.0,0.0,1.0,17.0,22.666666666666664,0.0,0.0,0.0,0.0,0.0,0.0,0.0,0.0,0.0,2.0,99.0,252.90000000000003,0.0,0.0,0.0,0.0,0.0,0.0,2.0,117.0,524.75
2155,19,784,2293.2833333333333,1.0,6.0,20.4,2.0,40.0,211.7,0.0,0.0,0.0,3.0,15.0,56.666666666666664,0.0,0.0,0.0,0.0,0.0,0.0,1.0,3.0,1.5,1.0,23.0,92.38333333333333,0.0,0.0,0.0,0.0,0.0,0.0,2.0,31.0,26.35,1.0,107.0,71.33333333333333,1.0,4.0,19.066666666666666,1.0,11.0,7.15,3.0,288.0,758.2,0.0,0.0,0.0,0.0,0.0,0.0,3.0,256.0,1028.5333333333333
2156,24,552,1953.8666666666668,4.0,14.0,29.766666666666666,1.0,17.0,56.66666666666667,1.0,55.0,349.25,1.0,4.0,21.133333333333333,3.0,52.0,192.93333333333334,1.0,37.0,156.63333333333333,4.0,19.0,39.28333333333333,0.0,0.0,0.0,0.0,0.0,0.0,1.0,6.0,12.2,1.0,8.0,15.866666666666667,2.0,90.0,354.9,0.0,0.0,0.0,1.0,12.0,66.4,2.0,205.0,514.1333333333333,0.0,0.0,0.0,1.0,8.0,23.866666666666667,1.0,25.0,120.83333333333333
2157,17,560,2160.2833333333333,2.0,8.0,31.083333333333332,0.0,0.0,0.0,0.0,0.0,0.0,3.0,18.0,56.71666666666667,0.0,0.0,0.0,0.0,0.0,0.0,0.0,0.0,0.0,0.0,0.0,0.0,0.0,0.0,0.0,2.0,7.0,34.449999999999996,2.0,28.0,25.166666666666664,2.0,211.0,991.1333333333333,0.0,0.0,0.0,0.0,0.0,0.0,0.0,0.0,0.0,1.0,1.0,1.3833333333333333,0.0,0.0,0.0,5.0,287.0,1020.35
2158,18,540,1803.8000000000002,0.0,0.0,0.0,2.0,16.0,9.6,0.0,0.0,0.0,3.0,10.0,41.233333333333334,1.0,23.0,115.38333333333333,2.0,167.0,437.23333333333335,0.0,0.0,0.0,1.0,15.0,9.25,0.0,0.0,0.0,1.0,5.0,9.583333333333334,2.0,28.0,75.95,1.0,40.0,250.66666666666666,0.0,0.0,0.0,1.0,15.0,42.25,0.0,0.0,0.0,0.0,0.0,0.0,1.0,10.0,48.666666666666664,3.0,211.0,763.9833333333333
2159,16,382,1087.9666666666667,2.0,10.0,40.766666666666666,3.0,30.0,62.53333333333333,0.0,0.0,0.0,0.0,0.0,0.0,1.0,23.0,16.099999999999998,1.0,31.0,195.29999999999998,2.0,12.0,47.0,0.0,0.0,0.0,0.0,0.0,0.0,0.0,0.0,0.0,2.0,33.0,74.98333333333333,3.0,193.0,600.4833333333332,0.0,0.0,0.0,0.0,0.0,0.0,1.0,43.0,27.23333333333333,1.0,7.0,23.566666666666666,0.0,0.0,0.0,0.0,0.0,0.0
2160,15,488,1536.3,2.0,12.0,32.1,0.0,0.0,0.0,0.0,0.0,0.0,1.0,6.0,26.5,1.0,22.0,70.76666666666667,0.0,0.0,0.0,2.0,6.0,9.05,1.0,11.0,33.733333333333334,0.0,0.0,0.0,0.0,0.0,0.0,0.0,0.0,0.0,2.0,168.0,396.58333333333326,0.0,0.0,0.0,0.0,0.0,0.0,2.0,136.0,507.7166666666667,1.0,4.0,16.333333333333332,2.0,22.0,90.01666666666667,1.0,101.0,353.5
2161,20,538,1530.1833333333332,3.0,7.0,13.083333333333332,0.0,0.0,0.0,1.0,125.0,160.41666666666669,1.0,2.0,3.2666666666666666,2.0,27.0,65.86666666666667,1.0,61.0,281.6166666666666,4.0,17.0,18.416666666666668,1.0,16.0,32.266666666666666,1.0,88.0,136.4,0.0,0.0,0.0,0.0,0.0,0.0,1.0,115.0,527.0833333333333,0.0,0.0,0.0,1.0,13.0,58.93333333333333,0.0,0.0,0.0,0.0,0.0,0.0,3.0,43.0,177.63333333333333,1.0,24.0,55.199999999999996
2162,18,262,1134.7166666666667,4.0,14.0,47.16666666666667,1.0,23.0,106.18333333333332,0.0,0.0,0.0,2.0,9.0,41.85,1.0,15.0,70.5,0.0,0.0,0.0,1.0,6.0,39.0,1.0,5.0,23.666666666666668,0.0,0.0,0.0,1.0,1.0,5.333333333333333,2.0,32.0,185.26666666666665,1.0,75.0,147.5,0.0,0.0,0.0,3.0,36.0,191.48333333333335,1.0,46.0,276.76666666666665,0.0,0.0,0.0,0.0,0.0,0.0,0.0,0.0,0.0
2163,23,725,2904.35,4.0,13.0,58.983333333333334,0.0,0.0,0.0,0.0,0.0,0.0,2.0,9.0,37.81666666666666,1.0,17.0,82.73333333333332,0.0,0.0,0.0,3.0,8.0,21.916666666666668,0.0,0.0,0.0,0.0,0.0,0.0,0.0,0.0,0.0,2.0,34.0,171.93333333333334,2.0,151.0,662.8166666666666,0.0,0.0,0.0,1.0,9.0,48.6,1.0,117.0,538.1999999999999,2.0,11.0,59.83333333333333,1.0,19.0,45.6,4.0,337.0,1175.9166666666665
2164,20,518,1965.1333333333334,3.0,12.0,24.783333333333335,2.0,29.0,118.43333333333334,0.0,0.0,0.0,1.0,4.0,0.9333333333333333,4.0,58.0,300.48333333333335,0.0,0.0,0.0,1.0,4.0,17.866666666666667,1.0,15.0,97.25,1.0,73.0,254.28333333333333,0.0,0.0,0.0,0.0,0.0,0.0,1.0,16.0,21.866666666666667,0.0,0.0,0.0,0.0,0.0,0.0,4.0,224.0,843.6166666666668,0.0,0.0,0.0,0.0,0.0,0.0,2.0,83.0,285.6166666666667
2165,18,466,2089.9166666666665,2.0,7.0,31.78333333333333,1.0,22.0,104.86666666666666,1.0,23.0,124.96666666666667,2.0,7.0,24.633333333333333,1.0,7.0,39.550000000000004,0.0,0.0,0.0,0.0,0.0,0.0,2.0,24.0,42.4,0.0,0.0,0.0,0.0,0.0,0.0,1.0,11.0,20.716666666666665,3.0,208.0,899.3666666666666,0.0,0.0,0.0,2.0,39.0,164.01666666666665,1.0,73.0,462.3333333333333,0.0,0.0,0.0,1.0,17.0,111.35,1.0,28.0,63.93333333333333
2166,22,746,2647.9333333333334,4.0,11.0,37.983333333333334,0.0,0.0,0.0,1.0,17.0,111.35,2.0,7.0,33.983333333333334,0.0,0.0,0.0,0.0,0.0,0.0,2.0,8.0,41.16666666666667,0.0,0.0,0.0,1.0,54.0,256.5,0.0,0.0,0.0,1.0,15.0,58.75,6.0,347.0,981.2333333333333,1.0,4.0,7.866666666666666,1.0,15.0,98.0,1.0,99.0,513.15,0.0,0.0,0.0,0.0,0.0,0.0,2.0,169.0,507.95
2167,21,647,2088.5,0.0,0.0,0.0,0.0,0.0,0.0,0.0,0.0,0.0,3.0,14.0,57.93333333333334,0.0,0.0,0.0,0.0,0.0,0.0,9.0,31.0,81.26666666666667,1.0,7.0,18.55,0.0,0.0,0.0,0.0,0.0,0.0,1.0,9.0,11.100000000000001,3.0,266.0,420.49999999999994,0.0,0.0,0.0,1.0,15.0,37.25,1.0,116.0,690.2,0.0,0.0,0.0,0.0,0.0,0.0,2.0,189.0,771.7
2168,19,1093,3401.2166666666662,2.0,8.0,29.033333333333335,1.0,10.0,60.83333333333333,0.0,0.0,0.0,1.0,7.0,6.3,0.0,0.0,0.0,1.0,67.0,97.14999999999999,0.0,0.0,0.0,1.0,4.0,15.0,1.0,90.0,511.5,0.0,0.0,0.0,1.0,16.0,58.93333333333333,2.0,208.0,689.55,0.0,0.0,0.0,2.0,28.0,17.6,4.0,427.0,1746.1333333333332,0.0,0.0,0.0,0.0,0.0,0.0,3.0,228.0,169.18333333333334
2169,20,596,1498.2666666666667,2.0,7.0,32.68333333333333,4.0,54.0,170.63333333333333,0.0,0.0,0.0,0.0,0.0,0.0,4.0,64.0,286.45,0.0,0.0,0.0,2.0,5.0,17.3,2.0,41.0,94.48333333333333,0.0,0.0,0.0,0.0,0.0,0.0,1.0,17.0,73.1,2.0,216.0,249.16666666666666,0.0,0.0,0.0,1.0,15.0,95.25,0.0,0.0,0.0,0.0,0.0,0.0,0.0,0.0,0.0,2.0,177.0,479.2
2170,16,365,1093.1333333333332,6.0,24.0,46.78333333333333,1.0,9.0,19.5,0.0,0.0,0.0,1.0,7.0,36.75,2.0,29.0,81.88333333333334,0.0,0.0,0.0,1.0,2.0,9.366666666666667,1.0,11.0,61.78333333333333,0.0,0.0,0.0,0.0,0.0,0.0,0.0,0.0,0.0,1.0,118.0,686.3666666666667,0.0,0.0,0.0,0.0,0.0,0.0,0.0,0.0,0.0,0.0,0.0,0.0,1.0,7.0,17.383333333333333,2.0,158.0,133.31666666666666
2171,15,164,436.1333333333333,2.0,7.0,16.583333333333336,0.0,0.0,0.0,0.0,0.0,0.0,3.0,12.0,42.53333333333333,0.0,0.0,0.0,0.0,0.0,0.0,3.0,18.0,72.76666666666667,2.0,35.0,96.46666666666667,0.0,0.0,0.0,0.0,0.0,0.0,2.0,36.0,41.81666666666666,1.0,44.0,107.06666666666666,0.0,0.0,0.0,2.0,12.0,58.9,0.0,0.0,0.0,0.0,0.0,0.0,0.0,0.0,0.0,0.0,0.0,0.0
2172,22,552,1078.0166666666667,3.0,9.0,17.45,1.0,17.0,93.21666666666667,2.0,131.0,69.56666666666666,1.0,4.0,23.533333333333335,1.0,4.0,19.333333333333332,0.0,0.0,0.0,3.0,13.0,48.61666666666667,0.0,0.0,0.0,0.0,0.0,0.0,0.0,0.0,0.0,3.0,42.0,161.21666666666664,2.0,70.0,175.33333333333334,0.0,0.0,0.0,1.0,16.0,72.8,1.0,102.0,187.0,0.0,0.0,0.0,3.0,60.0,174.95,1.0,84.0,35.0
2173,25,670,2251.866666666667,3.0,16.0,40.08333333333333,3.0,26.0,56.81666666666666,1.0,58.0,9.666666666666666,1.0,5.0,29.75,3.0,28.0,89.21666666666667,0.0,0.0,0.0,0.0,0.0,0.0,1.0,15.0,37.5,0.0,0.0,0.0,1.0,2.0,9.033333333333333,1.0,5.0,6.333333333333333,0.0,0.0,0.0,0.0,0.0,0.0,1.0,12.0,16.6,4.0,287.0,1018.4333333333334,1.0,4.0,18.333333333333332,2.0,35.0,143.08333333333334,3.0,177.0,777.0166666666667
2174,27,992,3318.2,3.0,18.0,60.39999999999999,2.0,30.0,155.1,0.0,0.0,0.0,2.0,5.0,22.283333333333335,1.0,11.0,47.483333333333334,0.0,0.0,0.0,1.0,1.0,3.933333333333333,2.0,16.0,11.866666666666667,2.0,141.0,553.6,0.0,0.0,0.0,2.0,26.0,145.66666666666669,5.0,233.0,624.15,0.0,0.0,0.0,0.0,0.0,0.0,3.0,185.0,715.4833333333333,0.0,0.0,0.0,1.0,23.0,74.36666666666667,3.0,303.0,903.8666666666667
2175,20,774,3446.983333333333,2.0,3.0,6.066666666666666,2.0,23.0,151.08333333333334,1.0,44.0,250.8,1.0,4.0,24.0,2.0,29.0,9.15,1.0,42.0,28.7,1.0,2.0,6.733333333333333,0.0,0.0,0.0,0.0,0.0,0.0,0.0,0.0,0.0,1.0,12.0,35.6,4.0,223.0,932.3666666666667,0.0,0.0,0.0,0.0,0.0,0.0,1.0,57.0,73.15,0.0,0.0,0.0,0.0,0.0,0.0,4.0,335.0,1929.3333333333333
2176,15,279,618.6333333333333,2.0,6.0,8.0,0.0,0.0,0.0,0.0,0.0,0.0,3.0,16.0,69.6,1.0,21.0,62.65,0.0,0.0,0.0,4.0,22.0,66.30000000000001,0.0,0.0,0.0,0.0,0.0,0.0,0.0,0.0,0.0,2.0,45.0,184.5,2.0,163.0,188.88333333333333,0.0,0.0,0.0,0.0,0.0,0.0,0.0,0.0,0.0,1.0,6.0,38.7,0.0,0.0,0.0,0.0,0.0,0.0
2177,19,430,1334.0,0.0,0.0,0.0,0.0,0.0,0.0,0.0,0.0,0.0,1.0,6.0,4.1,0.0,0.0,0.0,0.0,0.0,0.0,2.0,9.0,32.96666666666667,3.0,50.0,168.93333333333334,2.0,185.0,391.15,0.0,0.0,0.0,0.0,0.0,0.0,2.0,50.0,150.0,1.0,3.0,17.599999999999998,0.0,0.0,0.0,1.0,45.0,273.75,1.0,5.0,2.4166666666666665,4.0,41.0,148.21666666666667,2.0,36.0,144.86666666666667
2178,18,698,2799.983333333333,1.0,1.0,4.183333333333334,2.0,41.0,81.36666666666667,0.0,0.0,0.0,1.0,4.0,5.733333333333333,0.0,0.0,0.0,1.0,56.0,346.26666666666665,0.0,0.0,0.0,2.0,32.0,148.86666666666665,0.0,0.0,0.0,0.0,0.0,0.0,2.0,26.0,97.41666666666666,1.0,63.0,361.2,0.0,0.0,0.0,0.0,0.0,0.0,3.0,264.0,660.45,2.0,10.0,60.93333333333334,0.0,0.0,0.0,3.0,201.0,1033.5666666666666
2179,14,281,825.6333333333333,3.0,16.0,52.36666666666666,0.0,0.0,0.0,1.0,45.0,70.5,0.0,0.0,0.0,1.0,5.0,13.5,0.0,0.0,0.0,2.0,14.0,34.06666666666666,2.0,31.0,61.56666666666666,0.0,0.0,0.0,0.0,0.0,0.0,2.0,14.0,79.93333333333334,0.0,0.0,0.0,0.0,0.0,0.0,0.0,0.0,0.0,1.0,89.0,255.13333333333333,0.0,0.0,0.0,1.0,23.0,26.833333333333336,1.0,44.0,231.73333333333332
2180,17,600,2148.883333333333,2.0,7.0,28.35,2.0,13.0,32.766666666666666,0.0,0.0,0.0,1.0,6.0,14.9,3.0,48.0,111.85,0.0,0.0,0.0,0.0,0.0,0.0,0.0,0.0,0.0,0.0,0.0,0.0,0.0,0.0,0.0,3.0,48.0,254.91666666666669,2.0,96.0,610.2666666666667,0.0,0.0,0.0,0.0,0.0,0.0,0.0,0.0,0.0,0.0,0.0,0.0,0.0,0.0,0.0,4.0,382.0,1095.8333333333333
2181,20,458,1953.1166666666668,4.0,14.0,67.78333333333333,0.0,0.0,0.0,0.0,0.0,0.0,3.0,11.0,59.68333333333333,1.0,21.0,9.1,0.0,0.0,0.0,2.0,4.0,23.333333333333332,3.0,47.0,258.4,1.0,30.0,36.0,0.0,0.0,0.0,1.0,15.0,78.25,1.0,96.0,310.4,0.0,0.0,0.0,1.0,10.0,18.333333333333332,3.0,210.0,1091.8333333333335,0.0,0.0,0.0,0.0,0.0,0.0,0.0,0.0,0.0
2182,26,683,2372.0333333333333,3.0,14.0,65.58333333333333,1.0,9.0,59.25,1.0,48.0,277.6,3.0,3.0,13.5,2.0,30.0,125.00000000000001,0.0,0.0,0.0,4.0,8.0,23.599999999999998,3.0,40.0,86.9,0.0,0.0,0.0,0.0,0.0,0.0,1.0,22.0,98.26666666666667,2.0,177.0,341.2,0.0,0.0,0.0,0.0,0.0,0.0,3.0,204.0,541.15,0.0,0.0,0.0,2.0,30.0,169.95,1.0,98.0,570.0333333333333
2183,24,648,2009.8166666666666,3.0,14.0,18.5,1.0,18.0,46.800000000000004,1.0,34.0,125.80000000000001,5.0,22.0,25.95,0.0,0.0,0.0,0.0,0.0,0.0,4.0,9.0,44.349999999999994,1.0,10.0,18.0,0.0,0.0,0.0,0.0,0.0,0.0,2.0,31.0,152.14999999999998,1.0,23.0,136.08333333333334,0.0,0.0,0.0,0.0,0.0,0.0,4.0,364.0,825.1,0.0,0.0,0.0,0.0,0.0,0.0,2.0,123.0,617.0833333333333
2184,24,865,3256.7833333333333,3.0,10.0,27.400000000000002,1.0,4.0,8.8,2.0,136.0,674.05,1.0,7.0,30.683333333333337,2.0,33.0,93.78333333333333,0.0,0.0,0.0,3.0,14.0,62.983333333333334,1.0,18.0,78.9,1.0,32.0,150.4,0.0,0.0,0.0,0.0,0.0,0.0,5.0,355.0,1279.25,0.0,0.0,0.0,1.0,8.0,19.2,1.0,108.0,408.59999999999997,0.0,0.0,0.0,2.0,38.0,147.33333333333331,1.0,102.0,275.40000000000003
2185,24,811,3689.6833333333334,3.0,13.0,73.88333333333333,1.0,6.0,2.3000000000000003,0.0,0.0,0.0,1.0,4.0,22.666666666666668,1.0,19.0,11.716666666666667,0.0,0.0,0.0,1.0,5.0,28.333333333333336,2.0,37.0,65.46666666666667,1.0,82.0,519.3333333333333,0.0,0.0,0.0,4.0,69.0,190.43333333333334,2.0,135.0,647.7,0.0,0.0,0.0,1.0,8.0,51.86666666666667,3.0,178.0,746.5166666666667,1.0,7.0,19.833333333333336,0.0,0.0,0.0,3.0,248.0,1309.6333333333332
2186,16,748,1959.15,3.0,18.0,70.56666666666666,0.0,0.0,0.0,0.0,0.0,0.0,0.0,0.0,0.0,2.0,35.0,153.03333333333333,2.0,160.0,519.8666666666667,1.0,3.0,4.85,2.0,27.0,116.7,0.0,0.0,0.0,0.0,0.0,0.0,1.0,4.0,20.666666666666668,4.0,432.0,1045.8666666666668,0.0,0.0,0.0,0.0,0.0,0.0,1.0,69.0,27.6,0.0,0.0,0.0,0.0,0.0,0.0,0.0,0.0,0.0
2187,29,634,2205.333333333333,1.0,3.0,13.75,3.0,41.0,81.36666666666666,0.0,0.0,0.0,2.0,11.0,17.316666666666666,3.0,39.0,69.61666666666667,0.0,0.0,0.0,4.0,16.0,75.7,5.0,83.0,240.71666666666667,0.0,0.0,0.0,0.0,0.0,0.0,1.0,16.0,41.6,2.0,149.0,728.6999999999999,1.0,7.0,5.95,2.0,21.0,64.0,2.0,98.0,125.86666666666666,0.0,0.0,0.0,1.0,23.0,125.35000000000001,2.0,127.0,615.4
2188,24,746,2825.0833333333335,3.0,14.0,65.86666666666667,2.0,31.0,70.23333333333333,0.0,0.0,0.0,2.0,4.0,12.666666666666666,1.0,20.0,58.666666666666664,0.0,0.0,0.0,3.0,15.0,68.21666666666667,0.0,0.0,0.0,1.0,127.0,713.3166666666666,0.0,0.0,0.0,3.0,24.0,69.13333333333333,1.0,93.0,187.54999999999998,0.0,0.0,0.0,1.0,10.0,31.833333333333332,1.0,44.0,231.73333333333332,0.0,0.0,0.0,2.0,15.0,30.6,4.0,349.0,1285.2666666666669
2189,25,425,1158.5666666666666,4.0,17.0,47.916666666666664,2.0,24.0,135.06666666666666,0.0,0.0,0.0,3.0,14.0,58.75,3.0,40.0,159.95,0.0,0.0,0.0,3.0,9.0,42.016666666666666,1.0,6.0,33.3,0.0,0.0,0.0,0.0,0.0,0.0,4.0,52.0,232.6,1.0,124.0,146.73333333333335,0.0,0.0,0.0,2.0,32.0,185.06666666666666,2.0,107.0,117.16666666666666,0.0,0.0,0.0,0.0,0.0,0.0,0.0,0.0,0.0
2190,20,785,3131.65,0.0,0.0,0.0,1.0,4.0,18.8,1.0,64.0,392.53333333333336,1.0,6.0,34.3,0.0,0.0,0.0,0.0,0.0,0.0,1.0,5.0,22.75,2.0,42.0,233.31666666666666,1.0,26.0,50.266666666666666,0.0,0.0,0.0,4.0,54.0,150.18333333333334,3.0,238.0,1212.6333333333334,0.0,0.0,0.0,1.0,23.0,129.18333333333334,4.0,271.0,565.2833333333333,0.0,0.0,0.0,0.0,0.0,0.0,1.0,52.0,322.40000000000003
2191,23,690,2844.7,2.0,10.0,58.58333333333333,2.0,42.0,187.81666666666666,0.0,0.0,0.0,4.0,18.0,51.916666666666664,2.0,37.0,43.9,0.0,0.0,0.0,1.0,6.0,14.599999999999998,0.0,0.0,0.0,0.0,0.0,0.0,0.0,0.0,0.0,1.0,8.0,15.066666666666666,4.0,334.0,1856.0166666666667,0.0,0.0,0.0,3.0,42.0,115.56666666666666,3.0,172.0,415.1333333333333,0.0,0.0,0.0,1.0,21.0,86.1,0.0,0.0,0.0
2192,22,1088,3308.633333333333,4.0,17.0,46.31666666666667,2.0,38.0,165.93333333333334,0.0,0.0,0.0,1.0,5.0,14.416666666666666,1.0,22.0,83.23333333333333,1.0,76.0,393.93333333333334,0.0,0.0,0.0,0.0,0.0,0.0,1.0,97.0,122.86666666666666,0.0,0.0,0.0,0.0,0.0,0.0,4.0,390.0,1293.6333333333332,1.0,4.0,19.733333333333334,1.0,11.0,51.333333333333336,3.0,311.0,988.2333333333333,1.0,1.0,2.8,1.0,8.0,9.2,1.0,108.0,116.99999999999999
2193,22,811,3288.8166666666666,1.0,5.0,17.666666666666664,1.0,22.0,130.16666666666669,2.0,154.0,682.4,0.0,0.0,0.0,1.0,5.0,21.416666666666664,1.0,45.0,135.75,3.0,8.0,30.98333333333333,3.0,52.0,268.48333333333335,0.0,0.0,0.0,1.0,1.0,3.65,1.0,18.0,56.4,2.0,137.0,514.1166666666667,0.0,0.0,0.0,1.0,8.0,27.2,2.0,172.0,768.4833333333333,0.0,0.0,0.0,1.0,10.0,65.0,2.0,174.0,567.1
2194,21,564,2252.633333333333,3.0,11.0,56.8,1.0,5.0,8.833333333333332,0.0,0.0,0.0,2.0,9.0,43.36666666666667,2.0,41.0,232.3,0.0,0.0,0.0,1.0,7.0,26.599999999999998,0.0,0.0,0.0,0.0,0.0,0.0,0.0,0.0,0.0,1.0,8.0,48.93333333333333,4.0,161.0,415.95000000000005,0.0,0.0,0.0,2.0,40.0,102.58333333333334,0.0,0.0,0.0,0.0,0.0,0.0,1.0,10.0,9.5,4.0,272.0,1307.7666666666669
2195,14,345,1656.85,2.0,8.0,41.18333333333334,0.0,0.0,0.0,1.0,22.0,85.06666666666666,0.0,0.0,0.0,1.0,5.0,29.833333333333336,0.0,0.0,0.0,1.0,4.0,17.2,0.0,0.0,0.0,1.0,119.0,668.3833333333333,0.0,0.0,0.0,2.0,40.0,167.73333333333335,1.0,34.0,198.33333333333331,1.0,6.0,25.799999999999997,3.0,49.0,230.95,0.0,0.0,0.0,0.0,0.0,0.0,0.0,0.0,0.0,1.0,58.0,192.36666666666667
2196,27,1038,4087.2,2.0,3.0,8.966666666666667,2.0,39.0,69.61666666666667,1.0,100.0,483.3333333333333,1.0,6.0,22.099999999999998,0.0,0.0,0.0,1.0,44.0,38.13333333333333,2.0,6.0,20.933333333333334,1.0,7.0,30.449999999999996,1.0,16.0,72.0,0.0,0.0,0.0,4.0,53.0,201.18333333333334,5.0,423.0,1528.9166666666667,0.0,0.0,0.0,1.0,18.0,92.1,2.0,49.0,155.75,0.0,0.0,0.0,1.0,13.0,79.73333333333333,3.0,261.0,1283.9833333333331
2197,23,667,2087.7666666666664,1.0,2.0,9.366666666666667,1.0,17.0,65.45,1.0,90.0,468.0,2.0,11.0,32.05,0.0,0.0,0.0,1.0,61.0,119.96666666666665,4.0,18.0,77.73333333333333,2.0,25.0,132.71666666666667,0.0,0.0,0.0,1.0,5.0,22.25,0.0,0.0,0.0,4.0,237.0,603.6333333333333,1.0,1.0,5.316666666666666,0.0,0.0,0.0,1.0,113.0,103.58333333333333,1.0,3.0,19.049999999999997,0.0,0.0,0.0,3.0,84.0,428.65000000000003
2198,16,421,2055.916666666667,2.0,10.0,47.43333333333334,1.0,17.0,39.38333333333334,0.0,0.0,0.0,1.0,1.0,3.9,2.0,24.0,77.0,0.0,0.0,0.0,1.0,3.0,13.900000000000002,1.0,6.0,14.399999999999999,0.0,0.0,0.0,0.0,0.0,0.0,1.0,19.0,113.36666666666667,2.0,163.0,929.6166666666667,0.0,0.0,0.0,1.0,22.0,141.53333333333333,1.0,28.0,108.73333333333333,0.0,0.0,0.0,1.0,7.0,26.833333333333336,2.0,121.0,539.8166666666666
2199,23,557,1661.7833333333333,3.0,5.0,26.83333333333333,3.0,38.0,118.35,0.0,0.0,0.0,1.0,1.0,2.1333333333333333,3.0,50.0,159.58333333333331,0.0,0.0,0.0,2.0,5.0,9.416666666666668,1.0,9.0,2.1,0.0,0.0,0.0,0.0,0.0,0.0,0.0,0.0,0.0,3.0,181.0,674.0,0.0,0.0,0.0,0.0,0.0,0.0,2.0,84.0,302.8,1.0,2.0,2.2,1.0,15.0,11.0,3.0,167.0,353.3666666666667
2200,22,440,1700.7333333333333,0.0,0.0,0.0,3.0,44.0,180.76666666666668,0.0,0.0,0.0,1.0,1.0,4.783333333333333,3.0,37.0,161.54999999999998,1.0,60.0,371.0,2.0,11.0,42.583333333333336,2.0,31.0,61.35000000000001,1.0,24.0,141.20000000000002,0.0,0.0,0.0,3.0,57.0,191.98333333333335,0.0,0.0,0.0,1.0,6.0,32.0,1.0,19.0,41.800000000000004,3.0,111.0,323.5166666666667,0.0,0.0,0.0,0.0,0.0,0.0,1.0,39.0,148.2
2201,27,890,3414.133333333333,3.0,10.0,11.65,1.0,21.0,88.55,3.0,226.0,838.0333333333333,0.0,0.0,0.0,1.0,13.0,69.55,0.0,0.0,0.0,4.0,15.0,52.983333333333334,0.0,0.0,0.0,0.0,0.0,0.0,1.0,3.0,9.5,2.0,25.0,142.98333333333332,3.0,99.0,441.23333333333335,1.0,1.0,5.5,2.0,32.0,49.6,2.0,84.0,327.8666666666667,0.0,0.0,0.0,1.0,20.0,116.33333333333333,3.0,341.0,1260.35
2202,22,511,1160.9666666666667,0.0,0.0,0.0,1.0,13.0,59.15,0.0,0.0,0.0,3.0,17.0,48.333333333333336,3.0,19.0,42.88333333333333,0.0,0.0,0.0,1.0,5.0,13.25,1.0,12.0,6.200000000000001,0.0,0.0,0.0,0.0,0.0,0.0,4.0,59.0,138.43333333333334,3.0,179.0,518.35,0.0,0.0,0.0,0.0,0.0,0.0,2.0,161.0,187.91666666666669,1.0,5.0,19.0,2.0,24.0,35.366666666666674,1.0,17.0,92.08333333333334
2203,24,919,3878.75,2.0,8.0,22.766666666666666,3.0,49.0,179.18333333333334,1.0,113.0,634.6833333333333,1.0,5.0,25.333333333333332,1.0,21.0,109.9,1.0,92.0,217.73333333333335,1.0,7.0,43.63333333333333,1.0,5.0,29.583333333333336,1.0,91.0,394.3333333333333,0.0,0.0,0.0,2.0,29.0,144.85,0.0,0.0,0.0,1.0,1.0,0.36666666666666664,1.0,9.0,8.7,2.0,212.0,713.8,0.0,0.0,0.0,2.0,21.0,50.916666666666664,4.0,256.0,1302.9666666666667
2204,21,590,1974.7166666666667,3.0,5.0,11.583333333333334,1.0,22.0,81.4,0.0,0.0,0.0,3.0,6.0,21.53333333333333,0.0,0.0,0.0,0.0,0.0,0.0,2.0,4.0,5.866666666666667,1.0,12.0,15.600000000000001,0.0,0.0,0.0,0.0,0.0,0.0,2.0,23.0,73.76666666666667,3.0,132.0,467.51666666666665,0.0,0.0,0.0,0.0,0.0,0.0,2.0,154.0,742.1166666666667,0.0,0.0,0.0,1.0,14.0,44.800000000000004,3.0,218.0,510.53333333333336
2205,16,880,4309.866666666667,1.0,3.0,7.55,1.0,9.0,17.55,0.0,0.0,0.0,1.0,5.0,22.0,0.0,0.0,0.0,0.0,0.0,0.0,1.0,1.0,3.533333333333333,0.0,0.0,0.0,1.0,74.0,330.53333333333336,2.0,4.0,7.266666666666667,1.0,13.0,62.4,3.0,260.0,1051.1,0.0,0.0,0.0,0.0,0.0,0.0,3.0,309.0,1841.6833333333334,0.0,0.0,0.0,0.0,0.0,0.0,2.0,202.0,966.25
2206,23,605,1944.2,2.0,2.0,8.0,5.0,75.0,287.8,1.0,51.0,164.05,4.0,10.0,30.466666666666665,2.0,13.0,56.96666666666667,1.0,104.0,168.13333333333333,0.0,0.0,0.0,4.0,56.0,192.06666666666666,0.0,0.0,0.0,0.0,0.0,0.0,1.0,9.0,4.2,2.0,215.0,990.5166666666667,0.0,0.0,0.0,0.0,0.0,0.0,0.0,0.0,0.0,0.0,0.0,0.0,0.0,0.0,0.0,1.0,70.0,42.0
2207,26,667,1815.1666666666665,2.0,7.0,11.066666666666666,2.0,29.0,100.05,1.0,56.0,342.5333333333333,2.0,9.0,36.949999999999996,2.0,31.0,83.13333333333333,0.0,0.0,0.0,2.0,12.0,31.699999999999996,3.0,55.0,227.25,1.0,107.0,26.75,0.0,0.0,0.0,2.0,25.0,58.63333333333333,0.0,0.0,0.0,0.0,0.0,0.0,1.0,14.0,63.46666666666667,2.0,109.0,448.21666666666664,0.0,0.0,0.0,3.0,46.0,199.04999999999998,3.0,167.0,186.36666666666665
2208,21,728,3072.9333333333334,5.0,19.0,64.35000000000001,0.0,0.0,0.0,0.0,0.0,0.0,2.0,9.0,54.39999999999999,3.0,41.0,199.18333333333334,0.0,0.0,0.0,3.0,12.0,55.96666666666666,0.0,0.0,0.0,0.0,0.0,0.0,0.0,0.0,0.0,0.0,0.0,0.0,6.0,427.0,1817.75,0.0,0.0,0.0,0.0,0.0,0.0,1.0,121.0,536.4333333333334,0.0,0.0,0.0,0.0,0.0,0.0,1.0,99.0,344.85
2209,14,417,1153.3666666666668,0.0,0.0,0.0,0.0,0.0,0.0,0.0,0.0,0.0,3.0,12.0,40.516666666666666,1.0,18.0,26.4,0.0,0.0,0.0,2.0,12.0,51.06666666666666,1.0,5.0,3.416666666666667,0.0,0.0,0.0,1.0,5.0,15.916666666666666,0.0,0.0,0.0,2.0,46.0,53.93333333333333,0.0,0.0,0.0,0.0,0.0,0.0,2.0,199.0,516.6,0.0,0.0,0.0,1.0,17.0,24.93333333333333,1.0,103.0,420.5833333333333
2210,21,755,2302.7333333333336,2.0,10.0,58.400000000000006,1.0,13.0,63.05,0.0,0.0,0.0,2.0,8.0,25.733333333333334,1.0,13.0,38.78333333333333,0.0,0.0,0.0,3.0,9.0,43.96666666666667,0.0,0.0,0.0,0.0,0.0,0.0,0.0,0.0,0.0,3.0,48.0,254.61666666666667,2.0,159.0,245.4666666666667,0.0,0.0,0.0,0.0,0.0,0.0,5.0,470.0,1438.0666666666666,0.0,0.0,0.0,2.0,25.0,134.65,0.0,0.0,0.0
2211,24,788,3015.1,4.0,18.0,97.1,0.0,0.0,0.0,0.0,0.0,0.0,2.0,4.0,20.266666666666666,2.0,29.0,39.31666666666666,1.0,120.0,732.0,2.0,6.0,25.0,2.0,16.0,71.16666666666666,0.0,0.0,0.0,0.0,0.0,0.0,0.0,0.0,0.0,1.0,71.0,164.48333333333335,0.0,0.0,0.0,2.0,24.0,42.35,4.0,242.0,764.7833333333333,0.0,0.0,0.0,0.0,0.0,0.0,4.0,258.0,1058.6333333333332
2212,26,1271,4653.633333333333,4.0,12.0,45.25,0.0,0.0,0.0,1.0,86.0,146.2,2.0,3.0,7.466666666666667,1.0,8.0,2.0,1.0,106.0,620.0999999999999,1.0,7.0,5.833333333333334,0.0,0.0,0.0,1.0,93.0,240.25,0.0,0.0,0.0,3.0,43.0,147.61666666666667,4.0,317.0,1767.3666666666668,0.0,0.0,0.0,0.0,0.0,0.0,4.0,286.0,646.35,0.0,0.0,0.0,0.0,0.0,0.0,4.0,310.0,1025.2
2213,18,502,1979.3500000000001,1.0,7.0,34.300000000000004,0.0,0.0,0.0,2.0,141.0,176.78333333333333,2.0,9.0,29.283333333333335,1.0,5.0,1.6666666666666665,0.0,0.0,0.0,1.0,5.0,25.833333333333336,0.0,0.0,0.0,0.0,0.0,0.0,0.0,0.0,0.0,3.0,46.0,236.68333333333334,0.0,0.0,0.0,2.0,9.0,45.583333333333336,2.0,28.0,98.11666666666666,3.0,246.0,1305.7,0.0,0.0,0.0,1.0,6.0,25.4,0.0,0.0,0.0
2214,20,227,642.35,4.0,18.0,35.383333333333326,2.0,29.0,103.03333333333333,0.0,0.0,0.0,1.0,3.0,11.850000000000001,2.0,26.0,136.70000000000002,0.0,0.0,0.0,3.0,10.0,30.166666666666668,0.0,0.0,0.0,0.0,0.0,0.0,1.0,2.0,9.933333333333334,2.0,30.0,50.266666666666666,0.0,0.0,0.0,0.0,0.0,0.0,0.0,0.0,0.0,1.0,29.0,65.73333333333333,0.0,0.0,0.0,3.0,43.0,173.38333333333333,1.0,37.0,25.9
2215,24,711,3007.0833333333335,2.0,6.0,22.816666666666666,0.0,0.0,0.0,0.0,0.0,0.0,1.0,4.0,10.2,5.0,57.0,237.21666666666667,0.0,0.0,0.0,0.0,0.0,0.0,2.0,28.0,53.46666666666667,0.0,0.0,0.0,0.0,0.0,0.0,1.0,4.0,9.333333333333334,4.0,325.0,1370.8333333333333,1.0,5.0,25.333333333333332,0.0,0.0,0.0,3.0,170.0,894.5333333333333,0.0,0.0,0.0,4.0,65.0,200.83333333333331,1.0,47.0,182.51666666666665
2216,14,381,1333.8833333333332,3.0,12.0,68.96666666666667,0.0,0.0,0.0,0.0,0.0,0.0,1.0,5.0,13.833333333333332,0.0,0.0,0.0,1.0,66.0,388.3,4.0,21.0,63.766666666666666,1.0,9.0,9.450000000000001,1.0,99.0,207.9,0.0,0.0,0.0,0.0,0.0,0.0,1.0,86.0,250.83333333333331,0.0,0.0,0.0,0.0,0.0,0.0,0.0,0.0,0.0,0.0,0.0,0.0,0.0,0.0,0.0,2.0,83.0,330.8333333333333
2217,29,1102,4694.083333333333,4.0,17.0,64.19999999999999,1.0,6.0,11.399999999999999,0.0,0.0,0.0,1.0,7.0,3.7333333333333334,3.0,49.0,163.0,2.0,168.0,578.3,1.0,7.0,24.96666666666667,0.0,0.0,0.0,1.0,115.0,448.5,0.0,0.0,0.0,2.0,34.0,142.76666666666665,1.0,125.0,793.75,1.0,6.0,35.6,2.0,24.0,26.8,4.0,245.0,1113.1833333333334,0.0,0.0,0.0,2.0,19.0,66.88333333333333,4.0,280.0,1221.0
2218,18,383,1076.7666666666667,5.0,21.0,82.33333333333333,1.0,14.0,33.13333333333333,0.0,0.0,0.0,2.0,11.0,61.21666666666667,1.0,15.0,72.25,0.0,0.0,0.0,2.0,7.0,27.46666666666667,2.0,23.0,119.11666666666667,0.0,0.0,0.0,0.0,0.0,0.0,0.0,0.0,0.0,3.0,210.0,390.7,0.0,0.0,0.0,0.0,0.0,0.0,1.0,59.0,187.81666666666666,0.0,0.0,0.0,0.0,0.0,0.0,1.0,23.0,102.73333333333333
2219,25,1180,4275.716666666667,3.0,13.0,74.58333333333333,0.0,0.0,0.0,1.0,77.0,386.2833333333333,3.0,6.0,16.933333333333334,1.0,13.0,58.28333333333333,0.0,0.0,0.0,1.0,1.0,6.083333333333333,0.0,0.0,0.0,0.0,0.0,0.0,1.0,2.0,1.8,1.0,10.0,2.6666666666666665,7.0,673.0,2175.883333333333,0.0,0.0,0.0,3.0,37.0,108.94999999999999,1.0,112.0,733.6,0.0,0.0,0.0,1.0,4.0,20.6,2.0,232.0,690.05
2220,21,702,2555.85,5.0,21.0,93.26666666666667,1.0,19.0,37.36666666666667,0.0,0.0,0.0,0.0,0.0,0.0,1.0,20.0,71.33333333333334,0.0,0.0,0.0,1.0,6.0,21.2,1.0,23.0,122.66666666666666,1.0,122.0,223.66666666666666,0.0,0.0,0.0,1.0,22.0,112.19999999999999,2.0,132.0,284.01666666666665,1.0,3.0,2.8499999999999996,1.0,11.0,64.35,2.0,146.0,762.8,0.0,0.0,0.0,1.0,19.0,79.16666666666667,3.0,158.0,680.9666666666667
2221,16,432,1573.5166666666667,2.0,9.0,15.733333333333334,1.0,4.0,25.2,0.0,0.0,0.0,0.0,0.0,0.0,1.0,13.0,30.333333333333336,0.0,0.0,0.0,1.0,6.0,15.600000000000001,1.0,9.0,19.8,0.0,0.0,0.0,0.0,0.0,0.0,2.0,34.0,173.71666666666667,3.0,174.0,461.5,0.0,0.0,0.0,1.0,16.0,32.53333333333333,2.0,94.0,421.6333333333333,1.0,7.0,22.166666666666664,0.0,0.0,0.0,1.0,66.0,355.3
2222,13,350,974.7499999999999,2.0,8.0,22.833333333333332,0.0,0.0,0.0,0.0,0.0,0.0,3.0,12.0,34.96666666666667,0.0,0.0,0.0,0.0,0.0,0.0,2.0,9.0,35.63333333333333,1.0,22.0,105.6,0.0,0.0,0.0,0.0,0.0,0.0,1.0,17.0,47.31666666666666,1.0,126.0,321.29999999999995,0.0,0.0,0.0,0.0,0.0,0.0,2.0,147.0,358.79999999999995,0.0,0.0,0.0,1.0,9.0,48.3,0.0,0.0,0.0
2223,21,714,2648.583333333333,2.0,9.0,44.6,3.0,57.0,288.8666666666667,0.0,0.0,0.0,0.0,0.0,0.0,1.0,16.0,93.33333333333333,0.0,0.0,0.0,3.0,4.0,10.883333333333335,1.0,5.0,15.666666666666666,1.0,116.0,407.93333333333334,0.0,0.0,0.0,2.0,13.0,57.38333333333333,3.0,237.0,735.0166666666667,0.0,0.0,0.0,1.0,7.0,17.849999999999998,2.0,100.0,270.5,0.0,0.0,0.0,1.0,23.0,56.733333333333334,1.0,127.0,649.8166666666666
2224,18,596,2540.633333333333,3.0,8.0,22.46666666666667,0.0,0.0,0.0,0.0,0.0,0.0,2.0,9.0,36.8,0.0,0.0,0.0,0.0,0.0,0.0,1.0,7.0,27.883333333333333,2.0,25.0,96.51666666666667,0.0,0.0,0.0,1.0,1.0,1.65,1.0,5.0,19.166666666666668,3.0,358.0,1994.85,1.0,5.0,2.166666666666667,0.0,0.0,0.0,1.0,96.0,224.0,1.0,4.0,4.466666666666667,0.0,0.0,0.0,2.0,78.0,110.66666666666667
2225,30,724,2952.2,1.0,4.0,26.266666666666666,3.0,47.0,189.06666666666666,0.0,0.0,0.0,2.0,8.0,29.783333333333335,1.0,15.0,71.0,0.0,0.0,0.0,3.0,11.0,33.13333333333333,3.0,42.0,144.10000000000002,0.0,0.0,0.0,1.0,1.0,3.75,2.0,26.0,148.91666666666669,6.0,286.0,1398.9166666666665,1.0,4.0,16.266666666666666,2.0,11.0,62.81666666666667,0.0,0.0,0.0,0.0,0.0,0.0,2.0,20.0,42.58333333333333,3.0,249.0,785.5999999999999
2226,23,655,1862.85,5.0,21.0,70.86666666666666,2.0,22.0,97.30000000000001,0.0,0.0,0.0,2.0,4.0,20.766666666666666,1.0,8.0,3.7333333333333334,1.0,63.0,285.59999999999997,3.0,13.0,49.266666666666666,0.0,0.0,0.0,0.0,0.0,0.0,0.0,0.0,0.0,0.0,0.0,0.0,4.0,241.0,559.75,0.0,0.0,0.0,0.0,0.0,0.0,2.0,77.0,341.3666666666667,0.0,0.0,0.0,1.0,16.0,40.266666666666666,2.0,190.0,393.93333333333334
2227,11,387,520.05,1.0,4.0,17.333333333333332,1.0,19.0,74.73333333333333,0.0,0.0,0.0,0.0,0.0,0.0,0.0,0.0,0.0,1.0,20.0,60.33333333333333,1.0,7.0,35.233333333333334,1.0,15.0,65.25,1.0,103.0,66.95,0.0,0.0,0.0,1.0,8.0,2.933333333333333,0.0,0.0,0.0,0.0,0.0,0.0,0.0,0.0,0.0,2.0,182.0,122.73333333333332,1.0,5.0,23.75,0.0,0.0,0.0,1.0,24.0,50.8
2228,19,333,1252.1833333333334,5.0,23.0,73.31666666666668,0.0,0.0,0.0,0.0,0.0,0.0,4.0,16.0,48.81666666666666,1.0,5.0,24.166666666666664,1.0,17.0,90.38333333333333,2.0,6.0,15.433333333333334,3.0,32.0,97.78333333333333,1.0,51.0,138.55,0.0,0.0,0.0,0.0,0.0,0.0,0.0,0.0,0.0,0.0,0.0,0.0,0.0,0.0,0.0,0.0,0.0,0.0,0.0,0.0,0.0,0.0,0.0,0.0,2.0,183.0,763.7333333333333
2229,17,739,1914.6000000000001,0.0,0.0,0.0,3.0,39.0,53.483333333333334,0.0,0.0,0.0,1.0,2.0,6.2,0.0,0.0,0.0,1.0,109.0,199.83333333333331,2.0,9.0,10.116666666666667,1.0,18.0,93.9,1.0,123.0,157.85000000000002,0.0,0.0,0.0,1.0,21.0,21.0,0.0,0.0,0.0,0.0,0.0,0.0,1.0,4.0,19.4,3.0,102.0,248.0,0.0,0.0,0.0,0.0,0.0,0.0,3.0,312.0,1104.8166666666666
2230,24,575,2002.3333333333333,3.0,12.0,50.099999999999994,1.0,12.0,13.799999999999999,1.0,54.0,133.20000000000002,0.0,0.0,0.0,1.0,10.0,65.83333333333333,1.0,124.0,508.4,4.0,22.0,53.9,1.0,9.0,13.2,0.0,0.0,0.0,0.0,0.0,0.0,4.0,42.0,171.25,3.0,156.0,435.1333333333333,0.0,0.0,0.0,2.0,30.0,114.79999999999998,1.0,79.0,376.56666666666666,1.0,6.0,23.4,0.0,0.0,0.0,1.0,19.0,42.75
2231,19,659,2159.1833333333334,1.0,7.0,41.53333333333333,2.0,44.0,262.1666666666667,0.0,0.0,0.0,1.0,2.0,7.7,1.0,20.0,106.0,0.0,0.0,0.0,1.0,7.0,17.266666666666666,0.0,0.0,0.0,0.0,0.0,0.0,0.0,0.0,0.0,3.0,51.0,254.46666666666667,3.0,162.0,680.4,0.0,0.0,0.0,0.0,0.0,0.0,0.0,0.0,0.0,1.0,6.0,39.699999999999996,2.0,29.0,107.80000000000001,4.0,331.0,642.15
2232,18,323,1216.2666666666667,7.0,30.0,123.41666666666667,0.0,0.0,0.0,0.0,0.0,0.0,1.0,1.0,0.8,0.0,0.0,0.0,0.0,0.0,0.0,2.0,11.0,28.933333333333334,0.0,0.0,0.0,0.0,0.0,0.0,0.0,0.0,0.0,0.0,0.0,0.0,1.0,21.0,101.14999999999999,1.0,6.0,24.0,1.0,14.0,76.76666666666667,3.0,160.0,534.1333333333333,0.0,0.0,0.0,1.0,23.0,139.91666666666666,1.0,57.0,187.15
2233,14,523,1915.6666666666665,1.0,5.0,9.416666666666666,0.0,0.0,0.0,1.0,72.0,312.0,2.0,4.0,7.2333333333333325,2.0,28.0,142.8,0.0,0.0,0.0,0.0,0.0,0.0,0.0,0.0,0.0,0.0,0.0,0.0,0.0,0.0,0.0,0.0,0.0,0.0,1.0,74.0,159.1,0.0,0.0,0.0,0.0,0.0,0.0,0.0,0.0,0.0,0.0,0.0,0.0,3.0,43.0,112.43333333333334,4.0,297.0,1172.6833333333334
2234,24,871,3009.0166666666664,3.0,20.0,72.75,0.0,0.0,0.0,1.0,16.0,21.333333333333332,3.0,18.0,36.46666666666667,2.0,15.0,53.25,0.0,0.0,0.0,3.0,12.0,45.73333333333333,1.0,6.0,37.2,1.0,107.0,297.81666666666666,0.0,0.0,0.0,1.0,19.0,64.91666666666666,3.0,302.0,1194.6833333333334,0.0,0.0,0.0,1.0,19.0,29.766666666666666,4.0,277.0,795.1,0.0,0.0,0.0,0.0,0.0,0.0,1.0,60.0,360.0
2235,24,448,1002.7666666666667,1.0,7.0,5.366666666666667,3.0,20.0,94.01666666666667,0.0,0.0,0.0,3.0,10.0,16.733333333333334,1.0,12.0,21.0,1.0,25.0,49.583333333333336,1.0,6.0,13.5,1.0,11.0,61.599999999999994,0.0,0.0,0.0,0.0,0.0,0.0,5.0,63.0,135.43333333333334,0.0,0.0,0.0,0.0,0.0,0.0,3.0,41.0,138.05,2.0,113.0,249.38333333333335,1.0,7.0,4.55,0.0,0.0,0.0,2.0,133.0,213.55
2236,29,906,2688.8333333333335,3.0,14.0,23.066666666666666,3.0,62.0,177.4,0.0,0.0,0.0,2.0,9.0,56.2,4.0,30.0,62.3,2.0,118.0,573.1333333333333,0.0,0.0,0.0,2.0,40.0,40.43333333333334,0.0,0.0,0.0,1.0,5.0,16.416666666666664,3.0,44.0,201.58333333333334,3.0,141.0,189.55,0.0,0.0,0.0,1.0,11.0,54.45,1.0,112.0,26.133333333333333,0.0,0.0,0.0,0.0,0.0,0.0,4.0,320.0,1268.1666666666665
2237,32,900,2193.833333333333,6.0,25.0,100.73333333333333,2.0,12.0,53.86666666666667,1.0,92.0,33.733333333333334,2.0,6.0,17.75,3.0,37.0,146.63333333333333,0.0,0.0,0.0,3.0,9.0,16.15,1.0,17.0,40.8,1.0,68.0,443.1333333333333,0.0,0.0,0.0,0.0,0.0,0.0,3.0,198.0,515.4666666666667,1.0,3.0,1.0499999999999998,1.0,11.0,43.81666666666667,5.0,243.0,603.9,0.0,0.0,0.0,0.0,0.0,0.0,3.0,179.0,176.8
2238,20,733,2303.9333333333334,1.0,7.0,18.083333333333336,1.0,16.0,84.0,0.0,0.0,0.0,1.0,2.0,2.6666666666666665,2.0,33.0,131.53333333333333,0.0,0.0,0.0,0.0,0.0,0.0,0.0,0.0,0.0,2.0,117.0,355.54999999999995,0.0,0.0,0.0,3.0,30.0,137.0,5.0,369.0,1186.3666666666668,0.0,0.0,0.0,1.0,21.0,24.15,1.0,42.0,185.5,1.0,4.0,21.066666666666666,0.0,0.0,0.0,2.0,92.0,158.01666666666668
2239,23,805,2352.983333333333,1.0,4.0,2.8666666666666667,0.0,0.0,0.0,1.0,53.0,166.06666666666666,2.0,7.0,37.0,3.0,34.0,155.93333333333334,0.0,0.0,0.0,0.0,0.0,0.0,1.0,17.0,9.350000000000001,0.0,0.0,0.0,0.0,0.0,0.0,0.0,0.0,0.0,4.0,309.0,783.25,3.0,16.0,32.11666666666667,1.0,5.0,26.25,5.0,347.0,1069.3666666666666,1.0,1.0,5.383333333333334,1.0,12.0,65.4,0.0,0.0,0.0
2240,18,504,1580.9833333333333,2.0,9.0,50.599999999999994,0.0,0.0,0.0,0.0,0.0,0.0,2.0,7.0,43.68333333333334,2.0,20.0,101.16666666666667,0.0,0.0,0.0,2.0,8.0,47.15,0.0,0.0,0.0,0.0,0.0,0.0,0.0,0.0,0.0,0.0,0.0,0.0,3.0,145.0,448.2833333333333,0.0,0.0,0.0,1.0,22.0,61.233333333333334,3.0,245.0,700.7333333333333,1.0,4.0,6.0,1.0,15.0,89.75,1.0,29.0,32.38333333333333
2241,23,545,1539.5333333333333,6.0,23.0,85.35000000000001,3.0,32.0,162.06666666666666,1.0,94.0,278.8666666666667,2.0,8.0,25.96666666666667,0.0,0.0,0.0,1.0,31.0,118.83333333333334,1.0,3.0,18.450000000000003,1.0,12.0,4.199999999999999,0.0,0.0,0.0,0.0,0.0,0.0,1.0,12.0,43.4,1.0,22.0,103.76666666666667,0.0,0.0,0.0,2.0,15.0,47.16666666666667,1.0,60.0,104.0,0.0,0.0,0.0,1.0,13.0,80.60000000000001,2.0,220.0,466.8666666666667
2242,20,454,1054.75,2.0,9.0,38.15,1.0,6.0,1.5,0.0,0.0,0.0,3.0,14.0,63.099999999999994,3.0,31.0,96.01666666666665,0.0,0.0,0.0,1.0,6.0,7.700000000000001,1.0,21.0,56.7,0.0,0.0,0.0,0.0,0.0,0.0,4.0,66.0,197.06666666666666,2.0,159.0,346.93333333333334,0.0,0.0,0.0,0.0,0.0,0.0,1.0,17.0,49.58333333333333,0.0,0.0,0.0,1.0,6.0,7.6,1.0,119.0,190.4
2243,15,434,1654.3999999999999,0.0,0.0,0.0,0.0,0.0,0.0,0.0,0.0,0.0,2.0,10.0,21.566666666666666,1.0,20.0,54.0,0.0,0.0,0.0,3.0,15.0,79.81666666666666,1.0,19.0,13.299999999999999,0.0,0.0,0.0,0.0,0.0,0.0,2.0,16.0,63.666666666666664,1.0,63.0,185.85000000000002,0.0,0.0,0.0,1.0,19.0,66.5,2.0,198.0,1112.8333333333333,0.0,0.0,0.0,1.0,10.0,21.666666666666664,1.0,64.0,35.2
2244,29,945,3237.35,1.0,4.0,25.8,1.0,11.0,35.2,1.0,54.0,321.3,3.0,11.0,48.266666666666666,0.0,0.0,0.0,1.0,25.0,67.91666666666667,3.0,14.0,18.866666666666667,0.0,0.0,0.0,0.0,0.0,0.0,1.0,3.0,11.65,3.0,20.0,85.45,3.0,201.0,517.1333333333333,0.0,0.0,0.0,3.0,41.0,201.41666666666666,1.0,116.0,123.73333333333333,0.0,0.0,0.0,4.0,70.0,222.13333333333333,4.0,375.0,1558.4833333333333
2245,22,655,1458.1333333333334,2.0,13.0,27.849999999999998,2.0,19.0,26.71666666666667,2.0,140.0,393.28333333333336,1.0,5.0,19.416666666666668,1.0,18.0,104.39999999999999,0.0,0.0,0.0,3.0,7.0,18.433333333333334,2.0,27.0,158.83333333333334,1.0,36.0,182.39999999999998,1.0,2.0,1.0333333333333334,2.0,37.0,75.68333333333334,1.0,46.0,216.20000000000002,0.0,0.0,0.0,1.0,8.0,39.2,1.0,95.0,26.916666666666664,0.0,0.0,0.0,0.0,0.0,0.0,2.0,202.0,167.76666666666665
2246,19,628,1768.2333333333331,1.0,6.0,16.799999999999997,2.0,33.0,55.449999999999996,0.0,0.0,0.0,2.0,7.0,20.21666666666667,0.0,0.0,0.0,2.0,160.0,192.75,4.0,14.0,21.666666666666664,0.0,0.0,0.0,0.0,0.0,0.0,0.0,0.0,0.0,1.0,8.0,17.733333333333334,3.0,321.0,1174.75,0.0,0.0,0.0,1.0,20.0,34.33333333333333,1.0,33.0,159.5,0.0,0.0,0.0,1.0,10.0,42.5,1.0,16.0,32.53333333333333
2247,19,584,1237.8,1.0,5.0,24.75,0.0,0.0,0.0,0.0,0.0,0.0,2.0,6.0,1.6,3.0,33.0,116.23333333333333,2.0,135.0,95.2,3.0,9.0,26.0,2.0,27.0,43.650000000000006,2.0,60.0,140.9,0.0,0.0,0.0,0.0,0.0,0.0,2.0,219.0,514.9,0.0,0.0,0.0,1.0,16.0,46.4,1.0,74.0,228.16666666666669,0.0,0.0,0.0,0.0,0.0,0.0,0.0,0.0,0.0
2248,20,465,1713.9499999999998,4.0,16.0,56.633333333333326,1.0,23.0,143.75,0.0,0.0,0.0,1.0,1.0,4.783333333333333,0.0,0.0,0.0,1.0,53.0,144.86666666666667,2.0,12.0,46.516666666666666,4.0,36.0,83.21666666666668,0.0,0.0,0.0,0.0,0.0,0.0,3.0,55.0,180.76666666666665,1.0,95.0,299.25,0.0,0.0,0.0,0.0,0.0,0.0,1.0,61.0,125.04999999999998,0.0,0.0,0.0,0.0,0.0,0.0,2.0,113.0,629.1166666666667
2249,13,677,2400.9166666666665,1.0,5.0,20.416666666666664,0.0,0.0,0.0,1.0,124.0,204.6,0.0,0.0,0.0,0.0,0.0,0.0,0.0,0.0,0.0,0.0,0.0,0.0,1.0,15.0,71.5,0.0,0.0,0.0,0.0,0.0,0.0,2.0,31.0,89.83333333333334,0.0,0.0,0.0,0.0,0.0,0.0,2.0,19.0,86.66666666666666,2.0,252.0,858.9,0.0,0.0,0.0,1.0,21.0,138.6,3.0,210.0,930.4
2250,16,445,1210.7333333333333,2.0,7.0,41.016666666666666,5.0,85.0,270.5,0.0,0.0,0.0,0.0,0.0,0.0,0.0,0.0,0.0,0.0,0.0,0.0,1.0,7.0,22.75,0.0,0.0,0.0,0.0,0.0,0.0,1.0,6.0,38.7,2.0,28.0,157.73333333333335,2.0,132.0,218.2,0.0,0.0,0.0,0.0,0.0,0.0,1.0,60.0,237.0,0.0,0.0,0.0,0.0,0.0,0.0,2.0,120.0,224.83333333333331
2251,21,469,1938.8666666666666,4.0,14.0,26.833333333333336,2.0,22.0,127.03333333333333,1.0,80.0,314.66666666666663,0.0,0.0,0.0,0.0,0.0,0.0,1.0,69.0,372.6,2.0,6.0,15.200000000000001,2.0,25.0,85.41666666666666,2.0,39.0,99.01666666666667,0.0,0.0,0.0,2.0,16.0,58.43333333333334,3.0,185.0,805.8666666666667,0.0,0.0,0.0,1.0,12.0,32.0,0.0,0.0,0.0,1.0,1.0,1.8,0.0,0.0,0.0,0.0,0.0,0.0
2252,17,332,884.3833333333333,4.0,19.0,76.38333333333333,1.0,7.0,33.13333333333333,1.0,53.0,100.69999999999999,0.0,0.0,0.0,1.0,12.0,65.8,0.0,0.0,0.0,2.0,7.0,26.166666666666668,1.0,20.0,39.0,0.0,0.0,0.0,0.0,0.0,0.0,1.0,4.0,2.6,1.0,82.0,317.06666666666666,0.0,0.0,0.0,1.0,9.0,49.8,0.0,0.0,0.0,0.0,0.0,0.0,3.0,42.0,91.6,1.0,77.0,82.13333333333333
2253,23,504,1166.7833333333333,3.0,14.0,53.400000000000006,0.0,0.0,0.0,2.0,137.0,100.06666666666666,1.0,2.0,4.4,1.0,7.0,37.68333333333334,0.0,0.0,0.0,4.0,23.0,121.16666666666667,2.0,12.0,32.21666666666667,1.0,34.0,56.099999999999994,0.0,0.0,0.0,2.0,19.0,102.95,4.0,143.0,218.35000000000002,1.0,6.0,10.299999999999999,0.0,0.0,0.0,1.0,92.0,340.40000000000003,0.0,0.0,0.0,1.0,15.0,89.75,0.0,0.0,0.0
2254,20,383,1592.85,6.0,22.0,88.13333333333333,3.0,43.0,136.51666666666665,0.0,0.0,0.0,1.0,2.0,2.466666666666667,2.0,22.0,46.599999999999994,1.0,43.0,121.11666666666667,1.0,7.0,20.53333333333333,0.0,0.0,0.0,0.0,0.0,0.0,0.0,0.0,0.0,0.0,0.0,0.0,2.0,126.0,620.3,0.0,0.0,0.0,1.0,16.0,40.0,1.0,55.0,280.5,0.0,0.0,0.0,1.0,13.0,53.08333333333333,1.0,34.0,183.60000000000002
2255,27,903,3168.116666666667,5.0,21.0,61.21666666666667,4.0,68.0,218.7333333333333,2.0,196.0,988.2,2.0,10.0,17.333333333333332,1.0,20.0,106.33333333333333,0.0,0.0,0.0,1.0,4.0,9.133333333333333,0.0,0.0,0.0,0.0,0.0,0.0,1.0,4.0,25.666666666666668,0.0,0.0,0.0,4.0,286.0,717.0999999999999,0.0,0.0,0.0,1.0,16.0,42.666666666666664,1.0,84.0,131.6,1.0,5.0,23.666666666666668,2.0,29.0,102.53333333333333,2.0,160.0,723.9333333333333
2256,21,621,2049.9666666666667,4.0,19.0,53.516666666666666,1.0,18.0,113.1,2.0,219.0,673.4166666666667,3.0,12.0,57.11666666666666,0.0,0.0,0.0,0.0,0.0,0.0,1.0,2.0,9.8,1.0,11.0,64.35,1.0,25.0,104.16666666666667,0.0,0.0,0.0,0.0,0.0,0.0,2.0,133.0,140.81666666666666,0.0,0.0,0.0,1.0,12.0,5.2,2.0,94.0,481.56666666666666,0.0,0.0,0.0,2.0,35.0,91.35000000000001,1.0,41.0,255.56666666666666
2257,18,548,1973.95,2.0,7.0,18.066666666666666,3.0,49.0,211.25,0.0,0.0,0.0,1.0,7.0,12.483333333333334,1.0,19.0,110.2,0.0,0.0,0.0,1.0,6.0,25.3,0.0,0.0,0.0,1.0,94.0,167.63333333333335,2.0,8.0,6.683333333333333,1.0,14.0,34.300000000000004,2.0,165.0,842.5833333333333,0.0,0.0,0.0,0.0,0.0,0.0,2.0,150.0,417.9,0.0,0.0,0.0,2.0,29.0,127.55,0.0,0.0,0.0
2258,22,697,3037.5,0.0,0.0,0.0,3.0,42.0,222.25,0.0,0.0,0.0,0.0,0.0,0.0,0.0,0.0,0.0,0.0,0.0,0.0,5.0,21.0,80.46666666666667,1.0,13.0,46.800000000000004,1.0,91.0,464.09999999999997,0.0,0.0,0.0,2.0,15.0,58.949999999999996,3.0,251.0,1185.45,0.0,0.0,0.0,1.0,9.0,35.85,1.0,103.0,461.78333333333336,0.0,0.0,0.0,0.0,0.0,0.0,5.0,152.0,481.85
2259,24,619,2311.25,4.0,18.0,57.21666666666667,2.0,15.0,38.849999999999994,0.0,0.0,0.0,1.0,6.0,5.699999999999999,1.0,9.0,4.65,2.0,85.0,349.16666666666663,2.0,9.0,23.9,0.0,0.0,0.0,0.0,0.0,0.0,0.0,0.0,0.0,0.0,0.0,0.0,4.0,346.0,1368.1666666666667,1.0,5.0,15.166666666666666,1.0,22.0,24.566666666666666,2.0,77.0,358.95,2.0,9.0,38.916666666666664,2.0,18.0,26.0,0.0,0.0,0.0
2260,19,486,2155.383333333333,2.0,8.0,42.43333333333334,0.0,0.0,0.0,0.0,0.0,0.0,4.0,19.0,91.23333333333333,4.0,42.0,186.81666666666666,0.0,0.0,0.0,0.0,0.0,0.0,1.0,12.0,12.400000000000002,0.0,0.0,0.0,0.0,0.0,0.0,1.0,23.0,81.64999999999999,3.0,198.0,1038.2666666666667,1.0,1.0,0.3,1.0,7.0,23.21666666666667,1.0,124.0,626.1999999999999,0.0,0.0,0.0,0.0,0.0,0.0,1.0,52.0,52.86666666666666
2261,24,813,3359.3166666666666,3.0,13.0,56.71666666666666,2.0,20.0,54.88333333333333,0.0,0.0,0.0,4.0,12.0,36.81666666666666,1.0,13.0,41.81666666666667,0.0,0.0,0.0,1.0,6.0,21.2,1.0,16.0,69.86666666666666,1.0,50.0,146.66666666666666,1.0,3.0,8.35,0.0,0.0,0.0,5.0,437.0,1801.0333333333333,0.0,0.0,0.0,2.0,20.0,54.5,1.0,32.0,137.06666666666666,0.0,0.0,0.0,0.0,0.0,0.0,2.0,191.0,930.4
2262,20,459,1793.6333333333334,1.0,2.0,5.933333333333334,0.0,0.0,0.0,0.0,0.0,0.0,1.0,5.0,7.666666666666667,2.0,40.0,54.66666666666667,0.0,0.0,0.0,1.0,7.0,35.699999999999996,0.0,0.0,0.0,1.0,68.0,385.33333333333337,0.0,0.0,0.0,2.0,43.0,153.3,2.0,47.0,234.38333333333333,2.0,2.0,1.9666666666666668,1.0,19.0,101.33333333333333,3.0,135.0,350.3333333333333,0.0,0.0,0.0,3.0,25.0,115.41666666666666,1.0,66.0,347.6
2263,22,478,1858.4333333333332,0.0,0.0,0.0,2.0,39.0,194.8,1.0,77.0,183.51666666666665,1.0,1.0,0.95,2.0,22.0,62.06666666666666,0.0,0.0,0.0,5.0,17.0,51.900000000000006,3.0,59.0,183.54999999999998,0.0,0.0,0.0,1.0,7.0,22.633333333333333,1.0,14.0,43.4,1.0,82.0,370.3666666666667,0.0,0.0,0.0,2.0,39.0,99.60000000000001,1.0,65.0,354.25,0.0,0.0,0.0,1.0,4.0,19.266666666666666,1.0,52.0,272.1333333333333
2264,19,452,1172.8,1.0,6.0,23.1,3.0,35.0,126.48333333333333,0.0,0.0,0.0,3.0,13.0,66.98333333333333,1.0,10.0,26.833333333333332,1.0,42.0,139.3,3.0,13.0,37.25,0.0,0.0,0.0,0.0,0.0,0.0,0.0,0.0,0.0,1.0,22.0,25.299999999999997,2.0,166.0,510.5,1.0,3.0,16.900000000000002,1.0,22.0,35.2,0.0,0.0,0.0,1.0,7.0,21.816666666666666,0.0,0.0,0.0,1.0,113.0,143.13333333333333
2265,15,335,1238.1666666666665,2.0,8.0,22.533333333333335,0.0,0.0,0.0,0.0,0.0,0.0,3.0,13.0,25.15,2.0,31.0,176.13333333333333,0.0,0.0,0.0,0.0,0.0,0.0,1.0,18.0,27.0,0.0,0.0,0.0,0.0,0.0,0.0,1.0,22.0,72.23333333333333,3.0,154.0,553.2333333333333,0.0,0.0,0.0,2.0,27.0,19.849999999999998,0.0,0.0,0.0,0.0,0.0,0.0,0.0,0.0,0.0,1.0,62.0,342.0333333333333
2266,23,798,2764.116666666667,1.0,4.0,22.2,2.0,43.0,242.73333333333335,1.0,85.0,15.583333333333332,1.0,1.0,3.0,2.0,26.0,102.0,0.0,0.0,0.0,3.0,7.0,33.6,1.0,20.0,77.33333333333333,1.0,64.0,116.26666666666667,1.0,3.0,0.5499999999999999,2.0,33.0,123.41666666666666,2.0,83.0,244.01666666666668,0.0,0.0,0.0,1.0,8.0,21.6,3.0,331.0,1499.4833333333333,0.0,0.0,0.0,1.0,10.0,26.333333333333332,1.0,80.0,236.0
2267,22,659,2099.9333333333334,1.0,3.0,5.699999999999999,0.0,0.0,0.0,0.0,0.0,0.0,4.0,20.0,93.2,2.0,29.0,124.35000000000001,0.0,0.0,0.0,2.0,14.0,76.3,4.0,60.0,211.01666666666665,0.0,0.0,0.0,0.0,0.0,0.0,2.0,38.0,96.73333333333332,1.0,94.0,308.6333333333333,0.0,0.0,0.0,1.0,19.0,17.733333333333334,4.0,359.0,1086.15,0.0,0.0,0.0,1.0,23.0,80.11666666666667,0.0,0.0,0.0
2268,23,642,1156.0333333333333,3.0,10.0,11.566666666666666,3.0,20.0,40.6,0.0,0.0,0.0,0.0,0.0,0.0,3.0,43.0,72.9,0.0,0.0,0.0,2.0,5.0,9.866666666666667,1.0,15.0,62.75,0.0,0.0,0.0,0.0,0.0,0.0,1.0,7.0,31.849999999999998,4.0,247.0,253.25,0.0,0.0,0.0,3.0,46.0,91.66666666666667,1.0,88.0,193.60000000000002,0.0,0.0,0.0,0.0,0.0,0.0,2.0,161.0,387.9833333333333
2269,20,453,1466.85,4.0,18.0,74.46666666666667,1.0,16.0,32.0,1.0,96.0,195.2,3.0,5.0,23.016666666666666,4.0,58.0,180.26666666666665,1.0,79.0,438.45,1.0,6.0,28.4,1.0,16.0,82.13333333333334,0.0,0.0,0.0,0.0,0.0,0.0,0.0,0.0,0.0,1.0,47.0,18.01666666666667,0.0,0.0,0.0,0.0,0.0,0.0,2.0,89.0,350.05,0.0,0.0,0.0,0.0,0.0,0.0,1.0,23.0,44.85
2270,21,704,2354.9666666666667,3.0,10.0,25.616666666666667,2.0,13.0,50.83333333333333,1.0,39.0,28.599999999999998,2.0,6.0,16.366666666666667,0.0,0.0,0.0,2.0,117.0,729.2,0.0,0.0,0.0,1.0,18.0,101.1,1.0,97.0,357.2833333333333,0.0,0.0,0.0,2.0,19.0,122.41666666666667,1.0,112.0,147.46666666666667,0.0,0.0,0.0,1.0,7.0,30.916666666666668,2.0,58.0,231.13333333333333,0.0,0.0,0.0,0.0,0.0,0.0,3.0,208.0,514.0333333333333
2271,21,417,1400.4833333333333,5.0,18.0,42.24999999999999,1.0,4.0,17.933333333333334,0.0,0.0,0.0,2.0,13.0,49.25,2.0,21.0,57.599999999999994,0.0,0.0,0.0,0.0,0.0,0.0,0.0,0.0,0.0,0.0,0.0,0.0,0.0,0.0,0.0,3.0,55.0,204.53333333333333,2.0,100.0,583.4666666666667,0.0,0.0,0.0,0.0,0.0,0.0,3.0,173.0,409.98333333333335,0.0,0.0,0.0,3.0,33.0,35.46666666666667,0.0,0.0,0.0
2272,26,725,2403.45,3.0,9.0,35.53333333333333,3.0,55.0,164.83333333333334,0.0,0.0,0.0,5.0,23.0,109.65,1.0,19.0,31.666666666666668,0.0,0.0,0.0,1.0,2.0,2.3666666666666667,2.0,30.0,148.76666666666665,1.0,92.0,118.06666666666668,0.0,0.0,0.0,3.0,37.0,152.08333333333334,1.0,48.0,220.79999999999998,0.0,0.0,0.0,0.0,0.0,0.0,4.0,285.0,1113.2,0.0,0.0,0.0,1.0,12.0,56.0,1.0,113.0,250.48333333333335
2273,12,356,555.0166666666667,0.0,0.0,0.0,1.0,21.0,19.6,0.0,0.0,0.0,2.0,10.0,20.433333333333334,0.0,0.0,0.0,2.0,148.0,248.26666666666665,1.0,6.0,14.2,0.0,0.0,0.0,0.0,0.0,0.0,0.0,0.0,0.0,1.0,13.0,43.983333333333334,0.0,0.0,0.0,0.0,0.0,0.0,2.0,23.0,114.83333333333334,1.0,96.0,17.599999999999998,1.0,6.0,32.099999999999994,0.0,0.0,0.0,1.0,33.0,44.0
2274,24,407,1217.2666666666667,6.0,28.0,79.3,0.0,0.0,0.0,2.0,116.0,342.2,2.0,10.0,36.05,3.0,41.0,194.11666666666667,0.0,0.0,0.0,1.0,4.0,4.6,1.0,11.0,4.4,0.0,0.0,0.0,0.0,0.0,0.0,1.0,4.0,10.666666666666666,1.0,37.0,125.8,1.0,4.0,11.733333333333333,2.0,9.0,32.36666666666667,4.0,143.0,376.0333333333333,0.0,0.0,0.0,0.0,0.0,0.0,0.0,0.0,0.0
2275,23,525,2106.05,2.0,8.0,21.266666666666666,2.0,38.0,110.46666666666667,1.0,121.0,794.5666666666666,3.0,19.0,58.31666666666666,2.0,43.0,238.58333333333334,0.0,0.0,0.0,3.0,8.0,29.316666666666666,2.0,42.0,140.0,0.0,0.0,0.0,0.0,0.0,0.0,2.0,11.0,24.750000000000004,2.0,80.0,215.41666666666666,0.0,0.0,0.0,0.0,0.0,0.0,1.0,33.0,33.55,0.0,0.0,0.0,2.0,20.0,86.21666666666667,1.0,102.0,353.6
2276,22,851,3836.4166666666665,2.0,9.0,52.016666666666666,2.0,11.0,40.43333333333333,0.0,0.0,0.0,1.0,5.0,6.666666666666666,2.0,37.0,97.45,0.0,0.0,0.0,2.0,11.0,68.15,0.0,0.0,0.0,0.0,0.0,0.0,0.0,0.0,0.0,2.0,38.0,160.3,4.0,287.0,1449.2333333333333,0.0,0.0,0.0,1.0,12.0,3.2,5.0,427.0,1895.0333333333333,0.0,0.0,0.0,1.0,14.0,63.93333333333333,0.0,0.0,0.0
2277,22,793,3229.233333333333,2.0,9.0,17.45,7.0,90.0,453.5333333333333,0.0,0.0,0.0,0.0,0.0,0.0,1.0,13.0,69.11666666666666,1.0,97.0,507.6333333333333,2.0,10.0,54.583333333333336,1.0,19.0,122.23333333333333,0.0,0.0,0.0,0.0,0.0,0.0,0.0,0.0,0.0,2.0,146.0,248.93333333333334,0.0,0.0,0.0,1.0,7.0,10.033333333333333,0.0,0.0,0.0,0.0,0.0,0.0,1.0,16.0,105.06666666666666,4.0,386.0,1640.65
2278,20,564,2010.5833333333333,4.0,19.0,67.01666666666667,2.0,34.0,161.83333333333334,0.0,0.0,0.0,2.0,7.0,27.55,1.0,22.0,50.599999999999994,0.0,0.0,0.0,0.0,0.0,0.0,2.0,24.0,22.516666666666666,1.0,45.0,55.5,0.0,0.0,0.0,2.0,22.0,18.166666666666668,3.0,230.0,814.0,0.0,0.0,0.0,1.0,4.0,11.733333333333333,1.0,33.0,178.20000000000002,0.0,0.0,0.0,0.0,0.0,0.0,1.0,124.0,603.4666666666666
2279,22,760,2249.3166666666666,2.0,7.0,13.65,3.0,39.0,67.9,0.0,0.0,0.0,2.0,12.0,22.949999999999996,0.0,0.0,0.0,0.0,0.0,0.0,1.0,7.0,3.966666666666667,4.0,61.0,286.06666666666666,1.0,56.0,71.86666666666667,0.0,0.0,0.0,1.0,5.0,31.166666666666668,4.0,277.0,757.9333333333333,0.0,0.0,0.0,0.0,0.0,0.0,1.0,67.0,180.9,0.0,0.0,0.0,0.0,0.0,0.0,3.0,229.0,812.9166666666667
2280,25,1004,2784.633333333333,1.0,2.0,5.533333333333333,2.0,27.0,50.349999999999994,0.0,0.0,0.0,6.0,23.0,79.53333333333333,1.0,11.0,58.3,0.0,0.0,0.0,0.0,0.0,0.0,1.0,17.0,35.41666666666667,2.0,113.0,317.68333333333334,0.0,0.0,0.0,1.0,16.0,20.0,2.0,133.0,358.6333333333333,0.0,0.0,0.0,1.0,11.0,16.683333333333334,5.0,388.0,771.5166666666667,0.0,0.0,0.0,0.0,0.0,0.0,3.0,263.0,1070.9833333333333
2281,21,665,2489.583333333333,2.0,7.0,16.416666666666668,3.0,41.0,226.2,0.0,0.0,0.0,1.0,3.0,17.95,1.0,13.0,45.93333333333333,1.0,97.0,248.9666666666667,2.0,13.0,37.00000000000001,0.0,0.0,0.0,1.0,27.0,109.35,0.0,0.0,0.0,1.0,17.0,9.916666666666668,2.0,112.0,203.46666666666667,0.0,0.0,0.0,1.0,5.0,31.0,3.0,275.0,1262.6333333333332,0.0,0.0,0.0,1.0,15.0,91.25,2.0,40.0,189.5
2282,23,567,2157.4,1.0,3.0,9.05,2.0,16.0,59.53333333333334,0.0,0.0,0.0,2.0,12.0,37.58333333333333,2.0,35.0,140.23333333333335,0.0,0.0,0.0,4.0,21.0,70.55,1.0,15.0,96.5,0.0,0.0,0.0,1.0,2.0,4.133333333333334,3.0,22.0,67.9,1.0,30.0,181.0,0.0,0.0,0.0,1.0,8.0,47.06666666666667,2.0,227.0,986.4666666666667,0.0,0.0,0.0,1.0,18.0,75.0,2.0,158.0,382.3833333333333
2283,23,567,1574.0666666666666,2.0,9.0,29.01666666666667,2.0,24.0,50.550000000000004,0.0,0.0,0.0,4.0,18.0,42.31666666666666,3.0,43.0,148.4,1.0,86.0,192.06666666666666,2.0,5.0,22.416666666666668,1.0,19.0,96.26666666666667,0.0,0.0,0.0,0.0,0.0,0.0,2.0,23.0,28.683333333333337,1.0,48.0,26.400000000000002,0.0,0.0,0.0,2.0,19.0,72.13333333333334,1.0,94.0,427.7,0.0,0.0,0.0,0.0,0.0,0.0,2.0,179.0,438.1166666666667
2284,17,518,1609.2333333333333,1.0,7.0,1.9833333333333334,3.0,43.0,70.5,0.0,0.0,0.0,1.0,6.0,24.2,1.0,19.0,18.05,0.0,0.0,0.0,4.0,17.0,39.26666666666667,0.0,0.0,0.0,0.0,0.0,0.0,0.0,0.0,0.0,0.0,0.0,0.0,3.0,281.0,1006.2,0.0,0.0,0.0,0.0,0.0,0.0,1.0,65.0,164.66666666666666,0.0,0.0,0.0,1.0,12.0,55.800000000000004,2.0,68.0,228.56666666666666
2285,29,678,2287.2333333333336,3.0,17.0,47.5,3.0,29.0,78.48333333333333,0.0,0.0,0.0,3.0,11.0,23.35,1.0,10.0,49.333333333333336,0.0,0.0,0.0,4.0,12.0,22.9,2.0,30.0,166.60000000000002,0.0,0.0,0.0,0.0,0.0,0.0,0.0,0.0,0.0,4.0,179.0,576.3666666666667,0.0,0.0,0.0,2.0,31.0,91.88333333333333,2.0,122.0,670.0,0.0,0.0,0.0,3.0,24.0,58.70000000000001,2.0,213.0,502.1166666666667
2286,19,465,1283.0333333333333,3.0,13.0,34.233333333333334,0.0,0.0,0.0,0.0,0.0,0.0,2.0,5.0,5.5,2.0,30.0,121.11666666666666,0.0,0.0,0.0,1.0,7.0,32.78333333333333,2.0,30.0,87.06666666666666,0.0,0.0,0.0,0.0,0.0,0.0,1.0,14.0,83.06666666666666,3.0,201.0,601.0666666666667,0.0,0.0,0.0,1.0,15.0,46.0,2.0,142.0,241.4666666666667,2.0,8.0,30.733333333333334,0.0,0.0,0.0,0.0,0.0,0.0
2287,26,920,3174.1,0.0,0.0,0.0,0.0,0.0,0.0,0.0,0.0,0.0,5.0,12.0,28.53333333333333,2.0,12.0,41.61666666666667,0.0,0.0,0.0,3.0,5.0,25.55,1.0,19.0,102.28333333333335,0.0,0.0,0.0,0.0,0.0,0.0,1.0,21.0,128.1,4.0,242.0,508.3333333333333,0.0,0.0,0.0,1.0,12.0,47.400000000000006,4.0,402.0,1425.2833333333333,0.0,0.0,0.0,3.0,40.0,176.7,2.0,155.0,690.3
2288,23,577,2251.116666666667,3.0,16.0,26.75,2.0,15.0,91.83333333333334,0.0,0.0,0.0,1.0,5.0,21.0,1.0,12.0,34.0,0.0,0.0,0.0,3.0,10.0,50.4,0.0,0.0,0.0,0.0,0.0,0.0,0.0,0.0,0.0,0.0,0.0,0.0,3.0,100.0,493.75,1.0,7.0,6.066666666666666,2.0,17.0,73.8,1.0,23.0,113.85000000000001,1.0,4.0,6.466666666666667,1.0,16.0,82.13333333333334,4.0,352.0,1251.0666666666666
2289,24,438,1390.0333333333333,2.0,9.0,2.9166666666666665,0.0,0.0,0.0,0.0,0.0,0.0,1.0,4.0,6.466666666666667,4.0,69.0,111.73333333333333,1.0,44.0,240.53333333333333,3.0,13.0,55.38333333333333,2.0,25.0,150.13333333333333,0.0,0.0,0.0,1.0,2.0,8.7,0.0,0.0,0.0,1.0,124.0,254.2,1.0,6.0,30.0,5.0,65.0,270.40000000000003,1.0,52.0,169.0,0.0,0.0,0.0,1.0,7.0,38.96666666666667,1.0,18.0,51.6
2290,19,353,1427.9833333333333,1.0,1.0,6.25,4.0,54.0,202.0,0.0,0.0,0.0,3.0,10.0,39.983333333333334,1.0,18.0,6.3,0.0,0.0,0.0,1.0,1.0,2.55,1.0,13.0,21.45,0.0,0.0,0.0,1.0,7.0,7.3500000000000005,1.0,6.0,28.7,2.0,167.0,761.6333333333333,1.0,7.0,46.199999999999996,1.0,8.0,38.4,0.0,0.0,0.0,0.0,0.0,0.0,0.0,0.0,0.0,2.0,61.0,267.1666666666667
2291,22,628,1811.3,1.0,6.0,15.1,3.0,45.0,205.78333333333336,1.0,32.0,147.73333333333332,4.0,17.0,64.33333333333333,1.0,21.0,63.0,0.0,0.0,0.0,2.0,11.0,27.9,0.0,0.0,0.0,0.0,0.0,0.0,0.0,0.0,0.0,2.0,18.0,45.8,1.0,101.0,190.21666666666667,1.0,2.0,3.3666666666666667,0.0,0.0,0.0,4.0,203.0,508.1333333333333,0.0,0.0,0.0,0.0,0.0,0.0,2.0,172.0,539.9333333333334
2292,14,348,904.2333333333333,3.0,10.0,40.18333333333333,1.0,7.0,15.283333333333331,0.0,0.0,0.0,3.0,14.0,75.73333333333332,0.0,0.0,0.0,1.0,86.0,160.53333333333333,0.0,0.0,0.0,1.0,20.0,15.0,0.0,0.0,0.0,0.0,0.0,0.0,0.0,0.0,0.0,2.0,128.0,411.25000000000006,0.0,0.0,0.0,1.0,13.0,19.5,1.0,45.0,123.0,0.0,0.0,0.0,0.0,0.0,0.0,1.0,25.0,43.75
2293,13,389,1541.3166666666666,3.0,14.0,48.516666666666666,0.0,0.0,0.0,0.0,0.0,0.0,2.0,11.0,37.766666666666666,1.0,22.0,110.0,0.0,0.0,0.0,0.0,0.0,0.0,0.0,0.0,0.0,0.0,0.0,0.0,0.0,0.0,0.0,3.0,55.0,314.01666666666665,2.0,206.0,640.8333333333333,0.0,0.0,0.0,0.0,0.0,0.0,0.0,0.0,0.0,0.0,0.0,0.0,1.0,19.0,83.28333333333335,1.0,62.0,306.90000000000003
2294,32,955,3390.7,1.0,6.0,9.200000000000001,1.0,22.0,8.8,1.0,115.0,318.1666666666667,5.0,27.0,101.81666666666666,5.0,33.0,145.0,0.0,0.0,0.0,0.0,0.0,0.0,2.0,32.0,146.66666666666666,0.0,0.0,0.0,1.0,3.0,18.1,2.0,26.0,59.2,3.0,116.0,470.3333333333333,1.0,7.0,45.96666666666667,3.0,48.0,49.7,5.0,457.0,1918.6166666666668,0.0,0.0,0.0,1.0,17.0,75.36666666666667,1.0,46.0,23.76666666666667
2295,23,796,3157.75,1.0,1.0,1.4833333333333334,2.0,30.0,149.88333333333333,1.0,71.0,433.09999999999997,4.0,24.0,89.6,2.0,24.0,113.6,0.0,0.0,0.0,0.0,0.0,0.0,1.0,7.0,14.233333333333333,0.0,0.0,0.0,0.0,0.0,0.0,2.0,30.0,52.900000000000006,4.0,368.0,1132.4499999999998,0.0,0.0,0.0,4.0,60.0,187.06666666666666,2.0,181.0,983.4333333333334,0.0,0.0,0.0,0.0,0.0,0.0,0.0,0.0,0.0
2296,16,519,1535.45,0.0,0.0,0.0,0.0,0.0,0.0,0.0,0.0,0.0,2.0,3.0,11.75,2.0,31.0,60.63333333333333,0.0,0.0,0.0,1.0,2.0,2.066666666666667,0.0,0.0,0.0,0.0,0.0,0.0,0.0,0.0,0.0,2.0,25.0,91.38333333333333,3.0,256.0,847.4333333333333,0.0,0.0,0.0,2.0,22.0,111.26666666666667,0.0,0.0,0.0,0.0,0.0,0.0,1.0,7.0,31.266666666666666,3.0,173.0,379.65
2297,32,1194,3233.2,5.0,24.0,86.94999999999999,2.0,20.0,34.16666666666667,0.0,0.0,0.0,3.0,7.0,24.833333333333332,1.0,14.0,21.933333333333334,0.0,0.0,0.0,2.0,8.0,27.0,0.0,0.0,0.0,2.0,100.0,227.33333333333334,0.0,0.0,0.0,3.0,56.0,62.31666666666666,4.0,388.0,1175.5,1.0,2.0,11.266666666666667,0.0,0.0,0.0,3.0,224.0,246.2,0.0,0.0,0.0,2.0,17.0,29.516666666666666,4.0,334.0,1286.1833333333334
2298,17,255,589.6833333333333,1.0,2.0,7.266666666666667,0.0,0.0,0.0,0.0,0.0,0.0,4.0,17.0,96.65,1.0,6.0,10.0,0.0,0.0,0.0,2.0,5.0,22.866666666666667,2.0,36.0,49.3,0.0,0.0,0.0,0.0,0.0,0.0,1.0,9.0,6.3,3.0,127.0,163.33333333333331,0.0,0.0,0.0,0.0,0.0,0.0,1.0,40.0,198.0,0.0,0.0,0.0,2.0,13.0,35.96666666666667,0.0,0.0,0.0
2299,21,651,2645.766666666667,4.0,14.0,71.93333333333332,2.0,42.0,173.46666666666667,2.0,145.0,388.51666666666665,2.0,6.0,6.6,0.0,0.0,0.0,0.0,0.0,0.0,0.0,0.0,0.0,1.0,9.0,28.5,0.0,0.0,0.0,0.0,0.0,0.0,2.0,19.0,10.833333333333334,2.0,185.0,796.7333333333333,0.0,0.0,0.0,2.0,26.0,113.3,3.0,195.0,1005.05,0.0,0.0,0.0,1.0,10.0,50.83333333333333,0.0,0.0,0.0
2300,22,697,2730.85,2.0,5.0,22.616666666666667,3.0,44.0,172.66666666666666,0.0,0.0,0.0,0.0,0.0,0.0,1.0,20.0,91.66666666666666,0.0,0.0,0.0,3.0,7.0,20.566666666666666,3.0,43.0,162.83333333333331,1.0,73.0,441.65,0.0,0.0,0.0,2.0,18.0,28.933333333333334,0.0,0.0,0.0,0.0,0.0,0.0,0.0,0.0,0.0,0.0,0.0,0.0,1.0,1.0,2.033333333333333,2.0,34.0,78.93333333333334,4.0,452.0,1708.95
2301,24,649,2054.916666666667,4.0,24.0,66.18333333333334,3.0,44.0,179.91666666666666,0.0,0.0,0.0,2.0,9.0,27.0,1.0,16.0,58.93333333333333,1.0,48.0,128.79999999999998,2.0,7.0,24.55,0.0,0.0,0.0,0.0,0.0,0.0,0.0,0.0,0.0,1.0,5.0,33.25,4.0,269.0,494.46666666666664,0.0,0.0,0.0,0.0,0.0,0.0,1.0,36.0,214.20000000000002,1.0,3.0,0.5,1.0,7.0,29.866666666666667,3.0,181.0,797.25
2302,20,317,1265.0,6.0,30.0,108.08333333333333,0.0,0.0,0.0,0.0,0.0,0.0,1.0,6.0,27.299999999999997,1.0,5.0,29.5,0.0,0.0,0.0,2.0,4.0,14.666666666666666,2.0,9.0,26.05,1.0,123.0,678.55,0.0,0.0,0.0,3.0,39.0,88.26666666666667,0.0,0.0,0.0,0.0,0.0,0.0,0.0,0.0,0.0,1.0,36.0,166.8,1.0,4.0,25.866666666666667,1.0,19.0,38.31666666666666,1.0,42.0,61.599999999999994
2303,16,436,1084.2166666666667,2.0,4.0,4.1,0.0,0.0,0.0,0.0,0.0,0.0,0.0,0.0,0.0,1.0,11.0,3.4833333333333334,1.0,40.0,198.66666666666669,4.0,15.0,78.98333333333333,0.0,0.0,0.0,0.0,0.0,0.0,0.0,0.0,0.0,0.0,0.0,0.0,4.0,221.0,601.4333333333334,1.0,2.0,3.2,0.0,0.0,0.0,1.0,107.0,65.98333333333333,0.0,0.0,0.0,2.0,36.0,128.36666666666665,0.0,0.0,0.0
2304,16,332,1049.7833333333333,4.0,13.0,40.2,0.0,0.0,0.0,0.0,0.0,0.0,4.0,18.0,55.38333333333333,1.0,4.0,9.0,0.0,0.0,0.0,1.0,6.0,34.4,1.0,18.0,66.60000000000001,1.0,61.0,355.8333333333333,0.0,0.0,0.0,1.0,20.0,74.0,3.0,192.0,414.3666666666667,0.0,0.0,0.0,0.0,0.0,0.0,0.0,0.0,0.0,0.0,0.0,0.0,0.0,0.0,0.0,0.0,0.0,0.0
2305,21,718,1718.2833333333335,2.0,9.0,27.06666666666667,1.0,14.0,48.53333333333333,0.0,0.0,0.0,5.0,24.0,128.08333333333334,2.0,21.0,72.25,2.0,156.0,139.38333333333333,2.0,10.0,49.800000000000004,0.0,0.0,0.0,0.0,0.0,0.0,0.0,0.0,0.0,1.0,19.0,116.53333333333335,3.0,265.0,335.95,0.0,0.0,0.0,0.0,0.0,0.0,2.0,182.0,716.6833333333334,0.0,0.0,0.0,1.0,18.0,84.0,0.0,0.0,0.0
2306,28,790,3078.1833333333334,3.0,12.0,53.36666666666667,1.0,12.0,37.2,1.0,68.0,149.60000000000002,3.0,11.0,16.333333333333332,2.0,21.0,73.38333333333333,0.0,0.0,0.0,0.0,0.0,0.0,1.0,7.0,33.949999999999996,0.0,0.0,0.0,0.0,0.0,0.0,4.0,55.0,214.76666666666665,3.0,203.0,1233.5666666666666,1.0,2.0,1.3666666666666667,2.0,11.0,49.900000000000006,3.0,332.0,975.6166666666666,0.0,0.0,0.0,4.0,56.0,239.13333333333333,0.0,0.0,0.0
2307,22,576,1984.9666666666667,1.0,3.0,6.200000000000001,1.0,14.0,44.800000000000004,1.0,111.0,48.1,3.0,10.0,32.666666666666664,2.0,18.0,49.96666666666667,0.0,0.0,0.0,2.0,9.0,39.9,1.0,21.0,133.0,0.0,0.0,0.0,0.0,0.0,0.0,5.0,63.0,247.08333333333334,3.0,129.0,651.75,0.0,0.0,0.0,0.0,0.0,0.0,1.0,39.0,226.85,0.0,0.0,0.0,0.0,0.0,0.0,2.0,159.0,504.65
2308,28,1114,3743.15,0.0,0.0,0.0,0.0,0.0,0.0,0.0,0.0,0.0,4.0,14.0,44.53333333333333,2.0,11.0,46.083333333333336,0.0,0.0,0.0,3.0,13.0,40.31666666666666,1.0,23.0,140.29999999999998,0.0,0.0,0.0,0.0,0.0,0.0,2.0,29.0,64.73333333333333,9.0,599.0,1913.6666666666667,0.0,0.0,0.0,3.0,47.0,112.65,2.0,219.0,845.2166666666667,0.0,0.0,0.0,0.0,0.0,0.0,2.0,159.0,535.65
2309,22,573,2680.3166666666666,2.0,7.0,18.616666666666667,2.0,26.0,117.43333333333334,0.0,0.0,0.0,2.0,3.0,8.8,2.0,38.0,166.23333333333335,0.0,0.0,0.0,2.0,6.0,20.2,0.0,0.0,0.0,0.0,0.0,0.0,0.0,0.0,0.0,2.0,26.0,82.2,1.0,36.0,107.4,1.0,4.0,17.0,2.0,29.0,57.85000000000001,0.0,0.0,0.0,0.0,0.0,0.0,2.0,38.0,169.36666666666667,4.0,360.0,1915.2166666666667
2310,13,336,1123.2166666666667,2.0,11.0,31.716666666666672,0.0,0.0,0.0,1.0,48.0,89.6,2.0,10.0,52.4,0.0,0.0,0.0,0.0,0.0,0.0,0.0,0.0,0.0,1.0,9.0,5.3999999999999995,1.0,47.0,184.08333333333331,0.0,0.0,0.0,0.0,0.0,0.0,0.0,0.0,0.0,0.0,0.0,0.0,2.0,24.0,40.98333333333333,1.0,28.0,47.13333333333333,0.0,0.0,0.0,1.0,19.0,90.56666666666666,2.0,140.0,581.3333333333334
2311,12,356,1179.4666666666667,0.0,0.0,0.0,1.0,14.0,54.83333333333333,0.0,0.0,0.0,1.0,3.0,17.650000000000002,1.0,14.0,77.7,0.0,0.0,0.0,1.0,4.0,11.2,0.0,0.0,0.0,0.0,0.0,0.0,0.0,0.0,0.0,2.0,17.0,63.93333333333334,1.0,27.0,80.10000000000001,0.0,0.0,0.0,0.0,0.0,0.0,2.0,193.0,400.84999999999997,2.0,8.0,31.133333333333333,0.0,0.0,0.0,1.0,76.0,442.06666666666666
2312,22,630,2586.45,4.0,20.0,86.64999999999999,1.0,11.0,72.96666666666667,1.0,26.0,140.83333333333334,2.0,10.0,35.25000000000001,3.0,20.0,50.46666666666667,1.0,113.0,241.06666666666666,2.0,12.0,22.266666666666666,2.0,34.0,116.60000000000001,0.0,0.0,0.0,0.0,0.0,0.0,2.0,20.0,46.91666666666667,2.0,152.0,570.9666666666667,0.0,0.0,0.0,0.0,0.0,0.0,0.0,0.0,0.0,0.0,0.0,0.0,0.0,0.0,0.0,2.0,212.0,1202.4666666666667
2313,12,349,1109.7,3.0,19.0,73.61666666666667,0.0,0.0,0.0,0.0,0.0,0.0,1.0,5.0,28.75,0.0,0.0,0.0,0.0,0.0,0.0,1.0,3.0,18.349999999999998,1.0,15.0,73.75,0.0,0.0,0.0,1.0,3.0,17.9,0.0,0.0,0.0,1.0,102.0,171.7,0.0,0.0,0.0,2.0,26.0,152.53333333333333,0.0,0.0,0.0,0.0,0.0,0.0,0.0,0.0,0.0,2.0,176.0,573.1
2314,23,1095,4234.533333333334,1.0,5.0,13.583333333333334,0.0,0.0,0.0,0.0,0.0,0.0,2.0,5.0,13.616666666666667,3.0,29.0,123.16666666666667,1.0,17.0,85.28333333333333,1.0,3.0,18.05,0.0,0.0,0.0,0.0,0.0,0.0,0.0,0.0,0.0,0.0,0.0,0.0,7.0,569.0,2211.7166666666667,0.0,0.0,0.0,1.0,17.0,79.9,1.0,44.0,239.8,0.0,0.0,0.0,1.0,13.0,4.55,5.0,393.0,1444.8666666666668
2315,24,746,2392.5833333333335,3.0,12.0,23.483333333333334,0.0,0.0,0.0,0.0,0.0,0.0,3.0,10.0,40.56666666666666,2.0,26.0,145.5,0.0,0.0,0.0,0.0,0.0,0.0,1.0,6.0,35.9,0.0,0.0,0.0,0.0,0.0,0.0,3.0,63.0,119.51666666666667,4.0,296.0,852.9166666666667,0.0,0.0,0.0,1.0,8.0,32.266666666666666,3.0,105.0,324.81666666666666,0.0,0.0,0.0,2.0,32.0,126.06666666666666,2.0,188.0,691.55
2316,19,404,1051.2,1.0,3.0,2.1999999999999997,1.0,14.0,36.4,0.0,0.0,0.0,2.0,11.0,36.86666666666666,1.0,9.0,17.85,0.0,0.0,0.0,1.0,6.0,9.899999999999999,3.0,44.0,176.56666666666666,0.0,0.0,0.0,1.0,5.0,26.75,0.0,0.0,0.0,1.0,97.0,85.68333333333334,0.0,0.0,0.0,2.0,33.0,162.73333333333335,2.0,132.0,247.55,1.0,4.0,21.933333333333334,2.0,22.0,76.76666666666667,1.0,24.0,150.0
2317,21,807,3468.166666666667,3.0,13.0,77.16666666666666,0.0,0.0,0.0,0.0,0.0,0.0,1.0,3.0,14.549999999999999,1.0,4.0,2.6666666666666665,4.0,259.0,1009.3666666666667,4.0,17.0,78.8,1.0,11.0,67.83333333333334,0.0,0.0,0.0,0.0,0.0,0.0,1.0,15.0,73.5,3.0,263.0,763.1000000000001,0.0,0.0,0.0,0.0,0.0,0.0,0.0,0.0,0.0,0.0,0.0,0.0,1.0,11.0,11.55,2.0,211.0,1369.6333333333334
2318,18,591,1875.5166666666667,1.0,7.0,32.08333333333333,0.0,0.0,0.0,1.0,42.0,112.0,2.0,10.0,33.0,0.0,0.0,0.0,1.0,75.0,470.0,1.0,4.0,4.533333333333333,1.0,16.0,88.0,0.0,0.0,0.0,0.0,0.0,0.0,2.0,30.0,70.9,0.0,0.0,0.0,1.0,7.0,20.883333333333333,1.0,21.0,23.8,2.0,133.0,684.9166666666666,0.0,0.0,0.0,3.0,44.0,188.93333333333334,2.0,202.0,146.46666666666667
2319,21,797,2794.8999999999996,2.0,13.0,20.666666666666664,1.0,10.0,3.0,1.0,25.0,53.75,3.0,11.0,54.88333333333333,0.0,0.0,0.0,0.0,0.0,0.0,1.0,4.0,26.2,1.0,18.0,119.1,0.0,0.0,0.0,0.0,0.0,0.0,0.0,0.0,0.0,4.0,294.0,942.3666666666666,0.0,0.0,0.0,2.0,33.0,49.75,1.0,86.0,392.7333333333333,0.0,0.0,0.0,1.0,4.0,13.6,4.0,299.0,1118.85
2320,14,636,2283.7,1.0,6.0,8.5,1.0,18.0,110.4,1.0,63.0,296.1,3.0,13.0,29.1,0.0,0.0,0.0,0.0,0.0,0.0,0.0,0.0,0.0,1.0,19.0,54.15,0.0,0.0,0.0,0.0,0.0,0.0,0.0,0.0,0.0,3.0,223.0,1158.4833333333333,0.0,0.0,0.0,0.0,0.0,0.0,3.0,277.0,538.85,0.0,0.0,0.0,0.0,0.0,0.0,1.0,17.0,88.11666666666667
2321,18,622,1848.4666666666667,3.0,14.0,40.76666666666666,2.0,36.0,94.5,0.0,0.0,0.0,2.0,7.0,15.566666666666666,0.0,0.0,0.0,1.0,54.0,178.2,3.0,6.0,17.45,0.0,0.0,0.0,0.0,0.0,0.0,0.0,0.0,0.0,0.0,0.0,0.0,2.0,247.0,412.23333333333335,0.0,0.0,0.0,0.0,0.0,0.0,1.0,89.0,344.1333333333333,0.0,0.0,0.0,2.0,9.0,34.55,2.0,160.0,711.0666666666667
2322,18,451,1470.9333333333334,1.0,6.0,14.5,0.0,0.0,0.0,0.0,0.0,0.0,2.0,11.0,65.18333333333334,2.0,41.0,69.91666666666666,1.0,54.0,53.099999999999994,1.0,3.0,6.35,1.0,9.0,28.5,0.0,0.0,0.0,1.0,3.0,12.149999999999999,0.0,0.0,0.0,3.0,130.0,423.8333333333333,0.0,0.0,0.0,0.0,0.0,0.0,2.0,159.0,738.9,2.0,12.0,32.5,2.0,23.0,26.0,0.0,0.0,0.0
2323,20,397,1847.5666666666666,1.0,3.0,11.399999999999999,0.0,0.0,0.0,0.0,0.0,0.0,2.0,10.0,55.21666666666666,3.0,27.0,134.88333333333333,0.0,0.0,0.0,1.0,5.0,21.583333333333332,3.0,40.0,176.26666666666665,0.0,0.0,0.0,1.0,2.0,0.6333333333333333,4.0,33.0,55.099999999999994,0.0,0.0,0.0,0.0,0.0,0.0,2.0,26.0,118.41666666666667,1.0,85.0,524.1666666666667,0.0,0.0,0.0,0.0,0.0,0.0,2.0,166.0,749.9
2324,18,438,1949.6,7.0,20.0,57.666666666666664,2.0,29.0,118.23333333333332,0.0,0.0,0.0,0.0,0.0,0.0,3.0,41.0,168.63333333333333,0.0,0.0,0.0,1.0,2.0,2.1666666666666665,0.0,0.0,0.0,0.0,0.0,0.0,1.0,1.0,0.9166666666666666,0.0,0.0,0.0,1.0,112.0,356.5333333333333,0.0,0.0,0.0,0.0,0.0,0.0,0.0,0.0,0.0,0.0,0.0,0.0,0.0,0.0,0.0,3.0,233.0,1245.4499999999998
2325,23,331,1299.95,2.0,10.0,39.666666666666664,2.0,37.0,132.6,0.0,0.0,0.0,2.0,10.0,24.75,2.0,12.0,31.283333333333335,0.0,0.0,0.0,4.0,20.0,84.9,1.0,15.0,74.25,0.0,0.0,0.0,0.0,0.0,0.0,3.0,36.0,65.0,1.0,61.0,310.0833333333333,0.0,0.0,0.0,1.0,10.0,49.16666666666667,1.0,92.0,369.5333333333333,1.0,2.0,6.7,3.0,26.0,112.01666666666667,0.0,0.0,0.0
2326,21,786,3582.0499999999997,2.0,11.0,12.366666666666667,2.0,35.0,52.38333333333333,0.0,0.0,0.0,1.0,6.0,14.700000000000001,4.0,37.0,185.45,0.0,0.0,0.0,1.0,2.0,10.4,1.0,17.0,17.0,0.0,0.0,0.0,0.0,0.0,0.0,2.0,28.0,136.8,4.0,356.0,1897.55,0.0,0.0,0.0,1.0,9.0,21.45,1.0,114.0,583.3,0.0,0.0,0.0,0.0,0.0,0.0,2.0,171.0,650.6500000000001
2327,24,782,2649.7833333333333,2.0,8.0,40.5,7.0,106.0,340.8833333333333,0.0,0.0,0.0,1.0,3.0,3.7,0.0,0.0,0.0,0.0,0.0,0.0,1.0,1.0,1.95,0.0,0.0,0.0,1.0,42.0,72.8,0.0,0.0,0.0,4.0,42.0,168.85,4.0,328.0,961.4333333333333,0.0,0.0,0.0,0.0,0.0,0.0,2.0,160.0,629.3333333333333,0.0,0.0,0.0,1.0,19.0,114.0,1.0,73.0,316.3333333333333
2328,23,836,3616.25,5.0,18.0,54.96666666666667,0.0,0.0,0.0,0.0,0.0,0.0,2.0,4.0,18.383333333333333,1.0,18.0,94.8,2.0,114.0,718.2333333333333,2.0,10.0,39.6,0.0,0.0,0.0,0.0,0.0,0.0,0.0,0.0,0.0,2.0,26.0,100.75,5.0,415.0,2079.0,0.0,0.0,0.0,1.0,7.0,33.016666666666666,1.0,37.0,28.983333333333334,0.0,0.0,0.0,0.0,0.0,0.0,2.0,187.0,448.51666666666665
2329,22,366,1693.6166666666668,5.0,19.0,76.46666666666667,1.0,8.0,44.93333333333333,0.0,0.0,0.0,2.0,3.0,6.366666666666667,2.0,20.0,99.86666666666666,0.0,0.0,0.0,1.0,2.0,6.166666666666667,1.0,22.0,80.66666666666666,0.0,0.0,0.0,0.0,0.0,0.0,2.0,21.0,87.1,3.0,165.0,896.2666666666667,0.0,0.0,0.0,1.0,20.0,64.66666666666667,2.0,51.0,206.26666666666668,0.0,0.0,0.0,2.0,35.0,124.85,0.0,0.0,0.0
2330,16,671,2083.7999999999997,1.0,7.0,27.53333333333333,1.0,15.0,6.75,0.0,0.0,0.0,2.0,12.0,28.9,1.0,14.0,65.10000000000001,1.0,79.0,196.18333333333334,0.0,0.0,0.0,1.0,14.0,42.233333333333334,2.0,223.0,912.8833333333332,0.0,0.0,0.0,1.0,7.0,24.266666666666666,1.0,110.0,423.5,0.0,0.0,0.0,1.0,18.0,14.7,3.0,127.0,287.75,0.0,0.0,0.0,0.0,0.0,0.0,1.0,45.0,54.0
2331,18,372,1272.1833333333334,4.0,18.0,63.383333333333326,2.0,15.0,32.833333333333336,0.0,0.0,0.0,1.0,7.0,1.1666666666666665,2.0,17.0,100.21666666666668,0.0,0.0,0.0,2.0,8.0,41.08333333333333,1.0,19.0,105.76666666666667,0.0,0.0,0.0,0.0,0.0,0.0,2.0,23.0,76.51666666666668,1.0,75.0,368.75,1.0,4.0,5.6,0.0,0.0,0.0,1.0,116.0,458.20000000000005,0.0,0.0,0.0,0.0,0.0,0.0,1.0,70.0,18.666666666666668
2332,23,616,2645.0666666666666,5.0,15.0,31.53333333333333,3.0,44.0,171.06666666666666,0.0,0.0,0.0,0.0,0.0,0.0,3.0,46.0,126.1,1.0,106.0,517.6333333333333,1.0,2.0,1.2666666666666666,0.0,0.0,0.0,1.0,76.0,192.53333333333333,1.0,7.0,17.150000000000002,3.0,40.0,127.36666666666667,1.0,34.0,184.73333333333335,0.0,0.0,0.0,2.0,25.0,135.15,1.0,123.0,516.6,0.0,0.0,0.0,0.0,0.0,0.0,1.0,98.0,623.9333333333333
2333,11,320,666.2,2.0,9.0,51.2,0.0,0.0,0.0,0.0,0.0,0.0,0.0,0.0,0.0,1.0,10.0,56.0,0.0,0.0,0.0,2.0,3.0,11.766666666666666,2.0,16.0,46.233333333333334,0.0,0.0,0.0,0.0,0.0,0.0,0.0,0.0,0.0,0.0,0.0,0.0,0.0,0.0,0.0,1.0,20.0,93.0,1.0,86.0,194.93333333333334,0.0,0.0,0.0,0.0,0.0,0.0,2.0,176.0,213.06666666666666
2334,14,371,1219.75,1.0,4.0,16.0,1.0,12.0,12.2,0.0,0.0,0.0,3.0,13.0,34.60000000000001,0.0,0.0,0.0,0.0,0.0,0.0,1.0,3.0,1.7999999999999998,0.0,0.0,0.0,0.0,0.0,0.0,0.0,0.0,0.0,2.0,14.0,51.0,1.0,112.0,225.86666666666667,0.0,0.0,0.0,2.0,24.0,50.56666666666666,1.0,110.0,397.8333333333333,0.0,0.0,0.0,1.0,20.0,108.33333333333334,1.0,59.0,321.55
2335,21,474,1038.7666666666667,3.0,9.0,15.133333333333331,3.0,44.0,118.85,1.0,105.0,203.0,2.0,5.0,5.983333333333333,2.0,30.0,157.8,2.0,140.0,296.5,1.0,2.0,5.733333333333333,0.0,0.0,0.0,1.0,24.0,30.0,0.0,0.0,0.0,0.0,0.0,0.0,1.0,50.0,30.0,0.0,0.0,0.0,3.0,37.0,60.5,0.0,0.0,0.0,0.0,0.0,0.0,2.0,28.0,115.26666666666667,0.0,0.0,0.0
2336,26,660,2089.5166666666664,3.0,9.0,31.8,1.0,5.0,15.25,2.0,163.0,590.2166666666666,2.0,10.0,34.13333333333334,2.0,42.0,88.19999999999999,0.0,0.0,0.0,2.0,9.0,25.016666666666666,2.0,25.0,123.19999999999999,0.0,0.0,0.0,0.0,0.0,0.0,2.0,27.0,76.65,4.0,168.0,570.6166666666667,0.0,0.0,0.0,3.0,24.0,40.03333333333333,1.0,124.0,307.93333333333334,0.0,0.0,0.0,1.0,22.0,5.133333333333334,1.0,32.0,181.33333333333334
2337,27,568,1867.2,3.0,9.0,36.11666666666667,2.0,17.0,51.33333333333333,1.0,123.0,297.25,3.0,11.0,59.45,0.0,0.0,0.0,0.0,0.0,0.0,5.0,18.0,64.68333333333334,3.0,43.0,207.88333333333333,0.0,0.0,0.0,1.0,5.0,20.75,1.0,4.0,9.8,0.0,0.0,0.0,0.0,0.0,0.0,1.0,7.0,32.08333333333333,4.0,158.0,593.4166666666667,0.0,0.0,0.0,0.0,0.0,0.0,3.0,173.0,494.4333333333334
2338,23,560,1701.0166666666667,4.0,23.0,49.15,1.0,23.0,146.04999999999998,1.0,44.0,206.8,4.0,16.0,42.16666666666667,1.0,18.0,34.5,0.0,0.0,0.0,4.0,17.0,47.166666666666664,1.0,14.0,7.466666666666667,1.0,50.0,266.66666666666663,0.0,0.0,0.0,0.0,0.0,0.0,2.0,142.0,160.36666666666667,0.0,0.0,0.0,0.0,0.0,0.0,1.0,63.0,257.25,0.0,0.0,0.0,2.0,33.0,95.38333333333334,1.0,117.0,388.05
2339,27,743,2433.9666666666667,2.0,4.0,12.7,4.0,47.0,203.85,2.0,212.0,325.4,2.0,4.0,4.449999999999999,2.0,16.0,42.18333333333334,1.0,40.0,179.33333333333334,2.0,11.0,13.95,2.0,28.0,137.73333333333335,0.0,0.0,0.0,0.0,0.0,0.0,3.0,56.0,193.45,5.0,289.0,1193.1166666666668,0.0,0.0,0.0,1.0,18.0,75.9,1.0,18.0,51.9,0.0,0.0,0.0,0.0,0.0,0.0,0.0,0.0,0.0
2340,29,1081,3576.633333333333,3.0,8.0,23.26666666666667,2.0,18.0,98.76666666666667,1.0,114.0,228.0,3.0,12.0,32.266666666666666,5.0,50.0,198.0,1.0,23.0,76.66666666666667,0.0,0.0,0.0,1.0,8.0,40.4,1.0,29.0,159.5,1.0,5.0,4.916666666666666,2.0,32.0,145.73333333333335,3.0,275.0,659.0833333333333,0.0,0.0,0.0,0.0,0.0,0.0,3.0,277.0,898.9666666666667,0.0,0.0,0.0,0.0,0.0,0.0,3.0,230.0,1011.0666666666666
2341,27,741,2402.5166666666664,3.0,12.0,33.36666666666667,2.0,32.0,102.26666666666665,0.0,0.0,0.0,1.0,4.0,7.533333333333333,3.0,31.0,100.43333333333332,0.0,0.0,0.0,7.0,26.0,96.5,1.0,15.0,10.0,1.0,69.0,182.85,0.0,0.0,0.0,2.0,22.0,118.96666666666667,3.0,313.0,1123.0333333333333,0.0,0.0,0.0,0.0,0.0,0.0,0.0,0.0,0.0,0.0,0.0,0.0,2.0,26.0,142.43333333333334,2.0,191.0,485.1333333333333
2342,21,537,2160.0,2.0,10.0,26.333333333333336,3.0,43.0,84.75,0.0,0.0,0.0,1.0,2.0,7.766666666666667,1.0,15.0,21.25,1.0,77.0,154.0,5.0,21.0,90.14999999999999,0.0,0.0,0.0,1.0,69.0,207.0,1.0,1.0,0.43333333333333335,0.0,0.0,0.0,1.0,39.0,216.45,1.0,3.0,7.3500000000000005,0.0,0.0,0.0,0.0,0.0,0.0,0.0,0.0,0.0,1.0,23.0,29.51666666666667,3.0,234.0,1315.0
2343,19,541,2144.233333333333,2.0,6.0,16.683333333333334,2.0,30.0,63.599999999999994,0.0,0.0,0.0,1.0,4.0,26.133333333333333,1.0,11.0,13.2,0.0,0.0,0.0,2.0,8.0,32.5,1.0,21.0,118.65,1.0,41.0,26.650000000000002,0.0,0.0,0.0,1.0,23.0,101.96666666666667,5.0,349.0,1637.65,0.0,0.0,0.0,1.0,20.0,15.666666666666666,0.0,0.0,0.0,0.0,0.0,0.0,2.0,28.0,91.53333333333333,0.0,0.0,0.0
2344,24,818,2036.9833333333333,3.0,11.0,47.0,1.0,21.0,135.8,1.0,102.0,239.70000000000002,0.0,0.0,0.0,3.0,26.0,55.10000000000001,2.0,127.0,516.8666666666667,4.0,14.0,39.733333333333334,0.0,0.0,0.0,0.0,0.0,0.0,0.0,0.0,0.0,1.0,9.0,27.900000000000002,2.0,106.0,198.8,0.0,0.0,0.0,0.0,0.0,0.0,2.0,243.0,197.3,0.0,0.0,0.0,3.0,34.0,91.91666666666666,2.0,125.0,486.8666666666667
2345,33,716,2938.116666666667,5.0,26.0,79.88333333333333,1.0,22.0,96.80000000000001,0.0,0.0,0.0,6.0,19.0,59.766666666666666,0.0,0.0,0.0,0.0,0.0,0.0,4.0,16.0,74.91666666666667,2.0,29.0,118.9,0.0,0.0,0.0,0.0,0.0,0.0,3.0,40.0,147.06666666666666,4.0,265.0,982.2833333333333,0.0,0.0,0.0,1.0,16.0,29.333333333333332,1.0,68.0,282.20000000000005,0.0,0.0,0.0,4.0,42.0,173.51666666666665,2.0,173.0,893.45
2346,19,562,1641.6,1.0,4.0,5.133333333333334,1.0,18.0,35.4,0.0,0.0,0.0,1.0,1.0,4.1,2.0,28.0,68.13333333333334,2.0,210.0,375.70000000000005,1.0,2.0,11.833333333333334,1.0,16.0,91.2,0.0,0.0,0.0,0.0,0.0,0.0,1.0,18.0,107.4,2.0,83.0,232.91666666666669,1.0,5.0,33.25,3.0,48.0,141.78333333333333,1.0,41.0,265.81666666666666,0.0,0.0,0.0,1.0,8.0,6.266666666666667,1.0,80.0,262.66666666666663
2347,18,411,1770.0666666666666,2.0,7.0,4.05,1.0,5.0,31.25,0.0,0.0,0.0,1.0,7.0,18.55,0.0,0.0,0.0,0.0,0.0,0.0,1.0,3.0,12.85,2.0,11.0,62.81666666666666,0.0,0.0,0.0,0.0,0.0,0.0,3.0,53.0,233.2,0.0,0.0,0.0,0.0,0.0,0.0,0.0,0.0,0.0,4.0,270.0,1198.9666666666667,0.0,0.0,0.0,3.0,29.0,136.88333333333333,1.0,26.0,71.5
2348,23,654,1891.9333333333334,2.0,9.0,38.93333333333334,0.0,0.0,0.0,0.0,0.0,0.0,2.0,10.0,36.166666666666664,2.0,25.0,117.31666666666666,1.0,68.0,147.33333333333331,3.0,7.0,13.733333333333334,1.0,20.0,57.666666666666664,0.0,0.0,0.0,0.0,0.0,0.0,2.0,31.0,18.2,1.0,26.0,12.133333333333333,0.0,0.0,0.0,1.0,21.0,139.3,3.0,156.0,514.1,0.0,0.0,0.0,2.0,11.0,38.43333333333334,3.0,270.0,758.6166666666667
2349,22,531,2364.7666666666664,4.0,19.0,62.41666666666667,2.0,37.0,120.86666666666667,0.0,0.0,0.0,1.0,7.0,36.75,1.0,11.0,48.400000000000006,0.0,0.0,0.0,2.0,6.0,14.366666666666667,1.0,14.0,75.13333333333333,2.0,93.0,439.25,0.0,0.0,0.0,1.0,11.0,38.13333333333333,2.0,156.0,782.0,1.0,1.0,2.45,0.0,0.0,0.0,3.0,137.0,549.0166666666667,0.0,0.0,0.0,1.0,4.0,1.7333333333333334,1.0,35.0,194.25
2350,29,1308,5503.266666666666,2.0,7.0,30.78333333333333,2.0,28.0,99.06666666666666,1.0,103.0,657.4833333333333,3.0,13.0,56.46666666666667,1.0,5.0,11.166666666666668,0.0,0.0,0.0,1.0,3.0,7.050000000000001,2.0,16.0,98.66666666666667,1.0,66.0,67.1,0.0,0.0,0.0,1.0,12.0,14.399999999999999,7.0,460.0,1899.9,0.0,0.0,0.0,2.0,27.0,145.85,3.0,356.0,1374.9333333333334,0.0,0.0,0.0,0.0,0.0,0.0,3.0,212.0,1040.4
2351,25,720,2353.7833333333333,2.0,10.0,28.733333333333334,0.0,0.0,0.0,0.0,0.0,0.0,2.0,9.0,23.433333333333334,2.0,24.0,130.20000000000002,0.0,0.0,0.0,3.0,16.0,37.13333333333333,3.0,32.0,40.13333333333333,0.0,0.0,0.0,1.0,6.0,20.0,2.0,22.0,118.98333333333333,3.0,149.0,617.4333333333334,0.0,0.0,0.0,1.0,17.0,102.28333333333333,4.0,295.0,1015.0666666666666,0.0,0.0,0.0,1.0,21.0,93.45,1.0,119.0,126.93333333333334
2352,18,519,2064.5833333333335,5.0,14.0,36.16666666666667,1.0,9.0,18.900000000000002,0.0,0.0,0.0,0.0,0.0,0.0,2.0,26.0,122.93333333333332,0.0,0.0,0.0,3.0,12.0,27.633333333333333,1.0,4.0,1.6666666666666667,0.0,0.0,0.0,0.0,0.0,0.0,2.0,39.0,187.86666666666667,2.0,168.0,636.7166666666666,0.0,0.0,0.0,0.0,0.0,0.0,1.0,120.0,766.0,0.0,0.0,0.0,0.0,0.0,0.0,1.0,127.0,266.7
2353,18,535,2041.4833333333333,1.0,2.0,10.866666666666667,1.0,22.0,107.43333333333334,0.0,0.0,0.0,1.0,3.0,9.0,0.0,0.0,0.0,0.0,0.0,0.0,1.0,4.0,8.666666666666666,1.0,19.0,10.133333333333333,1.0,44.0,56.46666666666667,0.0,0.0,0.0,4.0,72.0,244.8,3.0,188.0,957.0,0.0,0.0,0.0,0.0,0.0,0.0,1.0,43.0,185.61666666666665,0.0,0.0,0.0,3.0,50.0,191.9,1.0,88.0,259.6
2354,16,419,1091.7,2.0,8.0,26.433333333333334,1.0,4.0,16.066666666666666,0.0,0.0,0.0,1.0,7.0,17.5,3.0,33.0,92.85000000000001,0.0,0.0,0.0,1.0,4.0,15.4,2.0,26.0,17.033333333333335,0.0,0.0,0.0,0.0,0.0,0.0,1.0,16.0,14.133333333333333,3.0,194.0,354.1166666666667,0.0,0.0,0.0,0.0,0.0,0.0,1.0,96.0,440.0,0.0,0.0,0.0,0.0,0.0,0.0,1.0,31.0,98.16666666666666
2355,25,535,1877.8166666666666,1.0,2.0,4.933333333333334,3.0,62.0,123.75000000000001,0.0,0.0,0.0,6.0,20.0,65.56666666666666,1.0,21.0,57.75,0.0,0.0,0.0,3.0,14.0,58.33333333333333,2.0,22.0,81.43333333333334,0.0,0.0,0.0,0.0,0.0,0.0,3.0,35.0,132.9,3.0,139.0,592.4,0.0,0.0,0.0,0.0,0.0,0.0,0.0,0.0,0.0,0.0,0.0,0.0,0.0,0.0,0.0,3.0,220.0,760.75
2356,26,757,2030.7166666666667,3.0,13.0,51.13333333333333,1.0,17.0,34.0,1.0,95.0,34.83333333333333,3.0,9.0,46.75,1.0,21.0,119.7,0.0,0.0,0.0,5.0,27.0,65.06666666666666,0.0,0.0,0.0,0.0,0.0,0.0,0.0,0.0,0.0,1.0,15.0,15.25,1.0,53.0,20.316666666666666,0.0,0.0,0.0,1.0,4.0,11.8,2.0,58.0,151.05,0.0,0.0,0.0,2.0,20.0,49.1,5.0,425.0,1431.7166666666667
2357,24,410,1361.3833333333332,3.0,9.0,36.6,0.0,0.0,0.0,0.0,0.0,0.0,3.0,14.0,54.583333333333336,3.0,53.0,306.8666666666667,0.0,0.0,0.0,4.0,20.0,75.8,0.0,0.0,0.0,1.0,48.0,156.0,0.0,0.0,0.0,1.0,15.0,64.0,1.0,75.0,315.0,1.0,6.0,19.200000000000003,3.0,18.0,40.88333333333333,2.0,107.0,124.86666666666667,0.0,0.0,0.0,1.0,20.0,129.66666666666666,1.0,25.0,37.916666666666664
2358,23,727,2349.116666666667,1.0,3.0,13.75,2.0,21.0,108.55,0.0,0.0,0.0,1.0,3.0,5.6,0.0,0.0,0.0,1.0,47.0,13.316666666666666,3.0,14.0,38.6,1.0,7.0,18.55,0.0,0.0,0.0,3.0,12.0,26.299999999999997,1.0,5.0,10.75,3.0,291.0,863.25,0.0,0.0,0.0,2.0,36.0,118.13333333333334,3.0,237.0,979.6333333333333,0.0,0.0,0.0,1.0,14.0,23.8,1.0,37.0,128.88333333333333
2359,21,828,2991.85,2.0,5.0,28.516666666666666,0.0,0.0,0.0,0.0,0.0,0.0,2.0,9.0,46.96666666666667,3.0,52.0,121.7,0.0,0.0,0.0,2.0,3.0,10.566666666666666,2.0,34.0,95.8,0.0,0.0,0.0,0.0,0.0,0.0,1.0,23.0,41.78333333333333,2.0,179.0,816.7833333333333,0.0,0.0,0.0,0.0,0.0,0.0,3.0,193.0,739.0,0.0,0.0,0.0,0.0,0.0,0.0,4.0,330.0,1090.7333333333333
2360,25,864,2243.866666666667,2.0,8.0,14.233333333333333,2.0,12.0,58.9,0.0,0.0,0.0,2.0,4.0,3.2333333333333334,1.0,11.0,16.866666666666667,0.0,0.0,0.0,2.0,6.0,15.799999999999999,2.0,19.0,56.75,1.0,26.0,108.33333333333334,0.0,0.0,0.0,0.0,0.0,0.0,2.0,195.0,330.85,1.0,1.0,0.8,3.0,39.0,202.51666666666665,3.0,298.0,679.6666666666666,0.0,0.0,0.0,1.0,9.0,16.5,3.0,236.0,739.4166666666666
2361,25,973,3108.3,2.0,6.0,5.699999999999999,1.0,17.0,84.15,0.0,0.0,0.0,2.0,9.0,12.616666666666667,1.0,9.0,13.049999999999999,2.0,221.0,327.5,2.0,3.0,10.299999999999999,2.0,38.0,111.83333333333333,0.0,0.0,0.0,0.0,0.0,0.0,0.0,0.0,0.0,3.0,165.0,447.6,0.0,0.0,0.0,1.0,8.0,10.4,4.0,349.0,1554.3833333333334,2.0,7.0,11.433333333333334,2.0,15.0,74.13333333333334,1.0,126.0,445.2
2362,20,432,1560.75,2.0,3.0,7.733333333333333,1.0,5.0,21.833333333333332,0.0,0.0,0.0,2.0,13.0,55.150000000000006,2.0,32.0,69.31666666666666,0.0,0.0,0.0,2.0,8.0,25.933333333333334,0.0,0.0,0.0,0.0,0.0,0.0,1.0,2.0,10.433333333333334,1.0,19.0,8.866666666666667,0.0,0.0,0.0,1.0,2.0,2.566666666666667,1.0,14.0,63.699999999999996,3.0,207.0,931.7666666666667,1.0,6.0,15.899999999999999,1.0,20.0,86.33333333333333,2.0,101.0,261.2166666666667
2363,13,313,934.0,0.0,0.0,0.0,1.0,19.0,76.63333333333333,0.0,0.0,0.0,1.0,2.0,8.1,2.0,15.0,49.5,1.0,82.0,440.0666666666666,2.0,5.0,17.483333333333334,0.0,0.0,0.0,0.0,0.0,0.0,0.0,0.0,0.0,2.0,19.0,69.10000000000001,1.0,30.0,25.0,0.0,0.0,0.0,0.0,0.0,0.0,1.0,23.0,64.78333333333333,0.0,0.0,0.0,0.0,0.0,0.0,2.0,118.0,183.33333333333334
2364,20,458,1073.9333333333334,1.0,7.0,11.433333333333334,4.0,39.0,101.36666666666666,1.0,49.0,151.08333333333334,3.0,13.0,46.199999999999996,0.0,0.0,0.0,0.0,0.0,0.0,2.0,14.0,26.133333333333333,1.0,15.0,15.0,1.0,109.0,239.8,0.0,0.0,0.0,1.0,10.0,47.83333333333333,1.0,33.0,200.75,0.0,0.0,0.0,3.0,44.0,181.3166666666667,0.0,0.0,0.0,0.0,0.0,0.0,1.0,7.0,17.616666666666667,1.0,118.0,35.4
2365,21,397,1832.1166666666666,5.0,14.0,84.95,0.0,0.0,0.0,0.0,0.0,0.0,3.0,18.0,59.93333333333333,1.0,9.0,22.65,1.0,58.0,344.1333333333333,3.0,14.0,62.86666666666667,1.0,15.0,50.75,0.0,0.0,0.0,0.0,0.0,0.0,3.0,57.0,292.5,1.0,86.0,129.0,0.0,0.0,0.0,0.0,0.0,0.0,0.0,0.0,0.0,1.0,1.0,1.8333333333333333,0.0,0.0,0.0,2.0,125.0,783.5
2366,18,509,1721.25,2.0,13.0,46.150000000000006,1.0,14.0,45.733333333333334,0.0,0.0,0.0,3.0,9.0,51.733333333333334,0.0,0.0,0.0,0.0,0.0,0.0,4.0,13.0,39.016666666666666,1.0,16.0,14.933333333333334,1.0,45.0,260.25,0.0,0.0,0.0,1.0,22.0,93.13333333333334,2.0,160.0,416.06666666666666,0.0,0.0,0.0,1.0,19.0,34.83333333333333,0.0,0.0,0.0,0.0,0.0,0.0,0.0,0.0,0.0,2.0,198.0,719.4
2367,26,663,2339.633333333333,7.0,20.0,73.76666666666667,1.0,9.0,4.05,0.0,0.0,0.0,2.0,5.0,16.083333333333332,0.0,0.0,0.0,1.0,49.0,253.98333333333335,0.0,0.0,0.0,1.0,20.0,75.33333333333333,0.0,0.0,0.0,0.0,0.0,0.0,1.0,5.0,11.25,4.0,231.0,816.35,1.0,7.0,28.116666666666667,2.0,11.0,46.333333333333336,1.0,110.0,386.8333333333333,0.0,0.0,0.0,1.0,4.0,13.866666666666667,4.0,192.0,613.6666666666667
2368,22,643,2560.8,2.0,11.0,32.85,0.0,0.0,0.0,0.0,0.0,0.0,4.0,11.0,38.46666666666667,0.0,0.0,0.0,1.0,113.0,82.86666666666666,2.0,9.0,11.5,1.0,10.0,29.0,0.0,0.0,0.0,0.0,0.0,0.0,3.0,38.0,170.3,4.0,256.0,1056.6833333333334,0.0,0.0,0.0,1.0,15.0,95.5,3.0,167.0,981.0166666666667,0.0,0.0,0.0,1.0,13.0,62.61666666666666,0.0,0.0,0.0
2369,19,887,3926.1666666666665,2.0,8.0,36.833333333333336,1.0,19.0,37.68333333333334,1.0,16.0,72.0,1.0,5.0,23.666666666666668,0.0,0.0,0.0,1.0,95.0,459.16666666666663,1.0,3.0,14.2,0.0,0.0,0.0,0.0,0.0,0.0,0.0,0.0,0.0,0.0,0.0,0.0,1.0,111.0,90.64999999999999,0.0,0.0,0.0,1.0,22.0,47.3,4.0,274.0,1362.7833333333333,0.0,0.0,0.0,0.0,0.0,0.0,6.0,334.0,1781.8833333333332
2370,15,381,1463.1833333333334,2.0,10.0,25.333333333333332,1.0,10.0,49.333333333333336,1.0,74.0,278.73333333333335,0.0,0.0,0.0,1.0,5.0,12.666666666666666,0.0,0.0,0.0,2.0,4.0,15.733333333333334,0.0,0.0,0.0,0.0,0.0,0.0,0.0,0.0,0.0,2.0,36.0,103.7,1.0,93.0,230.95000000000002,1.0,3.0,7.1,0.0,0.0,0.0,1.0,24.0,110.39999999999999,0.0,0.0,0.0,0.0,0.0,0.0,3.0,122.0,629.2333333333333
2371,22,726,2500.1666666666665,4.0,17.0,56.099999999999994,2.0,32.0,85.13333333333333,0.0,0.0,0.0,1.0,6.0,30.800000000000004,2.0,8.0,27.06666666666667,0.0,0.0,0.0,2.0,6.0,10.35,0.0,0.0,0.0,2.0,186.0,641.6166666666667,0.0,0.0,0.0,1.0,23.0,127.26666666666667,3.0,221.0,1027.3,0.0,0.0,0.0,0.0,0.0,0.0,1.0,69.0,66.7,0.0,0.0,0.0,1.0,23.0,71.3,3.0,135.0,356.53333333333336
2372,22,498,1156.7333333333333,0.0,0.0,0.0,0.0,0.0,0.0,0.0,0.0,0.0,7.0,29.0,71.46666666666667,5.0,75.0,269.8666666666667,0.0,0.0,0.0,0.0,0.0,0.0,1.0,17.0,30.03333333333333,0.0,0.0,0.0,0.0,0.0,0.0,2.0,23.0,37.81666666666667,2.0,178.0,458.79999999999995,0.0,0.0,0.0,0.0,0.0,0.0,0.0,0.0,0.0,2.0,8.0,14.666666666666668,1.0,17.0,36.266666666666666,2.0,151.0,237.8166666666667
2373,20,506,1749.5666666666666,1.0,2.0,9.866666666666667,1.0,18.0,75.60000000000001,0.0,0.0,0.0,5.0,25.0,77.24999999999999,0.0,0.0,0.0,0.0,0.0,0.0,3.0,9.0,51.18333333333333,0.0,0.0,0.0,0.0,0.0,0.0,0.0,0.0,0.0,1.0,15.0,66.5,3.0,205.0,641.65,1.0,2.0,9.666666666666666,1.0,17.0,58.93333333333334,1.0,41.0,90.88333333333334,0.0,0.0,0.0,1.0,9.0,52.199999999999996,2.0,163.0,615.8333333333334
2374,20,717,2015.4166666666667,0.0,0.0,0.0,1.0,8.0,12.0,2.0,143.0,216.5,4.0,14.0,46.13333333333333,1.0,10.0,8.333333333333334,1.0,24.0,138.0,0.0,0.0,0.0,1.0,5.0,10.416666666666668,0.0,0.0,0.0,0.0,0.0,0.0,2.0,19.0,103.16666666666666,1.0,125.0,189.58333333333331,0.0,0.0,0.0,1.0,12.0,72.4,3.0,252.0,1006.6499999999999,0.0,0.0,0.0,1.0,14.0,27.066666666666666,2.0,91.0,185.16666666666666
2375,20,437,933.5666666666666,2.0,5.0,25.766666666666666,4.0,44.0,145.4,1.0,84.0,18.2,2.0,6.0,8.6,0.0,0.0,0.0,2.0,175.0,305.0,1.0,4.0,9.666666666666666,2.0,8.0,13.333333333333334,0.0,0.0,0.0,0.0,0.0,0.0,0.0,0.0,0.0,1.0,41.0,33.483333333333334,0.0,0.0,0.0,1.0,16.0,96.53333333333333,2.0,46.0,248.9333333333333,1.0,1.0,5.083333333333333,1.0,7.0,23.566666666666666,0.0,0.0,0.0
2376,19,473,1547.4333333333334,1.0,3.0,7.75,1.0,11.0,13.566666666666666,0.0,0.0,0.0,3.0,11.0,26.816666666666666,2.0,26.0,165.01666666666668,0.0,0.0,0.0,2.0,7.0,23.349999999999998,0.0,0.0,0.0,0.0,0.0,0.0,0.0,0.0,0.0,1.0,10.0,62.333333333333336,1.0,119.0,174.53333333333333,0.0,0.0,0.0,3.0,34.0,18.0,1.0,111.0,455.09999999999997,0.0,0.0,0.0,1.0,17.0,95.19999999999999,3.0,124.0,505.76666666666665
2377,28,1092,4646.033333333333,4.0,20.0,96.48333333333333,2.0,35.0,102.66666666666667,0.0,0.0,0.0,3.0,6.0,20.816666666666666,1.0,4.0,19.133333333333333,0.0,0.0,0.0,1.0,4.0,5.866666666666666,0.0,0.0,0.0,1.0,110.0,399.6666666666667,0.0,0.0,0.0,0.0,0.0,0.0,3.0,209.0,511.7833333333333,1.0,5.0,5.083333333333333,4.0,55.0,255.39999999999998,4.0,321.0,1393.3166666666666,1.0,2.0,8.333333333333334,0.0,0.0,0.0,3.0,321.0,1827.4833333333331
2378,21,923,2590.7833333333333,2.0,8.0,17.5,0.0,0.0,0.0,0.0,0.0,0.0,2.0,5.0,14.316666666666666,1.0,18.0,80.10000000000001,0.0,0.0,0.0,0.0,0.0,0.0,1.0,21.0,56.349999999999994,1.0,17.0,90.94999999999999,0.0,0.0,0.0,1.0,23.0,27.21666666666667,2.0,147.0,289.95,1.0,2.0,0.9333333333333333,2.0,42.0,112.35,4.0,335.0,567.8666666666667,0.0,0.0,0.0,1.0,9.0,18.15,3.0,296.0,1315.1
2379,16,662,1984.3833333333334,1.0,5.0,33.08333333333333,2.0,38.0,148.83333333333331,0.0,0.0,0.0,1.0,1.0,6.4,1.0,15.0,56.25,0.0,0.0,0.0,0.0,0.0,0.0,2.0,28.0,135.11666666666667,0.0,0.0,0.0,1.0,6.0,29.099999999999998,1.0,14.0,64.16666666666666,4.0,374.0,1301.0666666666666,0.0,0.0,0.0,0.0,0.0,0.0,1.0,70.0,78.16666666666667,0.0,0.0,0.0,1.0,9.0,38.699999999999996,1.0,102.0,93.5
2380,19,869,2259.4333333333334,0.0,0.0,0.0,0.0,0.0,0.0,1.0,122.0,349.73333333333335,2.0,9.0,15.75,1.0,19.0,53.833333333333336,2.0,142.0,428.5,2.0,12.0,70.13333333333334,1.0,22.0,40.7,0.0,0.0,0.0,0.0,0.0,0.0,1.0,22.0,117.33333333333333,2.0,83.0,111.98333333333332,0.0,0.0,0.0,1.0,20.0,77.0,1.0,73.0,170.33333333333334,0.0,0.0,0.0,1.0,16.0,27.733333333333334,4.0,329.0,796.4000000000001
2381,21,786,2992.35,1.0,7.0,46.08333333333333,3.0,43.0,126.36666666666667,0.0,0.0,0.0,1.0,7.0,14.233333333333333,1.0,4.0,16.866666666666667,1.0,71.0,433.09999999999997,3.0,12.0,32.31666666666666,2.0,37.0,81.13333333333333,1.0,68.0,160.93333333333334,0.0,0.0,0.0,0.0,0.0,0.0,3.0,178.0,814.25,0.0,0.0,0.0,1.0,7.0,26.71666666666667,2.0,161.0,949.3833333333333,0.0,0.0,0.0,0.0,0.0,0.0,2.0,191.0,290.9666666666667
2382,21,461,988.75,1.0,1.0,0.8833333333333333,2.0,19.0,98.73333333333332,0.0,0.0,0.0,1.0,7.0,33.13333333333333,1.0,8.0,43.333333333333336,0.0,0.0,0.0,3.0,13.0,30.433333333333334,2.0,19.0,69.4,1.0,67.0,150.75,1.0,7.0,4.783333333333333,2.0,19.0,44.71666666666667,2.0,91.0,207.35000000000002,1.0,6.0,25.7,1.0,23.0,47.53333333333334,0.0,0.0,0.0,1.0,1.0,5.5,0.0,0.0,0.0,2.0,180.0,226.5
2383,22,674,2307.2666666666664,3.0,17.0,59.9,3.0,25.0,47.53333333333333,0.0,0.0,0.0,3.0,9.0,24.133333333333333,2.0,33.0,179.35,0.0,0.0,0.0,1.0,2.0,8.4,0.0,0.0,0.0,0.0,0.0,0.0,0.0,0.0,0.0,2.0,17.0,28.633333333333333,1.0,112.0,130.66666666666669,0.0,0.0,0.0,1.0,14.0,30.566666666666663,3.0,286.0,1330.2666666666667,0.0,0.0,0.0,0.0,0.0,0.0,3.0,159.0,467.8166666666666
2384,17,536,2028.9166666666667,2.0,12.0,39.599999999999994,0.0,0.0,0.0,0.0,0.0,0.0,2.0,7.0,9.0,0.0,0.0,0.0,1.0,78.0,150.8,2.0,6.0,14.65,1.0,17.0,53.266666666666666,0.0,0.0,0.0,0.0,0.0,0.0,1.0,6.0,22.6,1.0,68.0,308.26666666666665,2.0,4.0,22.816666666666666,1.0,6.0,15.600000000000001,2.0,153.0,498.65,0.0,0.0,0.0,0.0,0.0,0.0,2.0,179.0,893.6666666666667
2385,22,732,2358.5833333333335,1.0,5.0,23.916666666666664,0.0,0.0,0.0,0.0,0.0,0.0,2.0,12.0,44.89999999999999,3.0,33.0,190.6,0.0,0.0,0.0,1.0,5.0,7.583333333333333,2.0,35.0,167.08333333333331,0.0,0.0,0.0,0.0,0.0,0.0,2.0,34.0,133.93333333333334,2.0,64.0,167.16666666666666,0.0,0.0,0.0,0.0,0.0,0.0,2.0,144.0,273.8666666666667,1.0,7.0,35.58333333333333,0.0,0.0,0.0,6.0,393.0,1313.95
2386,27,646,2143.9166666666665,2.0,6.0,10.166666666666666,1.0,15.0,78.25,0.0,0.0,0.0,4.0,18.0,59.68333333333333,3.0,51.0,209.89999999999998,1.0,113.0,372.9,3.0,5.0,23.566666666666666,1.0,14.0,42.93333333333334,0.0,0.0,0.0,1.0,4.0,13.333333333333334,4.0,60.0,179.55,1.0,116.0,309.3333333333333,0.0,0.0,0.0,1.0,17.0,45.900000000000006,2.0,101.0,259.76666666666665,0.0,0.0,0.0,1.0,12.0,63.4,2.0,114.0,475.23333333333335
2387,31,994,3655.1666666666665,3.0,11.0,17.450000000000003,2.0,16.0,9.35,0.0,0.0,0.0,3.0,15.0,30.7,2.0,33.0,144.98333333333335,0.0,0.0,0.0,5.0,25.0,73.91666666666666,0.0,0.0,0.0,1.0,91.0,282.1,0.0,0.0,0.0,1.0,15.0,93.5,2.0,126.0,247.93333333333334,0.0,0.0,0.0,4.0,68.0,197.18333333333334,5.0,368.0,1591.2166666666667,0.0,0.0,0.0,0.0,0.0,0.0,3.0,226.0,966.8333333333333
2388,23,669,2581.366666666667,3.0,15.0,49.53333333333333,7.0,85.0,345.55,1.0,103.0,101.28333333333333,1.0,1.0,2.283333333333333,1.0,10.0,22.0,0.0,0.0,0.0,0.0,0.0,0.0,2.0,18.0,103.35,0.0,0.0,0.0,0.0,0.0,0.0,2.0,33.0,164.38333333333333,1.0,59.0,251.73333333333332,0.0,0.0,0.0,0.0,0.0,0.0,0.0,0.0,0.0,0.0,0.0,0.0,0.0,0.0,0.0,5.0,345.0,1541.25
2389,17,594,1893.2166666666667,4.0,14.0,43.666666666666664,1.0,21.0,57.75,0.0,0.0,0.0,0.0,0.0,0.0,1.0,13.0,71.93333333333334,1.0,59.0,135.7,1.0,7.0,16.566666666666666,1.0,6.0,3.5999999999999996,0.0,0.0,0.0,0.0,0.0,0.0,0.0,0.0,0.0,3.0,276.0,687.9666666666667,0.0,0.0,0.0,1.0,22.0,121.36666666666666,2.0,128.0,463.65,0.0,0.0,0.0,1.0,7.0,20.416666666666664,1.0,41.0,270.59999999999997
2390,24,1049,3925.866666666667,0.0,0.0,0.0,2.0,16.0,90.71666666666667,0.0,0.0,0.0,2.0,8.0,41.46666666666667,2.0,30.0,67.9,0.0,0.0,0.0,2.0,7.0,38.45,0.0,0.0,0.0,0.0,0.0,0.0,0.0,0.0,0.0,4.0,54.0,193.65,3.0,299.0,1428.15,0.0,0.0,0.0,1.0,16.0,48.0,6.0,517.0,1664.4833333333333,0.0,0.0,0.0,1.0,15.0,93.5,1.0,87.0,259.55
2391,27,781,2776.483333333333,2.0,8.0,31.016666666666662,2.0,34.0,172.56666666666666,1.0,101.0,62.28333333333334,3.0,8.0,20.75,2.0,29.0,65.88333333333333,2.0,54.0,314.29999999999995,3.0,8.0,23.666666666666664,0.0,0.0,0.0,0.0,0.0,0.0,1.0,2.0,9.333333333333334,0.0,0.0,0.0,3.0,142.0,619.8333333333334,1.0,5.0,7.25,1.0,14.0,58.800000000000004,4.0,297.0,1232.5333333333333,0.0,0.0,0.0,1.0,21.0,41.3,1.0,58.0,116.96666666666667
2392,23,723,2578.583333333333,2.0,6.0,26.833333333333332,4.0,53.0,126.81666666666666,0.0,0.0,0.0,2.0,3.0,12.866666666666667,1.0,8.0,25.733333333333334,0.0,0.0,0.0,1.0,2.0,8.533333333333333,1.0,14.0,25.900000000000002,1.0,18.0,100.5,0.0,0.0,0.0,2.0,29.0,130.18333333333334,2.0,221.0,899.6833333333333,1.0,5.0,9.583333333333334,1.0,9.0,8.1,1.0,104.0,391.73333333333335,1.0,1.0,3.35,0.0,0.0,0.0,3.0,250.0,808.7666666666667
2393,18,358,1112.7333333333333,5.0,19.0,75.15,1.0,15.0,30.749999999999996,0.0,0.0,0.0,3.0,13.0,48.95,0.0,0.0,0.0,0.0,0.0,0.0,1.0,4.0,22.666666666666668,1.0,18.0,44.400000000000006,0.0,0.0,0.0,0.0,0.0,0.0,2.0,21.0,19.383333333333333,1.0,22.0,9.166666666666668,0.0,0.0,0.0,0.0,0.0,0.0,0.0,0.0,0.0,0.0,0.0,0.0,2.0,23.0,46.36666666666667,2.0,223.0,815.9
2394,26,987,4001.5,3.0,4.0,15.433333333333334,1.0,16.0,17.866666666666667,0.0,0.0,0.0,3.0,17.0,21.98333333333333,3.0,61.0,292.3666666666667,0.0,0.0,0.0,0.0,0.0,0.0,0.0,0.0,0.0,0.0,0.0,0.0,0.0,0.0,0.0,3.0,41.0,183.93333333333334,3.0,214.0,767.0999999999999,0.0,0.0,0.0,1.0,17.0,100.58333333333334,4.0,261.0,1336.7333333333333,0.0,0.0,0.0,1.0,17.0,113.05000000000001,4.0,339.0,1152.45
2395,19,733,1717.5833333333335,3.0,12.0,23.700000000000003,1.0,19.0,114.31666666666666,0.0,0.0,0.0,1.0,4.0,3.3333333333333335,0.0,0.0,0.0,1.0,110.0,168.66666666666669,1.0,5.0,14.583333333333332,1.0,8.0,8.266666666666667,0.0,0.0,0.0,1.0,3.0,10.45,2.0,42.0,142.7,1.0,112.0,26.133333333333333,0.0,0.0,0.0,0.0,0.0,0.0,4.0,269.0,709.4,0.0,0.0,0.0,0.0,0.0,0.0,3.0,149.0,496.0333333333333
2396,29,722,2961.5333333333333,4.0,16.0,63.1,1.0,6.0,38.0,1.0,95.0,630.1666666666667,3.0,14.0,55.08333333333333,1.0,17.0,55.81666666666666,1.0,51.0,211.65,2.0,7.0,21.083333333333332,2.0,25.0,14.05,0.0,0.0,0.0,0.0,0.0,0.0,4.0,59.0,276.4666666666667,4.0,176.0,396.83333333333337,0.0,0.0,0.0,1.0,16.0,58.666666666666664,2.0,105.0,323.25,0.0,0.0,0.0,1.0,14.0,31.966666666666665,2.0,121.0,785.4
2397,22,573,1600.1833333333334,0.0,0.0,0.0,3.0,46.0,129.38333333333335,2.0,158.0,284.3333333333333,2.0,7.0,23.700000000000003,1.0,19.0,12.666666666666666,0.0,0.0,0.0,0.0,0.0,0.0,1.0,16.0,45.333333333333336,0.0,0.0,0.0,0.0,0.0,0.0,3.0,27.0,41.93333333333333,1.0,37.0,84.48333333333333,0.0,0.0,0.0,2.0,39.0,102.48333333333332,2.0,109.0,456.51666666666665,0.0,0.0,0.0,3.0,39.0,96.48333333333333,2.0,76.0,322.8666666666667
2398,27,867,3461.95,3.0,15.0,23.666666666666668,0.0,0.0,0.0,0.0,0.0,0.0,1.0,7.0,18.78333333333333,1.0,21.0,44.1,1.0,44.0,11.733333333333333,3.0,12.0,38.400000000000006,0.0,0.0,0.0,1.0,16.0,93.33333333333333,2.0,8.0,9.299999999999999,1.0,11.0,46.56666666666667,5.0,381.0,1450.8999999999999,0.0,0.0,0.0,2.0,30.0,107.35,3.0,161.0,889.3166666666667,1.0,3.0,10.0,2.0,36.0,47.5,1.0,122.0,671.0
2399,19,545,1872.75,1.0,4.0,26.4,0.0,0.0,0.0,0.0,0.0,0.0,1.0,1.0,1.6833333333333333,5.0,75.0,264.3333333333333,0.0,0.0,0.0,2.0,13.0,38.68333333333334,1.0,11.0,62.7,1.0,37.0,144.91666666666666,0.0,0.0,0.0,0.0,0.0,0.0,0.0,0.0,0.0,1.0,4.0,17.666666666666668,2.0,13.0,62.05,1.0,115.0,707.25,1.0,1.0,0.85,0.0,0.0,0.0,3.0,271.0,546.2166666666667
