X_时间（h）,Y_RegionD_SOC（MWh）,Y_RegionE_SOC（MWh）,Y_RegionF_SOC（MWh）
0,315.5905376344,345.8897844983,320.2568817204
1,253.7767741935,206.7849462366,218.1535483871
2,193.3380640574,127.8602150538,133.4768817204
3,193.3380640574,82.0000000000,85.0000000000
4,193.3380640574,82.0000000000,85.0000000000
5,193.3380640574,82.0000000000,85.0000000000
6,193.3380640574,82.0000000000,85.0000000000
7,193.3380640574,82.0000000000,85.0000000000
8,193.3380640574,82.0000000000,85.0000000000
9,193.3380640574,82.0000000000,85.0000000000
10,193.3380640574,82.0000000000,85.0000000000
11,193.3380640574,82.0000000000,85.0000000000
12,193.3380640574,82.0000000000,85.0000000000
13,193.3380640574,82.0000000000,85.0000000000
14,193.3380640574,82.0000000000,85.0000000000
15,193.3380640574,307.6000000000,216.3306526632
16,193.3380640574,346.9061757168,451.3306526632
17,193.3380640574,496.0136757168,611.7071542653
18,257.5723233253,638.1769261084,724.2498758674
19,365.4613869243,680.5192257168,814.4312198674
20,441.6701945233,706.3010757168,814.7512898674
21,463.0322585233,685.5161294802,776.9239784946
22,430.9634408602,597.5322585125,681.8138714229
23,342.3329027671,473.6290322581,572.9211832509
24,235.9255909391,382.4489247312,431.2248387097
25,159.1096769606,254.2177419355,299.4198924731
26,90.0000000000,139.9569892473,173.6935483871
27,90.0000000000,82.0000000000,85.0000000000
28,90.0000000000,82.0000000000,85.0000000000
29,90.0000000000,82.0000000000,85.0000000000
30,90.0000000000,82.0000000000,85.0000000000
31,90.0000000000,82.0000000000,85.0000000000
32,90.0000000000,82.0000000000,85.0000000000
33,90.0000000000,82.0000000000,85.0000000000
34,90.0000000000,82.0000000000,85.0000000000
35,90.0000000000,82.0000000000,85.0000000000
36,90.0000000000,82.0000000000,85.0000000000
37,90.0000000000,82.0000000000,85.0000000000
38,90.0000000000,82.0000000000,85.0000000000
39,90.0000000000,82.0000000000,124.0491005770
40,90.0000000000,298.0230977035,359.0491005770
41,150.8024762720,523.6230977035,539.2307449749
42,324.1444918710,650.5935977035,672.1277565770
43,441.1056838710,734.8246473118,753.9883145770
44,498.1354838710,741.4892473118,797.6910761791
45,488.6722585233,681.1075268817,736.3209691074
46,436.4124731183,561.3897853942,635.5709686522
47,354.1544086022,452.4193548387,551.5730116630
48,263.9604305663,298.4838709677,374.8355918530
49,182.1896774194,190.5752692652,243.2627966092
50,102.7436563727,122.7526881720,141.7620439211
51,90.0000000000,82.6451612903,86.8668821756
52,90.0000000000,82.0000000000,85.0000000000
53,90.0000000000,82.0000000000,85.0000000000
54,90.0000000000,82.0000000000,85.0000000000
55,90.0000000000,82.0000000000,85.0000000000
56,90.0000000000,82.0000000000,85.0000000000
57,90.0000000000,82.0000000000,85.0000000000
58,90.0000000000,82.0000000000,85.0000000000
59,90.0000000000,82.0000000000,85.0000000000
60,90.0000000000,82.0000000000,85.0000000000
61,90.0000000000,82.0000000000,85.0000000000
62,90.0000000000,82.0000000000,85.0000000000
63,90.0000000000,86.2904104840,116.8275403332
64,90.0000000000,311.8904104840,338.6748727311
65,292.4756235990,508.8204104840,552.1515987311
66,387.0247550975,653.5569104840,682.7923291290
67,491.5809554986,715.7802104840,756.2604735269
68,509.1337638996,727.4973104840,779.0001075269
69,480.5668817204,676.5510743728,725.6733337885
70,434.5281720430,608.9704292116,654.8297849462
71,339.9105371757,476.2365586918,550.9761290323
72,240.6602145950,355.5672038531,391.8411832509
73,142.7449462366,210.7096769714,259.2168817204
74,90.0000000000,128.1693543907,135.7574188997
75,90.0000000000,82.0000000000,85.0000000000
76,90.0000000000,82.0000000000,85.0000000000
77,90.0000000000,82.0000000000,85.0000000000
78,90.0000000000,82.0000000000,85.0000000000
79,90.0000000000,82.0000000000,85.0000000000
80,90.0000000000,82.0000000000,85.0000000000
81,90.0000000000,82.0000000000,85.0000000000
82,90.0000000000,82.0000000000,85.0000000000
83,90.0000000000,82.0000000000,85.0000000000
84,90.0000000000,82.0000000000,85.0000000000
85,90.0000000000,82.0000000000,85.0000000000
86,90.0000000000,82.0000000000,85.0000000000
87,90.0000000000,97.6313355502,136.1038969500
88,90.0000000000,323.2313355502,371.1038969500
89,317.2902195852,493.8883351586,590.7883825521
90,317.2902195852,614.3493351586,724.8433805521
91,429.0896835852,696.1011351586,807.8022349500
92,457.3148759862,715.1854847669,839.0178485521
93,465.9350523872,661.5645165770,774.5341930932
94,412.7944072259,586.8333337813,701.5056984696
95,333.9909663657,491.2903230286,548.6000000000
96,263.0658055341,380.5268821684,404.7460215054
97,182.6438705090,256.7715053763,268.6804301075
98,104.8219350251,130.5887096774,157.0333333333
99,90.0000000000,82.0000000000,85.0000000000
100,90.0000000000,82.0000000000,85.0000000000
101,90.0000000000,82.0000000000,85.0000000000
102,90.0000000000,82.0000000000,85.0000000000
103,90.0000000000,82.0000000000,85.0000000000
104,90.0000000000,82.0000000000,85.0000000000
105,90.0000000000,82.0000000000,85.0000000000
106,90.0000000000,82.0000000000,85.0000000000
107,90.0000000000,82.0000000000,85.0000000000
108,90.0000000000,82.0000000000,85.0000000000
109,90.0000000000,82.0000000000,85.0000000000
110,90.0000000000,82.0000000000,85.0000000000
111,90.0000000000,202.1781491603,157.6630231899
112,90.0000000000,202.1781491603,392.6630231899
113,150.0469930324,425.0274741603,574.3727311899
114,301.1418410324,571.1387237686,678.2723415878
115,416.3704250324,620.7190241603,727.1601435878
116,461.8976330324,627.9946245519,756.5731191899
117,445.6903216632,581.7392482078,714.6080658816
118,378.1393543800,458.4059144265,644.7477437561
119,316.7191393262,357.8225810931,517.0918297776
120,220.4554834122,236.3064516129,400.1673136486
121,112.6718279570,128.1424726703,270.1512916880
122,90.0000000000,91.3279569892,178.4418288673
123,90.0000000000,82.0000000000,100.6730112078
124,90.0000000000,82.0000000000,85.0000000000
125,90.0000000000,82.0000000000,85.0000000000
126,90.0000000000,82.0000000000,85.0000000000
127,90.0000000000,82.0000000000,85.0000000000
128,90.0000000000,82.0000000000,85.0000000000
129,90.0000000000,82.0000000000,85.0000000000
130,90.0000000000,82.0000000000,85.0000000000
131,90.0000000000,82.0000000000,85.0000000000
132,90.0000000000,82.0000000000,85.0000000000
133,90.0000000000,82.0000000000,85.0000000000
134,90.0000000000,82.0000000000,85.0000000000
135,90.0000000000,82.0000000000,176.7710622043
136,90.0000000000,256.2434965055,411.7710622043
137,138.1102283015,442.0932465055,586.3537838065
138,322.6781003015,543.1784965055,725.2556098065
139,410.4135643015,603.0870465055,791.3341314086
140,473.9406447026,603.8413965055,816.1032258065
141,445.0847302653,588.6747302868,745.7202145986
142,414.2270963155,522.5053758961,642.0205376344
143,299.7212898638,405.3897840503,518.9120434659
144,240.2197840288,281.9247302868,384.0163445412
145,137.2120425520,184.3252683692,279.5368817204
146,90.0000000000,101.5430103047,162.6595698925
147,90.0000000000,82.0000000000,85.0000000000
148,90.0000000000,82.0000000000,85.0000000000
149,90.0000000000,82.0000000000,85.0000000000
150,90.0000000000,82.0000000000,85.0000000000
151,90.0000000000,82.0000000000,85.0000000000
152,90.0000000000,82.0000000000,85.0000000000
153,90.0000000000,82.0000000000,85.0000000000
154,90.0000000000,82.0000000000,85.0000000000
155,90.0000000000,82.0000000000,85.0000000000
156,90.0000000000,82.0000000000,85.0000000000
157,90.0000000000,82.0000000000,85.0000000000
158,90.0000000000,82.0000000000,85.0000000000
159,90.0000000000,169.3672923502,202.7626243979
160,90.0000000000,169.3672923502,437.7626243979
161,211.3046714260,353.6542927418,627.0768387958
162,399.8791998271,500.6937927418,769.3451803979
163,495.6159434260,587.6155927418,850.0000000000
164,532.6004310250,583.9758077956,829.3223660465
165,502.6984950824,559.3602163977,772.1309686522
166,411.3092477706,485.9865604837,690.0895708028
167,314.1178499211,415.4569905913,582.3303234909
168,233.9298929319,311.5618288530,461.0083861865
169,180.0025811039,209.8225810931,313.1304296524
170,90.0000000000,127.4569896953,167.6166662115
171,90.0000000000,91.0994623656,85.0000000000
172,90.0000000000,82.0000000000,85.0000000000
173,90.0000000000,82.0000000000,85.0000000000
174,90.0000000000,82.0000000000,85.0000000000
175,90.0000000000,82.0000000000,85.0000000000
176,90.0000000000,82.0000000000,85.0000000000
177,90.0000000000,82.0000000000,85.0000000000
178,90.0000000000,82.0000000000,85.0000000000
179,90.0000000000,82.0000000000,85.0000000000
180,90.0000000000,82.0000000000,85.0000000000
181,90.0000000000,82.0000000000,85.0000000000
182,90.0000000000,82.0000000000,85.0000000000
183,90.0000000000,148.9273160960,158.1542234244
184,90.0000000000,374.5273160960,391.3522058244
185,194.1557097631,549.8255664876,591.1241078244
186,356.6448613621,661.6150664876,717.3119634265
187,481.1621493621,728.9731164876,780.5731178244
188,509.3271813621,722.5510739249,767.0784946237
189,512.5931173621,653.1908593191,745.8294623656
190,481.1574188961,551.5645152331,659.5137638960
191,372.7763431686,425.6182791219,542.1680645161
192,237.1492463944,313.2553758961,367.7521500825
193,145.1797844875,199.7150533155,226.8387096774
194,103.8034408602,100.7634408602,130.4179569892
195,90.0000000000,82.0000000000,85.0000000000
196,90.0000000000,82.0000000000,85.0000000000
197,90.0000000000,82.0000000000,85.0000000000
198,90.0000000000,82.0000000000,85.0000000000
199,90.0000000000,82.0000000000,85.0000000000
200,90.0000000000,82.0000000000,85.0000000000
201,90.0000000000,82.0000000000,85.0000000000
202,90.0000000000,82.0000000000,85.0000000000
203,90.0000000000,82.0000000000,85.0000000000
204,90.0000000000,82.0000000000,85.0000000000
205,90.0000000000,82.0000000000,85.0000000000
206,90.0000000000,82.0000000000,85.0000000000
207,90.0000000000,124.0430135305,107.9911702690
208,98.7508521001,349.6430135305,342.9911702690
209,303.8374201001,547.6187635305,532.9977886668
210,432.6490041001,696.8672631389,677.2955902690
211,534.8228685012,755.5185635305,735.5905362690
212,603.3432281001,776.9059135305,706.5691384195
213,548.6946254909,734.7768812724,700.0548373442
214,464.4073132042,654.5080636202,599.4140846561
215,381.1858078278,514.0188163083,462.1717190647
216,280.9995708099,381.2526872761,337.6818270467
217,175.5281729605,247.8870963262,233.5027952438
218,119.4524735770,128.4919350359,142.3122580645
219,90.0000000000,82.0000000000,85.0000000000
220,90.0000000000,82.0000000000,85.0000000000
221,90.0000000000,82.0000000000,85.0000000000
222,90.0000000000,82.0000000000,85.0000000000
223,90.0000000000,82.0000000000,85.0000000000
224,90.0000000000,82.0000000000,85.0000000000
225,90.0000000000,82.0000000000,85.0000000000
226,90.0000000000,82.0000000000,85.0000000000
227,90.0000000000,82.0000000000,85.0000000000
228,90.0000000000,82.0000000000,85.0000000000
229,90.0000000000,82.0000000000,85.0000000000
230,90.0000000000,82.0000000000,85.0000000000
231,90.0000000000,82.0000000000,102.6450282833
232,130.7661602862,239.4752196801,337.6450282833
233,130.7661602862,462.1024696801,540.4014298854
234,267.7715358852,575.7132200718,682.7294614875
235,351.6447282862,626.5507700718,763.9811818854
236,410.6838718852,672.4838700718,756.4268808101
237,401.1655923153,625.9731178316,691.4379560789
238,370.3767751110,578.8763436380,622.8339775843
239,306.9058069103,458.6559139785,510.1995694373
240,235.5264520716,339.9489251792,354.8609677419
241,137.5974198136,224.1639789426,214.4664511578
242,90.0000000000,125.2930107527,123.9313973943
243,90.0000000000,82.0000000000,85.0000000000
244,90.0000000000,82.0000000000,85.0000000000
245,90.0000000000,82.0000000000,85.0000000000
246,90.0000000000,82.0000000000,85.0000000000
247,90.0000000000,82.0000000000,85.0000000000
248,90.0000000000,82.0000000000,85.0000000000
249,90.0000000000,82.0000000000,85.0000000000
250,90.0000000000,82.0000000000,85.0000000000
251,90.0000000000,82.0000000000,85.0000000000
252,90.0000000000,82.0000000000,85.0000000000
253,90.0000000000,82.0000000000,85.0000000000
254,90.0000000000,82.0000000000,85.0000000000
255,90.0000000000,82.0000000000,218.4782486021
256,90.0000000000,305.2979988351,450.3475320000
257,232.3936801719,490.1842488351,634.4329023979
258,376.9792161719,606.9439988351,780.4139623979
259,477.8776877709,706.9435488351,847.9727963979
260,526.2203841719,689.6747320788,850.0000000000
261,529.8111841719,663.3655918458,784.4784946237
262,470.9724740358,577.4516129032,670.2774198100
263,379.7131191970,452.9973118280,550.7331182796
264,244.9393552974,323.9005371864,409.0913978495
265,174.9501079856,226.9059139785,246.5196778745
266,131.0137634409,141.8924731183,141.4274198100
267,90.0000000000,82.0000000000,85.0000000000
268,90.0000000000,82.0000000000,85.0000000000
269,90.0000000000,82.0000000000,85.0000000000
270,90.0000000000,82.0000000000,85.0000000000
271,90.0000000000,82.0000000000,85.0000000000
272,90.0000000000,82.0000000000,85.0000000000
273,90.0000000000,82.0000000000,85.0000000000
274,90.0000000000,82.0000000000,85.0000000000
275,90.0000000000,82.0000000000,85.0000000000
276,90.0000000000,82.0000000000,85.0000000000
277,90.0000000000,82.0000000000,85.0000000000
278,90.0000000000,82.0000000000,85.0000000000
279,90.0000000000,82.0000000000,141.3354768170
280,213.7221458928,292.3830246748,376.3354768170
281,213.7221458928,481.0292746748,557.5557272149
282,395.2579542938,577.5085242832,735.0292312149
283,467.9173226948,637.4053246748,803.1013992149
284,500.3657466948,651.4489242832,791.2864529784
285,505.8215062938,623.7016129032,726.5979583547
286,462.1363445448,555.2204296595,635.7348396200
287,354.5673122867,435.7526877241,537.4254847813
288,244.8567751110,317.1263436380,398.8836563691
289,179.2167746523,225.1720430108,247.2230116630
290,136.2025806452,137.9274193548,155.2950542186
291,90.0000000000,87.4435479391,85.8836563691
292,90.0000000000,82.0000000000,85.0000000000
293,90.0000000000,82.0000000000,85.0000000000
294,90.0000000000,82.0000000000,85.0000000000
295,90.0000000000,82.0000000000,85.0000000000
296,90.0000000000,82.0000000000,85.0000000000
297,90.0000000000,82.0000000000,85.0000000000
298,90.0000000000,82.0000000000,85.0000000000
299,90.0000000000,82.0000000000,85.0000000000
300,90.0000000000,82.0000000000,85.0000000000
301,90.0000000000,82.0000000000,85.0000000000
302,90.0000000000,82.0000000000,165.5233790108
303,90.0000000000,184.0571000000,165.5233790108
304,90.0000000000,409.6571000000,371.0514650108
305,90.0000000000,590.2075996084,539.5099930108
306,253.4233173906,731.2898500000,691.1735410108
307,377.0743009896,803.3949003916,754.1123686129
308,409.2098933906,820.0000000000,792.8608602151
309,394.6404310250,733.9596778673,720.2792473118
310,373.4447321003,633.8521514336,619.8706447061
311,303.6838718852,492.8924744622,476.2099995448
312,201.4881725017,343.3360210574,319.1370963190
313,138.4494623656,214.2043006273,219.9561285771
314,100.4176344086,135.4139780466,135.5389247312
315,90.0000000000,82.0000000000,85.0000000000
316,90.0000000000,82.0000000000,85.0000000000
317,90.0000000000,82.0000000000,85.0000000000
318,90.0000000000,82.0000000000,85.0000000000
319,90.0000000000,82.0000000000,85.0000000000
320,90.0000000000,82.0000000000,85.0000000000
321,90.0000000000,82.0000000000,85.0000000000
322,90.0000000000,82.0000000000,85.0000000000
323,90.0000000000,82.0000000000,85.0000000000
324,90.0000000000,82.0000000000,85.0000000000
325,90.0000000000,82.0000000000,85.0000000000
326,90.0000000000,82.0000000000,85.0000000000
327,90.0000000000,307.6000000000,320.0000000000
328,90.0000000000,359.1678418791,372.7597217563
329,168.4717476118,559.9753414875,565.4404521542
330,308.9062432108,662.8700914875,685.8861305521
331,388.1471148098,747.3596410959,751.7975201542
332,419.7051708098,759.2177414875,771.7078485521
333,421.4791384087,725.7177414875,739.0015040109
334,386.9879560718,608.5134408602,659.9780631507
335,305.9823651327,490.8333333333,521.6841926381
336,211.8658064516,369.1290327060,364.9253754338
337,121.4929032258,218.0215058243,242.2698920180
338,107.7810752688,134.0967746415,149.5089247312
339,90.0000000000,82.0000000000,85.0000000000
340,90.0000000000,82.0000000000,85.0000000000
341,90.0000000000,82.0000000000,85.0000000000
342,90.0000000000,82.0000000000,85.0000000000
343,90.0000000000,82.0000000000,85.0000000000
344,90.0000000000,82.0000000000,85.0000000000
345,90.0000000000,82.0000000000,85.0000000000
346,90.0000000000,82.0000000000,85.0000000000
347,90.0000000000,82.0000000000,85.0000000000
348,90.0000000000,82.0000000000,85.0000000000
349,90.0000000000,82.0000000000,85.0000000000
350,90.0000000000,82.0000000000,85.0000000000
351,90.0000000000,82.0000000000,85.0000000000
352,90.0000000000,293.1298900206,300.9805520251
353,127.8846677566,485.6653900206,490.9394184230
354,304.6437717566,603.1066400206,608.9019928209
355,403.1117801577,690.2634404122,673.8344668209
356,462.1027961577,686.2069887993,702.1133324230
357,437.5135483871,639.6962361112,665.5560210502
358,392.2318279570,544.3467732976,578.6804296524
359,290.0443010753,423.7499986560,447.8973118280
360,213.0632253477,322.5564507169,304.6168821756
361,146.4047307241,168.6263431901,195.1666671218
362,97.4034408602,105.6290318101,118.8883875519
363,90.0000000000,82.6048382617,104.1143010753
364,90.0000000000,82.0000000000,85.0000000000
365,90.0000000000,82.0000000000,85.0000000000
366,90.0000000000,82.0000000000,85.0000000000
367,90.0000000000,82.0000000000,85.0000000000
368,90.0000000000,82.0000000000,85.0000000000
369,90.0000000000,82.0000000000,85.0000000000
370,90.0000000000,82.0000000000,85.0000000000
371,90.0000000000,82.0000000000,85.0000000000
372,90.0000000000,82.0000000000,85.0000000000
373,90.0000000000,82.0000000000,85.0000000000
374,90.0000000000,82.0000000000,85.0000000000
375,90.0000000000,94.8767340503,211.0168489822
376,90.0000000000,320.4767340503,446.0168489822
377,131.8796377353,506.3499844419,620.0862369822
378,290.7230937353,646.7154840503,733.1184173801
379,409.2364141363,708.1397840503,794.8395689822
380,452.2489337353,689.7822576165,777.5486016954
381,463.5402141363,617.9892473118,768.0982795699
382,426.8881715843,553.4462361112,702.2801079820
383,349.8464506954,480.3897840503,596.5965595949
384,234.6443001578,358.7795689965,453.2068826307
385,129.4206447026,250.7903221327,297.1353772544
386,91.9393548387,126.3279565413,169.5108606702
387,90.0000000000,82.0000000000,111.1880649713
388,90.0000000000,82.0000000000,85.0000000000
389,90.0000000000,82.0000000000,85.0000000000
390,90.0000000000,82.0000000000,85.0000000000
391,90.0000000000,82.0000000000,85.0000000000
392,90.0000000000,82.0000000000,85.0000000000
393,90.0000000000,82.0000000000,85.0000000000
394,90.0000000000,82.0000000000,85.0000000000
395,90.0000000000,82.0000000000,85.0000000000
396,90.0000000000,82.0000000000,85.0000000000
397,90.0000000000,82.0000000000,85.0000000000
398,90.0000000000,82.0000000000,187.4096043979
399,90.0000000000,82.0000000000,187.4096043979
400,263.2953614336,270.1526930771,419.1296620000
401,263.2953614336,495.7526930771,584.7469456021
402,414.3300494336,642.7334430771,740.5052276021
403,507.4438174336,690.6569926854,837.9568140000
404,548.0980654336,725.6155922938,850.0000000000
405,507.8873127454,653.7822585125,764.3360219605
406,444.6030116702,575.7849462366,652.7022580645
407,351.8984955411,452.4731182796,530.3038705126
408,250.6800004587,357.9193548387,404.3254838710
409,170.5883870968,261.5833333333,291.1335483871
410,90.0000000000,153.9489251792,155.5749462366
411,90.0000000000,104.1102155017,85.0000000000
412,90.0000000000,82.0000000000,85.0000000000
413,90.0000000000,82.0000000000,85.0000000000
414,90.0000000000,82.0000000000,85.0000000000
415,90.0000000000,82.0000000000,85.0000000000
416,90.0000000000,82.0000000000,85.0000000000
417,90.0000000000,82.0000000000,85.0000000000
418,90.0000000000,82.0000000000,85.0000000000
419,90.0000000000,82.0000000000,85.0000000000
420,90.0000000000,82.0000000000,85.0000000000
421,90.0000000000,82.0000000000,85.0000000000
422,90.0000000000,82.0000000000,85.0000000000
423,90.0000000000,158.7263931004,158.6634119104
424,90.0000000000,384.3263931004,393.6634119104
425,90.0000000000,558.0148931004,606.2806023083
426,199.8425419353,684.2098927088,730.0808583083
427,303.2557023364,739.5241931004,799.6094619104
428,369.5862379353,721.4892468638,798.4597844911
429,347.4606469962,674.9784946237,784.2572033908
430,309.1845175052,556.7123660394,657.3970958639
431,266.6339794121,439.0456993727,525.8902141435
432,182.0279579067,310.9704305555,342.2975259714
433,136.9918284157,209.9569892473,222.5917199750
434,90.0000000000,141.2473118280,129.5303221255
435,90.0000000000,82.0000000000,85.0000000000
436,90.0000000000,82.0000000000,85.0000000000
437,90.0000000000,82.0000000000,85.0000000000
438,90.0000000000,82.0000000000,85.0000000000
439,90.0000000000,82.0000000000,85.0000000000
440,90.0000000000,82.0000000000,85.0000000000
441,90.0000000000,82.0000000000,85.0000000000
442,90.0000000000,82.0000000000,85.0000000000
443,90.0000000000,82.0000000000,85.0000000000
444,90.0000000000,82.0000000000,85.0000000000
445,90.0000000000,82.0000000000,85.0000000000
446,90.0000000000,82.0000000000,85.0000000000
447,90.0000000000,82.0000000000,234.2192543979
448,90.0000000000,304.2396157374,469.2192543979
449,125.8488061357,492.4511157374,646.8461663979
450,292.3927421357,594.8876161290,771.5178963979
451,400.2697737347,668.2851661290,850.0000000000
452,430.1553813336,672.5645161290,823.6551612903
453,434.1552697347,646.5645165770,745.3517199750
454,388.5707536056,570.5698933691,648.3570963190
455,329.6141940071,447.5672051970,503.3991393298
456,264.1668817204,341.7903230286,344.0593539284
457,169.4172043011,187.7258073476,191.2516124481
458,102.3582791112,114.1236568099,101.2627956989
459,90.0000000000,109.2849466845,85.0000000000
460,90.0000000000,82.0000000000,85.0000000000
461,90.0000000000,82.0000000000,85.0000000000
462,90.0000000000,82.0000000000,85.0000000000
463,90.0000000000,82.0000000000,85.0000000000
464,90.0000000000,82.0000000000,85.0000000000
465,90.0000000000,82.0000000000,85.0000000000
466,90.0000000000,82.0000000000,85.0000000000
467,90.0000000000,82.0000000000,85.0000000000
468,90.0000000000,82.0000000000,85.0000000000
469,90.0000000000,82.0000000000,85.0000000000
470,90.0000000000,82.0000000000,85.0000000000
471,90.0000000000,82.0000000000,147.4944838207
472,90.0000000000,215.7385851355,382.4944838207
473,224.1645354557,416.0760847439,569.3017178207
474,412.5345198567,558.7680843522,705.6010602186
475,498.1884478567,654.5376339606,799.0414782186
476,529.8307274557,639.2715044804,812.9350542186
477,555.0670958567,631.2016124552,772.6496783297
478,457.7733328746,566.9408597671,656.1544090573
479,355.9161290323,429.0322576165,501.1456993799
480,265.5982800286,311.1182791219,382.5961294874
481,180.7720430108,197.4838709677,261.8524740286
482,118.8606451613,146.1397844983,156.7602155089
483,90.0000000000,82.0000000000,85.0000000000
484,90.0000000000,82.0000000000,85.0000000000
485,90.0000000000,82.0000000000,85.0000000000
486,90.0000000000,82.0000000000,85.0000000000
487,90.0000000000,82.0000000000,85.0000000000
488,90.0000000000,82.0000000000,85.0000000000
489,90.0000000000,82.0000000000,85.0000000000
490,90.0000000000,82.0000000000,85.0000000000
491,90.0000000000,82.0000000000,85.0000000000
492,90.0000000000,82.0000000000,85.0000000000
493,90.0000000000,82.0000000000,85.0000000000
494,90.0000000000,82.0000000000,85.0000000000
495,90.0000000000,82.0000000000,85.0000000000
496,90.0000000000,214.8020559803,268.0148601720
497,228.6539821654,400.9338055887,496.1514497741
498,378.7983025664,537.2925555887,619.4980617741
499,473.9093825664,636.4931051970,705.2504081720
500,512.4219345664,670.8172051970,735.9526881720
501,490.2825801864,634.6559144265,667.8502150538
502,415.5746236559,540.5698929211,560.6000000000
503,351.7045161290,405.0403225806,450.3144081470
504,241.9802150538,289.5994623656,323.8580640610
505,156.4520430108,205.6290322581,208.6723651362
506,108.5655913978,115.1182791219,117.5910752688
507,90.0000000000,82.0000000000,89.2566671218
508,90.0000000000,82.0000000000,85.0000000000
509,90.0000000000,82.0000000000,85.0000000000
510,90.0000000000,82.0000000000,85.0000000000
511,90.0000000000,82.0000000000,85.0000000000
512,90.0000000000,82.0000000000,85.0000000000
513,90.0000000000,82.0000000000,85.0000000000
514,90.0000000000,82.0000000000,85.0000000000
515,90.0000000000,82.0000000000,85.0000000000
516,90.0000000000,82.0000000000,85.0000000000
517,90.0000000000,82.0000000000,85.0000000000
518,90.0000000000,82.0000000000,85.0000000000
519,90.0000000000,88.8635064183,217.7289696630
520,141.3288510109,314.4635064183,452.7289696630
521,375.8938194119,526.6920068099,650.9489320609
522,531.3322194119,684.5180068099,760.7100996630
523,588.2056034119,744.0623068099,810.1231736630
524,627.9935470109,760.3736568099,810.8730116630
525,570.2756980073,700.0322585125,775.5856993799
526,501.4860205879,608.7956993727,682.3464516129
527,404.6249457778,476.5591397849,538.9179574444
528,312.9445152116,348.3897853942,411.8607526882
529,221.4292468531,209.7419354839,271.3023655914
530,150.9019350251,120.5349466845,178.1863436309
531,90.0000000000,82.0000000000,85.0000000000
532,90.0000000000,82.0000000000,85.0000000000
533,90.0000000000,82.0000000000,85.0000000000
534,90.0000000000,82.0000000000,85.0000000000
535,90.0000000000,82.0000000000,85.0000000000
536,90.0000000000,82.0000000000,85.0000000000
537,90.0000000000,82.0000000000,85.0000000000
538,90.0000000000,82.0000000000,85.0000000000
539,90.0000000000,82.0000000000,85.0000000000
540,90.0000000000,82.0000000000,85.0000000000
541,90.0000000000,82.0000000000,85.0000000000
542,90.0000000000,82.0000000000,85.0000000000
543,90.0000000000,168.0912000000,232.3778291578
544,90.0000000000,393.6912000000,467.3778291578
545,333.1076875990,569.1069503916,637.5912431578
546,357.2662072541,731.4919503916,744.1530271578
547,502.1416388531,820.0000000000,795.2254827599
548,562.2636628531,801.8037634409,815.6252683621
549,562.3892468531,726.8790322581,792.4917204301
550,499.1599995413,640.8440864695,694.9645161290
551,400.0830107527,519.0510761648,554.7724731183
552,326.5015053763,371.8225810931,438.1074198100
553,209.3862365591,227.5698933691,299.1740864767
554,112.2679565305,143.1747316308,138.0925806452
555,90.0000000000,82.0000000000,85.0000000000
556,90.0000000000,82.0000000000,85.0000000000
557,90.0000000000,82.0000000000,85.0000000000
558,90.0000000000,82.0000000000,85.0000000000
559,90.0000000000,82.0000000000,85.0000000000
560,90.0000000000,82.0000000000,85.0000000000
561,90.0000000000,82.0000000000,85.0000000000
562,90.0000000000,82.0000000000,85.0000000000
563,90.0000000000,82.0000000000,85.0000000000
564,90.0000000000,82.0000000000,85.0000000000
565,90.0000000000,82.0000000000,85.0000000000
566,90.0000000000,82.0000000000,85.0000000000
567,90.0000000000,82.0000000000,249.1320716021
568,90.0000000000,230.4182948360,484.1320716021
569,280.2041112549,420.4392948360,645.4397372042
570,433.2120476559,585.5972948360,773.9077512042
571,553.8790960569,674.1993444444,834.1844056021
572,557.4146236559,675.0241944444,850.0000000000
573,517.1763445448,606.0537643368,779.2892468567
574,448.0838714265,527.7607535841,690.2969883370
575,350.3556989247,395.0403234766,562.4908593048
576,250.4860215054,277.5833337813,400.4881706776
577,170.1879565305,174.2043015233,288.9212889571
578,96.2335479284,113.6397853942,146.2752679069
579,90.0000000000,82.0000000000,85.0000000000
580,90.0000000000,82.0000000000,85.0000000000
581,90.0000000000,82.0000000000,85.0000000000
582,90.0000000000,82.0000000000,85.0000000000
583,90.0000000000,82.0000000000,85.0000000000
584,90.0000000000,82.0000000000,85.0000000000
585,90.0000000000,82.0000000000,85.0000000000
586,90.0000000000,82.0000000000,85.0000000000
587,90.0000000000,82.0000000000,85.0000000000
588,90.0000000000,82.0000000000,85.0000000000
589,90.0000000000,82.0000000000,85.0000000000
590,90.0000000000,82.0000000000,146.2144520337
591,90.0000000000,82.0000000000,146.2144520337
592,90.0000000000,307.6000000000,374.2970014337
593,149.0780986379,429.2009149078,580.4915470358
594,328.5684670389,577.3919145161,687.3756570358
595,414.9683790389,650.1079641245,770.1554410358
596,466.2468826379,654.2580645161,774.9403230358
597,456.5634417777,618.8897849462,737.8504301075
598,424.5359148960,513.8360219534,625.8889247312
599,334.2950546809,431.5322585125,464.4755918530
600,231.3010757276,312.7983870968,320.6216129032
601,134.7346241146,205.7768821684,199.3317208853
602,90.0000000000,132.3763440860,135.9309681971
603,90.0000000000,82.0000000000,100.3862370143
604,90.0000000000,82.0000000000,85.0000000000
605,90.0000000000,82.0000000000,85.0000000000
606,90.0000000000,82.0000000000,85.0000000000
607,90.0000000000,82.0000000000,85.0000000000
608,90.0000000000,82.0000000000,85.0000000000
609,90.0000000000,82.0000000000,85.0000000000
610,90.0000000000,82.0000000000,85.0000000000
611,90.0000000000,82.0000000000,85.0000000000
612,90.0000000000,82.0000000000,85.0000000000
613,90.0000000000,82.0000000000,85.0000000000
614,90.0000000000,125.6455645494,85.0000000000
615,90.0000000000,125.6455645494,320.0000000000
616,212.3783170182,351.2455645494,426.9340944912
617,212.3783170182,542.6413145494,619.7580804912
618,383.5425414192,695.1915645494,744.4775624912
619,469.8702614192,748.0736141578,804.6348368891
620,484.7279014192,765.3602141578,803.1710739034
621,502.4081734192,706.1344081542,726.7384937134
622,422.7591407024,607.7338705198,640.9826868066
623,328.2103239569,466.2365582438,483.1472033908
624,233.9561304085,347.9865586918,366.1680636058
625,164.4898933906,203.3978494624,257.1548377994
626,112.5569897060,108.3306451613,145.0297844911
627,90.0000000000,82.0000000000,85.0000000000
628,90.0000000000,82.0000000000,85.0000000000
629,90.0000000000,82.0000000000,85.0000000000
630,90.0000000000,82.0000000000,85.0000000000
631,90.0000000000,82.0000000000,85.0000000000
632,90.0000000000,82.0000000000,85.0000000000
633,90.0000000000,82.0000000000,85.0000000000
634,90.0000000000,82.0000000000,85.0000000000
635,90.0000000000,82.0000000000,85.0000000000
636,90.0000000000,82.0000000000,85.0000000000
637,90.0000000000,82.0000000000,85.0000000000
638,90.0000000000,82.0000000000,85.0000000000
639,90.0000000000,108.3499744955,85.0000000000
640,90.0000000000,333.9499744955,314.8901851793
641,260.5475209745,553.4164741039,505.7802151793
642,405.5902729745,680.5279744955,636.8745887814
643,481.7028249745,763.5017741039,690.7405371793
644,504.9106729745,780.4946241039,687.9521496273
645,507.9961285735,742.6666675626,657.2668812653
646,453.0799995413,627.6935492831,585.3308593048
647,334.8855909391,514.3548396056,475.9055904875
648,222.8490313406,347.6505380824,333.0348377994
649,139.2615049176,237.9677419355,220.1296769642
650,91.7604301075,134.0833333333,106.1883866416
651,90.0000000000,82.0000000000,95.6612898674
652,90.0000000000,82.0000000000,85.0000000000
653,90.0000000000,82.0000000000,85.0000000000
654,90.0000000000,82.0000000000,85.0000000000
655,90.0000000000,82.0000000000,85.0000000000
656,90.0000000000,82.0000000000,85.0000000000
657,90.0000000000,82.0000000000,85.0000000000
658,90.0000000000,82.0000000000,85.0000000000
659,90.0000000000,82.0000000000,85.0000000000
660,90.0000000000,82.0000000000,85.0000000000
661,90.0000000000,82.0000000000,85.0000000000
662,90.0000000000,82.0000000000,85.0000000000
663,90.0000000000,82.0000000000,150.0265424837
664,90.0000000000,281.2433167896,385.0265424837
665,204.3150395413,465.4833163980,585.8131740858
666,375.9725751402,627.3748163980,711.7025800858
667,507.6729675413,721.8871160064,759.8024744837
668,578.1064151402,729.6209663980,758.9122594300
669,588.7599995413,698.5134399642,732.6788190249
670,527.5952683585,604.6559130825,628.4738723332
671,419.4481715843,459.0053754481,497.5132267168
672,312.0223651327,338.2822571685,383.6066671218
673,191.6451603729,225.2258055556,235.3600000000
674,122.9896769606,119.2177414875,117.3082791147
675,90.0000000000,83.2634404122,85.0000000000
676,90.0000000000,82.0000000000,85.0000000000
677,90.0000000000,82.0000000000,85.0000000000
678,90.0000000000,82.0000000000,85.0000000000
679,90.0000000000,82.0000000000,85.0000000000
680,90.0000000000,82.0000000000,85.0000000000
681,90.0000000000,82.0000000000,85.0000000000
682,90.0000000000,82.0000000000,85.0000000000
683,90.0000000000,82.0000000000,85.0000000000
684,90.0000000000,82.0000000000,85.0000000000
685,90.0000000000,82.0000000000,85.0000000000
686,90.0000000000,82.0000000000,85.0000000000
687,90.0000000000,82.0000000000,320.0000000000
688,90.0000000000,283.5684377007,428.3816120000
689,175.7877614914,468.5839377007,648.7704400000
690,342.7167214914,630.3931873091,785.3801700000
691,438.3812738925,692.8162373091,841.9441056021
692,473.1037458925,717.0940869175,850.0000000000
693,484.5995698925,709.1451621863,790.6509672868
694,434.3217204301,609.8037638888,693.1920421004
695,350.5909677419,517.5537638888,588.9560205951
696,231.8240864802,380.0430107527,457.7269897025
697,146.9015053763,240.9247316308,284.2168821756
698,90.0000000000,155.8440860215,157.3297858565
699,90.0000000000,92.7123655914,102.3117208853
700,90.0000000000,82.0000000000,85.0000000000
701,90.0000000000,82.0000000000,85.0000000000
702,90.0000000000,82.0000000000,85.0000000000
703,90.0000000000,82.0000000000,85.0000000000
704,90.0000000000,82.0000000000,85.0000000000
705,90.0000000000,82.0000000000,85.0000000000
706,90.0000000000,82.0000000000,85.0000000000
707,90.0000000000,82.0000000000,85.0000000000
708,90.0000000000,82.0000000000,85.0000000000
709,90.0000000000,82.0000000000,85.0000000000
710,90.0000000000,82.0000000000,85.0000000000
711,90.0000000000,166.7802318101,85.0000000000
712,90.0000000000,392.3802318101,263.3602160180
713,121.8382147674,580.1217318101,466.4508816201
714,278.7324867674,708.8312318101,579.6979460180
715,357.3717587674,772.6290318101,657.6428404159
716,419.3948391684,749.2849457886,662.0098920180
717,392.8649471540,702.3844077062,648.9544086022
718,384.4692477706,626.6720425628,580.5279565341
719,326.4761294910,484.0188163083,450.4959139785
720,243.8107526882,374.0752683692,307.1198929283
721,165.6047307241,221.7446236559,191.5927956989
722,99.1789242724,147.9408602151,110.0433333333
723,90.0000000000,82.0000000000,85.0000000000
724,90.0000000000,82.0000000000,85.0000000000
725,90.0000000000,82.0000000000,85.0000000000
726,90.0000000000,82.0000000000,85.0000000000
727,90.0000000000,82.0000000000,85.0000000000
728,90.0000000000,82.0000000000,85.0000000000
729,90.0000000000,82.0000000000,85.0000000000
730,90.0000000000,82.0000000000,85.0000000000
731,90.0000000000,82.0000000000,85.0000000000
732,90.0000000000,82.0000000000,85.0000000000
733,90.0000000000,82.0000000000,85.0000000000
734,90.0000000000,82.0000000000,85.0000000000
735,90.0000000000,82.0000000000,85.0000000000
736,90.0000000000,307.6000000000,288.3903223154
737,171.0689819642,475.1699113233,489.1292019175
738,345.8909335632,568.6411609317,600.8601403154
739,455.1757099642,642.7084613233,673.7671979175
740,461.8275259642,683.2365609317,704.3978499175
741,431.6916124445,615.2741948923,675.7746241111
742,387.6898920144,504.6021518816,565.5610757240
743,318.0804301075,392.7419363798,454.4151617455
744,228.6159139785,275.5537643368,324.6677423906
745,159.1359144372,159.0698929211,196.8230107527
746,104.3952692759,104.4731187276,100.2930112078
747,90.0000000000,90.7500004480,85.0000000000
748,90.0000000000,82.0000000000,85.0000000000
749,90.0000000000,82.0000000000,85.0000000000
750,90.0000000000,82.0000000000,85.0000000000
751,90.0000000000,82.0000000000,85.0000000000
752,90.0000000000,82.0000000000,85.0000000000
753,90.0000000000,82.0000000000,85.0000000000
754,90.0000000000,82.0000000000,85.0000000000
755,90.0000000000,82.0000000000,85.0000000000
756,90.0000000000,82.0000000000,85.0000000000
757,90.0000000000,82.0000000000,85.0000000000
758,90.0000000000,82.0000000000,85.0000000000
759,90.0000000000,100.6621599794,111.6257831398
760,90.0000000000,326.2621599794,343.9904927419
761,90.0000000000,529.2904095878,547.0095307419
762,273.9952918710,659.5391595878,682.1628251398
763,337.5223714699,733.2657095878,762.2565591398
764,388.4399158710,741.9865595878,739.5988167491
765,390.8154838710,669.2258068996,667.4678494624
766,358.5539784946,619.4677423835,581.1384941685
767,313.2232258065,494.0994628136,493.3305367241
768,215.6382800286,373.0403230286,347.8924726631
769,124.9901079856,232.3629036738,223.0247311828
770,90.0000000000,126.2204301075,173.3481724982
771,90.0000000000,82.0000000000,107.1049462366
772,90.0000000000,82.0000000000,85.0000000000
773,90.0000000000,82.0000000000,85.0000000000
774,90.0000000000,82.0000000000,85.0000000000
775,90.0000000000,82.0000000000,85.0000000000
776,90.0000000000,82.0000000000,85.0000000000
777,90.0000000000,82.0000000000,85.0000000000
778,90.0000000000,82.0000000000,85.0000000000
779,90.0000000000,82.0000000000,85.0000000000
780,90.0000000000,82.0000000000,85.0000000000
781,90.0000000000,82.0000000000,85.0000000000
782,90.0000000000,82.0000000000,85.0000000000
783,90.0000000000,122.0007927088,116.8013496895
784,109.9689839137,347.6007927088,345.4987064874
785,109.9689839137,543.6025431004,543.5873504874
786,259.9448555126,699.1607931004,677.8094804874
787,355.1281275126,804.3068431004,729.1684488853
788,445.6309515126,808.7741931004,747.7417208853
789,461.2417195126,723.8360206094,712.0037643512
790,422.9793543800,640.6370954302,613.7801088923
791,350.4107526882,542.4865582438,485.5916147238
792,283.5458064516,377.3145156810,335.8109691074
793,162.8658059929,265.0645156810,215.0400009103
794,103.5006447026,157.6586021505,98.6406456164
795,90.0000000000,82.0000000000,85.0000000000
796,90.0000000000,82.0000000000,85.0000000000
797,90.0000000000,82.0000000000,85.0000000000
798,90.0000000000,82.0000000000,85.0000000000
799,90.0000000000,82.0000000000,85.0000000000
800,90.0000000000,82.0000000000,85.0000000000
801,90.0000000000,82.0000000000,85.0000000000
802,90.0000000000,82.0000000000,85.0000000000
803,90.0000000000,82.0000000000,85.0000000000
804,90.0000000000,82.0000000000,85.0000000000
805,90.0000000000,82.0000000000,85.0000000000
806,90.0000000000,82.0000000000,85.0000000000
807,90.0000000000,82.0000000000,85.0000000000
808,90.0000000000,245.3229682796,282.5892000465
809,226.1112416918,441.6302178879,470.6499236487
810,394.5923292908,615.9414678879,593.3160700465
811,475.6380012908,675.6032682796,633.1548684444
812,517.9286016918,675.7231182796,673.0494080465
813,478.9152688172,649.0107531362,673.5623660465
814,439.9096769606,589.3333337813,592.7500004552
815,357.9131178208,478.6290331540,467.6887101326
816,236.4073109105,335.7016133512,321.8409681971
817,116.5118274983,219.0833337813,188.5202155089
818,90.0000000000,116.5833337813,123.2895703476
819,90.0000000000,82.0000000000,85.0000000000
820,90.0000000000,82.0000000000,85.0000000000
821,90.0000000000,82.0000000000,85.0000000000
822,90.0000000000,82.0000000000,85.0000000000
823,90.0000000000,82.0000000000,85.0000000000
824,90.0000000000,82.0000000000,85.0000000000
825,90.0000000000,82.0000000000,85.0000000000
826,90.0000000000,82.0000000000,85.0000000000
827,90.0000000000,82.0000000000,85.0000000000
828,90.0000000000,82.0000000000,85.0000000000
829,90.0000000000,82.0000000000,85.0000000000
830,90.0000000000,147.9416826395,85.0000000000
831,90.0000000000,147.9416826395,142.2137751426
832,90.0000000000,373.5416826395,377.1702249426
833,173.1742709099,547.8529330311,581.7173273405
834,345.8545273109,669.6651830311,699.6799009426
835,444.6113033109,761.6747334227,783.4505385447
836,490.4393109099,746.7311850356,767.6753772544
837,492.6223665089,710.2069914872,716.8066675770
838,438.9311837132,624.1586039425,624.3184950788
839,343.1161304085,500.1209695339,496.4304310178
840,255.2481729605,336.4677432794,343.6318293224
841,179.4094632831,197.4569901433,229.1562374694
842,124.9440864802,140.7096778673,161.9727961541
843,90.0000000000,82.0000000000,110.9422580645
844,90.0000000000,82.0000000000,85.0000000000
845,90.0000000000,82.0000000000,85.0000000000
846,90.0000000000,82.0000000000,85.0000000000
847,90.0000000000,82.0000000000,85.0000000000
848,90.0000000000,82.0000000000,85.0000000000
849,90.0000000000,82.0000000000,85.0000000000
850,90.0000000000,82.0000000000,85.0000000000
851,90.0000000000,82.0000000000,85.0000000000
852,90.0000000000,82.0000000000,85.0000000000
853,90.0000000000,82.0000000000,85.0000000000
854,90.0000000000,82.0000000000,85.0000000000
855,90.0000000000,307.6000000000,85.0000000000
856,90.0000000000,356.9102443780,264.1997191325
857,248.3973573052,546.7784943780,474.2263631325
858,451.9998533052,659.4257447697,604.0314331325
859,534.3810777062,713.4357947697,701.2442587346
860,558.1784937062,717.0806451613,714.7080663367
861,538.3513973907,649.0913974015,661.9411846163
862,482.6369892473,565.9731178316,592.7773131934
863,405.7604305663,430.1344081542,473.4105385447
864,275.3772047598,311.8037629929,344.6873131934
865,179.8292473118,199.4596769714,212.2815062866
866,129.7681720430,108.0080645161,140.3184950788
867,99.9303230394,82.0000000000,85.0000000000
868,90.0000000000,82.0000000000,85.0000000000
869,90.0000000000,82.0000000000,85.0000000000
870,90.0000000000,82.0000000000,85.0000000000
871,90.0000000000,82.0000000000,85.0000000000
872,90.0000000000,82.0000000000,85.0000000000
873,90.0000000000,82.0000000000,85.0000000000
874,90.0000000000,82.0000000000,85.0000000000
875,90.0000000000,82.0000000000,85.0000000000
876,90.0000000000,82.0000000000,85.0000000000
877,90.0000000000,82.0000000000,85.0000000000
878,90.0000000000,82.0000000000,85.0000000000
879,90.0000000000,82.0000000000,85.0000000000
880,90.0000000000,298.0767792116,320.0000000000
881,220.2577992840,473.7157792116,451.5342547205
882,382.7349196850,595.5867792116,621.2599971184
883,510.4647520860,627.4128292116,697.9275255163
884,593.7363440860,634.9704292116,677.4410739034
885,572.7393543800,629.2930103047,636.5958055413
886,497.9488172043,568.0161290323,553.2707517779
887,395.6787096774,455.8467741935,472.3317195198
888,288.9961294910,332.1666662187,343.4036554588
889,201.0593548387,192.3225801972,248.1146232008
890,108.2215058351,96.4892473118,127.7140855664
891,90.0000000000,86.9193543907,85.0000000000
892,90.0000000000,82.0000000000,85.0000000000
893,90.0000000000,82.0000000000,85.0000000000
894,90.0000000000,82.0000000000,85.0000000000
895,90.0000000000,82.0000000000,85.0000000000
896,90.0000000000,82.0000000000,85.0000000000
897,90.0000000000,82.0000000000,85.0000000000
898,90.0000000000,82.0000000000,85.0000000000
899,90.0000000000,82.0000000000,85.0000000000
900,90.0000000000,82.0000000000,85.0000000000
901,90.0000000000,82.0000000000,85.0000000000
902,90.0000000000,82.0000000000,85.0000000000
903,90.0000000000,156.0746188172,131.0014885234
904,90.0000000000,381.6746188172,366.0014885234
905,329.6184075990,576.5013684256,557.6197365234
906,398.5139916273,708.5831184256,703.0635861255
907,498.4138072263,747.7176684256,766.7903221255
908,561.7363436273,750.5752688172,763.1416119929
909,549.0799990825,712.6935483871,686.9958059965
910,465.3432248890,630.5833328853,594.6715044660
911,357.0722576058,492.7688172043,448.1431178244
912,241.6774193548,361.3736563620,302.4455913978
913,150.4787101362,217.8064520609,213.8069892473
914,95.8068821792,138.3844090501,149.8736559140
915,90.0000000000,82.0000000000,102.2707522330
916,90.0000000000,82.0000000000,85.0000000000
917,90.0000000000,82.0000000000,85.0000000000
918,90.0000000000,82.0000000000,85.0000000000
919,90.0000000000,82.0000000000,85.0000000000
920,90.0000000000,82.0000000000,85.0000000000
921,90.0000000000,82.0000000000,85.0000000000
922,90.0000000000,82.0000000000,85.0000000000
923,90.0000000000,82.0000000000,85.0000000000
924,90.0000000000,82.0000000000,85.0000000000
925,90.0000000000,82.0000000000,85.0000000000
926,90.0000000000,82.0000000000,85.0000000000
927,90.0000000000,93.5359368048,182.8608896741
928,90.0000000000,319.1359368048,407.6449692762
929,158.0836556849,485.5276864131,619.4503752762
930,344.6969680859,608.9966864131,741.6390012762
931,430.4832480859,676.5544864131,808.9710132762
932,498.7148400859,700.8440860215,820.9783852762
933,456.1367755698,673.2043006273,737.7451599249
934,398.5780654336,609.5080640681,627.4496765091
935,323.0090331755,491.0215053763,506.5670963190
936,236.4623665089,367.6639784946,367.6702150538
937,135.4778499211,235.6962365591,246.7080649713
938,90.0000000000,148.2500000000,171.7270967742
939,90.0000000000,82.0000000000,85.0000000000
940,90.0000000000,82.0000000000,85.0000000000
941,90.0000000000,82.0000000000,85.0000000000
942,90.0000000000,82.0000000000,85.0000000000
943,90.0000000000,82.0000000000,85.0000000000
944,90.0000000000,82.0000000000,85.0000000000
945,90.0000000000,82.0000000000,85.0000000000
946,90.0000000000,82.0000000000,85.0000000000
947,90.0000000000,82.0000000000,85.0000000000
948,90.0000000000,82.0000000000,85.0000000000
949,90.0000000000,82.0000000000,85.0000000000
950,90.0000000000,82.0000000000,85.0000000000
951,90.0000000000,99.4103239579,140.8882882188
952,90.0000000000,325.0103239579,375.8882882188
953,270.6780791398,529.0255743495,558.6366022188
954,426.7541755408,674.6785739579,701.7167282188
955,546.1458311398,718.6423739579,779.2079782188
956,608.0365591398,736.8924735663,797.4589238209
957,588.5122580645,732.0618284050,775.3495689822
958,490.6541935484,589.0645161290,688.1052679069
959,396.9587096774,447.4059139785,581.0151599249
960,290.7716129032,327.4086017026,489.8730089321
961,198.6232258065,218.3978494624,308.5653749786
962,135.8447311828,139.1370963262,197.6147302725
963,90.0000000000,82.0000000000,110.1092468567
964,90.0000000000,82.0000000000,85.0000000000
965,90.0000000000,82.0000000000,85.0000000000
966,90.0000000000,82.0000000000,85.0000000000
967,90.0000000000,82.0000000000,85.0000000000
968,90.0000000000,82.0000000000,85.0000000000
969,90.0000000000,82.0000000000,85.0000000000
970,90.0000000000,82.0000000000,85.0000000000
971,90.0000000000,82.0000000000,85.0000000000
972,90.0000000000,82.0000000000,85.0000000000
973,90.0000000000,82.0000000000,85.0000000000
974,90.0000000000,82.0000000000,85.0000000000
975,90.0000000000,82.0000000000,252.1605835807
976,313.5833920005,275.3490705428,465.3767415807
977,313.5833920005,471.1275709344,641.0935735807
978,467.1688644015,620.9988209344,771.5194191828
979,545.3027924015,681.6476209344,811.1552711828
980,595.8834404015,693.8817213261,819.2947311828
981,567.8670967742,661.9408611110,770.7338709677
982,475.6520430108,576.5107535841,658.1715058315
983,370.5053758854,426.4650546594,509.7859144336
984,247.9810748101,309.2903234766,356.0177419355
985,162.8933328746,195.1182800179,221.3450533083
986,95.9720425520,111.9462370071,122.2887092223
987,90.0000000000,82.0000000000,89.0245156739
988,90.0000000000,82.0000000000,85.0000000000
989,90.0000000000,82.0000000000,85.0000000000
990,90.0000000000,82.0000000000,85.0000000000
991,90.0000000000,82.0000000000,85.0000000000
992,90.0000000000,82.0000000000,85.0000000000
993,90.0000000000,82.0000000000,85.0000000000
994,90.0000000000,82.0000000000,85.0000000000
995,90.0000000000,82.0000000000,85.0000000000
996,90.0000000000,82.0000000000,85.0000000000
997,90.0000000000,82.0000000000,85.0000000000
998,90.0000000000,82.0000000000,85.0000000000
999,90.0000000000,82.0000000000,194.3310988315
1000,90.0000000000,307.6000000000,429.3310988315
1001,193.1738374199,426.0410483638,617.0336828315
1002,338.8663178210,555.5847983638,747.8892972294
1003,423.8584858210,628.0540979721,787.0834436273
1004,499.8146218210,640.5349475805,811.5421496273
1005,463.2236545378,623.6747325267,759.8950533083
1006,461.6546227384,545.2338718637,650.9241935484
1007,382.1079560718,436.6935488351,505.8160215054
1008,295.3135474696,334.3172043011,352.4575268817
1009,175.8997844875,196.9596774194,211.9674198100
1010,111.7449462366,119.6478494624,140.8374193548
1011,90.0000000000,88.2365595878,85.0000000000
1012,90.0000000000,82.0000000000,85.0000000000
1013,90.0000000000,82.0000000000,85.0000000000
1014,90.0000000000,82.0000000000,85.0000000000
1015,90.0000000000,82.0000000000,85.0000000000
1016,90.0000000000,82.0000000000,85.0000000000
1017,90.0000000000,82.0000000000,85.0000000000
1018,90.0000000000,82.0000000000,85.0000000000
1019,90.0000000000,82.0000000000,85.0000000000
1020,90.0000000000,82.0000000000,85.0000000000
1021,90.0000000000,82.0000000000,85.0000000000
1022,90.0000000000,82.0000000000,85.0000000000
1023,90.0000000000,82.0000000000,187.0428600610
1024,90.0000000000,300.0300838146,422.0428600610
1025,168.6888681857,525.6300838146,615.1056056631
1026,323.3451877846,640.0985838146,742.8692776631
1027,421.8492913836,736.4321334230,773.4680640610
1028,503.7372033836,742.6854834230,761.2980645161
1029,454.5939780359,672.3440860215,728.5097849462
1030,445.4963436273,612.5053767921,669.0552692724
1031,376.4374193548,497.3924731183,557.4177423906
1032,281.0683870968,365.6747316308,411.6519359390
1033,206.6886016918,223.8279574372,292.3284950788
1034,119.3423651327,130.0510757168,159.2006456164
1035,90.0000000000,82.0000000000,90.5266666667
1036,90.0000000000,82.0000000000,85.0000000000
1037,90.0000000000,82.0000000000,85.0000000000
1038,90.0000000000,82.0000000000,85.0000000000
1039,90.0000000000,82.0000000000,85.0000000000
1040,90.0000000000,82.0000000000,85.0000000000
1041,90.0000000000,82.0000000000,85.0000000000
1042,90.0000000000,82.0000000000,85.0000000000
1043,90.0000000000,82.0000000000,85.0000000000
1044,90.0000000000,82.0000000000,85.0000000000
1045,90.0000000000,82.0000000000,85.0000000000
1046,90.0000000000,82.0000000000,85.0000000000
1047,90.0000000000,82.0000000000,219.1900105270
1048,90.0000000000,247.0418813621,454.1900105270
1049,149.1462073123,436.5341313621,643.0744565270
1050,329.5028793123,587.0986313621,740.2290969249
1051,449.1351753123,651.1901813621,815.5595685270
1052,489.5126877133,683.1290313621,802.1059121579
1053,458.0417204301,646.6854829750,747.6183857313
1054,391.0137638996,578.0295685485,655.2531173693
1055,303.8283875555,466.8817195341,538.4673113728
1056,205.8030112114,367.9999991040,365.6764511578
1057,148.2559148960,232.4032253585,244.6460205951
1058,100.6722585233,139.3790322581,155.0668812653
1059,98.0447311828,82.0000000000,85.0000000000
1060,90.0000000000,82.0000000000,85.0000000000
1061,90.0000000000,82.0000000000,85.0000000000
1062,90.0000000000,82.0000000000,85.0000000000
1063,90.0000000000,82.0000000000,85.0000000000
1064,90.0000000000,82.0000000000,85.0000000000
1065,90.0000000000,82.0000000000,85.0000000000
1066,90.0000000000,82.0000000000,85.0000000000
1067,90.0000000000,82.0000000000,85.0000000000
1068,90.0000000000,82.0000000000,85.0000000000
1069,90.0000000000,82.0000000000,85.0000000000
1070,90.0000000000,82.0000000000,85.0000000000
1071,90.0000000000,82.0000000000,213.0681570215
1072,90.0000000000,239.9770941757,448.0681570215
1073,119.4891213191,448.4455941757,631.0791070215
1074,282.9408337201,586.0380937840,752.3246306237
1075,414.9299933191,665.2753941757,813.1384946237
1076,469.3849453191,683.4784941757,809.8311832509
1077,447.7686012331,630.7311818997,756.5180645161
1078,384.2503212044,547.2634404122,631.4059144336
1079,311.1036549965,457.7553763441,495.7476353189
1080,254.1896765019,354.5456989247,373.2105385447
1081,155.3522576058,215.8440855735,261.3568826307
1082,90.0000000000,115.3333333333,147.0468826307
1083,90.0000000000,82.0000000000,91.8786026057
1084,90.0000000000,82.0000000000,85.0000000000
1085,90.0000000000,82.0000000000,85.0000000000
1086,90.0000000000,82.0000000000,85.0000000000
1087,90.0000000000,82.0000000000,85.0000000000
1088,90.0000000000,82.0000000000,85.0000000000
1089,90.0000000000,82.0000000000,85.0000000000
1090,90.0000000000,82.0000000000,85.0000000000
1091,90.0000000000,82.0000000000,85.0000000000
1092,90.0000000000,82.0000000000,85.0000000000
1093,90.0000000000,82.0000000000,85.0000000000
1094,90.0000000000,82.0000000000,85.0000000000
1095,90.0000000000,186.8888503916,144.4044780575
1096,90.0000000000,412.4888503916,379.4044780575
1097,181.1802713697,612.3916000000,563.4779096596
1098,340.7215837707,715.8856000000,729.1447320575
1099,419.8301037707,784.0661496084,778.7129996596
1100,477.9307517707,820.0000000000,783.3426872617
1101,460.4984937062,746.7016129032,737.8544081470
1102,413.9505371757,661.0833333333,642.9491393298
1103,324.7694619069,517.7849462366,488.0633328782
1104,227.1569892473,395.6236554660,377.4068817204
1105,138.0365586810,220.7258060036,240.2351617455
1106,114.0847307241,123.3064511649,131.6333333333
1107,90.0000000000,82.0000000000,85.0000000000
1108,90.0000000000,82.0000000000,85.0000000000
1109,90.0000000000,82.0000000000,85.0000000000
1110,90.0000000000,82.0000000000,85.0000000000
1111,90.0000000000,82.0000000000,85.0000000000
1112,90.0000000000,82.0000000000,85.0000000000
1113,90.0000000000,82.0000000000,85.0000000000
1114,90.0000000000,82.0000000000,85.0000000000
1115,90.0000000000,82.0000000000,85.0000000000
1116,90.0000000000,82.0000000000,85.0000000000
1117,90.0000000000,82.0000000000,85.0000000000
1118,90.0000000000,82.0000000000,125.0557356701
1119,90.0000000000,82.0000000000,125.0557356701
1120,90.0000000000,307.6000000000,360.0557356701
1121,334.4000000000,414.1040170019,537.1454380680
1122,399.2776742086,563.1057670019,677.8140884659
1123,463.6590266096,666.6068166103,732.5276348638
1124,508.2718030106,691.1666662187,723.0888172043
1125,516.3505390106,640.8655913978,715.8507522330
1126,461.6133342508,558.3118284050,612.7929032258
1127,359.8249471540,457.8763445340,509.0894623656
1128,291.9139789534,327.0188176523,368.5402150538
1129,216.5294623656,219.2983870968,264.6616129032
1130,132.1423655914,117.0403221327,180.9545156739
1131,90.0000000000,82.0000000000,94.8009677419
1132,90.0000000000,82.0000000000,85.0000000000
1133,90.0000000000,82.0000000000,85.0000000000
1134,90.0000000000,82.0000000000,85.0000000000
1135,90.0000000000,82.0000000000,85.0000000000
1136,90.0000000000,82.0000000000,85.0000000000
1137,90.0000000000,82.0000000000,85.0000000000
1138,90.0000000000,82.0000000000,85.0000000000
1139,90.0000000000,82.0000000000,85.0000000000
1140,90.0000000000,82.0000000000,85.0000000000
1141,90.0000000000,82.0000000000,85.0000000000
1142,90.0000000000,82.0000000000,85.0000000000
1143,90.0000000000,119.5357554096,118.0058210681
1144,90.0000000000,345.1357554096,352.6745650681
1145,114.5993253612,532.2780050180,553.1149950681
1146,278.0871329602,658.0735050180,666.9470210681
1147,360.6007089602,713.8695554096,760.3038726702
1148,398.8004285591,745.3736550180,775.0808606702
1149,435.1062365591,701.9139780466,715.8956989247
1150,402.1152683585,600.7983870968,611.8409677419
1151,334.0748377922,469.2876344086,518.3384941685
1152,247.1152678997,338.4704305555,375.2355909427
1153,158.6004296488,209.5134408602,249.6713978495
1154,90.0000000000,153.2500000000,133.5315053763
1155,90.0000000000,82.0000000000,85.0000000000
1156,90.0000000000,82.0000000000,85.0000000000
1157,90.0000000000,82.0000000000,85.0000000000
1158,90.0000000000,82.0000000000,85.0000000000
1159,90.0000000000,82.0000000000,85.0000000000
1160,90.0000000000,82.0000000000,85.0000000000
1161,90.0000000000,82.0000000000,85.0000000000
1162,90.0000000000,82.0000000000,85.0000000000
1163,90.0000000000,82.0000000000,85.0000000000
1164,90.0000000000,82.0000000000,85.0000000000
1165,90.0000000000,82.0000000000,85.0000000000
1166,90.0000000000,82.0000000000,85.0000000000
1167,90.0000000000,83.3222020942,208.6355088102
1168,124.0941382084,308.9222020942,443.6355088102
1169,124.0941382084,489.1202017026,616.6543524123
1170,321.2715462084,609.1229517026,720.6614044123
1171,409.4040666094,681.7332517026,754.4356980144
1172,441.7321702084,693.9086017026,736.9535479319
1173,457.0301066094,669.1989242832,673.9993543836
1174,387.3870963155,642.8817204301,585.5260205951
1175,307.0559139785,517.4059135305,496.3251603800
1176,238.5944086022,390.8763436380,375.1399990897
1177,163.3200004587,254.4462361112,262.6581711327
1178,108.1526881720,138.1962365591,151.1476339535
1179,90.0000000000,82.0000000000,85.0000000000
1180,90.0000000000,82.0000000000,85.0000000000
1181,90.0000000000,82.0000000000,85.0000000000
1182,90.0000000000,82.0000000000,85.0000000000
1183,90.0000000000,82.0000000000,85.0000000000
1184,90.0000000000,82.0000000000,85.0000000000
1185,90.0000000000,82.0000000000,85.0000000000
1186,90.0000000000,82.0000000000,85.0000000000
1187,90.0000000000,82.0000000000,85.0000000000
1188,90.0000000000,82.0000000000,85.0000000000
1189,90.0000000000,82.0000000000,85.0000000000
1190,90.0000000000,82.0000000000,85.0000000000
1191,90.0000000000,82.0000000000,97.2252225987
1192,90.0000000000,266.0972581542,331.7268345987
1193,203.1738659219,466.6462577625,531.8688142008
1194,376.8046499219,616.8817581542,682.6608882008
1195,473.2633143229,699.1740577625,756.1290318029
1196,491.9832267239,742.1344081542,743.1943010753
1197,489.8559144372,680.1129032258,687.2182795699
1198,431.5539789534,584.6155913978,609.1644081470
1199,364.2705376344,440.2956989247,507.6595694373
1200,251.0365591398,329.7204301075,369.7186021505
1201,156.6860215054,202.5376344086,246.2847311828
1202,127.7518274983,138.7741939964,134.4327961541
1203,90.0000000000,82.0000000000,85.0000000000
1204,90.0000000000,82.0000000000,85.0000000000
1205,90.0000000000,82.0000000000,85.0000000000
1206,90.0000000000,82.0000000000,85.0000000000
1207,90.0000000000,82.0000000000,85.0000000000
1208,90.0000000000,82.0000000000,85.0000000000
1209,90.0000000000,82.0000000000,85.0000000000
1210,90.0000000000,82.0000000000,85.0000000000
1211,90.0000000000,82.0000000000,85.0000000000
1212,90.0000000000,82.0000000000,85.0000000000
1213,90.0000000000,82.0000000000,85.0000000000
1214,90.0000000000,82.0000000000,85.0000000000
1215,90.0000000000,82.0000000000,148.6260500000
1216,90.0000000000,292.9898662420,383.6260500000
1217,224.6929525457,480.6021158504,587.0032276021
1218,395.7368565457,605.4341162420,727.8151340000
1219,461.8508169467,689.5594166336,806.4046800000
1220,489.1134493477,709.3252670253,850.0000000000
1221,508.8632253477,658.8225788532,794.7067741935
1222,441.0094623656,566.7123642474,676.1358069068
1223,369.5419350251,468.4139775987,531.0276348638
1224,311.0313978495,340.2311823477,352.1325815555
1225,222.5716124445,221.9731178316,241.6854852364
1226,114.4288167456,127.7123651434,134.6404314730
1227,90.0000000000,94.7419350359,85.0000000000
1228,90.0000000000,82.0000000000,85.0000000000
1229,90.0000000000,82.0000000000,85.0000000000
1230,90.0000000000,82.0000000000,85.0000000000
1231,90.0000000000,82.0000000000,85.0000000000
1232,90.0000000000,82.0000000000,85.0000000000
1233,90.0000000000,82.0000000000,85.0000000000
1234,90.0000000000,82.0000000000,85.0000000000
1235,90.0000000000,82.0000000000,85.0000000000
1236,90.0000000000,82.0000000000,85.0000000000
1237,90.0000000000,82.0000000000,85.0000000000
1238,90.0000000000,82.0000000000,85.0000000000
1239,90.0000000000,82.0000000000,171.5147089886
1240,90.0000000000,220.0421098567,405.4623981865
1241,121.1906888019,419.3691094651,583.3041937886
1242,282.9097928019,546.6451098567,712.7391861865
1243,378.0930644009,617.0699094651,823.2390061865
1244,421.3462239999,642.7930098567,829.4683861865
1245,428.4984959999,585.0860206094,785.3320425556
1246,370.9260224228,521.2150533155,661.1621500825
1247,306.0649471540,417.5806442653,523.8105371793
1248,214.0679574480,322.3817199821,402.9121505376
1249,139.0412907813,205.6559139785,288.4911823405
1250,112.5845165878,133.8817204301,173.0750537634
1251,90.0000000000,82.0000000000,96.8630102975
1252,90.0000000000,82.0000000000,85.0000000000
1253,90.0000000000,82.0000000000,85.0000000000
1254,90.0000000000,82.0000000000,85.0000000000
1255,90.0000000000,82.0000000000,85.0000000000
1256,90.0000000000,82.0000000000,85.0000000000
1257,90.0000000000,82.0000000000,85.0000000000
1258,90.0000000000,82.0000000000,85.0000000000
1259,90.0000000000,82.0000000000,85.0000000000
1260,90.0000000000,82.0000000000,85.0000000000
1261,90.0000000000,82.0000000000,85.0000000000
1262,90.0000000000,82.0000000000,85.0000000000
1263,90.0000000000,181.8937782592,112.5433068889
1264,90.0000000000,407.4937782592,347.5433068889
1265,231.6848595273,566.9295282592,573.2326068889
1266,394.4507479284,709.4805278676,682.8385812868
1267,477.8065635273,786.0505782592,739.7009672868
1268,487.1535479284,804.9704278676,737.8958055413
1269,468.6890322581,764.6155896059,698.3478490072
1270,435.3815053763,661.1478476704,618.8054838710
1271,325.9544086022,546.6935470431,487.3668812653
1272,214.4683870968,422.4758055556,382.1864516129
1273,134.1290322581,292.4704296595,253.3038709677
1274,90.0000000000,161.8790318101,157.7570967742
1275,90.0000000000,82.0000000000,85.0000000000
1276,90.0000000000,82.0000000000,85.0000000000
1277,90.0000000000,82.0000000000,85.0000000000
1278,90.0000000000,82.0000000000,85.0000000000
1279,90.0000000000,82.0000000000,85.0000000000
1280,90.0000000000,82.0000000000,85.0000000000
1281,90.0000000000,82.0000000000,85.0000000000
1282,90.0000000000,82.0000000000,85.0000000000
1283,90.0000000000,82.0000000000,85.0000000000
1284,90.0000000000,82.0000000000,85.0000000000
1285,90.0000000000,82.0000000000,85.0000000000
1286,90.0000000000,82.0000000000,85.0000000000
1287,90.0000000000,92.5112752688,127.0591256343
1288,90.0000000000,318.1112752688,362.0591256343
1289,132.1342052469,511.9275256604,537.3342516343
1290,280.1007328458,636.0192756604,671.9503360322
1291,381.2278124448,682.0510752688,733.2417204301
1292,423.1935488458,668.5994623656,728.1181724982
1293,415.3131187383,631.7930112007,702.3217213404
1294,399.7191402437,517.6666666667,617.6037638960
1295,346.4055913978,437.9704301075,457.5696774194
1296,253.3763440860,353.8064516129,314.1253763441
1297,153.3552683585,254.5537629929,178.2782800250
1298,90.4941930897,139.4327956989,116.2840860215
1299,90.0000000000,82.0000000000,85.0000000000
1300,90.0000000000,82.0000000000,85.0000000000
1301,90.0000000000,82.0000000000,85.0000000000
1302,90.0000000000,82.0000000000,85.0000000000
1303,90.0000000000,82.0000000000,85.0000000000
1304,90.0000000000,82.0000000000,85.0000000000
1305,90.0000000000,82.0000000000,85.0000000000
1306,90.0000000000,82.0000000000,85.0000000000
1307,90.0000000000,82.0000000000,85.0000000000
1308,90.0000000000,82.0000000000,85.0000000000
1309,90.0000000000,82.0000000000,85.0000000000
1310,90.0000000000,82.0000000000,85.0000000000
1311,90.0000000000,82.0000000000,320.0000000000
1312,90.0000000000,270.9328474248,354.3754852866
1313,124.2859069249,454.5970978164,553.0490908887
1314,285.4395073259,602.0595982081,641.2144172866
1315,391.8245713259,690.8496478164,683.1304272866
1316,465.4464989249,699.4999982081,691.8070976845
1317,497.5772029249,662.6263422941,655.1541940035
1318,451.1118270395,606.3763422941,559.7163449963
1319,354.9802136776,442.6478476704,447.6008611254
1320,268.5987087599,345.9704287636,311.7355923082
1321,181.9006442438,215.9516120073,195.7851622006
1322,146.0159135198,131.0322576165,164.3665595949
1323,90.0000000000,82.0000000000,85.0000000000
1324,90.0000000000,82.0000000000,85.0000000000
1325,90.0000000000,82.0000000000,85.0000000000
1326,90.0000000000,82.0000000000,85.0000000000
1327,90.0000000000,82.0000000000,85.0000000000
1328,90.0000000000,82.0000000000,85.0000000000
1329,90.0000000000,82.0000000000,85.0000000000
1330,90.0000000000,82.0000000000,85.0000000000
1331,90.0000000000,82.0000000000,85.0000000000
1332,90.0000000000,82.0000000000,85.0000000000
1333,90.0000000000,82.0000000000,85.0000000000
1334,90.0000000000,82.0000000000,85.0000000000
1335,90.0000000000,82.0000000000,134.8182923942
1336,90.0000000000,294.9118962366,369.8182923942
1337,225.5009743377,520.5118962366,544.6278363942
1338,369.9541587388,667.6218958449,701.5560427921
1339,454.5011431398,726.2849462366,763.3607603942
1340,504.4320635408,704.3521505376,779.6419363942
1341,507.1565591398,697.6666666667,717.5890327132
1342,438.7384946237,565.4354834230,634.8375273369
1343,339.2348391684,459.0860215054,517.6147320931
1344,248.6830107527,318.1478499103,350.5183884622
1345,154.4288172043,213.6935483871,227.8355923082
1346,106.3634408602,107.5913978495,108.8552692724
1347,90.0000000000,82.0000000000,85.0000000000
1348,90.0000000000,82.0000000000,85.0000000000
1349,90.0000000000,82.0000000000,85.0000000000
1350,90.0000000000,82.0000000000,85.0000000000
1351,90.0000000000,82.0000000000,85.0000000000
1352,90.0000000000,82.0000000000,85.0000000000
1353,90.0000000000,82.0000000000,85.0000000000
1354,90.0000000000,82.0000000000,85.0000000000
1355,90.0000000000,82.0000000000,85.0000000000
1356,90.0000000000,82.0000000000,85.0000000000
1357,90.0000000000,82.0000000000,85.0000000000
1358,90.0000000000,82.0000000000,85.0000000000
1359,90.0000000000,82.0000000000,85.0000000000
1360,90.0000000000,274.9426291783,287.4172961539
1361,160.6124266090,466.6086295699,480.1696545518
1362,344.7230826090,590.9353795699,605.3547185518
1363,473.9569146090,665.6959295699,673.3910729497
1364,491.1126662079,682.6182795699,698.3989265518
1365,503.4266662079,647.4650537634,693.4960233260
1366,457.7733324159,550.1801079749,590.8341949138
1367,393.5453754266,420.6182800179,453.1002164192
1368,267.9380635987,293.8064520609,307.2251626558
1369,166.0176339499,172.9408602151,200.6426895375
1370,105.3862361004,108.3172043011,114.1907535985
1371,90.0000000000,82.0000000000,90.5266671218
1372,90.0000000000,82.0000000000,85.0000000000
1373,90.0000000000,82.0000000000,85.0000000000
1374,90.0000000000,82.0000000000,85.0000000000
1375,90.0000000000,82.0000000000,85.0000000000
1376,90.0000000000,82.0000000000,85.0000000000
1377,90.0000000000,82.0000000000,85.0000000000
1378,90.0000000000,82.0000000000,85.0000000000
1379,90.0000000000,82.0000000000,85.0000000000
1380,90.0000000000,82.0000000000,85.0000000000
1381,90.0000000000,82.0000000000,85.0000000000
1382,90.0000000000,82.0000000000,85.0000000000
1383,90.0000000000,82.0000000000,85.0000000000
1384,90.0000000000,252.6154448693,293.6452719857
1385,225.2227099642,427.8431948693,503.7316063836
1386,365.1759255632,575.1294444776,659.1317487815
1387,465.4367015632,635.7194944776,737.2079603836
1388,491.2675259642,667.3763440860,742.2793543836
1389,471.6606447026,625.7715058243,694.1827947886
1390,399.6227952402,554.3333333333,584.8295694373
1391,313.9513973907,454.5161294802,482.0274193548
1392,218.0731182796,344.3709677419,359.7224731183
1393,141.3535483871,251.6370967742,248.4423651362
1394,109.2675268817,145.7634408602,119.8755913978
1395,90.0000000000,82.0000000000,85.0000000000
1396,90.0000000000,82.0000000000,85.0000000000
1397,90.0000000000,82.0000000000,85.0000000000
1398,90.0000000000,82.0000000000,85.0000000000
1399,90.0000000000,82.0000000000,85.0000000000
1400,90.0000000000,82.0000000000,85.0000000000
1401,90.0000000000,82.0000000000,85.0000000000
1402,90.0000000000,82.0000000000,85.0000000000
1403,90.0000000000,82.0000000000,85.0000000000
1404,90.0000000000,82.0000000000,85.0000000000
1405,90.0000000000,82.0000000000,85.0000000000
1406,90.0000000000,82.0000000000,85.0000000000
1407,90.0000000000,82.0000000000,194.4574883548
1408,90.0000000000,267.0240301639,429.4574883548
1409,141.6519535481,461.1457801639,608.1349443548
1410,322.9110251470,571.0435301639,697.3030623548
1411,425.6864891470,640.2345805555,708.8726763548
1412,478.1922571470,648.7204305555,733.4030107527
1413,448.5243006165,619.7365595878,720.1290322581
1414,372.8253758854,555.1532258065,603.6201075269
1415,327.8111823370,450.1344081542,480.4023655914
1416,234.2864516129,279.7607526882,361.0744086022
1417,141.7389242724,188.3709677419,226.0330102975
1418,103.7208602151,106.5967746415,148.2935479319
1419,90.0000000000,93.4112907706,85.0000000000
1420,90.0000000000,82.0000000000,85.0000000000
1421,90.0000000000,82.0000000000,85.0000000000
1422,90.0000000000,82.0000000000,85.0000000000
1423,90.0000000000,82.0000000000,85.0000000000
1424,90.0000000000,82.0000000000,85.0000000000
1425,90.0000000000,82.0000000000,85.0000000000
1426,90.0000000000,82.0000000000,85.0000000000
1427,90.0000000000,82.0000000000,85.0000000000
1428,90.0000000000,82.0000000000,85.0000000000
1429,90.0000000000,82.0000000000,85.0000000000
1430,90.0000000000,82.0000000000,85.0000000000
1431,90.0000000000,124.9276825270,108.3900508532
1432,90.0000000000,350.5276825270,343.3900508532
1433,234.7715554973,550.8886825270,520.8020788532
1434,414.1536350963,691.9474329186,653.0425012511
1435,516.7125226953,725.9354825270,728.5401052511
1436,520.5849466953,717.2150524195,727.4313960289
1437,476.7131182796,670.9059130825,675.1151599249
1438,435.1199995413,588.4999991040,608.1772029356
1439,340.4060215054,488.5887092294,481.4498911077
1440,226.0847307241,363.5241931004,352.9724722080
1441,150.3561285735,257.2688163083,234.5230102975
1442,90.0000000000,168.3037629929,158.6544076918
1443,90.0000000000,82.0000000000,98.0101070717
1444,90.0000000000,82.0000000000,85.0000000000
1445,90.0000000000,82.0000000000,85.0000000000
1446,90.0000000000,82.0000000000,85.0000000000
1447,90.0000000000,82.0000000000,85.0000000000
1448,90.0000000000,82.0000000000,85.0000000000
1449,90.0000000000,82.0000000000,85.0000000000
1450,90.0000000000,82.0000000000,85.0000000000
1451,90.0000000000,82.0000000000,85.0000000000
1452,90.0000000000,82.0000000000,85.0000000000
1453,90.0000000000,82.0000000000,85.0000000000
1454,90.0000000000,82.0000000000,85.0000000000
1455,90.0000000000,173.4428630492,145.5737647993
1456,90.0000000000,399.0428630492,380.5737647993
1457,277.1247862940,582.1196134409,568.0017744014
1458,436.9548662940,733.4008630492,690.8828044014
1459,543.7129226950,783.7449130492,756.7941940035
1460,590.3230102940,802.0537634409,728.5102155089
1461,563.6554829535,762.1827956989,678.3106456164
1462,505.0782786524,684.2795694445,562.3752688172
1463,442.9836549965,554.4758055556,473.0924731183
1464,339.0537625234,394.9489242832,360.4559144336
1465,220.3144076847,277.4032258065,238.2783870968
1466,145.8232253477,155.7365586918,142.5813983046
1467,90.0000000000,82.0000000000,102.8443015304
1468,90.0000000000,82.0000000000,85.0000000000
1469,90.0000000000,82.0000000000,85.0000000000
1470,90.0000000000,82.0000000000,85.0000000000
1471,90.0000000000,82.0000000000,85.0000000000
1472,90.0000000000,82.0000000000,85.0000000000
1473,90.0000000000,82.0000000000,85.0000000000
1474,90.0000000000,82.0000000000,85.0000000000
1475,90.0000000000,82.0000000000,85.0000000000
1476,90.0000000000,82.0000000000,85.0000000000
1477,90.0000000000,82.0000000000,85.0000000000
1478,90.0000000000,82.0000000000,85.0000000000
1479,119.2992475690,82.0000000000,157.0738922582
1480,119.2992475690,246.1198306221,392.0738922582
1481,345.0567911680,433.6733302305,581.3881066561
1482,480.3054951680,571.3950798388,691.1253986561
1483,555.9969271680,627.6493798388,764.1040846561
1484,602.7513987669,642.1747298388,757.6286012402
1485,593.7423665089,633.7016120073,733.3343006201
1486,504.0597854050,571.1612894266,632.3521500825
1487,400.4821505376,477.9301070789,502.7707522330
1488,310.9901075269,324.4784941757,383.7432253513
1489,209.3587096774,202.1344081542,253.6589247312
1490,105.7716124445,144.1370967742,159.7372047562
1491,90.0000000000,82.0000000000,85.0000000000
1492,90.0000000000,82.0000000000,85.0000000000
1493,90.0000000000,82.0000000000,85.0000000000
1494,90.0000000000,82.0000000000,85.0000000000
1495,90.0000000000,82.0000000000,85.0000000000
1496,90.0000000000,82.0000000000,85.0000000000
1497,90.0000000000,82.0000000000,85.0000000000
1498,90.0000000000,82.0000000000,85.0000000000
1499,90.0000000000,82.0000000000,85.0000000000
1500,90.0000000000,82.0000000000,85.0000000000
1501,90.0000000000,82.0000000000,85.0000000000
1502,90.0000000000,82.0000000000,85.0000000000
1503,90.0000000000,118.4969359651,238.4117483979
1504,90.0000000000,344.0969359651,473.4117483979
1505,295.5990218776,537.7251863568,668.9814740000
1506,444.9732934766,658.9851863568,795.9811140000
1507,532.1191890756,726.9424859651,842.1470520000
1508,607.6662374766,734.5940855735,850.0000000000
1509,584.3569897060,690.2876339606,745.5454838710
1510,526.8120439282,592.7741935484,640.9718275018
1511,437.6172052185,474.8790322581,508.9323651362
1512,314.2533337921,321.5080645161,392.5063449963
1513,185.6731187383,212.4838714157,251.6748400751
1514,90.0000000000,121.6774198028,131.8341944587
1515,90.0000000000,82.0000000000,88.2324735734
1516,90.0000000000,82.0000000000,85.0000000000
1517,90.0000000000,82.0000000000,85.0000000000
1518,90.0000000000,82.0000000000,85.0000000000
1519,90.0000000000,82.0000000000,85.0000000000
1520,90.0000000000,82.0000000000,85.0000000000
1521,90.0000000000,82.0000000000,85.0000000000
1522,90.0000000000,82.0000000000,85.0000000000
1523,90.0000000000,82.0000000000,85.0000000000
1524,90.0000000000,82.0000000000,85.0000000000
1525,90.0000000000,82.0000000000,85.0000000000
1526,90.0000000000,82.0000000000,85.0000000000
1527,90.0000000000,86.6342802202,115.0569708567
1528,90.0000000000,312.2342802202,350.0569708567
1529,157.0905368884,490.4465302202,534.7153648567
1530,315.8377364874,615.6075306119,661.6075628567
1531,440.2948648884,682.3310806119,706.3528792546
1532,474.5841844874,716.2204310035,721.2492468567
1533,488.4382804874,656.4569901433,650.4975264266
1534,450.0107536056,545.0053767921,566.9676339535
1535,396.1191402437,435.7661294802,433.0299995448
1536,271.0348396271,301.9919354839,341.4781711327
1537,200.9492477706,198.1424735663,225.7872033908
1538,120.8701075269,135.3602150538,125.7203221255
1539,90.0000000000,82.0000000000,85.0000000000
1540,90.0000000000,82.0000000000,85.0000000000
1541,90.0000000000,82.0000000000,85.0000000000
1542,90.0000000000,82.0000000000,85.0000000000
1543,90.0000000000,82.0000000000,85.0000000000
1544,90.0000000000,82.0000000000,85.0000000000
1545,90.0000000000,82.0000000000,85.0000000000
1546,90.0000000000,82.0000000000,85.0000000000
1547,90.0000000000,82.0000000000,85.0000000000
1548,90.0000000000,82.0000000000,85.0000000000
1549,90.0000000000,82.0000000000,85.0000000000
1550,90.0000000000,82.0000000000,85.0000000000
1551,90.0000000000,291.2918017026,91.2767890100
1552,90.0000000000,291.2918017026,325.0275012079
1553,186.6907318131,485.9423017026,542.3840768100
1554,367.5527478131,634.0980517026,678.0507048100
1555,466.0448198131,715.9086017026,762.9554524121
1556,492.7539794121,704.4865582438,784.0118284121
1557,491.2047321003,665.9059130825,713.3010752688
1558,413.5513987669,582.8279560933,625.8929027707
1559,322.1819359426,453.8978490144,501.6099995448
1560,226.4963445448,324.0080636202,374.4572038459
1561,160.8838718852,223.1962352152,213.1827956989
1562,122.9346241146,133.8951603944,122.5658069068
1563,90.0000000000,96.7043006273,85.0000000000
1564,90.0000000000,82.0000000000,85.0000000000
1565,90.0000000000,82.0000000000,85.0000000000
1566,90.0000000000,82.0000000000,85.0000000000
1567,90.0000000000,82.0000000000,85.0000000000
1568,90.0000000000,82.0000000000,85.0000000000
1569,90.0000000000,82.0000000000,85.0000000000
1570,90.0000000000,82.0000000000,85.0000000000
1571,90.0000000000,82.0000000000,85.0000000000
1572,90.0000000000,82.0000000000,85.0000000000
1573,90.0000000000,82.0000000000,85.0000000000
1574,90.0000000000,82.0000000000,85.0000000000
1575,90.0000000000,82.0000000000,205.3773721417
1576,90.0000000000,231.6395473352,437.7265627417
1577,245.3281583365,429.7092973352,639.4921111396
1578,405.0740147375,576.9837977268,781.7604531396
1579,464.4620863365,665.3978481184,842.5026895375
1580,512.4077263365,650.5080636202,818.3974202651
1581,513.4477419355,590.3145152331,783.8065595949
1582,457.3341935484,501.9677405915,631.4098929283
1583,378.5582795699,398.4946227599,447.7647311828
1584,253.5152683585,283.6317195341,320.9943006201
1585,148.1952688172,179.3924726703,220.9939784946
1586,90.0000000000,103.1021505376,111.2587096774
1587,90.0000000000,82.0000000000,85.0000000000
1588,90.0000000000,82.0000000000,85.0000000000
1589,90.0000000000,82.0000000000,85.0000000000
1590,90.0000000000,82.0000000000,85.0000000000
1591,90.0000000000,82.0000000000,85.0000000000
1592,90.0000000000,82.0000000000,85.0000000000
1593,90.0000000000,82.0000000000,85.0000000000
1594,90.0000000000,82.0000000000,85.0000000000
1595,90.0000000000,82.0000000000,85.0000000000
1596,90.0000000000,82.0000000000,85.0000000000
1597,90.0000000000,82.0000000000,85.0000000000
1598,90.0000000000,82.0000000000,85.0000000000
1599,90.0000000000,82.0000000000,155.1858316308
1600,116.4571956414,307.6000000000,382.7395276308
1601,116.4571956414,435.8392152564,560.2231836308
1602,272.8942520424,572.9029656480,730.3548172329
1603,393.0318916414,656.9930156480,752.2985536308
1604,442.9387476414,679.4731160397,777.5212912329
1605,462.6042992403,647.5725784052,752.5441940035
1606,450.7126867958,547.5188149644,678.7373122831
1607,346.1853754266,458.1854820790,560.5039789498
1608,243.2189242724,341.8440846776,440.1654838710
1609,161.8886012331,195.7768808245,273.5925806452
1610,101.6838705090,125.7096765234,155.3906451613
1611,90.0000000000,110.5080640681,88.6831182796
1612,90.0000000000,82.0000000000,85.0000000000
1613,90.0000000000,82.0000000000,85.0000000000
1614,90.0000000000,82.0000000000,85.0000000000
1615,90.0000000000,82.0000000000,85.0000000000
1616,90.0000000000,82.0000000000,85.0000000000
1617,90.0000000000,82.0000000000,85.0000000000
1618,90.0000000000,82.0000000000,85.0000000000
1619,90.0000000000,82.0000000000,85.0000000000
1620,90.0000000000,82.0000000000,85.0000000000
1621,90.0000000000,82.0000000000,85.0000000000
1622,90.0000000000,137.2910672940,85.0000000000
1623,90.0000000000,137.2910672940,168.6150268030
1624,90.0000000000,362.8910672940,403.6150268030
1625,223.0658847313,565.1085672940,583.2952752009
1626,380.9949083303,698.0010672940,695.8260592009
1627,467.8640687313,733.6106169023,744.7496755987
1628,519.8404287313,748.3709672940,714.7313960289
1629,504.2111818782,678.0833333333,667.2220416453
1630,441.2984941649,614.1317204301,595.6410734482
1631,344.7264506954,472.8763436380,461.4576321328
1632,278.1505362582,300.1370963262,337.3774175342
1633,168.0408592976,163.6666666667,211.1031169141
1634,101.7251608316,105.3333333333,130.5232248961
1635,90.0000000000,82.0000000000,105.6437629857
1636,90.0000000000,82.0000000000,85.0000000000
1637,90.0000000000,82.0000000000,85.0000000000
1638,90.0000000000,82.0000000000,85.0000000000
1639,90.0000000000,82.0000000000,85.0000000000
1640,90.0000000000,82.0000000000,85.0000000000
1641,90.0000000000,82.0000000000,85.0000000000
1642,90.0000000000,82.0000000000,85.0000000000
1643,90.0000000000,82.0000000000,85.0000000000
1644,90.0000000000,82.0000000000,85.0000000000
1645,90.0000000000,82.0000000000,85.0000000000
1646,90.0000000000,82.0000000000,85.0000000000
1647,90.0000000000,82.0000000000,95.6921525126
1648,90.0000000000,183.9456582105,330.6921525126
1649,131.9636712834,396.0355082105,485.0877165126
1650,304.9928556844,547.0347582105,637.3720405126
1651,410.1265920854,608.1653086022,743.6338705126
1652,417.1513996844,655.8844086022,733.2937629857
1653,407.5505394694,624.0779569892,702.7450528531
1654,339.1324749532,551.4838705198,604.9447307276
1655,284.1535497633,449.4220430108,476.6333328782
1656,179.6455923153,329.8413978495,368.2027952438
1657,121.8232262652,232.5645161290,244.8098920180
1658,116.0391402437,147.5376344086,169.4875268817
1659,90.0000000000,82.0000000000,85.0000000000
1660,90.0000000000,82.0000000000,85.0000000000
1661,90.0000000000,82.0000000000,85.0000000000
1662,90.0000000000,82.0000000000,85.0000000000
1663,90.0000000000,82.0000000000,85.0000000000
1664,90.0000000000,82.0000000000,85.0000000000
1665,90.0000000000,82.0000000000,85.0000000000
1666,90.0000000000,82.0000000000,85.0000000000
1667,90.0000000000,82.0000000000,85.0000000000
1668,90.0000000000,82.0000000000,85.0000000000
1669,90.0000000000,82.0000000000,85.0000000000
1670,90.0000000000,82.0000000000,85.0000000000
1671,90.0000000000,304.4177645392,216.6503678422
1672,241.3428298201,304.4177645392,451.6503678422
1673,241.3428298201,530.0177645392,643.5551278422
1674,412.7115974190,635.1685149308,726.8258742401
1675,495.8628694190,659.7800653224,804.6991402401
1676,546.5277410180,685.6559153224,783.5572043011
1677,528.3247307241,632.9489260751,734.1087092223
1678,473.3673113692,558.5940869175,629.1117204301
1679,366.9544081434,449.8387101254,515.8218279570
1680,265.0339784946,305.6881729390,371.6537629857
1681,190.4477419355,204.2580654121,272.1313973943
1682,116.5483870968,119.4731191755,152.4955909427
1683,90.0000000000,94.0026886200,104.9473113728
1684,90.0000000000,82.0000000000,85.0000000000
1685,90.0000000000,82.0000000000,85.0000000000
1686,90.0000000000,82.0000000000,85.0000000000
1687,90.0000000000,82.0000000000,85.0000000000
1688,90.0000000000,82.0000000000,85.0000000000
1689,90.0000000000,82.0000000000,85.0000000000
1690,90.0000000000,82.0000000000,85.0000000000
1691,90.0000000000,82.0000000000,85.0000000000
1692,90.0000000000,82.0000000000,85.0000000000
1693,90.0000000000,82.0000000000,85.0000000000
1694,90.0000000000,82.0000000000,85.0000000000
1695,90.0000000000,128.3980023298,174.7242843619
1696,90.0000000000,353.9980023298,409.7242843619
1697,146.1566028375,540.8935019382,603.9330783619
1698,331.7471944365,669.0860023298,743.8615727598
1699,399.8704980354,718.7838023298,799.2913987598
1700,445.7105376344,737.3629023298,789.2244090573
1701,438.6008597563,674.7096769714,722.4329032258
1702,392.2593543800,565.3951612903,623.3489251863
1703,346.6258059929,474.4623660394,513.2818279570
1704,291.1982791112,356.9784950716,362.6818275018
1705,187.9703221219,223.5456989247,254.5698915628
1706,109.8180640574,161.5564516129,140.8470958639
1707,90.0000000000,82.0000000000,114.5883866416
1708,90.0000000000,82.0000000000,85.0000000000
1709,90.0000000000,82.0000000000,85.0000000000
1710,90.0000000000,82.0000000000,85.0000000000
1711,90.0000000000,82.0000000000,85.0000000000
1712,90.0000000000,82.0000000000,85.0000000000
1713,90.0000000000,82.0000000000,85.0000000000
1714,90.0000000000,82.0000000000,85.0000000000
1715,90.0000000000,82.0000000000,85.0000000000
1716,90.0000000000,82.0000000000,85.0000000000
1717,90.0000000000,82.0000000000,85.0000000000
1718,90.0000000000,82.0000000000,85.0000000000
1719,90.0000000000,115.1613401999,133.0319418781
1720,90.0000000000,340.7613401999,368.0319418781
1721,281.7789231829,538.6783401999,550.7444414802
1722,417.0155947819,671.0773401999,697.9312398781
1723,531.1131711829,714.9236401999,775.3389242760
1724,557.7862351829,737.9677405915,757.9387092223
1725,529.1780626812,707.6801066309,711.0029023155
1726,463.2511814195,588.2580640681,618.2689242760
1727,368.0554829535,460.0134399642,487.8545156739
1728,290.0834399427,322.4489242832,386.6206447061
1729,182.0245156703,216.5295689965,271.5715044660
1730,111.7311827957,139.1370963262,180.7496765091
1731,90.0000000000,89.4059139785,110.4096769642
1732,90.0000000000,82.0000000000,85.0000000000
1733,90.0000000000,82.0000000000,85.0000000000
1734,90.0000000000,82.0000000000,85.0000000000
1735,90.0000000000,82.0000000000,85.0000000000
1736,90.0000000000,82.0000000000,85.0000000000
1737,90.0000000000,82.0000000000,85.0000000000
1738,90.0000000000,82.0000000000,85.0000000000
1739,90.0000000000,82.0000000000,85.0000000000
1740,90.0000000000,82.0000000000,85.0000000000
1741,90.0000000000,82.0000000000,85.0000000000
1742,90.0000000000,82.0000000000,85.0000000000
1743,90.0000000000,272.7581138888,105.9364833658
1744,90.0000000000,272.7581138888,329.9923453658
1745,169.8087420207,472.0851138888,523.7713709679
1746,373.2427896197,604.0376134972,668.7496389679
1747,496.3403016197,669.3394138888,760.9962565700
1748,538.5587092187,702.0537638888,775.6777405700
1749,505.8490317993,646.3494632616,736.0341921829
1750,438.9724726595,568.6209681899,646.4683857313
1751,390.8890322581,493.8172047491,521.6119345736
1752,290.2073113692,372.5026886200,406.8040846561
1753,179.0929032258,261.7983870968,272.2679560789
1754,130.2705380931,175.6021500897,170.7672033908
1755,90.0000000000,82.0000000000,92.9847307276
1756,90.0000000000,82.0000000000,85.0000000000
1757,90.0000000000,82.0000000000,85.0000000000
1758,90.0000000000,82.0000000000,85.0000000000
1759,90.0000000000,82.0000000000,85.0000000000
1760,90.0000000000,82.0000000000,85.0000000000
1761,90.0000000000,82.0000000000,85.0000000000
1762,90.0000000000,82.0000000000,85.0000000000
1763,90.0000000000,82.0000000000,85.0000000000
1764,90.0000000000,82.0000000000,85.0000000000
1765,90.0000000000,82.0000000000,85.0000000000
1766,90.0000000000,82.0000000000,85.0000000000
1767,90.0000000000,82.0000000000,114.0214634586
1768,90.0000000000,247.0571905582,349.0214634586
1769,167.8456064233,442.5771909499,553.7476354586
1770,301.6745348243,592.6951913415,699.2392374586
1771,427.7680148243,666.8564909499,773.3997858565
1772,456.0894628243,694.3655909499,767.3339789498
1773,452.9023665089,670.1801070789,741.2370972293
1774,420.9298929319,559.9112898746,636.1854843261
1775,324.2339784946,407.6478494624,534.7762374694
1776,225.6855913978,299.1827952509,395.8793562042
1777,168.8954834122,216.3951608423,262.1079578996
1778,90.0000000000,89.5940860215,135.5759148888
1779,90.0000000000,87.0672043011,95.2106456164
1780,90.0000000000,82.0000000000,85.0000000000
1781,90.0000000000,82.0000000000,85.0000000000
1782,90.0000000000,82.0000000000,85.0000000000
1783,90.0000000000,82.0000000000,85.0000000000
1784,90.0000000000,82.0000000000,85.0000000000
1785,90.0000000000,82.0000000000,85.0000000000
1786,90.0000000000,82.0000000000,85.0000000000
1787,90.0000000000,82.0000000000,85.0000000000
1788,90.0000000000,82.0000000000,85.0000000000
1789,90.0000000000,82.0000000000,85.0000000000
1790,90.0000000000,82.0000000000,85.0000000000
1791,90.0000000000,82.0000000000,202.0801976747
1792,90.0000000000,224.0690323544,428.1655196747
1793,216.8315837686,449.6690323544,628.3074996747
1794,366.5427521696,580.8930327460,754.0775260726
1795,441.4400721696,624.8333327460,815.9419344705
1796,476.5956965706,608.1693538034,801.5323645780
1797,426.0623636960,546.9408596277,737.5403215672
1798,362.8881701476,473.7419353445,678.6047306245
1799,297.1875254451,395.5241934090,554.9909671837
1800,252.0412888859,302.9462364198,400.7721495242
1801,179.0791388070,190.7768815811,273.7467736353
1802,136.5879564701,100.6962359718,162.1679564310
1803,90.0000000000,82.0000000000,85.0000000000
1804,90.0000000000,82.0000000000,85.0000000000
1805,90.0000000000,82.0000000000,85.0000000000
1806,90.0000000000,82.0000000000,85.0000000000
1807,90.0000000000,82.0000000000,85.0000000000
1808,90.0000000000,82.0000000000,85.0000000000
1809,90.0000000000,82.0000000000,85.0000000000
1810,90.0000000000,82.0000000000,85.0000000000
1811,90.0000000000,82.0000000000,85.0000000000
1812,90.0000000000,82.0000000000,85.0000000000
1813,90.0000000000,82.0000000000,85.0000000000
1814,90.0000000000,82.0000000000,85.0000000000
1815,90.0000000000,184.1226175860,110.0130907921
1816,90.0000000000,409.7226175860,345.0130907921
1817,90.0000000000,580.6851179776,501.1038511900
1818,203.0113627528,658.2703683692,630.0851991900
1819,326.3134183518,724.8646679776,717.3178571900
1820,426.5380987528,760.5752683692,726.4481715879
1821,452.5445147528,716.6182795699,691.0243010753
1822,413.5389238137,617.9489247312,583.4600000000
1823,327.2068808030,503.7365595878,488.0866662115
1824,252.5931178208,346.9919363798,335.6158059965
1825,115.9200000000,245.3333337813,226.9986016954
1826,90.0000000000,147.4032262544,152.5365586846
1827,90.0000000000,82.0000000000,89.0927956989
1828,90.0000000000,82.0000000000,85.0000000000
1829,90.0000000000,82.0000000000,85.0000000000
1830,90.0000000000,82.0000000000,85.0000000000
1831,90.0000000000,82.0000000000,85.0000000000
1832,90.0000000000,82.0000000000,85.0000000000
1833,90.0000000000,82.0000000000,85.0000000000
1834,90.0000000000,82.0000000000,85.0000000000
1835,90.0000000000,82.0000000000,85.0000000000
1836,90.0000000000,82.0000000000,85.0000000000
1837,90.0000000000,82.0000000000,85.0000000000
1838,90.0000000000,82.0000000000,85.0000000000
1839,90.0000000000,82.0000000000,147.8669404948
1840,221.9364465076,255.0320575269,382.8669404948
1841,221.9364465076,467.9068075269,596.7973104948
1842,379.9496941066,598.3083079185,710.2711964948
1843,438.1345657056,678.1801075269,764.5191604948
1844,482.0735493046,671.9193552867,775.1178480969
1845,476.0924744945,645.2876348566,721.9822566991
1846,417.7905385519,578.4596774194,618.0231169141
1847,356.3152697347,450.7661285843,480.2618270467
1848,240.1083875555,328.9139784946,381.1855909427
1849,173.8490322581,200.9247316308,247.8921505376
1850,112.1027952402,131.3010752688,153.8338709677
1851,90.0000000000,88.9892473118,97.8598929283
1852,90.0000000000,82.0000000000,85.0000000000
1853,90.0000000000,82.0000000000,85.0000000000
1854,90.0000000000,82.0000000000,85.0000000000
1855,90.0000000000,82.0000000000,85.0000000000
1856,90.0000000000,82.0000000000,85.0000000000
1857,90.0000000000,82.0000000000,85.0000000000
1858,90.0000000000,82.0000000000,85.0000000000
1859,90.0000000000,82.0000000000,85.0000000000
1860,90.0000000000,82.0000000000,85.0000000000
1861,90.0000000000,82.0000000000,85.0000000000
1862,90.0000000000,82.0000000000,85.0000000000
1863,90.0000000000,205.2648458549,320.0000000000
1864,90.0000000000,205.2648458549,506.1196123979
1865,219.7316632550,410.2905954633,697.4752240000
1866,366.4949912550,523.4430954633,813.3964000000
1867,453.6769836561,622.0678954633,850.0000000000
1868,505.1961276561,627.2284950716,845.7504296524
1869,483.2219341077,581.5107531362,754.3646227456
1870,430.3565582223,513.2043010753,641.8159135233
1871,319.8421496202,405.0268821684,500.6816119929
1872,217.8253758854,293.2956993727,385.5048387097
1873,154.8004291901,192.0537643368,264.5563440860
1874,91.2098920144,116.4892477598,155.1897849462
1875,90.0000000000,82.0000000000,85.0000000000
1876,90.0000000000,82.0000000000,85.0000000000
1877,90.0000000000,82.0000000000,85.0000000000
1878,90.0000000000,82.0000000000,85.0000000000
1879,90.0000000000,82.0000000000,85.0000000000
1880,90.0000000000,82.0000000000,85.0000000000
1881,90.0000000000,82.0000000000,85.0000000000
1882,90.0000000000,82.0000000000,85.0000000000
1883,90.0000000000,82.0000000000,85.0000000000
1884,90.0000000000,82.0000000000,85.0000000000
1885,90.0000000000,82.0000000000,85.0000000000
1886,90.0000000000,82.0000000000,85.0000000000
1887,90.0000000000,82.0000000000,211.7712649571
1888,90.0000000000,163.1740368278,441.6767465592
1889,141.2940618199,354.3817868278,638.1418225592
1890,320.9889734189,470.2955368278,755.8775749571
1891,411.2992850179,564.2320864362,820.5712889571
1892,447.7062370179,593.4919368278,806.2982786596
1893,442.0417213476,569.7096783153,764.4697844911
1894,412.2025815626,523.4059144265,645.0111823405
1895,350.2043019927,389.2204310035,539.1637634409
1896,240.5763445448,271.9919359319,378.3491397849
1897,165.9075268817,171.2607535841,229.7747307276
1898,112.0202155125,104.5940864695,155.0395698925
1899,90.0000000000,91.3817204301,85.0000000000
1900,90.0000000000,82.0000000000,85.0000000000
1901,90.0000000000,82.0000000000,85.0000000000
1902,90.0000000000,82.0000000000,85.0000000000
1903,90.0000000000,82.0000000000,85.0000000000
1904,90.0000000000,82.0000000000,85.0000000000
1905,90.0000000000,82.0000000000,85.0000000000
1906,90.0000000000,82.0000000000,85.0000000000
1907,90.0000000000,82.0000000000,85.0000000000
1908,90.0000000000,82.0000000000,85.0000000000
1909,90.0000000000,82.0000000000,85.0000000000
1910,90.0000000000,82.0000000000,228.5032076021
1911,90.0000000000,82.0000000000,228.5032076021
1912,90.0000000000,290.0834970662,463.5032076021
1913,187.6606919567,487.9299974578,636.1519740000
1914,353.1698755556,641.3614974578,765.4795240000
1915,463.3570515556,697.5217978495,835.6527796021
1916,506.4898915556,721.3413978495,850.0000000000
1917,473.7251603729,680.8790318101,807.1199995448
1918,410.5096765019,594.1720425628,675.4393543836
1919,339.8404291901,454.5430107527,536.1076344086
1920,252.5230098352,297.8790327060,369.8443010753
1921,158.7092468531,174.3521505376,204.3502150538
1922,103.3354834122,102.6317208781,91.8564520681
1923,90.0000000000,82.0000000000,85.0000000000
1924,90.0000000000,82.0000000000,85.0000000000
1925,90.0000000000,82.0000000000,85.0000000000
1926,90.0000000000,82.0000000000,85.0000000000
1927,90.0000000000,82.0000000000,85.0000000000
1928,90.0000000000,82.0000000000,85.0000000000
1929,90.0000000000,82.0000000000,85.0000000000
1930,90.0000000000,82.0000000000,85.0000000000
1931,90.0000000000,82.0000000000,85.0000000000
1932,90.0000000000,82.0000000000,85.0000000000
1933,90.0000000000,82.0000000000,85.0000000000
1934,90.0000000000,82.0000000000,216.0211069249
1935,90.0000000000,279.3090405582,216.0211069249
1936,90.0000000000,279.3090405582,451.0211069249
1937,135.0272865378,457.6035405582,623.6579345270
1938,312.4481505378,613.6552909499,757.7368089249
1939,365.6878705378,665.1155909499,804.1295685270
1940,430.9836545378,663.8413978495,769.0039771292
1941,419.6623637565,627.0887092294,722.1227947886
1942,358.3187083012,533.9301066309,623.7625801900
1943,320.0761276561,440.2150533155,495.2599995448
1944,220.6055900216,319.3709677419,351.3923651362
1945,132.5999990825,222.6720425628,239.6343006201
1946,93.6735479284,131.6908597671,149.1129032258
1947,90.0000000000,82.0000000000,85.0000000000
1948,90.0000000000,82.0000000000,85.0000000000
1949,90.0000000000,82.0000000000,85.0000000000
1950,90.0000000000,82.0000000000,85.0000000000
1951,90.0000000000,82.0000000000,85.0000000000
1952,90.0000000000,82.0000000000,85.0000000000
1953,90.0000000000,82.0000000000,85.0000000000
1954,90.0000000000,82.0000000000,85.0000000000
1955,90.0000000000,82.0000000000,85.0000000000
1956,90.0000000000,82.0000000000,85.0000000000
1957,90.0000000000,82.0000000000,85.0000000000
1958,90.0000000000,82.0000000000,85.0000000000
1959,90.0000000000,127.2987799948,194.4534403190
1960,90.0000000000,352.8987799948,429.4534403190
1961,334.4000000000,514.4377796032,616.3800539211
1962,387.5487782665,626.0157796032,752.2138139211
1963,476.4152506676,697.6978296032,842.4070963190
1964,547.7150030686,744.9704292116,836.9694614553
1965,552.7135474696,721.0403212367,769.9321496273
1966,505.7389242724,596.6048378137,661.0022571542
1967,410.9286016918,473.6559135305,531.3935474768
1968,288.4043006165,340.3118275090,396.3339780395
1969,228.7651612903,230.3602150538,264.9660215054
1970,153.6133333333,130.0510748208,144.2923655914
1971,90.0000000000,82.0000000000,85.0000000000
1972,90.0000000000,82.0000000000,85.0000000000
1973,90.0000000000,82.0000000000,85.0000000000
1974,90.0000000000,82.0000000000,85.0000000000
1975,90.0000000000,82.0000000000,85.0000000000
1976,90.0000000000,82.0000000000,85.0000000000
1977,90.0000000000,82.0000000000,85.0000000000
1978,90.0000000000,82.0000000000,85.0000000000
1979,90.0000000000,82.0000000000,85.0000000000
1980,90.0000000000,82.0000000000,85.0000000000
1981,90.0000000000,82.0000000000,85.0000000000
1982,90.0000000000,82.0000000000,205.4956736021
1983,90.0000000000,82.0000000000,205.4956736021
1984,90.0000000000,226.3956322914,408.6958496021
1985,217.8779633538,450.2331318997,621.7905596021
1986,365.4113389527,579.2481318997,759.8567260000
1987,456.3112185517,652.4811818997,827.5826920000
1988,483.6701061507,629.5134404122,850.0000000000
1989,469.5961276561,590.3682791219,789.9135483871
1990,397.5582781937,534.6559139785,684.8346241111
1991,317.2959130610,422.4059139785,544.4240869318
1992,242.5720425520,280.7016133512,412.0519354839
1993,178.9827956989,200.4811832437,251.2964511578
1994,112.9836559140,121.8387096774,134.8561285771
1995,90.0000000000,82.0000000000,85.0000000000
1996,90.0000000000,82.0000000000,85.0000000000
1997,90.0000000000,82.0000000000,85.0000000000
1998,90.0000000000,82.0000000000,85.0000000000
1999,90.0000000000,82.0000000000,85.0000000000
2000,90.0000000000,82.0000000000,85.0000000000
2001,90.0000000000,82.0000000000,85.0000000000
2002,90.0000000000,82.0000000000,85.0000000000
2003,90.0000000000,82.0000000000,85.0000000000
2004,90.0000000000,82.0000000000,85.0000000000
2005,90.0000000000,82.0000000000,85.0000000000
2006,90.0000000000,82.0000000000,85.0000000000
2007,90.0000000000,82.0000000000,185.8587430143
2008,90.0000000000,272.1093802202,420.8587430143
2009,256.7800673835,469.2156306119,596.1935594122
2010,418.2344669824,614.2693806119,742.7595810143
2011,508.6290033835,710.7204310035,804.5762370143
2012,558.4756993835,663.1155922938,799.9716138135
2013,516.4756989247,611.4435497310,747.3686026057
2014,467.7668817204,536.0806469532,661.8995708028
2015,372.8464520716,449.4086034945,510.4960219605
2016,239.8206451613,309.8145174730,384.3127961541
2017,146.4610752688,213.2903234766,272.4864520681
2018,90.0000000000,115.7903230286,153.8065591398
2019,90.0000000000,82.0000000000,90.6632258065
2020,90.0000000000,82.0000000000,85.0000000000
2021,90.0000000000,82.0000000000,85.0000000000
2022,90.0000000000,82.0000000000,85.0000000000
2023,90.0000000000,82.0000000000,85.0000000000
2024,90.0000000000,82.0000000000,85.0000000000
2025,90.0000000000,82.0000000000,85.0000000000
2026,90.0000000000,82.0000000000,85.0000000000
2027,90.0000000000,82.0000000000,85.0000000000
2028,90.0000000000,82.0000000000,85.0000000000
2029,90.0000000000,82.0000000000,85.0000000000
2030,90.0000000000,82.0000000000,85.0000000000
2031,90.0000000000,263.4894492167,85.0000000000
2032,90.0000000000,489.0894492167,292.1865185769
2033,208.2320239140,670.1921996084,463.2355929748
2034,360.6263275130,767.5291996084,621.8112433727
2035,425.3686395130,820.0000000000,690.8623269748
2036,478.3436559140,801.1720425628,704.3022589748
2037,468.1647311828,753.9354834230,679.9396787848
2038,435.4903221219,614.7419350359,581.1834417705
2039,340.0193543800,490.2069887993,462.3492477670
2040,218.7337629821,406.2392477598,294.0375273369
2041,178.9002145950,286.7983875448,184.6282800250
2042,142.9191393262,159.7284950716,94.3663440860
2043,90.0000000000,90.0913982974,85.0000000000
2044,90.0000000000,82.0000000000,85.0000000000
2045,90.0000000000,82.0000000000,85.0000000000
2046,90.0000000000,82.0000000000,85.0000000000
2047,90.0000000000,82.0000000000,85.0000000000
2048,90.0000000000,82.0000000000,85.0000000000
2049,90.0000000000,82.0000000000,85.0000000000
2050,90.0000000000,82.0000000000,85.0000000000
2051,90.0000000000,82.0000000000,85.0000000000
2052,90.0000000000,82.0000000000,85.0000000000
2053,90.0000000000,82.0000000000,85.0000000000
2054,90.0000000000,82.0000000000,85.0000000000
2055,90.0000000000,82.0000000000,320.0000000000
2056,90.0000000000,307.6000000000,387.4616268281
2057,153.4234484866,486.8585439730,583.8311984302
2058,300.8605680856,636.3420435814,712.4782828281
2059,412.4554880856,710.1155931898,753.9167728281
2060,481.3729036845,708.4247329747,740.9274184445
2061,463.7066675841,694.1989260751,705.5718275018
2062,405.4597854050,581.5376353046,619.9116129032
2063,357.6516133620,450.7123664874,483.7753767992
2064,243.6193557562,326.2123664874,356.3358069068
2065,114.6675273405,202.9811832437,237.5449462366
2066,90.0000000000,122.2956989247,145.4258069068
2067,90.0000000000,82.0000000000,85.0000000000
2068,90.0000000000,82.0000000000,85.0000000000
2069,90.0000000000,82.0000000000,85.0000000000
2070,90.0000000000,82.0000000000,85.0000000000
2071,90.0000000000,82.0000000000,85.0000000000
2072,90.0000000000,82.0000000000,85.0000000000
2073,90.0000000000,82.0000000000,85.0000000000
2074,90.0000000000,82.0000000000,85.0000000000
2075,90.0000000000,82.0000000000,85.0000000000
2076,90.0000000000,82.0000000000,85.0000000000
2077,90.0000000000,82.0000000000,85.0000000000
2078,90.0000000000,82.0000000000,85.0000000000
2079,90.0000000000,123.6200404686,94.9180427418
2080,90.0000000000,349.2200404686,329.9180427418
2081,265.0541478432,569.6617904686,534.4412687418
2082,394.9365802443,692.5315408602,653.7528367418
2083,517.7934522443,758.3738408602,712.7163111397
2084,555.5840846453,773.2634408602,720.5215067418
2085,529.0817195126,723.1370972222,677.2181729533
2086,472.2799995413,630.6908602151,608.9282804802
2087,361.7380640574,519.5295694445,490.4218288673
2088,276.0172043011,387.4086017026,346.1035488422
2089,186.6765586810,245.9919354839,255.6077419355
2090,136.4916124445,160.6424731183,156.2919354839
2091,90.0000000000,82.0000000000,105.6574193548
2092,90.0000000000,82.0000000000,85.0000000000
2093,90.0000000000,82.0000000000,85.0000000000
2094,90.0000000000,82.0000000000,85.0000000000
2095,90.0000000000,82.0000000000,85.0000000000
2096,90.0000000000,82.0000000000,85.0000000000
2097,90.0000000000,82.0000000000,85.0000000000
2098,90.0000000000,82.0000000000,85.0000000000
2099,90.0000000000,82.0000000000,85.0000000000
2100,90.0000000000,82.0000000000,85.0000000000
2101,90.0000000000,82.0000000000,85.0000000000
2102,90.0000000000,82.0000000000,85.0000000000
2103,90.0000000000,82.0000000000,320.0000000000
2104,90.0000000000,278.1212716514,413.6188001686
2105,211.2807114556,440.7060216514,618.7747397707
2106,365.3354318566,559.6042720430,741.3811957707
2107,490.1775838566,631.5918220430,798.0645113728
2108,566.0855918566,643.4381720430,811.3373113728
2109,545.8455923153,621.0806447133,754.3370958639
2110,441.3397858637,570.6774189069,612.7832253513
2111,352.7643019927,460.1747311828,501.7192468567
2112,247.7195708099,336.1586021505,380.9164511578
2113,161.1729036845,222.4973122759,223.0287096774
2114,95.6141940071,140.5887101254,135.4023660465
2115,90.0000000000,111.1397849462,85.0000000000
2116,90.0000000000,82.0000000000,85.0000000000
2117,90.0000000000,82.0000000000,85.0000000000
2118,90.0000000000,82.0000000000,85.0000000000
2119,90.0000000000,82.0000000000,85.0000000000
2120,90.0000000000,82.0000000000,85.0000000000
2121,90.0000000000,82.0000000000,85.0000000000
2122,90.0000000000,82.0000000000,85.0000000000
2123,90.0000000000,82.0000000000,85.0000000000
2124,90.0000000000,82.0000000000,85.0000000000
2125,90.0000000000,82.0000000000,85.0000000000
2126,90.0000000000,82.0000000000,85.0000000000
2127,90.0000000000,82.0000000000,145.6758691828
2128,90.0000000000,221.7783205431,380.6758691828
2129,163.8321191687,421.0818205431,547.7973411828
2130,318.7892391687,556.0658209347,674.9163611828
2131,419.4230075698,615.2458709347,732.6382835807
2132,467.4167755698,626.8924713263,749.4447311828
2133,428.9677433117,620.6908588711,724.6997854014
2134,383.5621514551,547.2768808245,625.0559144336
2135,300.2855918566,447.2983866488,511.4109677419
2136,203.6227956989,356.5752679212,379.8473118280
2137,130.5230102940,194.5134404122,258.2843006201
2138,90.0000000000,106.3145161290,164.8678485521
2139,90.0000000000,95.7903225806,101.1099995448
2140,90.0000000000,82.0000000000,85.0000000000
2141,90.0000000000,82.0000000000,85.0000000000
2142,90.0000000000,82.0000000000,85.0000000000
2143,90.0000000000,82.0000000000,85.0000000000
2144,90.0000000000,82.0000000000,85.0000000000
2145,90.0000000000,82.0000000000,85.0000000000
2146,90.0000000000,82.0000000000,85.0000000000
2147,90.0000000000,82.0000000000,85.0000000000
2148,90.0000000000,82.0000000000,85.0000000000
2149,90.0000000000,82.0000000000,85.0000000000
2150,90.0000000000,82.0000000000,85.0000000000
2151,90.0000000000,82.0000000000,161.1414386666
2152,90.0000000000,271.7439044903,396.1414386666
2153,208.6532416923,464.5144040987,562.7853906666
2154,375.1129536923,608.1111537071,704.4448950645
2155,464.2922580933,690.8617037071,758.7644874624
2156,501.0120420933,734.7150533155,786.9478494624
2157,489.8421500789,697.4650537634,748.6698924731
2158,477.3036559140,598.5403225806,682.4420434659
2159,400.9776339499,489.6102155017,519.8269897025
2160,288.9686016918,360.6612903226,400.2668817204
2161,193.3380640574,248.4650533155,274.1837629857
2162,151.7965586810,151.7311823477,182.7337629857
2163,90.0000000000,82.0000000000,85.0000000000
2164,90.0000000000,82.0000000000,85.0000000000
2165,90.0000000000,82.0000000000,85.0000000000
2166,90.0000000000,82.0000000000,85.0000000000
2167,90.0000000000,82.0000000000,85.0000000000
2168,90.0000000000,82.0000000000,85.0000000000
2169,90.0000000000,82.0000000000,85.0000000000
2170,90.0000000000,82.0000000000,85.0000000000
2171,90.0000000000,82.0000000000,85.0000000000
2172,90.0000000000,82.0000000000,85.0000000000
2173,90.0000000000,82.0000000000,85.0000000000
2174,90.0000000000,82.0000000000,85.0000000000
2175,90.0000000000,95.2483746182,121.6111416202
2176,90.0000000000,320.8483746182,356.6111416202
2177,138.3545360865,515.1698742266,542.7259712224
2178,328.6616720865,628.9568738349,661.4764528245
2179,431.8341916854,694.1881738349,725.0957468245
2180,474.1488560865,681.1935501790,728.9375264266
2181,482.2997844875,632.6935497310,690.7688172043
2182,436.0408592976,541.5241944444,602.7461285771
2183,343.0748373335,431.8413987454,497.8409677419
2184,240.0258055341,305.7016133512,371.2890327132
2185,177.7991393262,198.4112907706,244.4002155089
2186,121.9987092187,90.9919359319,160.8569892473
2187,90.0000000000,82.5107526882,85.0000000000
2188,90.0000000000,82.0000000000,85.0000000000
2189,90.0000000000,82.0000000000,85.0000000000
2190,90.0000000000,82.0000000000,85.0000000000
2191,90.0000000000,82.0000000000,85.0000000000
2192,90.0000000000,82.0000000000,85.0000000000
2193,90.0000000000,82.0000000000,85.0000000000
2194,90.0000000000,82.0000000000,85.0000000000
2195,90.0000000000,82.0000000000,85.0000000000
2196,90.0000000000,82.0000000000,85.0000000000
2197,90.0000000000,82.0000000000,85.0000000000
2198,90.0000000000,82.0000000000,85.0000000000
2199,90.0000000000,82.0000000000,231.7630624766
2200,90.0000000000,294.5252687941,450.4468244766
2201,306.4688400000,484.4992684025,644.1661608745
2202,374.5668606738,623.3842687941,785.3123308745
2203,509.1669646738,710.2238184025,849.3852692724
2204,524.1208606738,749.1774180109,813.4539794049
2205,500.9217208888,701.2150524195,751.8380649713
2206,400.9716133620,593.8091388890,657.9569892473
2207,337.6658064516,494.6102146058,532.5952683621
2208,238.0438709677,373.5107526882,355.2979569892
2209,151.8963445448,236.3951612903,229.3650542186
2210,101.7526886308,167.8602150538,140.4413978495
2211,90.0000000000,103.7204296595,85.0000000000
2212,90.0000000000,82.0000000000,85.0000000000
2213,90.0000000000,82.0000000000,85.0000000000
2214,90.0000000000,82.0000000000,85.0000000000
2215,90.0000000000,82.0000000000,85.0000000000
2216,90.0000000000,82.0000000000,85.0000000000
2217,90.0000000000,82.0000000000,85.0000000000
2218,90.0000000000,82.0000000000,85.0000000000
2219,90.0000000000,82.0000000000,85.0000000000
2220,90.0000000000,82.0000000000,85.0000000000
2221,90.0000000000,82.0000000000,85.0000000000
2222,90.0000000000,82.0000000000,85.0000000000
2223,90.0000000000,116.3224645824,149.4889913799
2224,90.0000000000,341.9224645824,384.4889913799
2225,201.4696284446,522.0264645824,579.0678637778
2226,364.5724124446,675.6694641908,709.4698341757
2227,436.8587884446,704.1937641908,765.0787297778
2228,491.8190848457,720.9516137992,765.9956993799
2229,492.1131164446,698.4731187276,715.5230107527
2230,463.7604282726,608.5268821684,638.0699995448
2231,367.1746222797,488.8844086022,487.2263436309
2232,274.9574179786,335.4327956989,392.1103221255
2233,175.7346227384,202.4435483871,272.8824731183
2234,112.6395694337,129.6747311828,162.6146236559
2235,90.0000000000,90.1182795699,101.5333328782
2236,90.0000000000,82.0000000000,85.0000000000
2237,90.0000000000,82.0000000000,85.0000000000
2238,90.0000000000,82.0000000000,85.0000000000
2239,90.0000000000,82.0000000000,85.0000000000
2240,90.0000000000,82.0000000000,85.0000000000
2241,90.0000000000,82.0000000000,85.0000000000
2242,90.0000000000,82.0000000000,85.0000000000
2243,90.0000000000,82.0000000000,85.0000000000
2244,90.0000000000,82.0000000000,85.0000000000
2245,90.0000000000,82.0000000000,85.0000000000
2246,90.0000000000,82.0000000000,85.0000000000
2247,90.0000000000,132.2701815978,172.7880731827
2248,90.0000000000,357.8701815978,407.7880731827
2249,291.7604072834,530.7009315978,578.2044327848
2250,454.2976872834,669.0101819894,706.0039191827
2251,535.5839996844,748.7997319894,780.2241571827
2252,554.1113996844,759.0833319894,800.2896787848
2253,505.7526895482,727.2768808245,771.3796787848
2254,434.4443019927,605.7311818997,650.8149471469
2255,373.2718288745,462.3252679212,551.7681729533
2256,278.9625811039,338.3225797492,406.1525815555
2257,193.5169897060,222.1344081542,251.0779574444
2258,110.9329032258,122.2419350359,164.0934408602
2259,90.0000000000,82.0000000000,85.0000000000
2260,90.0000000000,82.0000000000,85.0000000000
2261,90.0000000000,82.0000000000,85.0000000000
2262,90.0000000000,82.0000000000,85.0000000000
2263,90.0000000000,82.0000000000,85.0000000000
2264,90.0000000000,82.0000000000,85.0000000000
2265,90.0000000000,82.0000000000,85.0000000000
2266,90.0000000000,82.0000000000,85.0000000000
2267,90.0000000000,82.0000000000,85.0000000000
2268,90.0000000000,82.0000000000,85.0000000000
2269,90.0000000000,82.0000000000,85.0000000000
2270,90.0000000000,82.0000000000,85.0000000000
2271,90.0000000000,82.0000000000,201.7696844517
2272,90.0000000000,298.5231577956,422.3754644517
2273,319.4279258492,494.7716577956,597.0775664517
2274,319.4279258492,649.8716574039,740.3128868496
2275,410.3879658492,704.3282077956,805.9019508496
2276,447.3483898492,733.9758077956,806.8308588496
2277,433.8662388528,688.7553772401,776.6098911077
2278,351.0929050607,556.6182800179,661.2344072367
2279,282.5432271827,464.8655918458,517.9561281220
2280,237.5759148960,347.8924731183,366.3592464015
2281,178.9415062938,210.4139789426,236.8075259714
2282,120.7187101362,127.2150542114,147.7063436309
2283,90.0000000000,82.0000000000,85.0000000000
2284,90.0000000000,82.0000000000,85.0000000000
2285,90.0000000000,82.0000000000,85.0000000000
2286,90.0000000000,82.0000000000,85.0000000000
2287,90.0000000000,82.0000000000,85.0000000000
2288,90.0000000000,82.0000000000,85.0000000000
2289,90.0000000000,82.0000000000,85.0000000000
2290,90.0000000000,82.0000000000,85.0000000000
2291,90.0000000000,82.0000000000,85.0000000000
2292,90.0000000000,82.0000000000,85.0000000000
2293,90.0000000000,82.0000000000,85.0000000000
2294,90.0000000000,82.0000000000,85.0000000000
2295,90.0000000000,82.0000000000,163.6300121290
2296,90.0000000000,307.6000000000,398.6300121290
2297,98.8399388101,498.8620816871,587.9084117311
2298,273.5295388101,640.8608316871,736.1218781290
2299,389.1672104091,711.3091316871,803.3942005269
2300,446.2210748101,717.1747320788,814.0645161290
2301,438.8636549965,674.1451621863,735.3513973943
2302,394.6692463944,599.5618284050,641.2654829607
2303,316.8292468531,461.9623660394,535.1312889571
2304,224.9286021505,366.2661290323,416.9777410252
2305,141.6301075269,213.9489247312,273.3194619104
2306,90.0000000000,129.7822576165,170.0707526882
2307,90.0000000000,82.0000000000,99.0479569892
2308,90.0000000000,82.0000000000,85.0000000000
2309,90.0000000000,82.0000000000,85.0000000000
2310,90.0000000000,82.0000000000,85.0000000000
2311,90.0000000000,82.0000000000,85.0000000000
2312,90.0000000000,82.0000000000,85.0000000000
2313,90.0000000000,82.0000000000,85.0000000000
2314,90.0000000000,82.0000000000,85.0000000000
2315,90.0000000000,82.0000000000,85.0000000000
2316,90.0000000000,82.0000000000,85.0000000000
2317,90.0000000000,82.0000000000,85.0000000000
2318,90.0000000000,82.0000000000,85.0000000000
2319,90.0000000000,82.0000000000,151.9996148819
2320,90.0000000000,210.0366558909,386.9996148819
2321,164.3374635120,421.0196554993,563.9341224840
2322,321.1234475120,549.3649054993,720.3848088819
2323,426.2210875120,632.7382054993,789.5313964840
2324,467.4167751110,672.7258051077,789.0372033908
2325,429.9587105949,614.6290313621,768.7850533083
2326,381.3324740358,567.6801066309,676.6382791147
2327,327.7711832544,433.9247302868,547.2890318029
2328,247.6933337921,310.6612889786,401.9055909427
2329,147.3419354839,211.3010743728,248.2648382545
2330,90.0000000000,114.7553754481,150.5877419355
2331,90.0000000000,87.3360210574,85.0000000000
2332,90.0000000000,82.0000000000,85.0000000000
2333,90.0000000000,82.0000000000,85.0000000000
2334,90.0000000000,82.0000000000,85.0000000000
2335,90.0000000000,82.0000000000,85.0000000000
2336,90.0000000000,82.0000000000,85.0000000000
2337,90.0000000000,82.0000000000,85.0000000000
2338,90.0000000000,82.0000000000,85.0000000000
2339,90.0000000000,82.0000000000,85.0000000000
2340,90.0000000000,82.0000000000,85.0000000000
2341,90.0000000000,82.0000000000,85.0000000000
2342,90.0000000000,82.0000000000,85.0000000000
2343,90.0000000000,90.2318852815,320.0000000000
2344,90.0000000000,315.8318852815,332.3650856990
2345,118.5321967597,487.6638852815,538.1656776990
2346,300.2484847597,601.2276348899,659.7693420969
2347,426.3660283586,672.8979344983,743.7548644948
2348,463.7957007597,683.6397844983,779.3278480969
2349,446.9139798708,655.4623646954,754.0366657564
2350,392.4658078278,583.5672034051,633.6767732832
2351,306.2025815626,469.4489242832,522.3943006201
2352,221.8855918566,369.2903221327,371.7260215054
2353,158.7367746523,244.1102150538,231.2632258065
2354,101.2984950824,114.4596774194,146.7231182796
2355,90.0000000000,82.0000000000,85.0000000000
2356,90.0000000000,82.0000000000,85.0000000000
2357,90.0000000000,82.0000000000,85.0000000000
2358,90.0000000000,82.0000000000,85.0000000000
2359,90.0000000000,82.0000000000,85.0000000000
2360,90.0000000000,82.0000000000,85.0000000000
2361,90.0000000000,82.0000000000,85.0000000000
2362,90.0000000000,82.0000000000,85.0000000000
2363,90.0000000000,82.0000000000,85.0000000000
2364,90.0000000000,82.0000000000,85.0000000000
2365,90.0000000000,82.0000000000,85.0000000000
2366,90.0000000000,82.0000000000,85.0000000000
2367,90.0000000000,82.0000000000,85.0000000000
2368,90.0000000000,253.9214906809,284.2521443585
2369,301.1506960000,441.7334906809,452.4599747564
2370,372.8121132616,561.8654910725,613.7097363585
2371,445.7602488605,639.4107906809,687.9538503585
2372,498.0253772616,647.3091406809,705.3810743585
2373,489.0163450035,586.2150542114,676.5530093872
2374,455.9427966164,527.1827956989,585.1709663765
2375,379.0937638996,449.6774198028,453.8962351937
2376,270.1402150538,326.9247311828,335.7017195198
2377,191.4249457778,197.7930103047,222.5234399499
2378,132.9131182796,114.6344081542,125.6247307276
2379,90.0000000000,82.9543006273,85.0000000000
2380,90.0000000000,82.0000000000,85.0000000000
2381,90.0000000000,82.0000000000,85.0000000000
2382,90.0000000000,82.0000000000,85.0000000000
2383,90.0000000000,82.0000000000,85.0000000000
2384,90.0000000000,82.0000000000,85.0000000000
2385,90.0000000000,82.0000000000,85.0000000000
2386,90.0000000000,82.0000000000,85.0000000000
2387,90.0000000000,82.0000000000,85.0000000000
2388,90.0000000000,82.0000000000,85.0000000000
2389,90.0000000000,82.0000000000,85.0000000000
2390,90.0000000000,82.0000000000,173.3166963979
2391,90.0000000000,173.5761003916,173.3166963979
2392,90.0000000000,396.0506007833,408.3166963979
2393,90.0000000000,598.1271011749,639.3303440000
2394,211.6979806176,721.1966007833,726.6600100000
2395,306.5684210186,793.7011503916,758.6674800000
2396,338.4032134197,820.0000000000,783.1620000000
2397,341.0916138207,772.6693548387,730.3951182796
2398,285.3221509964,667.8037638888,635.8585591398
2399,210.3587096774,559.0618288530,483.2532903226
2400,114.2381935484,430.5304650538,214.4360860215
2401,90.0000000000,236.5058239247,99.1903010753
2402,90.0000000000,121.2513440860,85.0000000000
2403,90.0000000000,82.0000000000,85.0000000000
2404,90.0000000000,82.0000000000,85.0000000000
2405,160.6000000000,198.5400837250,184.3668254646
2406,405.0000000000,370.0000000000,382.5000000000
