阶段,轮次,事件,活动列数,Benders切数,LP目标值,theta_CNY,真实能源成本_CNY,Benders违反_CNY,最大区域违反_CNY,theta_A_CNY,theta_B_CNY,theta_C_CNY,theta_D_CNY,theta_E_CNY,theta_F_CNY,真实能源成本_A_CNY,真实能源成本_B_CNY,真实能源成本_C_CNY,真实能源成本_D_CNY,真实能源成本_E_CNY,真实能源成本_F_CNY,区域违反_A_CNY,区域违反_B_CNY,区域违反_C_CNY,区域违反_D_CNY,区域违反_E_CNY,区域违反_F_CNY,新增列数,最小缺失列约化成本,根节点闭合,MIP状态,MIP目标值,当前RSS_GiB,累计分钟
Wait阶段,1,added_region_benders_cuts,51260,8,377179.93075674464,-459597007.30938077,-459161483.7134063,435523.59597444534,254488.33863264322,-0.0,-0.0,-0.0,-142783279.19999963,-154303838.82599697,-162509889.28338423,0.0,0.0,0.0,-142783279.19999963,-154122803.56865653,-162255400.9447516,0.0,0.0,0.0,0.0,181035.2573404312,254488.33863264322,0,nan,False,,,0.22755050659179688,0.18121754725774128
Wait阶段,2,added_region_benders_cuts,51260,10,377179.93075674464,-459560729.4792594,-459315073.07890433,245656.40035504103,138037.27754852176,-0.0,-0.0,-0.0,-142783279.19999963,-154301912.40171114,-162475537.87754858,0.0,0.0,0.0,-142783279.19999963,-154194293.27890593,-162337500.60000005,0.0,0.0,0.0,0.0,107619.12280520797,138037.27754852176,0,nan,False,,,0.23473739624023438,0.23308927218119305
Wait阶段,3,added_region_benders_cuts,51260,11,377179.93075674464,-459315073.0789056,-459296292.0676681,18781.011237502098,18781.011236160994,-0.0,-0.0,-0.0,-142783279.19999963,-154194293.2789059,-162337500.60000005,0.0,0.0,0.0,-142783279.19999963,-154194293.27890593,-162318719.5887639,0.0,0.0,0.0,0.0,-2.9802322387695312e-08,18781.011236160994,0,nan,False,,,0.23678970336914062,0.28905065059661866
Wait阶段,4,added_columns,66856,11,377179.93075674464,-459315073.0789056,-459315073.07890433,1.2516975402832031e-06,0.0,-0.0,-0.0,-0.0,-142783279.19999963,-154194293.2789059,-162337500.60000005,0.0,0.0,0.0,-142783279.19999963,-154194293.27890593,-162337500.60000005,0.0,0.0,0.0,0.0,-2.9802322387695312e-08,0.0,15596,-2449.4222222222224,False,,,0.244720458984375,0.5392918745676677
Wait阶段,5,added_region_benders_cuts,66856,13,32171.761845414494,-459309375.48623323,-459282779.2676364,26596.218596816063,21792.685907036066,-0.0,-0.0,-0.0,-142783279.19999963,-154188595.68623352,-162337500.60000005,0.0,0.0,0.0,-142783279.19999963,-154166803.00032648,-162332697.06731153,0.0,0.0,0.0,0.0,21792.685907036066,4803.532688528299,0,nan,False,,,0.2502899169921875,0.6030089775721232
Wait阶段,6,added_columns,78374,13,32171.76184541449,-459309375.48623323,-459309375.486232,1.2516975402832031e-06,0.0,-0.0,-0.0,-0.0,-142783279.19999963,-154188595.68623352,-162337500.60000005,0.0,0.0,0.0,-142783279.19999963,-154188595.68623352,-162337500.60000005,0.0,0.0,0.0,0.0,0.0,0.0,11518,-7819.24040665217,False,,,0.25152587890625,0.8668954968452454
Wait阶段,7,added_region_benders_cuts,78374,16,0.0,-459321725.0326556,-458849799.7702976,471925.2623580098,426955.65907254815,-0.0,-0.0,-0.0,-142783279.19999963,-154200945.23265588,-162337500.60000005,0.0,0.0,0.0,-142356323.54092708,-154156402.26417407,-162337073.96519777,0.0,0.0,0.0,426955.65907254815,44542.9684818089,426.63480228185654,0,nan,False,,,0.25789642333984375,0.9436228752136231
Wait阶段,8,added_region_benders_cuts,78374,18,0.0,-459321644.42181885,-459321028.0463689,616.3754499554634,613.754895478487,-0.0,-0.0,-0.0,-142783279.19999963,-154200864.62181917,-162337500.60000005,0.0,0.0,0.0,-142782665.44510415,-154200862.00126594,-162337500.60000005,0.0,0.0,0.0,613.754895478487,2.6205532252788544,0.0,0,nan,False,,,0.2565116882324219,1.0278058926264444
Wait阶段,9,added_region_benders_cuts,78374,19,0.0,-459321641.8012656,-459294611.95884824,27029.842417359352,27029.842416107655,-0.0,-0.0,-0.0,-142783279.19999963,-154200862.00126594,-162337500.60000005,0.0,0.0,0.0,-142756249.35758352,-154200862.00126594,-162337500.60000005,0.0,0.0,0.0,27029.842416107655,0.0,0.0,0,nan,False,,,0.2579689025878906,1.1197135011355082
Wait阶段,10,added_region_benders_cuts,78374,20,0.0,-459320951.7470056,-459294091.5111076,26860.23589795828,26860.235896646976,-0.0,-0.0,-0.0,-142783279.19999963,-154200171.94700587,-162337500.60000005,0.0,0.0,0.0,-142783279.19999963,-154173311.71110922,-162337500.60000005,0.0,0.0,0.0,0.0,26860.235896646976,0.0,0,nan,False,,,0.2599372863769531,1.213843329747518
Wait阶段,11,root_lp_closed,78374,20,0.0,-459319362.6231055,-459319362.6231043,1.2516975402832031e-06,0.0,-0.0,-0.0,-0.0,-142783279.19999963,-154198582.82310587,-162337500.60000005,0.0,0.0,0.0,-142783279.19999963,-154198582.82310587,-162337500.60000005,0.0,0.0,0.0,0.0,0.0,0.0,0,0.0,True,,,0.26251220703125,1.5086021701494852
Wait阶段,11,integer_added_region_benders_cuts,78374,20,0.0,-459319362.6231055,-459188838.05173194,86108.52006983757,47390.11333373189,0.0,0.0,0.0,-142783279.19999963,-154154166.77180213,-162337500.60000005,0.0,0.0,0.0,-142735889.0866659,-154142151.67265058,-162310797.2924167,0.0,0.0,0.0,47390.11333373189,12015.099151551723,26703.307583361864,0,0.0,False,需要继续,32.0,0.26251220703125,1.5086021701494852
Wait阶段,12,root_lp_closed,78374,23,0.0,-459321468.5286094,-459321468.52860814,1.2516975402832031e-06,0.0,-0.0,-0.0,-0.0,-142783279.19999963,-154200688.72860974,-162337500.60000005,0.0,0.0,0.0,-142783279.19999963,-154200688.72860974,-162337500.60000005,0.0,0.0,0.0,0.0,0.0,0.0,0,0.0,True,,,0.2667503356933594,2.047103162606557
Wait阶段,12,integer_added_region_benders_cuts,78374,23,0.0,-459321468.5286094,-459104985.378615,169961.19318675995,123840.7593177259,0.0,0.0,0.0,-142783279.19999963,-154194583.8437059,-162297083.52809626,0.0,0.0,0.0,-142659438.4406819,-154136955.1152384,-162308591.8226959,0.0,0.0,0.0,123840.7593177259,57628.72846749425,-11508.29459965229,0,0.0,False,需要继续,32.0,0.2667503356933594,2.047103162606557
Wait阶段,13,root_lp_closed,78374,25,0.0,-459321641.8012656,-459321641.80126435,1.2516975402832031e-06,0.0,-0.0,-0.0,-0.0,-142783279.19999963,-154200862.00126594,-162337500.60000005,0.0,0.0,0.0,-142783279.19999963,-154200862.00126594,-162337500.60000005,0.0,0.0,0.0,0.0,0.0,0.0,0,0.0,True,,,0.2700386047363281,2.600548549493154
Wait阶段,13,integer_added_region_benders_cuts,78374,25,0.0,-459321641.8012656,-459240456.51795477,34490.053847014904,50428.7534160614,0.0,0.0,0.0,-142783279.19999963,-154154166.77180213,-162337500.60000005,0.0,0.0,0.0,-142732850.44658357,-154170668.36047304,-162336937.71089935,0.0,0.0,0.0,50428.7534160614,-16501.588670909405,562.8891007006168,0,0.0,False,需要继续,32.0,0.2700386047363281,2.600548549493154
Wait阶段,14,added_region_benders_cuts,78374,28,0.0,-459321641.8012656,-459312400.7309544,9241.070311188698,9241.070309996605,-0.0,-0.0,-0.0,-142783279.19999963,-154200862.00126594,-162337500.60000005,0.0,0.0,0.0,-142783279.19999963,-154191620.93095595,-162337500.60000005,0.0,0.0,0.0,0.0,9241.070309996605,0.0,0,nan,False,,,0.3840141296386719,2.9069619377454123
Wait阶段,15,root_lp_closed,78374,28,0.0,-459321641.8012656,-459321641.80126435,1.2516975402832031e-06,0.0,-0.0,-0.0,-0.0,-142783279.19999963,-154200862.00126594,-162337500.60000005,0.0,0.0,0.0,-142783279.19999963,-154200862.00126594,-162337500.60000005,0.0,0.0,0.0,0.0,0.0,0.0,0,0.0,True,,,0.3001289367675781,3.2184555530548096
Wait阶段,15,integer_added_region_benders_cuts,78374,28,0.0,-459321641.8012656,-459268526.829406,6419.742395758629,19726.45687559247,0.0,0.0,0.0,-142783279.19999963,-154157319.48232546,-162334347.8894767,0.0,0.0,0.0,-142763552.74312404,-154170626.19680655,-162334347.8894767,0.0,0.0,0.0,19726.45687559247,-13306.714481085539,0.0,0,0.0,False,需要继续,32.0,0.3001289367675781,3.2184555530548096
Wait阶段,16,root_lp_closed,78374,29,0.0,-459320379.8679055,-459320379.8679043,1.1920928955078125e-06,0.0,-0.0,-0.0,-0.0,-142783279.19999963,-154199600.06790587,-162337500.60000005,0.0,0.0,0.0,-142783279.19999963,-154199600.0679059,-162337500.60000005,0.0,0.0,0.0,0.0,-2.9802322387695312e-08,0.0,0,0.0,True,,,0.3027534484863281,3.6767879923184714
Wait阶段,16,integer_added_region_benders_cuts,78374,29,0.0,-459320379.8679055,-459278062.0739396,33324.87619262934,26517.25440815091,0.0,0.0,0.0,-142783279.1999996,-154193759.86065593,-162334347.8894767,0.0,0.0,0.0,-142776471.57821634,-154167242.60624778,-162334347.8894767,0.0,0.0,0.0,6807.621783256531,26517.25440815091,0.0,0,0.0,False,需要继续,32.0,0.3027534484863281,3.6767879923184714
Wait阶段,17,root_lp_closed,78374,31,0.0,-459321556.37830555,-459321556.3783043,1.2516975402832031e-06,0.0,-0.0,-0.0,-0.0,-142783279.19999963,-154200776.57830587,-162337500.60000005,0.0,0.0,0.0,-142783279.19999963,-154200776.5783059,-162337500.60000005,0.0,0.0,0.0,0.0,-2.9802322387695312e-08,0.0,0,0.0,True,,,0.3054008483886719,4.512852374712626
Wait阶段,17,integer_added_region_benders_cuts,78374,31,0.0,-459321556.37830555,-459300574.5717773,14274.347827613354,9179.52631688118,0.0,0.0,0.0,-142783279.19999963,-154194632.00870588,-162336937.71089935,0.0,0.0,0.0,-142778522.95987153,-154185452.482389,-162336599.129518,0.0,0.0,0.0,4756.240128099918,9179.52631688118,338.5813813507557,0,0.0,False,需要继续,32.0,0.3054008483886719,4.512852374712626
Wait阶段,18,root_lp_closed,78374,34,0.0,-459321641.8012656,-459321641.80126435,1.2516975402832031e-06,0.0,-0.0,-0.0,-0.0,-142783279.19999963,-154200862.00126594,-162337500.60000005,0.0,0.0,0.0,-142783279.19999963,-154200862.00126594,-162337500.60000005,0.0,0.0,0.0,0.0,0.0,0.0,0,0.0,True,,,0.3083229064941406,5.093707529703776
Wait阶段,18,stage_completed,78374,34,0.0,-459321641.8012656,-459299940.3301806,-24993.75837880373,0.0,-0.0,-0.0,-0.0,-142783279.19999963,-154200862.00126594,-162337500.60000005,0.0,0.0,0.0,-142783279.19999963,-154200862.00126594,-162337500.60000005,0.0,0.0,0.0,0.0,0.0,0.0,0,0.0,True,restricted_mip_completed,32.0,0.3083229064941406,5.093707529703776
Latency阶段,1,added_region_benders_cuts,78374,37,1330942.8142346574,-459274946.5718018,-459006362.2616941,268584.310107708,117517.95222842693,-0.0,-0.0,-0.0,-142749573.2214627,-154189907.0720309,-162335466.27830818,0.0,0.0,0.0,-142632055.26923427,-154076173.9503434,-162298133.04211763,0.0,0.0,0.0,117517.95222842693,113733.12168750167,37333.23619055748,0,nan,False,,,0.41265869140625,5.42212495803833
Latency阶段,2,added_region_benders_cuts,78374,40,1331206.8680314224,-459274946.5718018,-459043937.7544934,231008.8173083663,111798.23790898919,-0.0,-0.0,-0.0,-142749366.6913394,-154189907.0720309,-162335672.80843148,0.0,0.0,0.0,-142637568.4534304,-154082747.05582538,-162323622.24523887,0.0,0.0,0.0,111798.23790898919,107160.01620551944,12050.563192605972,0,nan,False,,,0.4167366027832031,5.565069556236267
Latency阶段,3,added_region_benders_cuts,78374,43,1331309.5076360826,-459274946.5718018,-459149818.15247947,125128.41932231188,70586.66473990679,-0.0,-0.0,-0.0,-142749366.6913394,-154189907.0720309,-162335672.80843148,0.0,0.0,0.0,-142678780.0265995,-154143618.1486525,-162327419.9772287,0.0,0.0,0.0,70586.66473990679,46288.923378407955,8252.83120277524,0,nan,False,,,0.4185829162597656,5.718102383613586
Latency阶段,4,added_region_benders_cuts,78374,46,1331343.323183035,-459274946.5718018,-459154408.6023095,120537.96949225664,57794.05382925272,-0.0,-0.0,-0.0,-142757615.674858,-154189907.0720309,-162327423.82491288,0.0,0.0,0.0,-142703123.20318088,-154132113.01820165,-162319172.38092828,0.0,0.0,0.0,54492.4716771245,57794.05382925272,8251.443984597921,0,nan,False,,,0.42020416259765625,5.87932596206665
Latency阶段,5,added_region_benders_cuts,78374,49,1331372.7852660264,-459274946.5718018,-459167677.23606473,107269.33573704958,56365.29761227965,-0.0,-0.0,-0.0,-142749366.6913394,-154189907.0720309,-162335672.80843148,0.0,0.0,0.0,-142698467.57414776,-154133541.77441862,-162335667.88749957,0.0,0.0,0.0,50899.11719164252,56365.29761227965,4.920931905508041,0,nan,False,,,0.4214286804199219,6.049350261688232
Latency阶段,6,added_region_benders_cuts,78374,51,1331390.4410454852,-459274946.5718018,-459195620.1932126,79326.37858915329,58192.461457014084,-0.0,-0.0,-0.0,-142749366.6913394,-154189907.0720309,-162335672.80843148,0.0,0.0,0.0,-142691174.2298824,-154168773.15490004,-162335672.80843142,0.0,0.0,0.0,58192.461457014084,21133.917130857706,5.960464477539063e-08,0,nan,False,,,0.4217071533203125,6.22792638540268
Latency阶段,7,added_region_benders_cuts,78374,53,1331405.2492229026,-459274946.5718018,-459197741.2725616,77205.29924017191,50270.524197399616,-0.0,-0.0,-0.0,-142749366.6913394,-154189907.0720309,-162335672.80843148,0.0,0.0,0.0,-142699096.167142,-154162972.2969895,-162335672.80843142,0.0,0.0,0.0,50270.524197399616,26934.775041401386,5.960464477539063e-08,0,nan,False,,,0.42179107666015625,6.412905605634053
Latency阶段,8,added_region_benders_cuts,78374,55,1331411.2116036918,-459274946.5718018,-459218222.7749193,56723.796882510185,39944.618331849575,-0.0,-0.0,-0.0,-142749366.6913394,-154189907.0720309,-162335672.80843148,0.0,0.0,0.0,-142709422.07300755,-154173127.89348155,-162335672.80843142,0.0,0.0,0.0,39944.618331849575,16779.178549349308,5.960464477539063e-08,0,nan,False,,,0.4219551086425781,6.602778518199921
Latency阶段,9,added_region_benders_cuts,78374,57,1331415.542071588,-459274946.5718018,-459216291.2180685,58655.35373330116,46377.91345009208,-0.0,-0.0,-0.0,-142749366.6913394,-154189907.0720309,-162335672.80843148,0.0,0.0,0.0,-142702988.7778893,-154177629.631749,-162335672.80843142,0.0,0.0,0.0,46377.91345009208,12277.440281897783,5.960464477539063e-08,0,nan,False,,,0.4221038818359375,6.802304335435232
Latency阶段,10,added_region_benders_cuts,78374,59,1331418.8131977695,-459274946.5718018,-459235721.52133554,39225.05046623945,29333.83667218685,-0.0,-0.0,-0.0,-142749366.6913394,-154189907.0720309,-162335672.80843148,0.0,0.0,0.0,-142720032.85466722,-154180015.8582382,-162335672.80843142,0.0,0.0,0.0,29333.83667218685,9891.213792711496,5.960464477539063e-08,0,nan,False,,,0.42293548583984375,7.0014498392740885
Latency阶段,11,added_region_benders_cuts,78374,61,1331419.7095081136,-459274946.5718018,-459239495.4154225,35451.156379282475,28054.745411336422,-0.0,-0.0,-0.0,-142749366.6913394,-154189907.0720309,-162335672.80843148,0.0,0.0,0.0,-142721311.94592807,-154182510.66106427,-162335672.80843142,0.0,0.0,0.0,28054.745411336422,7396.41096663475,5.960464477539063e-08,0,nan,False,,,0.3249092102050781,7.207360414663951
Latency阶段,12,added_region_benders_cuts,78374,63,1331422.1437383534,-459274946.5718018,-459229287.97457606,45658.59722572565,38085.97434934974,-0.0,-0.0,-0.0,-142749366.6913394,-154189907.0720309,-162335672.80843148,0.0,0.0,0.0,-142711280.71699005,-154182334.44915584,-162335672.80843142,0.0,0.0,0.0,38085.97434934974,7572.622875064611,5.960464477539063e-08,0,nan,False,,,0.4162940979003906,7.422675228118896
Latency阶段,13,added_region_benders_cuts,78374,65,1331425.8778809286,-459274946.5718018,-459245604.2191169,29342.35268485546,22244.453534185886,-0.0,-0.0,-0.0,-142749366.6913394,-154189907.0720309,-162335672.80843148,0.0,0.0,0.0,-142727122.23780522,-154182809.17288157,-162335672.80843142,0.0,0.0,0.0,22244.453534185886,7097.89914932847,5.960464477539063e-08,0,nan,False,,,0.4178047180175781,7.636666782697042
Latency阶段,14,added_region_benders_cuts,78374,67,1331426.7745069957,-459274946.5718018,-459251960.92642,22985.64538180828,19399.792192280293,-0.0,-0.0,-0.0,-142749366.6913394,-154189907.0720309,-162335672.80843148,0.0,0.0,0.0,-142729966.89914712,-154186321.2188427,-162335672.80843142,0.0,0.0,0.0,19399.792192280293,3585.8531882166862,5.960464477539063e-08,0,nan,False,,,0.41841888427734375,7.863857571283976
Latency阶段,15,added_region_benders_cuts,78374,69,1331427.4180706656,-459274946.5718018,-459247934.01571035,27012.556091427803,21114.755378603935,-0.0,-0.0,-0.0,-142749366.6913394,-154189907.0720309,-162335672.80843148,0.0,0.0,0.0,-142728251.9359608,-154184009.27131936,-162335672.80843142,0.0,0.0,0.0,21114.755378603935,5897.800711542368,5.960464477539063e-08,0,nan,False,,,0.41861724853515625,8.0904660820961
Latency阶段,16,added_region_benders_cuts,78374,71,1331428.216952482,-459274946.5718018,-459248163.6858341,26782.88596767187,23818.93830782175,-0.0,-0.0,-0.0,-142749366.6913394,-154189907.0720309,-162335672.80843148,0.0,0.0,0.0,-142725547.75303158,-154186943.12437233,-162335672.80843142,0.0,0.0,0.0,23818.93830782175,2963.9476585686207,5.960464477539063e-08,0,nan,False,,,0.41973876953125,8.323975185553232
Latency阶段,17,added_region_benders_cuts,78374,73,1331429.656731261,-459274946.5718018,-459264826.3253168,10120.246484994888,6374.5911820828915,-0.0,-0.0,-0.0,-142749366.6913394,-154189907.0720309,-162335672.80843148,0.0,0.0,0.0,-142742992.10015732,-154186161.4167293,-162335672.80843142,0.0,0.0,0.0,6374.5911820828915,3745.6553016006947,5.960464477539063e-08,0,nan,False,,,0.41943359375,8.571811902523041
Latency阶段,18,added_region_benders_cuts,78374,75,1331430.0274486342,-459274946.5718018,-459269592.44240427,5354.129397511482,2738.418733984232,-0.0,-0.0,-0.0,-142749366.6913394,-154189907.0720309,-162335672.80843148,0.0,0.0,0.0,-142746628.27260542,-154187291.36136872,-162335672.80843142,0.0,0.0,0.0,2738.418733984232,2615.710662186146,5.960464477539063e-08,0,nan,False,,,0.4205169677734375,8.822767512003582
Latency阶段,19,added_region_benders_cuts,78374,77,1331431.0695612272,-459274946.5718018,-459270767.69875705,4178.873044729233,4175.214420825243,-0.0,-0.0,-0.0,-142749366.6913394,-154189907.0720309,-162335672.80843148,0.0,0.0,0.0,-142745191.47691858,-154189903.41340828,-162335672.80843142,0.0,0.0,0.0,4175.214420825243,3.658622622489929,5.960464477539063e-08,0,nan,False,,,0.42070770263671875,9.076579495271046
Latency阶段,20,added_region_benders_cuts,78374,79,1331432.562455268,-459274946.5718018,-459268525.2436316,6421.328170180321,6416.767127305269,-0.0,-0.0,-0.0,-142749366.6913394,-154189907.0720309,-162335672.80843148,0.0,0.0,0.0,-142742949.9242121,-154189902.51098934,-162335672.80843142,0.0,0.0,0.0,6416.767127305269,4.561041563749313,5.960464477539063e-08,0,nan,False,,,0.4207649230957031,9.335422539710999
Latency阶段,21,added_region_benders_cuts,78374,81,1331432.8839018985,-459274946.5718018,-459267734.24682236,7212.324979424477,7204.63934096694,-0.0,-0.0,-0.0,-142749366.6913394,-154189907.0720309,-162335672.80843148,0.0,0.0,0.0,-142742162.05199844,-154189899.38639376,-162335672.80843142,0.0,0.0,0.0,7204.63934096694,7.685637146234512,5.960464477539063e-08,0,nan,False,,,0.4216117858886719,9.600044417381287
Latency阶段,22,added_region_benders_cuts,78374,83,1331433.4815131607,-459274946.5718018,-459271759.2371293,3187.334672510624,3183.7061901688576,-0.0,-0.0,-0.0,-142749366.6913394,-154189907.0720309,-162335672.80843148,0.0,0.0,0.0,-142746182.98514923,-154189903.4435499,-162335672.80843142,0.0,0.0,0.0,3183.7061901688576,3.62848100066185,5.960464477539063e-08,0,nan,False,,,0.42162322998046875,9.873224055767059
Latency阶段,23,added_region_benders_cuts,78374,85,1331433.8425825804,-459274946.5718018,-459271267.94330525,3678.628496527672,3674.7779047489166,-0.0,-0.0,-0.0,-142749366.6913394,-154189907.0720309,-162335672.80843148,0.0,0.0,0.0,-142745691.91343465,-154189903.22144043,-162335672.80843142,0.0,0.0,0.0,3674.7779047489166,3.850590467453003,5.960464477539063e-08,0,nan,False,,,0.4221839904785156,10.14955765803655
Latency阶段,24,added_region_benders_cuts,78374,87,1331433.9964334643,-459274946.5718018,-459272924.43705714,2022.134744644165,2015.470342963934,-0.0,-0.0,-0.0,-142749366.6913394,-154189907.0720309,-162335672.80843148,0.0,0.0,0.0,-142747351.22099644,-154189900.40763047,-162335672.80843142,0.0,0.0,0.0,2015.470342963934,6.664400428533554,5.960464477539063e-08,0,nan,False,,,0.4232444763183594,10.435166827837627
Latency阶段,25,added_region_benders_cuts,78374,89,1331434.0527987804,-459274946.5718018,-459274936.5734843,9.99831748008728,9.368904411792755,-0.0,-0.0,-0.0,-142749366.6913394,-154189907.0720309,-162335672.80843148,0.0,0.0,0.0,-142749357.322435,-154189906.4426192,-162335672.80843142,0.0,0.0,0.0,9.368904411792755,0.6294116973876953,5.960464477539063e-08,0,nan,False,,,0.4233665466308594,10.77673411766688
Latency阶段,26,added_region_benders_cuts,78374,91,1331434.0531911014,-459274946.5718018,-459274939.4223052,7.149496555328369,4.87356773018837,-0.0,-0.0,-0.0,-142749366.6913394,-154189907.0720309,-162335672.80843148,0.0,0.0,0.0,-142749361.81777167,-154189904.79610336,-162335672.80843142,0.0,0.0,0.0,4.87356773018837,2.2759275436401367,5.960464477539063e-08,0,nan,False,,,0.4241828918457031,11.15668817361196
Latency阶段,27,added_region_benders_cuts,78374,93,1331434.0533976504,-459274946.5718018,-459274938.0865258,8.485275983810425,8.125773400068283,-0.0,-0.0,-0.0,-142749366.6913394,-154189907.0720309,-162335672.80843148,0.0,0.0,0.0,-142749358.565566,-154189906.71252963,-162335672.80843142,0.0,0.0,0.0,8.125773400068283,0.35950127243995667,5.960464477539063e-08,0,nan,False,,,0.42423248291015625,11.547066442171733
Latency阶段,28,added_region_benders_cuts,78374,94,1331434.053444299,-459274946.5718018,-459274946.3328786,0.23892319202423096,0.2389219105243683,-0.0,-0.0,-0.0,-142749366.6913394,-154189907.0720309,-162335672.80843148,0.0,0.0,0.0,-142749366.4524175,-154189907.07203093,-162335672.80843142,0.0,0.0,0.0,0.2389219105243683,-2.9802322387695312e-08,5.960464477539063e-08,0,nan,False,,,0.4241981506347656,11.932525340716044
Latency阶段,29,added_region_benders_cuts,78374,95,1331434.0534615263,-459274946.5718018,-459274942.9637894,3.60801237821579,3.608011096715927,-0.0,-0.0,-0.0,-142749366.6913394,-154189907.0720309,-162335672.80843148,0.0,0.0,0.0,-142749363.0833283,-154189907.07203093,-162335672.80843142,0.0,0.0,0.0,3.608011096715927,-2.9802322387695312e-08,5.960464477539063e-08,0,nan,False,,,0.4244804382324219,12.313955680529277
Latency阶段,30,added_columns,135889,95,1331434.0534894888,-459274946.5718018,-459274946.5718002,1.6093254089355469e-06,1.7881393432617188e-07,-0.0,-0.0,-0.0,-142749366.69133928,-154189907.072031,-162335672.80843148,0.0,0.0,0.0,-142749366.6913391,-154189907.07203093,-162335672.80843142,0.0,0.0,0.0,1.7881393432617188e-07,5.960464477539063e-08,5.960464477539063e-08,57515,-1400.3317307692314,False,,,0.3285865783691406,12.96596196492513
Latency阶段,31,added_region_benders_cuts,135889,97,253631.89926285497,-459281685.0933042,-458563566.6683697,718118.4249345064,579209.1529124975,-0.0,-0.0,-0.0,-142783279.19999963,-154191500.95866454,-162306904.93464005,0.0,0.0,0.0,-142783279.19999963,-153612291.80575204,-162167995.66261938,0.0,0.0,0.0,0.0,579209.1529124975,138909.2720206678,0,nan,False,,,0.43416595458984375,13.501627870400746
Latency阶段,32,added_region_benders_cuts,135889,99,253804.69022580923,-459274946.5718018,-458816326.33018917,458620.2416126132,289582.0694926083,-0.0,-0.0,-0.0,-142783279.19999963,-154209743.37608087,-162281923.99572128,0.0,0.0,0.0,-142783279.19999963,-154040705.20396233,-161992341.92622867,0.0,0.0,0.0,0.0,169038.17211854458,289582.0694926083,0,nan,False,,,0.43547821044921875,14.043481572469075
Latency阶段,33,added_region_benders_cuts,135889,101,253906.67722259712,-459274946.5718018,-458788269.4820035,486677.08979827166,288036.83708003163,-0.0,-0.0,-0.0,-142783279.19999963,-154178745.9290021,-162312921.44280005,0.0,0.0,0.0,-142783279.19999963,-153980105.67628527,-162024884.60572,0.0,0.0,0.0,0.0,198640.2527168393,288036.83708003163,0,nan,False,,,0.4384956359863281,14.604127585887909
Latency阶段,34,added_region_benders_cuts,135889,104,253956.59752077083,-459274946.5718018,-459005504.5865388,269441.98526299,154951.34468245506,-0.0,-0.0,-0.0,-142783279.19999963,-154159624.97156212,-162332042.40024003,0.0,0.0,0.0,-142780863.76537862,-154047549.7656038,-162177091.05555758,0.0,0.0,0.0,2415.4346210062504,112075.20595830679,154951.34468245506,0,nan,False,,,0.4405937194824219,15.173405361175536
Latency阶段,35,added_region_benders_cuts,135889,107,253985.55581283604,-459274946.5718018,-459045066.37736475,229880.19443702698,138311.77905744314,-0.0,-0.0,-0.0,-142783279.19999963,-154161408.4610788,-162330258.91072336,0.0,0.0,0.0,-142782946.33659244,-154070172.9091076,-162191947.13166592,0.0,0.0,0.0,332.8634071946144,91235.55197119713,138311.77905744314,0,nan,False,,,0.4418144226074219,15.754471484820048
Latency阶段,36,added_region_benders_cuts,135889,109,253995.99886580036,-459274946.5718018,-459046651.64060736,228294.93119442463,125480.0500651896,-0.0,-0.0,-0.0,-142783279.19999963,-154161715.6823921,-162329951.68941006,0.0,0.0,0.0,-142783279.19999963,-154058900.80126408,-162204471.63934487,0.0,0.0,0.0,0.0,102814.88112801313,125480.0500651896,0,nan,False,,,0.443145751953125,16.345290283362072
Latency阶段,37,added_region_benders_cuts,135889,111,254007.72467921372,-459274946.5718018,-459075695.4345574,199251.13724440336,100704.32183390856,-0.0,-0.0,-0.0,-142783279.19999963,-154161715.6823921,-162329951.68941006,0.0,0.0,0.0,-142783279.19999963,-154061011.36055818,-162231404.87400073,0.0,0.0,0.0,0.0,100704.32183390856,98546.81540933251,0,nan,False,,,0.4432868957519531,16.953815444310507
Latency阶段,38,added_region_benders_cuts,135889,113,254012.24657099808,-459274946.5718018,-459105678.6824312,169267.88937056065,85621.78984341025,-0.0,-0.0,-0.0,-142783279.19999963,-154161715.6823921,-162329951.68941006,0.0,0.0,0.0,-142783279.19999963,-154078069.58286613,-162244329.89956665,0.0,0.0,0.0,0.0,83646.0995259583,85621.78984341025,0,nan,False,,,0.44354248046875,17.570113201936085
Latency阶段,39,added_region_benders_cuts,135889,115,254016.7020021152,-459274946.5718018,-459100142.96689296,174803.60490882397,89669.45135399699,-0.0,-0.0,-0.0,-142783279.19999963,-154161715.6823921,-162329951.68941006,0.0,0.0,0.0,-142783279.19999963,-154076581.5288385,-162240282.23805606,0.0,0.0,0.0,0.0,85134.15355360508,89669.45135399699,0,nan,False,,,0.443756103515625,18.202398105462393
Latency阶段,40,added_region_benders_cuts,135889,117,254018.2576608465,-459274946.5718018,-459112788.3573047,162158.2144970894,91055.11923313141,-0.0,-0.0,-0.0,-142783279.19999963,-154161715.6823921,-162329951.68941006,0.0,0.0,0.0,-142783279.19999963,-154090612.58712938,-162238896.57017693,0.0,0.0,0.0,0.0,71103.09526270628,91055.11923313141,0,nan,False,,,0.4450416564941406,18.83688391049703
Latency阶段,41,added_region_benders_cuts,135889,119,254021.93355805308,-459274946.5718018,-459136646.26052755,138300.31127423048,73843.58245748281,-0.0,-0.0,-0.0,-142783279.19999963,-154161715.6823921,-162329951.68941006,0.0,0.0,0.0,-142783279.19999963,-154097258.9535766,-162256108.10695258,0.0,0.0,0.0,0.0,64456.72881549597,73843.58245748281,0,nan,False,,,0.4451026916503906,19.48651623725891
Latency阶段,42,added_region_benders_cuts,135889,121,254022.86511024155,-459274946.5718018,-459142217.3275796,132729.24422216415,75091.97706618905,-0.0,-0.0,-0.0,-142783279.19999963,-154161715.6823921,-162329951.68941006,0.0,0.0,0.0,-142783279.19999963,-154104078.41523722,-162254859.71234387,0.0,0.0,0.0,0.0,57637.26715487242,75091.97706618905,0,nan,False,,,0.44512176513671875,20.148440357049306
Latency阶段,43,added_region_benders_cuts,135889,123,254026.090052206,-459274946.5718018,-459106583.4267722,168363.14502960443,91185.33381253481,-0.0,-0.0,-0.0,-142783279.19999963,-154161715.6823921,-162329951.68941006,0.0,0.0,0.0,-142783279.19999963,-154084537.87117618,-162238766.35559753,0.0,0.0,0.0,0.0,77177.81121590734,91185.33381253481,0,nan,False,,,0.4452934265136719,20.81385052204132
Latency阶段,44,added_region_benders_cuts,135889,125,254029.53229226926,-459274946.5718018,-459133370.03066134,141576.54114043713,86749.68677595258,-0.0,-0.0,-0.0,-142783279.19999963,-154161715.6823921,-162329951.68941006,0.0,0.0,0.0,-142783279.19999963,-154106888.82802877,-162243202.0026341,0.0,0.0,0.0,0.0,54826.85436332226,86749.68677595258,0,nan,False,,,0.4453468322753906,21.510401598612468
Latency阶段,45,added_region_benders_cuts,135889,127,254033.4981568877,-459274946.5718018,-459165251.73365766,109694.83814412355,64119.561710864305,-0.0,-0.0,-0.0,-142783279.19999963,-154161715.6823921,-162329951.68941006,0.0,0.0,0.0,-142783279.19999963,-154116140.40596005,-162265832.1276992,0.0,0.0,0.0,0.0,45575.27643203735,64119.561710864305,0,nan,False,,,0.44537353515625,22.207507407665254
Latency阶段,46,added_region_benders_cuts,135889,129,254034.87906545322,-459274946.5718018,-459169832.5952707,105113.97653108835,62143.13247966766,-0.0,-0.0,-0.0,-142783279.19999963,-154161715.6823921,-162329951.68941006,0.0,0.0,0.0,-142783279.19999963,-154118744.838342,-162267808.5569304,0.0,0.0,0.0,0.0,42970.844050079584,62143.13247966766,0,nan,False,,,0.4454612731933594,22.90407338539759
Latency阶段,47,added_region_benders_cuts,135889,131,254036.59751032418,-459274946.5718018,-459176131.5539625,98815.01783925295,50151.80999696255,-0.0,-0.0,-0.0,-142783279.19999963,-154161715.6823921,-162329951.68941006,0.0,0.0,0.0,-142783279.19999963,-154113052.4745513,-162279799.8794131,0.0,0.0,0.0,0.0,48663.207840800285,50151.80999696255,0,nan,False,,,0.4454917907714844,23.608040050665537
Latency阶段,48,added_region_benders_cuts,135889,133,254037.25419641307,-459274946.5718018,-459176006.74316996,98939.8286318183,58398.4189722836,-0.0,-0.0,-0.0,-142783279.19999963,-154161715.6823921,-162329951.68941006,0.0,0.0,0.0,-142783279.19999963,-154121174.2727338,-162271553.27043778,0.0,0.0,0.0,0.0,40541.409658282995,58398.4189722836,0,nan,False,,,0.44561004638671875,24.33304507335027
Latency阶段,49,added_region_benders_cuts,135889,135,254037.9332462768,-459274946.5718018,-459165511.919541,109434.65226078033,73850.85510960221,-0.0,-0.0,-0.0,-142783279.19999963,-154161715.6823921,-162329951.68941006,0.0,0.0,0.0,-142783279.19999963,-154126131.88524216,-162256100.83430046,0.0,0.0,0.0,0.0,35583.797149926424,73850.85510960221,0,nan,False,,,0.44542694091796875,25.076639060179392
Latency阶段,50,added_region_benders_cuts,135889,137,254038.5747684186,-459274946.5718018,-459201001.89482385,73944.67697793245,41696.75674313307,-0.0,-0.0,-0.0,-142783279.19999963,-154161715.6823921,-162329951.68941006,0.0,0.0,0.0,-142783279.19999963,-154129467.76215842,-162288254.93266693,0.0,0.0,0.0,0.0,32247.920233666897,41696.75674313307,0,nan,False,,,0.4457283020019531,25.816962452729545
Latency阶段,51,added_region_benders_cuts,135889,139,254039.1037658862,-459274946.5718018,-459205253.6348847,69692.93691706657,44778.596204817295,-0.0,-0.0,-0.0,-142783279.19999963,-154161715.6823921,-162329951.68941006,0.0,0.0,0.0,-142783279.19999963,-154136801.34168112,-162285173.09320524,0.0,0.0,0.0,0.0,24914.34071096778,44778.596204817295,0,nan,False,,,0.4457817077636719,26.572176067034402
Latency阶段,52,added_region_benders_cuts,135889,141,254039.412021257,-459274946.5718018,-459218529.515592,56417.05620980263,28897.12592175603,-0.0,-0.0,-0.0,-142783279.19999963,-154161715.6823921,-162329951.68941006,0.0,0.0,0.0,-142783279.19999963,-154132818.55647033,-162302431.75912333,0.0,0.0,0.0,0.0,28897.12592175603,27519.930286735296,0,nan,False,,,0.4383659362792969,27.346667249997456
Latency阶段,53,added_region_benders_cuts,135889,143,254039.79129531444,-459274946.5718018,-459201668.04888016,73278.5229216218,38031.37620681524,-0.0,-0.0,-0.0,-142783279.19999963,-154161715.6823921,-162329951.68941006,0.0,0.0,0.0,-142783279.19999963,-154123684.30618528,-162294704.54269648,0.0,0.0,0.0,0.0,38031.37620681524,35247.14671358466,0,nan,False,,,0.44189453125,28.113314255078635
Latency阶段,54,added_region_benders_cuts,135889,145,254040.0829226828,-459274946.5718018,-459214897.81508464,60048.75671714544,32802.365062236786,-0.0,-0.0,-0.0,-142783279.19999963,-154161715.6823921,-162329951.68941006,0.0,0.0,0.0,-142783279.19999963,-154134469.29073843,-162297149.32434782,0.0,0.0,0.0,0.0,27246.39165365696,32802.365062236786,0,nan,False,,,0.443634033203125,28.89714025259018
Latency阶段,55,added_region_benders_cuts,135889,147,254040.42115142557,-459274946.5718018,-459194240.1130767,80706.4587250948,42909.09191650152,-0.0,-0.0,-0.0,-142783279.19999963,-154161715.6823921,-162329951.68941006,0.0,0.0,0.0,-142783279.19999963,-154123918.31558472,-162287042.59749356,0.0,0.0,0.0,0.0,37797.36680737138,42909.09191650152,0,nan,False,,,0.4447212219238281,29.695316723982494
Latency阶段,56,added_region_benders_cuts,135889,149,254041.42617556086,-459274946.5718018,-459201269.8368146,73676.7349871993,49675.83223032951,-0.0,-0.0,-0.0,-142783279.19999963,-154161715.6823921,-162329951.68941006,0.0,0.0,0.0,-142783279.19999963,-154137714.7796365,-162280275.85717973,0.0,0.0,0.0,0.0,24000.902755588293,49675.83223032951,0,nan,False,,,0.4451904296875,30.495216282208762
Latency阶段,57,added_region_benders_cuts,135889,151,254042.78169586117,-459274946.5718018,-459213948.00622946,60998.565572321415,35121.63481372595,-0.0,-0.0,-0.0,-142783279.19999963,-154161715.6823921,-162329951.68941006,0.0,0.0,0.0,-142783279.19999963,-154126594.04757836,-162304074.75865257,0.0,0.0,0.0,0.0,35121.63481372595,25876.93075749278,0,nan,False,,,0.445465087890625,31.30595551331838
Latency阶段,58,added_region_benders_cuts,135889,153,254043.171538145,-459274946.5718018,-459224880.45127046,50066.12053132057,30998.50030618906,-0.0,-0.0,-0.0,-142783279.19999963,-154161715.6823921,-162329951.68941006,0.0,0.0,0.0,-142783279.19999963,-154142648.0621683,-162298953.18910387,0.0,0.0,0.0,0.0,19067.620223790407,30998.50030618906,0,nan,False,,,0.4455413818359375,32.12339299917221
Latency阶段,59,added_region_benders_cuts,135889,155,254043.6827026705,-459274946.5718018,-459208245.4420207,66701.12978106737,35763.5391523242,-0.0,-0.0,-0.0,-142783279.19999963,-154161715.6823921,-162329951.68941006,0.0,0.0,0.0,-142783279.19999963,-154130778.09176445,-162294188.15025774,0.0,0.0,0.0,0.0,30937.590627640486,35763.5391523242,0,nan,False,,,0.4456977844238281,32.95176971753438
Latency阶段,60,added_region_benders_cuts,135889,157,254044.81457966275,-459274946.5718018,-459224536.5786575,50409.99314427376,27717.49633142352,-0.0,-0.0,-0.0,-142783279.19999963,-154161715.6823921,-162329951.68941006,0.0,0.0,0.0,-142783279.19999963,-154139023.1855804,-162302234.19307864,0.0,0.0,0.0,0.0,22692.496811687946,27717.49633142352,0,nan,False,,,0.4467926025390625,33.7984894990921
Latency阶段,61,added_region_benders_cuts,135889,159,254045.55719445515,-459274946.5718018,-459233984.03457963,40962.53722214699,26851.844520807266,-0.0,-0.0,-0.0,-142783279.19999963,-154161715.6823921,-162329951.68941006,0.0,0.0,0.0,-142783279.19999963,-154134863.83787128,-162315840.9967098,0.0,0.0,0.0,0.0,26851.844520807266,14110.692700266838,0,nan,False,,,0.2587852478027344,0.8983627994855244
Latency阶段,62,added_region_benders_cuts,135889,161,254046.05366984222,-459274946.5718018,-459221025.9867891,53920.58501267433,36936.10411542654,-0.0,-0.0,-0.0,-142783279.19999963,-154161715.6823921,-162329951.68941006,0.0,0.0,0.0,-142783279.19999963,-154124779.57827666,-162312967.20851392,0.0,0.0,0.0,0.0,36936.10411542654,16984.480896145105,0,nan,False,,,0.26528167724609375,1.7402846773465475
Latency阶段,63,added_region_benders_cuts,135889,163,254046.2915279181,-459274946.5718018,-459245467.17237324,29479.39942854643,16113.573593765497,-0.0,-0.0,-0.0,-142783279.19999963,-154161715.6823921,-162329951.68941006,0.0,0.0,0.0,-142783279.19999963,-154145602.10879833,-162316585.86357638,0.0,0.0,0.0,0.0,16113.573593765497,13365.825833678246,0,nan,False,,,0.2630958557128906,2.6038904468218487
Latency阶段,64,added_region_benders_cuts,135889,165,254046.48208511854,-459274946.5718018,-459236311.56603277,38635.00576901436,27224.47231885791,-0.0,-0.0,-0.0,-142783279.19999963,-154167238.54168785,-162324428.8301143,0.0,0.0,0.0,-142783279.19999963,-154140014.069369,-162313018.29666537,0.0,0.0,0.0,0.0,27224.47231885791,11410.533448934555,0,nan,False,,,0.2707633972167969,3.679303475220998
Latency阶段,65,added_region_benders_cuts,135889,167,254047.30134262942,-459274946.5718018,-459228478.15435463,46468.41744714975,26049.816999942064,-0.0,-0.0,-0.0,-142783279.19999963,-154163050.84982654,-162328616.5219756,0.0,0.0,0.0,-142783279.19999963,-154142632.24938068,-162302566.70497566,0.0,0.0,0.0,0.0,20418.600445866585,26049.816999942064,0,nan,False,,,0.2741851806640625,4.81133713722229
Latency阶段,66,added_region_benders_cuts,135889,169,254047.81759466516,-459274946.5718018,-459242625.8197553,32320.752046465874,18381.110523164272,-0.0,-0.0,-0.0,-142783279.19999963,-154170581.89908612,-162321085.47271603,0.0,0.0,0.0,-142783279.19999963,-154156642.25756398,-162302704.36219287,0.0,0.0,0.0,0.0,13939.64152213931,18381.110523164272,0,nan,False,,,0.2762489318847656,5.962023210525513
Latency阶段,67,added_region_benders_cuts,135889,171,254048.1037526208,-459274946.5718018,-459244686.102719,30260.46908277273,21669.835985392332,-0.0,-0.0,-0.0,-142783279.19999963,-154169920.80197763,-162321746.56982452,0.0,0.0,0.0,-142783279.19999963,-154161330.16888142,-162300076.73383912,0.0,0.0,0.0,0.0,8590.63309621811,21669.835985392332,0,nan,False,,,0.2781333923339844,7.105629575252533
Latency阶段,68,added_region_benders_cuts,135889,173,254048.53882071865,-459274946.5718018,-459243151.4029052,31795.1688965559,17320.2261249125,-0.0,-0.0,-0.0,-142783279.19999963,-154161715.6823921,-162329951.68941006,0.0,0.0,0.0,-142783279.19999963,-154144395.45626718,-162315476.74663958,0.0,0.0,0.0,0.0,17320.2261249125,14474.94277048111,0,nan,False,,,0.2794532775878906,8.269028639793396
Latency阶段,69,added_region_benders_cuts,135889,175,254048.96243131696,-459274946.5718018,-459242166.1703548,32780.40144699812,16742.908134043217,-0.0,-0.0,-0.0,-142783279.19999963,-154165140.0346481,-162326527.33715406,0.0,0.0,0.0,-142783279.19999963,-154149102.5413364,-162309784.42902002,0.0,0.0,0.0,0.0,16037.493311703205,16742.908134043217,0,nan,False,,,0.3237419128417969,9.459819904963176
Latency阶段,70,added_region_benders_cuts,135889,177,254049.0569893047,-459274946.5718018,-459245701.3274267,29245.244375109673,18412.600256085396,-0.0,-0.0,-0.0,-142783279.19999963,-154161715.6823921,-162329951.68941006,0.0,0.0,0.0,-142783279.19999963,-154150883.03827432,-162311539.08915398,0.0,0.0,0.0,0.0,10832.64411777258,18412.600256085396,0,nan,False,,,0.3289947509765625,10.657051583131155
Latency阶段,71,added_region_benders_cuts,135889,179,254049.22327195073,-459274946.5718018,-459252377.89060265,22568.681199133396,12399.841147363186,-0.0,-0.0,-0.0,-142783279.19999963,-154174320.4927849,-162317346.87901726,0.0,0.0,0.0,-142783279.19999963,-154161920.65163752,-162307178.03896675,0.0,0.0,0.0,0.0,12399.841147363186,10168.840050518513,0,nan,False,,,0.33791351318359375,11.719492415587107
Latency阶段,72,added_region_benders_cuts,135889,181,254049.58756687937,-459274946.5718018,-459250769.3586185,24177.213183283806,12601.171834677458,-0.0,-0.0,-0.0,-142783279.19999963,-154168482.50529978,-162323184.86650237,0.0,0.0,0.0,-142783279.19999963,-154155881.3334651,-162311608.82515514,0.0,0.0,0.0,0.0,12601.171834677458,11576.041347235441,0,nan,False,,,0.3382720947265625,12.663932092984517
Latency阶段,73,added_region_benders_cuts,135889,183,254049.92858919076,-459274946.5718018,-459258401.20291466,16545.368887126446,8273.858412027359,-0.0,-0.0,-0.0,-142783279.19999963,-154161715.6823921,-162329951.68941006,0.0,0.0,0.0,-142783279.19999963,-154153441.82398006,-162321680.1789362,0.0,0.0,0.0,0.0,8273.858412027359,8271.51047384739,0,nan,False,,,0.3404998779296875,13.62290319999059
Latency阶段,74,added_region_benders_cuts,135889,185,254050.0570636807,-459274946.5718018,-459258163.5497424,16783.022059381008,10413.309585779905,-0.0,-0.0,-0.0,-142783279.19999963,-154163298.38387632,-162328368.98792583,0.0,0.0,0.0,-142783279.19999963,-154152885.07429054,-162321999.27545342,0.0,0.0,0.0,0.0,10413.309585779905,6369.71247240901,0,nan,False,,,0.34317779541015625,14.598590866724651
Latency阶段,75,added_region_benders_cuts,135889,187,254050.19388052972,-459274946.5718018,-459260011.068555,14935.50324678421,10013.393195092678,-0.0,-0.0,-0.0,-142783279.19999963,-154161715.6823921,-162329951.68941006,0.0,0.0,0.0,-142783279.19999963,-154151702.289197,-162325029.57935938,0.0,0.0,0.0,0.0,10013.393195092678,4922.110050678253,0,nan,False,,,0.3437767028808594,15.574384065469106
Latency阶段,76,added_region_benders_cuts,135889,189,254050.28000212106,-459274946.5718018,-459257486.6987083,17459.873093485832,9699.904165178537,-0.0,-0.0,-0.0,-142783279.19999963,-154161715.6823921,-162329951.68941006,0.0,0.0,0.0,-142783279.19999963,-154153955.7134651,-162320251.78524488,0.0,0.0,0.0,0.0,7759.968926995993,9699.904165178537,0,nan,False,,,0.3463592529296875,16.561955134073894
Latency阶段,77,added_region_benders_cuts,135889,191,254050.36270647027,-459274946.5718018,-459265785.37125075,9161.20055103302,5151.103292226791,-0.0,-0.0,-0.0,-142783279.19999963,-154163157.2459176,-162328510.12588456,0.0,0.0,0.0,-142783279.19999963,-154159147.14866003,-162323359.02259234,0.0,0.0,0.0,0.0,4010.097257554531,5151.103292226791,0,nan,False,,,0.3477783203125,17.557559474309286
Latency阶段,78,added_region_benders_cuts,135889,193,254050.41511331408,-459274946.5718018,-459266862.22321606,8084.348585724831,4805.311814785004,-0.0,-0.0,-0.0,-142783279.19999963,-154162955.83003756,-162328711.5417646,0.0,0.0,0.0,-142783279.19999963,-154158150.51822278,-162325432.50499457,0.0,0.0,0.0,0.0,4805.311814785004,3279.036770015955,0,nan,False,,,0.35100555419921875,18.570251897970834
Latency阶段,79,added_region_benders_cuts,135889,195,254050.4830758537,-459274946.5718018,-459267727.94838065,7218.6234211325645,4647.662331789732,-0.0,-0.0,-0.0,-142783279.19999963,-154161715.6823921,-162329951.68941006,0.0,0.0,0.0,-142783279.19999963,-154159144.72130415,-162325304.02707827,0.0,0.0,0.0,0.0,2570.9610879421234,4647.662331789732,0,nan,False,,,0.303131103515625,19.5917329231898
Latency阶段,80,added_region_benders_cuts,135889,197,254050.5417774033,-459274946.5718018,-459266979.27452034,7967.297281444073,4979.0063364207745,-0.0,-0.0,-0.0,-142783279.19999963,-154161715.6823921,-162329951.68941006,0.0,0.0,0.0,-142783279.19999963,-154158727.3914483,-162324972.68307364,0.0,0.0,0.0,0.0,2988.290943801403,4979.0063364207745,0,nan,False,,,0.3527870178222656,20.616499996185304
Latency阶段,81,added_region_benders_cuts,135889,199,254050.63970599553,-459274946.5718018,-459264158.68851984,10787.883281946182,5575.770400583744,-0.0,-0.0,-0.0,-142783279.19999963,-154164548.30628315,-162327119.065519,0.0,0.0,0.0,-142783279.19999963,-154158972.53588256,-162321906.95263872,0.0,0.0,0.0,0.0,5575.770400583744,5212.112880289555,0,nan,False,,,0.35918426513671875,21.65053746700287
Latency阶段,82,added_region_benders_cuts,135889,201,254050.75591680701,-459274946.5718018,-459268917.6338367,6028.937965095043,3410.484941124916,-0.0,-0.0,-0.0,-142783279.19999963,-154162218.08451182,-162329449.28729033,0.0,0.0,0.0,-142783279.19999963,-154159599.63148907,-162326038.8023492,0.0,0.0,0.0,0.0,2618.453022748232,3410.484941124916,0,nan,False,,,0.36322784423828125,22.688470153013863
Latency阶段,83,added_region_benders_cuts,135889,203,254050.80277283318,-459274946.5718018,-459269606.23746467,5340.334337115288,3387.5161258280277,-0.0,-0.0,-0.0,-142783279.19999963,-154162461.50666147,-162329205.86514068,0.0,0.0,0.0,-142783279.19999963,-154160508.68845138,-162325818.34901485,0.0,0.0,0.0,0.0,1952.8182100951672,3387.5161258280277,0,nan,False,,,0.3593254089355469,23.791842766602834
Latency阶段,84,added_region_benders_cuts,135889,205,254050.82912801608,-459274946.5718018,-459269267.2786063,5679.293195486069,3518.9102816581726,-0.0,-0.0,-0.0,-142783279.19999963,-154162123.0932119,-162329544.27859026,0.0,0.0,0.0,-142783279.19999963,-154159962.71029934,-162326025.3683086,0.0,0.0,0.0,0.0,2160.3829125463963,3518.9102816581726,0,nan,False,,,0.36273956298828125,25.156901824474335
Latency阶段,85,added_region_benders_cuts,135889,207,254050.9365523796,-459274946.5718018,-459271776.5840264,3169.98777538538,1875.6635798811913,-0.0,-0.0,-0.0,-142783279.19999963,-154162340.08551908,-162329327.28628308,0.0,0.0,0.0,-142783279.19999963,-154160464.4219392,-162328032.96208888,0.0,0.0,0.0,0.0,1875.6635798811913,1294.3241941928864,0,nan,False,,,0.3586463928222656,26.5088116923968
Latency阶段,86,added_region_benders_cuts,135889,209,254051.00232636335,-459274946.5718018,-459269737.101318,5209.470483779907,2711.213105261326,-0.0,-0.0,-0.0,-142783279.19999963,-154162570.17738235,-162329097.1944198,0.0,0.0,0.0,-142783279.19999963,-154159858.9642771,-162326598.93704233,0.0,0.0,0.0,0.0,2711.213105261326,2498.2573774755,0,nan,False,,,0.3640937805175781,27.90618945757548
Latency阶段,87,added_region_benders_cuts,135889,211,254051.04955390535,-459274946.5718018,-459270571.8111243,4374.760677456856,2426.8626139461994,-0.0,-0.0,-0.0,-142783279.19999963,-154163522.80425787,-162328144.56754428,0.0,0.0,0.0,-142783279.19999963,-154161574.9061956,-162325717.70493034,0.0,0.0,0.0,0.0,1947.8980622589588,2426.8626139461994,0,nan,False,,,0.36408233642578125,29.297037212053933
Latency阶段,88,added_region_benders_cuts,135889,213,254051.15216606032,-459274946.5718018,-459270232.3123639,4714.259437859058,2618.9705504477024,-0.0,-0.0,-0.0,-142783279.19999963,-154161777.9927139,-162329889.37908825,0.0,0.0,0.0,-142783279.19999963,-154159159.02216345,-162327794.09020206,0.0,0.0,0.0,0.0,2618.9705504477024,2095.2888861894608,0,nan,False,,,0.3665962219238281,30.675496153036754
Latency阶段,89,added_region_benders_cuts,135889,215,254051.18497174254,-459274946.5718018,-459271163.6184969,3782.953304886818,2545.4875222742558,-0.0,-0.0,-0.0,-142783279.19999963,-154163077.06958616,-162328590.302216,0.0,0.0,0.0,-142783279.19999963,-154161839.60380498,-162326044.81469372,0.0,0.0,0.0,0.0,1237.4657811820507,2545.4875222742558,0,nan,False,,,0.3707923889160156,31.788776127497353
Latency阶段,90,added_region_benders_cuts,135889,217,254051.24360919266,-459274946.5718018,-459272057.75080174,2888.8210000395775,1636.4724223017693,-0.0,-0.0,-0.0,-142783279.19999963,-154162311.1442776,-162329356.22752455,0.0,0.0,0.0,-142783279.19999963,-154161058.7957011,-162327719.75510225,0.0,0.0,0.0,0.0,1252.348576515913,1636.4724223017693,0,nan,False,,,0.3694419860839844,32.91153993209203
Latency阶段,91,added_region_benders_cuts,135889,219,254051.26210376524,-459274946.5718018,-459273602.97732747,1343.5944743156433,787.0651559829712,-0.0,-0.0,-0.0,-142783279.19999963,-154162196.1215073,-162329471.25029486,0.0,0.0,0.0,-142783279.19999963,-154161409.0563513,-162328914.7209778,0.0,0.0,0.0,0.0,787.0651559829712,556.5293170511723,0,nan,False,,,0.36594390869140625,34.260977097352345
Latency阶段,92,added_region_benders_cuts,135889,221,254051.2686922226,-459274946.5718018,-459273538.2152227,1408.3565790653229,1253.4547680914402,-0.0,-0.0,-0.0,-142783279.19999963,-154161715.6823921,-162329951.68941006,0.0,0.0,0.0,-142783279.19999963,-154160462.227624,-162329796.7876005,0.0,0.0,0.0,0.0,1253.4547680914402,154.90180957317352,0,nan,False,,,0.3673439025878906,35.57174710830053
Latency阶段,93,added_region_benders_cuts,135889,223,254051.27378089054,-459274946.5718018,-459274495.7251057,450.8466960787773,375.1511781513691,-0.0,-0.0,-0.0,-142783279.19999963,-154161722.43171483,-162329944.94008732,0.0,0.0,0.0,-142783279.19999963,-154161347.28053668,-162329869.24457067,0.0,0.0,0.0,0.0,375.1511781513691,75.69551664590836,0,nan,False,,,0.36594390869140625,36.74024764299393
Latency阶段,94,added_region_benders_cuts,135889,225,254051.27662744487,-459274946.5718018,-459274107.1005921,839.471209704876,662.591216892004,-0.0,-0.0,-0.0,-142783279.19999963,-154161734.80432647,-162329932.56747568,0.0,0.0,0.0,-142783279.19999963,-154161072.21310958,-162329755.68748417,0.0,0.0,0.0,0.0,662.591216892004,176.87999150156975,0,nan,False,,,0.3688621520996094,37.90968441168467
Latency阶段,95,added_region_benders_cuts,135889,227,254051.28026105106,-459274946.5718018,-459274175.98999184,770.581809937954,561.338113129139,-0.0,-0.0,-0.0,-142783279.19999963,-154162000.91304013,-162329666.45876202,0.0,0.0,0.0,-142783279.19999963,-154161439.574927,-162329457.2150664,0.0,0.0,0.0,0.0,561.338113129139,209.2436956167221,0,nan,False,,,0.3533973693847656,39.093149538834886
Latency阶段,96,added_region_benders_cuts,135889,229,254051.28930907062,-459274946.5718018,-459273854.09255975,1092.4792420268059,1047.8802118599415,-0.0,-0.0,-0.0,-142783279.19999963,-154161715.6823921,-162329951.68941006,0.0,0.0,0.0,-142783279.19999963,-154160667.80218023,-162329907.09038132,0.0,0.0,0.0,0.0,1047.8802118599415,44.59902873635292,0,nan,False,,,0.29407501220703125,40.426200199127194
Latency阶段,97,added_region_benders_cuts,135889,231,254051.30843985296,-459274946.5718018,-459274064.2225507,882.3492510914803,827.4530699253082,-0.0,-0.0,-0.0,-142783279.19999963,-154161728.4722646,-162329938.89953756,0.0,0.0,0.0,-142783279.19999963,-154160901.01919466,-162329884.00335783,0.0,0.0,0.0,0.0,827.4530699253082,54.89617973566055,0,nan,False,,,0.3561515808105469,41.99832446575165
Latency阶段,98,added_region_benders_cuts,135889,233,254051.318187216,-459274946.5718018,-459274221.3004031,725.2713986635208,693.966652661562,-0.0,-0.0,-0.0,-142783279.19999963,-154161715.6823921,-162329951.68941006,0.0,0.0,0.0,-142783279.19999963,-154161021.71573943,-162329920.3846654,0.0,0.0,0.0,0.0,693.966652661562,31.30474466085434,0,nan,False,,,0.3580169677734375,43.548682725429536
Latency阶段,99,added_region_benders_cuts,135889,235,254051.3260505617,-459274946.5718018,-459274379.496056,567.0757457613945,530.3205352425575,-0.0,-0.0,-0.0,-142783279.19999963,-154161724.76463437,-162329942.60716778,0.0,0.0,0.0,-142783279.19999963,-154161194.44409913,-162329905.85195863,0.0,0.0,0.0,0.0,530.3205352425575,36.755209147930145,0,nan,False,,,0.35494232177734375,45.15894068876902
Latency阶段,100,added_region_benders_cuts,135889,237,254051.3286566785,-459274946.5718018,-459274675.2584242,271.313377559185,264.3383457958698,-0.0,-0.0,-0.0,-142783279.19999963,-154161715.6823921,-162329951.68941006,0.0,0.0,0.0,-142783279.19999963,-154161451.3440463,-162329944.71437946,0.0,0.0,0.0,0.0,264.3383457958698,6.975030601024628,0,nan,False,,,0.35935211181640625,46.821149082978565
Latency阶段,101,added_region_benders_cuts,135889,239,254051.33492291562,-459274946.5718018,-459274482.5695418,464.0022599697113,449.93805891275406,-0.0,-0.0,-0.0,-142783279.19999963,-154161717.92322257,-162329949.44857958,0.0,0.0,0.0,-142783279.19999963,-154161267.98516366,-162329935.3843799,0.0,0.0,0.0,0.0,449.93805891275406,14.064199686050415,0,nan,False,,,0.35943603515625,48.45821790297826
Latency阶段,102,added_region_benders_cuts,135889,241,254051.33890638305,-459274946.5718018,-459274924.60985005,21.961951732635498,11.71359333395958,-0.0,-0.0,-0.0,-142783279.19999963,-154161721.7442008,-162329945.62760136,0.0,0.0,0.0,-142783279.19999963,-154161711.49584377,-162329933.91400802,0.0,0.0,0.0,0.0,10.248357027769089,11.71359333395958,0,nan,False,,,0.3587684631347656,50.15048480828603
Latency阶段,103,added_region_benders_cuts,135889,243,254051.33903704456,-459274946.5718018,-459274928.6123395,17.95946228504181,10.75073555111885,-0.0,-0.0,-0.0,-142783279.19999963,-154161715.6823921,-162329951.68941006,0.0,0.0,0.0,-142783279.19999963,-154161708.47366667,-162329940.9386745,0.0,0.0,0.0,0.0,7.208725422620773,10.75073555111885,0,nan,False,,,0.36077117919921875,52.02314944267273
Latency阶段,104,added_region_benders_cuts,135889,245,254051.33908338883,-459274946.5718018,-459274937.39616185,9.175639927387238,8.208233177661896,-0.0,-0.0,-0.0,-142783279.19999963,-154161715.9916869,-162329951.38011524,0.0,0.0,0.0,-142783279.19999963,-154161707.78345373,-162329950.4127099,0.0,0.0,0.0,0.0,8.208233177661896,0.9674053490161896,0,nan,False,,,0.3586883544921875,53.76387120485306
Latency阶段,105,added_region_benders_cuts,135889,247,254051.3391359307,-459274946.5718018,-459274936.10393834,10.46786344051361,8.960044652223587,-0.0,-0.0,-0.0,-142783279.19999963,-154161716.53684083,-162329950.83496132,0.0,0.0,0.0,-142783279.19999963,-154161707.57679617,-162329949.32714382,0.0,0.0,0.0,0.0,8.960044652223587,1.5078175067901611,0,nan,False,,,0.34867095947265625,55.55438214143117
Latency阶段,106,added_region_benders_cuts,135889,249,254051.3393521552,-459274946.5718018,-459274919.0871972,27.484604597091675,26.022037148475647,-0.0,-0.0,-0.0,-142783279.19999963,-154161715.83602569,-162329951.53577647,0.0,0.0,0.0,-142783279.19999963,-154161689.81398854,-162329950.07321018,0.0,0.0,0.0,0.0,26.022037148475647,1.4625662863254547,0,nan,False,,,0.35167694091796875,57.29331042369207
Latency阶段,107,added_region_benders_cuts,135889,250,254051.33939949263,-459274946.5718018,-459274930.9557708,15.616030991077423,15.616030484437943,-0.0,-0.0,-0.0,-142783279.19999963,-154161715.68239287,-162329951.6894093,0.0,0.0,0.0,-142783279.19999963,-154161700.06636238,-162329951.6894101,0.0,0.0,0.0,0.0,15.616030484437943,-8.046627044677734e-07,0,nan,False,,,0.3488044738769531,59.01989522775014
Latency阶段,108,added_region_benders_cuts,135889,251,254051.3395246989,-459274946.5718018,-459274941.73917484,4.832626938819885,4.832625895738602,-0.0,-0.0,-0.0,-142783279.19999963,-154161715.68239242,-162329951.68940973,0.0,0.0,0.0,-142783279.19999963,-154161710.84976652,-162329951.68941006,0.0,0.0,0.0,0.0,4.832625895738602,-3.2782554626464844e-07,0,nan,False,,,0.3485450744628906,60.80119187831879
Latency阶段,109,added_region_benders_cuts,135889,252,254051.33985104176,-459274946.5718018,-459274930.0627857,16.50901609659195,16.509015798568726,-0.0,-0.0,-0.0,-142783279.19999963,-154161715.6823931,-162329951.68940905,0.0,0.0,0.0,-142783279.19999963,-154161699.1733773,-162329951.68940997,0.0,0.0,0.0,0.0,16.509015798568726,-9.238719940185547e-07,0,nan,False,,,0.34937286376953125,62.560307228565215
Latency阶段,110,added_region_benders_cuts,135889,253,254051.34020073328,-459274946.5718018,-459274945.5490747,1.0227270722389221,1.0227270722389221,-0.0,-0.0,-0.0,-142783279.19999963,-154161715.68239358,-162329951.68940857,0.0,0.0,0.0,-142783279.19999963,-154161714.6596665,-162329951.68940985,0.0,0.0,0.0,0.0,1.0227270722389221,-1.2814998626708984e-06,0,nan,False,,,0.3537483215332031,64.27158226172129
Latency阶段,111,added_columns,137025,253,254051.34020160668,-459274946.5718018,-459274946.5718012,5.960464477539062e-07,5.960464477539063e-08,-0.0,-0.0,-0.0,-142783279.19999963,-154161715.68239287,-162329951.6894093,0.0,0.0,0.0,-142783279.19999963,-154161715.6823928,-162329951.68940997,0.0,0.0,0.0,0.0,5.960464477539063e-08,-6.854534149169922e-07,1136,-60.0,False,,,0.2934112548828125,66.20718773206075
Latency阶段,112,added_region_benders_cuts,137025,255,250070.9079385987,-459310106.1238406,-459223474.1760167,86631.9478238821,51968.59896939993,-0.0,-0.0,-0.0,-142783279.19999963,-154209743.37608087,-162317083.54776004,0.0,0.0,0.0,-142783279.19999963,-154175080.02722767,-162265114.94879064,0.0,0.0,0.0,0.0,34663.348853200674,51968.59896939993,0,nan,False,,,0.3541297912597656,67.97185937166213
Latency阶段,113,added_region_benders_cuts,137025,257,250079.5877354387,-459274946.5718018,-459230503.7030278,44442.86877399683,29768.23219075799,-0.0,-0.0,-0.0,-142783279.19999963,-154193797.57859883,-162297869.79320332,0.0,0.0,0.0,-142783279.19999963,-154179122.9420168,-162268101.56101257,0.0,0.0,0.0,0.0,14674.636582016945,29768.23219075799,0,nan,False,,,0.29912567138671875,69.7266371925672
Latency阶段,114,added_region_benders_cuts,137025,259,250085.63505277754,-459274946.5718018,-459263342.65790945,11603.91389232874,8264.100828647614,-0.0,-0.0,-0.0,-142783279.19999963,-154197349.32353228,-162294318.04826987,0.0,0.0,0.0,-142783279.19999963,-154189085.22270364,-162290978.23520744,0.0,0.0,0.0,0.0,8264.100828647614,3339.813062429428,0,nan,False,,,0.3580169677734375,71.3653178135554
Latency阶段,115,added_region_benders_cuts,137025,260,250085.70959966618,-459274946.5718018,-459269075.21620905,5871.355592727661,5871.355591356754,-0.0,-0.0,-0.0,-142783279.19999963,-154189085.22270367,-162302582.1490985,0.0,0.0,0.0,-142783279.19999963,-154189085.22270364,-162296710.79350713,0.0,0.0,0.0,0.0,2.9802322387695312e-08,5871.355591356754,0,nan,False,,,0.35820770263671875,72.95215617418289
Latency阶段,116,added_region_benders_cuts,137025,262,250085.74079933358,-459274946.5718018,-459265823.9090128,9122.66278898716,7161.266251653433,-0.0,-0.0,-0.0,-142783279.19999963,-154192252.23153284,-162299415.1402693,0.0,0.0,0.0,-142783279.19999963,-154190290.83499673,-162292253.87401766,0.0,0.0,0.0,0.0,1961.3965361118317,7161.266251653433,0,nan,False,,,0.35834503173828125,74.61852262417476
Latency阶段,117,added_region_benders_cuts,137025,263,250085.8016242873,-459274946.5718018,-459271695.1618723,3251.4099294543266,3251.409928202629,-0.0,-0.0,-0.0,-142783279.19999963,-154190290.83499673,-162301376.53680542,0.0,0.0,0.0,-142783279.19999963,-154190290.83499673,-162298125.12687722,0.0,0.0,0.0,0.0,0.0,3251.409928202629,0,nan,False,,,0.35675048828125,76.32827474673589
Latency阶段,118,added_region_benders_cuts,137025,264,250085.87858614582,-459274946.5718018,-459274003.78564066,942.7861611247063,942.7861597239971,-0.0,-0.0,-0.0,-142783279.19999963,-154190381.3674275,-162301286.00437465,0.0,0.0,0.0,-142783279.19999963,-154190381.36742747,-162300343.21821493,0.0,0.0,0.0,0.0,2.9802322387695312e-08,942.7861597239971,0,nan,False,,,0.35765838623046875,78.03348539272945
Latency阶段,119,added_region_benders_cuts,137025,265,250085.898213503,-459274946.5718018,-459273707.6595892,1238.9122126102448,1238.912211239338,-0.0,-0.0,-0.0,-142783279.19999963,-154190420.6542252,-162301246.71757695,0.0,0.0,0.0,-142783279.19999963,-154190420.65422517,-162300007.8053657,0.0,0.0,0.0,0.0,2.9802322387695312e-08,1238.912211239338,0,nan,False,,,0.35878753662109375,79.74322450558344
Latency阶段,120,added_region_benders_cuts,137025,266,250085.9036935608,-459274946.5718018,-459273707.65958935,1238.9122124314308,1238.912211060524,-0.0,-0.0,-0.0,-142783279.19999963,-154190431.62329853,-162301235.74850363,0.0,0.0,0.0,-142783279.19999963,-154190431.6232985,-162299996.83629256,0.0,0.0,0.0,0.0,2.9802322387695312e-08,1238.912211060524,0,nan,False,,,0.35948944091796875,81.3952337940534
Latency阶段,121,added_region_benders_cuts,137025,267,250085.91212249701,-459274946.5718018,-459274314.02667004,632.5451317429543,632.5451303422451,-0.0,-0.0,-0.0,-142783279.19999963,-154190448.49494898,-162301218.87685317,0.0,0.0,0.0,-142783279.19999963,-154190448.49494895,-162300586.33172283,0.0,0.0,0.0,0.0,2.9802322387695312e-08,632.5451303422451,0,nan,False,,,0.2719917297363281,1.8193892280260722
Latency阶段,122,added_region_benders_cuts,137025,268,250085.91389358186,-459274946.5718018,-459274327.1156947,619.4561070799828,619.4561057984829,-0.0,-0.0,-0.0,-142783279.19999963,-154191081.04007894,-162300586.3317232,0.0,0.0,0.0,-142783279.19999963,-154191081.0400789,-162299966.8756174,0.0,0.0,0.0,0.0,2.9802322387695312e-08,619.4561057984829,0,nan,False,,,0.2752037048339844,3.553113528092702
Latency阶段,123,added_region_benders_cuts,137025,269,250086.00146988023,-459274946.5718018,-459274928.74273103,17.82907074689865,17.829069435596466,-0.0,-0.0,-0.0,-142783279.19999963,-154190078.27365032,-162301589.09815183,0.0,0.0,0.0,-142783279.19999963,-154190078.2736503,-162301571.2690824,0.0,0.0,0.0,0.0,2.9802322387695312e-08,17.829069435596466,0,nan,False,,,0.280426025390625,5.261405309041341
Latency阶段,124,added_region_benders_cuts,137025,270,250086.00159118025,-459274946.5718018,-459274928.74273086,17.829070925712585,17.8290696144104,-0.0,-0.0,-0.0,-142783279.19999963,-154190078.51644868,-162301588.85535347,0.0,0.0,0.0,-142783279.19999963,-154190078.51644865,-162301571.02628386,0.0,0.0,0.0,0.0,2.9802322387695312e-08,17.8290696144104,0,nan,False,,,0.2828865051269531,6.9918368577957155
Latency阶段,125,added_region_benders_cuts,137025,271,250086.00167004322,-459274946.5718018,-459274928.74273103,17.82907074689865,17.829069405794144,-0.0,-0.0,-0.0,-142783279.19999963,-154190078.67430356,-162301588.6974986,0.0,0.0,0.0,-142783279.19999963,-154190078.67430353,-162301570.86842918,0.0,0.0,0.0,0.0,2.9802322387695312e-08,17.829069405794144,0,nan,False,,,0.2899971008300781,8.79257989724477
Latency阶段,126,added_region_benders_cuts,137025,272,250086.00179134327,-459274946.5718018,-459274928.7427308,17.82907098531723,17.829069584608078,-0.0,-0.0,-0.0,-142783279.19999963,-154190078.91710195,-162301588.4547002,0.0,0.0,0.0,-142783279.19999963,-154190078.91710192,-162301570.62563062,0.0,0.0,0.0,0.0,2.9802322387695312e-08,17.829069584608078,0,nan,False,,,0.29161834716796875,10.551165576775869
Latency阶段,127,added_region_benders_cuts,137025,273,250086.00204121703,-459274946.5718018,-459274928.7427309,17.82907086610794,17.82906949520111,-0.0,-0.0,-0.0,-142783279.19999963,-154190079.41725793,-162301587.95454422,0.0,0.0,0.0,-142783279.19999963,-154190079.4172579,-162301570.12547472,0.0,0.0,0.0,0.0,2.9802322387695312e-08,17.82906949520111,0,nan,False,,,0.2916755676269531,12.385558247566223
Latency阶段,128,added_region_benders_cuts,137025,274,250086.00216251702,-459274946.5718018,-459274928.74273074,17.829071044921875,17.829069644212723,-0.0,-0.0,-0.0,-142783279.19999963,-154190079.66005623,-162301587.71174592,0.0,0.0,0.0,-142783279.19999963,-154190079.6600562,-162301569.88267627,0.0,0.0,0.0,0.0,2.9802322387695312e-08,17.829069644212723,0,nan,False,,,0.3339653015136719,14.28069228331248
Latency阶段,129,added_region_benders_cuts,137025,275,250086.00224138005,-459274946.5718018,-459274928.742731,17.829070806503296,17.82906946539879,-0.0,-0.0,-0.0,-142783279.19999963,-154190079.81791112,-162301587.55389103,0.0,0.0,0.0,-142783279.19999963,-154190079.8179111,-162301569.72482157,0.0,0.0,0.0,0.0,2.9802322387695312e-08,17.82906946539879,0,nan,False,,,0.3393058776855469,16.056089719136555
Latency阶段,130,added_region_benders_cuts,137025,276,250086.00227824514,-459274946.5718018,-459274928.74273103,17.82907074689865,17.82906946539879,-0.0,-0.0,-0.0,-142783279.19999963,-154190079.89170155,-162301587.4801006,0.0,0.0,0.0,-142783279.19999963,-154190079.89170152,-162301569.65103114,0.0,0.0,0.0,0.0,2.9802322387695312e-08,17.82906946539879,0,nan,False,,,0.3358917236328125,17.893643967310588
Latency阶段,131,added_region_benders_cuts,137025,277,250086.00230639015,-459274946.5718018,-459274928.7427308,17.82907098531723,17.829069674015045,-0.0,-0.0,-0.0,-142783279.19999963,-154190079.94803753,-162301587.42376462,0.0,0.0,0.0,-142783279.19999963,-154190079.9480375,-162301569.59469494,0.0,0.0,0.0,0.0,2.9802322387695312e-08,17.829069674015045,0,nan,False,,,0.3467445373535156,19.724215920766195
Latency阶段,132,added_region_benders_cuts,137025,278,250086.00651018354,-459274946.5718018,-459274925.53990424,21.03189754486084,21.031896233558655,-0.0,-0.0,-0.0,-142783279.19999963,-154190069.72063047,-162301597.65117168,0.0,0.0,0.0,-142783279.19999963,-154190069.72063044,-162301576.61927545,0.0,0.0,0.0,0.0,2.9802322387695312e-08,21.031896233558655,0,nan,False,,,0.3478965759277344,21.501753524939218
Latency阶段,133,added_region_benders_cuts,137025,279,250086.00655998496,-459274946.5718018,-459274915.023956,31.547845780849457,31.54784443974495,-0.0,-0.0,-0.0,-142783279.19999963,-154190069.8203148,-162301597.55148736,0.0,0.0,0.0,-142783279.19999963,-154190069.82031476,-162301566.00364292,0.0,0.0,0.0,0.0,2.9802322387695312e-08,31.54784443974495,0,nan,False,,,0.3433113098144531,23.232231458028156
Latency阶段,134,added_region_benders_cuts,137025,280,250086.00675483068,-459274946.5718018,-459274928.7427311,17.829070687294006,17.829069405794144,-0.0,-0.0,-0.0,-142783279.19999963,-154190088.85219014,-162301578.519612,0.0,0.0,0.0,-142783279.19999963,-154190088.8521901,-162301560.6905426,0.0,0.0,0.0,0.0,2.9802322387695312e-08,17.829069405794144,0,nan,False,,,0.3459587097167969,24.932994612058003
Latency阶段,135,added_region_benders_cuts,137025,281,250086.00687613068,-459274946.5718018,-459274928.7427309,17.82907086610794,17.829069525003433,-0.0,-0.0,-0.0,-142783279.19999963,-154190089.09498844,-162301578.27681372,0.0,0.0,0.0,-142783279.19999963,-154190089.0949884,-162301560.4477442,0.0,0.0,0.0,0.0,2.9802322387695312e-08,17.829069525003433,0,nan,False,,,0.34925079345703125,26.746955625216167
Latency阶段,136,added_region_benders_cuts,137025,282,250086.0069549937,-459274946.5718018,-459274928.74273115,17.82907062768936,17.82906937599182,-0.0,-0.0,-0.0,-142783279.19999963,-154190089.25284335,-162301578.1189588,0.0,0.0,0.0,-142783279.19999963,-154190089.25284332,-162301560.28988943,0.0,0.0,0.0,0.0,2.9802322387695312e-08,17.82906937599182,0,nan,False,,,0.3557090759277344,28.56654787460963
Latency阶段,137,added_region_benders_cuts,137025,283,250086.0070080895,-459274946.5718018,-459274915.62619096,30.9456108212471,30.945609480142593,-0.0,-0.0,-0.0,-142783279.19999963,-154190103.07362187,-162301564.29818028,0.0,0.0,0.0,-142783279.19999963,-154190103.07362184,-162301533.3525708,0.0,0.0,0.0,0.0,2.9802322387695312e-08,30.945609480142593,0,nan,False,,,0.3509788513183594,30.39078160524368
Latency阶段,138,added_region_benders_cuts,137025,284,250086.00716900246,-459274946.5718018,-459274904.508008,42.063793778419495,42.063792407512665,-0.0,-0.0,-0.0,-142783279.19999963,-154190071.03934526,-162301596.3324569,0.0,0.0,0.0,-142783279.19999963,-154190071.03934523,-162301554.26866448,0.0,0.0,0.0,0.0,2.9802322387695312e-08,42.063792407512665,0,nan,False,,,0.35524749755859375,32.22140206495921
Latency阶段,139,added_region_benders_cuts,137025,285,250086.00741949517,-459274946.5718018,-459274915.626191,30.945610761642456,30.945609509944916,-0.0,-0.0,-0.0,-142783279.19999963,-154190103.89710566,-162301563.4746965,0.0,0.0,0.0,-142783279.19999963,-154190103.89710563,-162301532.52908698,0.0,0.0,0.0,0.0,2.9802322387695312e-08,30.945609509944916,0,nan,False,,,0.3531455993652344,34.087960195541385
Latency阶段,140,added_region_benders_cuts,137025,286,250086.00790161538,-459274946.5718018,-459274904.5080081,42.063793659210205,42.063792407512665,-0.0,-0.0,-0.0,-142783279.19999963,-154190072.50576872,-162301594.86603343,0.0,0.0,0.0,-142783279.19999963,-154190072.5057687,-162301552.80224103,0.0,0.0,0.0,0.0,2.9802322387695312e-08,42.063792407512665,0,nan,False,,,0.3557395935058594,35.96193083524704
Latency阶段,141,added_region_benders_cuts,137025,287,250086.0079584659,-459274946.5718018,-459274915.6261911,30.94561070203781,30.94560942053795,-0.0,-0.0,-0.0,-142783279.19999963,-154190104.97592825,-162301562.3958739,0.0,0.0,0.0,-142783279.19999963,-154190104.97592822,-162301531.45026448,0.0,0.0,0.0,0.0,2.9802322387695312e-08,30.94560942053795,0,nan,False,,,0.35672760009765625,37.8932880560557
Latency阶段,142,added_columns,137125,287,250086.0081166999,-459274946.5718018,-459274946.5718003,1.4901161193847656e-06,2.384185791015625e-07,-0.0,-0.0,-0.0,-142783279.19999963,-154190195.35120553,-162301472.02059662,0.0,0.0,0.0,-142783279.19999963,-154190195.3512055,-162301472.02059639,0.0,0.0,0.0,0.0,2.9802322387695312e-08,2.384185791015625e-07,100,-10.33049772204977,False,,,0.31207275390625,40.03281261523565
Latency阶段,143,added_region_benders_cuts,137125,289,250033.01932213997,-459274946.5718018,-459241477.4794366,33469.09236520529,23573.34545299411,-0.0,-0.0,-0.0,-142783279.19999963,-154200225.9720809,-162291441.39972126,0.0,0.0,0.0,-142783279.19999963,-154176652.6266279,-162281545.6528103,0.0,0.0,0.0,0.0,23573.34545299411,9895.746910959482,0,nan,False,,,0.3625907897949219,41.68507067759832
Latency阶段,144,added_region_benders_cuts,137125,291,250033.96460001642,-459274946.5718018,-459262128.89379305,12817.67800873518,8213.844257354736,-0.0,-0.0,-0.0,-142783279.19999963,-154179567.81870368,-162312099.55309847,0.0,0.0,0.0,-142783279.19999963,-154174963.98495352,-162303885.70884112,0.0,0.0,0.0,0.0,4603.833750158548,8213.844257354736,0,nan,False,,,0.3463020324707031,43.22809422810872
Latency阶段,145,added_region_benders_cuts,137125,293,250034.38808978107,-459274946.5718018,-459270167.36362416,4779.208177626133,4399.305488705635,-0.0,-0.0,-0.0,-142783279.19999963,-154184612.17275226,-162307055.1990499,0.0,0.0,0.0,-142783279.19999963,-154180212.86726356,-162306675.29636225,0.0,0.0,0.0,0.0,4399.305488705635,379.90268763899803,0,nan,False,,,0.34272003173828125,44.78184077342351
Latency阶段,146,added_region_benders_cuts,137125,295,250034.56283602028,-459274946.5718018,-459272910.9342208,2035.6375809907913,1679.9245515167713,-0.0,-0.0,-0.0,-142783279.19999963,-154184280.4874041,-162307386.88439804,0.0,0.0,0.0,-142783279.19999963,-154182600.5628526,-162307031.17136988,0.0,0.0,0.0,0.0,1679.9245515167713,355.7130281627178,0,nan,False,,,0.3462028503417969,46.3439509789149
Latency阶段,147,added_region_benders_cuts,137125,296,250034.64129745,-459274946.5718018,-459274590.8587723,355.7130295038223,355.71302819252014,-0.0,-0.0,-0.0,-142783279.19999963,-154184171.65245366,-162307495.7193485,0.0,0.0,0.0,-142783279.19999963,-154184171.65245363,-162307140.0063203,0.0,0.0,0.0,0.0,2.9802322387695312e-08,355.71302819252014,0,nan,False,,,0.34310150146484375,47.96454511880874
Latency阶段,148,added_region_benders_cuts,137125,297,250034.64621905296,-459274946.5718018,-459274590.85877234,355.7130294442177,355.7130281329155,-0.0,-0.0,-0.0,-142783279.19999963,-154184171.65245363,-162307495.71934852,0.0,0.0,0.0,-142783279.19999963,-154184171.65245363,-162307140.0063204,0.0,0.0,0.0,0.0,0.0,355.7130281329155,0,nan,False,,,0.34698486328125,49.92539305289586
Latency阶段,149,added_region_benders_cuts,137125,298,250034.64977105218,-459274946.5718018,-459274590.8587722,355.71302956342697,355.71302822232246,-0.0,-0.0,-0.0,-142783279.19999963,-154184171.65245363,-162307495.71934852,0.0,0.0,0.0,-142783279.19999963,-154184171.65245363,-162307140.0063203,0.0,0.0,0.0,0.0,0.0,355.71302822232246,0,nan,False,,,0.3492164611816406,51.844070704778034
Latency阶段,150,added_region_benders_cuts,137125,299,250034.6549706403,-459274946.5718018,-459274590.8587722,355.71302956342697,355.71302822232246,-0.0,-0.0,-0.0,-142783279.19999963,-154184171.65245363,-162307495.71934852,0.0,0.0,0.0,-142783279.19999963,-154184171.65245363,-162307140.0063203,0.0,0.0,0.0,0.0,0.0,355.71302822232246,0,nan,False,,,0.3496360778808594,53.778108398119606
Latency阶段,151,added_region_benders_cuts,137125,300,250034.65653627037,-459274946.5718018,-459274590.8587722,355.71302956342697,355.7130282819271,-0.0,-0.0,-0.0,-142783279.19999963,-154184417.447658,-162307249.92414415,0.0,0.0,0.0,-142783279.19999963,-154184417.44765797,-162306894.21111587,0.0,0.0,0.0,0.0,2.9802322387695312e-08,355.7130282819271,0,nan,False,,,0.3526802062988281,55.728888154029846
Latency阶段,152,added_region_benders_cuts,137125,301,250034.65748380453,-459274946.5718018,-459274590.8587723,355.7130295038223,355.71302819252014,-0.0,-0.0,-0.0,-142783279.19999963,-154184633.88278392,-162307033.48901823,0.0,0.0,0.0,-142783279.19999963,-154184633.8827839,-162306677.77599004,0.0,0.0,0.0,0.0,2.9802322387695312e-08,355.71302819252014,0,nan,False,,,0.35034942626953125,57.67519503037135
Latency阶段,153,added_region_benders_cuts,137125,302,250034.74805799653,-459274946.5718018,-459274915.62619096,30.9456108212471,30.945609539747238,-0.0,-0.0,-0.0,-142783279.19999963,-154184171.65245363,-162307495.71934852,0.0,0.0,0.0,-142783279.19999963,-154184171.65245363,-162307464.77373898,0.0,0.0,0.0,0.0,0.0,30.945609539747238,0,nan,False,,,0.3468170166015625,59.60238649447759
Latency阶段,154,added_region_benders_cuts,137125,303,250034.74821462226,-459274946.5718018,-459274915.62619096,30.9456108212471,30.945609539747238,-0.0,-0.0,-0.0,-142783279.19999963,-154184171.65245366,-162307495.7193485,0.0,0.0,0.0,-142783279.19999963,-154184171.65245363,-162307464.77373895,0.0,0.0,0.0,0.0,2.9802322387695312e-08,30.945609539747238,0,nan,False,,,0.34712982177734375,61.567604915301004
Latency阶段,155,added_region_benders_cuts,137125,304,250034.7486427821,-459274946.5718018,-459274915.62619096,30.9456108212471,30.945609480142593,-0.0,-0.0,-0.0,-142783279.19999963,-154184171.65245363,-162307495.71934852,0.0,0.0,0.0,-142783279.19999963,-154184171.65245363,-162307464.77373904,0.0,0.0,0.0,0.0,0.0,30.945609480142593,0,nan,False,,,0.3428955078125,63.50819485584895
Latency阶段,156,added_region_benders_cuts,137125,305,250034.7487994079,-459274946.5718018,-459274915.62619096,30.9456108212471,30.945609480142593,-0.0,-0.0,-0.0,-142783279.19999963,-154184171.65245363,-162307495.71934852,0.0,0.0,0.0,-142783279.19999963,-154184171.65245363,-162307464.77373904,0.0,0.0,0.0,0.0,0.0,30.945609480142593,0,nan,False,,,0.3416023254394531,65.45185256401697
Latency阶段,157,added_region_benders_cuts,137125,306,250034.75177370894,-459274946.5718018,-459274925.539904,21.03189778327942,21.031896382570267,-0.0,-0.0,-0.0,-142783279.19999963,-154184171.65245363,-162307495.71934852,0.0,0.0,0.0,-142783279.19999963,-154184171.65245363,-162307474.68745214,0.0,0.0,0.0,0.0,0.0,21.031896382570267,0,nan,False,,,0.3424186706542969,67.42148310343424
Latency阶段,158,added_region_benders_cuts,137125,307,250034.75186568534,-459274946.5718018,-459274915.023956,31.547845780849457,31.547844409942627,-0.0,-0.0,-0.0,-142783279.19999963,-154184171.65245363,-162307495.71934852,0.0,0.0,0.0,-142783279.19999963,-154184171.65245363,-162307464.1715041,0.0,0.0,0.0,0.0,0.0,31.547844409942627,0,nan,False,,,0.277099609375,1.9882669607798258
Latency阶段,159,added_region_benders_cuts,137125,308,250034.7525975428,-459274946.5718018,-459274904.50800806,42.06379371881485,42.06379243731499,-0.0,-0.0,-0.0,-142783279.19999963,-154184171.65245363,-162307495.71934852,0.0,0.0,0.0,-142783279.19999963,-154184171.65245363,-162307453.65555608,0.0,0.0,0.0,0.0,0.0,42.06379243731499,0,nan,False,,,0.2844734191894531,3.934236538410187
Latency阶段,160,added_region_benders_cuts,137125,309,250034.75312717777,-459274946.5718018,-459274928.7427308,17.82907098531723,17.829069584608078,-0.0,-0.0,-0.0,-142783279.19999963,-154184171.65245363,-162307495.71934852,0.0,0.0,0.0,-142783279.19999963,-154184171.65245363,-162307477.89027894,0.0,0.0,0.0,0.0,0.0,17.829069584608078,0,nan,False,,,0.2859344482421875,5.89126292069753
Latency阶段,161,added_region_benders_cuts,137125,310,250034.75321039834,-459274946.5718018,-459274927.2733021,19.298499703407288,19.298498392105103,-0.0,-0.0,-0.0,-142783279.19999963,-154184171.65245363,-162307495.71934852,0.0,0.0,0.0,-142783279.19999963,-154184171.65245363,-162307476.42085013,0.0,0.0,0.0,0.0,0.0,19.298498392105103,0,nan,False,,,0.2914695739746094,7.870213707288106
Latency阶段,162,added_region_benders_cuts,137125,311,250034.75321741644,-459274946.5718018,-459274928.7427308,17.82907098531723,17.829069644212723,-0.0,-0.0,-0.0,-142783279.19999963,-154184171.65245363,-162307495.71934852,0.0,0.0,0.0,-142783279.19999963,-154184171.65245363,-162307477.89027888,0.0,0.0,0.0,0.0,0.0,17.829069644212723,0,nan,False,,,0.2942924499511719,9.86727284193039
Latency阶段,163,added_region_benders_cuts,137125,312,250034.75330807435,-459274946.5718018,-459274927.2733021,19.298499703407288,19.29849836230278,-0.0,-0.0,-0.0,-142783279.19999963,-154184171.65245363,-162307495.71934852,0.0,0.0,0.0,-142783279.19999963,-154184171.65245363,-162307476.42085016,0.0,0.0,0.0,0.0,0.0,19.29849836230278,0,nan,False,,,0.2944145202636719,11.859592707951863
Latency阶段,164,added_region_benders_cuts,137125,313,250034.7534640973,-459274946.5718018,-459274928.742731,17.829070806503296,17.82906949520111,-0.0,-0.0,-0.0,-142783279.19999963,-154184171.65245363,-162307495.71934852,0.0,0.0,0.0,-142783279.19999963,-154184171.65245363,-162307477.89027902,0.0,0.0,0.0,0.0,0.0,17.82906949520111,0,nan,False,,,0.2947578430175781,13.802452731132508
Latency阶段,165,added_region_benders_cuts,137125,314,250034.75355433603,-459274946.5718018,-459274928.742731,17.829070806503296,17.829069554805756,-0.0,-0.0,-0.0,-142783279.19999963,-154184171.65245363,-162307495.71934852,0.0,0.0,0.0,-142783279.19999963,-154184171.65245363,-162307477.89027897,0.0,0.0,0.0,0.0,0.0,17.829069554805756,0,nan,False,,,0.3390998840332031,15.76985205411911
Latency阶段,166,added_region_benders_cuts,137125,315,250034.75357508604,-459274946.5718018,-459274927.2733021,19.298499703407288,19.298498392105103,-0.0,-0.0,-0.0,-142783279.19999963,-154184171.65245363,-162307495.71934852,0.0,0.0,0.0,-142783279.19999963,-154184171.65245363,-162307476.42085013,0.0,0.0,0.0,0.0,0.0,19.298498392105103,0,nan,False,,,0.3386039733886719,17.76898720661799
Latency阶段,167,added_region_benders_cuts,137125,316,250034.753672762,-459274946.5718018,-459274927.27330214,19.298499643802643,19.298498392105103,-0.0,-0.0,-0.0,-142783279.19999963,-154184171.65245363,-162307495.71934852,0.0,0.0,0.0,-142783279.19999963,-154184171.65245363,-162307476.42085013,0.0,0.0,0.0,0.0,0.0,19.298498392105103,0,nan,False,,,0.302001953125,19.7765949010849
Latency阶段,168,added_columns,137139,316,250034.75580229354,-459274946.5718018,-459274946.5718002,1.6093254089355469e-06,2.384185791015625e-07,-0.0,-0.0,-0.0,-142783279.19999963,-154184171.65245363,-162307495.71934852,0.0,0.0,0.0,-142783279.19999963,-154184171.65245363,-162307495.71934828,0.0,0.0,0.0,0.0,0.0,2.384185791015625e-07,14,-3.995637514956517,False,,,0.30025482177734375,22.015629490216572
Latency阶段,169,root_lp_closed,137139,316,250030.86280260983,-459274946.5718018,-459274946.5718002,1.6093254089355469e-06,2.086162567138672e-07,-0.0,-0.0,-0.0,-142783279.19999963,-154191123.25357485,-162300544.1182273,0.0,0.0,0.0,-142783279.19999963,-154191123.25357482,-162300544.1182271,0.0,0.0,0.0,0.0,2.9802322387695312e-08,2.086162567138672e-07,0,0.0,True,,,0.30480194091796875,24.250466811656953
Latency阶段,169,integer_added_region_benders_cuts,137139,316,250030.86280260983,-459274946.5718018,-459238359.29697603,39019.037535369396,20519.75188228488,0.0,0.0,0.0,-142783279.19999963,-154197579.77001673,-162296519.36449504,0.0,0.0,0.0,-142783279.19999963,-154177060.01813444,-162278020.0788432,0.0,0.0,0.0,0.0,20519.75188228488,18499.28565183282,0,0.0,False,需要继续,250136.99999999974,0.30480194091796875,24.250466811656953
Latency阶段,170,root_lp_closed,137139,318,250030.8628026099,-459274946.5718018,-459274946.5718001,1.6689300537109375e-06,2.682209014892578e-07,-0.0,-0.0,-0.0,-142783279.19999963,-154191123.2535748,-162300544.11822736,0.0,0.0,0.0,-142783279.19999963,-154191123.25357476,-162300544.1182271,0.0,0.0,0.0,0.0,2.9802322387695312e-08,2.682209014892578e-07,0,0.0,True,,,0.34319305419921875,29.059859097003937
Latency阶段,170,integer_added_region_benders_cuts,137139,318,250030.8628026099,-459274946.5718018,-459230533.49506176,45432.563990831375,28254.660939633846,0.0,0.0,0.0,-142783279.19999963,-154197279.77813447,-162295407.0809185,0.0,0.0,0.0,-142783279.19999963,-154180101.87508446,-162267152.41997886,0.0,0.0,0.0,0.0,17177.903050005436,28254.660939633846,0,0.0,False,需要继续,250137.00000000015,0.34319305419921875,29.059859097003937
Latency阶段,171,root_lp_closed,137139,320,250030.8628026099,-459274946.5718018,-459274946.5718001,1.6689300537109375e-06,2.682209014892578e-07,-0.0,-0.0,-0.0,-142783279.19999963,-154191123.2535748,-162300544.11822736,0.0,0.0,0.0,-142783279.19999963,-154191123.25357476,-162300544.1182271,0.0,0.0,0.0,0.0,2.9802322387695312e-08,2.682209014892578e-07,0,0.0,True,,,0.3380393981933594,35.884603969256084
Latency阶段,171,integer_added_region_benders_cuts,137139,320,250030.8628026099,-459274946.5718018,-459247632.3099096,30238.42867833376,16167.381615757942,0.0,0.0,0.0,-142783279.19999963,-154197579.77001673,-162297011.76857156,0.0,0.0,0.0,-142783279.19999963,-154181412.38840097,-162282940.7215103,0.0,0.0,0.0,0.0,16167.381615757942,14071.047061264515,0,0.0,False,需要继续,250143.0,0.3380393981933594,35.884603969256084
Latency阶段,172,root_lp_closed,137139,322,250030.86280260983,-459274946.5718018,-459274946.5718002,1.6093254089355469e-06,2.086162567138672e-07,-0.0,-0.0,-0.0,-142783279.19999963,-154191123.25357485,-162300544.1182273,0.0,0.0,0.0,-142783279.19999963,-154191123.25357482,-162300544.1182271,0.0,0.0,0.0,0.0,2.9802322387695312e-08,2.086162567138672e-07,0,0.0,True,,,0.3370933532714844,42.06782281796138
Latency阶段,172,integer_added_region_benders_cuts,137139,322,250030.86280260983,-459274946.5718018,-459238241.691804,38482.37756174803,26130.165912538767,0.0,0.0,0.0,-142783279.19999963,-154197579.77001673,-162295865.09934938,0.0,0.0,0.0,-142783279.19999963,-154171449.6041042,-162283512.88770136,0.0,0.0,0.0,0.0,26130.165912538767,12352.211648017168,0,0.0,False,需要继续,250142.99999999965,0.3370933532714844,42.06782281796138
Latency阶段,173,root_lp_closed,137139,324,250030.8628026099,-459274946.5718018,-459274946.5718002,1.6093254089355469e-06,2.384185791015625e-07,-0.0,-0.0,-0.0,-142783279.19999963,-154191123.25357485,-162300544.1182273,0.0,0.0,0.0,-142783279.19999963,-154191123.25357482,-162300544.11822706,0.0,0.0,0.0,0.0,2.9802322387695312e-08,2.384185791015625e-07,0,0.0,True,,,0.337310791015625,49.27805385192235
Latency阶段,173,integer_added_region_benders_cuts,137139,324,250030.8628026099,-459274946.5718018,-459246638.95277697,31231.785810768604,18106.261143743992,0.0,0.0,0.0,-142783279.19999963,-154197579.7700168,-162297011.76857135,0.0,0.0,0.0,-142783279.19999963,-154184454.24535096,-162278905.5074276,0.0,0.0,0.0,0.0,13125.52466583252,18106.261143743992,0,0.0,False,需要继续,250143.00000000012,0.337310791015625,49.27805385192235
Latency阶段,174,root_lp_closed,137139,326,250030.8628026099,-459274946.5718018,-459274946.5718002,1.6093254089355469e-06,2.384185791015625e-07,-0.0,-0.0,-0.0,-142783279.19999963,-154191123.25357485,-162300544.1182273,0.0,0.0,0.0,-142783279.19999963,-154191123.25357482,-162300544.11822706,0.0,0.0,0.0,0.0,2.9802322387695312e-08,2.384185791015625e-07,0,0.0,True,,,0.337127685546875,55.70165520509084
Latency阶段,174,integer_added_region_benders_cuts,137139,326,250030.8628026099,-459274946.5718018,-459249649.8338956,25296.73790615797,20944.36763855815,0.0,0.0,0.0,-142783279.19999963,-154169605.53801674,-162322061.8337854,0.0,0.0,0.0,-142783279.19999963,-154165253.1677503,-162301117.46614686,0.0,0.0,0.0,0.0,4352.3702664375305,20944.36763855815,0,0.0,False,需要继续,250145.9999999999,0.337127685546875,55.70165520509084
Latency阶段,175,root_lp_closed,137139,328,250030.86280260983,-459274946.5718018,-459274946.5718002,1.6093254089355469e-06,2.086162567138672e-07,-0.0,-0.0,-0.0,-142783279.19999963,-154191123.25357485,-162300544.1182273,0.0,0.0,0.0,-142783279.19999963,-154191123.25357482,-162300544.1182271,0.0,0.0,0.0,0.0,2.9802322387695312e-08,2.086162567138672e-07,0,0.0,True,,,0.337310791015625,64.13948382933934
Latency阶段,175,integer_added_region_benders_cuts,137139,328,250030.86280260983,-459274946.5718018,-459212876.322893,62083.11432778835,35834.308513730764,0.0,0.0,0.0,-142783279.19999963,-154197311.4196062,-162294368.81761497,0.0,0.0,0.0,-142783279.19999963,-154171062.61379337,-162258534.50910124,0.0,0.0,0.0,0.0,26248.805812835693,35834.308513730764,0,0.0,False,需要继续,250146.0,0.337310791015625,64.13948382933934
Latency阶段,176,root_lp_closed,137139,330,250030.86280260983,-459274946.5718018,-459274946.5718002,1.6093254089355469e-06,2.086162567138672e-07,-0.0,-0.0,-0.0,-142783279.19999963,-154191123.25357485,-162300544.1182273,0.0,0.0,0.0,-142783279.19999963,-154191123.25357482,-162300544.1182271,0.0,0.0,0.0,0.0,2.9802322387695312e-08,2.086162567138672e-07,0,0.0,True,,,0.338958740234375,71.70366652011872
Latency阶段,176,integer_added_region_benders_cuts,137139,330,250030.86280260983,-459274946.5718018,-459260523.94564927,14446.218975305557,10161.816309571266,0.0,0.0,0.0,-142783279.19999963,-154200225.97208086,-162291464.99254408,0.0,0.0,0.0,-142783279.19999963,-154190064.1557713,-162287180.58987957,0.0,0.0,0.0,0.0,10161.816309571266,4284.402664512396,0,0.0,False,需要继续,250150.0,0.338958740234375,71.70366652011872
Latency阶段,177,root_lp_closed,137139,332,250030.86280260983,-459274946.5718018,-459274946.5718002,1.6093254089355469e-06,2.086162567138672e-07,-0.0,-0.0,-0.0,-142783279.19999963,-154191123.25357485,-162300544.1182273,0.0,0.0,0.0,-142783279.19999963,-154191123.25357482,-162300544.1182271,0.0,0.0,0.0,0.0,2.9802322387695312e-08,2.086162567138672e-07,0,0.0,True,,,0.33929443359375,78.77823808590571
Latency阶段,177,integer_added_region_benders_cuts,137139,332,250030.86280260983,-459274946.5718018,-459225536.3774901,49410.19431167841,36358.15330016613,0.0,0.0,0.0,-142783279.19999963,-154179485.64570054,-162312181.7261016,0.0,0.0,0.0,-142783279.19999963,-154166433.60469034,-162275823.57280144,0.0,0.0,0.0,0.0,13052.041010200977,36358.15330016613,0,0.0,False,需要继续,250150.0,0.33929443359375,78.77823808590571
Latency阶段,178,root_lp_closed,137139,334,250030.8628026099,-459274946.5718018,-459274946.5718001,1.6689300537109375e-06,2.682209014892578e-07,-0.0,-0.0,-0.0,-142783279.19999963,-154191123.2535748,-162300544.11822736,0.0,0.0,0.0,-142783279.19999963,-154191123.25357476,-162300544.1182271,0.0,0.0,0.0,0.0,2.9802322387695312e-08,2.682209014892578e-07,0,0.0,True,,,0.3424263000488281,86.15610171556473
Latency阶段,178,integer_added_region_benders_cuts,137139,334,250030.8628026099,-459274946.5718018,-459239797.4914187,35347.62345588207,27953.3962379992,0.0,0.0,0.0,-142783279.19999963,-154179567.81870362,-162312298.09617135,0.0,0.0,0.0,-142783279.19999963,-154172173.5914871,-162284344.69993335,0.0,0.0,0.0,0.0,7394.227216511965,27953.3962379992,0,0.0,False,需要继续,250151.99999999677,0.3424263000488281,86.15610171556473
Latency阶段,179,root_lp_closed,137139,336,250030.86280260983,-459274946.5718018,-459274946.5718002,1.6093254089355469e-06,2.086162567138672e-07,-0.0,-0.0,-0.0,-142783279.19999963,-154191123.25357485,-162300544.1182273,0.0,0.0,0.0,-142783279.19999963,-154191123.25357482,-162300544.1182271,0.0,0.0,0.0,0.0,2.9802322387695312e-08,2.086162567138672e-07,0,0.0,True,,,0.343475341796875,92.29028977950414
Latency阶段,179,integer_added_region_benders_cuts,137139,336,250030.86280260983,-459274946.5718018,-459207904.2815575,67233.49874025583,35642.90805527568,0.0,0.0,0.0,-142783279.19999963,-154198223.7309968,-162293634.84930134,0.0,0.0,0.0,-142783279.19999963,-154166633.14031312,-162257991.94124606,0.0,0.0,0.0,0.0,31590.590683668852,35642.90805527568,0,0.0,False,需要继续,250151.9999999997,0.343475341796875,92.29028977950414
Latency阶段,180,root_lp_closed,137139,338,250030.86280260983,-459274946.5718018,-459274946.5718002,1.6093254089355469e-06,2.086162567138672e-07,-0.0,-0.0,-0.0,-142783279.19999963,-154191123.25357485,-162300544.1182273,0.0,0.0,0.0,-142783279.19999963,-154191123.25357482,-162300544.1182271,0.0,0.0,0.0,0.0,2.9802322387695312e-08,2.086162567138672e-07,0,0.0,True,,,0.34405517578125,98.44557377894719
Latency阶段,180,integer_added_region_benders_cuts,137139,338,250030.86280260983,-459274946.5718018,-459235884.2086678,39623.27808588743,35270.90781801939,0.0,0.0,0.0,-142783279.19999963,-154179567.81870377,-162312660.4680503,0.0,0.0,0.0,-142783279.19999963,-154175215.44843712,-162277389.56023228,0.0,0.0,0.0,0.0,4352.370266646147,35270.90781801939,0,0.0,False,需要继续,250151.9999999993,0.34405517578125,98.44557377894719
Wait阶段,1,added_region_benders_cuts,137139,343,0.0,-459343492.0037055,-457195509.897456,2147982.1062495112,1133227.7823143303,-0.0,-0.0,-0.0,-142783279.19999963,-154222712.20370588,-162337500.60000005,0.0,0.0,0.0,-141650051.4176853,-153559308.8528907,-161986149.62688103,0.0,0.0,0.0,1133227.7823143303,663403.350815177,351350.97311902046,0,nan,False,,,0.283599853515625,2.220968949794769
Wait阶段,2,added_region_benders_cuts,137139,346,0.0,-459343492.0037055,-458170380.7716254,1173111.232080102,708351.3068974316,-0.0,-0.0,-0.0,-142783279.19999963,-154222712.20370588,-162337500.60000005,0.0,0.0,0.0,-142699757.2776586,-153841474.2008655,-161629149.29310262,0.0,0.0,0.0,83521.92234101892,381238.00284036994,708351.3068974316,0,nan,False,,,0.28803253173828125,4.44424127737681
Wait阶段,3,added_region_benders_cuts,137139,349,0.0,-459343492.0037055,-458856919.87453824,486572.12916725874,411352.61362186074,-0.0,-0.0,-0.0,-142783279.19999963,-154222712.20370588,-162337500.60000005,0.0,0.0,0.0,-142763556.67546254,-153811359.59008402,-162282003.60899296,0.0,0.0,0.0,19722.524537086487,411352.61362186074,55496.991007089615,0,nan,False,,,0.2983741760253906,6.648261861006419
Wait阶段,4,added_region_benders_cuts,137139,351,0.0,-459343492.0037055,-459179913.17733127,163578.82637423277,130941.79737916589,-0.0,-0.0,-0.0,-142783279.19999963,-154222712.20370588,-162337500.60000005,0.0,0.0,0.0,-142783279.19999963,-154091770.4063267,-162304863.57100627,0.0,0.0,0.0,0.0,130941.79737916589,32637.02899378538,0,nan,False,,,0.3017234802246094,8.82630515495936
Wait阶段,5,added_region_benders_cuts,137139,354,0.0,-459343492.0037055,-459204019.13672864,139472.86697685719,117883.66643881798,-0.0,-0.0,-0.0,-142783279.19999963,-154222712.20370588,-162337500.60000005,0.0,0.0,0.0,-142782031.12881634,-154104828.53726706,-162317159.47064638,0.0,0.0,0.0,1248.0711832940578,117883.66643881798,20341.129353672266,0,nan,False,,,0.3028068542480469,11.100261890888214
Wait阶段,6,added_region_benders_cuts,137139,357,0.0,-459343492.0037055,-459225882.30390704,117609.69979846478,85390.72393649817,-0.0,-0.0,-0.0,-142783279.19999963,-154222712.20370588,-162337500.60000005,0.0,0.0,0.0,-142782235.68683767,-154137321.47976938,-162306325.13730118,0.0,0.0,0.0,1043.513161957264,85390.72393649817,31175.462698876858,0,nan,False,,,0.3042716979980469,13.32991719643275
Wait阶段,7,added_region_benders_cuts,137139,360,0.0,-459343492.0037055,-459211678.65902007,131813.3446854353,83410.59532177448,-0.0,-0.0,-0.0,-142783279.19999963,-154222712.20370588,-162337500.60000005,0.0,0.0,0.0,-142773036.71110266,-154184551.94324037,-162254090.00467828,0.0,0.0,0.0,10242.48889696598,38160.26046550274,83410.59532177448,0,nan,False,,,0.3055305480957031,15.621788934866588
Wait阶段,8,added_region_benders_cuts,137139,362,0.0,-459343492.0037055,-459173016.09721106,170475.90649443865,119917.18018057942,-0.0,-0.0,-0.0,-142783279.19999963,-154222712.20370588,-162337500.60000005,0.0,0.0,0.0,-142783279.19999963,-154172153.4773932,-162217583.41981947,0.0,0.0,0.0,0.0,50558.72631266713,119917.18018057942,0,nan,False,,,0.34467315673828125,17.967698979377747
Wait阶段,9,added_region_benders_cuts,137139,364,0.0,-459343492.0037055,-459286953.72577184,56538.27793365717,51067.01481291652,-0.0,-0.0,-0.0,-142783279.19999963,-154222712.20370588,-162337500.60000005,0.0,0.0,0.0,-142783279.19999963,-154171645.18889296,-162332029.33688053,0.0,0.0,0.0,0.0,51067.01481291652,5471.263119518757,0,nan,False,,,0.3100395202636719,20.256786684195202
Wait阶段,10,added_region_benders_cuts,137139,366,0.0,-459343492.0037055,-459305586.58736473,37905.41634076834,24934.075078219175,-0.0,-0.0,-0.0,-142783279.19999963,-154222712.20370588,-162337500.60000005,0.0,0.0,0.0,-142783279.19999963,-154197778.12862766,-162324529.25873873,0.0,0.0,0.0,0.0,24934.075078219175,12971.341261327267,0,nan,False,,,0.35357666015625,22.653805263837178
Wait阶段,11,added_region_benders_cuts,137139,369,0.0,-459343492.0037055,-459211424.30414313,132067.69956237078,98386.85754477978,-0.0,-0.0,-0.0,-142783279.19999963,-154222712.20370588,-162337500.60000005,0.0,0.0,0.0,-142777501.67999735,-154124325.3461611,-162309597.27798587,0.0,0.0,0.0,5777.520002275705,98386.85754477978,27903.322014182806,0,nan,False,,,0.3182373046875,25.06195618311564
Wait阶段,12,added_region_benders_cuts,137139,372,0.0,-459343492.0037055,-459202634.10619485,140857.89751064777,105417.93570792675,-0.0,-0.0,-0.0,-142783279.19999963,-154222712.20370588,-162337500.60000005,0.0,0.0,0.0,-142764297.2914569,-154117294.26799795,-162321042.5467412,0.0,0.0,0.0,18981.908542722464,105417.93570792675,16458.05325886607,0,nan,False,,,0.31572723388671875,27.444590902328493
Wait阶段,13,added_region_benders_cuts,137139,375,0.0,-459343492.0037055,-459197564.36767566,145927.63602983952,94932.60036242008,-0.0,-0.0,-0.0,-142783279.19999963,-154222712.20370588,-162337500.60000005,0.0,0.0,0.0,-142781052.4476834,-154173943.9203559,-162242567.99963763,0.0,0.0,0.0,2226.752316236496,48768.283349990845,94932.60036242008,0,nan,False,,,0.3637123107910156,29.886439772446952
Wait阶段,14,added_region_benders_cuts,137139,378,0.0,-459343492.0037055,-459192109.1277099,151382.87599557638,122239.68201601505,-0.0,-0.0,-0.0,-142783279.19999963,-154222712.20370588,-162337500.60000005,0.0,0.0,0.0,-142775443.78363606,-154100472.52168986,-162316192.82238528,0.0,0.0,0.0,7835.416363567114,122239.68201601505,21307.77761477232,0,nan,False,,,0.36333465576171875,32.24956732590993
Wait阶段,15,added_region_benders_cuts,137139,381,0.0,-459343492.0037055,-459229553.33655024,113938.66715526581,105320.79197892547,-0.0,-0.0,-0.0,-142783279.19999963,-154222712.20370588,-162337500.60000005,0.0,0.0,0.0,-142782484.5346991,-154117391.41172695,-162329677.39012533,0.0,0.0,0.0,794.6653005182743,105320.79197892547,7823.209874719381,0,nan,False,,,0.35263824462890625,34.7678449511528
Wait阶段,16,added_region_benders_cuts,137139,383,0.0,-459343492.0037055,-459179631.8069725,163860.1967329979,147329.9304715991,-0.0,-0.0,-0.0,-142783279.19999963,-154222712.20370588,-162337500.60000005,0.0,0.0,0.0,-142783279.19999963,-154075382.27323428,-162320970.33373997,0.0,0.0,0.0,0.0,147329.9304715991,16530.26626008749,0,nan,False,,,0.35199737548828125,37.03272187312444
Wait阶段,17,added_region_benders_cuts,137139,385,0.0,-459343492.0037055,-459178719.9615807,164772.04212480783,132819.9125200212,-0.0,-0.0,-0.0,-142783279.19999963,-154222712.20370588,-162337500.60000005,0.0,0.0,0.0,-142783279.19999963,-154089892.29118586,-162305548.47039634,0.0,0.0,0.0,0.0,132819.9125200212,31952.12960371375,0,nan,False,,,0.3001899719238281,39.123504253228504
Wait阶段,18,added_region_benders_cuts,137139,387,0.0,-459343492.0037055,-459271506.6070287,71985.3966767788,58074.68270802498,-0.0,-0.0,-0.0,-142783279.19999963,-154222712.20370588,-162337500.60000005,0.0,0.0,0.0,-142783279.19999963,-154164637.52099785,-162323589.88603252,0.0,0.0,0.0,0.0,58074.68270802498,13910.71396753192,0,nan,False,,,0.3599128723144531,41.21159073114395
Wait阶段,19,added_region_benders_cuts,137139,389,0.0,-459343492.0037055,-459272688.2587905,70803.74491500854,62157.29911541939,-0.0,-0.0,-0.0,-142783279.19999963,-154222712.20370588,-162337500.60000005,0.0,0.0,0.0,-142783279.19999963,-154160554.90459046,-162328854.1542016,0.0,0.0,0.0,0.0,62157.29911541939,8646.445798456669,0,nan,False,,,0.363311767578125,43.32239471673965
Wait阶段,20,added_region_benders_cuts,137139,392,0.0,-459343492.0037055,-459243737.8097686,99754.1939368844,65865.77049422264,-0.0,-0.0,-0.0,-142783279.19999963,-154222712.20370588,-162337500.60000005,0.0,0.0,0.0,-142782646.03937846,-154156846.43321165,-162304245.3371798,0.0,0.0,0.0,633.1606211662292,65865.77049422264,33255.262820243835,0,nan,False,,,0.3638877868652344,45.43748667240143
Wait阶段,21,added_region_benders_cuts,137139,394,0.0,-459343492.0037055,-459223164.9645092,120327.03919631243,74557.90859165788,-0.0,-0.0,-0.0,-142783279.19999963,-154222712.20370588,-162337500.60000005,0.0,0.0,0.0,-142783279.19999963,-154148154.29511422,-162291731.46939656,0.0,0.0,0.0,0.0,74557.90859165788,45769.13060349226,0,nan,False,,,0.364715576171875,47.565435926119484
Wait阶段,22,added_region_benders_cuts,137139,396,0.0,-459343492.0037055,-459262316.66872156,81175.3349839449,70514.22927358747,-0.0,-0.0,-0.0,-142783279.19999963,-154222712.20370588,-162337500.60000005,0.0,0.0,0.0,-142783279.19999963,-154152197.9744323,-162326839.49429083,0.0,0.0,0.0,0.0,70514.22927358747,10661.10570922494,0,nan,False,,,0.3686065673828125,50.17942380507787
Wait阶段,23,added_region_benders_cuts,137139,398,0.0,-459343492.0037055,-459239452.5947024,104039.40900307894,70639.11523091793,-0.0,-0.0,-0.0,-142783279.19999963,-154222712.20370588,-162337500.60000005,0.0,0.0,0.0,-142783279.19999963,-154152073.08847496,-162304100.30622905,0.0,0.0,0.0,0.0,70639.11523091793,33400.293770998716,0,nan,False,,,0.36700439453125,52.84468964735667
Wait阶段,24,added_region_benders_cuts,137139,400,0.0,-459343492.0037055,-459294492.03840387,48999.96530163288,35377.933623194695,-0.0,-0.0,-0.0,-142783279.19999963,-154222712.20370588,-162337500.60000005,0.0,0.0,0.0,-142783279.19999963,-154187334.27008268,-162323878.56832272,0.0,0.0,0.0,0.0,35377.933623194695,13622.0316773355,0,nan,False,,,0.3545341491699219,55.43015353679657
Wait阶段,25,added_region_benders_cuts,137139,402,0.0,-459343492.0037055,-459288907.507023,54584.49668252468,38526.383073717356,-0.0,-0.0,-0.0,-142783279.19999963,-154222712.20370588,-162337500.60000005,0.0,0.0,0.0,-142783279.19999963,-154184185.82063216,-162321442.48639256,0.0,0.0,0.0,0.0,38526.383073717356,16058.113607496023,0,nan,False,,,0.3589630126953125,58.1019055445989
Wait阶段,26,added_region_benders_cuts,137139,404,0.0,-459343492.0037055,-459317430.41837484,26061.58533066511,20481.38316437602,-0.0,-0.0,-0.0,-142783279.19999963,-154222712.20370588,-162337500.60000005,0.0,0.0,0.0,-142783279.19999963,-154202230.8205415,-162331920.39783502,0.0,0.0,0.0,0.0,20481.38316437602,5580.202165037394,0,nan,False,,,0.35993194580078125,60.74987303813298
Wait阶段,27,added_region_benders_cuts,137139,407,0.0,-459343492.0037055,-459263250.6341122,80241.36959332228,45628.948644816875,-0.0,-0.0,-0.0,-142783279.19999963,-154222712.20370588,-162337500.60000005,0.0,0.0,0.0,-142780971.68212655,-154177083.25506106,-162305195.69692594,0.0,0.0,0.0,2307.5178730785847,45628.948644816875,32304.903074115515,0,nan,False,,,0.354461669921875,63.45350733200709
Wait阶段,28,added_region_benders_cuts,137139,409,0.0,-459343492.0037055,-459290164.3197769,53327.683928608894,41737.63593861461,-0.0,-0.0,-0.0,-142783279.19999963,-154222712.20370588,-162337500.60000005,0.0,0.0,0.0,-142783279.19999963,-154180974.56776726,-162325910.5520112,0.0,0.0,0.0,0.0,41737.63593861461,11590.0479888618,0,nan,False,,,0.354400634765625,68.04354749123256
Wait阶段,29,added_region_benders_cuts,137139,411,0.0,-459343492.0037055,-459316151.9769957,27340.026709794998,19704.77240216732,-0.0,-0.0,-0.0,-142783279.19999963,-154222712.20370588,-162337500.60000005,0.0,0.0,0.0,-142783279.19999963,-154203007.4313037,-162329865.34569365,0.0,0.0,0.0,0.0,19704.77240216732,7635.254306405783,0,nan,False,,,0.35800933837890625,71.03084194660187
Wait阶段,30,added_region_benders_cuts,137139,413,0.0,-459343492.0037055,-459285861.625519,57630.378186523914,55497.36840996146,-0.0,-0.0,-0.0,-142783279.19999963,-154222712.20370588,-162337500.60000005,0.0,0.0,0.0,-142783279.19999963,-154167214.83529592,-162335367.59022474,0.0,0.0,0.0,0.0,55497.36840996146,2133.009775310755,0,nan,False,,,0.3576087951660156,73.27608542442321
Wait阶段,31,added_region_benders_cuts,137139,415,0.0,-459343492.0037055,-459290648.93473417,52843.06897133589,29612.893672943115,-0.0,-0.0,-0.0,-142783279.19999963,-154222712.20370588,-162337500.60000005,0.0,0.0,0.0,-142783279.19999963,-154193099.31003293,-162314270.42470288,0.0,0.0,0.0,0.0,29612.893672943115,23230.175297170877,0,nan,False,,,0.35501861572265625,75.52769817113877
Wait阶段,32,added_region_benders_cuts,137139,417,0.0,-459343492.0037055,-459325352.1717035,18139.83200198412,12900.7659098804,-0.0,-0.0,-0.0,-142783279.19999963,-154222712.20370588,-162337500.60000005,0.0,0.0,0.0,-142783279.19999963,-154217473.13761503,-162324599.83409017,0.0,0.0,0.0,0.0,5239.066090852022,12900.7659098804,0,nan,False,,,0.3577995300292969,77.76798075040182
Wait阶段,33,added_region_benders_cuts,137139,419,0.0,-459343492.0037055,-459281277.24710596,62214.75659954548,62213.757359951735,-0.0,-0.0,-0.0,-142783279.19999963,-154222712.20370588,-162337500.60000005,0.0,0.0,0.0,-142783279.19999963,-154160498.44634593,-162337499.60076153,0.0,0.0,0.0,0.0,62213.757359951735,0.999238520860672,0,nan,False,,,0.35846710205078125,80.02084566354752
Wait阶段,34,added_region_benders_cuts,137139,421,0.0,-459343492.0037055,-459297062.9030477,46429.1006578207,37954.30495518446,-0.0,-0.0,-0.0,-142783279.19999963,-154222712.20370588,-162337500.60000005,0.0,0.0,0.0,-142783279.19999963,-154184757.8987507,-162329025.80429858,0.0,0.0,0.0,0.0,37954.30495518446,8474.795701473951,0,nan,False,,,0.3565635681152344,82.28554213841757
Wait阶段,35,added_region_benders_cuts,137139,423,0.0,-459343492.0037055,-459282426.5130367,61065.49066877365,54447.110085487366,-0.0,-0.0,-0.0,-142783279.19999963,-154222712.20370588,-162337500.60000005,0.0,0.0,0.0,-142783279.19999963,-154168265.0936204,-162330882.21941802,0.0,0.0,0.0,0.0,54447.110085487366,6618.380582034588,0,nan,False,,,0.3599739074707031,84.57388250033061
Wait阶段,36,added_region_benders_cuts,137139,425,0.0,-459343492.0037055,-459314129.1202076,29362.88349789381,23782.967810839415,-0.0,-0.0,-0.0,-142783279.19999963,-154222712.20370588,-162337500.60000005,0.0,0.0,0.0,-142783279.19999963,-154198929.23589504,-162331920.6843141,0.0,0.0,0.0,0.0,23782.967810839415,5579.91568595171,0,nan,False,,,0.36220550537109375,86.86095627943675
Wait阶段,37,added_region_benders_cuts,137139,426,0.0,-459343492.0037055,-459294772.63917154,48719.36453396082,48719.36453279853,-0.0,-0.0,-0.0,-142783279.19999963,-154222712.20370588,-162337500.60000005,0.0,0.0,0.0,-142783279.19999963,-154173992.83917308,-162337500.60000005,0.0,0.0,0.0,0.0,48719.36453279853,0.0,0,nan,False,,,0.3617820739746094,89.15783530473709
Wait阶段,38,added_region_benders_cuts,137139,428,0.0,-459343492.0037055,-459320211.6603474,23280.34335809946,19096.271195441484,-0.0,-0.0,-0.0,-142783279.19999963,-154222712.20370588,-162337500.60000005,0.0,0.0,0.0,-142783279.19999963,-154203615.93251044,-162333316.52783847,0.0,0.0,0.0,0.0,19096.271195441484,4184.0721615850925,0,nan,False,,,0.3564491271972656,91.46139337221781
Wait阶段,39,added_region_benders_cuts,137139,430,0.0,-459343492.0037055,-459303360.51914954,40131.4845559597,28614.0129417181,-0.0,-0.0,-0.0,-142783279.19999963,-154222712.20370588,-162337500.60000005,0.0,0.0,0.0,-142783279.19999963,-154194098.19076416,-162325983.12838706,0.0,0.0,0.0,0.0,28614.0129417181,11517.471612989902,0,nan,False,,,0.36040496826171875,93.79881209929785
Wait阶段,40,added_region_benders_cuts,137139,431,0.0,-459343492.0037055,-459286450.03949785,57041.96420764923,57041.96420639753,-0.0,-0.0,-0.0,-142783279.19999963,-154222712.20370588,-162337500.60000005,0.0,0.0,0.0,-142783279.19999963,-154165670.23949948,-162337500.60000005,0.0,0.0,0.0,0.0,57041.96420639753,0.0,0,nan,False,,,0.3633842468261719,96.12125171820323
Wait阶段,41,added_region_benders_cuts,137139,433,0.0,-459343492.0037055,-459254810.7664283,88681.23727720976,50023.495833814144,-0.0,-0.0,-0.0,-142783279.19999963,-154222712.20370588,-162337500.60000005,0.0,0.0,0.0,-142783279.19999963,-154172688.70787206,-162298842.85855773,0.0,0.0,0.0,0.0,50023.495833814144,38657.74144232273,0,nan,False,,,0.3636360168457031,98.76448204517365
Wait阶段,42,added_region_benders_cuts,137139,435,0.0,-459343492.0037055,-459312744.55891657,30747.4447889328,24249.699740111828,-0.0,-0.0,-0.0,-142783279.19999963,-154222712.20370588,-162337500.60000005,0.0,0.0,0.0,-142783279.19999963,-154198462.50396577,-162331002.8549524,0.0,0.0,0.0,0.0,24249.699740111828,6497.745047658682,0,nan,False,,,0.3618736267089844,101.11633904774983
Wait阶段,43,added_region_benders_cuts,137139,437,0.0,-459343492.0037055,-459301076.8246287,42415.17907679081,40119.700401932,-0.0,-0.0,-0.0,-142783279.19999963,-154222712.20370588,-162337500.60000005,0.0,0.0,0.0,-142783279.19999963,-154182592.50330395,-162335205.12132642,0.0,0.0,0.0,0.0,40119.700401932,2295.4786736369133,0,nan,False,,,0.3645477294921875,103.4710959037145
Wait阶段,44,added_region_benders_cuts,137139,439,0.0,-459343492.0037055,-459240518.27401125,102973.72969424725,52471.11093983054,-0.0,-0.0,-0.0,-142783279.19999963,-154222712.20370588,-162337500.60000005,0.0,0.0,0.0,-142783279.19999963,-154172209.58495247,-162285029.48906022,0.0,0.0,0.0,0.0,50502.618753403425,52471.11093983054,0,nan,False,,,0.3636474609375,105.83385958274205
Wait阶段,45,added_region_benders_cuts,137139,441,0.0,-459343492.0037055,-459266612.32282305,76879.68088245392,55887.77172729373,-0.0,-0.0,-0.0,-142783279.19999963,-154222712.20370588,-162337500.60000005,0.0,0.0,0.0,-142783279.19999963,-154166824.43197858,-162316508.69084615,0.0,0.0,0.0,0.0,55887.77172729373,20991.90915390849,0,nan,False,,,0.3573646545410156,108.20868860085805
Wait阶段,46,added_region_benders_cuts,137139,443,0.0,-459343492.0037055,-459302844.93345094,40647.070254564285,29352.270143389702,-0.0,-0.0,-0.0,-142783279.19999963,-154222712.20370588,-162337500.60000005,0.0,0.0,0.0,-142783279.19999963,-154193359.9335625,-162326205.7998901,0.0,0.0,0.0,0.0,29352.270143389702,11294.800109952688,0,nan,False,,,0.3609123229980469,110.62144309282303
Wait阶段,47,added_region_benders_cuts,137139,445,0.0,-459343492.0037055,-459316727.70471793,26764.298987567425,24202.26824912429,-0.0,-0.0,-0.0,-142783279.19999963,-154222712.20370588,-162337500.60000005,0.0,0.0,0.0,-142783279.19999963,-154198509.93545675,-162334938.5692628,0.0,0.0,0.0,0.0,24202.26824912429,2562.0307372510433,0,nan,False,,,0.3646278381347656,113.02372444073359
Wait阶段,48,added_region_benders_cuts,137139,447,0.0,-459343492.0037055,-459317571.7332058,25920.27049970627,25728.34148183465,-0.0,-0.0,-0.0,-142783279.19999963,-154222712.20370588,-162337500.60000005,0.0,0.0,0.0,-142783279.19999963,-154196983.86222404,-162337308.6709835,0.0,0.0,0.0,0.0,25728.34148183465,191.9290165603161,0,nan,False,,,0.3672904968261719,115.44417635599773
Wait阶段,49,added_region_benders_cuts,137139,449,0.0,-459343492.0037055,-459324260.361706,19231.64199948311,13246.066171079874,-0.0,-0.0,-0.0,-142783279.19999963,-154222712.20370588,-162337500.60000005,0.0,0.0,0.0,-142783279.19999963,-154209466.1375348,-162331515.02417272,0.0,0.0,0.0,0.0,13246.066171079874,5985.575827330351,0,nan,False,,,0.3680458068847656,117.86851103305817
Wait阶段,50,added_region_benders_cuts,137139,450,0.0,-459343492.0037055,-459323637.08192354,19854.92178195715,19854.921780735254,-0.0,-0.0,-0.0,-142783279.19999963,-154222712.20370588,-162337500.60000005,0.0,0.0,0.0,-142783279.19999963,-154202857.28192514,-162337500.60000005,0.0,0.0,0.0,0.0,19854.921780735254,0.0,0,nan,False,,,0.36949920654296875,120.29428893327713
Wait阶段,51,added_region_benders_cuts,137139,452,0.0,-459343492.0037055,-459331329.1415449,12162.862160623074,10070.86708149314,-0.0,-0.0,-0.0,-142783279.19999963,-154222712.20370588,-162337500.60000005,0.0,0.0,0.0,-142783279.19999963,-154212641.33662438,-162335408.60492218,0.0,0.0,0.0,0.0,10070.86708149314,2091.9950778782368,0,nan,False,,,0.37364959716796875,122.72884667714438
Wait阶段,52,added_region_benders_cuts,137139,454,0.0,-459343492.0037055,-459312090.8511181,31401.152587413788,22151.71040406823,-0.0,-0.0,-0.0,-142783279.19999963,-154222712.20370588,-162337500.60000005,0.0,0.0,0.0,-142783279.19999963,-154200560.4933018,-162328251.15781796,0.0,0.0,0.0,0.0,22151.71040406823,9249.442182093859,0,nan,False,,,0.3046150207519531,125.17108107407888
Wait阶段,53,added_region_benders_cuts,137139,455,0.0,-459343492.0037055,-459307928.1713515,35563.83235400915,35563.83235281706,-0.0,-0.0,-0.0,-142783279.19999963,-154222712.20370588,-162337500.60000005,0.0,0.0,0.0,-142783279.19999963,-154187148.37135306,-162337500.60000005,0.0,0.0,0.0,0.0,35563.83235281706,0.0,0,nan,False,,,0.3675880432128906,128.4998674750328
Wait阶段,54,added_region_benders_cuts,137139,457,0.0,-459343492.0037055,-459321782.10974646,21709.89395904541,21704.63521054387,-0.0,-0.0,-0.0,-142783279.19999963,-154222712.20370588,-162337500.60000005,0.0,0.0,0.0,-142783279.19999963,-154201007.56849533,-162337495.34125277,0.0,0.0,0.0,0.0,21704.63521054387,5.2587472796440125,0,nan,False,,,0.3709564208984375,136.87929238875708
Wait阶段,55,added_region_benders_cuts,137139,459,0.0,-459343492.0037055,-459328091.54719347,15400.45651203394,8873.860656440258,-0.0,-0.0,-0.0,-142783279.19999963,-154222712.20370588,-162337500.60000005,0.0,0.0,0.0,-142783279.19999963,-154216185.60785156,-162328626.7393436,0.0,0.0,0.0,0.0,6526.5958543121815,8873.860656440258,0,nan,False,,,0.37294769287109375,145.08808301289875
Wait阶段,56,added_region_benders_cuts,137139,461,0.0,-459343492.0037055,-459320212.3366359,23279.667069613934,13970.116156041622,-0.0,-0.0,-0.0,-142783279.19999963,-154222712.20370588,-162337500.60000005,0.0,0.0,0.0,-142783279.19999963,-154208742.08754984,-162328191.04908764,0.0,0.0,0.0,0.0,13970.116156041622,9309.55091241002,0,nan,False,,,0.3718719482421875,153.32099651098252
Wait阶段,57,added_region_benders_cuts,137139,462,0.0,-459343492.0037055,-459331117.64730763,12374.356397867203,12374.35639667511,-0.0,-0.0,-0.0,-142783279.19999963,-154222712.20370588,-162337500.60000005,0.0,0.0,0.0,-142783279.19999963,-154210337.8473092,-162337500.60000005,0.0,0.0,0.0,0.0,12374.35639667511,0.0,0,nan,False,,,0.3732490539550781,159.65977425575255
Wait阶段,58,added_region_benders_cuts,137139,464,0.0,-459343492.0037055,-459327804.45333695,15687.55036854744,15673.693308204412,-0.0,-0.0,-0.0,-142783279.19999963,-154222712.20370588,-162337500.60000005,0.0,0.0,0.0,-142783279.19999963,-154207038.51039767,-162337486.74294084,0.0,0.0,0.0,0.0,15673.693308204412,13.857059210538864,0,nan,False,,,0.370361328125,162.19547621011733
Wait阶段,59,added_region_benders_cuts,137139,465,0.0,-459343492.0037055,-459306262.2658319,37229.737873613834,37229.73787239194,-0.0,-0.0,-0.0,-142783279.19999963,-154222712.20370588,-162337500.60000005,0.0,0.0,0.0,-142783279.19999963,-154185482.4658335,-162337500.60000005,0.0,0.0,0.0,0.0,37229.73787239194,0.0,0,nan,False,,,0.3731117248535156,164.70681393146515
Wait阶段,60,added_region_benders_cuts,137139,467,0.0,-459343492.0037055,-459294507.1166661,48984.88703942299,33618.16389152408,-0.0,-0.0,-0.0,-142783279.19999963,-154222712.20370588,-162337500.60000005,0.0,0.0,0.0,-142783279.19999963,-154189094.03981435,-162322133.8768533,0.0,0.0,0.0,0.0,33618.16389152408,15366.723146766424,0,nan,False,,,0.3736419677734375,168.2834395368894
Wait阶段,61,added_region_benders_cuts,137139,469,0.0,-459343492.0037055,-459314074.3976031,29417.60610240698,21628.444612145424,-0.0,-0.0,-0.0,-142783279.19999963,-154222712.20370588,-162337500.60000005,0.0,0.0,0.0,-142783279.19999963,-154201083.75909373,-162329711.43851092,0.0,0.0,0.0,0.0,21628.444612145424,7789.1614891290665,0,nan,False,,,0.3716926574707031,170.7648125767708
Wait阶段,62,added_region_benders_cuts,137139,470,0.0,-459343492.0037055,-459320699.88642716,22792.11727833748,22792.11727705598,-0.0,-0.0,-0.0,-142783279.19999963,-154222712.20370588,-162337500.60000005,0.0,0.0,0.0,-142783279.19999963,-154199920.08642882,-162337500.60000005,0.0,0.0,0.0,0.0,22792.11727705598,0.0,0,nan,False,,,0.3733978271484375,174.14543320337933
Wait阶段,63,added_region_benders_cuts,137139,471,0.0,-459343492.0037055,-459320102.8615104,23389.142195105553,23389.142193883657,-0.0,-0.0,-0.0,-142783279.19999963,-154222712.20370588,-162337500.60000005,0.0,0.0,0.0,-142783279.19999963,-154199323.061512,-162337500.60000005,0.0,0.0,0.0,0.0,23389.142193883657,0.0,0,nan,False,,,0.3751029968261719,176.66269939343135
Wait阶段,64,added_region_benders_cuts,137139,472,0.0,-459343492.0037055,-459311275.7202931,32216.283412396908,32216.283411175013,-0.0,-0.0,-0.0,-142783279.19999963,-154222712.20370588,-162337500.60000005,0.0,0.0,0.0,-142783279.19999963,-154190495.9202947,-162337500.60000005,0.0,0.0,0.0,0.0,32216.283411175013,0.0,0,nan,False,,,0.3757514953613281,179.18341006040572
Wait阶段,65,added_region_benders_cuts,137139,473,0.0,-459343492.0037055,-459340175.76698714,3316.2367183566093,3316.2367171943188,-0.0,-0.0,-0.0,-142783279.19999963,-154222712.20370588,-162337500.60000005,0.0,0.0,0.0,-142783279.19999963,-154219395.96698868,-162337500.60000005,0.0,0.0,0.0,0.0,3316.2367171943188,0.0,0,nan,False,,,0.3732643127441406,181.6962749282519
Wait阶段,66,added_region_benders_cuts,137139,475,0.0,-459343492.0037055,-459333183.495133,10308.508572518826,5510.50753724575,-0.0,-0.0,-0.0,-142783279.19999963,-154222712.20370588,-162337500.60000005,0.0,0.0,0.0,-142783279.19999963,-154217201.69616863,-162332702.598966,0.0,0.0,0.0,0.0,5510.50753724575,4798.00103405118,0,nan,False,,,0.3745689392089844,184.23781179587047
Wait阶段,67,added_region_benders_cuts,137139,477,0.0,-459343492.0037055,-459323526.24524,19965.758465528488,15758.395727276802,-0.0,-0.0,-0.0,-142783279.19999963,-154222712.20370588,-162337500.60000005,0.0,0.0,0.0,-142783279.19999963,-154218504.8409689,-162321742.20427278,0.0,0.0,0.0,0.0,4207.362736970186,15758.395727276802,0,nan,False,,,0.37590789794921875,186.77830738623936
Wait阶段,68,added_region_benders_cuts,137139,478,0.0,-459343492.0037055,-459330940.605638,12551.398067474365,12551.398066312075,-0.0,-0.0,-0.0,-142783279.19999963,-154222712.20370588,-162337500.60000005,0.0,0.0,0.0,-142783279.19999963,-154210160.80563956,-162337500.60000005,0.0,0.0,0.0,0.0,12551.398066312075,0.0,0,nan,False,,,0.3741798400878906,189.3120547771454
Wait阶段,69,added_region_benders_cuts,137139,480,0.0,-459343492.0037055,-459329945.74942106,13546.254284441471,12754.436315983534,-0.0,-0.0,-0.0,-142783279.19999963,-154222712.20370588,-162337500.60000005,0.0,0.0,0.0,-142783279.19999963,-154209957.7673899,-162336708.7820328,0.0,0.0,0.0,0.0,12754.436315983534,791.8179672658443,0,nan,False,,,0.37630462646484375,191.89624722401302
Wait阶段,70,added_region_benders_cuts,137139,481,0.0,-459343492.0037055,-459340688.8007043,2803.203001201153,2803.2029999792576,-0.0,-0.0,-0.0,-142783279.19999963,-154222712.20370588,-162337500.60000005,0.0,0.0,0.0,-142783279.19999963,-154219909.0007059,-162337500.60000005,0.0,0.0,0.0,0.0,2803.2029999792576,0.0,0,nan,False,,,0.37337493896484375,194.48590993483862
Wait阶段,71,added_region_benders_cuts,137139,483,0.0,-459340688.80070555,-459318872.56232697,21816.238378584385,20556.2162669003,-0.0,-0.0,-0.0,-142783279.19999963,-154219909.0007059,-162337500.60000005,0.0,0.0,0.0,-142783279.19999963,-154199352.784439,-162336240.57788953,0.0,0.0,0.0,0.0,20556.2162669003,1260.0221105217934,0,nan,False,,,0.3748779296875,197.02699721654255
Wait阶段,72,added_region_benders_cuts,137139,485,0.0,-459340688.80070555,-459315412.26025426,25276.540451288223,20239.300336271524,-0.0,-0.0,-0.0,-142783279.19999963,-154219909.0007059,-162337500.60000005,0.0,0.0,0.0,-142783279.19999963,-154214871.760592,-162317261.29966378,0.0,0.0,0.0,0.0,5037.240113884211,20239.300336271524,0,nan,False,,,0.3737640380859375,199.5878697514534
Wait阶段,73,added_region_benders_cuts,137139,487,0.0,-459340688.80070555,-459326575.2159535,14113.58475202322,7421.378874719143,-0.0,-0.0,-0.0,-142783279.19999963,-154219909.0007059,-162337500.60000005,0.0,0.0,0.0,-142783279.19999963,-154212487.62183118,-162330808.39412397,0.0,0.0,0.0,0.0,7421.378874719143,6692.205876082182,0,nan,False,,,0.37767791748046875,202.17055711746215
Wait阶段,74,added_region_benders_cuts,137139,489,0.0,-459340688.80070555,-459332922.48401403,7766.31669151783,7351.112535357475,-0.0,-0.0,-0.0,-142783279.19999963,-154219909.0007059,-162337500.60000005,0.0,0.0,0.0,-142783279.19999963,-154219493.796551,-162330149.4874647,0.0,0.0,0.0,0.0,415.2041549086571,7351.112535357475,0,nan,False,,,0.3748512268066406,204.77040162086487
Wait阶段,75,added_region_benders_cuts,137139,491,0.0,-459340688.80070555,-459321830.4770515,18858.323654055595,16739.794892698526,-0.0,-0.0,-0.0,-142783279.19999963,-154219909.0007059,-162337500.60000005,0.0,0.0,0.0,-142783279.19999963,-154203169.2058132,-162335382.07123995,0.0,0.0,0.0,0.0,16739.794892698526,2118.5287601053715,0,nan,False,,,0.3781585693359375,207.3685144106547
Wait阶段,76,added_region_benders_cuts,137139,493,0.0,-459340688.80070555,-459327104.582655,13584.218050539494,11568.517744034529,-0.0,-0.0,-0.0,-142783279.19999963,-154219909.0007059,-162337500.60000005,0.0,0.0,0.0,-142783279.19999963,-154208340.48296186,-162335484.89969477,0.0,0.0,0.0,0.0,11568.517744034529,2015.7003052830696,0,nan,False,,,0.3775596618652344,209.98205619255702
Wait=32可行端点恢复,1,added_region_benders_cuts,137139,495,-459340688.80070555,-459340688.80070555,-459144870.713248,195818.08745753765,177953.92243129015,-0.0,-0.0,-0.0,-142783279.19999963,-154219909.0007059,-162337500.60000005,0.0,0.0,0.0,-142783279.19999963,-154202044.835681,-162159546.67756876,0.0,0.0,0.0,0.0,17864.165024906397,177953.92243129015,0,nan,False,,,0.23896408081054688,0.362398636341095
