X_任务负荷增量_MW,类别_能源响应分段,Y_弃电变化_MW,Y_购电变化_MW
-2.3737499999999727,降负荷减购电区,0.0,-2.3737499999999727
-4.83299999999997,降负荷减购电区,0.0,-4.83299999999997
-10.17360000000008,降负荷减购电区,0.0,-10.17360000000008
-14.73524999999995,降负荷减购电区,0.0,-14.73524999999995
-16.857000000000085,降负荷减购电区,0.0,-16.857000000000085
-16.591499999999996,降负荷减购电区,0.0,-16.591499999999996
-11.01240000000007,降负荷减购电区,0.0,-11.01240000000007
-11.73059999999998,降负荷减购电区,0.0,-11.73059999999998
-22.599000000000046,降负荷减购电区,0.0,-22.599000000000046
-18.047699999999963,降负荷减购电区,0.0,-18.047699999999963
34.67070000000001,弃电吸收区,-34.67070000000001,0.0
60.80759999999998,弃电吸收区,-60.80759999999998,0.0
93.48750000000013,弃电吸收区,-93.48750000000013,0.0
100.61730000000006,弃电吸收区,-100.61730000000006,0.0
115.61130000000004,弃电吸收区,-115.61130000000004,0.0
101.92454999999995,弃电吸收区,-101.92454999999995,0.0
-21.423599999999965,降负荷减购电区,0.0,-21.423599999999965
-20.404350000000026,降负荷减购电区,0.0,-20.404350000000026
-19.53495000000004,降负荷减购电区,0.0,-19.53495000000004
-75.15539999999999,降负荷减购电区,0.0,-75.15539999999999
-74.36115000000007,降负荷减购电区,0.0,-74.36115000000007
-86.50395000000003,降负荷减购电区,0.0,-86.50395000000003
-88.16399999999999,降负荷减购电区,0.0,-88.16399999999999
-109.03140000000002,降负荷减购电区,0.0,-109.03140000000002
-76.71240000000006,降负荷减购电区,0.0,-76.71240000000006
-29.45790000000005,降负荷减购电区,0.0,-29.45790000000005
-14.635800000000016,降负荷减购电区,0.0,-14.635800000000016
-7.222499999999968,降负荷减购电区,0.0,-7.222499999999968
-8.855999999999995,降负荷减购电区,0.0,-8.855999999999995
-32.16059999999993,降负荷减购电区,0.0,-32.16059999999993
-63.31275,降负荷减购电区,0.0,-63.31275
-77.17905000000002,降负荷减购电区,0.0,-77.17905000000002
-53.91539999999998,降负荷减购电区,0.0,-53.91539999999998
-42.47235000000006,降负荷减购电区,0.0,-42.47235000000006
-46.476000000000056,降负荷减购电区,0.0,-46.476000000000056
-24.180300000000045,降负荷减购电区,0.0,-24.180300000000045
-38.96909999999997,降负荷减购电区,0.0,-38.96909999999997
-51.36255,降负荷减购电区,0.0,-51.36255
-47.25,降负荷减购电区,0.0,-47.25
-40.20210000000003,降负荷减购电区,0.0,-40.20210000000003
-22.783500000000004,降负荷减购电区,0.0,-22.783500000000004
-15.624000000000024,降负荷减购电区,0.0,-15.624000000000024
-19.42559999999997,降负荷减购电区,0.0,-19.42559999999997
-24.90885000000003,降负荷减购电区,0.0,-24.90885000000003
-41.23169999999999,降负荷减购电区,0.0,-41.23169999999999
-38.39310000000006,降负荷减购电区,0.0,-38.39310000000006
-50.28434999999996,降负荷减购电区,0.0,-50.28434999999996
-60.08040000000005,降负荷减购电区,0.0,-60.08040000000005
-67.50855000000001,降负荷减购电区,0.0,-67.50855000000001
-53.23500000000007,降负荷减购电区,0.0,-53.23500000000007
-48.11940000000004,降负荷减购电区,0.0,-48.11940000000004
-46.21185000000003,降负荷减购电区,0.0,-46.21185000000003
-48.73680000000007,降负荷减购电区,0.0,-48.73680000000007
-49.76099999999997,降负荷减购电区,0.0,-49.76099999999997
-49.56209999999993,降负荷减购电区,0.0,-49.56209999999993
-20.316599999999998,降负荷减购电区,0.0,-20.316599999999998
-1.7981999999999516,降负荷减购电区,0.0,-1.7981999999999516
22.599450000000047,弃电吸收区,-22.599450000000047,0.0
22.67190000000005,弃电吸收区,-22.67190000000005,0.0
78.75449999999995,弃电吸收区,-78.75449999999995,0.0
96.6717000000001,弃电吸收区,-96.6717000000001,0.0
99.60525,弃电吸收区,-99.60525,0.0
-7.907400000000052,降负荷减购电区,0.0,-7.907400000000052
-23.795999999999992,降负荷减购电区,0.0,-23.795999999999992
-7.052400000000034,降负荷减购电区,0.0,-7.052400000000034
-5.81759999999997,降负荷减购电区,0.0,-5.81759999999997
-23.67180000000002,降负荷减购电区,0.0,-23.67180000000002
-34.438499999999976,降负荷减购电区,0.0,-34.438499999999976
-32.60699999999997,降负荷减购电区,0.0,-32.60699999999997
-53.23724999999996,降负荷减购电区,0.0,-53.23724999999996
-52.83179999999999,降负荷减购电区,0.0,-52.83179999999999
-40.19130000000007,降负荷减购电区,0.0,-40.19130000000007
-50.16239999999999,降负荷减购电区,0.0,-50.16239999999999
-43.44029999999998,降负荷减购电区,0.0,-43.44029999999998
-42.85080000000005,降负荷减购电区,0.0,-42.85080000000005
-35.235000000000014,降负荷减购电区,0.0,-35.235000000000014
-24.286500000000046,降负荷减购电区,0.0,-24.286500000000046
-39.63600000000002,降负荷减购电区,0.0,-39.63600000000002
-41.69250000000005,降负荷减购电区,0.0,-41.69250000000005
-42.93630000000002,降负荷减购电区,0.0,-42.93630000000002
-29.566800000000057,降负荷减购电区,0.0,-29.566800000000057
-20.90160000000003,降负荷减购电区,0.0,-20.90160000000003
-39.36869999999999,降负荷减购电区,0.0,-39.36869999999999
-49.439700000000016,降负荷减购电区,0.0,-49.439700000000016
-47.68829999999997,降负荷减购电区,0.0,-47.68829999999997
-44.70030000000003,降负荷减购电区,0.0,-44.70030000000003
-38.1105,降负荷减购电区,0.0,-38.1105
-31.2876,降负荷减购电区,0.0,-31.2876
-14.01524999999998,降负荷减购电区,0.0,-14.01524999999998
-14.851800000000026,降负荷减购电区,0.0,-14.851800000000026
-15.28830000000005,降负荷减购电区,0.0,-15.28830000000005
-36.74879999999996,降负荷减购电区,0.0,-36.74879999999996
-37.54079999999999,降负荷减购电区,0.0,-37.54079999999999
-40.74839999999995,降负荷减购电区,0.0,-40.74839999999995
-42.60329999999999,降负荷减购电区,0.0,-42.60329999999999
-16.016850000000034,降负荷减购电区,0.0,-16.016850000000034
-12.254399999999976,降负荷减购电区,0.0,-12.254399999999976
-17.321399999999926,降负荷减购电区,0.0,-17.321399999999926
-18.443249999999978,降负荷减购电区,0.0,-18.443249999999978
-18.689399999999974,降负荷减购电区,0.0,-18.689399999999974
-14.890050000000087,降负荷减购电区,0.0,-14.890050000000087
-14.794200000000046,降负荷减购电区,0.0,-14.794200000000046
-53.53740000000005,降负荷减购电区,0.0,-53.53740000000005
-52.43085000000002,降负荷减购电区,0.0,-52.43085000000002
-50.1228000000001,降负荷减购电区,0.0,-50.1228000000001
-49.489200000000096,降负荷减购电区,0.0,-49.489200000000096
-34.06815,降负荷减购电区,0.0,-34.06815
35.92484999999999,弃电吸收区,-35.92484999999999,0.0
93.96000000000004,弃电吸收区,-93.96000000000004,0.0
100.81709999999998,弃电吸收区,-100.81709999999998,0.0
101.71394999999995,弃电吸收区,-101.71394999999995,0.0
112.66830000000004,弃电吸收区,-112.66830000000004,0.0
115.3161,弃电吸收区,-115.3161,0.0
116.91315000000004,弃电吸收区,-116.91315000000004,0.0
115.52895000000012,弃电吸收区,-115.52895000000012,0.0
119.17440000000003,弃电吸收区,-119.17440000000003,0.0
119.54475000000008,弃电吸收区,-119.54475000000008,0.0
128.17440000000005,弃电吸收区,-128.17440000000005,0.0
110.17575,弃电吸收区,-110.17575,0.0
-45.48419999999999,降负荷减购电区,0.0,-45.48419999999999
-51.76440000000002,降负荷减购电区,0.0,-51.76440000000002
-49.970699999999965,降负荷减购电区,0.0,-49.970699999999965
-35.82585,降负荷减购电区,0.0,-35.82585
-33.942600000000084,降负荷减购电区,0.0,-33.942600000000084
-29.400750000000016,降负荷减购电区,0.0,-29.400750000000016
-20.687400000000025,降负荷减购电区,0.0,-20.687400000000025
-22.32000000000005,降负荷减购电区,0.0,-22.32000000000005
-18.91980000000001,降负荷减购电区,0.0,-18.91980000000001
-14.401800000000094,降负荷减购电区,0.0,-14.401800000000094
-11.442600000000084,降负荷减购电区,0.0,-11.442600000000084
-9.212400000000002,降负荷减购电区,0.0,-9.212400000000002
-9.565200000000004,降负荷减购电区,0.0,-9.565200000000004
-10.366199999999992,降负荷减购电区,0.0,-10.366199999999992
-7.4915999999999485,降负荷减购电区,0.0,-7.4915999999999485
-5.71410000000003,降负荷减购电区,0.0,-5.71410000000003
-4.924800000000005,降负荷减购电区,0.0,-4.924800000000005
-16.127999999999986,降负荷减购电区,0.0,-16.127999999999986
-20.71620000000001,降负荷减购电区,0.0,-20.71620000000001
-30.22200000000004,降负荷减购电区,0.0,-30.22200000000004
-36.21600000000001,降负荷减购电区,0.0,-36.21600000000001
-51.80579999999998,降负荷减购电区,0.0,-51.80579999999998
-26.783100000000047,降负荷减购电区,0.0,-26.783100000000047
-19.96019999999993,降负荷减购电区,0.0,-19.96019999999993
-13.185000000000002,降负荷减购电区,0.0,-13.185000000000002
-14.839200000000003,降负荷减购电区,0.0,-14.839200000000003
-13.27905000000004,降负荷减购电区,0.0,-13.27905000000004
-15.21180000000004,降负荷减购电区,0.0,-15.21180000000004
-11.694150000000036,降负荷减购电区,0.0,-11.694150000000036
-45.929700000000025,降负荷减购电区,0.0,-45.929700000000025
-43.07040000000001,降负荷减购电区,0.0,-43.07040000000001
-73.93095,降负荷减购电区,0.0,-73.93095
-49.61160000000001,降负荷减购电区,0.0,-49.61160000000001
-52.72425000000004,降负荷减购电区,0.0,-52.72425000000004
-54.4221,降负荷减购电区,0.0,-54.4221
-55.58400000000006,降负荷减购电区,0.0,-55.58400000000006
-54.372600000000034,降负荷减购电区,0.0,-54.372600000000034
-34.34309999999999,降负荷减购电区,0.0,-34.34309999999999
-50.39099999999996,降负荷减购电区,0.0,-50.39099999999996
-31.888800000000003,降负荷减购电区,0.0,-31.888800000000003
-31.984200000000044,降负荷减购电区,0.0,-31.984200000000044
-32.30639999999994,降负荷减购电区,0.0,-32.30639999999994
-37.23299999999995,降负荷减购电区,0.0,-37.23299999999995
-35.775000000000034,降负荷减购电区,0.0,-35.775000000000034
-43.931250000000006,降负荷减购电区,0.0,-43.931250000000006
-46.163700000000006,降负荷减购电区,0.0,-46.163700000000006
-46.15244999999996,降负荷减购电区,0.0,-46.15244999999996
-48.01500000000004,降负荷减购电区,0.0,-48.01500000000004
-30.250800000000027,降负荷减购电区,0.0,-30.250800000000027
-42.86159999999995,降负荷减购电区,0.0,-42.86159999999995
-43.34400000000005,降负荷减购电区,0.0,-43.34400000000005
-46.937250000000006,降负荷减购电区,0.0,-46.937250000000006
-39.36195000000004,降负荷减购电区,0.0,-39.36195000000004
-39.17924999999997,降负荷减购电区,0.0,-39.17924999999997
-35.88615000000004,降负荷减购电区,0.0,-35.88615000000004
-26.56664999999998,降负荷减购电区,0.0,-26.56664999999998
-61.01100000000002,降负荷减购电区,0.0,-61.01100000000002
-52.01640000000003,降负荷减购电区,0.0,-52.01640000000003
-52.56900000000002,降负荷减购电区,0.0,-52.56900000000002
-51.61680000000001,降负荷减购电区,0.0,-51.61680000000001
-41.72040000000004,降负荷减购电区,0.0,-41.72040000000004
-34.55594999999994,降负荷减购电区,0.0,-34.55594999999994
-21.94425000000001,降负荷减购电区,0.0,-21.94425000000001
-19.35855000000004,降负荷减购电区,0.0,-19.35855000000004
-27.764999999999983,降负荷减购电区,0.0,-27.764999999999983
-50.18760000000003,降负荷减购电区,0.0,-50.18760000000003
-43.04249999999996,降负荷减购电区,0.0,-43.04249999999996
-33.997949999999946,降负荷减购电区,0.0,-33.997949999999946
-10.503000000000045,降负荷减购电区,0.0,-10.503000000000045
-13.29570000000001,降负荷减购电区,0.0,-13.29570000000001
-12.184649999999976,降负荷减购电区,0.0,-12.184649999999976
-29.96324999999996,降负荷减购电区,0.0,-29.96324999999996
-32.625,降负荷减购电区,0.0,-32.625
-36.08280000000002,降负荷减购电区,0.0,-36.08280000000002
-35.613,降负荷减购电区,0.0,-35.613
-28.20825000000002,降负荷减购电区,0.0,-28.20825000000002
-27.50400000000002,降负荷减购电区,0.0,-27.50400000000002
-14.699250000000006,降负荷减购电区,0.0,-14.699250000000006
-10.00980000000004,降负荷减购电区,0.0,-10.00980000000004
21.702600000000075,弃电吸收区,-21.702600000000075,0.0
22.678199999999947,弃电吸收区,-22.678199999999947,0.0
22.369500000000016,弃电吸收区,-22.369500000000016,0.0
-3.999600000000101,降负荷减购电区,0.0,-3.999600000000101
-38.29950000000002,降负荷减购电区,0.0,-38.29950000000002
-57.77280000000002,降负荷减购电区,0.0,-57.77280000000002
-62.64899999999994,降负荷减购电区,0.0,-62.64899999999994
-44.571600000000046,降负荷减购电区,0.0,-44.571600000000046
-17.841600000000028,降负荷减购电区,0.0,-17.841600000000028
-7.838099999999997,降负荷减购电区,0.0,-7.838099999999997
-9.559799999999996,降负荷减购电区,0.0,-9.559799999999996
-32.7636,降负荷减购电区,0.0,-32.7636
-32.03280000000001,降负荷减购电区,0.0,-32.03280000000001
-24.21360000000004,降负荷减购电区,0.0,-24.21360000000004
-6.620399999999961,降负荷减购电区,0.0,-6.620399999999961
-20.230199999999968,降负荷减购电区,0.0,-20.230199999999968
-18.33480000000003,降负荷减购电区,0.0,-18.33480000000003
-17.482500000000016,降负荷减购电区,0.0,-17.482500000000016
-10.77389999999997,降负荷减购电区,0.0,-10.77389999999997
-28.080899999999986,降负荷减购电区,0.0,-28.080899999999986
-29.621700000000036,降负荷减购电区,0.0,-29.621700000000036
-29.77245000000005,降负荷减购电区,0.0,-29.77245000000005
-19.533149999999974,降负荷减购电区,0.0,-19.533149999999974
-27.167400000000043,降负荷减购电区,0.0,-27.167400000000043
-13.865400000000022,降负荷减购电区,0.0,-13.865400000000022
-14.862600000000045,降负荷减购电区,0.0,-14.862600000000045
-22.668300000000045,降负荷减购电区,0.0,-22.668300000000045
-37.57860000000005,降负荷减购电区,0.0,-37.57860000000005
-36.63540000000006,降负荷减购电区,0.0,-36.63540000000006
-59.53680000000003,降负荷减购电区,0.0,-59.53680000000003
-57.494699999999966,降负荷减购电区,0.0,-57.494699999999966
-51.95429999999999,降负荷减购电区,0.0,-51.95429999999999
-51.55560000000003,降负荷减购电区,0.0,-51.55560000000003
-40.22280000000001,降负荷减购电区,0.0,-40.22280000000001
-68.12730000000005,降负荷减购电区,0.0,-68.12730000000005
-46.09800000000001,降负荷减购电区,0.0,-46.09800000000001
-41.49765000000002,降负荷减购电区,0.0,-41.49765000000002
-23.72625000000005,降负荷减购电区,0.0,-23.72625000000005
-20.85300000000001,降负荷减购电区,0.0,-20.85300000000001
-12.729600000000003,降负荷减购电区,0.0,-12.729600000000003
-37.31849999999997,降负荷减购电区,0.0,-37.31849999999997
-33.81795,降负荷减购电区,0.0,-33.81795
-35.087399999999946,降负荷减购电区,0.0,-35.087399999999946
-32.53589999999997,降负荷减购电区,0.0,-32.53589999999997
-7.194600000000037,降负荷减购电区,0.0,-7.194600000000037
-6.172200000000089,降负荷减购电区,0.0,-6.172200000000089
-10.190250000000106,降负荷减购电区,0.0,-10.190250000000106
-49.95180000000005,降负荷减购电区,0.0,-49.95180000000005
-50.1705,降负荷减购电区,0.0,-50.1705
-49.13325000000003,降负荷减购电区,0.0,-49.13325000000003
-47.95560000000006,降负荷减购电区,0.0,-47.95560000000006
-39.11580000000004,降负荷减购电区,0.0,-39.11580000000004
-17.048700000000053,降负荷减购电区,0.0,-17.048700000000053
-11.0394,降负荷减购电区,0.0,-11.0394
-23.96384999999998,降负荷减购电区,0.0,-23.96384999999998
-40.630499999999984,降负荷减购电区,0.0,-40.630499999999984
-42.1155,降负荷减购电区,0.0,-42.1155
-70.04610000000002,降负荷减购电区,0.0,-70.04610000000002
-64.14615000000003,降负荷减购电区,0.0,-64.14615000000003
-47.75895,降负荷减购电区,0.0,-47.75895
-41.810400000000016,降负荷减购电区,0.0,-41.810400000000016
-36.04139999999995,降负荷减购电区,0.0,-36.04139999999995
-72.57600000000002,降负荷减购电区,0.0,-72.57600000000002
-63.60570000000001,降负荷减购电区,0.0,-63.60570000000001
-72.68040000000008,降负荷减购电区,0.0,-72.68040000000008
-68.88419999999996,降负荷减购电区,0.0,-68.88419999999996
-43.71120000000002,降负荷减购电区,0.0,-43.71120000000002
-28.793249999999944,降负荷减购电区,0.0,-28.793249999999944
-25.29720000000009,降负荷减购电区,0.0,-25.29720000000009
-24.795000000000076,降负荷减购电区,0.0,-24.795000000000076
-22.321800000000053,降负荷减购电区,0.0,-22.321800000000053
-21.083399999999983,降负荷减购电区,0.0,-21.083399999999983
-22.375800000000027,降负荷减购电区,0.0,-22.375800000000027
-12.66660000000013,降负荷减购电区,0.0,-12.66660000000013
-11.530800000000111,降负荷减购电区,0.0,-11.530800000000111
-17.442000000000007,降负荷减购电区,0.0,-17.442000000000007
-20.11860000000001,降负荷减购电区,0.0,-20.11860000000001
-24.97679999999997,降负荷减购电区,0.0,-24.97679999999997
-25.29314999999997,降负荷减购电区,0.0,-25.29314999999997
-20.46735000000001,降负荷减购电区,0.0,-20.46735000000001
-11.99475000000001,降负荷减购电区,0.0,-11.99475000000001
-29.832750000000036,降负荷减购电区,0.0,-29.832750000000036
-43.77779999999996,降负荷减购电区,0.0,-43.77779999999996
-44.622900000000016,降负荷减购电区,0.0,-44.622900000000016
-62.02170000000004,降负荷减购电区,0.0,-62.02170000000004
-54.090449999999976,降负荷减购电区,0.0,-54.090449999999976
-43.49520000000001,降负荷减购电区,0.0,-43.49520000000001
-30.023550000000057,降负荷减购电区,0.0,-30.023550000000057
-19.071900000000028,降负荷减购电区,0.0,-19.071900000000028
-7.658999999999935,降负荷减购电区,0.0,-7.658999999999935
-11.446199999999976,降负荷减购电区,0.0,-11.446199999999976
90.89550000000004,弃电吸收区,-90.89550000000004,0.0
22.663349999999923,弃电吸收区,-22.663349999999923,0.0
22.23810000000003,弃电吸收区,-22.23810000000003,0.0
22.5711,弃电吸收区,-22.5711,0.0
22.631399999999985,弃电吸收区,-22.631399999999985,0.0
21.744000000000028,弃电吸收区,-21.744000000000028,0.0
-15.049800000000118,降负荷减购电区,0.0,-15.049800000000118
-28.517400000000062,降负荷减购电区,0.0,-28.517400000000062
-33.70274999999998,降负荷减购电区,0.0,-33.70274999999998
-19.97415000000001,降负荷减购电区,0.0,-19.97415000000001
-16.155449999999973,降负荷减购电区,0.0,-16.155449999999973
-13.768200000000036,降负荷减购电区,0.0,-13.768200000000036
-23.247900000000016,降负荷减购电区,0.0,-23.247900000000016
-20.92500000000001,降负荷减购电区,0.0,-20.92500000000001
-21.654,降负荷减购电区,0.0,-21.654
-9.867599999999982,降负荷减购电区,0.0,-9.867599999999982
-18.2808,降负荷减购电区,0.0,-18.2808
-26.139599999999973,降负荷减购电区,0.0,-26.139599999999973
-27.539999999999964,降负荷减购电区,0.0,-27.539999999999964
-42.31079999999997,降负荷减购电区,0.0,-42.31079999999997
-32.686199999999985,降负荷减购电区,0.0,-32.686199999999985
-29.65950000000004,降负荷减购电区,0.0,-29.65950000000004
-14.856299999999976,降负荷减购电区,0.0,-14.856299999999976
-9.624599999999988,降负荷减购电区,0.0,-9.624599999999988
-14.93100000000004,降负荷减购电区,0.0,-14.93100000000004
-38.22120000000007,降负荷减购电区,0.0,-38.22120000000007
-33.231600000000014,降负荷减购电区,0.0,-33.231600000000014
-42.969600000000014,降负荷减购电区,0.0,-42.969600000000014
-27.885600000000068,降负荷减购电区,0.0,-27.885600000000068
-51.964200000000005,降负荷减购电区,0.0,-51.964200000000005
-34.29900000000009,降负荷减购电区,0.0,-34.29900000000009
-49.58100000000008,降负荷减购电区,0.0,-49.58100000000008
-42.38640000000004,降负荷减购电区,0.0,-42.38640000000004
-34.673400000000015,降负荷减购电区,0.0,-34.673400000000015
-26.836649999999963,降负荷减购电区,0.0,-26.836649999999963
-20.46735000000001,降负荷减购电区,0.0,-20.46735000000001
-32.4855,降负荷减购电区,0.0,-32.4855
-29.276549999999983,降负荷减购电区,0.0,-29.276549999999983
-49.49459999999999,降负荷减购电区,0.0,-49.49459999999999
-74.38500000000005,降负荷减购电区,0.0,-74.38500000000005
-53.85555000000005,降负荷减购电区,0.0,-53.85555000000005
-25.966800000000035,降负荷减购电区,0.0,-25.966800000000035
-14.228999999999983,降负荷减购电区,0.0,-14.228999999999983
-15.461549999999988,降负荷减购电区,0.0,-15.461549999999988
-41.19749999999999,降负荷减购电区,0.0,-41.19749999999999
-46.637099999999975,降负荷减购电区,0.0,-46.637099999999975
-31.34789999999998,降负荷减购电区,0.0,-31.34789999999998
-25.00245000000001,降负荷减购电区,0.0,-25.00245000000001
-56.75580000000002,降负荷减购电区,0.0,-56.75580000000002
-51.829200000000014,降负荷减购电区,0.0,-51.829200000000014
-46.967850000000055,降负荷减购电区,0.0,-46.967850000000055
-24.82065,降负荷减购电区,0.0,-24.82065
22.4298,弃电吸收区,-22.4298,0.0
22.63589999999988,弃电吸收区,-22.63589999999988,0.0
22.516649999999917,弃电吸收区,-22.516649999999917,0.0
22.326299999999947,弃电吸收区,-22.326299999999947,0.0
20.802599999999984,弃电吸收区,-20.802599999999984,0.0
-31.73040000000003,降负荷减购电区,0.0,-31.73040000000003
-35.810550000000035,降负荷减购电区,0.0,-35.810550000000035
-33.22935000000001,降负荷减购电区,0.0,-33.22935000000001
83.62260000000009,弃电吸收区,-83.62260000000009,0.0
84.9366,弃电吸收区,-84.9366,0.0
99.80505000000004,弃电吸收区,-99.80505000000004,0.0
107.45010000000002,弃电吸收区,-107.45010000000002,0.0
107.27775000000004,弃电吸收区,-107.27775000000004,0.0
109.94805000000002,弃电吸收区,-109.94805000000002,0.0
112.79700000000004,弃电吸收区,-112.79700000000004,0.0
-24.343199999999968,降负荷减购电区,0.0,-24.343199999999968
-25.052399999999977,降负荷减购电区,0.0,-25.052399999999977
-20.192399999999964,降负荷减购电区,0.0,-20.192399999999964
-5.629050000000007,降负荷减购电区,0.0,-5.629050000000007
-13.727700000000029,降负荷减购电区,0.0,-13.727700000000029
-22.59450000000004,降负荷减购电区,0.0,-22.59450000000004
-18.74520000000001,降负荷减购电区,0.0,-18.74520000000001
-15.997499999999944,降负荷减购电区,0.0,-15.997499999999944
-47.04255000000006,降负荷减购电区,0.0,-47.04255000000006
-60.1488,降负荷减购电区,0.0,-60.1488
-73.54260000000005,降负荷减购电区,0.0,-73.54260000000005
-56.586149999999975,降负荷减购电区,0.0,-56.586149999999975
-55.31400000000002,降负荷减购电区,0.0,-55.31400000000002
-57.42180000000002,降负荷减购电区,0.0,-57.42180000000002
-43.84710000000001,降负荷减购电区,0.0,-43.84710000000001
-40.10624999999999,降负荷减购电区,0.0,-40.10624999999999
-37.52235000000002,降负荷减购电区,0.0,-37.52235000000002
-49.58820000000003,降负荷减购电区,0.0,-49.58820000000003
-45.182249999999954,降负荷减购电区,0.0,-45.182249999999954
-30.53340000000003,降负荷减购电区,0.0,-30.53340000000003
-24.786900000000003,降负荷减购电区,0.0,-24.786900000000003
-33.14744999999999,降负荷减购电区,0.0,-33.14744999999999
-19.394999999999985,降负荷减购电区,0.0,-19.394999999999985
-9.962999999999964,降负荷减购电区,0.0,-9.962999999999964
-13.814999999999998,降负荷减购电区,0.0,-13.814999999999998
-25.329600000000028,降负荷减购电区,0.0,-25.329600000000028
-11.931750000000022,降负荷减购电区,0.0,-11.931750000000022
-11.53215,降负荷减购电区,0.0,-11.53215
-11.507400000000018,降负荷减购电区,0.0,-11.507400000000018
-12.708000000000029,降负荷减购电区,0.0,-12.708000000000029
-9.994050000000016,降负荷减购电区,0.0,-9.994050000000016
-22.300200000000014,降负荷减购电区,0.0,-22.300200000000014
-28.00800000000004,降负荷减购电区,0.0,-28.00800000000004
-12.149099999999976,降负荷减购电区,0.0,-12.149099999999976
-24.91920000000005,降负荷减购电区,0.0,-24.91920000000005
-25.48350000000005,降负荷减购电区,0.0,-25.48350000000005
-11.290500000000064,降负荷减购电区,0.0,-11.290500000000064
-13.760099999999966,降负荷减购电区,0.0,-13.760099999999966
-13.851,降负荷减购电区,0.0,-13.851
-13.000049999999987,降负荷减购电区,0.0,-13.000049999999987
-11.776500000000055,降负荷减购电区,0.0,-11.776500000000055
-10.53359999999998,降负荷减购电区,0.0,-10.53359999999998
-13.424399999999991,降负荷减购电区,0.0,-13.424399999999991
-13.954949999999997,降负荷减购电区,0.0,-13.954949999999997
-15.000299999999982,降负荷减购电区,0.0,-15.000299999999982
-13.06619999999998,降负荷减购电区,0.0,-13.06619999999998
-19.17584999999997,降负荷减购电区,0.0,-19.17584999999997
-14.806799999999953,降负荷减购电区,0.0,-14.806799999999953
-14.768999999999949,降负荷减购电区,0.0,-14.768999999999949
-18.07919999999996,降负荷减购电区,0.0,-18.07919999999996
-19.752749999999992,降负荷减购电区,0.0,-19.752749999999992
-36.42255000000006,降负荷减购电区,0.0,-36.42255000000006
-24.09614999999997,降负荷减购电区,0.0,-24.09614999999997
-22.620599999999968,降负荷减购电区,0.0,-22.620599999999968
-34.00380000000001,降负荷减购电区,0.0,-34.00380000000001
-45.79605000000004,降负荷减购电区,0.0,-45.79605000000004
-46.8954,降负荷减购电区,0.0,-46.8954
-31.899599999999964,降负荷减购电区,0.0,-31.899599999999964
-25.42590000000007,降负荷减购电区,0.0,-25.42590000000007
-20.918700000000054,降负荷减购电区,0.0,-20.918700000000054
-14.697000000000005,降负荷减购电区,0.0,-14.697000000000005
-20.155500000000075,降负荷减购电区,0.0,-20.155500000000075
-22.90364999999997,降负荷减购电区,0.0,-22.90364999999997
-28.869299999999956,降负荷减购电区,0.0,-28.869299999999956
-26.522100000000023,降负荷减购电区,0.0,-26.522100000000023
-30.96719999999999,降负荷减购电区,0.0,-30.96719999999999
-30.90375,降负荷减购电区,0.0,-30.90375
-39.78359999999992,降负荷减购电区,0.0,-39.78359999999992
-36.76049999999998,降负荷减购电区,0.0,-36.76049999999998
-23.27220000000005,降负荷减购电区,0.0,-23.27220000000005
-18.83699999999999,降负荷减购电区,0.0,-18.83699999999999
-22.440600000000018,降负荷减购电区,0.0,-22.440600000000018
-21.45060000000001,降负荷减购电区,0.0,-21.45060000000001
-21.32280000000003,降负荷减购电区,0.0,-21.32280000000003
-14.36760000000004,降负荷减购电区,0.0,-14.36760000000004
-16.637400000000014,降负荷减购电区,0.0,-16.637400000000014
-15.010199999999998,降负荷减购电区,0.0,-15.010199999999998
-15.41520000000014,降负荷减购电区,0.0,-15.41520000000014
-40.95090000000005,降负荷减购电区,0.0,-40.95090000000005
-101.89619999999992,降负荷减购电区,0.0,-101.89619999999992
-97.69500000000004,降负荷减购电区,0.0,-97.69500000000004
-112.21920000000006,降负荷减购电区,0.0,-112.21920000000006
-122.08815000000004,降负荷减购电区,0.0,-122.08815000000004
-92.31480000000003,降负荷减购电区,0.0,-92.31480000000003
-76.37805000000003,降负荷减购电区,0.0,-76.37805000000003
-48.47760000000005,降负荷减购电区,0.0,-48.47760000000005
-44.503199999999936,降负荷减购电区,0.0,-44.503199999999936
-62.02395000000001,降负荷减购电区,0.0,-62.02395000000001
-39.30029999999999,降负荷减购电区,0.0,-39.30029999999999
-35.94825000000003,降负荷减购电区,0.0,-35.94825000000003
-40.70339999999999,降负荷减购电区,0.0,-40.70339999999999
-56.6334,降负荷减购电区,0.0,-56.6334
-50.88869999999992,降负荷减购电区,0.0,-50.88869999999992
-72.11520000000002,降负荷减购电区,0.0,-72.11520000000002
-70.42500000000001,降负荷减购电区,0.0,-70.42500000000001
-60.07499999999999,降负荷减购电区,0.0,-60.07499999999999
-26.362799999999996,降负荷减购电区,0.0,-26.362799999999996
-53.071199999999976,降负荷减购电区,0.0,-53.071199999999976
-52.44839999999999,降负荷减购电区,0.0,-52.44839999999999
-48.31200000000007,降负荷减购电区,0.0,-48.31200000000007
-29.363850000000014,降负荷减购电区,0.0,-29.363850000000014
-34.62749999999994,降负荷减购电区,0.0,-34.62749999999994
-28.75139999999999,降负荷减购电区,0.0,-28.75139999999999
-29.184300000000007,降负荷减购电区,0.0,-29.184300000000007
-29.336400000000022,降负荷减购电区,0.0,-29.336400000000022
-16.24860000000001,降负荷减购电区,0.0,-16.24860000000001
-15.202800000000025,降负荷减购电区,0.0,-15.202800000000025
-20.54340000000002,降负荷减购电区,0.0,-20.54340000000002
-18.98820000000001,降负荷减购电区,0.0,-18.98820000000001
-17.063999999999965,降负荷减购电区,0.0,-17.063999999999965
-16.13970000000006,降负荷减购电区,0.0,-16.13970000000006
-48.96719999999999,降负荷减购电区,0.0,-48.96719999999999
-25.414199999999997,降负荷减购电区,0.0,-25.414199999999997
-21.931200000000047,降负荷减购电区,0.0,-21.931200000000047
-23.976900000000057,降负荷减购电区,0.0,-23.976900000000057
-21.698100000000068,降负荷减购电区,0.0,-21.698100000000068
-20.745000000000005,降负荷减购电区,0.0,-20.745000000000005
-12.647699999999986,降负荷减购电区,0.0,-12.647699999999986
-10.707299999999975,降负荷减购电区,0.0,-10.707299999999975
-28.2645,降负荷减购电区,0.0,-28.2645
-14.181300000000022,降负荷减购电区,0.0,-14.181300000000022
121.22280000000006,弃电吸收区,-121.22280000000006,0.0
117.63315,弃电吸收区,-117.63315,0.0
112.9995,弃电吸收区,-112.9995,0.0
98.04599999999988,弃电吸收区,-98.04599999999988,0.0
22.39289999999994,弃电吸收区,-22.39289999999994,0.0
22.14449999999988,弃电吸收区,-22.14449999999988,0.0
-1.879199999999969,降负荷减购电区,0.0,-1.879199999999969
-39.20400000000007,降负荷减购电区,0.0,-39.20400000000007
-35.26649999999995,降负荷减购电区,0.0,-35.26649999999995
-19.371150000000057,降负荷减购电区,0.0,-19.371150000000057
-19.79099999999994,降负荷减购电区,0.0,-19.79099999999994
-14.057099999999991,降负荷减购电区,0.0,-14.057099999999991
-10.88370000000009,降负荷减购电区,0.0,-10.88370000000009
22.39199999999994,弃电吸收区,-22.39199999999994,0.0
69.31350000000003,弃电吸收区,-69.31350000000003,0.0
85.05180000000007,弃电吸收区,-85.05180000000007,0.0
111.36780000000005,弃电吸收区,-111.36780000000005,0.0
120.16529999999996,弃电吸收区,-120.16529999999996,0.0
-19.908000000000012,降负荷减购电区,0.0,-19.908000000000012
-33.44040000000001,降负荷减购电区,0.0,-33.44040000000001
-39.64994999999999,降负荷减购电区,0.0,-39.64994999999999
-33.799950000000024,降负荷减购电区,0.0,-33.799950000000024
-46.127249999999975,降负荷减购电区,0.0,-46.127249999999975
-31.44374999999997,降负荷减购电区,0.0,-31.44374999999997
-62.69400000000002,降负荷减购电区,0.0,-62.69400000000002
-51.49799999999999,降负荷减购电区,0.0,-51.49799999999999
-49.293000000000006,降负荷减购电区,0.0,-49.293000000000006
-50.86079999999998,降负荷减购电区,0.0,-50.86079999999998
-57.12479999999999,降负荷减购电区,0.0,-57.12479999999999
-27.54494999999997,降负荷减购电区,0.0,-27.54494999999997
-16.320600000000013,降负荷减购电区,0.0,-16.320600000000013
-38.36700000000008,降负荷减购电区,0.0,-38.36700000000008
-44.38395000000003,降负荷减购电区,0.0,-44.38395000000003
-51.286500000000046,降负荷减购电区,0.0,-51.286500000000046
-38.43900000000002,降负荷减购电区,0.0,-38.43900000000002
-31.554000000000087,降负荷减购电区,0.0,-31.554000000000087
-18.583200000000037,降负荷减购电区,0.0,-18.583200000000037
-31.85865000000001,降负荷减购电区,0.0,-31.85865000000001
-27.115200000000016,降负荷减购电区,0.0,-27.115200000000016
-10.16640000000001,降负荷减购电区,0.0,-10.16640000000001
-34.31880000000001,降负荷减购电区,0.0,-34.31880000000001
-46.28969999999998,降负荷减购电区,0.0,-46.28969999999998
-48.85875000000004,降负荷减购电区,0.0,-48.85875000000004
-33.93000000000001,降负荷减购电区,0.0,-33.93000000000001
-40.0095,降负荷减购电区,0.0,-40.0095
-75.97754999999998,降负荷减购电区,0.0,-75.97754999999998
-39.71474999999998,降负荷减购电区,0.0,-39.71474999999998
-20.95425,降负荷减购电区,0.0,-20.95425
-13.40100000000001,降负荷减购电区,0.0,-13.40100000000001
-28.606499999999983,降负荷减购电区,0.0,-28.606499999999983
-41.69474999999994,降负荷减购电区,0.0,-41.69474999999994
-53.40779999999995,降负荷减购电区,0.0,-53.40779999999995
-40.9194,降负荷减购电区,0.0,-40.9194
-28.30320000000006,降负荷减购电区,0.0,-28.30320000000006
-28.20285000000001,降负荷减购电区,0.0,-28.20285000000001
-9.622349999999985,降负荷减购电区,0.0,-9.622349999999985
-23.42475000000013,降负荷减购电区,0.0,-23.42475000000013
-40.49820000000005,降负荷减购电区,0.0,-40.49820000000005
-72.09899999999999,降负荷减购电区,0.0,-72.09899999999999
-73.57364999999999,降负荷减购电区,0.0,-73.57364999999999
-45.842850000000055,降负荷减购电区,0.0,-45.842850000000055
-37.62360000000001,降负荷减购电区,0.0,-37.62360000000001
-36.05444999999997,降负荷减购电区,0.0,-36.05444999999997
-17.712899999999934,降负荷减购电区,0.0,-17.712899999999934
-8.949599999999975,降负荷减购电区,0.0,-8.949599999999975
-9.452249999999992,降负荷减购电区,0.0,-9.452249999999992
-8.978400000000022,降负荷减购电区,0.0,-8.978400000000022
-8.873999999999967,降负荷减购电区,0.0,-8.873999999999967
-11.3211,降负荷减购电区,0.0,-11.3211
-11.98755,降负荷减购电区,0.0,-11.98755
-13.985099999999989,降负荷减购电区,0.0,-13.985099999999989
-17.62289999999996,降负荷减购电区,0.0,-17.62289999999996
-11.005200000000002,降负荷减购电区,0.0,-11.005200000000002
-10.23615000000001,降负荷减购电区,0.0,-10.23615000000001
-26.68950000000001,降负荷减购电区,0.0,-26.68950000000001
-24.749550000000056,降负荷减购电区,0.0,-24.749550000000056
-44.48520000000002,降负荷减购电区,0.0,-44.48520000000002
-41.56110000000001,降负荷减购电区,0.0,-41.56110000000001
-33.72119999999995,降负荷减购电区,0.0,-33.72119999999995
-28.78380000000004,降负荷减购电区,0.0,-28.78380000000004
-29.386799999999997,降负荷减购电区,0.0,-29.386799999999997
-34.68060000000003,降负荷减购电区,0.0,-34.68060000000003
-40.44780000000003,降负荷减购电区,0.0,-40.44780000000003
-19.24829999999997,降负荷减购电区,0.0,-19.24829999999997
-15.657300000000076,降负荷减购电区,0.0,-15.657300000000076
-38.68020000000001,降负荷减购电区,0.0,-38.68020000000001
-40.356,降负荷减购电区,0.0,-40.356
-13.118400000000008,降负荷减购电区,0.0,-13.118400000000008
-24.400799999999947,降负荷减购电区,0.0,-24.400799999999947
-46.30275000000006,降负荷减购电区,0.0,-46.30275000000006
-44.80740000000003,降负荷减购电区,0.0,-44.80740000000003
-58.49820000000005,降负荷减购电区,0.0,-58.49820000000005
-38.26709999999997,降负荷减购电区,0.0,-38.26709999999997
-42.60419999999999,降负荷减购电区,0.0,-42.60419999999999
-35.862300000000005,降负荷减购电区,0.0,-35.862300000000005
-57.69540000000001,降负荷减购电区,0.0,-57.69540000000001
-64.01340000000005,降负荷减购电区,0.0,-64.01340000000005
-75.04919999999998,降负荷减购电区,0.0,-75.04919999999998
-76.80960000000005,降负荷减购电区,0.0,-76.80960000000005
-69.88319999999999,降负荷减购电区,0.0,-69.88319999999999
-61.4871,降负荷减购电区,0.0,-61.4871
-47.701800000000105,降负荷减购电区,0.0,-47.701800000000105
-36.27630000000005,降负荷减购电区,0.0,-36.27630000000005
-20.770200000000045,降负荷减购电区,0.0,-20.770200000000045
-22.08555000000001,降负荷减购电区,0.0,-22.08555000000001
-37.9683,降负荷减购电区,0.0,-37.9683
-29.929050000000075,降负荷减购电区,0.0,-29.929050000000075
-27.22860000000003,降负荷减购电区,0.0,-27.22860000000003
-22.52340000000004,降负荷减购电区,0.0,-22.52340000000004
-21.133800000000065,降负荷减购电区,0.0,-21.133800000000065
-10.778399999999976,降负荷减购电区,0.0,-10.778399999999976
-15.045749999999998,降负荷减购电区,0.0,-15.045749999999998
-11.936249999999973,降负荷减购电区,0.0,-11.936249999999973
-10.905750000000012,降负荷减购电区,0.0,-10.905750000000012
-9.780750000000012,降负荷减购电区,0.0,-9.780750000000012
-10.156500000000053,降负荷减购电区,0.0,-10.156500000000053
-12.4452,降负荷减购电区,0.0,-12.4452
-12.26294999999999,降负荷减购电区,0.0,-12.26294999999999
-31.9896,降负荷减购电区,0.0,-31.9896
-35.45819999999998,降负荷减购电区,0.0,-35.45819999999998
-35.60579999999999,降负荷减购电区,0.0,-35.60579999999999
-33.1866,降负荷减购电区,0.0,-33.1866
-30.7593,降负荷减购电区,0.0,-30.7593
-43.27289999999999,降负荷减购电区,0.0,-43.27289999999999
-29.85660000000001,降负荷减购电区,0.0,-29.85660000000001
-22.43610000000001,降负荷减购电区,0.0,-22.43610000000001
-29.8107,降负荷减购电区,0.0,-29.8107
-28.6848,降负荷减购电区,0.0,-28.6848
-30.96135000000004,降负荷减购电区,0.0,-30.96135000000004
-26.587800000000016,降负荷减购电区,0.0,-26.587800000000016
-26.53875000000005,降负荷减购电区,0.0,-26.53875000000005
-27.32400000000007,降负荷减购电区,0.0,-27.32400000000007
-44.20215000000002,降负荷减购电区,0.0,-44.20215000000002
-42.51599999999996,降负荷减购电区,0.0,-42.51599999999996
-42.21449999999999,降负荷减购电区,0.0,-42.21449999999999
-24.98939999999999,降负荷减购电区,0.0,-24.98939999999999
102.85830000000004,弃电吸收区,-102.85830000000004,0.0
102.55454999999988,弃电吸收区,-102.55454999999988,0.0
109.50704999999994,弃电吸收区,-109.50704999999994,0.0
108.2061,弃电吸收区,-108.2061,0.0
114.26219999999996,弃电吸收区,-114.26219999999996,0.0
121.93289999999996,弃电吸收区,-121.93289999999996,0.0
-21.088799999999992,降负荷减购电区,0.0,-21.088799999999992
-22.742099999999997,降负荷减购电区,0.0,-22.742099999999997
-49.0419,降负荷减购电区,0.0,-49.0419
-40.78665000000001,降负荷减购电区,0.0,-40.78665000000001
-22.81140000000005,降负荷减购电区,0.0,-22.81140000000005
-42.67755,降负荷减购电区,0.0,-42.67755
-9.639900000000011,降负荷减购电区,0.0,-9.639900000000011
-6.587999999999965,降负荷减购电区,0.0,-6.587999999999965
-41.281200000000126,降负荷减购电区,0.0,-41.281200000000126
-50.58450000000005,降负荷减购电区,0.0,-50.58450000000005
-34.17390000000006,降负荷减购电区,0.0,-34.17390000000006
-19.28925000000004,降负荷减购电区,0.0,-19.28925000000004
-15.41700000000003,降负荷减购电区,0.0,-15.41700000000003
-14.373450000000048,降负荷减购电区,0.0,-14.373450000000048
-29.06280000000004,降负荷减购电区,0.0,-29.06280000000004
-39.40740000000005,降负荷减购电区,0.0,-39.40740000000005
-77.67449999999997,降负荷减购电区,0.0,-77.67449999999997
-65.78819999999996,降负荷减购电区,0.0,-65.78819999999996
-31.02930000000009,降负荷减购电区,0.0,-31.02930000000009
77.6321999999999,弃电吸收区,-77.6321999999999,0.0
109.55294999999995,弃电吸收区,-109.55294999999995,0.0
107.06939999999996,弃电吸收区,-107.06939999999996,0.0
108.24615,弃电吸收区,-108.24615,0.0
-21.88620000000003,降负荷减购电区,0.0,-21.88620000000003
-25.21575000000001,降负荷减购电区,0.0,-25.21575000000001
-35.14949999999999,降负荷减购电区,0.0,-35.14949999999999
-31.40370000000001,降负荷减购电区,0.0,-31.40370000000001
-23.27625000000006,降负荷减购电区,0.0,-23.27625000000006
-22.17014999999998,降负荷减购电区,0.0,-22.17014999999998
-25.837650000000053,降负荷减购电区,0.0,-25.837650000000053
-13.416750000000093,降负荷减购电区,0.0,-13.416750000000093
-9.392400000000066,降负荷减购电区,0.0,-9.392400000000066
-10.632600000000023,降负荷减购电区,0.0,-10.632600000000023
-56.02770000000004,降负荷减购电区,0.0,-56.02770000000004
-52.4430000000001,降负荷减购电区,0.0,-52.4430000000001
-34.72874999999999,降负荷减购电区,0.0,-34.72874999999999
-53.02710000000008,降负荷减购电区,0.0,-53.02710000000008
-50.14799999999997,降负荷减购电区,0.0,-50.14799999999997
-36.9144,降负荷减购电区,0.0,-36.9144
-46.44810000000007,降负荷减购电区,0.0,-46.44810000000007
-49.83839999999998,降负荷减购电区,0.0,-49.83839999999998
-25.53615000000002,降负荷减购电区,0.0,-25.53615000000002
-26.32140000000004,降负荷减购电区,0.0,-26.32140000000004
-25.05959999999999,降负荷减购电区,0.0,-25.05959999999999
-29.61899999999997,降负荷减购电区,0.0,-29.61899999999997
-21.27465000000001,降负荷减购电区,0.0,-21.27465000000001
-15.128100000000018,降负荷减购电区,0.0,-15.128100000000018
-14.153400000000032,降负荷减购电区,0.0,-14.153400000000032
-13.03019999999998,降负荷减购电区,0.0,-13.03019999999998
-19.115999999999985,降负荷减购电区,0.0,-19.115999999999985
-17.08469999999994,降负荷减购电区,0.0,-17.08469999999994
-8.896499999999946,降负荷减购电区,0.0,-8.896499999999946
-29.5037999999999,降负荷减购电区,0.0,-29.5037999999999
91.07999999999988,弃电吸收区,-91.07999999999988,0.0
28.197450000000003,弃电吸收区,-28.197450000000003,0.0
20.55014999999992,弃电吸收区,-20.55014999999992,0.0
22.55849999999998,弃电吸收区,-22.55849999999998,0.0
22.038299999999936,弃电吸收区,-22.038299999999936,0.0
-12.458700000000022,降负荷减购电区,0.0,-12.458700000000022
-25.986599999999957,降负荷减购电区,0.0,-25.986599999999957
-25.64279999999997,降负荷减购电区,0.0,-25.64279999999997
-43.67880000000008,降负荷减购电区,0.0,-43.67880000000008
-40.59450000000004,降负荷减购电区,0.0,-40.59450000000004
-35.928000000000054,降负荷减购电区,0.0,-35.928000000000054
-34.462800000000016,降负荷减购电区,0.0,-34.462800000000016
-58.80600000000004,降负荷减购电区,0.0,-58.80600000000004
-56.96504999999996,降负荷减购电区,0.0,-56.96504999999996
-45.64620000000002,降负荷减购电区,0.0,-45.64620000000002
-19.996199999999988,降负荷减购电区,0.0,-19.996199999999988
-17.451000000000022,降负荷减购电区,0.0,-17.451000000000022
-12.142350000000022,降负荷减购电区,0.0,-12.142350000000022
-22.636799999999997,降负荷减购电区,0.0,-22.636799999999997
-21.5505,降负荷减购电区,0.0,-21.5505
-22.83929999999998,降负荷减购电区,0.0,-22.83929999999998
-40.7115,降负荷减购电区,0.0,-40.7115
-22.783050000000003,降负荷减购电区,0.0,-22.783050000000003
-8.806499999999971,降负荷减购电区,0.0,-8.806499999999971
-6.831000000000017,降负荷减购电区,0.0,-6.831000000000017
-10.566450000000032,降负荷减购电区,0.0,-10.566450000000032
-30.99600000000009,降负荷减购电区,0.0,-30.99600000000009
-29.85929999999996,降负荷减购电区,0.0,-29.85929999999996
-32.54399999999998,降负荷减购电区,0.0,-32.54399999999998
-34.42770000000007,降负荷减购电区,0.0,-34.42770000000007
-44.02215000000001,降负荷减购电区,0.0,-44.02215000000001
-46.54800000000006,降负荷减购电区,0.0,-46.54800000000006
-36.66825000000006,降负荷减购电区,0.0,-36.66825000000006
-33.41520000000003,降负荷减购电区,0.0,-33.41520000000003
-53.24040000000008,降负荷减购电区,0.0,-53.24040000000008
-27.71459999999996,降负荷减购电区,0.0,-27.71459999999996
-72.22140000000002,降负荷减购电区,0.0,-72.22140000000002
-52.22340000000003,降负荷减购电区,0.0,-52.22340000000003
-54.406799999999976,降负荷减购电区,0.0,-54.406799999999976
-75.12434999999999,降负荷减购电区,0.0,-75.12434999999999
-72.82080000000002,降负荷减购电区,0.0,-72.82080000000002
-62.44379999999995,降负荷减购电区,0.0,-62.44379999999995
-14.002200000000016,降负荷减购电区,0.0,-14.002200000000016
-12.951000000000022,降负荷减购电区,0.0,-12.951000000000022
-17.47980000000001,降负荷减购电区,0.0,-17.47980000000001
-14.725799999999992,降负荷减购电区,0.0,-14.725799999999992
-50.71005000000002,降负荷减购电区,0.0,-50.71005000000002
-69.58439999999996,降负荷减购电区,0.0,-69.58439999999996
-78.62444999999997,降负荷减购电区,0.0,-78.62444999999997
-76.87620000000004,降负荷减购电区,0.0,-76.87620000000004
-52.17885000000007,降负荷减购电区,0.0,-52.17885000000007
-36.99540000000002,降负荷减购电区,0.0,-36.99540000000002
-44.56665000000004,降负荷减购电区,0.0,-44.56665000000004
-44.22555,降负荷减购电区,0.0,-44.22555
-38.42685000000006,降负荷减购电区,0.0,-38.42685000000006
-39.52440000000007,降负荷减购电区,0.0,-39.52440000000007
-38.56635,降负荷减购电区,0.0,-38.56635
-25.916850000000068,降负荷减购电区,0.0,-25.916850000000068
-23.159700000000043,降负荷减购电区,0.0,-23.159700000000043
-36.58905000000004,降负荷减购电区,0.0,-36.58905000000004
-49.58100000000002,降负荷减购电区,0.0,-49.58100000000002
-35.80335000000002,降负荷减购电区,0.0,-35.80335000000002
-24.03089999999997,降负荷减购电区,0.0,-24.03089999999997
-19.709100000000035,降负荷减购电区,0.0,-19.709100000000035
-12.650850000000048,降负荷减购电区,0.0,-12.650850000000048
-35.01134999999999,降负荷减购电区,0.0,-35.01134999999999
-71.14859999999999,降负荷减购电区,0.0,-71.14859999999999
-94.01534999999998,降负荷减购电区,0.0,-94.01534999999998
-98.5293,降负荷减购电区,0.0,-98.5293
-116.1972,降负荷减购电区,0.0,-116.1972
-70.14689999999996,降负荷减购电区,0.0,-70.14689999999996
-36.59535,降负荷减购电区,0.0,-36.59535
-27.15300000000002,降负荷减购电区,0.0,-27.15300000000002
-19.43190000000004,降负荷减购电区,0.0,-19.43190000000004
-11.8116,降负荷减购电区,0.0,-11.8116
21.838499999999957,弃电吸收区,-21.838499999999957,0.0
22.65884999999992,弃电吸收区,-22.65884999999992,0.0
22.54544999999996,弃电吸收区,-22.54544999999996,0.0
-7.115400000000022,降负荷减购电区,0.0,-7.115400000000022
-7.573500000000081,降负荷减购电区,0.0,-7.573500000000081
-38.05380000000002,降负荷减购电区,0.0,-38.05380000000002
-54.76275000000004,降负荷减购电区,0.0,-54.76275000000004
-47.22434999999996,降负荷减购电区,0.0,-47.22434999999996
-44.17560000000003,降负荷减购电区,0.0,-44.17560000000003
-44.18819999999994,降负荷减购电区,0.0,-44.18819999999994
-37.97279999999995,降负荷减购电区,0.0,-37.97279999999995
-29.345399999999927,降负荷减购电区,0.0,-29.345399999999927
-27.66735,降负荷减购电区,0.0,-27.66735
-45.2826,降负荷减购电区,0.0,-45.2826
-43.157700000000034,降负荷减购电区,0.0,-43.157700000000034
-43.8741,降负荷减购电区,0.0,-43.8741
-73.33739999999997,降负荷减购电区,0.0,-73.33739999999997
-70.488,降负荷减购电区,0.0,-70.488
-82.39410000000004,降负荷减购电区,0.0,-82.39410000000004
-36.68130000000002,降负荷减购电区,0.0,-36.68130000000002
-30.639599999999973,降负荷减购电区,0.0,-30.639599999999973
89.11080000000004,弃电吸收区,-89.11080000000004,0.0
44.255250000000046,弃电吸收区,-44.255250000000046,0.0
22.0077,弃电吸收区,-22.0077,0.0
-12.563999999999965,降负荷减购电区,0.0,-12.563999999999965
-28.813949999999977,降负荷减购电区,0.0,-28.813949999999977
-50.29199999999997,降负荷减购电区,0.0,-50.29199999999997
-39.65850000000012,降负荷减购电区,0.0,-39.65850000000012
22.67279999999994,弃电吸收区,-22.67279999999994,0.0
21.87630000000001,弃电吸收区,-21.87630000000001,0.0
22.534649999999942,弃电吸收区,-22.534649999999942,0.0
-22.25610000000006,降负荷减购电区,0.0,-22.25610000000006
-6.192900000000009,降负荷减购电区,0.0,-6.192900000000009
-20.210399999999996,降负荷减购电区,0.0,-20.210399999999996
-19.20419999999996,降负荷减购电区,0.0,-19.20419999999996
-29.53215000000006,降负荷减购电区,0.0,-29.53215000000006
-12.670200000000024,降负荷减购电区,0.0,-12.670200000000024
-12.120300000000045,降负荷减购电区,0.0,-12.120300000000045
-9.855000000000018,降负荷减购电区,0.0,-9.855000000000018
-7.753500000000031,降负荷减购电区,0.0,-7.753500000000031
-32.64839999999998,降负荷减购电区,0.0,-32.64839999999998
-38.671200000000056,降负荷减购电区,0.0,-38.671200000000056
-57.98250000000007,降负荷减购电区,0.0,-57.98250000000007
-58.17959999999999,降负荷减购电区,0.0,-58.17959999999999
-69.1155,降负荷减购电区,0.0,-69.1155
-36.24345,降负荷减购电区,0.0,-36.24345
-17.610299999999995,降负荷减购电区,0.0,-17.610299999999995
-15.811199999999983,降负荷减购电区,0.0,-15.811199999999983
-19.666799999999967,降负荷减购电区,0.0,-19.666799999999967
-21.622499999999945,降负荷减购电区,0.0,-21.622499999999945
-16.947000000000003,降负荷减购电区,0.0,-16.947000000000003
-19.448549999999955,降负荷减购电区,0.0,-19.448549999999955
-12.90420000000006,降负荷减购电区,0.0,-12.90420000000006
-14.668199999999956,降负荷减购电区,0.0,-14.668199999999956
-14.498550000000025,降负荷减购电区,0.0,-14.498550000000025
-17.35200000000009,降负荷减购电区,0.0,-17.35200000000009
-19.9701,降负荷减购电区,0.0,-19.9701
-18.87975,降负荷减购电区,0.0,-18.87975
-45.88784999999996,降负荷减购电区,0.0,-45.88784999999996
-46.55475000000001,降负荷减购电区,0.0,-46.55475000000001
-43.047450000000026,降负荷减购电区,0.0,-43.047450000000026
-46.35990000000004,降负荷减购电区,0.0,-46.35990000000004
-15.641099999999994,降负荷减购电区,0.0,-15.641099999999994
-11.093399999999974,降负荷减购电区,0.0,-11.093399999999974
-12.616200000000047,降负荷减购电区,0.0,-12.616200000000047
-11.14874999999995,降负荷减购电区,0.0,-11.14874999999995
-13.84785000000005,降负荷减购电区,0.0,-13.84785000000005
-12.27600000000001,降负荷减购电区,0.0,-12.27600000000001
-12.798899999999946,降负荷减购电区,0.0,-12.798899999999946
-29.897999999999968,降负荷减购电区,0.0,-29.897999999999968
-21.553200000000004,降负荷减购电区,0.0,-21.553200000000004
-14.590800000000058,降负荷减购电区,0.0,-14.590800000000058
-24.57899999999995,降负荷减购电区,0.0,-24.57899999999995
-26.62199999999996,降负荷减购电区,0.0,-26.62199999999996
-24.80759999999998,降负荷减购电区,0.0,-24.80759999999998
-19.21905000000004,降负荷减购电区,0.0,-19.21905000000004
-19.798200000000065,降负荷减购电区,0.0,-19.798200000000065
-47.687400000000025,降负荷减购电区,0.0,-47.687400000000025
-10.73025000000007,降负荷减购电区,0.0,-10.73025000000007
-15.518699999999969,降负荷减购电区,0.0,-15.518699999999969
-40.36499999999995,降负荷减购电区,0.0,-40.36499999999995
-48.09059999999994,降负荷减购电区,0.0,-48.09059999999994
-43.90560000000005,降负荷减购电区,0.0,-43.90560000000005
-48.35070000000002,降负荷减购电区,0.0,-48.35070000000002
-51.47819999999996,降负荷减购电区,0.0,-51.47819999999996
-33.078599999999994,降负荷减购电区,0.0,-33.078599999999994
-16.528500000000008,降负荷减购电区,0.0,-16.528500000000008
-19.46700000000004,降负荷减购电区,0.0,-19.46700000000004
-24.629399999999976,降负荷减购电区,0.0,-24.629399999999976
-18.202049999999986,降负荷减购电区,0.0,-18.202049999999986
-32.859899999999925,降负荷减购电区,0.0,-32.859899999999925
-34.05959999999999,降负荷减购电区,0.0,-34.05959999999999
-35.44380000000001,降负荷减购电区,0.0,-35.44380000000001
-35.89515000000006,降负荷减购电区,0.0,-35.89515000000006
-61.81110000000001,降负荷减购电区,0.0,-61.81110000000001
-87.18885000000006,降负荷减购电区,0.0,-87.18885000000006
-71.50320000000005,降负荷减购电区,0.0,-71.50320000000005
-95.7357,降负荷减购电区,0.0,-95.7357
-88.97985000000006,降负荷减购电区,0.0,-88.97985000000006
-62.47800000000001,降负荷减购电区,0.0,-62.47800000000001
-56.13885000000005,降负荷减购电区,0.0,-56.13885000000005
-43.31520000000006,降负荷减购电区,0.0,-43.31520000000006
-31.536000000000055,降负荷减购电区,0.0,-31.536000000000055
-34.38945000000001,降负荷减购电区,0.0,-34.38945000000001
-34.603200000000015,降负荷减购电区,0.0,-34.603200000000015
-35.9289,降负荷减购电区,0.0,-35.9289
-53.21700000000004,降负荷减购电区,0.0,-53.21700000000004
-33.70230000000004,降负荷减购电区,0.0,-33.70230000000004
-10.701899999999966,降负荷减购电区,0.0,-10.701899999999966
-14.761799999999994,降负荷减购电区,0.0,-14.761799999999994
-28.107,降负荷减购电区,0.0,-28.107
-31.233599999999967,降负荷减购电区,0.0,-31.233599999999967
-32.66999999999996,降负荷减购电区,0.0,-32.66999999999996
-31.215599999999995,降负荷减购电区,0.0,-31.215599999999995
-13.896000000000017,降负荷减购电区,0.0,-13.896000000000017
-10.916100000000029,降负荷减购电区,0.0,-10.916100000000029
-13.280399999999986,降负荷减购电区,0.0,-13.280399999999986
-15.736500000000037,降负荷减购电区,0.0,-15.736500000000037
-14.314050000000066,降负荷减购电区,0.0,-14.314050000000066
-11.99879999999996,降负荷减购电区,0.0,-11.99879999999996
-41.3811,降负荷减购电区,0.0,-41.3811
-28.773000000000025,降负荷减购电区,0.0,-28.773000000000025
-13.93830000000014,降负荷减购电区,0.0,-13.93830000000014
-14.640750000000024,降负荷减购电区,0.0,-14.640750000000024
-13.354199999999992,降负荷减购电区,0.0,-13.354199999999992
-14.787000000000036,降负荷减购电区,0.0,-14.787000000000036
-16.74585000000002,降负荷减购电区,0.0,-16.74585000000002
-24.081299999999946,降负荷减购电区,0.0,-24.081299999999946
-21.701700000000017,降负荷减购电区,0.0,-21.701700000000017
-19.918799999999976,降负荷减购电区,0.0,-19.918799999999976
-41.61960000000005,降负荷减购电区,0.0,-41.61960000000005
-39.2057999999999,降负荷减购电区,0.0,-39.2057999999999
-38.13075000000004,降负荷减购电区,0.0,-38.13075000000004
-38.18520000000001,降负荷减购电区,0.0,-38.18520000000001
-31.473000000000013,降负荷减购电区,0.0,-31.473000000000013
-30.827699999999997,降负荷减购电区,0.0,-30.827699999999997
-32.288400000000024,降负荷减购电区,0.0,-32.288400000000024
-34.72200000000004,降负荷减购电区,0.0,-34.72200000000004
-35.19900000000001,降负荷减购电区,0.0,-35.19900000000001
-37.773000000000025,降负荷减购电区,0.0,-37.773000000000025
-35.96760000000006,降负荷减购电区,0.0,-35.96760000000006
-16.99739999999997,降负荷减购电区,0.0,-16.99739999999997
-14.60160000000002,降负荷减购电区,0.0,-14.60160000000002
-31.70429999999999,降负荷减购电区,0.0,-31.70429999999999
-32.274000000000115,降负荷减购电区,0.0,-32.274000000000115
-39.02265,降负荷减购电区,0.0,-39.02265
-37.14929999999998,降负荷减购电区,0.0,-37.14929999999998
-30.67560000000003,降负荷减购电区,0.0,-30.67560000000003
-9.451800000000048,降负荷减购电区,0.0,-9.451800000000048
-28.38510000000008,降负荷减购电区,0.0,-28.38510000000008
-27.909000000000106,降负荷减购电区,0.0,-27.909000000000106
-21.80835000000002,降负荷减购电区,0.0,-21.80835000000002
-9.99900000000008,降负荷减购电区,0.0,-9.99900000000008
-4.42799999999994,降负荷减购电区,0.0,-4.42799999999994
-10.142999999999972,降负荷减购电区,0.0,-10.142999999999972
-21.54060000000004,降负荷减购电区,0.0,-21.54060000000004
-17.324999999999932,降负荷减购电区,0.0,-17.324999999999932
-17.989199999999983,降负荷减购电区,0.0,-17.989199999999983
-21.61845,降负荷减购电区,0.0,-21.61845
-42.718500000000006,降负荷减购电区,0.0,-42.718500000000006
-40.8699,降负荷减购电区,0.0,-40.8699
-29.586599999999976,降负荷减购电区,0.0,-29.586599999999976
-13.111199999999997,降负荷减购电区,0.0,-13.111199999999997
-17.546400000000062,降负荷减购电区,0.0,-17.546400000000062
-17.53649999999999,降负荷减购电区,0.0,-17.53649999999999
-17.29079999999999,降负荷减购电区,0.0,-17.29079999999999
-14.702400000000011,降负荷减购电区,0.0,-14.702400000000011
-17.327249999999935,降负荷减购电区,0.0,-17.327249999999935
-18.34019999999998,降负荷减购电区,0.0,-18.34019999999998
-33.033600000000035,降负荷减购电区,0.0,-33.033600000000035
-27.20429999999999,降负荷减购电区,0.0,-27.20429999999999
-25.916400000000067,降负荷减购电区,0.0,-25.916400000000067
-53.83755000000002,降负荷减购电区,0.0,-53.83755000000002
-69.57540000000006,降负荷减购电区,0.0,-69.57540000000006
-46.827,降负荷减购电区,0.0,-46.827
-45.44324999999992,降负荷减购电区,0.0,-45.44324999999992
-48.49425000000002,降负荷减购电区,0.0,-48.49425000000002
-35.50139999999993,降负荷减购电区,0.0,-35.50139999999993
-37.50659999999999,降负荷减购电区,0.0,-37.50659999999999
-32.49000000000001,降负荷减购电区,0.0,-32.49000000000001
-12.94199999999995,降负荷减购电区,0.0,-12.94199999999995
-44.48340000000002,降负荷减购电区,0.0,-44.48340000000002
-48.14280000000002,降负荷减购电区,0.0,-48.14280000000002
-47.62305000000004,降负荷减购电区,0.0,-47.62305000000004
-29.991600000000066,降负荷减购电区,0.0,-29.991600000000066
-24.31215000000003,降负荷减购电区,0.0,-24.31215000000003
-25.363800000000023,降负荷减购电区,0.0,-25.363800000000023
-17.74799999999999,降负荷减购电区,0.0,-17.74799999999999
-12.547799999999995,降负荷减购电区,0.0,-12.547799999999995
56.32469999999995,弃电吸收区,-56.32469999999995,0.0
22.490099999999984,弃电吸收区,-22.490099999999984,0.0
22.49279999999999,弃电吸收区,-22.49279999999999,0.0
22.230899999999902,弃电吸收区,-22.230899999999902,0.0
22.54139999999984,弃电吸收区,-22.54139999999984,0.0
17.35199999999986,弃电吸收区,-17.35199999999986,0.0
-41.67809999999997,降负荷减购电区,0.0,-41.67809999999997
-55.79325000000006,降负荷减购电区,0.0,-55.79325000000006
-51.02280000000002,降负荷减购电区,0.0,-51.02280000000002
-46.575000000000045,降负荷减购电区,0.0,-46.575000000000045
-44.35740000000004,降负荷减购电区,0.0,-44.35740000000004
-30.11309999999997,降负荷减购电区,0.0,-30.11309999999997
-21.21840000000003,降负荷减购电区,0.0,-21.21840000000003
-17.627400000000023,降负荷减购电区,0.0,-17.627400000000023
-21.216600000000028,降负荷减购电区,0.0,-21.216600000000028
-13.597199999999988,降负荷减购电区,0.0,-13.597199999999988
-10.8981,降负荷减购电区,0.0,-10.8981
-23.10119999999995,降负荷减购电区,0.0,-23.10119999999995
-21.83850000000001,降负荷减购电区,0.0,-21.83850000000001
-33.56639999999999,降负荷减购电区,0.0,-33.56639999999999
-42.71940000000001,降负荷减购电区,0.0,-42.71940000000001
-46.372499999999945,降负荷减购电区,0.0,-46.372499999999945
-30.57344999999998,降负荷减购电区,0.0,-30.57344999999998
-22.314599999999984,降负荷减购电区,0.0,-22.314599999999984
92.75580000000002,弃电吸收区,-92.75580000000002,0.0
49.471649999999954,弃电吸收区,-49.471649999999954,0.0
27.72179999999992,弃电吸收区,-27.72179999999992,0.0
22.452749999999924,弃电吸收区,-22.452749999999924,0.0
22.29570000000001,弃电吸收区,-22.29570000000001,0.0
17.928449999999884,弃电吸收区,-17.928449999999884,0.0
-22.912649999999985,降负荷减购电区,0.0,-22.912649999999985
-55.23525000000001,降负荷减购电区,0.0,-55.23525000000001
-49.25699999999995,降负荷减购电区,0.0,-49.25699999999995
-46.74060000000003,降负荷减购电区,0.0,-46.74060000000003
-48.64410000000004,降负荷减购电区,0.0,-48.64410000000004
-45.13229999999999,降负荷减购电区,0.0,-45.13229999999999
-33.125850000000014,降负荷减购电区,0.0,-33.125850000000014
-33.53309999999999,降负荷减购电区,0.0,-33.53309999999999
-15.532200000000046,降负荷减购电区,0.0,-15.532200000000046
-19.668600000000023,降负荷减购电区,0.0,-19.668600000000023
-13.293900000000008,降负荷减购电区,0.0,-13.293900000000008
-25.672500000000014,降负荷减购电区,0.0,-25.672500000000014
-24.2559,降负荷减购电区,0.0,-24.2559
-11.406600000000026,降负荷减购电区,0.0,-11.406600000000026
88.42769999999996,弃电吸收区,-88.42769999999996,0.0
83.04794999999996,弃电吸收区,-83.04794999999996,0.0
63.436049999999966,弃电吸收区,-63.436049999999966,0.0
75.88709999999992,弃电吸收区,-75.88709999999992,0.0
84.3363,弃电吸收区,-84.3363,0.0
45.67589999999996,弃电吸收区,-45.67589999999996,0.0
-46.70640000000003,降负荷减购电区,0.0,-46.70640000000003
-32.36130000000003,降负荷减购电区,0.0,-32.36130000000003
-20.41199999999992,降负荷减购电区,0.0,-20.41199999999992
-13.003199999999993,降负荷减购电区,0.0,-13.003199999999993
-8.791200000000003,降负荷减购电区,0.0,-8.791200000000003
-18.71505000000002,降负荷减购电区,0.0,-18.71505000000002
-36.35820000000007,降负荷减购电区,0.0,-36.35820000000007
-18.488700000000108,降负荷减购电区,0.0,-18.488700000000108
-20.16179999999997,降负荷减购电区,0.0,-20.16179999999997
-17.196300000000008,降负荷减购电区,0.0,-17.196300000000008
-24.841800000000035,降负荷减购电区,0.0,-24.841800000000035
-23.615099999999984,降负荷减购电区,0.0,-23.615099999999984
-20.709449999999947,降负荷减购电区,0.0,-20.709449999999947
-31.3578,降负荷减购电区,0.0,-31.3578
-48.038850000000025,降负荷减购电区,0.0,-48.038850000000025
-47.10059999999999,降负荷减购电区,0.0,-47.10059999999999
-70.18020000000001,降负荷减购电区,0.0,-70.18020000000001
-84.10140000000001,降负荷减购电区,0.0,-84.10140000000001
-55.8945,降负荷减购电区,0.0,-55.8945
-41.309999999999945,降负荷减购电区,0.0,-41.309999999999945
-56.64419999999996,降负荷减购电区,0.0,-56.64419999999996
-59.44500000000005,降负荷减购电区,0.0,-59.44500000000005
-55.81080000000003,降负荷减购电区,0.0,-55.81080000000003
-47.25630000000007,降负荷减购电区,0.0,-47.25630000000007
-55.83510000000001,降负荷减购电区,0.0,-55.83510000000001
-54.46710000000007,降负荷减购电区,0.0,-54.46710000000007
-55.92464999999999,降负荷减购电区,0.0,-55.92464999999999
-48.42900000000003,降负荷减购电区,0.0,-48.42900000000003
-29.007900000000063,降负荷减购电区,0.0,-29.007900000000063
-19.72530000000006,降负荷减购电区,0.0,-19.72530000000006
-38.515499999999975,降负荷减购电区,0.0,-38.515499999999975
-33.69420000000002,降负荷减购电区,0.0,-33.69420000000002
-31.83974999999998,降负荷减购电区,0.0,-31.83974999999998
-34.33500000000004,降负荷减购电区,0.0,-34.33500000000004
-64.05749999999995,降负荷减购电区,0.0,-64.05749999999995
-46.62494999999996,降负荷减购电区,0.0,-46.62494999999996
-84.76245,降负荷减购电区,0.0,-84.76245
-63.396450000000016,降负荷减购电区,0.0,-63.396450000000016
-28.66095000000001,降负荷减购电区,0.0,-28.66095000000001
-29.075399999999945,降负荷减购电区,0.0,-29.075399999999945
-19.753199999999996,降负荷减购电区,0.0,-19.753199999999996
-19.519650000000013,降负荷减购电区,0.0,-19.519650000000013
-21.708000000000027,降负荷减购电区,0.0,-21.708000000000027
-22.21380000000005,降负荷减购电区,0.0,-22.21380000000005
-18.07155,降负荷减购电区,0.0,-18.07155
-11.517750000000037,降负荷减购电区,0.0,-11.517750000000037
-29.035799999999995,降负荷减购电区,0.0,-29.035799999999995
-46.19655,降负荷减购电区,0.0,-46.19655
-70.79040000000003,降负荷减购电区,0.0,-70.79040000000003
-62.24040000000002,降负荷减购电区,0.0,-62.24040000000002
-46.41840000000008,降负荷减购电区,0.0,-46.41840000000008
-32.23440000000005,降负荷减购电区,0.0,-32.23440000000005
-31.53869999999995,降负荷减购电区,0.0,-31.53869999999995
-28.42380000000003,降负荷减购电区,0.0,-28.42380000000003
-37.99080000000004,降负荷减购电区,0.0,-37.99080000000004
-24.79680000000008,降负荷减购电区,0.0,-24.79680000000008
-11.83499999999998,降负荷减购电区,0.0,-11.83499999999998
-34.718399999999974,降负荷减购电区,0.0,-34.718399999999974
-38.08260000000001,降负荷减购电区,0.0,-38.08260000000001
-36.009000000000015,降负荷减购电区,0.0,-36.009000000000015
-39.66075000000001,降负荷减购电区,0.0,-39.66075000000001
-38.45159999999999,降负荷减购电区,0.0,-38.45159999999999
-53.92259999999993,降负荷减购电区,0.0,-53.92259999999993
-38.78864999999996,降负荷减购电区,0.0,-38.78864999999996
-24.868349999999964,降负荷减购电区,0.0,-24.868349999999964
-14.408999999999992,降负荷减购电区,0.0,-14.408999999999992
-9.38745,降负荷减购电区,0.0,-9.38745
-7.635600000000011,降负荷减购电区,0.0,-7.635600000000011
-15.881399999999983,降负荷减购电区,0.0,-15.881399999999983
-14.908500000000004,降负荷减购电区,0.0,-14.908500000000004
-12.726,降负荷减购电区,0.0,-12.726
-31.14765,降负荷减购电区,0.0,-31.14765
-21.471749999999982,降负荷减购电区,0.0,-21.471749999999982
-14.710050000000024,降负荷减购电区,0.0,-14.710050000000024
-12.603600000000029,降负荷减购电区,0.0,-12.603600000000029
-13.474800000000071,降负荷减购电区,0.0,-13.474800000000071
-12.283649999999966,降负荷减购电区,0.0,-12.283649999999966
-12.82140000000004,降负荷减购电区,0.0,-12.82140000000004
-11.290500000000064,降负荷减购电区,0.0,-11.290500000000064
-15.72885000000008,降负荷减购电区,0.0,-15.72885000000008
-13.957199999999943,降负荷减购电区,0.0,-13.957199999999943
-14.392349999999963,降负荷减购电区,0.0,-14.392349999999963
-19.255049999999983,降负荷减购电区,0.0,-19.255049999999983
-35.35559999999998,降负荷减购电区,0.0,-35.35559999999998
-25.75890000000004,降负荷减购电区,0.0,-25.75890000000004
-9.60435000000001,降负荷减购电区,0.0,-9.60435000000001
-13.561199999999983,降负荷减购电区,0.0,-13.561199999999983
-11.280150000000049,降负荷减购电区,0.0,-11.280150000000049
-11.388600000000054,降负荷减购电区,0.0,-11.388600000000054
-24.16994999999997,降负荷减购电区,0.0,-24.16994999999997
-18.51479999999998,降负荷减购电区,0.0,-18.51479999999998
-11.862000000000023,降负荷减购电区,0.0,-11.862000000000023
-8.304750000000013,降负荷减购电区,0.0,-8.304750000000013
108.11520000000002,弃电吸收区,-108.11520000000002,0.0
66.59640000000002,弃电吸收区,-66.59640000000002,0.0
59.20019999999994,弃电吸收区,-59.20019999999994,0.0
22.342499999999973,弃电吸收区,-22.342499999999973,0.0
18.69074999999998,弃电吸收区,-18.69074999999998,0.0
22.284449999999996,弃电吸收区,-22.284449999999996,0.0
-8.91089999999997,降负荷减购电区,0.0,-8.91089999999997
-13.726800000000026,降负荷减购电区,0.0,-13.726800000000026
-14.12099999999998,降负荷减购电区,0.0,-14.12099999999998
-25.822350000000142,降负荷减购电区,0.0,-25.822350000000142
-30.70259999999996,降负荷减购电区,0.0,-30.70259999999996
-24.38280000000003,降负荷减购电区,0.0,-24.38280000000003
-19.331999999999997,降负荷减购电区,0.0,-19.331999999999997
-45.759600000000034,降负荷减购电区,0.0,-45.759600000000034
-44.71379999999999,降负荷减购电区,0.0,-44.71379999999999
-39.88439999999997,降负荷减购电区,0.0,-39.88439999999997
-74.22479999999996,降负荷减购电区,0.0,-74.22479999999996
-40.79699999999997,降负荷减购电区,0.0,-40.79699999999997
-41.606100000000026,降负荷减购电区,0.0,-41.606100000000026
-61.76159999999996,降负荷减购电区,0.0,-61.76159999999996
-57.01184999999998,降负荷减购电区,0.0,-57.01184999999998
-63.78120000000007,降负荷减购电区,0.0,-63.78120000000007
-62.17559999999997,降负荷减购电区,0.0,-62.17559999999997
-62.94239999999997,降负荷减购电区,0.0,-62.94239999999997
-65.73420000000004,降负荷减购电区,0.0,-65.73420000000004
-85.57740000000001,降负荷减购电区,0.0,-85.57740000000001
-82.07459999999998,降负荷减购电区,0.0,-82.07459999999998
-83.66085000000004,降负荷减购电区,0.0,-83.66085000000004
-105.06825000000003,降负荷减购电区,0.0,-105.06825000000003
-91.7901,降负荷减购电区,0.0,-91.7901
-89.96175000000005,降负荷减购电区,0.0,-89.96175000000005
-78.24960000000004,降负荷减购电区,0.0,-78.24960000000004
-106.89659999999998,降负荷减购电区,0.0,-106.89659999999998
-88.47000000000003,降负荷减购电区,0.0,-88.47000000000003
-89.38800000000003,降负荷减购电区,0.0,-89.38800000000003
-76.221,降负荷减购电区,0.0,-76.221
-75.77639999999991,降负荷减购电区,0.0,-75.77639999999991
-44.91360000000003,降负荷减购电区,0.0,-44.91360000000003
-22.854600000000005,降负荷减购电区,0.0,-22.854600000000005
-43.39394999999996,降负荷减购电区,0.0,-43.39394999999996
-54.358199999999954,降负荷减购电区,0.0,-54.358199999999954
-38.66760000000005,降负荷减购电区,0.0,-38.66760000000005
-36.20339999999999,降负荷减购电区,0.0,-36.20339999999999
-22.46535,降负荷减购电区,0.0,-22.46535
-21.581549999999996,降负荷减购电区,0.0,-21.581549999999996
-34.00200000000001,降负荷减购电区,0.0,-34.00200000000001
-19.08404999999999,降负荷减购电区,0.0,-19.08404999999999
-13.531499999999935,降负荷减购电区,0.0,-13.531499999999935
-14.473799999999985,降负荷减购电区,0.0,-14.473799999999985
-21.83039999999994,降负荷减购电区,0.0,-21.83039999999994
-21.74939999999998,降负荷减购电区,0.0,-21.74939999999998
-12.054599999999937,降负荷减购电区,0.0,-12.054599999999937
-12.928499999999984,降负荷减购电区,0.0,-12.928499999999984
-11.79135000000008,降负荷减购电区,0.0,-11.79135000000008
-12.75750000000005,降负荷减购电区,0.0,-12.75750000000005
-9.592649999999937,降负荷减购电区,0.0,-9.592649999999937
-9.58140000000003,降负荷减购电区,0.0,-9.58140000000003
-8.562599999999975,降负荷减购电区,0.0,-8.562599999999975
-9.601199999999949,降负荷减购电区,0.0,-9.601199999999949
-13.391100000000051,降负荷减购电区,0.0,-13.391100000000051
-36.06705000000005,降负荷减购电区,0.0,-36.06705000000005
-22.60979999999995,降负荷减购电区,0.0,-22.60979999999995
-18.002250000000004,降负荷减购电区,0.0,-18.002250000000004
-19.663200000000018,降负荷减购电区,0.0,-19.663200000000018
-14.211900000000014,降负荷减购电区,0.0,-14.211900000000014
-16.367400000000032,降负荷减购电区,0.0,-16.367400000000032
-13.634999999999993,降负荷减购电区,0.0,-13.634999999999993
-10.108799999999974,降负荷减购电区,0.0,-10.108799999999974
-10.935000000000002,降负荷减购电区,0.0,-10.935000000000002
-11.63069999999999,降负荷减购电区,0.0,-11.63069999999999
-8.16840000000002,降负荷减购电区,0.0,-8.16840000000002
-8.294399999999996,降负荷减购电区,0.0,-8.294399999999996
-26.53380000000004,降负荷减购电区,0.0,-26.53380000000004
-20.18160000000006,降负荷减购电区,0.0,-20.18160000000006
-19.224000000000046,降负荷减购电区,0.0,-19.224000000000046
-29.37509999999997,降负荷减购电区,0.0,-29.37509999999997
-23.340599999999995,降负荷减购电区,0.0,-23.340599999999995
-24.075000000000045,降负荷减购电区,0.0,-24.075000000000045
-20.02049999999997,降负荷减购电区,0.0,-20.02049999999997
-11.979000000000042,降负荷减购电区,0.0,-11.979000000000042
-25.50779999999997,降负荷减购电区,0.0,-25.50779999999997
-26.51400000000001,降负荷减购电区,0.0,-26.51400000000001
-26.67960000000005,降负荷减购电区,0.0,-26.67960000000005
-35.265600000000006,降负荷减购电区,0.0,-35.265600000000006
-25.74360000000001,降负荷减购电区,0.0,-25.74360000000001
61.5492000000001,弃电吸收区,-61.5492000000001,0.0
114.02640000000002,弃电吸收区,-114.02640000000002,0.0
113.60880000000007,弃电吸收区,-113.60880000000007,0.0
106.9128,弃电吸收区,-106.9128,0.0
-9.036,降负荷减购电区,0.0,-9.036
-14.820749999999975,降负荷减购电区,0.0,-14.820749999999975
-21.54960000000005,降负荷减购电区,0.0,-21.54960000000005
-19.82925,降负荷减购电区,0.0,-19.82925
-18.214200000000005,降负荷减购电区,0.0,-18.214200000000005
-39.93840000000006,降负荷减购电区,0.0,-39.93840000000006
-35.01900000000006,降负荷减购电区,0.0,-35.01900000000006
-46.079999999999984,降负荷减购电区,0.0,-46.079999999999984
-44.15310000000005,降负荷减购电区,0.0,-44.15310000000005
-40.16250000000002,降负荷减购电区,0.0,-40.16250000000002
-24.436800000000066,降负荷减购电区,0.0,-24.436800000000066
-39.33000000000004,降负荷减购电区,0.0,-39.33000000000004
-45.01080000000002,降负荷减购电区,0.0,-45.01080000000002
-40.397400000000005,降负荷减购电区,0.0,-40.397400000000005
-33.934950000000015,降负荷减购电区,0.0,-33.934950000000015
-18.276749999999996,降负荷减购电区,0.0,-18.276749999999996
-21.00734999999997,降负荷减购电区,0.0,-21.00734999999997
-25.960950000000025,降负荷减购电区,0.0,-25.960950000000025
-52.983,降负荷减购电区,0.0,-52.983
-63.8766,降负荷减购电区,0.0,-63.8766
-61.53299999999996,降负荷减购电区,0.0,-61.53299999999996
-29.692799999999977,降负荷减购电区,0.0,-29.692799999999977
-27.6336,降负荷减购电区,0.0,-27.6336
-42.01559999999995,降负荷减购电区,0.0,-42.01559999999995
-29.794050000000027,降负荷减购电区,0.0,-29.794050000000027
-28.539000000000044,降负荷减购电区,0.0,-28.539000000000044
-33.52724999999998,降负荷减购电区,0.0,-33.52724999999998
-41.57099999999991,降负荷减购电区,0.0,-41.57099999999991
-23.12054999999998,降负荷减购电区,0.0,-23.12054999999998
-16.468199999999968,降负荷减购电区,0.0,-16.468199999999968
-18.61559999999997,降负荷减购电区,0.0,-18.61559999999997
-15.60329999999999,降负荷减购电区,0.0,-15.60329999999999
-14.850000000000025,降负荷减购电区,0.0,-14.850000000000025
-24.099300000000085,降负荷减购电区,0.0,-24.099300000000085
-19.985400000000027,降负荷减购电区,0.0,-19.985400000000027
-8.732250000000022,降负荷减购电区,0.0,-8.732250000000022
-34.9812,降负荷减购电区,0.0,-34.9812
-36.04140000000007,降负荷减购电区,0.0,-36.04140000000007
-25.051950000000037,降负荷减购电区,0.0,-25.051950000000037
-44.42715000000004,降负荷减购电区,0.0,-44.42715000000004
-43.9785,降负荷减购电区,0.0,-43.9785
-39.3372,降负荷减购电区,0.0,-39.3372
-42.391800000000046,降负荷减购电区,0.0,-42.391800000000046
-36.27090000000004,降负荷减购电区,0.0,-36.27090000000004
-26.27460000000002,降负荷减购电区,0.0,-26.27460000000002
-25.88445000000001,降负荷减购电区,0.0,-25.88445000000001
-19.192499999999995,降负荷减购电区,0.0,-19.192499999999995
-40.6413,降负荷减购电区,0.0,-40.6413
-44.11800000000005,降负荷减购电区,0.0,-44.11800000000005
-51.84810000000002,降负荷减购电区,0.0,-51.84810000000002
-49.79744999999997,降负荷减购电区,0.0,-49.79744999999997
-45.80280000000002,降负荷减购电区,0.0,-45.80280000000002
-18.368550000000027,降负荷减购电区,0.0,-18.368550000000027
-53.31150000000002,降负荷减购电区,0.0,-53.31150000000002
-47.50829999999996,降负荷减购电区,0.0,-47.50829999999996
-40.76999999999998,降负荷减购电区,0.0,-40.76999999999998
-50.176800000000014,降负荷减购电区,0.0,-50.176800000000014
-24.13979999999998,降负荷减购电区,0.0,-24.13979999999998
-25.89300000000003,降负荷减购电区,0.0,-25.89300000000003
-20.003850000000057,降负荷减购电区,0.0,-20.003850000000057
-38.214,降负荷减购电区,0.0,-38.214
-42.24060000000003,降负荷减购电区,0.0,-42.24060000000003
-44.969400000000064,降负荷减购电区,0.0,-44.969400000000064
-46.94760000000002,降负荷减购电区,0.0,-46.94760000000002
-42.032700000000034,降负荷减购电区,0.0,-42.032700000000034
-24.284250000000043,降负荷减购电区,0.0,-24.284250000000043
-12.605400000000031,降负荷减购电区,0.0,-12.605400000000031
-9.405449999999972,降负荷减购电区,0.0,-9.405449999999972
-23.711400000000022,降负荷减购电区,0.0,-23.711400000000022
-23.81220000000002,降负荷减购电区,0.0,-23.81220000000002
-27.357299999999952,降负荷减购电区,0.0,-27.357299999999952
-49.01940000000002,降负荷减购电区,0.0,-49.01940000000002
-45.46260000000001,降负荷减购电区,0.0,-45.46260000000001
-39.62925000000001,降负荷减购电区,0.0,-39.62925000000001
-17.937450000000013,降负荷减购电区,0.0,-17.937450000000013
-8.468549999999993,降负荷减购电区,0.0,-8.468549999999993
-8.392499999999984,降负荷减购电区,0.0,-8.392499999999984
-7.737300000000005,降负荷减购电区,0.0,-7.737300000000005
122.63039999999997,弃电吸收区,-122.63039999999997,0.0
111.04919999999998,弃电吸收区,-111.04919999999998,0.0
84.76289999999995,弃电吸收区,-84.76289999999995,0.0
54.852750000000015,弃电吸收区,-54.852750000000015,0.0
22.565249999999992,弃电吸收区,-22.565249999999992,0.0
-20.933099999999968,降负荷减购电区,0.0,-20.933099999999968
-34.50150000000002,降负荷减购电区,0.0,-34.50150000000002
-52.13790000000012,降负荷减购电区,0.0,-52.13790000000012
-45.30150000000003,降负荷减购电区,0.0,-45.30150000000003
-56.24099999999999,降负荷减购电区,0.0,-56.24099999999999
-64.77480000000008,降负荷减购电区,0.0,-64.77480000000008
-76.77810000000011,降负荷减购电区,0.0,-76.77810000000011
-51.978600000000085,降负荷减购电区,0.0,-51.978600000000085
-30.249900000000025,降负荷减购电区,0.0,-30.249900000000025
-22.56524999999993,降负荷减购电区,0.0,-22.56524999999993
-21.92445000000004,降负荷减购电区,0.0,-21.92445000000004
-42.16590000000002,降负荷减购电区,0.0,-42.16590000000002
-37.66499999999997,降负荷减购电区,0.0,-37.66499999999997
-58.293000000000006,降负荷减购电区,0.0,-58.293000000000006
-71.51669999999996,降负荷减购电区,0.0,-71.51669999999996
-66.86505000000002,降负荷减购电区,0.0,-66.86505000000002
-41.95124999999999,降负荷减购电区,0.0,-41.95124999999999
-19.737899999999968,降负荷减购电区,0.0,-19.737899999999968
-7.461000000000013,降负荷减购电区,0.0,-7.461000000000013
-5.497200000000021,降负荷减购电区,0.0,-5.497200000000021
-28.25325000000004,降负荷减购电区,0.0,-28.25325000000004
-27.26910000000004,降负荷减购电区,0.0,-27.26910000000004
-27.0,降负荷减购电区,0.0,-27.0
-28.593000000000075,降负荷减购电区,0.0,-28.593000000000075
-13.3596,降负荷减购电区,0.0,-13.3596
-19.292400000000043,降负荷减购电区,0.0,-19.292400000000043
-32.96700000000004,降负荷减购电区,0.0,-32.96700000000004
-30.82860000000005,降负荷减购电区,0.0,-30.82860000000005
-43.01189999999997,降负荷减购电区,0.0,-43.01189999999997
-55.35090000000008,降负荷减购电区,0.0,-55.35090000000008
-54.75240000000002,降负荷减购电区,0.0,-54.75240000000002
-63.56655000000001,降负荷减购电区,0.0,-63.56655000000001
-43.33859999999999,降负荷减购电区,0.0,-43.33859999999999
-45.089999999999975,降负荷减购电区,0.0,-45.089999999999975
-21.17160000000001,降负荷减购电区,0.0,-21.17160000000001
-8.09820000000002,降负荷减购电区,0.0,-8.09820000000002
-8.141400000000033,降负荷减购电区,0.0,-8.141400000000033
-7.0020000000000095,降负荷减购电区,0.0,-7.0020000000000095
-23.093999999999998,降负荷减购电区,0.0,-23.093999999999998
-44.15849999999995,降负荷减购电区,0.0,-44.15849999999995
-27.320400000000006,降负荷减购电区,0.0,-27.320400000000006
-26.803800000000024,降负荷减购电区,0.0,-26.803800000000024
-18.378000000000043,降负荷减购电区,0.0,-18.378000000000043
-18.271799999999985,降负荷减购电区,0.0,-18.271799999999985
-12.490200000000016,降负荷减购电区,0.0,-12.490200000000016
-22.43700000000001,降负荷减购电区,0.0,-22.43700000000001
-21.178800000000024,降负荷减购电区,0.0,-21.178800000000024
-38.24459999999999,降负荷减购电区,0.0,-38.24459999999999
-31.02705000000003,降负荷减购电区,0.0,-31.02705000000003
-23.58000000000004,降负荷减购电区,0.0,-23.58000000000004
-3.365099999999984,降负荷减购电区,0.0,-3.365099999999984
-29.516399999999976,降负荷减购电区,0.0,-29.516399999999976
-57.00960000000015,降负荷减购电区,0.0,-57.00960000000015
-36.12779999999998,降负荷减购电区,0.0,-36.12779999999998
-55.884600000000034,降负荷减购电区,0.0,-55.884600000000034
-23.02560000000005,降负荷减购电区,0.0,-23.02560000000005
-18.124199999999973,降负荷减购电区,0.0,-18.124199999999973
-18.241199999999992,降负荷减购电区,0.0,-18.241199999999992
-22.06800000000004,降负荷减购电区,0.0,-22.06800000000004
-36.58005000000003,降负荷减购电区,0.0,-36.58005000000003
-48.52124999999995,降负荷减购电区,0.0,-48.52124999999995
-38.3184,降负荷减购电区,0.0,-38.3184
-34.813800000000015,降负荷减购电区,0.0,-34.813800000000015
-24.10695000000004,降负荷减购电区,0.0,-24.10695000000004
-4.8370499999999765,降负荷减购电区,0.0,-4.8370499999999765
115.7724,弃电吸收区,-115.7724,0.0
-8.109000000000037,降负荷减购电区,0.0,-8.109000000000037
-25.68149999999997,降负荷减购电区,0.0,-25.68149999999997
-27.5985,降负荷减购电区,0.0,-27.5985
-31.04639999999995,降负荷减购电区,0.0,-31.04639999999995
-31.275000000000038,降负荷减购电区,0.0,-31.275000000000038
-32.70915000000002,降负荷减购电区,0.0,-32.70915000000002
-22.409999999999968,降负荷减购电区,0.0,-22.409999999999968
-27.714150000000014,降负荷减购电区,0.0,-27.714150000000014
-28.328399999999988,降负荷减购电区,0.0,-28.328399999999988
-36.175500000000056,降负荷减购电区,0.0,-36.175500000000056
-38.47859999999997,降负荷减购电区,0.0,-38.47859999999997
-25.22250000000008,降负荷减购电区,0.0,-25.22250000000008
-67.37849999999997,降负荷减购电区,0.0,-67.37849999999997
-53.03880000000004,降负荷减购电区,0.0,-53.03880000000004
-39.65084999999999,降负荷减购电区,0.0,-39.65084999999999
-50.83380000000005,降负荷减购电区,0.0,-50.83380000000005
-47.69820000000004,降负荷减购电区,0.0,-47.69820000000004
-38.72025000000002,降负荷减购电区,0.0,-38.72025000000002
-12.36329999999998,降负荷减购电区,0.0,-12.36329999999998
-6.302250000000015,降负荷减购电区,0.0,-6.302250000000015
-13.015800000000011,降负荷减购电区,0.0,-13.015800000000011
-5.293800000000033,降负荷减购电区,0.0,-5.293800000000033
-7.1585999999999785,降负荷减购电区,0.0,-7.1585999999999785
-32.99400000000003,降负荷减购电区,0.0,-32.99400000000003
-36.5274,降负荷减购电区,0.0,-36.5274
-38.80170000000004,降负荷减购电区,0.0,-38.80170000000004
-21.28094999999996,降负荷减购电区,0.0,-21.28094999999996
106.22205000000002,弃电吸收区,-106.22205000000002,0.0
40.63499999999988,弃电吸收区,-40.63499999999988,0.0
22.30919999999992,弃电吸收区,-22.30919999999992,0.0
21.64409999999998,弃电吸收区,-21.64409999999998,0.0
22.54230000000007,弃电吸收区,-22.54230000000007,0.0
22.529249999999934,弃电吸收区,-22.529249999999934,0.0
22.48020000000008,弃电吸收区,-22.48020000000008,0.0
-10.102500000000076,降负荷减购电区,0.0,-10.102500000000076
-20.84490000000005,降负荷减购电区,0.0,-20.84490000000005
-29.263500000000025,降负荷减购电区,0.0,-29.263500000000025
-26.485199999999963,降负荷减购电区,0.0,-26.485199999999963
-23.80860000000007,降负荷减购电区,0.0,-23.80860000000007
-23.758199999999988,降负荷减购电区,0.0,-23.758199999999988
-23.14080000000007,降负荷减购电区,0.0,-23.14080000000007
-12.635549999999968,降负荷减购电区,0.0,-12.635549999999968
-11.10329999999999,降负荷减购电区,0.0,-11.10329999999999
-10.080899999999986,降负荷减购电区,0.0,-10.080899999999986
-14.08499999999998,降负荷减购电区,0.0,-14.08499999999998
-12.290400000000034,降负荷减购电区,0.0,-12.290400000000034
-15.166800000000023,降负荷减购电区,0.0,-15.166800000000023
-28.457100000000025,降负荷减购电区,0.0,-28.457100000000025
-28.64699999999999,降负荷减购电区,0.0,-28.64699999999999
-22.92705000000001,降负荷减购电区,0.0,-22.92705000000001
-36.531000000000006,降负荷减购电区,0.0,-36.531000000000006
-31.273200000000088,降负荷减购电区,0.0,-31.273200000000088
-37.95749999999998,降负荷减购电区,0.0,-37.95749999999998
39.002399999999966,弃电吸收区,-39.002399999999966,0.0
21.932999999999996,弃电吸收区,-21.932999999999996,0.0
22.306500000000028,弃电吸收区,-22.306500000000028,0.0
21.23820000000001,弃电吸收区,-21.23820000000001,0.0
20.34809999999993,弃电吸收区,-20.34809999999993,0.0
-21.212999999999965,降负荷减购电区,0.0,-21.212999999999965
-30.851999999999972,降负荷减购电区,0.0,-30.851999999999972
-55.38150000000002,降负荷减购电区,0.0,-55.38150000000002
-56.28960000000001,降负荷减购电区,0.0,-56.28960000000001
-50.86260000000004,降负荷减购电区,0.0,-50.86260000000004
-18.39960000000002,降负荷减购电区,0.0,-18.39960000000002
-39.25440000000003,降负荷减购电区,0.0,-39.25440000000003
-36.64935000000003,降负荷减购电区,0.0,-36.64935000000003
-56.94525000000005,降负荷减购电区,0.0,-56.94525000000005
-55.92554999999999,降负荷减购电区,0.0,-55.92554999999999
-47.11500000000001,降负荷减购电区,0.0,-47.11500000000001
-36.323999999999984,降负荷减购电区,0.0,-36.323999999999984
-33.15690000000001,降负荷减购电区,0.0,-33.15690000000001
-21.155849999999987,降负荷减购电区,0.0,-21.155849999999987
-51.31079999999997,降负荷减购电区,0.0,-51.31079999999997
-56.73149999999998,降负荷减购电区,0.0,-56.73149999999998
-50.39999999999998,降负荷减购电区,0.0,-50.39999999999998
-19.65600000000001,降负荷减购电区,0.0,-19.65600000000001
-21.716099999999983,降负荷减购电区,0.0,-21.716099999999983
-18.751049999999964,降负荷减购电区,0.0,-18.751049999999964
-13.529250000000047,降负荷减购电区,0.0,-13.529250000000047
-8.585100000000011,降负荷减购电区,0.0,-8.585100000000011
-34.884000000000015,降负荷减购电区,0.0,-34.884000000000015
-39.8682,降负荷减购电区,0.0,-39.8682
-36.1017,降负荷减购电区,0.0,-36.1017
-20.48580000000004,降负荷减购电区,0.0,-20.48580000000004
-35.5680000000001,降负荷减购电区,0.0,-35.5680000000001
-33.50654999999995,降负荷减购电区,0.0,-33.50654999999995
-54.05714999999998,降负荷减购电区,0.0,-54.05714999999998
-51.69419999999997,降负荷减购电区,0.0,-51.69419999999997
-48.75479999999999,降负荷减购电区,0.0,-48.75479999999999
-37.082250000000045,降负荷减购电区,0.0,-37.082250000000045
-20.00879999999995,降负荷减购电区,0.0,-20.00879999999995
-19.43100000000004,降负荷减购电区,0.0,-19.43100000000004
-17.470800000000054,降负荷减购电区,0.0,-17.470800000000054
-19.57679999999999,降负荷减购电区,0.0,-19.57679999999999
-21.033000000000012,降负荷减购电区,0.0,-21.033000000000012
-25.12079999999997,降负荷减购电区,0.0,-25.12079999999997
-25.438500000000037,降负荷减购电区,0.0,-25.438500000000037
-35.91900000000004,降负荷减购电区,0.0,-35.91900000000004
-23.355000000000015,降负荷减购电区,0.0,-23.355000000000015
-59.957100000000025,降负荷减购电区,0.0,-59.957100000000025
-50.04854999999992,降负荷减购电区,0.0,-50.04854999999992
-57.46860000000004,降负荷减购电区,0.0,-57.46860000000004
-56.3922,降负荷减购电区,0.0,-56.3922
-72.67680000000007,降负荷减购电区,0.0,-72.67680000000007
-53.933400000000006,降负荷减购电区,0.0,-53.933400000000006
-31.27364999999997,降负荷减购电区,0.0,-31.27364999999997
-50.24475000000001,降负荷减购电区,0.0,-50.24475000000001
-47.027700000000095,降负荷减购电区,0.0,-47.027700000000095
-39.239100000000064,降负荷减购电区,0.0,-39.239100000000064
-42.7158,降负荷减购电区,0.0,-42.7158
-20.16719999999998,降负荷减购电区,0.0,-20.16719999999998
-12.486599999999951,降负荷减购电区,0.0,-12.486599999999951
-15.474600000000066,降负荷减购电区,0.0,-15.474600000000066
-18.04320000000007,降负荷减购电区,0.0,-18.04320000000007
-20.36250000000001,降负荷减购电区,0.0,-20.36250000000001
-8.62605000000002,降负荷减购电区,0.0,-8.62605000000002
-7.776900000000012,降负荷减购电区,0.0,-7.776900000000012
-12.699000000000012,降负荷减购电区,0.0,-12.699000000000012
-15.33869999999996,降负荷减购电区,0.0,-15.33869999999996
-16.925399999999968,降负荷减购电区,0.0,-16.925399999999968
-19.68345000000005,降负荷减购电区,0.0,-19.68345000000005
-26.569799999999987,降负荷减购电区,0.0,-26.569799999999987
-29.465550000000007,降负荷减购电区,0.0,-29.465550000000007
-19.26045000000005,降负荷减购电区,0.0,-19.26045000000005
-35.91269999999997,降负荷减购电区,0.0,-35.91269999999997
-52.9767,降负荷减购电区,0.0,-52.9767
-44.12520000000006,降负荷减购电区,0.0,-44.12520000000006
-26.702100000000087,降负荷减购电区,0.0,-26.702100000000087
-51.85080000000005,降负荷减购电区,0.0,-51.85080000000005
-55.93950000000001,降负荷减购电区,0.0,-55.93950000000001
-44.546400000000006,降负荷减购电区,0.0,-44.546400000000006
-39.05234999999999,降负荷减购电区,0.0,-39.05234999999999
-21.07484999999997,降负荷减购电区,0.0,-21.07484999999997
-32.371200000000044,降负荷减购电区,0.0,-32.371200000000044
-30.56759999999997,降负荷减购电区,0.0,-30.56759999999997
-55.06694999999996,降负荷减购电区,0.0,-55.06694999999996
-57.84119999999996,降负荷减购电区,0.0,-57.84119999999996
-49.292550000000006,降负荷减购电区,0.0,-49.292550000000006
-41.0643,降负荷减购电区,0.0,-41.0643
-36.33075000000002,降负荷减购电区,0.0,-36.33075000000002
-23.05080000000004,降负荷减购电区,0.0,-23.05080000000004
-34.391250000000014,降负荷减购电区,0.0,-34.391250000000014
-36.37395000000004,降负荷减购电区,0.0,-36.37395000000004
-51.94575,降负荷减购电区,0.0,-51.94575
-49.83119999999997,降负荷减购电区,0.0,-49.83119999999997
-59.39010000000002,降负荷减购电区,0.0,-59.39010000000002
-80.24265000000003,降负荷减购电区,0.0,-80.24265000000003
-46.04400000000004,降负荷减购电区,0.0,-46.04400000000004
-32.43374999999992,降负荷减购电区,0.0,-32.43374999999992
-37.02690000000001,降负荷减购电区,0.0,-37.02690000000001
-53.94240000000008,降负荷减购电区,0.0,-53.94240000000008
-77.59935000000002,降负荷减购电区,0.0,-77.59935000000002
-47.56049999999999,降负荷减购电区,0.0,-47.56049999999999
-43.860600000000034,降负荷减购电区,0.0,-43.860600000000034
-45.57330000000002,降负荷减购电区,0.0,-45.57330000000002
-28.224900000000048,降负荷减购电区,0.0,-28.224900000000048
-30.42719999999997,降负荷减购电区,0.0,-30.42719999999997
-39.13920000000007,降负荷减购电区,0.0,-39.13920000000007
-33.71400000000011,降负荷减购电区,0.0,-33.71400000000011
-33.03449999999998,降负荷减购电区,0.0,-33.03449999999998
-40.5,降负荷减购电区,0.0,-40.5
-39.91679999999997,降负荷减购电区,0.0,-39.91679999999997
-43.52849999999995,降负荷减购电区,0.0,-43.52849999999995
-29.11860000000001,降负荷减购电区,0.0,-29.11860000000001
-50.743799999999965,降负荷减购电区,0.0,-50.743799999999965
-38.973599999999976,降负荷减购电区,0.0,-38.973599999999976
-51.0129,降负荷减购电区,0.0,-51.0129
-34.0668,降负荷减购电区,0.0,-34.0668
-27.261449999999968,降负荷减购电区,0.0,-27.261449999999968
-27.959400000000016,降负荷减购电区,0.0,-27.959400000000016
-22.41809999999998,降负荷减购电区,0.0,-22.41809999999998
-24.728400000000025,降负荷减购电区,0.0,-24.728400000000025
-16.486199999999997,降负荷减购电区,0.0,-16.486199999999997
-26.20079999999996,降负荷减购电区,0.0,-26.20079999999996
-24.87509999999997,降负荷减购电区,0.0,-24.87509999999997
-26.31960000000004,降负荷减购电区,0.0,-26.31960000000004
-21.74580000000003,降负荷减购电区,0.0,-21.74580000000003
-18.933750000000032,降负荷减购电区,0.0,-18.933750000000032
-21.888000000000037,降负荷减购电区,0.0,-21.888000000000037
-28.43820000000005,降负荷减购电区,0.0,-28.43820000000005
-22.86990000000003,降负荷减购电区,0.0,-22.86990000000003
-18.302400000000038,降负荷减购电区,0.0,-18.302400000000038
-19.632599999999968,降负荷减购电区,0.0,-19.632599999999968
-14.898599999999988,降负荷减购电区,0.0,-14.898599999999988
-10.715399999999988,降负荷减购电区,0.0,-10.715399999999988
-10.8288,降负荷减购电区,0.0,-10.8288
-10.150649999999985,降负荷减购电区,0.0,-10.150649999999985
-5.016599999999983,降负荷减购电区,0.0,-5.016599999999983
-20.271599999999975,降负荷减购电区,0.0,-20.271599999999975
-9.49860000000001,降负荷减购电区,0.0,-9.49860000000001
-42.60060000000004,降负荷减购电区,0.0,-42.60060000000004
-41.66055,降负荷减购电区,0.0,-41.66055
-40.75469999999996,降负荷减购电区,0.0,-40.75469999999996
-37.25639999999999,降负荷减购电区,0.0,-37.25639999999999
-34.7346,降负荷减购电区,0.0,-34.7346
-30.261600000000044,降负荷减购电区,0.0,-30.261600000000044
-28.432799999999983,降负荷减购电区,0.0,-28.432799999999983
-28.787400000000048,降负荷减购电区,0.0,-28.787400000000048
-29.14020000000005,降负荷减购电区,0.0,-29.14020000000005
-31.48065000000008,降负荷减购电区,0.0,-31.48065000000008
-34.75800000000004,降负荷减购电区,0.0,-34.75800000000004
-30.90330000000006,降负荷减购电区,0.0,-30.90330000000006
-35.26920000000007,降负荷减购电区,0.0,-35.26920000000007
-12.679200000000035,降负荷减购电区,0.0,-12.679200000000035
-12.689100000000051,降负荷减购电区,0.0,-12.689100000000051
-17.05860000000007,降负荷减购电区,0.0,-17.05860000000007
-15.25320000000005,降负荷减购电区,0.0,-15.25320000000005
-12.765150000000006,降负荷减购电区,0.0,-12.765150000000006
-8.514900000000011,降负荷减购电区,0.0,-8.514900000000011
-8.766900000000021,降负荷减购电区,0.0,-8.766900000000021
-30.12615,降负荷减购电区,0.0,-30.12615
-9.973799999999985,降负荷减购电区,0.0,-9.973799999999985
-6.237000000000023,降负荷减购电区,0.0,-6.237000000000023
-9.07065,降负荷减购电区,0.0,-9.07065
-28.60560000000004,降负荷减购电区,0.0,-28.60560000000004
-31.55895000000004,降负荷减购电区,0.0,-31.55895000000004
-29.798999999999975,降负荷减购电区,0.0,-29.798999999999975
-28.963799999999992,降负荷减购电区,0.0,-28.963799999999992
-14.020199999999988,降负荷减购电区,0.0,-14.020199999999988
-9.285300000000008,降负荷减购电区,0.0,-9.285300000000008
-28.175400000000025,降负荷减购电区,0.0,-28.175400000000025
-28.84770000000003,降负荷减购电区,0.0,-28.84770000000003
-30.651749999999996,降负荷减购电区,0.0,-30.651749999999996
-29.665350000000103,降负荷减购电区,0.0,-29.665350000000103
-56.06279999999998,降负荷减购电区,0.0,-56.06279999999998
-43.6617,降负荷减购电区,0.0,-43.6617
-45.16200000000004,降负荷减购电区,0.0,-45.16200000000004
-46.63349999999997,降负荷减购电区,0.0,-46.63349999999997
-25.540650000000028,降负荷减购电区,0.0,-25.540650000000028
-25.42590000000007,降负荷减购电区,0.0,-25.42590000000007
-21.73634999999996,降负荷减购电区,0.0,-21.73634999999996
-24.08355,降负荷减购电区,0.0,-24.08355
-23.43779999999998,降负荷减购电区,0.0,-23.43779999999998
-19.19880000000001,降负荷减购电区,0.0,-19.19880000000001
-29.19150000000002,降负荷减购电区,0.0,-29.19150000000002
-29.53980000000001,降负荷减购电区,0.0,-29.53980000000001
-27.48060000000004,降负荷减购电区,0.0,-27.48060000000004
-15.868799999999965,降负荷减购电区,0.0,-15.868799999999965
-9.822600000000024,降负荷减购电区,0.0,-9.822600000000024
-10.058400000000006,降负荷减购电区,0.0,-10.058400000000006
-14.791499999999983,降负荷减购电区,0.0,-14.791499999999983
-18.63945000000001,降负荷减购电区,0.0,-18.63945000000001
-14.609699999999975,降负荷减购电区,0.0,-14.609699999999975
-13.7466,降负荷减购电区,0.0,-13.7466
-13.97969999999998,降负荷减购电区,0.0,-13.97969999999998
-10.93769999999995,降负荷减购电区,0.0,-10.93769999999995
-8.543250000000057,降负荷减购电区,0.0,-8.543250000000057
-15.519599999999969,降负荷减购电区,0.0,-15.519599999999969
-25.834050000000047,降负荷减购电区,0.0,-25.834050000000047
-39.64500000000004,降负荷减购电区,0.0,-39.64500000000004
-49.76100000000002,降负荷减购电区,0.0,-49.76100000000002
-75.33450000000005,降负荷减购电区,0.0,-75.33450000000005
-69.78150000000005,降负荷减购电区,0.0,-69.78150000000005
-57.454200000000014,降负荷减购电区,0.0,-57.454200000000014
-11.08080000000001,降负荷减购电区,0.0,-11.08080000000001
-28.561500000000024,降负荷减购电区,0.0,-28.561500000000024
-32.098499999999945,降负荷减购电区,0.0,-32.098499999999945
-32.15340000000003,降负荷减购电区,0.0,-32.15340000000003
-28.69920000000002,降负荷减购电区,0.0,-28.69920000000002
-24.39360000000005,降负荷减购电区,0.0,-24.39360000000005
-12.932999999999936,降负荷减购电区,0.0,-12.932999999999936
-17.451000000000022,降负荷减购电区,0.0,-17.451000000000022
-15.432299999999998,降负荷减购电区,0.0,-15.432299999999998
-11.681550000000016,降负荷减购电区,0.0,-11.681550000000016
-7.759799999999984,降负荷减购电区,0.0,-7.759799999999984
-9.222300000000018,降负荷减购电区,0.0,-9.222300000000018
-10.443150000000005,降负荷减购电区,0.0,-10.443150000000005
96.21899999999994,弃电吸收区,-96.21899999999994,0.0
37.15830000000005,弃电吸收区,-37.15830000000005,0.0
22.61024999999995,弃电吸收区,-22.61024999999995,0.0
22.15980000000002,弃电吸收区,-22.15980000000002,0.0
21.36150000000009,弃电吸收区,-21.36150000000009,0.0
21.92489999999998,弃电吸收区,-21.92489999999998,0.0
-7.631549999999947,降负荷减购电区,0.0,-7.631549999999947
-24.56460000000004,降负荷减购电区,0.0,-24.56460000000004
-24.867000000000075,降负荷减购电区,0.0,-24.867000000000075
-27.090450000000036,降负荷减购电区,0.0,-27.090450000000036
-44.67015000000004,降负荷减购电区,0.0,-44.67015000000004
-87.06779999999998,降负荷减购电区,0.0,-87.06779999999998
-96.54075000000006,降负荷减购电区,0.0,-96.54075000000006
-81.70425,降负荷减购电区,0.0,-81.70425
-69.79770000000002,降负荷减购电区,0.0,-69.79770000000002
-61.50599999999997,降负荷减购电区,0.0,-61.50599999999997
-55.355399999999975,降负荷减购电区,0.0,-55.355399999999975
-48.11040000000003,降负荷减购电区,0.0,-48.11040000000003
-50.11200000000005,降负荷减购电区,0.0,-50.11200000000005
-50.55120000000005,降负荷减购电区,0.0,-50.55120000000005
-24.163200000000018,降负荷减购电区,0.0,-24.163200000000018
-18.651599999999974,降负荷减购电区,0.0,-18.651599999999974
-20.852100000000007,降负荷减购电区,0.0,-20.852100000000007
-20.1798,降负荷减购电区,0.0,-20.1798
-16.51275000000004,降负荷减购电区,0.0,-16.51275000000004
-13.61790000000002,降负荷减购电区,0.0,-13.61790000000002
-13.159800000000018,降负荷减购电区,0.0,-13.159800000000018
-24.1087500000001,降负荷减购电区,0.0,-24.1087500000001
-21.924900000000093,降负荷减购电区,0.0,-21.924900000000093
-36.69614999999999,降负荷减购电区,0.0,-36.69614999999999
-50.67360000000002,降负荷减购电区,0.0,-50.67360000000002
-52.0920000000001,降负荷减购电区,0.0,-52.0920000000001
-40.92705000000001,降负荷减购电区,0.0,-40.92705000000001
-42.65100000000001,降负荷减购电区,0.0,-42.65100000000001
-34.57530000000003,降负荷减购电区,0.0,-34.57530000000003
-38.81745000000007,降负荷减购电区,0.0,-38.81745000000007
-40.911749999999984,降负荷减购电区,0.0,-40.911749999999984
-32.39820000000003,降负荷减购电区,0.0,-32.39820000000003
-22.400999999999957,降负荷减购电区,0.0,-22.400999999999957
-20.09790000000004,降负荷减购电区,0.0,-20.09790000000004
-11.542500000000018,降负荷减购电区,0.0,-11.542500000000018
-24.398550000000057,降负荷减购电区,0.0,-24.398550000000057
-22.626000000000037,降负荷减购电区,0.0,-22.626000000000037
-21.096000000000004,降负荷减购电区,0.0,-21.096000000000004
-17.82585000000006,降负荷减购电区,0.0,-17.82585000000006
-7.937999999999988,降负荷减购电区,0.0,-7.937999999999988
-10.886849999999924,降负荷减购电区,0.0,-10.886849999999924
-53.12790000000001,降负荷减购电区,0.0,-53.12790000000001
-47.79180000000002,降负荷减购电区,0.0,-47.79180000000002
-38.01239999999996,降负荷减购电区,0.0,-38.01239999999996
-21.268800000000056,降负荷减购电区,0.0,-21.268800000000056
-77.60880000000003,降负荷减购电区,0.0,-77.60880000000003
-77.50799999999998,降负荷减购电区,0.0,-77.50799999999998
-85.68900000000002,降负荷减购电区,0.0,-85.68900000000002
-61.6203000000001,降负荷减购电区,0.0,-61.6203000000001
-57.0591,降负荷减购电区,0.0,-57.0591
-45.51209999999992,降负荷减购电区,0.0,-45.51209999999992
-34.08120000000008,降负荷减购电区,0.0,-34.08120000000008
-59.540400000000034,降负荷减购电区,0.0,-59.540400000000034
-49.824900000000014,降负荷减购电区,0.0,-49.824900000000014
-88.04924999999997,降负荷减购电区,0.0,-88.04924999999997
-81.60659999999996,降负荷减购电区,0.0,-81.60659999999996
-51.48629999999997,降负荷减购电区,0.0,-51.48629999999997
-41.95980000000003,降负荷减购电区,0.0,-41.95980000000003
-37.82609999999994,降负荷减购电区,0.0,-37.82609999999994
-10.938600000000008,降负荷减购电区,0.0,-10.938600000000008
-10.058400000000006,降负荷减购电区,0.0,-10.058400000000006
-34.55324999999999,降负荷减购电区,0.0,-34.55324999999999
-32.32304999999997,降负荷减购电区,0.0,-32.32304999999997
-28.964249999999936,降负荷减购电区,0.0,-28.964249999999936
-53.09415000000001,降负荷减购电区,0.0,-53.09415000000001
-58.22640000000001,降负荷减购电区,0.0,-58.22640000000001
-49.27680000000004,降负荷减购电区,0.0,-49.27680000000004
-32.29559999999998,降负荷减购电区,0.0,-32.29559999999998
-28.798650000000062,降负荷减购电区,0.0,-28.798650000000062
22.186800000000066,弃电吸收区,-22.186800000000066,0.0
21.0933,弃电吸收区,-21.0933,0.0
22.655700000000024,弃电吸收区,-22.655700000000024,0.0
22.18724999999995,弃电吸收区,-22.18724999999995,0.0
21.84299999999996,弃电吸收区,-21.84299999999996,0.0
22.576499999999896,弃电吸收区,-22.576499999999896,0.0
18.96344999999997,弃电吸收区,-18.96344999999997,0.0
22.55444999999997,弃电吸收区,-22.55444999999997,0.0
-8.064000000000021,降负荷减购电区,0.0,-8.064000000000021
-18.81359999999995,降负荷减购电区,0.0,-18.81359999999995
-40.75020000000001,降负荷减购电区,0.0,-40.75020000000001
-16.997400000000027,降负荷减购电区,0.0,-16.997400000000027
-30.976650000000006,降负荷减购电区,0.0,-30.976650000000006
-29.16900000000004,降负荷减购电区,0.0,-29.16900000000004
-34.749000000000024,降负荷减购电区,0.0,-34.749000000000024
-33.026850000000024,降负荷减购电区,0.0,-33.026850000000024
-32.499900000000025,降负荷减购电区,0.0,-32.499900000000025
-36.86985000000004,降负荷减购电区,0.0,-36.86985000000004
-32.22179999999997,降负荷减购电区,0.0,-32.22179999999997
-19.726200000000063,降负荷减购电区,0.0,-19.726200000000063
-17.298900000000003,降负荷减购电区,0.0,-17.298900000000003
-15.704100000000096,降负荷减购电区,0.0,-15.704100000000096
-12.988349999999969,降负荷减购电区,0.0,-12.988349999999969
-14.578200000000038,降负荷减购电区,0.0,-14.578200000000038
-29.01959999999997,降负荷减购电区,0.0,-29.01959999999997
-30.8646,降负荷减购电区,0.0,-30.8646
-26.370450000000005,降负荷减购电区,0.0,-26.370450000000005
-24.715349999999944,降负荷减购电区,0.0,-24.715349999999944
-27.63045,降负荷减购电区,0.0,-27.63045
-21.788099999999982,降负荷减购电区,0.0,-21.788099999999982
-18.76679999999999,降负荷减购电区,0.0,-18.76679999999999
-21.940200000000004,降负荷减购电区,0.0,-21.940200000000004
-45.045000000000016,降负荷减购电区,0.0,-45.045000000000016
-28.046699999999987,降负荷减购电区,0.0,-28.046699999999987
-14.913000000000013,降负荷减购电区,0.0,-14.913000000000013
-29.64870000000002,降负荷减购电区,0.0,-29.64870000000002
-18.96704999999997,降负荷减购电区,0.0,-18.96704999999997
-25.829999999999984,降负荷减购电区,0.0,-25.829999999999984
-25.26030000000003,降负荷减购电区,0.0,-25.26030000000003
-23.84730000000002,降负荷减购电区,0.0,-23.84730000000002
-23.61869999999999,降负荷减购电区,0.0,-23.61869999999999
-20.867849999999976,降负荷减购电区,0.0,-20.867849999999976
-13.780799999999942,降负荷减购电区,0.0,-13.780799999999942
118.87515000000002,弃电吸收区,-118.87515000000002,0.0
123.55514999999995,弃电吸收区,-123.55514999999995,0.0
68.36625000000004,弃电吸收区,-68.36625000000004,0.0
-28.841399999999965,降负荷减购电区,0.0,-28.841399999999965
-44.230500000000006,降负荷减购电区,0.0,-44.230500000000006
-32.22360000000003,降负荷减购电区,0.0,-32.22360000000003
-16.525800000000004,降负荷减购电区,0.0,-16.525800000000004
-35.52479999999997,降负荷减购电区,0.0,-35.52479999999997
-26.69489999999996,降负荷减购电区,0.0,-26.69489999999996
-25.6635,降负荷减购电区,0.0,-25.6635
-17.733600000000024,降负荷减购电区,0.0,-17.733600000000024
-13.552649999999971,降负荷减购电区,0.0,-13.552649999999971
-13.60080000000005,降负荷减购电区,0.0,-13.60080000000005
-53.567100000000096,降负荷减购电区,0.0,-53.567100000000096
-43.52760000000001,降负荷减购电区,0.0,-43.52760000000001
-44.7516,降负荷减购电区,0.0,-44.7516
-27.779849999999957,降负荷减购电区,0.0,-27.779849999999957
-38.83905000000004,降负荷减购电区,0.0,-38.83905000000004
-38.956950000000006,降负荷减购电区,0.0,-38.956950000000006
-34.262099999999975,降负荷减购电区,0.0,-34.262099999999975
-24.524100000000036,降负荷减购电区,0.0,-24.524100000000036
-12.772800000000018,降负荷减购电区,0.0,-12.772800000000018
-14.6961,降负荷减购电区,0.0,-14.6961
-10.301400000000058,降负荷减购电区,0.0,-10.301400000000058
-26.28359999999992,降负荷减购电区,0.0,-26.28359999999992
-52.488,降负荷减购电区,0.0,-52.488
-63.302400000000034,降负荷减购电区,0.0,-63.302400000000034
-39.42720000000003,降负荷减购电区,0.0,-39.42720000000003
-21.45240000000001,降负荷减购电区,0.0,-21.45240000000001
-16.643699999999967,降负荷减购电区,0.0,-16.643699999999967
-11.726999999999975,降负荷减购电区,0.0,-11.726999999999975
-13.60800000000006,降负荷减购电区,0.0,-13.60800000000006
-11.038049999999998,降负荷减购电区,0.0,-11.038049999999998
-20.35800000000006,降负荷减购电区,0.0,-20.35800000000006
-17.969400000000064,降负荷减购电区,0.0,-17.969400000000064
-33.69960000000003,降负荷减购电区,0.0,-33.69960000000003
-33.89040000000006,降负荷减购电区,0.0,-33.89040000000006
-31.404600000000077,降负荷减购电区,0.0,-31.404600000000077
-33.76799999999997,降负荷减购电区,0.0,-33.76799999999997
-60.40709999999996,降负荷减购电区,0.0,-60.40709999999996
-50.388300000000015,降负荷减购电区,0.0,-50.388300000000015
-39.41774999999996,降负荷减购电区,0.0,-39.41774999999996
-41.34780000000006,降负荷减购电区,0.0,-41.34780000000006
-33.231150000000014,降负荷减购电区,0.0,-33.231150000000014
-14.961150000000032,降负荷减购电区,0.0,-14.961150000000032
-19.367099999999997,降负荷减购电区,0.0,-19.367099999999997
-20.78640000000007,降负荷减购电区,0.0,-20.78640000000007
-20.367449999999963,降负荷减购电区,0.0,-20.367449999999963
-16.038900000000012,降负荷减购电区,0.0,-16.038900000000012
-12.040200000000029,降负荷减购电区,0.0,-12.040200000000029
-52.75799999999998,降负荷减购电区,0.0,-52.75799999999998
-53.422199999999975,降负荷减购电区,0.0,-53.422199999999975
-55.06920000000002,降负荷减购电区,0.0,-55.06920000000002
-55.98449999999997,降负荷减购电区,0.0,-55.98449999999997
-46.57410000000005,降负荷减购电区,0.0,-46.57410000000005
-29.385900000000102,降负荷减购电区,0.0,-29.385900000000102
-53.34390000000002,降负荷减购电区,0.0,-53.34390000000002
-59.337000000000046,降负荷减购电区,0.0,-59.337000000000046
-60.17040000000003,降负荷减购电区,0.0,-60.17040000000003
-54.70155,降负荷减购电区,0.0,-54.70155
-38.77245000000005,降负荷减购电区,0.0,-38.77245000000005
-18.61559999999997,降负荷减购电区,0.0,-18.61559999999997
-13.212000000000046,降负荷减购电区,0.0,-13.212000000000046
-6.094799999999964,降负荷减购电区,0.0,-6.094799999999964
-4.766399999999976,降负荷减购电区,0.0,-4.766399999999976
-23.42340000000001,降负荷减购电区,0.0,-23.42340000000001
-22.140899999999988,降负荷减购电区,0.0,-22.140899999999988
-7.067700000000002,降负荷减购电区,0.0,-7.067700000000002
-7.69319999999999,降负荷减购电区,0.0,-7.69319999999999
-21.519000000000005,降负荷减购电区,0.0,-21.519000000000005
-40.59179999999998,降负荷减购电区,0.0,-40.59179999999998
-51.23339999999996,降负荷减购电区,0.0,-51.23339999999996
-40.851,降负荷减购电区,0.0,-40.851
-71.52120000000002,降负荷减购电区,0.0,-71.52120000000002
-75.99689999999998,降负荷减购电区,0.0,-75.99689999999998
-50.226300000000094,降负荷减购电区,0.0,-50.226300000000094
-33.42960000000011,降负荷减购电区,0.0,-33.42960000000011
-87.7878,降负荷减购电区,0.0,-87.7878
-82.77120000000008,降负荷减购电区,0.0,-82.77120000000008
-78.61140000000012,降负荷减购电区,0.0,-78.61140000000012
-75.20220000000006,降负荷减购电区,0.0,-75.20220000000006
-42.72660000000008,降负荷减购电区,0.0,-42.72660000000008
-18.613800000000083,降负荷减购电区,0.0,-18.613800000000083
-13.644000000000004,降负荷减购电区,0.0,-13.644000000000004
-22.469400000000064,降负荷减购电区,0.0,-22.469400000000064
-20.7747,降负荷减购电区,0.0,-20.7747
-37.98900000000003,降负荷减购电区,0.0,-37.98900000000003
-37.550250000000005,降负荷减购电区,0.0,-37.550250000000005
-39.751649999999984,降负荷减购电区,0.0,-39.751649999999984
-45.5625,降负荷减购电区,0.0,-45.5625
-58.69980000000004,降负荷减购电区,0.0,-58.69980000000004
-52.006050000000016,降负荷减购电区,0.0,-52.006050000000016
-41.7618,降负荷减购电区,0.0,-41.7618
-16.209450000000004,降负荷减购电区,0.0,-16.209450000000004
-12.336749999999997,降负荷减购电区,0.0,-12.336749999999997
-12.41999999999996,降负荷减购电区,0.0,-12.41999999999996
-15.887249999999996,降负荷减购电区,0.0,-15.887249999999996
-45.66149999999999,降负荷减购电区,0.0,-45.66149999999999
-64.55699999999996,降负荷减购电区,0.0,-64.55699999999996
-32.88959999999997,降负荷减购电区,0.0,-32.88959999999997
-15.886799999999994,降负荷减购电区,0.0,-15.886799999999994
-13.393800000000056,降负荷减购电区,0.0,-13.393800000000056
-13.47885000000008,降负荷减购电区,0.0,-13.47885000000008
-50.89275000000004,降负荷减购电区,0.0,-50.89275000000004
-45.213750000000005,降负荷减购电区,0.0,-45.213750000000005
-41.17905000000002,降负荷减购电区,0.0,-41.17905000000002
-67.10040000000004,降负荷减购电区,0.0,-67.10040000000004
-75.5388000000001,降负荷减购电区,0.0,-75.5388000000001
-42.08940000000001,降负荷减购电区,0.0,-42.08940000000001
-41.32620000000003,降负荷减购电区,0.0,-41.32620000000003
-30.3048,降负荷减购电区,0.0,-30.3048
-47.66399999999999,降负荷减购电区,0.0,-47.66399999999999
-47.62619999999998,降负荷减购电区,0.0,-47.62619999999998
-46.39274999999998,降负荷减购电区,0.0,-46.39274999999998
-38.732399999999984,降负荷减购电区,0.0,-38.732399999999984
-35.341650000000016,降负荷减购电区,0.0,-35.341650000000016
-39.29444999999998,降负荷减购电区,0.0,-39.29444999999998
-17.661599999999964,降负荷减购电区,0.0,-17.661599999999964
-10.333799999999997,降负荷减购电区,0.0,-10.333799999999997
-30.014999999999983,降负荷减购电区,0.0,-30.014999999999983
-38.39040000000006,降负荷减购电区,0.0,-38.39040000000006
-59.96564999999998,降负荷减购电区,0.0,-59.96564999999998
-73.35180000000008,降负荷减购电区,0.0,-73.35180000000008
-57.60000000000008,降负荷减购电区,0.0,-57.60000000000008
-41.2038,降负荷减购电区,0.0,-41.2038
-39.43260000000009,降负荷减购电区,0.0,-39.43260000000009
-31.97879999999998,降负荷减购电区,0.0,-31.97879999999998
-15.875099999999977,降负荷减购电区,0.0,-15.875099999999977
-11.57400000000007,降负荷减购电区,0.0,-11.57400000000007
-34.011000000000024,降负荷减购电区,0.0,-34.011000000000024
-103.68315,降负荷减购电区,0.0,-103.68315
-85.9104000000001,降负荷减购电区,0.0,-85.9104000000001
-96.59700000000004,降负荷减购电区,0.0,-96.59700000000004
-97.23375000000004,降负荷减购电区,0.0,-97.23375000000004
-80.49150000000003,降负荷减购电区,0.0,-80.49150000000003
-77.65424999999999,降负荷减购电区,0.0,-77.65424999999999
-39.68955,降负荷减购电区,0.0,-39.68955
-38.17755000000005,降负荷减购电区,0.0,-38.17755000000005
-11.957400000000009,降负荷减购电区,0.0,-11.957400000000009
-14.325300000000029,降负荷减购电区,0.0,-14.325300000000029
-30.755250000000046,降负荷减购电区,0.0,-30.755250000000046
-31.16519999999997,降负荷减购电区,0.0,-31.16519999999997
-19.97819999999996,降负荷减购电区,0.0,-19.97819999999996
-15.133050000000026,降负荷减购电区,0.0,-15.133050000000026
-13.673699999999997,降负荷减购电区,0.0,-13.673699999999997
-29.41289999999998,降负荷减购电区,0.0,-29.41289999999998
-46.34729999999996,降负荷减购电区,0.0,-46.34729999999996
-47.41650000000004,降负荷减购电区,0.0,-47.41650000000004
-69.85440000000006,降负荷减购电区,0.0,-69.85440000000006
-69.66810000000004,降负荷减购电区,0.0,-69.66810000000004
-42.451200000000085,降负荷减购电区,0.0,-42.451200000000085
-23.12009999999998,降负荷减购电区,0.0,-23.12009999999998
-16.19010000000003,降负荷减购电区,0.0,-16.19010000000003
-15.41160000000002,降负荷减购电区,0.0,-15.41160000000002
-47.96460000000008,降负荷减购电区,0.0,-47.96460000000008
-45.001799999999946,降负荷减购电区,0.0,-45.001799999999946
-52.53030000000007,降负荷减购电区,0.0,-52.53030000000007
-43.00110000000001,降负荷减购电区,0.0,-43.00110000000001
64.0917,弃电吸收区,-64.0917,0.0
109.31625000000008,弃电吸收区,-109.31625000000008,0.0
112.27274999999996,弃电吸收区,-112.27274999999996,0.0
113.11830000000003,弃电吸收区,-113.11830000000003,0.0
121.5612000000001,弃电吸收区,-121.5612000000001,0.0
126.19350000000004,弃电吸收区,-126.19350000000004,0.0
-0.6084000000000174,降负荷减购电区,0.0,-0.6084000000000174
-35.45279999999997,降负荷减购电区,0.0,-35.45279999999997
-54.62235000000004,降负荷减购电区,0.0,-54.62235000000004
-69.83280000000002,降负荷减购电区,0.0,-69.83280000000002
-69.75540000000001,降负荷减购电区,0.0,-69.75540000000001
-55.918349999999975,降负荷减购电区,0.0,-55.918349999999975
-39.27780000000001,降负荷减购电区,0.0,-39.27780000000001
-13.783500000000004,降负荷减购电区,0.0,-13.783500000000004
-37.491750000000025,降负荷减购电区,0.0,-37.491750000000025
-16.38810000000001,降负荷减购电区,0.0,-16.38810000000001
-10.731599999999958,降负荷减购电区,0.0,-10.731599999999958
-4.976099999999974,降负荷减购电区,0.0,-4.976099999999974
17.15039999999999,弃电吸收区,-17.15039999999999,0.0
-4.087800000000016,降负荷减购电区,0.0,-4.087800000000016
-17.521650000000022,降负荷减购电区,0.0,-17.521650000000022
-18.522000000000048,降负荷减购电区,0.0,-18.522000000000048
-25.956000000000078,降负荷减购电区,0.0,-25.956000000000078
-64.29284999999999,降负荷减购电区,0.0,-64.29284999999999
-85.24169999999998,降负荷减购电区,0.0,-85.24169999999998
-84.08879999999999,降负荷减购电区,0.0,-84.08879999999999
-74.65950000000004,降负荷减购电区,0.0,-74.65950000000004
-70.32420000000002,降负荷减购电区,0.0,-70.32420000000002
-71.72460000000001,降负荷减购电区,0.0,-71.72460000000001
-32.90399999999994,降负荷减购电区,0.0,-32.90399999999994
-13.742999999999997,降负荷减购电区,0.0,-13.742999999999997
-19.994399999999985,降负荷减购电区,0.0,-19.994399999999985
-45.79740000000004,降负荷减购电区,0.0,-45.79740000000004
-37.65870000000001,降负荷减购电区,0.0,-37.65870000000001
-24.851249999999936,降负荷减购电区,0.0,-24.851249999999936
-13.936500000000024,降负荷减购电区,0.0,-13.936500000000024
-11.496600000000058,降负荷减购电区,0.0,-11.496600000000058
74.59065000000004,弃电吸收区,-74.59065000000004,0.0
26.037000000000035,弃电吸收区,-26.037000000000035,0.0
21.923999999999975,弃电吸收区,-21.923999999999975,0.0
21.763799999999947,弃电吸收区,-21.763799999999947,0.0
22.443300000000026,弃电吸收区,-22.443300000000026,0.0
22.576499999999896,弃电吸收区,-22.576499999999896,0.0
-27.13499999999999,降负荷减购电区,0.0,-27.13499999999999
-22.564350000000104,降负荷减购电区,0.0,-22.564350000000104
-21.843000000000075,降负荷减购电区,0.0,-21.843000000000075
-23.218200000000024,降负荷减购电区,0.0,-23.218200000000024
-17.863200000000006,降负荷减购电区,0.0,-17.863200000000006
-8.60940000000005,降负荷减购电区,0.0,-8.60940000000005
-57.26520000000005,降负荷减购电区,0.0,-57.26520000000005
-64.53540000000004,降负荷减购电区,0.0,-64.53540000000004
-59.03279999999995,降负荷减购电区,0.0,-59.03279999999995
-52.78679999999997,降负荷减购电区,0.0,-52.78679999999997
-32.71320000000003,降负荷减购电区,0.0,-32.71320000000003
-17.56800000000004,降负荷减购电区,0.0,-17.56800000000004
-19.703250000000025,降负荷减购电区,0.0,-19.703250000000025
-17.08785000000006,降负荷减购电区,0.0,-17.08785000000006
-19.40220000000005,降负荷减购电区,0.0,-19.40220000000005
-30.796200000000056,降负荷减购电区,0.0,-30.796200000000056
-31.2876,降负荷减购电区,0.0,-31.2876
-35.42850000000004,降负荷减购电区,0.0,-35.42850000000004
-57.35970000000003,降负荷减购电区,0.0,-57.35970000000003
-40.799250000000086,降负荷减购电区,0.0,-40.799250000000086
-41.768550000000005,降负荷减购电区,0.0,-41.768550000000005
-35.175149999999974,降负荷减购电区,0.0,-35.175149999999974
-84.13830000000002,降负荷减购电区,0.0,-84.13830000000002
-37.39500000000004,降负荷减购电区,0.0,-37.39500000000004
-30.869100000000003,降负荷减购电区,0.0,-30.869100000000003
-13.663800000000036,降负荷减购电区,0.0,-13.663800000000036
-14.845500000000015,降负荷减购电区,0.0,-14.845500000000015
-20.8134,降负荷减购电区,0.0,-20.8134
-18.46080000000001,降负荷减购电区,0.0,-18.46080000000001
-17.888400000000047,降负荷减购电区,0.0,-17.888400000000047
-13.655700000000024,降负荷减购电区,0.0,-13.655700000000024
-28.211399999999912,降负荷减购电区,0.0,-28.211399999999912
-35.17560000000003,降负荷减购电区,0.0,-35.17560000000003
-24.73244999999997,降负荷减购电区,0.0,-24.73244999999997
-12.944700000000012,降负荷减购电区,0.0,-12.944700000000012
-8.773649999999975,降负荷减购电区,0.0,-8.773649999999975
-15.998400000000004,降负荷减购电区,0.0,-15.998400000000004
113.04810000000008,弃电吸收区,-113.04810000000008,0.0
122.35500000000008,弃电吸收区,-122.35500000000008,0.0
118.5786,弃电吸收区,-118.5786,0.0
112.35915000000011,弃电吸收区,-112.35915000000011,0.0
87.17040000000009,弃电吸收区,-87.17040000000009,0.0
66.8961000000001,弃电吸收区,-66.8961000000001,0.0
22.607999999999947,弃电吸收区,-22.607999999999947,0.0
22.36590000000001,弃电吸收区,-22.36590000000001,0.0
22.150350000000003,弃电吸收区,-22.150350000000003,0.0
-7.119000000000028,降负荷减购电区,0.0,-7.119000000000028
-14.376150000000052,降负荷减购电区,0.0,-14.376150000000052
-25.79759999999999,降负荷减购电区,0.0,-25.79759999999999
-12.065399999999954,降负荷减购电区,0.0,-12.065399999999954
-24.112799999999996,降负荷减购电区,0.0,-24.112799999999996
-41.061600000000055,降负荷减购电区,0.0,-41.061600000000055
-34.243649999999946,降负荷减购电区,0.0,-34.243649999999946
-32.16059999999999,降负荷减购电区,0.0,-32.16059999999999
-33.81434999999999,降负荷减购电区,0.0,-33.81434999999999
-16.263000000000034,降负荷减购电区,0.0,-16.263000000000034
-20.007000000000005,降负荷减购电区,0.0,-20.007000000000005
-17.53154999999998,降负荷减购电区,0.0,-17.53154999999998
-33.84720000000004,降负荷减购电区,0.0,-33.84720000000004
-16.75260000000003,降负荷减购电区,0.0,-16.75260000000003
-7.532100000000014,降负荷减购电区,0.0,-7.532100000000014
-10.35450000000003,降负荷减购电区,0.0,-10.35450000000003
-11.300400000000025,降负荷减购电区,0.0,-11.300400000000025
-13.87439999999998,降负荷减购电区,0.0,-13.87439999999998
-16.339949999999988,降负荷减购电区,0.0,-16.339949999999988
-10.152449999999988,降负荷减购电区,0.0,-10.152449999999988
-58.400999999999954,降负荷减购电区,0.0,-58.400999999999954
-59.00399999999996,降负荷减购电区,0.0,-59.00399999999996
-60.07680000000005,降负荷减购电区,0.0,-60.07680000000005
-62.03250000000003,降负荷减购电区,0.0,-62.03250000000003
-61.807500000000005,降负荷减购电区,0.0,-61.807500000000005
-46.94400000000002,降负荷减购电区,0.0,-46.94400000000002
-9.908999999999992,降负荷减购电区,0.0,-9.908999999999992
-34.01055000000002,降负荷减购电区,0.0,-34.01055000000002
-34.69499999999999,降负荷减购电区,0.0,-34.69499999999999
-34.49655000000001,降负荷减购电区,0.0,-34.49655000000001
-41.011649999999975,降负荷减购电区,0.0,-41.011649999999975
-46.52099999999996,降负荷减购电区,0.0,-46.52099999999996
-58.20254999999997,降负荷减购电区,0.0,-58.20254999999997
-49.782599999999945,降负荷减购电区,0.0,-49.782599999999945
-30.31604999999996,降负荷减购电区,0.0,-30.31604999999996
-15.945749999999975,降负荷减购电区,0.0,-15.945749999999975
-21.4794,降负荷减购电区,0.0,-21.4794
-25.051499999999976,降负荷减购电区,0.0,-25.051499999999976
-23.686199999999985,降负荷减购电区,0.0,-23.686199999999985
-25.790399999999977,降负荷减购电区,0.0,-25.790399999999977
-44.40780000000001,降负荷减购电区,0.0,-44.40780000000001
-44.652600000000064,降负荷减购电区,0.0,-44.652600000000064
-69.66494999999998,降负荷减购电区,0.0,-69.66494999999998
-61.749900000000025,降负荷减购电区,0.0,-61.749900000000025
-70.85700000000003,降负荷减购电区,0.0,-70.85700000000003
-73.87200000000007,降负荷减购电区,0.0,-73.87200000000007
-52.797600000000045,降负荷减购电区,0.0,-52.797600000000045
-34.2670500000001,降负荷减购电区,0.0,-34.2670500000001
21.899700000000053,弃电吸收区,-21.899700000000053,0.0
22.66920000000005,弃电吸收区,-22.66920000000005,0.0
21.66119999999989,弃电吸收区,-21.66119999999989,0.0
18.170999999999932,弃电吸收区,-18.170999999999932,0.0
-11.242800000000102,降负荷减购电区,0.0,-11.242800000000102
-19.13355000000001,降负荷减购电区,0.0,-19.13355000000001
-53.33400000000006,降负荷减购电区,0.0,-53.33400000000006
-57.35160000000008,降负荷减购电区,0.0,-57.35160000000008
-82.30319999999995,降负荷减购电区,0.0,-82.30319999999995
-68.46840000000003,降负荷减购电区,0.0,-68.46840000000003
-59.91119999999995,降负荷减购电区,0.0,-59.91119999999995
-37.584,降负荷减购电区,0.0,-37.584
-19.27080000000001,降负荷减购电区,0.0,-19.27080000000001
-51.775199999999984,降负荷减购电区,0.0,-51.775199999999984
-57.582,降负荷减购电区,0.0,-57.582
-60.87014999999997,降负荷减购电区,0.0,-60.87014999999997
-52.67160000000001,降负荷减购电区,0.0,-52.67160000000001
-50.85359999999992,降负荷减购电区,0.0,-50.85359999999992
-69.07274999999993,降负荷减购电区,0.0,-69.07274999999993
-52.40610000000004,降负荷减购电区,0.0,-52.40610000000004
-16.102350000000058,降负荷减购电区,0.0,-16.102350000000058
21.36959999999999,弃电吸收区,-21.36959999999999,0.0
22.643100000000004,弃电吸收区,-22.643100000000004,0.0
22.26555000000008,弃电吸收区,-22.26555000000008,0.0
22.48739999999998,弃电吸收区,-22.48739999999998,0.0
18.065699999999996,弃电吸收区,-18.065699999999996,0.0
-61.137,降负荷减购电区,0.0,-61.137
-60.30360000000002,降负荷减购电区,0.0,-60.30360000000002
-53.14095000000009,降负荷减购电区,0.0,-53.14095000000009
-56.14560000000006,降负荷减购电区,0.0,-56.14560000000006
-73.00799999999998,降负荷减购电区,0.0,-73.00799999999998
-58.091399999999965,降负荷减购电区,0.0,-58.091399999999965
-15.759000000000016,降负荷减购电区,0.0,-15.759000000000016
-12.695850000000007,降负荷减购电区,0.0,-12.695850000000007
118.97010000000006,弃电吸收区,-118.97010000000006,0.0
116.12610000000006,弃电吸收区,-116.12610000000006,0.0
111.42945000000005,弃电吸收区,-111.42945000000005,0.0
-22.34790000000004,降负荷减购电区,0.0,-22.34790000000004
-21.510000000000048,降负荷减购电区,0.0,-21.510000000000048
-22.82220000000001,降负荷减购电区,0.0,-22.82220000000001
-31.37220000000002,降负荷减购电区,0.0,-31.37220000000002
-47.92950000000002,降负荷减购电区,0.0,-47.92950000000002
-41.455799999999954,降负荷减购电区,0.0,-41.455799999999954
-39.74670000000003,降负荷减购电区,0.0,-39.74670000000003
-63.96434999999991,降负荷减购电区,0.0,-63.96434999999991
-54.11880000000002,降负荷减购电区,0.0,-54.11880000000002
-43.14465000000001,降负荷减购电区,0.0,-43.14465000000001
-30.235950000000003,降负荷减购电区,0.0,-30.235950000000003
-22.55264999999997,降负荷减购电区,0.0,-22.55264999999997
-16.277849999999944,降负荷减购电区,0.0,-16.277849999999944
-14.751899999999978,降负荷减购电区,0.0,-14.751899999999978
-18.418499999999995,降负荷减购电区,0.0,-18.418499999999995
-19.23165000000006,降负荷减购电区,0.0,-19.23165000000006
-35.12700000000001,降负荷减购电区,0.0,-35.12700000000001
-30.71204999999992,降负荷减购电区,0.0,-30.71204999999992
-24.533999999999992,降负荷减购电区,0.0,-24.533999999999992
-45.72315000000003,降负荷减购电区,0.0,-45.72315000000003
-34.839450000000056,降负荷减购电区,0.0,-34.839450000000056
-14.346000000000004,降负荷减购电区,0.0,-14.346000000000004
-14.090399999999988,降负荷减购电区,0.0,-14.090399999999988
-12.70350000000002,降负荷减购电区,0.0,-12.70350000000002
-5.0283000000000015,降负荷减购电区,0.0,-5.0283000000000015
-3.194999999999993,降负荷减购电区,0.0,-3.194999999999993
-13.130999999999972,降负荷减购电区,0.0,-13.130999999999972
-16.05419999999998,降负荷减购电区,0.0,-16.05419999999998
-17.4366,降负荷减购电区,0.0,-17.4366
-43.79850000000005,降负荷减购电区,0.0,-43.79850000000005
-57.479400000000055,降负荷减购电区,0.0,-57.479400000000055
-53.02080000000001,降负荷减购电区,0.0,-53.02080000000001
-45.7695,降负荷减购电区,0.0,-45.7695
-52.81695000000002,降负荷减购电区,0.0,-52.81695000000002
-61.84575000000001,降负荷减购电区,0.0,-61.84575000000001
-38.249100000000055,降负荷减购电区,0.0,-38.249100000000055
-31.344299999999976,降负荷减购电区,0.0,-31.344299999999976
-34.1721,降负荷减购电区,0.0,-34.1721
-26.42040000000009,降负荷减购电区,0.0,-26.42040000000009
-54.87479999999999,降负荷减购电区,0.0,-54.87479999999999
-41.04630000000009,降负荷减购电区,0.0,-41.04630000000009
-26.55585000000002,降负荷减购电区,0.0,-26.55585000000002
-73.11419999999998,降负荷减购电区,0.0,-73.11419999999998
-78.05339999999995,降负荷减购电区,0.0,-78.05339999999995
-84.29849999999993,降负荷减购电区,0.0,-84.29849999999993
-30.11714999999998,降负荷减购电区,0.0,-30.11714999999998
-25.08480000000003,降负荷减购电区,0.0,-25.08480000000003
-22.706099999999992,降负荷减购电区,0.0,-22.706099999999992
-20.262599999999964,降负荷减购电区,0.0,-20.262599999999964
-16.728300000000047,降负荷减购电区,0.0,-16.728300000000047
-15.2235,降负荷减购电区,0.0,-15.2235
-13.656600000000026,降负荷减购电区,0.0,-13.656600000000026
-15.84495000000004,降负荷减购电区,0.0,-15.84495000000004
-18.62280000000004,降负荷减购电区,0.0,-18.62280000000004
-16.580250000000035,降负荷减购电区,0.0,-16.580250000000035
-18.37799999999993,降负荷减购电区,0.0,-18.37799999999993
-21.12480000000005,降负荷减购电区,0.0,-21.12480000000005
-31.462200000000053,降负荷减购电区,0.0,-31.462200000000053
-54.99720000000008,降负荷减购电区,0.0,-54.99720000000008
-49.77630000000005,降负荷减购电区,0.0,-49.77630000000005
-24.00480000000005,降负荷减购电区,0.0,-24.00480000000005
-19.960649999999987,降负荷减购电区,0.0,-19.960649999999987
-11.49210000000005,降负荷减购电区,0.0,-11.49210000000005
-29.25900000000001,降负荷减购电区,0.0,-29.25900000000001
-27.95849999999996,降负荷减购电区,0.0,-27.95849999999996
-45.74115000000006,降负荷减购电区,0.0,-45.74115000000006
-22.939200000000028,降负荷减购电区,0.0,-22.939200000000028
-8.148599999999988,降负荷减购电区,0.0,-8.148599999999988
-12.238200000000006,降负荷减购电区,0.0,-12.238200000000006
-15.82200000000006,降负荷减购电区,0.0,-15.82200000000006
-16.612199999999973,降负荷减购电区,0.0,-16.612199999999973
-14.366250000000036,降负荷减购电区,0.0,-14.366250000000036
-8.106300000000033,降负荷减购电区,0.0,-8.106300000000033
-9.376199999999985,降负荷减购电区,0.0,-9.376199999999985
-7.906949999999995,降负荷减购电区,0.0,-7.906949999999995
-21.61574999999999,降负荷减购电区,0.0,-21.61574999999999
-19.16999999999996,降负荷减购电区,0.0,-19.16999999999996
-22.75920000000008,降负荷减购电区,0.0,-22.75920000000008
-20.51954999999998,降负荷减购电区,0.0,-20.51954999999998
-20.879099999999998,降负荷减购电区,0.0,-20.879099999999998
-17.58960000000002,降负荷减购电区,0.0,-17.58960000000002
-11.087999999999964,降负荷减购电区,0.0,-11.087999999999964
-13.361400000000003,降负荷减购电区,0.0,-13.361400000000003
-24.885000000000105,降负荷减购电区,0.0,-24.885000000000105
-14.594400000000064,降负荷减购电区,0.0,-14.594400000000064
-7.546500000000037,降负荷减购电区,0.0,-7.546500000000037
-9.1314000000001,降负荷减购电区,0.0,-9.1314000000001
-10.675800000000097,降负荷减购电区,0.0,-10.675800000000097
-32.11020000000008,降负荷减购电区,0.0,-32.11020000000008
-30.352949999999964,降负荷减购电区,0.0,-30.352949999999964
-27.670500000000004,降负荷减购电区,0.0,-27.670500000000004
-27.46799999999996,降负荷减购电区,0.0,-27.46799999999996
-26.90639999999996,降负荷减购电区,0.0,-26.90639999999996
-22.3254,降负荷减购电区,0.0,-22.3254
-10.648799999999994,降负荷减购电区,0.0,-10.648799999999994
-24.742800000000045,降负荷减购电区,0.0,-24.742800000000045
-28.899,降负荷减购电区,0.0,-28.899
-30.105000000000015,降负荷减购电区,0.0,-30.105000000000015
-33.84540000000004,降负荷减购电区,0.0,-33.84540000000004
-29.27834999999999,降负荷减购电区,0.0,-29.27834999999999
-26.5077,降负荷减购电区,0.0,-26.5077
-38.72789999999998,降负荷减购电区,0.0,-38.72789999999998
-24.291,降负荷减购电区,0.0,-24.291
-36.54944999999998,降负荷减购电区,0.0,-36.54944999999998
-37.04895000000005,降负荷减购电区,0.0,-37.04895000000005
-33.27299999999997,降负荷减购电区,0.0,-33.27299999999997
-21.801150000000007,降负荷减购电区,0.0,-21.801150000000007
-18.873450000000048,降负荷减购电区,0.0,-18.873450000000048
-19.349550000000026,降负荷减购电区,0.0,-19.349550000000026
-18.016200000000023,降负荷减购电区,0.0,-18.016200000000023
-15.380549999999973,降负荷减购电区,0.0,-15.380549999999973
-28.55565000000001,降负荷减购电区,0.0,-28.55565000000001
-9.452249999999992,降负荷减购电区,0.0,-9.452249999999992
-10.882799999999976,降负荷减购电区,0.0,-10.882799999999976
-11.390400000000056,降负荷减购电区,0.0,-11.390400000000056
-13.688999999999965,降负荷减购电区,0.0,-13.688999999999965
-37.47599999999994,降负荷减购电区,0.0,-37.47599999999994
-42.43770000000001,降负荷减购电区,0.0,-42.43770000000001
-21.082949999999983,降负荷减购电区,0.0,-21.082949999999983
-42.64019999999999,降负荷减购电区,0.0,-42.64019999999999
-58.61925000000002,降负荷减购电区,0.0,-58.61925000000002
-57.64275000000004,降负荷减购电区,0.0,-57.64275000000004
-58.80060000000003,降负荷减购电区,0.0,-58.80060000000003
-55.86030000000005,降负荷减购电区,0.0,-55.86030000000005
-52.3485,降负荷减购电区,0.0,-52.3485
-27.75509999999997,降负荷减购电区,0.0,-27.75509999999997
-19.682999999999996,降负荷减购电区,0.0,-19.682999999999996
-40.59000000000003,降负荷减购电区,0.0,-40.59000000000003
45.19619999999986,弃电吸收区,-45.19619999999986,0.0
22.675949999999943,弃电吸收区,-22.675949999999943,0.0
22.467599999999948,弃电吸收区,-22.467599999999948,0.0
18.764999999999983,弃电吸收区,-18.764999999999983,0.0
-5.42655000000002,降负荷减购电区,0.0,-5.42655000000002
-13.546800000000076,降负荷减购电区,0.0,-13.546800000000076
-17.391599999999926,降负荷减购电区,0.0,-17.391599999999926
-25.04340000000002,降负荷减购电区,0.0,-25.04340000000002
-20.60910000000001,降负荷减购电区,0.0,-20.60910000000001
-13.122000000000073,降负荷减购电区,0.0,-13.122000000000073
-24.44130000000001,降负荷减购电区,0.0,-24.44130000000001
-17.914949999999976,降负荷减购电区,0.0,-17.914949999999976
-12.21029999999996,降负荷减购电区,0.0,-12.21029999999996
-22.87440000000004,降负荷减购电区,0.0,-22.87440000000004
-21.814200000000028,降负荷减购电区,0.0,-21.814200000000028
-18.31545,降负荷减购电区,0.0,-18.31545
-20.537999999999958,降负荷减购电区,0.0,-20.537999999999958
-29.505600000000012,降负荷减购电区,0.0,-29.505600000000012
-23.645699999999977,降负荷减购电区,0.0,-23.645699999999977
-7.389449999999954,降负荷减购电区,0.0,-7.389449999999954
-16.614000000000033,降负荷减购电区,0.0,-16.614000000000033
-26.81279999999998,降负荷减购电区,0.0,-26.81279999999998
-56.08800000000002,降负荷减购电区,0.0,-56.08800000000002
-55.53989999999999,降负荷减购电区,0.0,-55.53989999999999
-51.85080000000005,降负荷减购电区,0.0,-51.85080000000005
-46.62630000000007,降负荷减购电区,0.0,-46.62630000000007
-35.68455,降负荷减购电区,0.0,-35.68455
-20.292299999999955,降负荷减购电区,0.0,-20.292299999999955
-25.540200000000027,降负荷减购电区,0.0,-25.540200000000027
-28.420200000000023,降负荷减购电区,0.0,-28.420200000000023
-33.067800000000034,降负荷减购电区,0.0,-33.067800000000034
-67.71645000000001,降负荷减购电区,0.0,-67.71645000000001
-61.98480000000001,降负荷减购电区,0.0,-61.98480000000001
-58.74525,降负荷减购电区,0.0,-58.74525
-71.51759999999996,降负荷减购电区,0.0,-71.51759999999996
-85.4991,降负荷减购电区,0.0,-85.4991
-61.04610000000002,降负荷减购电区,0.0,-61.04610000000002
-53.07884999999999,降负荷减购电区,0.0,-53.07884999999999
-51.66630000000004,降负荷减购电区,0.0,-51.66630000000004
-81.41219999999998,降负荷减购电区,0.0,-81.41219999999998
-54.36989999999997,降负荷减购电区,0.0,-54.36989999999997
-67.93109999999999,降负荷减购电区,0.0,-67.93109999999999
-64.39589999999998,降负荷减购电区,0.0,-64.39589999999998
-58.14450000000005,降负荷减购电区,0.0,-58.14450000000005
-73.4031,降负荷减购电区,0.0,-73.4031
-62.07839999999999,降负荷减购电区,0.0,-62.07839999999999
-51.19155000000001,降负荷减购电区,0.0,-51.19155000000001
-23.06790000000001,降负荷减购电区,0.0,-23.06790000000001
-21.550499999999943,降负荷减购电区,0.0,-21.550499999999943
-21.581999999999997,降负荷减购电区,0.0,-21.581999999999997
-40.03110000000004,降负荷减购电区,0.0,-40.03110000000004
-49.2858,降负荷减购电区,0.0,-49.2858
-17.279549999999972,降负荷减购电区,0.0,-17.279549999999972
-13.669200000000046,降负荷减购电区,0.0,-13.669200000000046
-7.79219999999998,降负荷减购电区,0.0,-7.79219999999998
-8.67960000000005,降负荷减购电区,0.0,-8.67960000000005
-10.080900000000042,降负荷减购电区,0.0,-10.080900000000042
-24.678,降负荷减购电区,0.0,-24.678
-27.322199999999956,降负荷减购电区,0.0,-27.322199999999956
-27.44010000000003,降负荷减购电区,0.0,-27.44010000000003
-23.695200000000057,降负荷减购电区,0.0,-23.695200000000057
-30.9348,降负荷减购电区,0.0,-30.9348
-12.36420000000004,降负荷减购电区,0.0,-12.36420000000004
-17.762399999999957,降负荷减购电区,0.0,-17.762399999999957
-20.64195000000001,降负荷减购电区,0.0,-20.64195000000001
-19.027800000000013,降负荷减购电区,0.0,-19.027800000000013
-18.645299999999963,降负荷减购电区,0.0,-18.645299999999963
-15.926850000000002,降负荷减购电区,0.0,-15.926850000000002
-24.79185000000001,降负荷减购电区,0.0,-24.79185000000001
-22.57740000000001,降负荷减购电区,0.0,-22.57740000000001
-17.247600000000034,降负荷减购电区,0.0,-17.247600000000034
-27.19440000000003,降负荷减购电区,0.0,-27.19440000000003
-31.43520000000001,降负荷减购电区,0.0,-31.43520000000001
-29.944799999999987,降负荷减购电区,0.0,-29.944799999999987
-34.15950000000004,降负荷减购电区,0.0,-34.15950000000004
-29.17439999999999,降负荷减购电区,0.0,-29.17439999999999
-16.086599999999976,降负荷减购电区,0.0,-16.086599999999976
-24.201900000000023,降负荷减购电区,0.0,-24.201900000000023
-23.052149999999983,降负荷减购电区,0.0,-23.052149999999983
-44.391600000000096,降负荷减购电区,0.0,-44.391600000000096
-32.86890000000005,降负荷减购电区,0.0,-32.86890000000005
-27.835200000000043,降负荷减购电区,0.0,-27.835200000000043
-20.953800000000054,降负荷减购电区,0.0,-20.953800000000054
-53.32004999999998,降负荷减购电区,0.0,-53.32004999999998
-52.05554999999998,降负荷减购电区,0.0,-52.05554999999998
-36.31815000000006,降负荷减购电区,0.0,-36.31815000000006
-25.17435000000006,降负荷减购电区,0.0,-25.17435000000006
-43.77780000000001,降负荷减购电区,0.0,-43.77780000000001
-35.175599999999974,降负荷减购电区,0.0,-35.175599999999974
-38.97900000000004,降负荷减购电区,0.0,-38.97900000000004
-48.72239999999999,降负荷减购电区,0.0,-48.72239999999999
-55.6542,降负荷减购电区,0.0,-55.6542
-40.27455000000009,降负荷减购电区,0.0,-40.27455000000009
-71.39745000000005,降负荷减购电区,0.0,-71.39745000000005
-112.4631,降负荷减购电区,0.0,-112.4631
-100.35990000000004,降负荷减购电区,0.0,-100.35990000000004
-75.32459999999998,降负荷减购电区,0.0,-75.32459999999998
-66.47040000000004,降负荷减购电区,0.0,-66.47040000000004
-60.26085000000006,降负荷减购电区,0.0,-60.26085000000006
-27.71460000000002,降负荷减购电区,0.0,-27.71460000000002
-13.868550000000027,降负荷减购电区,0.0,-13.868550000000027
-31.17915000000005,降负荷减购电区,0.0,-31.17915000000005
-32.47964999999999,降负荷减购电区,0.0,-32.47964999999999
-18.557999999999996,降负荷减购电区,0.0,-18.557999999999996
-19.41480000000001,降负荷减购电区,0.0,-19.41480000000001
-12.58605,降负荷减购电区,0.0,-12.58605
-14.616449999999986,降负荷减购电区,0.0,-14.616449999999986
-32.63760000000002,降负荷减购电区,0.0,-32.63760000000002
-40.9914,降负荷减购电区,0.0,-40.9914
-12.04019999999997,降负荷减购电区,0.0,-12.04019999999997
-14.506650000000036,降负荷减购电区,0.0,-14.506650000000036
-11.146500000000003,降负荷减购电区,0.0,-11.146500000000003
-34.936199999999985,降负荷减购电区,0.0,-34.936199999999985
-57.66929999999997,降负荷减购电区,0.0,-57.66929999999997
-51.68610000000001,降负荷减购电区,0.0,-51.68610000000001
-59.80679999999995,降负荷减购电区,0.0,-59.80679999999995
-54.81900000000002,降负荷减购电区,0.0,-54.81900000000002
-53.20619999999997,降负荷减购电区,0.0,-53.20619999999997
-51.70230000000004,降负荷减购电区,0.0,-51.70230000000004
-40.38344999999998,降负荷减购电区,0.0,-40.38344999999998
-17.1207,降负荷减购电区,0.0,-17.1207
-12.376800000000005,降负荷减购电区,0.0,-12.376800000000005
-15.34140000000002,降负荷减购电区,0.0,-15.34140000000002
-13.983299999999986,降负荷减购电区,0.0,-13.983299999999986
22.094999999999917,弃电吸收区,-22.094999999999917,0.0
22.522499999999923,弃电吸收区,-22.522499999999923,0.0
22.208399999999983,弃电吸收区,-22.208399999999983,0.0
21.37365,弃电吸收区,-21.37365,0.0
18.347849999999998,弃电吸收区,-18.347849999999998,0.0
-16.919999999999902,降负荷减购电区,0.0,-16.919999999999902
-19.46339999999998,降负荷减购电区,0.0,-19.46339999999998
-20.87190000000004,降负荷减购电区,0.0,-20.87190000000004
-44.76465000000002,降负荷减购电区,0.0,-44.76465000000002
-57.19905,降负荷减购电区,0.0,-57.19905
-43.69545,降负荷减购电区,0.0,-43.69545
-24.027750000000022,降负荷减购电区,0.0,-24.027750000000022
-22.87439999999998,降负荷减购电区,0.0,-22.87439999999998
-58.844250000000045,降负荷减购电区,0.0,-58.844250000000045
-63.4923,降负荷减购电区,0.0,-63.4923
-44.577,降负荷减购电区,0.0,-44.577
-18.660600000000045,降负荷减购电区,0.0,-18.660600000000045
-16.759799999999984,降负荷减购电区,0.0,-16.759799999999984
-14.661,降负荷减购电区,0.0,-14.661
-12.805200000000012,降负荷减购电区,0.0,-12.805200000000012
39.70755000000008,弃电吸收区,-39.70755000000008,0.0
22.644000000000005,弃电吸收区,-22.644000000000005,0.0
22.61699999999996,弃电吸收区,-22.61699999999996,0.0
22.66019999999992,弃电吸收区,-22.66019999999992,0.0
22.57199999999989,弃电吸收区,-22.57199999999989,0.0
22.54409999999996,弃电吸收区,-22.54409999999996,0.0
18.439199999999914,弃电吸收区,-18.439199999999914,0.0
-15.192900000000009,降负荷减购电区,0.0,-15.192900000000009
-13.479299999999968,降负荷减购电区,0.0,-13.479299999999968
-11.669399999999996,降负荷减购电区,0.0,-11.669399999999996
-13.07159999999999,降负荷减购电区,0.0,-13.07159999999999
-9.68220000000008,降负荷减购电区,0.0,-9.68220000000008
-13.87349999999998,降负荷减购电区,0.0,-13.87349999999998
-18.26460000000003,降负荷减购电区,0.0,-18.26460000000003
-30.94199999999995,降负荷减购电区,0.0,-30.94199999999995
-25.970399999999984,降负荷减购电区,0.0,-25.970399999999984
-24.611400000000003,降负荷减购电区,0.0,-24.611400000000003
-21.4785,降负荷减购电区,0.0,-21.4785
-18.81000000000006,降负荷减购电区,0.0,-18.81000000000006
-14.587199999999996,降负荷减购电区,0.0,-14.587199999999996
-14.503049999999972,降负荷减购电区,0.0,-14.503049999999972
-27.175499999999943,降负荷减购电区,0.0,-27.175499999999943
-20.805300000000045,降负荷减购电区,0.0,-20.805300000000045
-16.225199999999973,降负荷减购电区,0.0,-16.225199999999973
26.920799999999986,弃电吸收区,-26.920799999999986,0.0
22.675049999999946,弃电吸收区,-22.675049999999946,0.0
21.4434,弃电吸收区,-21.4434,0.0
22.65930000000003,弃电吸收区,-22.65930000000003,0.0
20.752200000000016,弃电吸收区,-20.752200000000016,0.0
-35.184600000000046,降负荷减购电区,0.0,-35.184600000000046
-65.61270000000002,降负荷减购电区,0.0,-65.61270000000002
-71.18460000000005,降负荷减购电区,0.0,-71.18460000000005
-84.03300000000002,降负荷减购电区,0.0,-84.03300000000002
-102.36330000000004,降负荷减购电区,0.0,-102.36330000000004
-74.24279999999999,降负荷减购电区,0.0,-74.24279999999999
-53.65350000000001,降负荷减购电区,0.0,-53.65350000000001
-29.277900000000045,降负荷减购电区,0.0,-29.277900000000045
-20.237399999999923,降负荷减购电区,0.0,-20.237399999999923
-39.32774999999998,降负荷减购电区,0.0,-39.32774999999998
-36.34649999999999,降负荷减购电区,0.0,-36.34649999999999
-21.14100000000002,降负荷减购电区,0.0,-21.14100000000002
-13.39919999999995,降负荷减购电区,0.0,-13.39919999999995
-9.685799999999972,降负荷减购电区,0.0,-9.685799999999972
-13.149,降负荷减购电区,0.0,-13.149
-36.05399999999997,降负荷减购电区,0.0,-36.05399999999997
-33.94260000000003,降负荷减购电区,0.0,-33.94260000000003
-32.80500000000001,降负荷减购电区,0.0,-32.80500000000001
-31.827149999999904,降负荷减购电区,0.0,-31.827149999999904
-29.465100000000007,降负荷减购电区,0.0,-29.465100000000007
-30.916799999999967,降负荷减购电区,0.0,-30.916799999999967
-19.32075000000009,降负荷减购电区,0.0,-19.32075000000009
21.66930000000002,弃电吸收区,-21.66930000000002,0.0
22.540500000000065,弃电吸收区,-22.540500000000065,0.0
22.52520000000004,弃电吸收区,-22.52520000000004,0.0
22.67009999999993,弃电吸收区,-22.67009999999993,0.0
22.43520000000001,弃电吸收区,-22.43520000000001,0.0
18.17909999999995,弃电吸收区,-18.17909999999995,0.0
-6.912450000000092,降负荷减购电区,0.0,-6.912450000000092
-22.6053,降负荷减购电区,0.0,-22.6053
-21.5136,降负荷减购电区,0.0,-21.5136
-20.065500000000043,降负荷减购电区,0.0,-20.065500000000043
-9.821249999999964,降负荷减购电区,0.0,-9.821249999999964
-9.2106,降负荷减购电区,0.0,-9.2106
-12.35654999999997,降负荷减购电区,0.0,-12.35654999999997
-28.62224999999995,降负荷减购电区,0.0,-28.62224999999995
-28.996199999999988,降负荷减购电区,0.0,-28.996199999999988
-25.923599999999965,降负荷减购电区,0.0,-25.923599999999965
-21.466800000000035,降负荷减购电区,0.0,-21.466800000000035
-24.714,降负荷减购电区,0.0,-24.714
-23.11020000000002,降负荷减购电区,0.0,-23.11020000000002
-18.94769999999994,降负荷减购电区,0.0,-18.94769999999994
-21.064500000000063,降负荷减购电区,0.0,-21.064500000000063
-19.178999999999974,降负荷减购电区,0.0,-19.178999999999974
-13.53060000000005,降负荷减购电区,0.0,-13.53060000000005
-35.73810000000003,降负荷减购电区,0.0,-35.73810000000003
-38.81430000000006,降负荷减购电区,0.0,-38.81430000000006
-35.56980000000004,降负荷减购电区,0.0,-35.56980000000004
-15.418800000000031,降负荷减购电区,0.0,-15.418800000000031
-11.670300000000111,降负荷减购电区,0.0,-11.670300000000111
-7.731000000000108,降负荷减购电区,0.0,-7.731000000000108
-8.607600000000048,降负荷减购电区,0.0,-8.607600000000048
-7.472250000000031,降负荷减购电区,0.0,-7.472250000000031
-38.65140000000002,降负荷减购电区,0.0,-38.65140000000002
-18.55800000000005,降负荷减购电区,0.0,-18.55800000000005
-17.88749999999999,降负荷减购电区,0.0,-17.88749999999999
-31.84020000000004,降负荷减购电区,0.0,-31.84020000000004
-20.6721,降负荷减购电区,0.0,-20.6721
-20.792250000000024,降负荷减购电区,0.0,-20.792250000000024
-18.301050000000032,降负荷减购电区,0.0,-18.301050000000032
-12.857399999999984,降负荷减购电区,0.0,-12.857399999999984
-31.63590000000005,降负荷减购电区,0.0,-31.63590000000005
-67.17779999999999,降负荷减购电区,0.0,-67.17779999999999
-58.94010000000003,降负荷减购电区,0.0,-58.94010000000003
-29.88900000000001,降负荷减购电区,0.0,-29.88900000000001
13.91579999999999,购电边际区,-13.91579999999999,0.0
12.936600000000112,弃电吸收区,-12.936600000000112,0.0
17.312400000000025,弃电吸收区,-17.312400000000025,0.0
36.827999999999975,弃电吸收区,-36.827999999999975,0.0
38.802599999999984,弃电吸收区,-38.802599999999984,0.0
37.02779999999996,弃电吸收区,-37.02779999999996,0.0
-19.404000000000053,降负荷减购电区,0.0,-19.404000000000053
-12.466800000000037,降负荷减购电区,0.0,-12.466800000000037
-42.94440000000009,降负荷减购电区,0.0,-42.94440000000009
-40.59179999999998,降负荷减购电区,0.0,-40.59179999999998
-39.4812,降负荷减购电区,0.0,-39.4812
-23.553,降负荷减购电区,0.0,-23.553
-18.501750000000012,降负荷减购电区,0.0,-18.501750000000012
-21.03120000000007,降负荷减购电区,0.0,-21.03120000000007
-21.99780000000004,降负荷减购电区,0.0,-21.99780000000004
-23.425200000000014,降负荷减购电区,0.0,-23.425200000000014
-20.087999999999965,降负荷减购电区,0.0,-20.087999999999965
-17.194500000000062,降负荷减购电区,0.0,-17.194500000000062
-35.04554999999999,降负荷减购电区,0.0,-35.04554999999999
-33.408000000000015,降负荷减购电区,0.0,-33.408000000000015
-33.73739999999998,降负荷减购电区,0.0,-33.73739999999998
-56.54160000000008,降负荷减购电区,0.0,-56.54160000000008
-71.64855,降负荷减购电区,0.0,-71.64855
-54.28395000000006,降负荷减购电区,0.0,-54.28395000000006
-72.9882,降负荷减购电区,0.0,-72.9882
-67.19985000000003,降负荷减购电区,0.0,-67.19985000000003
33.4683,弃电吸收区,-33.4683,0.0
35.09144999999995,弃电吸收区,-35.09144999999995,0.0
63.3073500000001,弃电吸收区,-63.3073500000001,0.0
57.10815000000002,弃电吸收区,-57.10815000000002,0.0
92.6055,弃电吸收区,-92.6055,0.0
21.420450000000077,弃电吸收区,-21.420450000000077,0.0
17.485650000000078,弃电吸收区,-17.485650000000078,0.0
21.994199999999974,弃电吸收区,-21.994199999999974,0.0
21.798,弃电吸收区,-21.798,0.0
15.167699999999968,弃电吸收区,-15.167699999999968,0.0
-29.19195000000008,降负荷减购电区,0.0,-29.19195000000008
-28.9061999999999,降负荷减购电区,0.0,-28.9061999999999
-33.44309999999996,降负荷减购电区,0.0,-33.44309999999996
-29.611800000000017,降负荷减购电区,0.0,-29.611800000000017
-31.65840000000009,降负荷减购电区,0.0,-31.65840000000009
-21.950999999999965,降负荷减购电区,0.0,-21.950999999999965
-25.272000000000048,降负荷减购电区,0.0,-25.272000000000048
-27.74834999999996,降负荷减购电区,0.0,-27.74834999999996
-30.396600000000035,降负荷减购电区,0.0,-30.396600000000035
-31.06079999999997,降负荷减购电区,0.0,-31.06079999999997
-28.88190000000003,降负荷减购电区,0.0,-28.88190000000003
-32.990399999999994,降负荷减购电区,0.0,-32.990399999999994
-22.469400000000007,降负荷减购电区,0.0,-22.469400000000007
-25.4871,降负荷减购电区,0.0,-25.4871
-34.744500000000016,降负荷减购电区,0.0,-34.744500000000016
-32.844600000000014,降负荷减购电区,0.0,-32.844600000000014
-34.01999999999998,降负荷减购电区,0.0,-34.01999999999998
-37.57319999999999,降负荷减购电区,0.0,-37.57319999999999
-38.77019999999999,降负荷减购电区,0.0,-38.77019999999999
-27.086849999999917,降负荷减购电区,0.0,-27.086849999999917
-24.612299999999948,降负荷减购电区,0.0,-24.612299999999948
-25.362900000000025,降负荷减购电区,0.0,-25.362900000000025
-26.956799999999987,降负荷减购电区,0.0,-26.956799999999987
-25.98660000000001,降负荷减购电区,0.0,-25.98660000000001
-22.97429999999997,降负荷减购电区,0.0,-22.97429999999997
-41.57910000000004,降负荷减购电区,0.0,-41.57910000000004
-40.66919999999999,降负荷减购电区,0.0,-40.66919999999999
-57.93750000000006,降负荷减购电区,0.0,-57.93750000000006
-56.02050000000003,降负荷减购电区,0.0,-56.02050000000003
-58.48199999999997,降负荷减购电区,0.0,-58.48199999999997
-26.37584999999996,降负荷减购电区,0.0,-26.37584999999996
-10.61775,降负荷减购电区,0.0,-10.61775
-14.545799999999929,降负荷减购电区,0.0,-14.545799999999929
-15.466049999999996,降负荷减购电区,0.0,-15.466049999999996
-12.03525000000002,降负荷减购电区,0.0,-12.03525000000002
-9.48599999999999,降负荷减购电区,0.0,-9.48599999999999
-8.83080000000001,降负荷减购电区,0.0,-8.83080000000001
-9.910800000000052,降负荷减购电区,0.0,-9.910800000000052
-4.140450000000044,降负荷减购电区,0.0,-4.140450000000044
-26.770500000000084,降负荷减购电区,0.0,-26.770500000000084
-29.71485000000007,降负荷减购电区,0.0,-29.71485000000007
-30.13379999999995,降负荷减购电区,0.0,-30.13379999999995
-32.08679999999998,降负荷减购电区,0.0,-32.08679999999998
-34.434000000000026,降负荷减购电区,0.0,-34.434000000000026
-32.65875,降负荷减购电区,0.0,-32.65875
-11.485799999999928,降负荷减购电区,0.0,-11.485799999999928
21.268799999999946,弃电吸收区,-21.268799999999946,0.0
21.7953,弃电吸收区,-21.7953,0.0
22.08420000000001,弃电吸收区,-22.08420000000001,0.0
21.505949999999984,弃电吸收区,-21.505949999999984,0.0
-8.837999999999965,降负荷减购电区,0.0,-8.837999999999965
-11.7414,降负荷减购电区,0.0,-11.7414
-29.90204999999997,降负荷减购电区,0.0,-29.90204999999997
-58.55580000000003,降负荷减购电区,0.0,-58.55580000000003
-58.78620000000007,降负荷减购电区,0.0,-58.78620000000007
65.96459999999996,弃电吸收区,-65.96459999999996,0.0
98.42804999999998,弃电吸收区,-98.42804999999998,0.0
92.63519999999994,弃电吸收区,-92.63519999999994,0.0
97.80704999999988,弃电吸收区,-97.80704999999988,0.0
-13.8168,降负荷减购电区,0.0,-13.8168
-14.060699999999995,降负荷减购电区,0.0,-14.060699999999995
-17.611199999999997,降负荷减购电区,0.0,-17.611199999999997
-15.484500000000024,降负荷减购电区,0.0,-15.484500000000024
-9.47565000000003,降负荷减购电区,0.0,-9.47565000000003
-8.542799999999943,降负荷减购电区,0.0,-8.542799999999943
-27.410399999999925,降负荷减购电区,0.0,-27.410399999999925
-42.74505000000005,降负荷减购电区,0.0,-42.74505000000005
-44.49869999999999,降负荷减购电区,0.0,-44.49869999999999
-43.02000000000004,降负荷减购电区,0.0,-43.02000000000004
-39.62384999999995,降负荷减购电区,0.0,-39.62384999999995
-47.18969999999996,降负荷减购电区,0.0,-47.18969999999996
-22.831200000000024,降负荷减购电区,0.0,-22.831200000000024
-26.2709999999999,降负荷减购电区,0.0,-26.2709999999999
-15.760800000000016,降负荷减购电区,0.0,-15.760800000000016
-10.953000000000088,降负荷减购电区,0.0,-10.953000000000088
-15.984000000000036,降负荷减购电区,0.0,-15.984000000000036
-18.27900000000011,降负荷减购电区,0.0,-18.27900000000011
-26.93115,降负荷减购电区,0.0,-26.93115
-44.55000000000001,降负荷减购电区,0.0,-44.55000000000001
-50.66640000000001,降负荷减购电区,0.0,-50.66640000000001
-40.471649999999954,降负荷减购电区,0.0,-40.471649999999954
-35.88435000000004,降负荷减购电区,0.0,-35.88435000000004
-22.41089999999997,降负荷减购电区,0.0,-22.41089999999997
-10.390499999999976,降负荷减购电区,0.0,-10.390499999999976
-4.973850000000027,降负荷减购电区,0.0,-4.973850000000027
-26.94105000000002,降负荷减购电区,0.0,-26.94105000000002
-40.18860000000001,降负荷减购电区,0.0,-40.18860000000001
-39.36420000000004,降负荷减购电区,0.0,-39.36420000000004
74.83274999999998,弃电吸收区,-74.83274999999998,0.0
81.81990000000008,弃电吸收区,-81.81990000000008,0.0
81.49635,弃电吸收区,-81.49635,0.0
22.11435000000006,弃电吸收区,-22.11435000000006,0.0
21.99060000000009,弃电吸收区,-21.99060000000009,0.0
20.559150000000045,弃电吸收区,-20.559150000000045,0.0
-19.215900000000147,降负荷减购电区,0.0,-19.215900000000147
-49.23719999999997,降负荷减购电区,0.0,-49.23719999999997
-74.83499999999998,降负荷减购电区,0.0,-74.83499999999998
-46.69200000000012,降负荷减购电区,0.0,-46.69200000000012
-22.92300000000006,降负荷减购电区,0.0,-22.92300000000006
19.247400000000084,弃电吸收区,-19.247400000000084,0.0
21.788999999999987,弃电吸收区,-21.788999999999987,0.0
54.14625000000007,弃电吸收区,-54.14625000000007,0.0
-15.388200000000095,降负荷减购电区,0.0,-15.388200000000095
-46.392300000000034,降负荷减购电区,0.0,-46.392300000000034
-46.88100000000003,降负荷减购电区,0.0,-46.88100000000003
-36.46979999999997,降负荷减购电区,0.0,-36.46979999999997
-56.324250000000006,降负荷减购电区,0.0,-56.324250000000006
-67.17419999999998,降负荷减购电区,0.0,-67.17419999999998
-76.10400000000001,降负荷减购电区,0.0,-76.10400000000001
-62.38619999999997,降负荷减购电区,0.0,-62.38619999999997
-75.31559999999999,降负荷减购电区,0.0,-75.31559999999999
-61.23464999999993,降负荷减购电区,0.0,-61.23464999999993
-66.6252,降负荷减购电区,0.0,-66.6252
-59.98139999999995,降负荷减购电区,0.0,-59.98139999999995
-38.55600000000004,降负荷减购电区,0.0,-38.55600000000004
-44.75565,降负荷减购电区,0.0,-44.75565
-21.6225,降负荷减购电区,0.0,-21.6225
-34.065,降负荷减购电区,0.0,-34.065
-56.90159999999997,降负荷减购电区,0.0,-56.90159999999997
-60.60735,降负荷减购电区,0.0,-60.60735
-64.06829999999997,降负荷减购电区,0.0,-64.06829999999997
-90.08639999999995,降负荷减购电区,0.0,-90.08639999999995
-87.8805000000001,降负荷减购电区,0.0,-87.8805000000001
-83.30579999999998,降负荷减购电区,0.0,-83.30579999999998
-101.08710000000002,降负荷减购电区,0.0,-101.08710000000002
-78.12000000000006,降负荷减购电区,0.0,-78.12000000000006
-39.82319999999999,降负荷减购电区,0.0,-39.82319999999999
-20.727000000000032,降负荷减购电区,0.0,-20.727000000000032
-10.781100000000094,降负荷减购电区,0.0,-10.781100000000094
97.98345000000006,弃电吸收区,-97.98345000000006,0.0
103.50765000000008,弃电吸收区,-103.50765000000008,0.0
103.85145,弃电吸收区,-103.85145,0.0
93.35384999999997,弃电吸收区,-93.35384999999997,0.0
93.54420000000005,弃电吸收区,-93.54420000000005,0.0
67.84019999999998,弃电吸收区,-67.84019999999998,0.0
43.74630000000002,弃电吸收区,-43.74630000000002,0.0
38.95020000000005,弃电吸收区,-38.95020000000005,0.0
44.567099999999925,弃电吸收区,-44.567099999999925,0.0
77.64300000000003,弃电吸收区,-77.64300000000003,0.0
30.59099999999989,弃电吸收区,-30.59099999999989,0.0
-17.953200000000038,降负荷减购电区,0.0,-17.953200000000038
-17.0154,降负荷减购电区,0.0,-17.0154
-48.86594999999994,降负荷减购电区,0.0,-48.86594999999994
-70.88400000000001,降负荷减购电区,0.0,-70.88400000000001
-65.65500000000003,降负荷减购电区,0.0,-65.65500000000003
-30.047399999999985,降负荷减购电区,0.0,-30.047399999999985
-32.353200000000015,降负荷减购电区,0.0,-32.353200000000015
-31.178699999999992,降负荷减购电区,0.0,-31.178699999999992
-20.96729999999997,降负荷减购电区,0.0,-20.96729999999997
-18.84960000000001,降负荷减购电区,0.0,-18.84960000000001
-21.522600000000068,降负荷减购电区,0.0,-21.522600000000068
-15.04260000000005,降负荷减购电区,0.0,-15.04260000000005
-9.770400000000052,降负荷减购电区,0.0,-9.770400000000052
-24.65100000000001,降负荷减购电区,0.0,-24.65100000000001
-13.776299999999992,降负荷减购电区,0.0,-13.776299999999992
-10.966050000000052,降负荷减购电区,0.0,-10.966050000000052
-14.85990000000004,降负荷减购电区,0.0,-14.85990000000004
-19.679399999999987,降负荷减购电区,0.0,-19.679399999999987
-16.555499999999995,降负荷减购电区,0.0,-16.555499999999995
-23.94135,降负荷减购电区,0.0,-23.94135
-28.74780000000004,降负荷减购电区,0.0,-28.74780000000004
-28.518299999999957,降负荷减购电区,0.0,-28.518299999999957
-47.52044999999998,降负荷减购电区,0.0,-47.52044999999998
-43.11180000000002,降负荷减购电区,0.0,-43.11180000000002
-38.36340000000001,降负荷减购电区,0.0,-38.36340000000001
-31.305600000000027,降负荷减购电区,0.0,-31.305600000000027
-28.3716,降负荷减购电区,0.0,-28.3716
-49.89870000000002,降负荷减购电区,0.0,-49.89870000000002
-45.13499999999999,降负荷减购电区,0.0,-45.13499999999999
-33.86699999999996,降负荷减购电区,0.0,-33.86699999999996
-15.743250000000105,降负荷减购电区,0.0,-15.743250000000105
-18.137249999999995,降负荷减购电区,0.0,-18.137249999999995
-29.76119999999997,降负荷减购电区,0.0,-29.76119999999997
-25.73325,降负荷减购电区,0.0,-25.73325
-33.20819999999998,降负荷减购电区,0.0,-33.20819999999998
-11.181600000000005,降负荷减购电区,0.0,-11.181600000000005
-27.14444999999995,降负荷减购电区,0.0,-27.14444999999995
-30.9735,降负荷减购电区,0.0,-30.9735
-32.4828,降负荷减购电区,0.0,-32.4828
-32.182650000000024,降负荷减购电区,0.0,-32.182650000000024
-43.62300000000002,降负荷减购电区,0.0,-43.62300000000002
-63.06705,降负荷减购电区,0.0,-63.06705
-42.59880000000004,降负荷减购电区,0.0,-42.59880000000004
-37.15379999999999,降负荷减购电区,0.0,-37.15379999999999
-36.81180000000006,降负荷减购电区,0.0,-36.81180000000006
-21.76019999999994,降负荷减购电区,0.0,-21.76019999999994
-9.02879999999999,降负荷减购电区,0.0,-9.02879999999999
-13.357799999999996,降负荷减购电区,0.0,-13.357799999999996
18.79469999999992,弃电吸收区,-18.79469999999992,0.0
21.744000000000028,弃电吸收区,-21.744000000000028,0.0
21.24630000000002,弃电吸收区,-21.24630000000002,0.0
21.66390000000001,弃电吸收区,-21.66390000000001,0.0
20.13435000000004,弃电吸收区,-20.13435000000004,0.0
-13.563449999999875,降负荷减购电区,0.0,-13.563449999999875
-27.213299999999947,降负荷减购电区,0.0,-27.213299999999947
-31.22819999999996,降负荷减购电区,0.0,-31.22819999999996
-34.614900000000034,降负荷减购电区,0.0,-34.614900000000034
-32.158799999999985,降负荷减购电区,0.0,-32.158799999999985
-17.636400000000037,降负荷减购电区,0.0,-17.636400000000037
-36.12960000000004,降负荷减购电区,0.0,-36.12960000000004
-49.784400000000005,降负荷减购电区,0.0,-49.784400000000005
-47.62529999999998,降负荷减购电区,0.0,-47.62529999999998
-51.10199999999992,降负荷减购电区,0.0,-51.10199999999992
-49.952249999999935,降负荷减购电区,0.0,-49.952249999999935
-29.05740000000003,降负荷减购电区,0.0,-29.05740000000003
-43.33680000000004,降负荷减购电区,0.0,-43.33680000000004
-22.89240000000001,降负荷减购电区,0.0,-22.89240000000001
-28.836450000000013,降负荷减购电区,0.0,-28.836450000000013
-34.16220000000004,降负荷减购电区,0.0,-34.16220000000004
76.05224999999996,弃电吸收区,-76.05224999999996,0.0
65.05065000000002,弃电吸收区,-65.05065000000002,0.0
56.957850000000064,弃电吸收区,-56.957850000000064,0.0
22.023900000000022,弃电吸收区,-22.023900000000022,0.0
22.11209999999994,弃电吸收区,-22.11209999999994,0.0
-2.2247999999999597,降负荷减购电区,0.0,-2.2247999999999597
-27.026099999999985,降负荷减购电区,0.0,-27.026099999999985
-23.71859999999998,降负荷减购电区,0.0,-23.71859999999998
22.024350000000027,弃电吸收区,-22.024350000000027,0.0
21.14009999999996,弃电吸收区,-21.14009999999996,0.0
20.78729999999996,弃电吸收区,-20.78729999999996,0.0
21.931650000000104,弃电吸收区,-21.931650000000104,0.0
43.1703,弃电吸收区,-43.1703,0.0
71.34300000000002,弃电吸收区,-71.34300000000002,0.0
-17.218799999999987,降负荷减购电区,0.0,-17.218799999999987
-23.722649999999987,降负荷减购电区,0.0,-23.722649999999987
-72.41129999999998,降负荷减购电区,0.0,-72.41129999999998
-58.37399999999997,降负荷减购电区,0.0,-58.37399999999997
-49.65569999999997,降负荷减购电区,0.0,-49.65569999999997
-50.41980000000001,降负荷减购电区,0.0,-50.41980000000001
-27.980999999999995,降负荷减购电区,0.0,-27.980999999999995
-14.246100000000013,降负荷减购电区,0.0,-14.246100000000013
-12.101400000000012,降负荷减购电区,0.0,-12.101400000000012
-14.68440000000004,降负荷减购电区,0.0,-14.68440000000004
-14.268150000000048,降负荷减购电区,0.0,-14.268150000000048
-25.7346,降负荷减购电区,0.0,-25.7346
-38.37330000000003,降负荷减购电区,0.0,-38.37330000000003
-37.41659999999996,降负荷减购电区,0.0,-37.41659999999996
-50.517,降负荷减购电区,0.0,-50.517
-58.865849999999966,降负荷减购电区,0.0,-58.865849999999966
-47.12219999999997,降负荷减购电区,0.0,-47.12219999999997
-49.424400000000105,降负荷减购电区,0.0,-49.424400000000105
-49.31910000000005,降负荷减购电区,0.0,-49.31910000000005
-38.62665000000004,降负荷减购电区,0.0,-38.62665000000004
-46.33740000000006,降负荷减购电区,0.0,-46.33740000000006
-38.266200000000026,降负荷减购电区,0.0,-38.266200000000026
-49.70565000000005,降负荷减购电区,0.0,-49.70565000000005
46.66320000000002,弃电吸收区,-46.66320000000002,0.0
37.71810000000005,弃电吸收区,-37.71810000000005,0.0
86.55885000000006,弃电吸收区,-86.55885000000006,0.0
88.47540000000004,弃电吸收区,-88.47540000000004,0.0
99.38115,弃电吸收区,-99.38115,0.0
115.59690000000012,弃电吸收区,-115.59690000000012,0.0
-71.66475,降负荷减购电区,0.0,-71.66475
-57.74310000000003,降负荷减购电区,0.0,-57.74310000000003
-45.58139999999997,降负荷减购电区,0.0,-45.58139999999997
-55.05119999999994,降负荷减购电区,0.0,-55.05119999999994
-90.05399999999997,降负荷减购电区,0.0,-90.05399999999997
-80.82809999999995,降负荷减购电区,0.0,-80.82809999999995
-64.30725000000001,降负荷减购电区,0.0,-64.30725000000001
-36.11249999999996,降负荷减购电区,0.0,-36.11249999999996
-43.11810000000003,降负荷减购电区,0.0,-43.11810000000003
-45.44460000000004,降负荷减购电区,0.0,-45.44460000000004
-48.91049999999996,降负荷减购电区,0.0,-48.91049999999996
-70.88850000000002,降负荷减购电区,0.0,-70.88850000000002
-64.1268,降负荷减购电区,0.0,-64.1268
-45.61020000000002,降负荷减购电区,0.0,-45.61020000000002
-32.24339999999995,降负荷减购电区,0.0,-32.24339999999995
-40.04639999999995,降负荷减购电区,0.0,-40.04639999999995
-22.24215000000004,降负荷减购电区,0.0,-22.24215000000004
-11.124000000000024,降负荷减购电区,0.0,-11.124000000000024
-11.650050000000022,降负荷减购电区,0.0,-11.650050000000022
-10.509749999999997,降负荷减购电区,0.0,-10.509749999999997
-11.341350000000034,降负荷减购电区,0.0,-11.341350000000034
-7.8790500000000065,降负荷减购电区,0.0,-7.8790500000000065
-23.603400000000025,降负荷减购电区,0.0,-23.603400000000025
-31.94459999999998,降负荷减购电区,0.0,-31.94459999999998
-32.82839999999999,降负荷减购电区,0.0,-32.82839999999999
-29.56545,降负荷减购电区,0.0,-29.56545
-23.41485,降负荷减购电区,0.0,-23.41485
-32.64569999999998,降负荷减购电区,0.0,-32.64569999999998
-24.05699999999996,降负荷减购电区,0.0,-24.05699999999996
98.98200000000004,弃电吸收区,-98.98200000000004,0.0
110.85119999999996,弃电吸收区,-110.85119999999996,0.0
-3.1274999999999977,降负荷减购电区,0.0,-3.1274999999999977
-42.59249999999997,降负荷减购电区,0.0,-42.59249999999997
-32.64930000000004,降负荷减购电区,0.0,-32.64930000000004
-48.66839999999996,降负荷减购电区,0.0,-48.66839999999996
-50.568299999999965,降负荷减购电区,0.0,-50.568299999999965
-53.41814999999997,降负荷减购电区,0.0,-53.41814999999997
-33.678,降负荷减购电区,0.0,-33.678
-39.09825000000001,降负荷减购电区,0.0,-39.09825000000001
-38.65500000000003,降负荷减购电区,0.0,-38.65500000000003
-24.68655000000001,降负荷减购电区,0.0,-24.68655000000001
-35.39159999999998,降负荷减购电区,0.0,-35.39159999999998
-22.307399999999973,降负荷减购电区,0.0,-22.307399999999973
-33.390450000000044,降负荷减购电区,0.0,-33.390450000000044
-22.39425,降负荷减购电区,0.0,-22.39425
-17.80740000000003,降负荷减购电区,0.0,-17.80740000000003
-70.81020000000001,降负荷减购电区,0.0,-70.81020000000001
-50.79374999999999,降负荷减购电区,0.0,-50.79374999999999
-49.7484,降负荷减购电区,0.0,-49.7484
-54.18720000000002,降负荷减购电区,0.0,-54.18720000000002
-36.30779999999999,降负荷减购电区,0.0,-36.30779999999999
-26.56664999999998,降负荷减购电区,0.0,-26.56664999999998
-17.87130000000002,降负荷减购电区,0.0,-17.87130000000002
-11.925000000000068,降负荷减购电区,0.0,-11.925000000000068
87.42419999999998,弃电吸收区,-87.42419999999998,0.0
55.426049999999975,弃电吸收区,-55.426049999999975,0.0
22.13639999999998,弃电吸收区,-22.13639999999998,0.0
21.614850000000047,弃电吸收区,-21.614850000000047,0.0
21.531600000000022,弃电吸收区,-21.531600000000022,0.0
19.973250000000007,弃电吸收区,-19.973250000000007,0.0
-28.18844999999993,降负荷减购电区,0.0,-28.18844999999993
-27.210599999999943,降负荷减购电区,0.0,-27.210599999999943
-26.79929999999996,降负荷减购电区,0.0,-26.79929999999996
-24.159599999999955,降负荷减购电区,0.0,-24.159599999999955
-23.976,降负荷减购电区,0.0,-23.976
-25.643249999999966,降负荷减购电区,0.0,-25.643249999999966
-45.17010000000005,降负荷减购电区,0.0,-45.17010000000005
-42.79545000000002,降负荷减购电区,0.0,-42.79545000000002
-66.25800000000004,降负荷减购电区,0.0,-66.25800000000004
-75.9024,降负荷减购电区,0.0,-75.9024
-62.85149999999999,降负荷减购电区,0.0,-62.85149999999999
-61.97220000000004,降负荷减购电区,0.0,-61.97220000000004
-33.7482,降负荷减购电区,0.0,-33.7482
-25.119000000000028,降负荷减购电区,0.0,-25.119000000000028
-25.772400000000005,降负荷减购电区,0.0,-25.772400000000005
-29.1429,降负荷减购电区,0.0,-29.1429
-33.49754999999999,降负荷减购电区,0.0,-33.49754999999999
-33.97859999999997,降负荷减购电区,0.0,-33.97859999999997
77.55480000000006,弃电吸收区,-77.55480000000006,0.0
31.17420000000004,弃电吸收区,-31.17420000000004,0.0
22.062150000000088,弃电吸收区,-22.062150000000088,0.0
21.718799999999987,弃电吸收区,-21.718799999999987,0.0
21.99824999999987,弃电吸收区,-21.99824999999987,0.0
18.5634,弃电吸收区,-18.5634,0.0
-33.86699999999996,降负荷减购电区,0.0,-33.86699999999996
-37.85579999999999,降负荷减购电区,0.0,-37.85579999999999
-68.59980000000002,降负荷减购电区,0.0,-68.59980000000002
-60.82919999999996,降负荷减购电区,0.0,-60.82919999999996
-55.023300000000006,降负荷减购电区,0.0,-55.023300000000006
-28.618649999999946,降负荷减购电区,0.0,-28.618649999999946
84.48660000000001,弃电吸收区,-84.48660000000001,0.0
86.33384999999998,弃电吸收区,-86.33384999999998,0.0
94.39964999999997,弃电吸收区,-94.39964999999997,0.0
93.28680000000004,弃电吸收区,-93.28680000000004,0.0
87.06060000000002,弃电吸收区,-87.06060000000002,0.0
94.7484,弃电吸收区,-94.7484,0.0
97.24589999999996,弃电吸收区,-97.24589999999996,0.0
95.99040000000002,弃电吸收区,-95.99040000000002,0.0
86.11605000000003,弃电吸收区,-86.11605000000003,0.0
83.90520000000004,弃电吸收区,-83.90520000000004,0.0
93.66929999999996,弃电吸收区,-93.66929999999996,0.0
99.4099500000001,弃电吸收区,-99.4099500000001,0.0
74.75579999999997,弃电吸收区,-74.75579999999997,0.0
36.706500000000005,弃电吸收区,-36.706500000000005,0.0
28.87424999999996,弃电吸收区,-28.87424999999996,0.0
22.07835,弃电吸收区,-22.07835,0.0
21.654,弃电吸收区,-21.654,0.0
21.666600000000017,弃电吸收区,-21.666600000000017,0.0
16.995149999999967,弃电吸收区,-16.995149999999967,0.0
21.850199999999973,弃电吸收区,-21.850199999999973,0.0
20.170799999999986,弃电吸收区,-20.170799999999986,0.0
21.9280500000001,弃电吸收区,-21.9280500000001,0.0
22.010400000000004,弃电吸收区,-22.010400000000004,0.0
42.48674999999997,弃电吸收区,-42.48674999999997,0.0
71.7795000000001,弃电吸收区,-71.7795000000001,0.0
-10.359000000000036,降负荷减购电区,0.0,-10.359000000000036
107.22599999999994,弃电吸收区,-107.22599999999994,0.0
109.47420000000004,弃电吸收区,-109.47420000000004,0.0
104.63940000000002,弃电吸收区,-104.63940000000002,0.0
107.1594,弃电吸收区,-107.1594,0.0
108.5301,弃电吸收区,-108.5301,0.0
115.82369999999996,弃电吸收区,-115.82369999999996,0.0
117.13320000000004,弃电吸收区,-117.13320000000004,0.0
-15.08175,降负荷减购电区,0.0,-15.08175
-16.779600000000073,降负荷减购电区,0.0,-16.779600000000073
-27.561600000000112,降负荷减购电区,0.0,-27.561600000000112
-53.21385000000009,降负荷减购电区,0.0,-53.21385000000009
-41.04224999999997,降负荷减购电区,0.0,-41.04224999999997
-36.6250500000001,降负荷减购电区,0.0,-36.6250500000001
20.48040000000003,弃电吸收区,-20.48040000000003,0.0
22.058099999999968,弃电吸收区,-22.058099999999968,0.0
21.93525,弃电吸收区,-21.93525,0.0
20.77380000000005,弃电吸收区,-20.77380000000005,0.0
21.908249999999956,弃电吸收区,-21.908249999999956,0.0
-3.9523499999999103,降负荷减购电区,0.0,-3.9523499999999103
-10.051649999999997,降负荷减购电区,0.0,-10.051649999999997
-11.69189999999992,降负荷减购电区,0.0,-11.69189999999992
-25.71345000000008,降负荷减购电区,0.0,-25.71345000000008
-19.297350000000108,降负荷减购电区,0.0,-19.297350000000108
-6.404399999999953,降负荷减购电区,0.0,-6.404399999999953
-8.160750000000007,降负荷减购电区,0.0,-8.160750000000007
-8.603099999999984,降负荷减购电区,0.0,-8.603099999999984
-12.356999999999973,降负荷减购电区,0.0,-12.356999999999973
-31.199400000000026,降负荷减购电区,0.0,-31.199400000000026
-36.34740000000005,降负荷减购电区,0.0,-36.34740000000005
-64.04174999999998,降负荷减购电区,0.0,-64.04174999999998
-40.2867,降负荷减购电区,0.0,-40.2867
-16.620299999999986,降负荷减购电区,0.0,-16.620299999999986
-13.918500000000051,降负荷减购电区,0.0,-13.918500000000051
-19.52370000000002,降负荷减购电区,0.0,-19.52370000000002
-21.585150000000056,降负荷减购电区,0.0,-21.585150000000056
21.293099999999868,弃电吸收区,-21.293099999999868,0.0
21.87360000000001,弃电吸收区,-21.87360000000001,0.0
21.48840000000007,弃电吸收区,-21.48840000000007,0.0
20.55960000000005,弃电吸收区,-20.55960000000005,0.0
-11.189700000000016,降负荷减购电区,0.0,-11.189700000000016
22.012199999999893,弃电吸收区,-22.012199999999893,0.0
21.62925000000007,弃电吸收区,-21.62925000000007,0.0
21.16980000000001,弃电吸收区,-21.16980000000001,0.0
21.655349999999885,弃电吸收区,-21.655349999999885,0.0
20.212200000000053,弃电吸收区,-20.212200000000053,0.0
21.984749999999963,弃电吸收区,-21.984749999999963,0.0
65.9862,弃电吸收区,-65.9862,0.0
98.928,弃电吸收区,-98.928,0.0
102.17160000000008,弃电吸收区,-102.17160000000008,0.0
101.87460000000004,弃电吸收区,-101.87460000000004,0.0
101.22300000000008,弃电吸收区,-101.22300000000008,0.0
-30.1302,降负荷减购电区,0.0,-30.1302
-33.58215000000001,降负荷减购电区,0.0,-33.58215000000001
-60.766200000000026,降负荷减购电区,0.0,-60.766200000000026
-63.76499999999999,降负荷减购电区,0.0,-63.76499999999999
-74.18520000000001,降负荷减购电区,0.0,-74.18520000000001
-62.06084999999996,降负荷减购电区,0.0,-62.06084999999996
-32.88465000000002,降负荷减购电区,0.0,-32.88465000000002
-33.94664999999998,降负荷减购电区,0.0,-33.94664999999998
-28.862100000000112,降负荷减购电区,0.0,-28.862100000000112
-28.1160000000001,降负荷减购电区,0.0,-28.1160000000001
-18.787950000000023,降负荷减购电区,0.0,-18.787950000000023
22.061699999999973,弃电吸收区,-22.061699999999973,0.0
22.129650000000083,弃电吸收区,-22.129650000000083,0.0
21.73320000000001,弃电吸收区,-21.73320000000001,0.0
21.18780000000004,弃电吸收区,-21.18780000000004,0.0
21.345749999999956,弃电吸收区,-21.345749999999956,0.0
21.263400000000047,弃电吸收区,-21.263400000000047,0.0
38.068649999999934,弃电吸收区,-38.068649999999934,0.0
-21.240000000000062,降负荷减购电区,0.0,-21.240000000000062
-57.957299999999975,降负荷减购电区,0.0,-57.957299999999975
-47.019150000000025,降负荷减购电区,0.0,-47.019150000000025
-51.16679999999991,降负荷减购电区,0.0,-51.16679999999991
-55.27709999999996,降负荷减购电区,0.0,-55.27709999999996
-36.87570000000005,降负荷减购电区,0.0,-36.87570000000005
-21.180600000000027,降负荷减购电区,0.0,-21.180600000000027
-38.08754999999999,降负荷减购电区,0.0,-38.08754999999999
-36.30779999999999,降负荷减购电区,0.0,-36.30779999999999
-35.12610000000001,降负荷减购电区,0.0,-35.12610000000001
-72.54494999999997,降负荷减购电区,0.0,-72.54494999999997
-48.13380000000001,降负荷减购电区,0.0,-48.13380000000001
-34.47449999999998,降负荷减购电区,0.0,-34.47449999999998
-41.64480000000003,降负荷减购电区,0.0,-41.64480000000003
-55.88729999999998,降负荷减购电区,0.0,-55.88729999999998
-48.15269999999998,降负荷减购电区,0.0,-48.15269999999998
-42.68699999999996,降负荷减购电区,0.0,-42.68699999999996
-34.936649999999986,降负荷减购电区,0.0,-34.936649999999986
-21.20400000000012,降负荷减购电区,0.0,-21.20400000000012
-20.074950000000054,降负荷减购电区,0.0,-20.074950000000054
-22.195349999999905,降负荷减购电区,0.0,-22.195349999999905
-38.259000000000015,降负荷减购电区,0.0,-38.259000000000015
-42.08850000000007,降负荷减购电区,0.0,-42.08850000000007
-37.53539999999998,降负荷减购电区,0.0,-37.53539999999998
-36.62640000000005,降负荷减购电区,0.0,-36.62640000000005
-50.5872,降负荷减购电区,0.0,-50.5872
-61.57394999999997,降负荷减购电区,0.0,-61.57394999999997
-36.70245,降负荷减购电区,0.0,-36.70245
-52.31250000000006,降负荷减购电区,0.0,-52.31250000000006
-54.21780000000001,降负荷减购电区,0.0,-54.21780000000001
-33.61500000000001,降负荷减购电区,0.0,-33.61500000000001
-10.66455000000002,降负荷减购电区,0.0,-10.66455000000002
-9.647999999999968,降负荷减购电区,0.0,-9.647999999999968
-35.76599999999996,降负荷减购电区,0.0,-35.76599999999996
-35.42895000000004,降负荷减购电区,0.0,-35.42895000000004
-31.785750000000007,降负荷减购电区,0.0,-31.785750000000007
-6.461550000000045,降负荷减购电区,0.0,-6.461550000000045
-9.610200000000075,降负荷减购电区,0.0,-9.610200000000075
-29.887200000000007,降负荷减购电区,0.0,-29.887200000000007
-35.676000000000045,降负荷减购电区,0.0,-35.676000000000045
-42.55019999999996,降负荷减购电区,0.0,-42.55019999999996
-53.14320000000004,降负荷减购电区,0.0,-53.14320000000004
-44.24264999999997,降负荷减购电区,0.0,-44.24264999999997
-33.61725000000007,降负荷减购电区,0.0,-33.61725000000007
21.9464999999999,弃电吸收区,-21.9464999999999,0.0
22.07835,弃电吸收区,-22.07835,0.0
22.0086,弃电吸收区,-22.0086,0.0
21.89340000000004,弃电吸收区,-21.89340000000004,0.0
44.30969999999997,弃电吸收区,-44.30969999999997,0.0
84.65715,弃电吸收区,-84.65715,0.0
-10.011600000000044,降负荷减购电区,0.0,-10.011600000000044
-12.04740000000004,降负荷减购电区,0.0,-12.04740000000004
-23.63760000000002,降负荷减购电区,0.0,-23.63760000000002
-15.616350000000068,降负荷减购电区,0.0,-15.616350000000068
-33.78780000000006,降负荷减购电区,0.0,-33.78780000000006
-42.9579,降负荷减购电区,0.0,-42.9579
-39.00059999999996,降负荷减购电区,0.0,-39.00059999999996
-30.237300000000005,降负荷减购电区,0.0,-30.237300000000005
-49.98104999999998,降负荷减购电区,0.0,-49.98104999999998
-61.59284999999994,降负荷减购电区,0.0,-61.59284999999994
-59.2011,降负荷减购电区,0.0,-59.2011
-45.48060000000004,降负荷减购电区,0.0,-45.48060000000004
-20.047500000000014,降负荷减购电区,0.0,-20.047500000000014
21.526200000000017,弃电吸收区,-21.526200000000017,0.0
21.30345,弃电吸收区,-21.30345,0.0
22.116149999999948,弃电吸收区,-22.116149999999948,0.0
20.979450000000043,弃电吸收区,-20.979450000000043,0.0
20.85839999999996,弃电吸收区,-20.85839999999996,0.0
-1.0948499999999513,降负荷减购电区,0.0,-1.0948499999999513
-27.60390000000001,降负荷减购电区,0.0,-27.60390000000001
-26.929799999999943,降负荷减购电区,0.0,-26.929799999999943
-22.77584999999999,降负荷减购电区,0.0,-22.77584999999999
-46.55160000000001,降负荷减购电区,0.0,-46.55160000000001
-67.91040000000004,降负荷减购电区,0.0,-67.91040000000004
-60.41880000000009,降负荷减购电区,0.0,-60.41880000000009
-46.31174999999996,降负荷减购电区,0.0,-46.31174999999996
-17.604900000000043,降负荷减购电区,0.0,-17.604900000000043
-7.097399999999993,降负荷减购电区,0.0,-7.097399999999993
-5.536800000000028,降负荷减购电区,0.0,-5.536800000000028
-4.819500000000005,降负荷减购电区,0.0,-4.819500000000005
-4.604399999999998,降负荷减购电区,0.0,-4.604399999999998
-4.5791999999999575,降负荷减购电区,0.0,-4.5791999999999575
-10.80810000000008,降负荷减购电区,0.0,-10.80810000000008
-10.476,降负荷减购电区,0.0,-10.476
-9.077399999999956,降负荷减购电区,0.0,-9.077399999999956
-7.775999999999954,降负荷减购电区,0.0,-7.775999999999954
-17.64855,降负荷减购电区,0.0,-17.64855
-16.374599999999987,降负荷减购电区,0.0,-16.374599999999987
-26.60040000000004,降负荷减购电区,0.0,-26.60040000000004
-42.62039999999996,降负荷减购电区,0.0,-42.62039999999996
-37.0548,降负荷减购电区,0.0,-37.0548
-17.428949999999986,降负荷减购电区,0.0,-17.428949999999986
-20.52000000000004,降负荷减购电区,0.0,-20.52000000000004
-19.261799999999997,降负荷减购电区,0.0,-19.261799999999997
22.09050000000002,弃电吸收区,-22.09050000000002,0.0
21.99464999999998,弃电吸收区,-21.99464999999998,0.0
44.22059999999993,弃电吸收区,-44.22059999999993,0.0
87.41159999999996,弃电吸收区,-87.41159999999996,0.0
91.04220000000004,弃电吸收区,-91.04220000000004,0.0
113.50799999999998,弃电吸收区,-113.50799999999998,0.0
116.28900000000004,弃电吸收区,-116.28900000000004,0.0
109.32300000000004,弃电吸收区,-109.32300000000004,0.0
-13.199399999999969,降负荷减购电区,0.0,-13.199399999999969
-17.38620000000003,降负荷减购电区,0.0,-17.38620000000003
-13.32405,降负荷减购电区,0.0,-13.32405
-11.43225000000001,降负荷减购电区,0.0,-11.43225000000001
-14.863499999999988,降负荷减购电区,0.0,-14.863499999999988
-13.968899999999962,降负荷减购电区,0.0,-13.968899999999962
-45.05220000000003,降负荷减购电区,0.0,-45.05220000000003
-51.73379999999997,降负荷减购电区,0.0,-51.73379999999997
-48.84030000000013,降负荷减购电区,0.0,-48.84030000000013
-44.38799999999992,降负荷减购电区,0.0,-44.38799999999992
-43.22160000000008,降负荷减购电区,0.0,-43.22160000000008
-42.31979999999999,降负荷减购电区,0.0,-42.31979999999999
-16.717050000000086,降负荷减购电区,0.0,-16.717050000000086
-36.29879999999997,降负荷减购电区,0.0,-36.29879999999997
-37.303650000000005,降负荷减购电区,0.0,-37.303650000000005
-34.69769999999994,降负荷减购电区,0.0,-34.69769999999994
-30.502800000000093,降负荷减购电区,0.0,-30.502800000000093
-8.768699999999967,降负荷减购电区,0.0,-8.768699999999967
-5.94539999999995,降负荷减购电区,0.0,-5.94539999999995
-5.496299999999962,降负荷减购电区,0.0,-5.496299999999962
-5.408999999999992,降负荷减购电区,0.0,-5.408999999999992
-31.49459999999993,降负荷减购电区,0.0,-31.49459999999993
-23.662799999999947,降负荷减购电区,0.0,-23.662799999999947
-14.484600000000055,降负荷减购电区,0.0,-14.484600000000055
-39.63419999999997,降负荷减购电区,0.0,-39.63419999999997
-36.65520000000004,降负荷减购电区,0.0,-36.65520000000004
-32.23304999999999,降负荷减购电区,0.0,-32.23304999999999
-22.10940000000005,降负荷减购电区,0.0,-22.10940000000005
-20.29185000000001,降负荷减购电区,0.0,-20.29185000000001
68.01300000000003,弃电吸收区,-68.01300000000003,0.0
88.76475000000005,弃电吸收区,-88.76475000000005,0.0
91.46474999999992,弃电吸收区,-91.46474999999992,0.0
36.2826,弃电吸收区,-36.2826,0.0
-20.75894999999997,降负荷减购电区,0.0,-20.75894999999997
-14.060249999999996,降负荷减购电区,0.0,-14.060249999999996
-30.284999999999968,降负荷减购电区,0.0,-30.284999999999968
-41.95934999999997,降负荷减购电区,0.0,-41.95934999999997
-37.645200000000045,降负荷减购电区,0.0,-37.645200000000045
-33.28740000000005,降负荷减购电区,0.0,-33.28740000000005
-33.91469999999998,降负荷减购电区,0.0,-33.91469999999998
-29.78864999999996,降负荷减购电区,0.0,-29.78864999999996
-54.30014999999997,降负荷减购电区,0.0,-54.30014999999997
-35.66519999999997,降负荷减购电区,0.0,-35.66519999999997
-45.70020000000005,降负荷减购电区,0.0,-45.70020000000005
-51.66899999999998,降负荷减购电区,0.0,-51.66899999999998
-27.305999999999983,降负荷减购电区,0.0,-27.305999999999983
-20.90520000000004,降负荷减购电区,0.0,-20.90520000000004
-16.55639999999994,降负荷减购电区,0.0,-16.55639999999994
-9.58140000000003,降负荷减购电区,0.0,-9.58140000000003
79.70580000000001,弃电吸收区,-79.70580000000001,0.0
90.67950000000008,弃电吸收区,-90.67950000000008,0.0
95.12955,弃电吸收区,-95.12955,0.0
55.48679999999996,弃电吸收区,-55.48679999999996,0.0
59.99174999999997,弃电吸收区,-59.99174999999997,0.0
63.095399999999984,弃电吸收区,-63.095399999999984,0.0
80.84610000000004,弃电吸收区,-80.84610000000004,0.0
76.17779999999999,弃电吸收区,-76.17779999999999,0.0
22.073399999999992,弃电吸收区,-22.073399999999992,0.0
21.729600000000005,弃电吸收区,-21.729600000000005,0.0
22.052700000000076,弃电吸收区,-22.052700000000076,0.0
22.077000000000112,弃电吸收区,-22.077000000000112,0.0
18.021600000000035,弃电吸收区,-18.021600000000035,0.0
-37.886400000000094,降负荷减购电区,0.0,-37.886400000000094
-60.71085000000005,降负荷减购电区,0.0,-60.71085000000005
-43.1352,降负荷减购电区,0.0,-43.1352
-38.57895000000002,降负荷减购电区,0.0,-38.57895000000002
-36.6336,降负荷减购电区,0.0,-36.6336
-52.94429999999994,降负荷减购电区,0.0,-52.94429999999994
-28.789199999999997,降负荷减购电区,0.0,-28.789199999999997
-41.14620000000002,降负荷减购电区,0.0,-41.14620000000002
-43.065,降负荷减购电区,0.0,-43.065
-39.20940000000002,降负荷减购电区,0.0,-39.20940000000002
-40.41899999999998,降负荷减购电区,0.0,-40.41899999999998
-39.96224999999998,降负荷减购电区,0.0,-39.96224999999998
-14.264549999999986,降负荷减购电区,0.0,-14.264549999999986
-19.602000000000032,降负荷减购电区,0.0,-19.602000000000032
-12.803399999999954,降负荷减购电区,0.0,-12.803399999999954
-14.260049999999978,降负荷减购电区,0.0,-14.260049999999978
-26.724599999999956,降负荷减购电区,0.0,-26.724599999999956
-15.753600000000006,降负荷减购电区,0.0,-15.753600000000006
-15.335999999999956,降负荷减购电区,0.0,-15.335999999999956
-12.716999999999985,降负荷减购电区,0.0,-12.716999999999985
-12.20040000000006,降负荷减购电区,0.0,-12.20040000000006
20.20365000000004,弃电吸收区,-20.20365000000004,0.0
-20.96100000000007,降负荷减购电区,0.0,-20.96100000000007
-45.4140000000001,降负荷减购电区,0.0,-45.4140000000001
-44.18279999999999,降负荷减购电区,0.0,-44.18279999999999
-40.22999999999996,降负荷减购电区,0.0,-40.22999999999996
-31.22819999999996,降负荷减购电区,0.0,-31.22819999999996
-18.22860000000003,降负荷减购电区,0.0,-18.22860000000003
-14.99849999999998,降负荷减购电区,0.0,-14.99849999999998
-14.62545,降负荷减购电区,0.0,-14.62545
-13.383000000000038,降负荷减购电区,0.0,-13.383000000000038
-14.374799999999937,降负荷减购电区,0.0,-14.374799999999937
-27.12465000000003,降负荷减购电区,0.0,-27.12465000000003
-21.947850000000017,降负荷减购电区,0.0,-21.947850000000017
-20.762999999999977,降负荷减购电区,0.0,-20.762999999999977
-23.921099999999967,降负荷减购电区,0.0,-23.921099999999967
-27.15659999999997,降负荷减购电区,0.0,-27.15659999999997
-20.16810000000004,降负荷减购电区,0.0,-20.16810000000004
-13.439700000000071,降负荷减购电区,0.0,-13.439700000000071
-15.805799999999977,降负荷减购电区,0.0,-15.805799999999977
-35.496900000000096,降负荷减购电区,0.0,-35.496900000000096
-32.44050000000004,降负荷减购电区,0.0,-32.44050000000004
-50.82254999999998,降负荷减购电区,0.0,-50.82254999999998
-48.16665,降负荷减购电区,0.0,-48.16665
-39.981600000000014,降负荷减购电区,0.0,-39.981600000000014
-40.24259999999998,降负荷减购电区,0.0,-40.24259999999998
-43.0326,降负荷减购电区,0.0,-43.0326
-33.06960000000004,降负荷减购电区,0.0,-33.06960000000004
-42.55109999999996,降负荷减购电区,0.0,-42.55109999999996
-45.16425000000004,降负荷减购电区,0.0,-45.16425000000004
-86.30234999999999,降负荷减购电区,0.0,-86.30234999999999
-66.41640000000001,降负荷减购电区,0.0,-66.41640000000001
-29.67704999999995,降负荷减购电区,0.0,-29.67704999999995
76.58324999999996,弃电吸收区,-76.58324999999996,0.0
-5.468400000000031,降负荷减购电区,0.0,-5.468400000000031
-7.657200000000046,降负荷减购电区,0.0,-7.657200000000046
-15.916499999999983,降负荷减购电区,0.0,-15.916499999999983
-13.228200000000015,降负荷减购电区,0.0,-13.228200000000015
-16.320600000000013,降负荷减购电区,0.0,-16.320600000000013
79.25399999999996,弃电吸收区,-79.25399999999996,0.0
84.06089999999995,弃电吸收区,-84.06089999999995,0.0
83.06459999999993,弃电吸收区,-83.06459999999993,0.0
88.97175000000004,弃电吸收区,-88.97175000000004,0.0
90.61289999999995,弃电吸收区,-90.61289999999995,0.0
86.73570000000001,弃电吸收区,-86.73570000000001,0.0
58.45140000000004,弃电吸收区,-58.45140000000004,0.0
52.403399999999976,弃电吸收区,-52.403399999999976,0.0
22.10985000000005,弃电吸收区,-22.10985000000005,0.0
22.008599999999888,弃电吸收区,-22.008599999999888,0.0
-34.834049999999934,降负荷减购电区,0.0,-34.834049999999934
-32.537250000000085,降负荷减购电区,0.0,-32.537250000000085
-28.818000000000097,降负荷减购电区,0.0,-28.818000000000097
-14.317199999999955,降负荷减购电区,0.0,-14.317199999999955
-6.767100000000028,降负荷减购电区,0.0,-6.767100000000028
-8.350200000000086,降负荷减购电区,0.0,-8.350200000000086
-10.80989999999997,降负荷减购电区,0.0,-10.80989999999997
-33.196950000000015,降负荷减购电区,0.0,-33.196950000000015
-33.65640000000002,降负荷减购电区,0.0,-33.65640000000002
-33.04800000000006,降负荷减购电区,0.0,-33.04800000000006
-32.67090000000002,降负荷减购电区,0.0,-32.67090000000002
-34.21259999999995,降负荷减购电区,0.0,-34.21259999999995
-13.073399999999992,降负荷减购电区,0.0,-13.073399999999992
-29.012400000000014,降负荷减购电区,0.0,-29.012400000000014
-28.231199999999944,降负荷减购电区,0.0,-28.231199999999944
-28.227599999999995,降负荷减购电区,0.0,-28.227599999999995
-28.310400000000016,降负荷减购电区,0.0,-28.310400000000016
-23.099400000000003,降负荷减购电区,0.0,-23.099400000000003
-9.787500000000025,降负荷减购电区,0.0,-9.787500000000025
-7.923149999999964,降负荷减购电区,0.0,-7.923149999999964
-9.95580000000001,降负荷减购电区,0.0,-9.95580000000001
-26.091900000000063,降负荷减购电区,0.0,-26.091900000000063
-19.913399999999967,降负荷减购电区,0.0,-19.913399999999967
-23.957100000000025,降负荷减购电区,0.0,-23.957100000000025
-7.8957000000000335,降负荷减购电区,0.0,-7.8957000000000335
-11.905650000000035,降负荷减购电区,0.0,-11.905650000000035
-37.567349999999976,降负荷减购电区,0.0,-37.567349999999976
-34.209,降负荷减购电区,0.0,-34.209
-37.51560000000006,降负荷减购电区,0.0,-37.51560000000006
-39.34530000000007,降负荷减购电区,0.0,-39.34530000000007
-34.12619999999998,降负荷减购电区,0.0,-34.12619999999998
-32.04899999999992,降负荷减购电区,0.0,-32.04899999999992
-33.52320000000003,降负荷减购电区,0.0,-33.52320000000003
-18.01664999999997,降负荷减购电区,0.0,-18.01664999999997
-11.936699999999972,降负荷减购电区,0.0,-11.936699999999972
-12.12119999999993,降负荷减购电区,0.0,-12.12119999999993
-23.932799999999983,降负荷减购电区,0.0,-23.932799999999983
-20.622600000000038,降负荷减购电区,0.0,-20.622600000000038
-16.64235000000002,降负荷减购电区,0.0,-16.64235000000002
71.44109999999995,弃电吸收区,-71.44109999999995,0.0
74.84355,弃电吸收区,-74.84355,0.0
68.14575000000002,弃电吸收区,-68.14575000000002,0.0
80.98155000000003,弃电吸收区,-80.98155000000003,0.0
98.83980000000004,弃电吸收区,-98.83980000000004,0.0
100.683,弃电吸收区,-100.683,0.0
28.51514999999995,弃电吸收区,-28.51514999999995,0.0
22.107600000000048,弃电吸收区,-22.107600000000048,0.0
20.98709999999994,弃电吸收区,-20.98709999999994,0.0
20.05830000000003,弃电吸收区,-20.05830000000003,0.0
-5.821650000000091,降负荷减购电区,0.0,-5.821650000000091
-10.117799999999988,降负荷减购电区,0.0,-10.117799999999988
-12.376800000000005,降负荷减购电区,0.0,-12.376800000000005
-11.545200000000024,降负荷减购电区,0.0,-11.545200000000024
-31.98960000000011,降负荷减购电区,0.0,-31.98960000000011
-34.81560000000002,降负荷减购电区,0.0,-34.81560000000002
-48.58020000000005,降负荷减购电区,0.0,-48.58020000000005
-50.328899999999976,降负荷减购电区,0.0,-50.328899999999976
-34.6302,降负荷减购电区,0.0,-34.6302
-13.413599999999974,降负荷减购电区,0.0,-13.413599999999974
-12.05279999999999,降负荷减购电区,0.0,-12.05279999999999
-8.600850000000037,降负荷减购电区,0.0,-8.600850000000037
-7.182000000000016,降负荷减购电区,0.0,-7.182000000000016
-12.19319999999999,降负荷减购电区,0.0,-12.19319999999999
-13.49595000000005,降负荷减购电区,0.0,-13.49595000000005
-13.143149999999991,降负荷减购电区,0.0,-13.143149999999991
-31.49279999999999,降负荷减购电区,0.0,-31.49279999999999
-31.33170000000001,降负荷减购电区,0.0,-31.33170000000001
-25.065,降负荷减购电区,0.0,-25.065
-36.76455000000004,降负荷减购电区,0.0,-36.76455000000004
-55.80899999999997,降负荷减购电区,0.0,-55.80899999999997
-70.6194000000001,降负荷减购电区,0.0,-70.6194000000001
-61.93664999999999,降负荷减购电区,0.0,-61.93664999999999
-54.12240000000003,降负荷减购电区,0.0,-54.12240000000003
-47.0394,降负荷减购电区,0.0,-47.0394
-55.9692,降负荷减购电区,0.0,-55.9692
-50.54579999999993,降负荷减购电区,0.0,-50.54579999999993
-63.54404999999997,降负荷减购电区,0.0,-63.54404999999997
-45.3861,降负荷减购电区,0.0,-45.3861
-34.40519999999998,降负荷减购电区,0.0,-34.40519999999998
-27.28665000000001,降负荷减购电区,0.0,-27.28665000000001
-37.93095,降负荷减购电区,0.0,-37.93095
-30.298500000000104,降负荷减购电区,0.0,-30.298500000000104
-25.906499999999998,降负荷减购电区,0.0,-25.906499999999998
-28.38240000000002,降负荷减购电区,0.0,-28.38240000000002
-43.568100000000015,降负荷减购电区,0.0,-43.568100000000015
-45.89280000000002,降负荷减购电区,0.0,-45.89280000000002
-27.55079999999998,降负荷减购电区,0.0,-27.55079999999998
-22.514400000000023,降负荷减购电区,0.0,-22.514400000000023
-21.8655,降负荷减购电区,0.0,-21.8655
-40.352850000000046,降负荷减购电区,0.0,-40.352850000000046
-44.31959999999992,降负荷减购电区,0.0,-44.31959999999992
-20.463299999999947,降负荷减购电区,0.0,-20.463299999999947
-18.051300000000023,降负荷减购电区,0.0,-18.051300000000023
-22.00139999999999,降负荷减购电区,0.0,-22.00139999999999
-16.151399999999967,降负荷减购电区,0.0,-16.151399999999967
-12.101850000000011,降负荷减购电区,0.0,-12.101850000000011
-8.702999999999975,降负荷减购电区,0.0,-8.702999999999975
-13.95539999999994,降负荷减购电区,0.0,-13.95539999999994
-13.324499999999944,降负荷减购电区,0.0,-13.324499999999944
-14.308650000000055,降负荷减购电区,0.0,-14.308650000000055
-11.404800000000025,降负荷减购电区,0.0,-11.404800000000025
-11.44799999999998,降负荷减购电区,0.0,-11.44799999999998
-16.836299999999937,降负荷减购电区,0.0,-16.836299999999937
-12.7971,降负荷减购电区,0.0,-12.7971
-13.056750000000022,降负荷减购电区,0.0,-13.056750000000022
-7.398450000000025,降负荷减购电区,0.0,-7.398450000000025
-6.217199999999991,降负荷减购电区,0.0,-6.217199999999991
-33.880499999999984,降负荷减购电区,0.0,-33.880499999999984
-35.74259999999998,降负荷减购电区,0.0,-35.74259999999998
-32.410349999999994,降负荷减购电区,0.0,-32.410349999999994
-29.85345000000001,降负荷减购电区,0.0,-29.85345000000001
-16.000200000000007,降负荷减购电区,0.0,-16.000200000000007
-7.322400000000016,降负荷减购电区,0.0,-7.322400000000016
-28.632600000000025,降负荷减购电区,0.0,-28.632600000000025
-30.616199999999992,降负荷减购电区,0.0,-30.616199999999992
-32.981400000000065,降负荷减购电区,0.0,-32.981400000000065
-50.10480000000001,降负荷减购电区,0.0,-50.10480000000001
-30.59280000000001,降负荷减购电区,0.0,-30.59280000000001
-44.80200000000002,降负荷减购电区,0.0,-44.80200000000002
-64.69604999999996,降负荷减购电区,0.0,-64.69604999999996
-66.55995000000007,降负荷减购电区,0.0,-66.55995000000007
-62.17424999999997,降负荷减购电区,0.0,-62.17424999999997
-72.08819999999997,降负荷减购电区,0.0,-72.08819999999997
-68.1597000000001,降负荷减购电区,0.0,-68.1597000000001
-48.07305000000002,降负荷减购电区,0.0,-48.07305000000002
-34.31520000000006,降负荷减购电区,0.0,-34.31520000000006
-32.25419999999997,降负荷减购电区,0.0,-32.25419999999997
-27.026999999999987,降负荷减购电区,0.0,-27.026999999999987
-14.41980000000001,降负荷减购电区,0.0,-14.41980000000001
-26.250749999999982,降负荷减购电区,0.0,-26.250749999999982
-29.059199999999976,降负荷减购电区,0.0,-29.059199999999976
-32.7654,降负荷减购电区,0.0,-32.7654
-32.99174999999997,降负荷减购电区,0.0,-32.99174999999997
-24.23160000000001,降负荷减购电区,0.0,-24.23160000000001
-15.948000000000036,降负荷减购电区,0.0,-15.948000000000036
-15.608249999999998,降负荷减购电区,0.0,-15.608249999999998
112.10130000000004,弃电吸收区,-112.10130000000004,0.0
113.8743,弃电吸收区,-113.8743,0.0
113.00894999999996,弃电吸收区,-113.00894999999996,0.0
106.3854,弃电吸收区,-106.3854,0.0
69.93270000000001,弃电吸收区,-69.93270000000001,0.0
64.27800000000008,弃电吸收区,-64.27800000000008,0.0
22.047300000000064,弃电吸收区,-22.047300000000064,0.0
22.075199999999995,弃电吸收区,-22.075199999999995,0.0
22.09770000000003,弃电吸收区,-22.09770000000003,0.0
21.607200000000034,弃电吸收区,-21.607200000000034,0.0
22.11749999999995,弃电吸收区,-22.11749999999995,0.0
21.873600000000124,弃电吸收区,-21.873600000000124,0.0
22.094099999999912,弃电吸收区,-22.094099999999912,0.0
21.98070000000007,弃电吸收区,-21.98070000000007,0.0
37.440450000000055,弃电吸收区,-37.440450000000055,0.0
55.67940000000005,弃电吸收区,-55.67940000000005,0.0
94.45635,弃电吸收区,-94.45635,0.0
107.73450000000004,弃电吸收区,-107.73450000000004,0.0
100.41974999999996,弃电吸收区,-100.41974999999996,0.0
110.601,弃电吸收区,-110.601,0.0
-27.39689999999996,降负荷减购电区,0.0,-27.39689999999996
-56.64510000000007,降负荷减购电区,0.0,-56.64510000000007
-62.45999999999998,降负荷减购电区,0.0,-62.45999999999998
-63.19080000000002,降负荷减购电区,0.0,-63.19080000000002
-59.99939999999998,降负荷减购电区,0.0,-59.99939999999998
-40.15620000000001,降负荷减购电区,0.0,-40.15620000000001
-19.754999999999995,降负荷减购电区,0.0,-19.754999999999995
-32.29650000000004,降负荷减购电区,0.0,-32.29650000000004
-26.150400000000047,降负荷减购电区,0.0,-26.150400000000047
-26.2242,降负荷减购电区,0.0,-26.2242
-28.553400000000067,降负荷减购电区,0.0,-28.553400000000067
-25.58700000000005,降负荷减购电区,0.0,-25.58700000000005
20.090250000000083,弃电吸收区,-20.090250000000083,0.0
21.857399999999984,弃电吸收区,-21.857399999999984,0.0
22.11029999999994,弃电吸收区,-22.11029999999994,0.0
21.832199999999943,弃电吸收区,-21.832199999999943,0.0
21.487500000000068,弃电吸收区,-21.487500000000068,0.0
-0.4383000000000265,降负荷减购电区,0.0,-0.4383000000000265
-19.02419999999995,降负荷减购电区,0.0,-19.02419999999995
54.707400000000064,弃电吸收区,-54.707400000000064,0.0
76.40594999999996,弃电吸收区,-76.40594999999996,0.0
89.14049999999992,弃电吸收区,-89.14049999999992,0.0
97.75844999999993,弃电吸收区,-97.75844999999993,0.0
80.98110000000003,弃电吸收区,-80.98110000000003,0.0
82.34640000000007,弃电吸收区,-82.34640000000007,0.0
93.474,弃电吸收区,-93.474,0.0
74.86379999999997,弃电吸收区,-74.86379999999997,0.0
95.70600000000002,弃电吸收区,-95.70600000000002,0.0
104.60475000000008,弃电吸收区,-104.60475000000008,0.0
-25.582499999999985,降负荷减购电区,0.0,-25.582499999999985
-27.11880000000002,降负荷减购电区,0.0,-27.11880000000002
-31.08690000000001,降负荷减购电区,0.0,-31.08690000000001
-30.577949999999987,降负荷减购电区,0.0,-30.577949999999987
-32.33969999999999,降负荷减购电区,0.0,-32.33969999999999
-37.80809999999991,降负荷减购电区,0.0,-37.80809999999991
-32.989949999999965,降负荷减购电区,0.0,-32.989949999999965
-34.658100000000104,降负荷减购电区,0.0,-34.658100000000104
-33.36659999999995,降负荷减购电区,0.0,-33.36659999999995
-35.54594999999995,降负荷减购电区,0.0,-35.54594999999995
-15.951599999999983,降负荷减购电区,0.0,-15.951599999999983
-21.850199999999973,降负荷减购电区,0.0,-21.850199999999973
-42.35084999999998,降负荷减购电区,0.0,-42.35084999999998
-19.978650000000016,降负荷减购电区,0.0,-19.978650000000016
-31.31955000000005,降负荷减购电区,0.0,-31.31955000000005
-27.43739999999997,降负荷减购电区,0.0,-27.43739999999997
-29.60954999999996,降负荷减购电区,0.0,-29.60954999999996
-28.021950000000004,降负荷减购电区,0.0,-28.021950000000004
-26.402399999999943,降负荷减购电区,0.0,-26.402399999999943
-13.434300000000007,降负荷减购电区,0.0,-13.434300000000007
-13.251599999999996,降负荷减购电区,0.0,-13.251599999999996
-15.520500000000029,降负荷减购电区,0.0,-15.520500000000029
-12.227399999999989,降负荷减购电区,0.0,-12.227399999999989
-6.674399999999992,降负荷减购电区,0.0,-6.674399999999992
-8.646300000000053,降负荷减购电区,0.0,-8.646300000000053
-24.32699999999994,降负荷减购电区,0.0,-24.32699999999994
91.4418,弃电吸收区,-91.4418,0.0
62.8524000000001,弃电吸收区,-62.8524000000001,0.0
51.883200000000045,弃电吸收区,-51.883200000000045,0.0
22.088700000000017,弃电吸收区,-22.088700000000017,0.0
20.450700000000097,弃电吸收区,-20.450700000000097,0.0
-18.041399999999957,降负荷减购电区,0.0,-18.041399999999957
-36.10035000000005,降负荷减购电区,0.0,-36.10035000000005
-30.6486000000001,降负荷减购电区,0.0,-30.6486000000001
-30.22740000000005,降负荷减购电区,0.0,-30.22740000000005
-31.808250000000044,降负荷减购电区,0.0,-31.808250000000044
-49.960800000000006,降负荷减购电区,0.0,-49.960800000000006
-25.837200000000053,降负荷减购电区,0.0,-25.837200000000053
21.14460000000008,弃电吸收区,-21.14460000000008,0.0
72.1062,弃电吸收区,-72.1062,0.0
92.72520000000004,弃电吸收区,-92.72520000000004,0.0
108.59265,弃电吸收区,-108.59265,0.0
108.56160000000006,弃电吸收区,-108.56160000000006,0.0
109.78425,弃电吸收区,-109.78425,0.0
-12.751199999999985,降负荷减购电区,0.0,-12.751199999999985
-12.4101,降负荷减购电区,0.0,-12.4101
-15.409799999999962,降负荷减购电区,0.0,-15.409799999999962
-33.98579999999998,降负荷减购电区,0.0,-33.98579999999998
-36.69659999999999,降负荷减购电区,0.0,-36.69659999999999
53.964000000000055,弃电吸收区,-53.964000000000055,0.0
81.2079,弃电吸收区,-81.2079,0.0
94.19984999999993,弃电吸收区,-94.19984999999993,0.0
22.042350000000056,弃电吸收区,-22.042350000000056,0.0
31.14224999999999,弃电吸收区,-31.14224999999999,0.0
22.138199999999983,弃电吸收区,-22.138199999999983,0.0
21.63239999999996,弃电吸收区,-21.63239999999996,0.0
22.123800000000077,弃电吸收区,-22.123800000000077,0.0
19.76940000000002,弃电吸收区,-19.76940000000002,0.0
-16.541999999999916,降负荷减购电区,0.0,-16.541999999999916
-21.87539999999996,降负荷减购电区,0.0,-21.87539999999996
-24.43950000000001,降负荷减购电区,0.0,-24.43950000000001
-26.610299999999995,降负荷减购电区,0.0,-26.610299999999995
-25.582499999999985,降负荷减购电区,0.0,-25.582499999999985
-49.43699999999996,降负荷减购电区,0.0,-49.43699999999996
-34.075800000000015,降负荷减购电区,0.0,-34.075800000000015
-39.4812,降负荷减购电区,0.0,-39.4812
-38.51280000000003,降负荷减购电区,0.0,-38.51280000000003
-68.59485000000001,降负荷减购电区,0.0,-68.59485000000001
-60.55515000000005,降负荷减购电区,0.0,-60.55515000000005
56.16630000000004,弃电吸收区,-56.16630000000004,0.0
63.00225000000006,弃电吸收区,-63.00225000000006,0.0
97.45560000000016,弃电吸收区,-97.45560000000016,0.0
-24.77385000000004,降负荷减购电区,0.0,-24.77385000000004
-50.63039999999995,降负荷减购电区,0.0,-50.63039999999995
-55.17719999999992,降负荷减购电区,0.0,-55.17719999999992
-54.97019999999998,降负荷减购电区,0.0,-54.97019999999998
-65.99699999999996,降负荷减购电区,0.0,-65.99699999999996
-53.76735000000008,降负荷减购电区,0.0,-53.76735000000008
-33.2586,降负荷减购电区,0.0,-33.2586
-32.28210000000007,降负荷减购电区,0.0,-32.28210000000007
-28.8648,降负荷减购电区,0.0,-28.8648
-26.99010000000004,降负荷减购电区,0.0,-26.99010000000004
-9.974249999999984,降负荷减购电区,0.0,-9.974249999999984
-30.607199999999978,降负荷减购电区,0.0,-30.607199999999978
-45.437400000000025,降负荷减购电区,0.0,-45.437400000000025
-32.25510000000003,降负荷减购电区,0.0,-32.25510000000003
-18.009000000000015,降负荷减购电区,0.0,-18.009000000000015
-32.13000000000005,降负荷减购电区,0.0,-32.13000000000005
-32.78250000000003,降负荷减购电区,0.0,-32.78250000000003
-20.2158,降负荷减购电区,0.0,-20.2158
-22.359600000000057,降负荷减购电区,0.0,-22.359600000000057
-25.75260000000003,降负荷减购电区,0.0,-25.75260000000003
-26.78174999999993,降负荷减购电区,0.0,-26.78174999999993
-18.84375,降负荷减购电区,0.0,-18.84375
-21.333599999999933,降负荷减购电区,0.0,-21.333599999999933
-26.39069999999998,降负荷减购电区,0.0,-26.39069999999998
-31.601249999999997,降负荷减购电区,0.0,-31.601249999999997
-38.35574999999994,降负荷减购电区,0.0,-38.35574999999994
-32.32934999999998,降负荷减购电区,0.0,-32.32934999999998
-26.124300000000005,降负荷减购电区,0.0,-26.124300000000005
-19.061999999999955,降负荷减购电区,0.0,-19.061999999999955
-21.00599999999997,降负荷减购电区,0.0,-21.00599999999997
-30.07799999999997,降负荷减购电区,0.0,-30.07799999999997
-20.087999999999965,降负荷减购电区,0.0,-20.087999999999965
-18.30960000000005,降负荷减购电区,0.0,-18.30960000000005
-38.4228,降负荷减购电区,0.0,-38.4228
-36.80460000000005,降负荷减购电区,0.0,-36.80460000000005
-34.12349999999998,降负荷减购电区,0.0,-34.12349999999998
-27.02610000000004,降负荷减购电区,0.0,-27.02610000000004
18.155250000000024,弃电吸收区,-18.155250000000024,0.0
35.69715000000008,弃电吸收区,-35.69715000000008,0.0
81.46980000000002,弃电吸收区,-81.46980000000002,0.0
95.67044999999996,弃电吸收区,-95.67044999999996,0.0
-8.189099999999996,降负荷减购电区,0.0,-8.189099999999996
-19.301399999999944,降负荷减购电区,0.0,-19.301399999999944
-49.14134999999999,降负荷减购电区,0.0,-49.14134999999999
-41.20740000000001,降负荷减购电区,0.0,-41.20740000000001
-42.66089999999997,降负荷减购电区,0.0,-42.66089999999997
-46.10475000000002,降负荷减购电区,0.0,-46.10475000000002
-45.69119999999998,降负荷减购电区,0.0,-45.69119999999998
-25.00694999999996,降负荷减购电区,0.0,-25.00694999999996
-14.280750000000012,降负荷减购电区,0.0,-14.280750000000012
-15.694200000000023,降负荷减购电区,0.0,-15.694200000000023
-15.537149999999995,降负荷减购电区,0.0,-15.537149999999995
-13.553099999999972,降负荷减购电区,0.0,-13.553099999999972
21.149999999999977,弃电吸收区,-21.149999999999977,0.0
21.986999999999966,弃电吸收区,-21.986999999999966,0.0
22.09229999999991,弃电吸收区,-22.09229999999991,0.0
21.83624999999995,弃电吸收区,-21.83624999999995,0.0
-9.84960000000001,降负荷减购电区,0.0,-9.84960000000001
-16.665750000000003,降负荷减购电区,0.0,-16.665750000000003
-13.80690000000004,降负荷减购电区,0.0,-13.80690000000004
-27.172799999999995,降负荷减购电区,0.0,-27.172799999999995
-28.498050000000035,降负荷减购电区,0.0,-28.498050000000035
-41.309999999999945,降负荷减购电区,0.0,-41.309999999999945
70.96139999999997,弃电吸收区,-70.96139999999997,0.0
90.34379999999992,弃电吸收区,-90.34379999999992,0.0
95.40090000000008,弃电吸收区,-95.40090000000008,0.0
79.17524999999995,弃电吸收区,-79.17524999999995,0.0
67.58144999999996,弃电吸收区,-67.58144999999996,0.0
53.55449999999996,弃电吸收区,-53.55449999999996,0.0
79.27514999999994,弃电吸收区,-79.27514999999994,0.0
60.44354999999996,弃电吸收区,-60.44354999999996,0.0
61.59375,弃电吸收区,-61.59375,0.0
76.28714999999988,弃电吸收区,-76.28714999999988,0.0
79.29539999999997,弃电吸收区,-79.29539999999997,0.0
83.75715000000002,弃电吸收区,-83.75715000000002,0.0
53.34525000000008,弃电吸收区,-53.34525000000008,0.0
22.049550000000067,弃电吸收区,-22.049550000000067,0.0
-27.59940000000006,降负荷减购电区,0.0,-27.59940000000006
-61.99020000000007,降负荷减购电区,0.0,-61.99020000000007
-79.36829999999998,降负荷减购电区,0.0,-79.36829999999998
-54.13230000000004,降负荷减购电区,0.0,-54.13230000000004
-40.400999999999954,降负荷减购电区,0.0,-40.400999999999954
-42.327,降负荷减购电区,0.0,-42.327
-50.43600000000004,降负荷减购电区,0.0,-50.43600000000004
-29.071800000000053,降负荷减购电区,0.0,-29.071800000000053
21.52800000000002,弃电吸收区,-21.52800000000002,0.0
53.887050000000045,弃电吸收区,-53.887050000000045,0.0
70.13475,弃电吸收区,-70.13475,0.0
75.25215000000009,弃电吸收区,-75.25215000000009,0.0
55.87379999999996,弃电吸收区,-55.87379999999996,0.0
75.15900000000005,弃电吸收区,-75.15900000000005,0.0
77.95260000000002,弃电吸收区,-77.95260000000002,0.0
89.53739999999999,弃电吸收区,-89.53739999999999,0.0
80.77050000000003,弃电吸收区,-80.77050000000003,0.0
103.63545000000003,弃电吸收区,-103.63545000000003,0.0
-21.558600000000013,降负荷减购电区,0.0,-21.558600000000013
-35.81729999999999,降负荷减购电区,0.0,-35.81729999999999
91.88460000000003,弃电吸收区,-91.88460000000003,0.0
93.0663,弃电吸收区,-93.0663,0.0
66.39794999999998,弃电吸收区,-66.39794999999998,0.0
21.94425000000001,弃电吸收区,-21.94425000000001,0.0
19.38914999999997,弃电吸收区,-19.38914999999997,0.0
-11.254949999999894,降负荷减购电区,0.0,-11.254949999999894
-17.13239999999996,降负荷减购电区,0.0,-17.13239999999996
-16.513199999999983,降负荷减购电区,0.0,-16.513199999999983
-22.661999999999978,降负荷减购电区,0.0,-22.661999999999978
-22.786649999999952,降负荷减购电区,0.0,-22.786649999999952
-21.21210000000008,降负荷减购电区,0.0,-21.21210000000008
-21.048299999999983,降负荷减购电区,0.0,-21.048299999999983
-23.19074999999998,降负荷减购电区,0.0,-23.19074999999998
-22.85865000000007,降负荷减购电区,0.0,-22.85865000000007
-20.40300000000002,降负荷减购电区,0.0,-20.40300000000002
-49.15440000000001,降负荷减购电区,0.0,-49.15440000000001
-44.89784999999995,降负荷减购电区,0.0,-44.89784999999995
-41.01930000000005,降负荷减购电区,0.0,-41.01930000000005
-37.85039999999998,降负荷减购电区,0.0,-37.85039999999998
-40.27365000000003,降负荷减购电区,0.0,-40.27365000000003
-53.93969999999999,降负荷减购电区,0.0,-53.93969999999999
-37.59029999999996,降负荷减购电区,0.0,-37.59029999999996
-44.52659999999997,降负荷减购电区,0.0,-44.52659999999997
-45.36450000000002,降负荷减购电区,0.0,-45.36450000000002
60.54120000000006,弃电吸收区,-60.54120000000006,0.0
59.58135000000004,弃电吸收区,-59.58135000000004,0.0
45.161550000000034,弃电吸收区,-45.161550000000034,0.0
26.60400000000004,弃电吸收区,-26.60400000000004,0.0
24.08490000000006,弃电吸收区,-24.08490000000006,0.0
19.26585,弃电吸收区,-19.26585,0.0
-9.72180000000003,降负荷减购电区,0.0,-9.72180000000003
-14.137200000000009,降负荷减购电区,0.0,-14.137200000000009
-15.583499999999958,降负荷减购电区,0.0,-15.583499999999958
-28.547999999999945,降负荷减购电区,0.0,-28.547999999999945
-25.487999999999943,降负荷减购电区,0.0,-25.487999999999943
-19.51559999999995,降负荷减购电区,0.0,-19.51559999999995
-24.630299999999977,降负荷减购电区,0.0,-24.630299999999977
-17.87400000000008,降负荷减购电区,0.0,-17.87400000000008
-17.33669999999995,降负荷减购电区,0.0,-17.33669999999995
-8.863200000000006,降负荷减购电区,0.0,-8.863200000000006
-5.842799999999954,降负荷减购电区,0.0,-5.842799999999954
-6.838200000000029,降负荷减购电区,0.0,-6.838200000000029
-7.524000000000001,降负荷减购电区,0.0,-7.524000000000001
-12.481650000000002,降负荷减购电区,0.0,-12.481650000000002
-8.844300000000032,降负荷减购电区,0.0,-8.844300000000032
-11.183400000000006,降负荷减购电区,0.0,-11.183400000000006
-8.077949999999987,降负荷减购电区,0.0,-8.077949999999987
-6.065999999999974,降负荷减购电区,0.0,-6.065999999999974
-8.826750000000004,降负荷减购电区,0.0,-8.826750000000004
-34.168949999999995,降负荷减购电区,0.0,-34.168949999999995
-58.37670000000003,降负荷减购电区,0.0,-58.37670000000003
-57.6810000000001,降负荷减购电区,0.0,-57.6810000000001
-56.3886,降负荷减购电区,0.0,-56.3886
-58.08599999999996,降负荷减购电区,0.0,-58.08599999999996
-41.66234999999995,降负荷减购电区,0.0,-41.66234999999995
21.394800000000032,弃电吸收区,-21.394800000000032,0.0
21.62250000000006,弃电吸收区,-21.62250000000006,0.0
-40.02120000000002,降负荷减购电区,0.0,-40.02120000000002
-37.34910000000002,降负荷减购电区,0.0,-37.34910000000002
-18.930600000000027,降负荷减购电区,0.0,-18.930600000000027
22.03200000000004,弃电吸收区,-22.03200000000004,0.0
34.28100000000006,弃电吸收区,-34.28100000000006,0.0
-12.43440000000004,降负荷减购电区,0.0,-12.43440000000004
-11.444399999999971,降负荷减购电区,0.0,-11.444399999999971
-28.630800000000026,降负荷减购电区,0.0,-28.630800000000026
-40.98645000000005,降负荷减购电区,0.0,-40.98645000000005
-35.392499999999984,降负荷减购电区,0.0,-35.392499999999984
-39.97125,降负荷减购电区,0.0,-39.97125
-29.574450000000013,降负荷减购电区,0.0,-29.574450000000013
-17.84699999999998,降负荷减购电区,0.0,-17.84699999999998
-42.255,降负荷减购电区,0.0,-42.255
-36.36495000000002,降负荷减购电区,0.0,-36.36495000000002
-48.31919999999997,降负荷减购电区,0.0,-48.31919999999997
-47.040299999999945,降负荷减购电区,0.0,-47.040299999999945
-45.99720000000002,降负荷减购电区,0.0,-45.99720000000002
-26.837999999999965,降负荷减购电区,0.0,-26.837999999999965
-24.419250000000037,降负荷减购电区,0.0,-24.419250000000037
-27.70739999999995,降负荷减购电区,0.0,-27.70739999999995
-14.122349999999985,降负荷减购电区,0.0,-14.122349999999985
20.430000000000064,弃电吸收区,-20.430000000000064,0.0
-26.78760000000005,降负荷减购电区,0.0,-26.78760000000005
-21.740400000000022,降负荷减购电区,0.0,-21.740400000000022
19.486800000000017,弃电吸收区,-19.486800000000017,0.0
21.79575,弃电吸收区,-21.79575,0.0
21.99375000000009,弃电吸收区,-21.99375000000009,0.0
21.93704999999989,弃电吸收区,-21.93704999999989,0.0
89.04960000000017,弃电吸收区,-89.04960000000017,0.0
104.72489999999992,弃电吸收区,-104.72489999999992,0.0
104.68439999999998,弃电吸收区,-104.68439999999998,0.0
107.77005000000008,弃电吸收区,-107.77005000000008,0.0
117.89325000000002,弃电吸收区,-117.89325000000002,0.0
116.59140000000002,弃电吸收区,-116.59140000000002,0.0
117.8136,弃电吸收区,-117.8136,0.0
98.1549,弃电吸收区,-98.1549,0.0
116.36235000000003,弃电吸收区,-116.36235000000003,0.0
-30.355199999999968,降负荷减购电区,0.0,-30.355199999999968
-41.0238,降负荷减购电区,0.0,-41.0238
-40.525199999999984,降负荷减购电区,0.0,-40.525199999999984
-30.009149999999977,降负荷减购电区,0.0,-30.009149999999977
-53.39160000000004,降负荷减购电区,0.0,-53.39160000000004
-57.2706,降负荷减购电区,0.0,-57.2706
-51.86250000000007,降负荷减购电区,0.0,-51.86250000000007
-26.141850000000037,降负荷减购电区,0.0,-26.141850000000037
-22.526099999999985,降负荷减购电区,0.0,-22.526099999999985
-14.538599999999974,降负荷减购电区,0.0,-14.538599999999974
-17.901000000000067,降负荷减购电区,0.0,-17.901000000000067
-21.09960000000001,降负荷减购电区,0.0,-21.09960000000001
-19.609200000000044,降负荷减购电区,0.0,-19.609200000000044
-18.181799999999956,降负荷减购电区,0.0,-18.181799999999956
-11.026800000000035,降负荷减购电区,0.0,-11.026800000000035
-6.084000000000003,降负荷减购电区,0.0,-6.084000000000003
-5.668200000000013,降负荷减购电区,0.0,-5.668200000000013
-10.91160000000002,降负荷减购电区,0.0,-10.91160000000002
-39.31379999999996,降负荷减购电区,0.0,-39.31379999999996
-36.53639999999996,降负荷减购电区,0.0,-36.53639999999996
-36.61919999999998,降负荷减购电区,0.0,-36.61919999999998
-35.897400000000005,降负荷减购电区,0.0,-35.897400000000005
-17.985600000000034,降负荷减购电区,0.0,-17.985600000000034
-4.198500000000024,降负荷减购电区,0.0,-4.198500000000024
-23.53139999999996,降负荷减购电区,0.0,-23.53139999999996
-19.54394999999994,降负荷减购电区,0.0,-19.54394999999994
-26.06849999999997,降负荷减购电区,0.0,-26.06849999999997
-24.429599999999997,降负荷减购电区,0.0,-24.429599999999997
-19.627200000000077,降负荷减购电区,0.0,-19.627200000000077
21.49470000000008,弃电吸收区,-21.49470000000008,0.0
21.9348,弃电吸收区,-21.9348,0.0
20.57579999999996,弃电吸收区,-20.57579999999996,0.0
21.625200000000063,弃电吸收区,-21.625200000000063,0.0
21.35114999999996,弃电吸收区,-21.35114999999996,0.0
21.716999999999985,弃电吸收区,-21.716999999999985,0.0
21.812400000000025,弃电吸收区,-21.812400000000025,0.0
21.84119999999996,弃电吸收区,-21.84119999999996,0.0
30.293999999999983,弃电吸收区,-30.293999999999983,0.0
36.96795000000009,弃电吸收区,-36.96795000000009,0.0
89.03024999999997,弃电吸收区,-89.03024999999997,0.0
-22.20840000000004,降负荷减购电区,0.0,-22.20840000000004
-42.606,降负荷减购电区,0.0,-42.606
-47.30759999999998,降负荷减购电区,0.0,-47.30759999999998
-46.269000000000005,降负荷减购电区,0.0,-46.269000000000005
-41.68035000000003,降负荷减购电区,0.0,-41.68035000000003
-29.977199999999986,降负荷减购电区,0.0,-29.977199999999986
-37.90350000000001,降负荷减购电区,0.0,-37.90350000000001
-23.20154999999994,降负荷减购电区,0.0,-23.20154999999994
-20.93984999999998,降负荷减购电区,0.0,-20.93984999999998
-38.97809999999998,降负荷减购电区,0.0,-38.97809999999998
-37.22399999999999,降负荷减购电区,0.0,-37.22399999999999
-84.20850000000007,降负荷减购电区,0.0,-84.20850000000007
-75.15674999999999,降负荷减购电区,0.0,-75.15674999999999
-60.14519999999999,降负荷减购电区,0.0,-60.14519999999999
-52.27019999999999,降负荷减购电区,0.0,-52.27019999999999
-52.74000000000007,降负荷减购电区,0.0,-52.74000000000007
-43.04205000000002,降负荷减购电区,0.0,-43.04205000000002
-37.3014,降负荷减购电区,0.0,-37.3014
-23.313600000000008,降负荷减购电区,0.0,-23.313600000000008
-51.77249999999998,降负荷减购电区,0.0,-51.77249999999998
-35.53739999999999,降负荷减购电区,0.0,-35.53739999999999
-58.74389999999994,降负荷减购电区,0.0,-58.74389999999994
-40.66290000000009,降负荷减购电区,0.0,-40.66290000000009
-34.042050000000074,降负荷减购电区,0.0,-34.042050000000074
-28.343700000000013,降负荷减购电区,0.0,-28.343700000000013
-6.713099999999997,降负荷减购电区,0.0,-6.713099999999997
-6.258600000000058,降负荷减购电区,0.0,-6.258600000000058
-19.94580000000002,降负荷减购电区,0.0,-19.94580000000002
-10.372050000000002,降负荷减购电区,0.0,-10.372050000000002
-11.901599999999974,降负荷减购电区,0.0,-11.901599999999974
-19.497150000000037,降负荷减购电区,0.0,-19.497150000000037
-18.44099999999997,降负荷减购电区,0.0,-18.44099999999997
-18.54629999999997,降负荷减购电区,0.0,-18.54629999999997
-21.11669999999998,降负荷减购电区,0.0,-21.11669999999998
-14.36805000000004,降负荷减购电区,0.0,-14.36805000000004
-36.86489999999992,降负荷减购电区,0.0,-36.86489999999992
-63.87300000000005,降负荷减购电区,0.0,-63.87300000000005
-37.82114999999999,降负荷减购电区,0.0,-37.82114999999999
-51.36299999999994,降负荷减购电区,0.0,-51.36299999999994
-49.71330000000012,降负荷减购电区,0.0,-49.71330000000012
-26.56574999999998,降负荷减购电区,0.0,-26.56574999999998
-19.04759999999999,降负荷减购电区,0.0,-19.04759999999999
-32.38965000000002,降负荷减购电区,0.0,-32.38965000000002
-51.54165,降负荷减购电区,0.0,-51.54165
-61.561800000000005,降负荷减购电区,0.0,-61.561800000000005
-36.32849999999996,降负荷减购电区,0.0,-36.32849999999996
-36.31815,降负荷减购电区,0.0,-36.31815
-35.638649999999984,降负荷减购电区,0.0,-35.638649999999984
-38.89079999999996,降负荷减购电区,0.0,-38.89079999999996
-17.158049999999946,降负荷减购电区,0.0,-17.158049999999946
-8.71289999999999,降负荷减购电区,0.0,-8.71289999999999
-7.252200000000016,降负荷减购电区,0.0,-7.252200000000016
-5.485500000000002,降负荷减购电区,0.0,-5.485500000000002
-26.892000000000053,降负荷减购电区,0.0,-26.892000000000053
-40.34700000000004,降负荷减购电区,0.0,-40.34700000000004
90.66059999999992,弃电吸收区,-90.66059999999992,0.0
89.53290000000004,弃电吸收区,-89.53290000000004,0.0
89.53559999999999,弃电吸收区,-89.53559999999999,0.0
91.32300000000004,弃电吸收区,-91.32300000000004,0.0
89.09460000000007,弃电吸收区,-89.09460000000007,0.0
50.57279999999997,弃电吸收区,-50.57279999999997,0.0
-39.282749999999965,降负荷减购电区,0.0,-39.282749999999965
-53.91135000000003,降负荷减购电区,0.0,-53.91135000000003
-35.18280000000004,降负荷减购电区,0.0,-35.18280000000004
-36.772200000000055,降负荷减购电区,0.0,-36.772200000000055
-43.94114999999999,降负荷减购电区,0.0,-43.94114999999999
-40.44239999999997,降负荷减购电区,0.0,-40.44239999999997
-55.65195,降负荷减购电区,0.0,-55.65195
-43.18919999999997,降负荷减购电区,0.0,-43.18919999999997
-23.64119999999997,降负荷减购电区,0.0,-23.64119999999997
-24.413849999999968,降负荷减购电区,0.0,-24.413849999999968
-23.09535,降负荷减购电区,0.0,-23.09535
95.26050000000016,弃电吸收区,-95.26050000000016,0.0
91.6078500000001,弃电吸收区,-91.6078500000001,0.0
81.12420000000009,弃电吸收区,-81.12420000000009,0.0
100.4049,弃电吸收区,-100.4049,0.0
120.39344999999996,弃电吸收区,-120.39344999999996,0.0
-15.232500000000016,降负荷减购电区,0.0,-15.232500000000016
-17.92394999999999,降负荷减购电区,0.0,-17.92394999999999
-16.929899999999975,降负荷减购电区,0.0,-16.929899999999975
-15.444000000000017,降负荷减购电区,0.0,-15.444000000000017
-31.87079999999997,降负荷减购电区,0.0,-31.87079999999997
-41.89725000000004,降负荷减购电区,0.0,-41.89725000000004
-60.049800000000005,降负荷减购电区,0.0,-60.049800000000005
-45.95399999999995,降负荷减购电区,0.0,-45.95399999999995
-49.78620000000007,降负荷减购电区,0.0,-49.78620000000007
-48.50280000000004,降负荷减购电区,0.0,-48.50280000000004
-50.88285000000002,降负荷减购电区,0.0,-50.88285000000002
-41.1696,降负荷减购电区,0.0,-41.1696
-43.59960000000001,降负荷减购电区,0.0,-43.59960000000001
-44.57024999999999,降负荷减购电区,0.0,-44.57024999999999
-43.81289999999996,降负荷减购电区,0.0,-43.81289999999996
-43.7688,降负荷减购电区,0.0,-43.7688
17.986499999999978,弃电吸收区,-17.986499999999978,0.0
56.03444999999999,弃电吸收区,-56.03444999999999,0.0
50.00984999999997,弃电吸收区,-50.00984999999997,0.0
77.10434999999995,弃电吸收区,-77.10434999999995,0.0
92.93220000000002,弃电吸收区,-92.93220000000002,0.0
92.44755000000004,弃电吸收区,-92.44755000000004,0.0
91.80675000000002,弃电吸收区,-91.80675000000002,0.0
88.29449999999997,弃电吸收区,-88.29449999999997,0.0
65.6676,弃电吸收区,-65.6676,0.0
63.65790000000004,弃电吸收区,-63.65790000000004,0.0
77.67224999999996,弃电吸收区,-77.67224999999996,0.0
103.4568,弃电吸收区,-103.4568,0.0
99.09449999999998,弃电吸收区,-99.09449999999998,0.0
74.45700000000005,弃电吸收区,-74.45700000000005,0.0
67.83390000000009,弃电吸收区,-67.83390000000009,0.0
-20.03715,降负荷减购电区,0.0,-20.03715
-57.85379999999998,降负荷减购电区,0.0,-57.85379999999998
-64.20960000000002,降负荷减购电区,0.0,-64.20960000000002
-35.961749999999995,降负荷减购电区,0.0,-35.961749999999995
22.134599999999864,弃电吸收区,-22.134599999999864,0.0
21.185100000000038,弃电吸收区,-21.185100000000038,0.0
16.846650000000068,弃电吸收区,-16.846650000000068,0.0
21.95685000000003,弃电吸收区,-21.95685000000003,0.0
17.92439999999999,弃电吸收区,-17.92439999999999,0.0
-8.115750000000048,降负荷减购电区,0.0,-8.115750000000048
44.62605000000008,弃电吸收区,-44.62605000000008,0.0
74.77155000000005,弃电吸收区,-74.77155000000005,0.0
69.97410000000013,弃电吸收区,-69.97410000000013,0.0
78.37020000000001,弃电吸收区,-78.37020000000001,0.0
80.4366,弃电吸收区,-80.4366,0.0
87.06419999999991,弃电吸收区,-87.06419999999991,0.0
-2.5807499999999663,降负荷减购电区,0.0,-2.5807499999999663
-6.566849999999988,降负荷减购电区,0.0,-6.566849999999988
-12.39749999999998,降负荷减购电区,0.0,-12.39749999999998
-17.958600000000047,降负荷减购电区,0.0,-17.958600000000047
-17.437500000000057,降负荷减购电区,0.0,-17.437500000000057
-16.923599999999965,降负荷减购电区,0.0,-16.923599999999965
-21.42900000000003,降负荷减购电区,0.0,-21.42900000000003
-20.122199999999964,降负荷减购电区,0.0,-20.122199999999964
-16.715700000000027,降负荷减购电区,0.0,-16.715700000000027
-15.870599999999968,降负荷减购电区,0.0,-15.870599999999968
-26.1918,降负荷减购电区,0.0,-26.1918
-33.28829999999999,降负荷减购电区,0.0,-33.28829999999999
-22.5693,降负荷减购电区,0.0,-22.5693
-20.977199999999986,降负荷减购电区,0.0,-20.977199999999986
-27.855000000000015,降负荷减购电区,0.0,-27.855000000000015
-35.370000000000005,降负荷减购电区,0.0,-35.370000000000005
-36.827999999999975,降负荷减购电区,0.0,-36.827999999999975
-36.463949999999954,降负荷减购电区,0.0,-36.463949999999954
-34.18560000000008,降负荷减购电区,0.0,-34.18560000000008
-54.46845000000008,降负荷减购电区,0.0,-54.46845000000008
-83.286,降负荷减购电区,0.0,-83.286
-85.41900000000004,降负荷减购电区,0.0,-85.41900000000004
-70.03979999999996,降负荷减购电区,0.0,-70.03979999999996
-46.405800000000056,降负荷减购电区,0.0,-46.405800000000056
77.60835000000003,弃电吸收区,-77.60835000000003,0.0
75.19995,弃电吸收区,-75.19995,0.0
68.80995000000001,弃电吸收区,-68.80995000000001,0.0
61.79669999999999,弃电吸收区,-61.79669999999999,0.0
70.04429999999996,弃电吸收区,-70.04429999999996,0.0
75.57300000000004,弃电吸收区,-75.57300000000004,0.0
84.59730000000002,弃电吸收区,-84.59730000000002,0.0
-36.98010000000005,降负荷减购电区,0.0,-36.98010000000005
-63.66735,降负荷减购电区,0.0,-63.66735
-78.13169999999997,降负荷减购电区,0.0,-78.13169999999997
-56.42280000000005,降负荷减购电区,0.0,-56.42280000000005
-51.01200000000006,降负荷减购电区,0.0,-51.01200000000006
-55.736099999999965,降负荷减购电区,0.0,-55.736099999999965
-39.80340000000001,降负荷减购电区,0.0,-39.80340000000001
-25.2045,降负荷减购电区,0.0,-25.2045
-13.093649999999911,降负荷减购电区,0.0,-13.093649999999911
-25.640999999999963,降负荷减购电区,0.0,-25.640999999999963
-23.13764999999995,降负荷减购电区,0.0,-23.13764999999995
-18.030599999999996,降负荷减购电区,0.0,-18.030599999999996
-15.362999999999944,降负荷减购电区,0.0,-15.362999999999944
-27.623699999999985,降负荷减购电区,0.0,-27.623699999999985
-81.61290000000002,降负荷减购电区,0.0,-81.61290000000002
-90.89685000000004,降负荷减购电区,0.0,-90.89685000000004
-86.81850000000003,降负荷减购电区,0.0,-86.81850000000003
-80.35425000000004,降负荷减购电区,0.0,-80.35425000000004
-77.3451,降负荷减购电区,0.0,-77.3451
-42.49260000000004,降负荷减购电区,0.0,-42.49260000000004
-26.58420000000001,降负荷减购电区,0.0,-26.58420000000001
-26.93700000000001,降负荷减购电区,0.0,-26.93700000000001
-31.213799999999992,降负荷减购电区,0.0,-31.213799999999992
-28.28249999999997,降负荷减购电区,0.0,-28.28249999999997
-25.737750000000005,降负荷减购电区,0.0,-25.737750000000005
-68.57999999999998,降负荷减购电区,0.0,-68.57999999999998
-81.71684999999997,降负荷减购电区,0.0,-81.71684999999997
-104.86799999999994,降负荷减购电区,0.0,-104.86799999999994
-89.32679999999993,降负荷减购电区,0.0,-89.32679999999993
-67.37939999999998,降负荷减购电区,0.0,-67.37939999999998
-30.86099999999999,降负荷减购电区,0.0,-30.86099999999999
-20.977199999999986,降负荷减购电区,0.0,-20.977199999999986
-18.71235000000001,降负荷减购电区,0.0,-18.71235000000001
-47.077650000000006,降负荷减购电区,0.0,-47.077650000000006
-79.22924999999998,降负荷减购电区,0.0,-79.22924999999998
-92.89125,降负荷减购电区,0.0,-92.89125
-60.5376,降负荷减购电区,0.0,-60.5376
-38.96775000000002,降负荷减购电区,0.0,-38.96775000000002
-34.45785000000001,降负荷减购电区,0.0,-34.45785000000001
-24.40485000000001,降负荷减购电区,0.0,-24.40485000000001
-57.24630000000002,降负荷减购电区,0.0,-57.24630000000002
-45.92700000000002,降负荷减购电区,0.0,-45.92700000000002
-24.62085000000002,降负荷减购电区,0.0,-24.62085000000002
-15.23430000000002,降负荷减购电区,0.0,-15.23430000000002
-13.185000000000002,降负荷减购电区,0.0,-13.185000000000002
84.24360000000001,弃电吸收区,-84.24360000000001,0.0
83.17169999999999,弃电吸收区,-83.17169999999999,0.0
80.63820000000004,弃电吸收区,-80.63820000000004,0.0
66.99060000000003,弃电吸收区,-66.99060000000003,0.0
41.49944999999991,弃电吸收区,-41.49944999999991,0.0
22.058099999999968,弃电吸收区,-22.058099999999968,0.0
21.85559999999998,弃电吸收区,-21.85559999999998,0.0
21.166200000000003,弃电吸收区,-21.166200000000003,0.0
-1.0611000000000104,降负荷减购电区,0.0,-1.0611000000000104
21.11130000000003,弃电吸收区,-21.11130000000003,0.0
22.03200000000004,弃电吸收区,-22.03200000000004,0.0
21.508199999999988,弃电吸收区,-21.508199999999988,0.0
21.7278,弃电吸收区,-21.7278,0.0
22.05359999999996,弃电吸收区,-22.05359999999996,0.0
90.61514999999996,弃电吸收区,-90.61514999999996,0.0
87.71759999999989,弃电吸收区,-87.71759999999989,0.0
110.50020000000006,弃电吸收区,-110.50020000000006,0.0
93.18284999999996,弃电吸收区,-93.18284999999996,0.0
-12.952800000000025,降负荷减购电区,0.0,-12.952800000000025
-21.526200000000017,降负荷减购电区,0.0,-21.526200000000017
-44.26920000000007,降负荷减购电区,0.0,-44.26920000000007
-50.85855000000007,降负荷减购电区,0.0,-50.85855000000007
-36.41264999999999,降负荷减购电区,0.0,-36.41264999999999
-26.55495000000002,降负荷减购电区,0.0,-26.55495000000002
-23.63085000000001,降负荷减购电区,0.0,-23.63085000000001
-40.93739999999997,降负荷减购电区,0.0,-40.93739999999997
-43.52850000000001,降负荷减购电区,0.0,-43.52850000000001
73.36439999999999,弃电吸收区,-73.36439999999999,0.0
46.35225000000008,弃电吸收区,-46.35225000000008,0.0
22.139099999999985,弃电吸收区,-22.139099999999985,0.0
20.519999999999985,弃电吸收区,-20.519999999999985,0.0
22.12379999999996,弃电吸收区,-22.12379999999996,0.0
21.964500000000044,弃电吸收区,-21.964500000000044,0.0
-34.53120000000001,降负荷减购电区,0.0,-34.53120000000001
-36.20925,降负荷减购电区,0.0,-36.20925
-36.77400000000006,降负荷减购电区,0.0,-36.77400000000006
-46.919700000000034,降负荷减购电区,0.0,-46.919700000000034
-24.72480000000013,降负荷减购电区,0.0,-24.72480000000013
-23.33475000000004,降负荷减购电区,0.0,-23.33475000000004
-48.31739999999997,降负荷减购电区,0.0,-48.31739999999997
-23.959799999999973,降负荷减购电区,0.0,-23.959799999999973
107.5806,弃电吸收区,-107.5806,0.0
103.9545,弃电吸收区,-103.9545,0.0
105.8958,弃电吸收区,-105.8958,0.0
106.42005000000006,弃电吸收区,-106.42005000000006,0.0
113.65875,弃电吸收区,-113.65875,0.0
110.26620000000004,弃电吸收区,-110.26620000000004,0.0
112.55939999999993,弃电吸收区,-112.55939999999993,0.0
105.47774999999996,弃电吸收区,-105.47774999999996,0.0
101.1834,弃电吸收区,-101.1834,0.0
106.71974999999998,弃电吸收区,-106.71974999999998,0.0
58.666049999999984,弃电吸收区,-58.666049999999984,0.0
52.57440000000008,弃电吸收区,-52.57440000000008,0.0
22.115699999999947,弃电吸收区,-22.115699999999947,0.0
21.98115000000007,弃电吸收区,-21.98115000000007,0.0
22.05404999999996,弃电吸收区,-22.05404999999996,0.0
20.31885,弃电吸收区,-20.31885,0.0
21.71429999999998,弃电吸收区,-21.71429999999998,0.0
20.63520000000005,弃电吸收区,-20.63520000000005,0.0
21.556350000000062,弃电吸收区,-21.556350000000062,0.0
19.14659999999992,弃电吸收区,-19.14659999999992,0.0
-4.989149999999995,降负荷减购电区,0.0,-4.989149999999995
-12.733649999999956,降负荷减购电区,0.0,-12.733649999999956
-17.503199999999936,降负荷减购电区,0.0,-17.503199999999936
-15.822000000000005,降负荷减购电区,0.0,-15.822000000000005
-15.8913,降负荷减购电区,0.0,-15.8913
-39.65849999999995,降负荷减购电区,0.0,-39.65849999999995
-35.50725,降负荷减购电区,0.0,-35.50725
-35.49150000000003,降负荷减购电区,0.0,-35.49150000000003
-69.52499999999998,降负荷减购电区,0.0,-69.52499999999998
-55.64700000000002,降负荷减购电区,0.0,-55.64700000000002
-44.57339999999999,降负荷减购电区,0.0,-44.57339999999999
-30.95550000000003,降负荷减购电区,0.0,-30.95550000000003
-23.68620000000004,降负荷减购电区,0.0,-23.68620000000004
-11.951099999999997,降负荷减购电区,0.0,-11.951099999999997
-41.62230000000005,降负荷减购电区,0.0,-41.62230000000005
-24.178949999999983,降负荷减购电区,0.0,-24.178949999999983
-45.61829999999998,降负荷减购电区,0.0,-45.61829999999998
-41.71319999999997,降负荷减购电区,0.0,-41.71319999999997
-60.75269999999995,降负荷减购电区,0.0,-60.75269999999995
-32.257799999999975,降负荷减购电区,0.0,-32.257799999999975
-29.80394999999993,降负荷减购电区,0.0,-29.80394999999993
-30.825899999999933,降负荷减购电区,0.0,-30.825899999999933
-12.793949999999995,降负荷减购电区,0.0,-12.793949999999995
-17.954999999999927,降负荷减购电区,0.0,-17.954999999999927
-18.973800000000097,降负荷减购电区,0.0,-18.973800000000097
-14.877900000000013,降负荷减购电区,0.0,-14.877900000000013
-17.40960000000001,降负荷减购电区,0.0,-17.40960000000001
-40.51980000000003,降负荷减购电区,0.0,-40.51980000000003
-39.19319999999999,降负荷减购电区,0.0,-39.19319999999999
-33.14160000000004,降负荷减购电区,0.0,-33.14160000000004
-56.98259999999999,降负荷减购电区,0.0,-56.98259999999999
-49.49234999999999,降负荷减购电区,0.0,-49.49234999999999
-22.700249999999983,降负荷减购电区,0.0,-22.700249999999983
91.98719999999996,弃电吸收区,-91.98719999999996,0.0
104.05259999999998,弃电吸收区,-104.05259999999998,0.0
105.15780000000008,弃电吸收区,-105.15780000000008,0.0
111.63509999999997,弃电吸收区,-111.63509999999997,0.0
102.024,弃电吸收区,-102.024,0.0
73.16099999999994,弃电吸收区,-73.16099999999994,0.0
20.292299999999955,弃电吸收区,-20.292299999999955,0.0
-33.740099999999984,降负荷减购电区,0.0,-33.740099999999984
-33.231600000000014,降负荷减购电区,0.0,-33.231600000000014
-20.478150000000028,降负荷减购电区,0.0,-20.478150000000028
-14.146200000000022,降负荷减购电区,0.0,-14.146200000000022
22.11480000000006,弃电吸收区,-22.11480000000006,0.0
21.341249999999945,弃电吸收区,-21.341249999999945,0.0
20.50739999999996,弃电吸收区,-20.50739999999996,0.0
-25.22159999999991,降负荷减购电区,0.0,-25.22159999999991
22.036499999999933,弃电吸收区,-22.036499999999933,0.0
60.71715000000006,弃电吸收区,-60.71715000000006,0.0
79.5609,弃电吸收区,-79.5609,0.0
101.81025,弃电吸收区,-101.81025,0.0
103.5018,弃电吸收区,-103.5018,0.0
102.1216500000001,弃电吸收区,-102.1216500000001,0.0
-20.183850000000007,降负荷减购电区,0.0,-20.183850000000007
-49.77090000000004,降负荷减购电区,0.0,-49.77090000000004
-44.1036,降负荷减购电区,0.0,-44.1036
-43.09019999999998,降负荷减购电区,0.0,-43.09019999999998
-39.45420000000007,降负荷减购电区,0.0,-39.45420000000007
-34.516350000000045,降负荷减购电区,0.0,-34.516350000000045
-30.861000000000047,降负荷减购电区,0.0,-30.861000000000047
68.34285,弃电吸收区,-68.34285,0.0
61.30710000000005,弃电吸收区,-61.30710000000005,0.0
64.17270000000002,弃电吸收区,-64.17270000000002,0.0
22.04639999999995,弃电吸收区,-22.04639999999995,0.0
21.895200000000045,弃电吸收区,-21.895200000000045,0.0
16.233299999999986,弃电吸收区,-16.233299999999986,0.0
-11.305799999999977,降负荷减购电区,0.0,-11.305799999999977
-28.76759999999996,降负荷减购电区,0.0,-28.76759999999996
-15.670799999999986,降负荷减购电区,0.0,-15.670799999999986
18.653400000000037,弃电吸收区,-18.653400000000037,0.0
21.8682,弃电吸收区,-21.8682,0.0
21.82230000000004,弃电吸收区,-21.82230000000004,0.0
31.828499999999963,弃电吸收区,-31.828499999999963,0.0
85.79384999999996,弃电吸收区,-85.79384999999996,0.0
93.3732,弃电吸收区,-93.3732,0.0
67.73399999999992,弃电吸收区,-67.73399999999992,0.0
75.54059999999998,弃电吸收区,-75.54059999999998,0.0
84.61935,弃电吸收区,-84.61935,0.0
81.30780000000004,弃电吸收区,-81.30780000000004,0.0
81.11700000000002,弃电吸收区,-81.11700000000002,0.0
93.3646500000001,弃电吸收区,-93.3646500000001,0.0
93.02310000000011,弃电吸收区,-93.02310000000011,0.0
99.46350000000008,弃电吸收区,-99.46350000000008,0.0
97.55145000000005,弃电吸收区,-97.55145000000005,0.0
103.71734999999995,弃电吸收区,-103.71734999999995,0.0
102.78360000000008,弃电吸收区,-102.78360000000008,0.0
40.31910000000005,弃电吸收区,-40.31910000000005,0.0
-23.92379999999997,降负荷减购电区,0.0,-23.92379999999997
-20.82825000000008,降负荷减购电区,0.0,-20.82825000000008
-36.85680000000002,降负荷减购电区,0.0,-36.85680000000002
-51.89220000000006,降负荷减购电区,0.0,-51.89220000000006
-74.75310000000002,降负荷减购电区,0.0,-74.75310000000002
-63.2088,降负荷减购电区,0.0,-63.2088
-69.98399999999998,降负荷减购电区,0.0,-69.98399999999998
-70.54830000000004,降负荷减购电区,0.0,-70.54830000000004
-65.28374999999994,降负荷减购电区,0.0,-65.28374999999994
-19.402649999999998,降负荷减购电区,0.0,-19.402649999999998
-11.478599999999972,降负荷减购电区,0.0,-11.478599999999972
-12.437999999999988,降负荷减购电区,0.0,-12.437999999999988
-9.238050000000044,降负荷减购电区,0.0,-9.238050000000044
-6.397200000000055,降负荷减购电区,0.0,-6.397200000000055
-6.70859999999999,降负荷减购电区,0.0,-6.70859999999999
-5.345099999999945,降负荷减购电区,0.0,-5.345099999999945
-10.744199999999978,降负荷减购电区,0.0,-10.744199999999978
-26.761049999999955,降负荷减购电区,0.0,-26.761049999999955
-47.52899999999994,降负荷减购电区,0.0,-47.52899999999994
-64.22039999999998,降负荷减购电区,0.0,-64.22039999999998
-50.14170000000007,降负荷减购电区,0.0,-50.14170000000007
59.46659999999997,弃电吸收区,-59.46659999999997,0.0
63.52649999999994,弃电吸收区,-63.52649999999994,0.0
44.14005000000003,弃电吸收区,-44.14005000000003,0.0
15.848999999999933,弃电吸收区,-15.848999999999933,0.0
-20.06955000000005,降负荷减购电区,0.0,-20.06955000000005
-35.75834999999995,降负荷减购电区,0.0,-35.75834999999995
-58.24574999999999,降负荷减购电区,0.0,-58.24574999999999
-69.38325000000003,降负荷减购电区,0.0,-69.38325000000003
-61.50240000000002,降负荷减购电区,0.0,-61.50240000000002
-39.711149999999975,降负荷减购电区,0.0,-39.711149999999975
-27.447299999999984,降负荷减购电区,0.0,-27.447299999999984
-7.559999999999945,降负荷减购电区,0.0,-7.559999999999945
-11.347200000000043,降负荷减购电区,0.0,-11.347200000000043
-15.711300000000051,降负荷减购电区,0.0,-15.711300000000051
-20.938950000000037,降负荷减购电区,0.0,-20.938950000000037
-14.097599999999945,降负荷减购电区,0.0,-14.097599999999945
-18.918900000000008,降负荷减购电区,0.0,-18.918900000000008
-17.454150000000027,降负荷减购电区,0.0,-17.454150000000027
80.8587,弃电吸收区,-80.8587,0.0
84.20894999999996,弃电吸收区,-84.20894999999996,0.0
93.64139999999998,弃电吸收区,-93.64139999999998,0.0
56.76390000000004,弃电吸收区,-56.76390000000004,0.0
59.08679999999987,弃电吸收区,-59.08679999999987,0.0
95.03100000000006,弃电吸收区,-95.03100000000006,0.0
84.43709999999999,弃电吸收区,-84.43709999999999,0.0
60.661800000000085,弃电吸收区,-60.661800000000085,0.0
-11.496599999999944,降负荷减购电区,0.0,-11.496599999999944
-31.05180000000001,降负荷减购电区,0.0,-31.05180000000001
-43.89975000000004,降负荷减购电区,0.0,-43.89975000000004
-70.488,降负荷减购电区,0.0,-70.488
-64.31310000000002,降负荷减购电区,0.0,-64.31310000000002
-38.37735000000009,降负荷减购电区,0.0,-38.37735000000009
-15.883199999999988,降负荷减购电区,0.0,-15.883199999999988
-17.17380000000003,降负荷减购电区,0.0,-17.17380000000003
-15.416999999999916,降负荷减购电区,0.0,-15.416999999999916
22.139099999999985,弃电吸收区,-22.139099999999985,0.0
51.75720000000007,弃电吸收区,-51.75720000000007,0.0
90.81224999999996,弃电吸收区,-90.81224999999996,0.0
99.16065000000005,弃电吸收区,-99.16065000000005,0.0
103.80194999999998,弃电吸收区,-103.80194999999998,0.0
80.10270000000008,弃电吸收区,-80.10270000000008,0.0
-34.08615000000003,降负荷减购电区,0.0,-34.08615000000003
-41.0274,降负荷减购电区,0.0,-41.0274
-24.714,降负荷减购电区,0.0,-24.714
-11.896200000000022,降负荷减购电区,0.0,-11.896200000000022
-12.325500000000034,降负荷减购电区,0.0,-12.325500000000034
-14.65379999999999,降负荷减购电区,0.0,-14.65379999999999
-12.605400000000031,降负荷减购电区,0.0,-12.605400000000031
-15.588000000000022,降负荷减购电区,0.0,-15.588000000000022
-25.582499999999985,降负荷减购电区,0.0,-25.582499999999985
-25.410149999999987,降负荷减购电区,0.0,-25.410149999999987
-27.15119999999996,降负荷减购电区,0.0,-27.15119999999996
-47.66039999999998,降负荷减购电区,0.0,-47.66039999999998
-63.2448,降负荷减购电区,0.0,-63.2448
-20.78909999999996,降负荷减购电区,0.0,-20.78909999999996
-9.34559999999999,降负荷减购电区,0.0,-9.34559999999999
-17.89199999999994,降负荷减购电区,0.0,-17.89199999999994
-16.583399999999983,降负荷减购电区,0.0,-16.583399999999983
-10.125,降负荷减购电区,0.0,-10.125
21.38400000000001,弃电吸收区,-21.38400000000001,0.0
28.799549999999957,弃电吸收区,-28.799549999999957,0.0
46.89945,弃电吸收区,-46.89945,0.0
93.267,弃电吸收区,-93.267,0.0
109.20509999999996,弃电吸收区,-109.20509999999996,0.0
116.5167,弃电吸收区,-116.5167,0.0
-7.186500000000024,降负荷减购电区,0.0,-7.186500000000024
-3.746250000000032,降负荷减购电区,0.0,-3.746250000000032
-29.3202,降负荷减购电区,0.0,-29.3202
-40.47299999999996,降负荷减购电区,0.0,-40.47299999999996
-40.20479999999998,降负荷减购电区,0.0,-40.20479999999998
-39.60899999999998,降负荷减购电区,0.0,-39.60899999999998
-42.341399999999965,降负荷减购电区,0.0,-42.341399999999965
-34.13250000000005,降负荷减购电区,0.0,-34.13250000000005
-8.393850000000043,降负荷减购电区,0.0,-8.393850000000043
-28.3698,降负荷减购电区,0.0,-28.3698
-34.6266,降负荷减购电区,0.0,-34.6266
20.973600000000037,弃电吸收区,-20.973600000000037,0.0
21.817800000000037,弃电吸收区,-21.817800000000037,0.0
21.89025000000004,弃电吸收区,-21.89025000000004,0.0
22.13640000000009,弃电吸收区,-22.13640000000009,0.0
18.321300000000065,弃电吸收区,-18.321300000000065,0.0
-35.498699999999985,降负荷减购电区,0.0,-35.498699999999985
-43.79849999999993,降负荷减购电区,0.0,-43.79849999999993
-41.66460000000001,降负荷减购电区,0.0,-41.66460000000001
-31.725000000000023,降负荷减购电区,0.0,-31.725000000000023
-49.763700000000085,降负荷减购电区,0.0,-49.763700000000085
67.87799999999999,弃电吸收区,-67.87799999999999,0.0
66.35924999999997,弃电吸收区,-66.35924999999997,0.0
84.27915000000007,弃电吸收区,-84.27915000000007,0.0
93.21120000000002,弃电吸收区,-93.21120000000002,0.0
100.58535,弃电吸收区,-100.58535,0.0
92.50785000000002,弃电吸收区,-92.50785000000002,0.0
87.05790000000002,弃电吸收区,-87.05790000000002,0.0
94.0815,弃电吸收区,-94.0815,0.0
101.58795000000003,弃电吸收区,-101.58795000000003,0.0
106.83405,弃电吸收区,-106.83405,0.0
101.0808,弃电吸收区,-101.0808,0.0
50.22180000000003,弃电吸收区,-50.22180000000003,0.0
-19.59120000000007,降负荷减购电区,0.0,-19.59120000000007
-31.535550000000057,降负荷减购电区,0.0,-31.535550000000057
-36.51119999999997,降负荷减购电区,0.0,-36.51119999999997
-55.677599999999984,降负荷减购电区,0.0,-55.677599999999984
-41.14934999999997,降负荷减购电区,0.0,-41.14934999999997
-50.23440000000005,降负荷减购电区,0.0,-50.23440000000005
-52.43445000000003,降负荷减购电区,0.0,-52.43445000000003
-50.51114999999999,降负荷减购电区,0.0,-50.51114999999999
-44.37675000000007,降负荷减购电区,0.0,-44.37675000000007
-29.82059999999996,降负荷减购电区,0.0,-29.82059999999996
-40.35329999999999,降负荷减购电区,0.0,-40.35329999999999
-41.31900000000002,降负荷减购电区,0.0,-41.31900000000002
-38.76389999999998,降负荷减购电区,0.0,-38.76389999999998
-31.74074999999999,降负荷减购电区,0.0,-31.74074999999999
-14.15609999999998,降负荷减购电区,0.0,-14.15609999999998
-15.074099999999987,降负荷减购电区,0.0,-15.074099999999987
-27.653399999999976,降负荷减购电区,0.0,-27.653399999999976
-28.58760000000001,降负荷减购电区,0.0,-28.58760000000001
82.9683,弃电吸收区,-82.9683,0.0
61.79939999999999,弃电吸收区,-61.79939999999999,0.0
80.54279999999994,弃电吸收区,-80.54279999999994,0.0
96.27255000000008,弃电吸收区,-96.27255000000008,0.0
90.42479999999996,弃电吸收区,-90.42479999999996,0.0
75.52170000000007,弃电吸收区,-75.52170000000007,0.0
45.88245000000006,弃电吸收区,-45.88245000000006,0.0
33.843599999999924,弃电吸收区,-33.843599999999924,0.0
18.15885000000003,弃电吸收区,-18.15885000000003,0.0
-20.063700000000097,降负荷减购电区,0.0,-20.063700000000097
-25.5942,降负荷减购电区,0.0,-25.5942
-22.57650000000001,降负荷减购电区,0.0,-22.57650000000001
-24.30269999999996,降负荷减购电区,0.0,-24.30269999999996
-21.37680000000006,降负荷减购电区,0.0,-21.37680000000006
-25.427700000000016,降负荷减购电区,0.0,-25.427700000000016
-28.88640000000004,降负荷减购电区,0.0,-28.88640000000004
-18.853650000000016,降负荷减购电区,0.0,-18.853650000000016
-33.998850000000004,降负荷减购电区,0.0,-33.998850000000004
-41.58989999999994,降负荷减购电区,0.0,-41.58989999999994
-41.52555000000007,降负荷减购电区,0.0,-41.52555000000007
-65.13705000000004,降负荷减购电区,0.0,-65.13705000000004
-62.71424999999999,降负荷减购电区,0.0,-62.71424999999999
-38.15459999999999,降负荷减购电区,0.0,-38.15459999999999
-34.76385000000005,降负荷减购电区,0.0,-34.76385000000005
-37.191149999999965,降负荷减购电区,0.0,-37.191149999999965
-6.837300000000028,降负荷减购电区,0.0,-6.837300000000028
-27.421200000000056,降负荷减购电区,0.0,-27.421200000000056
-32.122799999999984,降负荷减购电区,0.0,-32.122799999999984
-28.97730000000001,降负荷减购电区,0.0,-28.97730000000001
-47.81700000000001,降负荷减购电区,0.0,-47.81700000000001
-51.07319999999999,降负荷减购电区,0.0,-51.07319999999999
-33.15599999999995,降负荷减购电区,0.0,-33.15599999999995
21.68640000000005,弃电吸收区,-21.68640000000005,0.0
21.7953,弃电吸收区,-21.7953,0.0
21.928949999999983,弃电吸收区,-21.928949999999983,0.0
21.972600000000057,弃电吸收区,-21.972600000000057,0.0
21.852449999999862,弃电吸收区,-21.852449999999862,0.0
-18.61739999999997,降负荷减购电区,0.0,-18.61739999999997
-25.105500000000063,降负荷减购电区,0.0,-25.105500000000063
-8.528400000000033,降负荷减购电区,0.0,-8.528400000000033
-12.462749999999971,降负荷减购电区,0.0,-12.462749999999971
-3.73679999999996,降负荷减购电区,0.0,-3.73679999999996
-35.09055000000001,降负荷减购电区,0.0,-35.09055000000001
-52.42455000000007,降负荷减购电区,0.0,-52.42455000000007
-35.8965,降负荷减购电区,0.0,-35.8965
-46.78649999999999,降负荷减购电区,0.0,-46.78649999999999
-42.07230000000004,降负荷减购电区,0.0,-42.07230000000004
-17.532899999999984,降负荷减购电区,0.0,-17.532899999999984
-37.51739999999995,降负荷减购电区,0.0,-37.51739999999995
-46.58804999999995,降负荷减购电区,0.0,-46.58804999999995
-44.93430000000001,降负荷减购电区,0.0,-44.93430000000001
-34.57125000000002,降负荷减购电区,0.0,-34.57125000000002
96.85619999999994,弃电吸收区,-96.85619999999994,0.0
68.08320000000003,弃电吸收区,-68.08320000000003,0.0
35.75520000000006,弃电吸收区,-35.75520000000006,0.0
21.25890000000004,弃电吸收区,-21.25890000000004,0.0
16.118099999999913,弃电吸收区,-16.118099999999913,0.0
-14.606999999999973,降负荷减购电区,0.0,-14.606999999999973
-21.20850000000001,降负荷减购电区,0.0,-21.20850000000001
-22.24980000000005,降负荷减购电区,0.0,-22.24980000000005
-25.096050000000048,降负荷减购电区,0.0,-25.096050000000048
-25.18065000000007,降负荷减购电区,0.0,-25.18065000000007
-75.07619999999997,降负荷减购电区,0.0,-75.07619999999997
-44.63459999999998,降负荷减购电区,0.0,-44.63459999999998
-39.348450000000014,降负荷减购电区,0.0,-39.348450000000014
-19.196100000000055,降负荷减购电区,0.0,-19.196100000000055
-21.168000000000006,降负荷减购电区,0.0,-21.168000000000006
-22.473000000000013,降负荷减购电区,0.0,-22.473000000000013
-20.411099999999976,降负荷减购电区,0.0,-20.411099999999976
-19.23660000000001,降负荷减购电区,0.0,-19.23660000000001
-7.673400000000015,降负荷减购电区,0.0,-7.673400000000015
-8.19135,降负荷减购电区,0.0,-8.19135
-6.156000000000006,降负荷减购电区,0.0,-6.156000000000006
-24.795000000000016,降负荷减购电区,0.0,-24.795000000000016
-29.312100000000044,降负荷减购电区,0.0,-29.312100000000044
-26.813249999999925,降负荷减购电区,0.0,-26.813249999999925
-24.38639999999998,降负荷减购电区,0.0,-24.38639999999998
-52.36559999999997,降负荷减购电区,0.0,-52.36559999999997
-53.99550000000005,降负荷减购电区,0.0,-53.99550000000005
-44.94959999999992,降负荷减购电区,0.0,-44.94959999999992
-31.086000000000013,降负荷减购电区,0.0,-31.086000000000013
-29.254950000000008,降负荷减购电区,0.0,-29.254950000000008
21.12209999999993,弃电吸收区,-21.12209999999993,0.0
22.0059,弃电吸收区,-22.0059,0.0
20.97225000000003,弃电吸收区,-20.97225000000003,0.0
22.017600000000016,弃电吸收区,-22.017600000000016,0.0
17.96579999999983,弃电吸收区,-17.96579999999983,0.0
-18.401399999999967,降负荷减购电区,0.0,-18.401399999999967
59.37120000000005,弃电吸收区,-59.37120000000005,0.0
58.76100000000008,弃电吸收区,-58.76100000000008,0.0
52.859699999999975,弃电吸收区,-52.859699999999975,0.0
93.11219999999996,弃电吸收区,-93.11219999999996,0.0
-20.047500000000014,降负荷减购电区,0.0,-20.047500000000014
-23.922000000000025,降负荷减购电区,0.0,-23.922000000000025
-45.35640000000001,降负荷减购电区,0.0,-45.35640000000001
-35.30699999999996,降负荷减购电区,0.0,-35.30699999999996
-48.10410000000008,降负荷减购电区,0.0,-48.10410000000008
-41.087699999999984,降负荷减购电区,0.0,-41.087699999999984
-37.83915000000002,降负荷减购电区,0.0,-37.83915000000002
-25.07220000000001,降负荷减购电区,0.0,-25.07220000000001
-8.79299999999995,降负荷减购电区,0.0,-8.79299999999995
-35.078400000000045,降负荷减购电区,0.0,-35.078400000000045
-55.33020000000005,降负荷减购电区,0.0,-55.33020000000005
-47.22299999999996,降负荷减购电区,0.0,-47.22299999999996
-31.96799999999996,降负荷减购电区,0.0,-31.96799999999996
-34.43759999999992,降负荷减购电区,0.0,-34.43759999999992
-29.75985000000003,降负荷减购电区,0.0,-29.75985000000003
-33.73244999999997,降负荷减购电区,0.0,-33.73244999999997
-40.88700000000006,降负荷减购电区,0.0,-40.88700000000006
-14.144399999999903,降负荷减购电区,0.0,-14.144399999999903
-41.16600000000005,降负荷减购电区,0.0,-41.16600000000005
-58.11749999999995,降负荷减购电区,0.0,-58.11749999999995
-79.66395,降负荷减购电区,0.0,-79.66395
-65.10375000000005,降负荷减购电区,0.0,-65.10375000000005
-37.63799999999992,降负荷减购电区,0.0,-37.63799999999992
-25.982100000000003,降负荷减购电区,0.0,-25.982100000000003
-11.009249999999952,降负荷减购电区,0.0,-11.009249999999952
-20.774249999999995,降负荷减购电区,0.0,-20.774249999999995
-17.873099999999965,降负荷减购电区,0.0,-17.873099999999965
-22.260599999999958,降负荷减购电区,0.0,-22.260599999999958
-24.28739999999999,降负荷减购电区,0.0,-24.28739999999999
-24.624000000000024,降负荷减购电区,0.0,-24.624000000000024
-47.52179999999999,降负荷减购电区,0.0,-47.52179999999999
-38.224800000000016,降负荷减购电区,0.0,-38.224800000000016
-35.21340000000004,降负荷减购电区,0.0,-35.21340000000004
-36.00540000000001,降负荷减购电区,0.0,-36.00540000000001
-32.08320000000003,降负荷减购电区,0.0,-32.08320000000003
-20.41380000000004,降负荷减购电区,0.0,-20.41380000000004
-45.58095000000003,降负荷减购电区,0.0,-45.58095000000003
-43.94249999999994,降负荷减购电区,0.0,-43.94249999999994
-43.60679999999997,降负荷减购电区,0.0,-43.60679999999997
-31.823999999999955,降负荷减购电区,0.0,-31.823999999999955
20.184300000000007,弃电吸收区,-20.184300000000007,0.0
21.986999999999966,弃电吸收区,-21.986999999999966,0.0
21.981599999999844,弃电吸收区,-21.981599999999844,0.0
21.938400000000115,弃电吸收区,-21.938400000000115,0.0
25.28864999999996,弃电吸收区,-25.28864999999996,0.0
-13.179149999999993,降负荷减购电区,0.0,-13.179149999999993
-38.04884999999996,降负荷减购电区,0.0,-38.04884999999996
-34.55279999999999,降负荷减购电区,0.0,-34.55279999999999
-19.42379999999997,降负荷减购电区,0.0,-19.42379999999997
-17.082899999999995,降负荷减购电区,0.0,-17.082899999999995
-14.925600000000031,降负荷减购电区,0.0,-14.925600000000031
-38.25360000000006,降负荷减购电区,0.0,-38.25360000000006
-78.02010000000001,降负荷减购电区,0.0,-78.02010000000001
-55.04175000000004,降负荷减购电区,0.0,-55.04175000000004
-37.38734999999997,降负荷减购电区,0.0,-37.38734999999997
-36.00675000000001,降负荷减购电区,0.0,-36.00675000000001
-39.83670000000001,降负荷减购电区,0.0,-39.83670000000001
-18.82980000000009,降负荷减购电区,0.0,-18.82980000000009
-19.844100000000022,降负荷减购电区,0.0,-19.844100000000022
-14.38919999999996,降负荷减购电区,0.0,-14.38919999999996
-39.74984999999998,降负荷减购电区,0.0,-39.74984999999998
-37.332,降负荷减购电区,0.0,-37.332
-35.884799999999984,降负荷减购电区,0.0,-35.884799999999984
-33.260400000000004,降负荷减购电区,0.0,-33.260400000000004
-31.309199999999976,降负荷减购电区,0.0,-31.309199999999976
-30.967200000000048,降负荷减购电区,0.0,-30.967200000000048
-34.9794,降负荷减购电区,0.0,-34.9794
-21.963599999999985,降负荷减购电区,0.0,-21.963599999999985
-15.723449999999955,降负荷减购电区,0.0,-15.723449999999955
-36.34739999999999,降负荷减购电区,0.0,-36.34739999999999
-37.017,降负荷减购电区,0.0,-37.017
72.18990000000002,弃电吸收区,-72.18990000000002,0.0
70.68869999999998,弃电吸收区,-70.68869999999998,0.0
67.8879,弃电吸收区,-67.8879,0.0
85.68989999999997,弃电吸收区,-85.68989999999997,0.0
102.72870000000006,弃电吸收区,-102.72870000000006,0.0
102.1644,弃电吸收区,-102.1644,0.0
107.69804999999992,弃电吸收区,-107.69804999999992,0.0
111.31425000000002,弃电吸收区,-111.31425000000002,0.0
114.2973,弃电吸收区,-114.2973,0.0
121.03019999999992,弃电吸收区,-121.03019999999992,0.0
78.73560000000003,弃电吸收区,-78.73560000000003,0.0
75.47399999999999,弃电吸收区,-75.47399999999999,0.0
-12.322800000000145,降负荷减购电区,0.0,-12.322800000000145
-34.720200000000034,降负荷减购电区,0.0,-34.720200000000034
-41.60879999999997,降负荷减购电区,0.0,-41.60879999999997
-32.19794999999999,降负荷减购电区,0.0,-32.19794999999999
-19.36574999999999,降负荷减购电区,0.0,-19.36574999999999
20.54070000000001,弃电吸收区,-20.54070000000001,0.0
22.107600000000048,弃电吸收区,-22.107600000000048,0.0
21.824100000000044,弃电吸收区,-21.824100000000044,0.0
20.890800000000013,弃电吸收区,-20.890800000000013,0.0
46.97099999999995,弃电吸收区,-46.97099999999995,0.0
79.95959999999997,弃电吸收区,-79.95959999999997,0.0
105.83415000000002,弃电吸收区,-105.83415000000002,0.0
-8.039699999999982,降负荷减购电区,0.0,-8.039699999999982
-6.441299999999956,降负荷减购电区,0.0,-6.441299999999956
-9.770399999999997,降负荷减购电区,0.0,-9.770399999999997
-13.338000000000022,降负荷减购电区,0.0,-13.338000000000022
-13.300200000000018,降负荷减购电区,0.0,-13.300200000000018
-14.95980000000003,降负荷减购电区,0.0,-14.95980000000003
-20.50155000000001,降负荷减购电区,0.0,-20.50155000000001
-14.315399999999954,降负荷减购电区,0.0,-14.315399999999954
-32.197499999999934,降负荷减购电区,0.0,-32.197499999999934
-31.02344999999997,降负荷减购电区,0.0,-31.02344999999997
-28.892249999999933,降负荷减购电区,0.0,-28.892249999999933
-25.231499999999983,降负荷减购电区,0.0,-25.231499999999983
21.577499999999983,弃电吸收区,-21.577499999999983,0.0
21.358800000000087,弃电吸收区,-21.358800000000087,0.0
21.5874,弃电吸收区,-21.5874,0.0
21.941550000000007,弃电吸收区,-21.941550000000007,0.0
22.025250000000028,弃电吸收区,-22.025250000000028,0.0
-20.204099999999983,降负荷减购电区,0.0,-20.204099999999983
-54.572400000000016,降负荷减购电区,0.0,-54.572400000000016
-42.94350000000003,降负荷减购电区,0.0,-42.94350000000003
-39.45779999999996,降负荷减购电区,0.0,-39.45779999999996
-39.22200000000004,降负荷减购电区,0.0,-39.22200000000004
-41.283000000000015,降负荷减购电区,0.0,-41.283000000000015
-33.62040000000002,降负荷减购电区,0.0,-33.62040000000002
-15.17040000000003,降负荷减购电区,0.0,-15.17040000000003
-11.223000000000011,降负荷减购电区,0.0,-11.223000000000011
-15.208199999999977,降负荷减购电区,0.0,-15.208199999999977
-27.156600000000022,降负荷减购电区,0.0,-27.156600000000022
-26.617500000000007,降负荷减购电区,0.0,-26.617500000000007
-23.35139999999996,降负荷减购电区,0.0,-23.35139999999996
-15.054300000000012,降负荷减购电区,0.0,-15.054300000000012
-15.524999999999975,降负荷减购电区,0.0,-15.524999999999975
-15.577650000000006,降负荷减购电区,0.0,-15.577650000000006
-14.45040000000006,降负荷减购电区,0.0,-14.45040000000006
-39.56400000000002,降负荷减购电区,0.0,-39.56400000000002
-69.20999999999998,降负荷减购电区,0.0,-69.20999999999998
-43.45649999999995,降负荷减购电区,0.0,-43.45649999999995
-36.010800000000074,降负荷减购电区,0.0,-36.010800000000074
-37.85399999999999,降负荷减购电区,0.0,-37.85399999999999
-24.594750000000037,降负荷减购电区,0.0,-24.594750000000037
-16.010999999999967,降负荷减购电区,0.0,-16.010999999999967
-13.180500000000052,降负荷减购电区,0.0,-13.180500000000052
-15.485400000000029,降负荷减购电区,0.0,-15.485400000000029
-8.240400000000022,降负荷减购电区,0.0,-8.240400000000022
-7.398000000000025,降负荷减购电区,0.0,-7.398000000000025
-11.268000000000027,降负荷减购电区,0.0,-11.268000000000027
-33.42599999999999,降负荷减购电区,0.0,-33.42599999999999
-52.11044999999996,降负荷减购电区,0.0,-52.11044999999996
-40.37084999999996,降负荷减购电区,0.0,-40.37084999999996
-31.099500000000035,降负荷减购电区,0.0,-31.099500000000035
-36.747000000000014,降负荷减购电区,0.0,-36.747000000000014
-39.92579999999998,降负荷减购电区,0.0,-39.92579999999998
-44.04239999999999,降负荷减购电区,0.0,-44.04239999999999
-35.65980000000002,降负荷减购电区,0.0,-35.65980000000002
-47.796749999999975,降负荷减购电区,0.0,-47.796749999999975
-62.46135000000004,降负荷减购电区,0.0,-62.46135000000004
-43.96005000000002,降负荷减购电区,0.0,-43.96005000000002
-31.44780000000003,降负荷减购电区,0.0,-31.44780000000003
-19.138950000000023,降负荷减购电区,0.0,-19.138950000000023
-20.12669999999997,降负荷减购电区,0.0,-20.12669999999997
-47.71259999999995,降负荷减购电区,0.0,-47.71259999999995
-42.669000000000096,降负荷减购电区,0.0,-42.669000000000096
-41.69339999999988,降负荷减购电区,0.0,-41.69339999999988
-46.40265,降负荷减购电区,0.0,-46.40265
-27.08189999999996,降负荷减购电区,0.0,-27.08189999999996
-17.87399999999991,降负荷减购电区,0.0,-17.87399999999991
-39.63779999999997,降负荷减购电区,0.0,-39.63779999999997
-36.63720000000001,降负荷减购电区,0.0,-36.63720000000001
20.99699999999996,弃电吸收区,-20.99699999999996,0.0
55.35179999999997,弃电吸收区,-55.35179999999997,0.0
58.3168500000001,弃电吸收区,-58.3168500000001,0.0
92.20860000000005,弃电吸收区,-92.20860000000005,0.0
-11.891250000000014,降负荷减购电区,0.0,-11.891250000000014
-10.72845000000001,降负荷减购电区,0.0,-10.72845000000001
-7.909200000000055,降负荷减购电区,0.0,-7.909200000000055
-8.797049999999956,降负荷减购电区,0.0,-8.797049999999956
-11.739599999999996,降负荷减购电区,0.0,-11.739599999999996
-31.385699999999986,降负荷减购电区,0.0,-31.385699999999986
-50.1003,降负荷减购电区,0.0,-50.1003
-63.536400000000015,降负荷减购电区,0.0,-63.536400000000015
-45.900000000000034,降负荷减购电区,0.0,-45.900000000000034
-35.610299999999995,降负荷减购电区,0.0,-35.610299999999995
-32.906699999999944,降负荷减购电区,0.0,-32.906699999999944
-20.80215000000004,降负荷减购电区,0.0,-20.80215000000004
-21.184199999999976,降负荷减购电区,0.0,-21.184199999999976
-19.409400000000005,降负荷减购电区,0.0,-19.409400000000005
-18.572400000000016,降负荷减购电区,0.0,-18.572400000000016
-8.266950000000065,降负荷减购电区,0.0,-8.266950000000065
-13.26419999999996,降负荷减购电区,0.0,-13.26419999999996
-11.99025000000006,降负荷减购电区,0.0,-11.99025000000006
-19.628100000000018,降负荷减购电区,0.0,-19.628100000000018
-17.528400000000033,降负荷减购电区,0.0,-17.528400000000033
-11.564550000000054,降负荷减购电区,0.0,-11.564550000000054
-9.502200000000071,降负荷减购电区,0.0,-9.502200000000071
-8.147700000000043,降负荷减购电区,0.0,-8.147700000000043
-19.76535000000001,降负荷减购电区,0.0,-19.76535000000001
-45.297000000000025,降负荷减购电区,0.0,-45.297000000000025
-47.50830000000008,降负荷减购电区,0.0,-47.50830000000008
-60.970500000000015,降负荷减购电区,0.0,-60.970500000000015
-55.301400000000086,降负荷减购电区,0.0,-55.301400000000086
-28.41480000000001,降负荷减购电区,0.0,-28.41480000000001
-25.308899999999998,降负荷减购电区,0.0,-25.308899999999998
80.91809999999998,弃电吸收区,-80.91809999999998,0.0
81.98325000000006,弃电吸收区,-81.98325000000006,0.0
65.61720000000003,弃电吸收区,-65.61720000000003,0.0
84.06854999999996,弃电吸收区,-84.06854999999996,0.0
69.62490000000003,弃电吸收区,-69.62490000000003,0.0
-0.9000000000000341,降负荷减购电区,0.0,-0.9000000000000341
-32.41259999999994,降负荷减购电区,0.0,-32.41259999999994
-32.32260000000002,降负荷减购电区,0.0,-32.32260000000002
-31.274999999999977,降负荷减购电区,0.0,-31.274999999999977
-29.417399999999983,降负荷减购电区,0.0,-29.417399999999983
-10.061100000000124,降负荷减购电区,0.0,-10.061100000000124
21.90059999999994,弃电吸收区,-21.90059999999994,0.0
21.719249999999988,弃电吸收区,-21.719249999999988,0.0
22.09140000000013,弃电吸收区,-22.09140000000013,0.0
21.710249999999974,弃电吸收区,-21.710249999999974,0.0
-15.023699999999964,降负荷减购电区,0.0,-15.023699999999964
-25.62570000000005,降负荷减购电区,0.0,-25.62570000000005
-41.980950000000064,降负荷减购电区,0.0,-41.980950000000064
-57.10050000000001,降负荷减购电区,0.0,-57.10050000000001
-60.99930000000006,降负荷减购电区,0.0,-60.99930000000006
-53.85914999999994,降负荷减购电区,0.0,-53.85914999999994
-38.85299999999995,降负荷减购电区,0.0,-38.85299999999995
-39.41594999999995,降负荷减购电区,0.0,-39.41594999999995
-7.3476,降负荷减购电区,0.0,-7.3476
-7.208100000000002,降负荷减购电区,0.0,-7.208100000000002
-4.164750000000026,降负荷减购电区,0.0,-4.164750000000026
-21.87899999999996,降负荷减购电区,0.0,-21.87899999999996
-26.0154,降负荷减购电区,0.0,-26.0154
-33.5736,降负荷减购电区,0.0,-33.5736
-23.94,降负荷减购电区,0.0,-23.94
-46.794599999999946,降负荷减购电区,0.0,-46.794599999999946
-20.75129999999996,降负荷减购电区,0.0,-20.75129999999996
-12.425850000000082,降负荷减购电区,0.0,-12.425850000000082
20.221200000000067,弃电吸收区,-20.221200000000067,0.0
22.10220000000004,弃电吸收区,-22.10220000000004,0.0
22.02749999999992,弃电吸收区,-22.02749999999992,0.0
-4.716000000000008,降负荷减购电区,0.0,-4.716000000000008
-10.562399999999911,降负荷减购电区,0.0,-10.562399999999911
-9.25739999999996,降负荷减购电区,0.0,-9.25739999999996
-15.079500000000053,降负荷减购电区,0.0,-15.079500000000053
-36.99180000000007,降负荷减购电区,0.0,-36.99180000000007
-41.486399999999946,降负荷减购电区,0.0,-41.486399999999946
-37.7586,降负荷减购电区,0.0,-37.7586
-36.11970000000002,降负荷减购电区,0.0,-36.11970000000002
-34.3845,降负荷减购电区,0.0,-34.3845
-32.53950000000003,降负荷减购电区,0.0,-32.53950000000003
-31.13145,降负荷减购电区,0.0,-31.13145
-45.4392,降负荷减购电区,0.0,-45.4392
-44.66519999999997,降负荷减购电区,0.0,-44.66519999999997
-86.49719999999996,降负荷减购电区,0.0,-86.49719999999996
-70.9074,降负荷减购电区,0.0,-70.9074
-79.01729999999992,降负荷减购电区,0.0,-79.01729999999992
57.85469999999998,弃电吸收区,-57.85469999999998,0.0
32.790149999999926,弃电吸收区,-32.790149999999926,0.0
32.610149999999976,弃电吸收区,-32.610149999999976,0.0
-12.308400000000006,降负荷减购电区,0.0,-12.308400000000006
-1.5191999999999553,降负荷减购电区,0.0,-1.5191999999999553
-51.75359999999995,降负荷减购电区,0.0,-51.75359999999995
-53.03070000000002,降负荷减购电区,0.0,-53.03070000000002
-39.01319999999998,降负荷减购电区,0.0,-39.01319999999998
-45.64799999999997,降负荷减购电区,0.0,-45.64799999999997
-35.90999999999997,降负荷减购电区,0.0,-35.90999999999997
-12.367799999999988,降负荷减购电区,0.0,-12.367799999999988
21.467250000000035,弃电吸收区,-21.467250000000035,0.0
78.66540000000003,弃电吸收区,-78.66540000000003,0.0
-22.37129999999996,降负荷减购电区,0.0,-22.37129999999996
-23.279399999999956,降负荷减购电区,0.0,-23.279399999999956
-41.17679999999996,降负荷减购电区,0.0,-41.17679999999996
-42.367050000000006,降负荷减购电区,0.0,-42.367050000000006
-22.502250000000004,降负荷减购电区,0.0,-22.502250000000004
-12.979799999999956,降负荷减购电区,0.0,-12.979799999999956
-16.875,降负荷减购电区,0.0,-16.875
-24.09929999999997,降负荷减购电区,0.0,-24.09929999999997
-12.948750000000018,降负荷减购电区,0.0,-12.948750000000018
-7.702200000000005,降负荷减购电区,0.0,-7.702200000000005
-28.48860000000002,降负荷减购电区,0.0,-28.48860000000002
-16.480800000000045,降负荷减购电区,0.0,-16.480800000000045
21.431699999999974,弃电吸收区,-21.431699999999974,0.0
22.113000000000056,弃电吸收区,-22.113000000000056,0.0
21.949199999999905,弃电吸收区,-21.949199999999905,0.0
22.077,弃电吸收区,-22.077,0.0
-27.24479999999994,降负荷减购电区,0.0,-27.24479999999994
-75.71924999999999,降负荷减购电区,0.0,-75.71924999999999
-70.79580000000004,降负荷减购电区,0.0,-70.79580000000004
-92.07945,降负荷减购电区,0.0,-92.07945
-57.673800000000085,降负荷减购电区,0.0,-57.673800000000085
-53.05095000000006,降负荷减购电区,0.0,-53.05095000000006
-70.26660000000004,降负荷减购电区,0.0,-70.26660000000004
-76.8879,降负荷减购电区,0.0,-76.8879
-57.41640000000001,降负荷减购电区,0.0,-57.41640000000001
-28.67670000000004,降负荷减购电区,0.0,-28.67670000000004
-26.508600000000055,降负荷减购电区,0.0,-26.508600000000055
-28.601999999999972,降负荷减购电区,0.0,-28.601999999999972
-20.206800000000044,降负荷减购电区,0.0,-20.206800000000044
-11.879999999999995,降负荷减购电区,0.0,-11.879999999999995
-34.04384999999999,降负荷减购电区,0.0,-34.04384999999999
-31.52879999999999,降负荷减购电区,0.0,-31.52879999999999
-32.831999999999994,降负荷减购电区,0.0,-32.831999999999994
-30.223799999999983,降负荷减购电区,0.0,-30.223799999999983
-24.868349999999964,降负荷减购电区,0.0,-24.868349999999964
-13.429800000000055,降负荷减购电区,0.0,-13.429800000000055
-15.4341,降负荷减购电区,0.0,-15.4341
-49.4586000000001,降负荷减购电区,0.0,-49.4586000000001
-45.15974999999997,降负荷减购电区,0.0,-45.15974999999997
-38.054250000000025,降负荷减购电区,0.0,-38.054250000000025
-32.1246000000001,降负荷减购电区,0.0,-32.1246000000001
-34.065,降负荷减购电区,0.0,-34.065
-32.10795000000002,降负荷减购电区,0.0,-32.10795000000002
-15.20595000000003,降负荷减购电区,0.0,-15.20595000000003
-8.52660000000003,降负荷减购电区,0.0,-8.52660000000003
-28.16145,降负荷减购电区,0.0,-28.16145
-25.920000000000016,降负荷减购电区,0.0,-25.920000000000016
-25.840799999999945,降负荷减购电区,0.0,-25.840799999999945
-30.04559999999998,降负荷减购电区,0.0,-30.04559999999998
-68.79599999999999,降负荷减购电区,0.0,-68.79599999999999
-60.96870000000001,降负荷减购电区,0.0,-60.96870000000001
-45.829350000000034,降负荷减购电区,0.0,-45.829350000000034
-45.30330000000004,降负荷减购电区,0.0,-45.30330000000004
-40.41269999999997,降负荷减购电区,0.0,-40.41269999999997
-43.95600000000002,降负荷减购电区,0.0,-43.95600000000002
-23.629500000000064,降负荷减购电区,0.0,-23.629500000000064
-41.29335000000003,降负荷减购电区,0.0,-41.29335000000003
-42.53805,降负荷减购电区,0.0,-42.53805
-41.65109999999999,降负荷减购电区,0.0,-41.65109999999999
-27.81224999999995,降负荷减购电区,0.0,-27.81224999999995
-36.18719999999996,降负荷减购电区,0.0,-36.18719999999996
-50.51520000000011,降负荷减购电区,0.0,-50.51520000000011
-33.75899999999996,降负荷减购电区,0.0,-33.75899999999996
-48.20580000000001,降负荷减购电区,0.0,-48.20580000000001
-70.44839999999999,降负荷减购电区,0.0,-70.44839999999999
-57.785399999999925,降负荷减购电区,0.0,-57.785399999999925
-33.89085000000006,降负荷减购电区,0.0,-33.89085000000006
-72.33120000000002,降负荷减购电区,0.0,-72.33120000000002
-116.055,降负荷减购电区,0.0,-116.055
-107.05499999999996,降负荷减购电区,0.0,-107.05499999999996
-58.536,降负荷减购电区,0.0,-58.536
85.40459999999996,弃电吸收区,-85.40459999999996,0.0
90.35595,弃电吸收区,-90.35595,0.0
95.92560000000005,弃电吸收区,-95.92560000000005,0.0
101.98890000000006,弃电吸收区,-101.98890000000006,0.0
92.66265,弃电吸收区,-92.66265,0.0
100.1348999999999,弃电吸收区,-100.1348999999999,0.0
-5.650200000000041,降负荷减购电区,0.0,-5.650200000000041
-7.617149999999981,降负荷减购电区,0.0,-7.617149999999981
-36.459,降负荷减购电区,0.0,-36.459
-42.54119999999995,降负荷减购电区,0.0,-42.54119999999995
-44.73359999999997,降负荷减购电区,0.0,-44.73359999999997
-46.49940000000004,降负荷减购电区,0.0,-46.49940000000004
-63.18900000000002,降负荷减购电区,0.0,-63.18900000000002
-46.09619999999995,降负荷减购电区,0.0,-46.09619999999995
-12.652199999999992,降负荷减购电区,0.0,-12.652199999999992
-43.65449999999999,降负荷减购电区,0.0,-43.65449999999999
-56.09880000000004,降负荷减购电区,0.0,-56.09880000000004
-51.27074999999991,降负荷减购电区,0.0,-51.27074999999991
-64.63620000000003,降负荷减购电区,0.0,-64.63620000000003
-48.09150000000005,降负荷减购电区,0.0,-48.09150000000005
21.43439999999987,弃电吸收区,-21.43439999999987,0.0
22.138650000000094,弃电吸收区,-22.138650000000094,0.0
20.874149999999982,弃电吸收区,-20.874149999999982,0.0
-13.348799999999985,降负荷减购电区,0.0,-13.348799999999985
-11.597399999999991,降负荷减购电区,0.0,-11.597399999999991
-12.500999999999976,降负荷减购电区,0.0,-12.500999999999976
-13.843799999999987,降负荷减购电区,0.0,-13.843799999999987
-22.88160000000005,降负荷减购电区,0.0,-22.88160000000005
72.07650000000001,弃电吸收区,-72.07650000000001,0.0
72.5652,弃电吸收区,-72.5652,0.0
77.26679999999993,弃电吸收区,-77.26679999999993,0.0
77.9822999999999,弃电吸收区,-77.9822999999999,0.0
104.30595000000012,弃电吸收区,-104.30595000000012,0.0
87.51420000000002,弃电吸收区,-87.51420000000002,0.0
90.11160000000008,弃电吸收区,-90.11160000000008,0.0
99.08865000000004,弃电吸收区,-99.08865000000004,0.0
86.32080000000002,弃电吸收区,-86.32080000000002,0.0
22.120199999999954,弃电吸收区,-22.120199999999954,0.0
21.85200000000009,弃电吸收区,-21.85200000000009,0.0
21.89160000000004,弃电吸收区,-21.89160000000004,0.0
21.26520000000005,弃电吸收区,-21.26520000000005,0.0
21.84030000000007,弃电吸收区,-21.84030000000007,0.0
20.59514999999999,弃电吸收区,-20.59514999999999,0.0
-73.42424999999997,降负荷减购电区,0.0,-73.42424999999997
-43.13565,降负荷减购电区,0.0,-43.13565
-36.53865000000008,降负荷减购电区,0.0,-36.53865000000008
-22.75559999999996,降负荷减购电区,0.0,-22.75559999999996
-9.622799999999984,降负荷减购电区,0.0,-9.622799999999984
96.12269999999997,弃电吸收区,-96.12269999999997,0.0
60.664499999999975,弃电吸收区,-60.664499999999975,0.0
55.66364999999996,弃电吸收区,-55.66364999999996,0.0
75.73229999999995,弃电吸收区,-75.73229999999995,0.0
-5.44724999999994,降负荷减购电区,0.0,-5.44724999999994
-15.987599999999986,降负荷减购电区,0.0,-15.987599999999986
-18.1404,降负荷减购电区,0.0,-18.1404
-17.605799999999988,降负荷减购电区,0.0,-17.605799999999988
-27.753750000000025,降负荷减购电区,0.0,-27.753750000000025
-23.96339999999998,降负荷减购电区,0.0,-23.96339999999998
-50.88240000000002,降负荷减购电区,0.0,-50.88240000000002
-59.92020000000002,降负荷减购电区,0.0,-59.92020000000002
-40.352400000000046,降负荷减购电区,0.0,-40.352400000000046
-32.50169999999997,降负荷减购电区,0.0,-32.50169999999997
-31.58999999999997,降负荷减购电区,0.0,-31.58999999999997
-28.807649999999967,降负荷减购电区,0.0,-28.807649999999967
-32.22180000000003,降负荷减购电区,0.0,-32.22180000000003
-18.99000000000001,降负荷减购电区,0.0,-18.99000000000001
20.924100000000067,弃电吸收区,-20.924100000000067,0.0
22.099500000000035,弃电吸收区,-22.099500000000035,0.0
22.017599999999906,弃电吸收区,-22.017599999999906,0.0
22.073849999999997,弃电吸收区,-22.073849999999997,0.0
21.953699999999916,弃电吸收区,-21.953699999999916,0.0
-7.729199999999992,降负荷减购电区,0.0,-7.729199999999992
-8.694000000000074,降负荷减购电区,0.0,-8.694000000000074
-13.532399999999996,降负荷减购电区,0.0,-13.532399999999996
-10.871549999999957,降负荷减购电区,0.0,-10.871549999999957
-15.113699999999994,降负荷减购电区,0.0,-15.113699999999994
-10.255499999999984,降负荷减购电区,0.0,-10.255499999999984
-8.087400000000002,降负荷减购电区,0.0,-8.087400000000002
-18.242999999999995,降负荷减购电区,0.0,-18.242999999999995
-14.78879999999998,降负荷减购电区,0.0,-14.78879999999998
-21.519000000000005,降负荷减购电区,0.0,-21.519000000000005
-21.44880000000001,降负荷减购电区,0.0,-21.44880000000001
-20.380949999999928,降负荷减购电区,0.0,-20.380949999999928
-20.030399999999982,降负荷减购电区,0.0,-20.030399999999982
90.12779999999998,弃电吸收区,-90.12779999999998,0.0
29.101049999999987,弃电吸收区,-29.101049999999987,0.0
-14.918400000000076,降负荷减购电区,0.0,-14.918400000000076
21.973949999999945,弃电吸收区,-21.973949999999945,0.0
22.12964999999997,弃电吸收区,-22.12964999999997,0.0
21.985199999999963,弃电吸收区,-21.985199999999963,0.0
22.133249999999972,弃电吸收区,-22.133249999999972,0.0
-9.840599999999997,降负荷减购电区,0.0,-9.840599999999997
-27.43110000000001,降负荷减购电区,0.0,-27.43110000000001
-34.620299999999986,降负荷减购电区,0.0,-34.620299999999986
21.63734999999997,弃电吸收区,-21.63734999999997,0.0
33.236099999999965,弃电吸收区,-33.236099999999965,0.0
81.14040000000011,弃电吸收区,-81.14040000000011,0.0
88.74044999999995,弃电吸收区,-88.74044999999995,0.0
89.0838,弃电吸收区,-89.0838,0.0
99.31724999999994,弃电吸收区,-99.31724999999994,0.0
-17.54099999999994,降负荷减购电区,0.0,-17.54099999999994
-24.25500000000005,降负荷减购电区,0.0,-24.25500000000005
-25.7328,降负荷减购电区,0.0,-25.7328
69.44534999999996,弃电吸收区,-69.44534999999996,0.0
76.24215000000004,弃电吸收区,-76.24215000000004,0.0
93.09915,弃电吸收区,-93.09915,0.0
86.47694999999993,弃电吸收区,-86.47694999999993,0.0
90.47384999999996,弃电吸收区,-90.47384999999996,0.0
53.96715000000006,弃电吸收区,-53.96715000000006,0.0
-13.689000000000078,降负荷减购电区,0.0,-13.689000000000078
-13.898250000000075,降负荷减购电区,0.0,-13.898250000000075
-42.1542,降负荷减购电区,0.0,-42.1542
-59.86349999999999,降负荷减购电区,0.0,-59.86349999999999
-52.58340000000004,降负荷减购电区,0.0,-52.58340000000004
-52.14419999999996,降负荷减购电区,0.0,-52.14419999999996
-57.95820000000003,降负荷减购电区,0.0,-57.95820000000003
-69.37920000000003,降负荷减购电区,0.0,-69.37920000000003
-82.06335000000001,降负荷减购电区,0.0,-82.06335000000001
-50.31360000000007,降负荷减购电区,0.0,-50.31360000000007
39.35249999999997,弃电吸收区,-39.35249999999997,0.0
58.0850999999999,弃电吸收区,-58.0850999999999,0.0
64.88235000000003,弃电吸收区,-64.88235000000003,0.0
93.97304999999994,弃电吸收区,-93.97304999999994,0.0
96.24419999999998,弃电吸收区,-96.24419999999998,0.0
103.76460000000004,弃电吸收区,-103.76460000000004,0.0
99.50490000000002,弃电吸收区,-99.50490000000002,0.0
86.62275,弃电吸收区,-86.62275,0.0
82.30050000000006,弃电吸收区,-82.30050000000006,0.0
79.88579999999996,弃电吸收区,-79.88579999999996,0.0
62.78940000000006,弃电吸收区,-62.78940000000006,0.0
45.36540000000008,弃电吸收区,-45.36540000000008,0.0
73.36124999999998,弃电吸收区,-73.36124999999998,0.0
57.52800000000002,弃电吸收区,-57.52800000000002,0.0
74.66399999999999,弃电吸收区,-74.66399999999999,0.0
21.99464999999998,弃电吸收区,-21.99464999999998,0.0
18.00450000000012,弃电吸收区,-18.00450000000012,0.0
-24.443550000000016,降负荷减购电区,0.0,-24.443550000000016
-39.17700000000002,降负荷减购电区,0.0,-39.17700000000002
-38.97719999999998,降负荷减购电区,0.0,-38.97719999999998
-40.13009999999997,降负荷减购电区,0.0,-40.13009999999997
-39.61574999999999,降负荷减购电区,0.0,-39.61574999999999
-28.14795000000004,降负荷减购电区,0.0,-28.14795000000004
-22.81860000000006,降负荷减购电区,0.0,-22.81860000000006
-22.08599999999996,降负荷减购电区,0.0,-22.08599999999996
-23.234849999999938,降负荷减购电区,0.0,-23.234849999999938
-12.45780000000002,降负荷减购电区,0.0,-12.45780000000002
70.10459999999995,弃电吸收区,-70.10459999999995,0.0
70.98750000000001,弃电吸收区,-70.98750000000001,0.0
85.62375000000003,弃电吸收区,-85.62375000000003,0.0
87.51600000000002,弃电吸收区,-87.51600000000002,0.0
94.37535000000004,弃电吸收区,-94.37535000000004,0.0
93.8961,弃电吸收区,-93.8961,0.0
94.4694,弃电吸收区,-94.4694,0.0
93.04019999999996,弃电吸收区,-93.04019999999996,0.0
79.30034999999998,弃电吸收区,-79.30034999999998,0.0
77.51159999999993,弃电吸收区,-77.51159999999993,0.0
87.23700000000008,弃电吸收区,-87.23700000000008,0.0
21.9294000000001,弃电吸收区,-21.9294000000001,0.0
22.11794999999995,弃电吸收区,-22.11794999999995,0.0
-21.90554999999995,降负荷减购电区,0.0,-21.90554999999995
-30.25799999999998,降负荷减购电区,0.0,-30.25799999999998
-32.45399999999995,降负荷减购电区,0.0,-32.45399999999995
-36.38880000000006,降负荷减购电区,0.0,-36.38880000000006
-17.603099999999927,降负荷减购电区,0.0,-17.603099999999927
-19.25999999999999,降负荷减购电区,0.0,-19.25999999999999
-19.419299999999964,降负荷减购电区,0.0,-19.419299999999964
-20.7765,降负荷减购电区,0.0,-20.7765
-18.97559999999993,降负荷减购电区,0.0,-18.97559999999993
-19.52099999999996,降负荷减购电区,0.0,-19.52099999999996
-39.83445,降负荷减购电区,0.0,-39.83445
-57.31065000000001,降负荷减购电区,0.0,-57.31065000000001
-54.88199999999995,降负荷减购电区,0.0,-54.88199999999995
-57.14639999999997,降负荷减购电区,0.0,-57.14639999999997
-83.12580000000003,降负荷减购电区,0.0,-83.12580000000003
-69.92460000000005,降负荷减购电区,0.0,-69.92460000000005
-39.29174999999998,降负荷减购电区,0.0,-39.29174999999998
-31.039649999999995,降负荷减购电区,0.0,-31.039649999999995
-37.76400000000007,降负荷减购电区,0.0,-37.76400000000007
-40.3578,降负荷减购电区,0.0,-40.3578
-37.531349999999975,降负荷减购电区,0.0,-37.531349999999975
-35.48475000000002,降负荷减购电区,0.0,-35.48475000000002
-51.77609999999999,降负荷减购电区,0.0,-51.77609999999999
-38.375549999999976,降负荷减购电区,0.0,-38.375549999999976
-49.0680000000001,降负荷减购电区,0.0,-49.0680000000001
-8.948249999999916,降负荷减购电区,0.0,-8.948249999999916
21.11579999999992,弃电吸收区,-21.11579999999992,0.0
21.76335000000006,弃电吸收区,-21.76335000000006,0.0
21.30029999999988,弃电吸收区,-21.30029999999988,0.0
22.10220000000004,弃电吸收区,-22.10220000000004,0.0
19.542149999999992,弃电吸收区,-19.542149999999992,0.0
-15.459749999999984,降负荷减购电区,0.0,-15.459749999999984
-16.40160000000003,降负荷减购电区,0.0,-16.40160000000003
-32.488200000000006,降负荷减购电区,0.0,-32.488200000000006
-34.54020000000003,降负荷减购电区,0.0,-34.54020000000003
-18.78660000000002,降负荷减购电区,0.0,-18.78660000000002
-18.28439999999995,降负荷减购电区,0.0,-18.28439999999995
-20.83499999999998,降负荷减购电区,0.0,-20.83499999999998
-16.03710000000001,降负荷减购电区,0.0,-16.03710000000001
100.03229999999996,弃电吸收区,-100.03229999999996,0.0
102.28050000000007,弃电吸收区,-102.28050000000007,0.0
96.44940000000004,弃电吸收区,-96.44940000000004,0.0
86.3442,弃电吸收区,-86.3442,0.0
83.92949999999996,弃电吸收区,-83.92949999999996,0.0
82.4143499999999,弃电吸收区,-82.4143499999999,0.0
57.85649999999998,弃电吸收区,-57.85649999999998,0.0
49.75740000000002,弃电吸收区,-49.75740000000002,0.0
21.68639999999993,弃电吸收区,-21.68639999999993,0.0
20.569950000000063,弃电吸收区,-20.569950000000063,0.0
21.97034999999994,弃电吸收区,-21.97034999999994,0.0
22.04189999999994,弃电吸收区,-22.04189999999994,0.0
21.26565000000005,弃电吸收区,-21.26565000000005,0.0
17.88975000000005,弃电吸收区,-17.88975000000005,0.0
-30.91634999999997,降负荷减购电区,0.0,-30.91634999999997
-33.334649999999954,降负荷减购电区,0.0,-33.334649999999954
-17.73135000000002,降负荷减购电区,0.0,-17.73135000000002
-17.221499999999992,降负荷减购电区,0.0,-17.221499999999992
-17.849699999999984,降负荷减购电区,0.0,-17.849699999999984
-70.86375000000004,降负荷减购电区,0.0,-70.86375000000004
-80.95094999999998,降负荷减购电区,0.0,-80.95094999999998
-73.18439999999998,降负荷减购电区,0.0,-73.18439999999998
-61.7661,降负荷减购电区,0.0,-61.7661
-49.49279999999999,降负荷减购电区,0.0,-49.49279999999999
-52.603650000000016,降负荷减购电区,0.0,-52.603650000000016
-37.656000000000006,降负荷减购电区,0.0,-37.656000000000006
-21.91049999999996,降负荷减购电区,0.0,-21.91049999999996
-14.148000000000025,降负荷减购电区,0.0,-14.148000000000025
-18.272249999999985,降负荷减购电区,0.0,-18.272249999999985
-15.478200000000072,降负荷减购电区,0.0,-15.478200000000072
-37.81934999999999,降负荷减购电区,0.0,-37.81934999999999
-34.16624999999999,降负荷减购电区,0.0,-34.16624999999999
-53.177400000000034,降负荷减购电区,0.0,-53.177400000000034
-55.11060000000009,降负荷减购电区,0.0,-55.11060000000009
-73.57410000000004,降负荷减购电区,0.0,-73.57410000000004
-63.25920000000008,降负荷减购电区,0.0,-63.25920000000008
-38.77289999999999,降负荷减购电区,0.0,-38.77289999999999
-63.5994,降负荷减购电区,0.0,-63.5994
-45.92385000000007,降负荷减购电区,0.0,-45.92385000000007
-14.899500000000105,降负荷减购电区,0.0,-14.899500000000105
-11.37779999999998,降负荷减购电区,0.0,-11.37779999999998
21.96989999999994,弃电吸收区,-21.96989999999994,0.0
77.4414000000001,弃电吸收区,-77.4414000000001,0.0
81.54720000000003,弃电吸收区,-81.54720000000003,0.0
68.59530000000001,弃电吸收区,-68.59530000000001,0.0
78.54884999999996,弃电吸收区,-78.54884999999996,0.0
-11.769300000000044,降负荷减购电区,0.0,-11.769300000000044
-26.06895000000009,降负荷减购电区,0.0,-26.06895000000009
-66.97980000000001,降负荷减购电区,0.0,-66.97980000000001
-45.9504,降负荷减购电区,0.0,-45.9504
-27.356400000000008,降负荷减购电区,0.0,-27.356400000000008
-28.702800000000025,降负荷减购电区,0.0,-28.702800000000025
-14.335200000000045,降负荷减购电区,0.0,-14.335200000000045
-9.108000000000004,降负荷减购电区,0.0,-9.108000000000004
-7.191899999999976,降负荷减购电区,0.0,-7.191899999999976
19.906650000000013,弃电吸收区,-19.906650000000013,0.0
22.11480000000006,弃电吸收区,-22.11480000000006,0.0
21.951450000000023,弃电吸收区,-21.951450000000023,0.0
22.089150000000014,弃电吸收区,-22.089150000000014,0.0
20.306699999999864,弃电吸收区,-20.306699999999864,0.0
-14.385150000000069,降负荷减购电区,0.0,-14.385150000000069
-18.03690000000006,降负荷减购电区,0.0,-18.03690000000006
-18.5616,降负荷减购电区,0.0,-18.5616
-58.574700000000064,降负荷减购电区,0.0,-58.574700000000064
-37.996650000000045,降负荷减购电区,0.0,-37.996650000000045
-31.87260000000009,降负荷减购电区,0.0,-31.87260000000009
-20.80080000000004,降负荷减购电区,0.0,-20.80080000000004
-35.15039999999999,降负荷减购电区,0.0,-35.15039999999999
-36.12015000000002,降负荷减购电区,0.0,-36.12015000000002
-45.58095000000003,降负荷减购电区,0.0,-45.58095000000003
-50.8014,降负荷减购电区,0.0,-50.8014
-47.20319999999998,降负荷减购电区,0.0,-47.20319999999998
-46.82519999999997,降负荷减购电区,0.0,-46.82519999999997
-35.27460000000002,降负荷减购电区,0.0,-35.27460000000002
-37.80540000000002,降负荷减购电区,0.0,-37.80540000000002
-32.795999999999935,降负荷减购电区,0.0,-32.795999999999935
-18.932399999999973,降负荷减购电区,0.0,-18.932399999999973
-39.79079999999999,降负荷减购电区,0.0,-39.79079999999999
-36.5652,降负荷减购电区,0.0,-36.5652
-35.04419999999999,降负荷减购电区,0.0,-35.04419999999999
-14.511600000000044,降负荷减购电区,0.0,-14.511600000000044
-13.861800000000017,降负荷减购电区,0.0,-13.861800000000017
-43.32600000000002,降负荷减购电区,0.0,-43.32600000000002
-53.21880000000005,降负荷减购电区,0.0,-53.21880000000005
-48.4812,降负荷减购电区,0.0,-48.4812
-34.203599999999994,降负荷减购电区,0.0,-34.203599999999994
-39.59819999999996,降负荷减购电区,0.0,-39.59819999999996
-43.39979999999997,降负荷减购电区,0.0,-43.39979999999997
-60.62939999999992,降负荷减购电区,0.0,-60.62939999999992
-48.87989999999997,降负荷减购电区,0.0,-48.87989999999997
-44.37179999999995,降负荷减购电区,0.0,-44.37179999999995
-37.44675000000001,降负荷减购电区,0.0,-37.44675000000001
-25.958699999999965,降负荷减购电区,0.0,-25.958699999999965
-27.812700000000007,降负荷减购电区,0.0,-27.812700000000007
-17.08740000000006,降负荷减购电区,0.0,-17.08740000000006
-14.89500000000001,降负荷减购电区,0.0,-14.89500000000001
83.9556,弃电吸收区,-83.9556,0.0
66.168,弃电吸收区,-66.168,0.0
67.00140000000005,弃电吸收区,-67.00140000000005,0.0
85.19220000000007,弃电吸收区,-85.19220000000007,0.0
87.55695000000003,弃电吸收区,-87.55695000000003,0.0
89.88075000000003,弃电吸收区,-89.88075000000003,0.0
86.33834999999999,购电边际区,-86.33834999999999,0.0
30.55995000000007,弃电吸收区,-30.55995000000007,0.0
60.65999999999997,弃电吸收区,-60.65999999999997,0.0
58.79249999999996,弃电吸收区,-58.79249999999996,0.0
61.18109999999996,弃电吸收区,-61.18109999999996,0.0
44.59545000000003,弃电吸收区,-44.59545000000003,0.0
8.737700000000075,弃电吸收区,-8.737700000000075,0.0
-39.70535999999999,降负荷减购电区,0.0,-39.70535999999999
-37.92240000000004,降负荷减购电区,0.0,-37.92240000000004
-36.11367999999999,降负荷减购电区,0.0,-36.11367999999999
-37.07783999999998,降负荷减购电区,0.0,-37.07783999999998
-26.623879999999986,降负荷减购电区,0.0,-26.623879999999986
-36.108160000000055,降负荷减购电区,0.0,-36.108160000000055
-44.70648,降负荷减购电区,0.0,-44.70648
-47.635760000000005,降负荷减购电区,0.0,-47.635760000000005
-39.50756000000007,降负荷减购电区,0.0,-39.50756000000007
-31.970460000000003,降负荷减购电区,0.0,-31.970460000000003
-27.427959999999985,降负荷减购电区,0.0,-27.427959999999985
-11.994959999999992,降负荷减购电区,0.0,-11.994959999999992
-20.125,降负荷减购电区,0.0,-20.125
-13.774239999999908,降负荷减购电区,0.0,-13.774239999999908
-12.17113999999998,降负荷减购电区,0.0,-12.17113999999998
-7.214640000000031,降负荷减购电区,0.0,-7.214640000000031
-8.638339999999971,降负荷减购电区,0.0,-8.638339999999971
-22.86797999999999,降负荷减购电区,0.0,-22.86797999999999
-25.178560000000004,降负荷减购电区,0.0,-25.178560000000004
-22.094719999999995,降负荷减购电区,0.0,-22.094719999999995
72.04428000000001,弃电吸收区,-72.04428000000001,0.0
79.36380000000003,弃电吸收区,-79.36380000000003,0.0
87.66450000000003,弃电吸收区,-87.66450000000003,0.0
86.70080000000007,弃电吸收区,-86.70080000000007,0.0
22.31827999999996,弃电吸收区,-22.31827999999996,0.0
22.21523999999988,弃电吸收区,-22.21523999999988,0.0
21.99443999999994,弃电吸收区,-21.99443999999994,0.0
21.769499999999997,弃电吸收区,-21.769499999999997,0.0
22.23271999999997,弃电吸收区,-22.23271999999997,0.0
21.56847999999991,弃电吸收区,-21.56847999999991,0.0
22.275040000000104,弃电吸收区,-22.275040000000104,0.0
-45.19362000000001,降负荷减购电区,0.0,-45.19362000000001
-62.03652,降负荷减购电区,0.0,-62.03652
-51.44042000000002,降负荷减购电区,0.0,-51.44042000000002
-43.00632000000002,降负荷减购电区,0.0,-43.00632000000002
-29.17872,降负荷减购电区,0.0,-29.17872
-30.521920000000023,降负荷减购电区,0.0,-30.521920000000023
-28.077479999999923,降负荷减购电区,0.0,-28.077479999999923
-24.273740000000032,降负荷减购电区,0.0,-24.273740000000032
-23.296239999999955,降负荷减购电区,0.0,-23.296239999999955
-64.33008000000001,降负荷减购电区,0.0,-64.33008000000001
-40.27024,降负荷减购电区,0.0,-40.27024
-53.98284000000001,降负荷减购电区,0.0,-53.98284000000001
-64.37423999999999,降负荷减购电区,0.0,-64.37423999999999
-69.07773999999995,降负荷减购电区,0.0,-69.07773999999995
-70.90808000000004,降负荷减购电区,0.0,-70.90808000000004
-43.533019999999965,降负荷减购电区,0.0,-43.533019999999965
-62.64970000000005,降负荷减购电区,0.0,-62.64970000000005
-60.47896000000003,降负荷减购电区,0.0,-60.47896000000003
-31.50999999999993,降负荷减购电区,0.0,-31.50999999999993
-44.1185999999999,降负荷减购电区,0.0,-44.1185999999999
-38.70762000000002,降负荷减购电区,0.0,-38.70762000000002
-44.80032,降负荷减购电区,0.0,-44.80032
-41.81400000000002,降负荷减购电区,0.0,-41.81400000000002
-28.984140000000025,降负荷减购电区,0.0,-28.984140000000025
-24.052479999999942,降负荷减购电区,0.0,-24.052479999999942
-9.991200000000047,降负荷减购电区,0.0,-9.991200000000047
-17.096820000000093,降负荷减购电区,0.0,-17.096820000000093
-10.888199999999983,降负荷减购电区,0.0,-10.888199999999983
-29.595020000000037,降负荷减购电区,0.0,-29.595020000000037
-29.394000000000005,降负荷减购电区,0.0,-29.394000000000005
-24.77284000000003,降负荷减购电区,0.0,-24.77284000000003
-25.95688000000001,降负荷减购电区,0.0,-25.95688000000001
-23.24472000000003,降负荷减购电区,0.0,-23.24472000000003
60.74667999999997,弃电吸收区,-60.74667999999997,0.0
62.86084,弃电吸收区,-62.86084,0.0
59.31193999999999,弃电吸收区,-59.31193999999999,0.0
57.72126000000003,弃电吸收区,-57.72126000000003,0.0
56.14392000000004,弃电吸收区,-56.14392000000004,0.0
41.65345999999994,弃电吸收区,-41.65345999999994,0.0
45.58967999999999,弃电吸收区,-45.58967999999999,0.0
71.61187999999993,弃电吸收区,-71.61187999999993,0.0
44.99167999999997,弃电吸收区,-44.99167999999997,0.0
28.97263999999996,弃电吸收区,-28.97263999999996,0.0
21.9765000000001,弃电吸收区,-21.9765000000001,0.0
21.857819999999947,弃电吸收区,-21.857819999999947,0.0
-19.42764000000011,降负荷减购电区,0.0,-19.42764000000011
-19.359559999999988,降负荷减购电区,0.0,-19.359559999999988
-49.71726000000007,降负荷减购电区,0.0,-49.71726000000007
-52.14881999999994,降负荷减购电区,0.0,-52.14881999999994
-50.22279999999995,降负荷减购电区,0.0,-50.22279999999995
-55.45759999999996,降负荷减购电区,0.0,-55.45759999999996
-61.61102,降负荷减购电区,0.0,-61.61102
-17.741280000000017,降负荷减购电区,0.0,-17.741280000000017
-45.318739999999934,降负荷减购电区,0.0,-45.318739999999934
-43.09188,降负荷减购电区,0.0,-43.09188
-63.293240000000026,降负荷减购电区,0.0,-63.293240000000026
-98.51406000000004,降负荷减购电区,0.0,-98.51406000000004
-90.06064,降负荷减购电区,0.0,-90.06064
-66.53899999999999,降负荷减购电区,0.0,-66.53899999999999
-41.92808000000002,降负荷减购电区,0.0,-41.92808000000002
44.43232000000006,弃电吸收区,-44.43232000000006,0.0
60.404439999999965,弃电吸收区,-60.404439999999965,0.0
56.72627999999992,弃电吸收区,-56.72627999999992,0.0
49.74899999999991,弃电吸收区,-49.74899999999991,0.0
49.10499999999991,弃电吸收区,-49.10499999999991,0.0
39.09861999999998,弃电吸收区,-39.09861999999998,0.0
22.355999999999995,弃电吸收区,-22.355999999999995,0.0
22.18119999999999,弃电吸收区,-22.18119999999999,0.0
21.697739999999957,弃电吸收区,-21.697739999999957,0.0
22.23685999999998,弃电吸收区,-22.23685999999998,0.0
21.984320000000025,弃电吸收区,-21.984320000000025,0.0
22.28102000000001,弃电吸收区,-22.28102000000001,0.0
-10.854160000000093,降负荷减购电区,0.0,-10.854160000000093
-13.875439999999912,降负荷减购电区,0.0,-13.875439999999912
-22.27319999999997,降负荷减购电区,0.0,-22.27319999999997
-33.50916000000001,降负荷减购电区,0.0,-33.50916000000001
-28.63960000000003,降负荷减购电区,0.0,-28.63960000000003
-51.46020000000004,降负荷减购电区,0.0,-51.46020000000004
-67.75891999999993,降负荷减购电区,0.0,-67.75891999999993
-84.35433999999998,降负荷减购电区,0.0,-84.35433999999998
-85.08159999999992,降负荷减购电区,0.0,-85.08159999999992
-86.88480000000001,降负荷减购电区,0.0,-86.88480000000001
-87.98879999999997,降负荷减购电区,0.0,-87.98879999999997
-57.97012000000001,降负荷减购电区,0.0,-57.97012000000001
46.844100000000026,弃电吸收区,-46.844100000000026,0.0
68.52436000000006,弃电吸收区,-68.52436000000006,0.0
71.60958,弃电吸收区,-71.60958,0.0
63.88848000000007,弃电吸收区,-63.88848000000007,0.0
67.86057999999997,弃电吸收区,-67.86057999999997,0.0
41.14056000000005,弃电吸收区,-41.14056000000005,0.0
22.306780000000003,弃电吸收区,-22.306780000000003,0.0
22.21616000000006,弃电吸收区,-22.21616000000006,0.0
22.142560000000003,弃电吸收区,-22.142560000000003,0.0
22.20558000000005,弃电吸收区,-22.20558000000005,0.0
21.923599999999965,弃电吸收区,-21.923599999999965,0.0
22.293900000000008,弃电吸收区,-22.293900000000008,0.0
-9.259799999999927,降负荷减购电区,0.0,-9.259799999999927
-14.430659999999987,降负荷减购电区,0.0,-14.430659999999987
-14.861680000000092,降负荷减购电区,0.0,-14.861680000000092
-16.725139999999897,降负荷减购电区,0.0,-16.725139999999897
-15.58755999999994,降负荷减购电区,0.0,-15.58755999999994
-7.984680000000026,降负荷减购电区,0.0,-7.984680000000026
-19.85911999999996,降负荷减购电区,0.0,-19.85911999999996
-20.86192000000005,降负荷减购电区,0.0,-20.86192000000005
57.78565999999989,弃电吸收区,-57.78565999999989,0.0
56.12092000000001,弃电吸收区,-56.12092000000001,0.0
65.47271999999998,弃电吸收区,-65.47271999999998,0.0
71.49411999999995,弃电吸收区,-71.49411999999995,0.0
61.721419999999966,弃电吸收区,-61.721419999999966,0.0
59.54240000000004,弃电吸收区,-59.54240000000004,0.0
73.62805999999995,弃电吸收区,-73.62805999999995,0.0
72.38514000000004,弃电吸收区,-72.38514000000004,0.0
38.83366000000001,弃电吸收区,-38.83366000000001,0.0
36.764119999999934,弃电吸收区,-36.764119999999934,0.0
22.24651999999992,弃电吸收区,-22.24651999999992,0.0
22.106220000000008,弃电吸收区,-22.106220000000008,0.0
22.12415999999996,弃电吸收区,-22.12415999999996,0.0
21.671519999999877,弃电吸收区,-21.671519999999877,0.0
22.33069999999998,弃电吸收区,-22.33069999999998,0.0
22.24651999999992,弃电吸收区,-22.24651999999992,0.0
22.082760000000007,弃电吸收区,-22.082760000000007,0.0
-36.34230000000002,降负荷减购电区,0.0,-36.34230000000002
-30.82183999999989,降负荷减购电区,0.0,-30.82183999999989
24.90808000000004,弃电吸收区,-24.90808000000004,0.0
47.73282,弃电吸收区,-47.73282,0.0
-22.328399999999988,降负荷减购电区,0.0,-22.328399999999988
-22.287919999999986,降负荷减购电区,0.0,-22.287919999999986
-40.26103999999998,降负荷减购电区,0.0,-40.26103999999998
-54.71607999999998,降负荷减购电区,0.0,-54.71607999999998
-35.473360000000014,降负荷减购电区,0.0,-35.473360000000014
-12.437020000000018,降负荷减购电区,0.0,-12.437020000000018
-5.560480000000041,降负荷减购电区,0.0,-5.560480000000041
-3.8345599999999536,降负荷减购电区,0.0,-3.8345599999999536
59.40440000000001,弃电吸收区,-59.40440000000001,0.0
63.551759999999945,弃电吸收区,-63.551759999999945,0.0
79.53906000000006,弃电吸收区,-79.53906000000006,0.0
32.12686000000008,弃电吸收区,-32.12686000000008,0.0
29.038419999999974,弃电吸收区,-29.038419999999974,0.0
22.32471999999996,弃电吸收区,-22.32471999999996,0.0
21.99167999999997,弃电吸收区,-21.99167999999997,0.0
21.878060000000005,弃电吸收区,-21.878060000000005,0.0
22.040899999999965,弃电吸收区,-22.040899999999965,0.0
22.31045999999992,弃电吸收区,-22.31045999999992,0.0
22.194079999999985,弃电吸收区,-22.194079999999985,0.0
21.85367999999994,弃电吸收区,-21.85367999999994,0.0
22.239160000000084,弃电吸收区,-22.239160000000084,0.0
21.52708000000007,弃电吸收区,-21.52708000000007,0.0
22.32794000000001,弃电吸收区,-22.32794000000001,0.0
51.56416000000007,弃电吸收区,-51.56416000000007,0.0
56.57862,弃电吸收区,-56.57862,0.0
60.79866000000004,弃电吸收区,-60.79866000000004,0.0
49.31291999999996,弃电吸收区,-49.31291999999996,0.0
51.63821999999999,弃电吸收区,-51.63821999999999,0.0
48.563579999999945,弃电吸收区,-48.563579999999945,0.0
-47.97017999999994,降负荷减购电区,0.0,-47.97017999999994
-51.69387999999998,降负荷减购电区,0.0,-51.69387999999998
-70.84368,降负荷减购电区,0.0,-70.84368
-28.653400000000037,降负荷减购电区,0.0,-28.653400000000037
-70.01936,降负荷减购电区,0.0,-70.01936
-72.31016,降负荷减购电区,0.0,-72.31016
-71.93387999999999,降负荷减购电区,0.0,-71.93387999999999
-67.31272000000007,降负荷减购电区,0.0,-67.31272000000007
-46.51427999999999,降负荷减购电区,0.0,-46.51427999999999
-27.075600000000065,降负荷减购电区,0.0,-27.075600000000065
-41.98328000000004,降负荷减购电区,0.0,-41.98328000000004
-39.53285999999992,降负荷减购电区,0.0,-39.53285999999992
-34.706999999999994,降负荷减购电区,0.0,-34.706999999999994
-59.97663999999992,降负荷减购电区,0.0,-59.97663999999992
-36.28296000000006,降负荷减购电区,0.0,-36.28296000000006
21.97512000000006,弃电吸收区,-21.97512000000006,0.0
22.22076000000004,弃电吸收区,-22.22076000000004,0.0
48.354739999999936,弃电吸收区,-48.354739999999936,0.0
60.30508000000003,弃电吸收区,-60.30508000000003,0.0
58.634360000000015,弃电吸收区,-58.634360000000015,0.0
60.702519999999936,弃电吸收区,-60.702519999999936,0.0
69.52807999999993,弃电吸收区,-69.52807999999993,0.0
67.83988,弃电吸收区,-67.83988,0.0
69.58373999999998,弃电吸收区,-69.58373999999998,0.0
58.03544,弃电吸收区,-58.03544,0.0
63.796940000000006,弃电吸收区,-63.796940000000006,0.0
62.39761999999996,弃电吸收区,-62.39761999999996,0.0
78.42954000000003,弃电吸收区,-78.42954000000003,0.0
79.87624000000005,弃电吸收区,-79.87624000000005,0.0
55.57627999999994,弃电吸收区,-55.57627999999994,0.0
58.381820000000005,弃电吸收区,-58.381820000000005,0.0
61.01210000000003,弃电吸收区,-61.01210000000003,0.0
22.23180000000002,弃电吸收区,-22.23180000000002,0.0
22.342660000000024,弃电吸收区,-22.342660000000024,0.0
22.30953999999997,弃电吸收区,-22.30953999999997,0.0
22.15589999999997,弃电吸收区,-22.15589999999997,0.0
22.269980000000032,弃电吸收区,-22.269980000000032,0.0
22.33668,弃电吸收区,-22.33668,0.0
22.28699999999992,弃电吸收区,-22.28699999999992,0.0
22.284239999999954,弃电吸收区,-22.284239999999954,0.0
22.104839999999967,弃电吸收区,-22.104839999999967,0.0
42.086779999999976,弃电吸收区,-42.086779999999976,0.0
34.232279999999946,弃电吸收区,-34.232279999999946,0.0
77.63512000000009,弃电吸收区,-77.63512000000009,0.0
86.3673,弃电吸收区,-86.3673,0.0
93.60034000000007,弃电吸收区,-93.60034000000007,0.0
-22.36336,降负荷减购电区,0.0,-22.36336
-42.71284000000003,降负荷减购电区,0.0,-42.71284000000003
-44.54823999999997,降负荷减购电区,0.0,-44.54823999999997
-42.36185999999998,降负荷减购电区,0.0,-42.36185999999998
-40.05863999999997,降负荷减购电区,0.0,-40.05863999999997
-58.723599999999976,降负荷减购电区,0.0,-58.723599999999976
-30.08583999999996,降负荷减购电区,0.0,-30.08583999999996
-30.16633999999999,降负荷减购电区,0.0,-30.16633999999999
-37.09256000000005,降负荷减购电区,0.0,-37.09256000000005
-35.537759999999935,降负荷减购电区,0.0,-35.537759999999935
22.2088,弃电吸收区,-22.2088,0.0
22.195459999999912,弃电吸收区,-22.195459999999912,0.0
21.967760000000112,弃电吸收区,-21.967760000000112,0.0
20.90194000000008,弃电吸收区,-20.90194000000008,0.0
-41.94831999999997,降负荷减购电区,0.0,-41.94831999999997
-43.10567999999995,降负荷减购电区,0.0,-43.10567999999995
-43.262080000000026,降负荷减购电区,0.0,-43.262080000000026
-63.10187999999988,降负荷减购电区,0.0,-63.10187999999988
-54.3517599999999,降负荷减购电区,0.0,-54.3517599999999
-14.180880000000002,降负荷减购电区,0.0,-14.180880000000002
-13.305039999999964,降负荷减购电区,0.0,-13.305039999999964
-29.714159999999996,降负荷减购电区,0.0,-29.714159999999996
-24.066280000000063,降负荷减购电区,0.0,-24.066280000000063
-19.331039999999973,降负荷减购电区,0.0,-19.331039999999973
-24.23556000000002,降负荷减购电区,0.0,-24.23556000000002
-24.405759999999987,降负荷减购电区,0.0,-24.405759999999987
-9.378479999999968,降负荷减购电区,0.0,-9.378479999999968
-26.921040000000005,降负荷减购电区,0.0,-26.921040000000005
-23.19319999999999,降负荷减购电区,0.0,-23.19319999999999
-15.943600000000004,降负荷减购电区,0.0,-15.943600000000004
-4.607359999999972,降负荷减购电区,0.0,-4.607359999999972
-18.571120000000008,降负荷减购电区,0.0,-18.571120000000008
-17.130859999999984,降负荷减购电区,0.0,-17.130859999999984
-39.849800000000016,降负荷减购电区,0.0,-39.849800000000016
-26.862160000000078,降负荷减购电区,0.0,-26.862160000000078
-22.245599999999968,降负荷减购电区,0.0,-22.245599999999968
-24.061680000000024,降负荷减购电区,0.0,-24.061680000000024
22.35277999999994,弃电吸收区,-22.35277999999994,0.0
22.155440000000112,弃电吸收区,-22.155440000000112,0.0
-10.949839999999996,降负荷减购电区,0.0,-10.949839999999996
-10.13196000000005,降负荷减购电区,0.0,-10.13196000000005
-7.517780000000016,降负荷减购电区,0.0,-7.517780000000016
-7.3857600000001185,降负荷减购电区,0.0,-7.3857600000001185
-24.050639999999987,降负荷减购电区,0.0,-24.050639999999987
-32.577200000000005,降负荷减购电区,0.0,-32.577200000000005
-32.46863999999994,降负荷减购电区,0.0,-32.46863999999994
-43.21423999999996,降负荷减购电区,0.0,-43.21423999999996
28.727919999999983,弃电吸收区,-28.727919999999983,0.0
33.98802000000006,弃电吸收区,-33.98802000000006,0.0
37.35015999999996,弃电吸收区,-37.35015999999996,0.0
51.88339999999994,弃电吸收区,-51.88339999999994,0.0
59.225460000000055,弃电吸收区,-59.225460000000055,0.0
54.33979999999997,弃电吸收区,-54.33979999999997,0.0
55.85319999999996,弃电吸收区,-55.85319999999996,0.0
58.50049999999999,弃电吸收区,-58.50049999999999,0.0
69.65687999999994,弃电吸收区,-69.65687999999994,0.0
64.1833400000001,弃电吸收区,-64.1833400000001,0.0
22.60577999999998,弃电吸收区,-22.60577999999998,0.0
-32.359620000000064,降负荷减购电区,0.0,-32.359620000000064
-8.12360000000001,降负荷减购电区,0.0,-8.12360000000001
22.15451999999993,弃电吸收区,-22.15451999999993,0.0
22.350479999999948,弃电吸收区,-22.350479999999948,0.0
22.168319999999994,弃电吸收区,-22.168319999999994,0.0
22.04550000000006,弃电吸收区,-22.04550000000006,0.0
21.65404000000001,弃电吸收区,-21.65404000000001,0.0
22.315979999999968,弃电吸收区,-22.315979999999968,0.0
-7.496160000000032,降负荷减购电区,0.0,-7.496160000000032
-31.741839999999968,降负荷减购电区,0.0,-31.741839999999968
53.36000000000007,弃电吸收区,-53.36000000000007,0.0
44.79801999999989,弃电吸收区,-44.79801999999989,0.0
55.59008,弃电吸收区,-55.59008,0.0
59.90994000000006,弃电吸收区,-59.90994000000006,0.0
-41.11342000000008,降负荷减购电区,0.0,-41.11342000000008
32.14433999999994,弃电吸收区,-32.14433999999994,0.0
49.56684000000001,弃电吸收区,-49.56684000000001,0.0
54.193059999999946,弃电吸收区,-54.193059999999946,0.0
56.656819999999925,弃电吸收区,-56.656819999999925,0.0
68.06436000000002,弃电吸收区,-68.06436000000002,0.0
73.93671999999998,弃电吸收区,-73.93671999999998,0.0
61.63355999999993,弃电吸收区,-61.63355999999993,0.0
70.21072000000004,弃电吸收区,-70.21072000000004,0.0
37.47251999999992,弃电吸收区,-37.47251999999992,0.0
22.28377999999998,弃电吸收区,-22.28377999999998,0.0
20.98565999999994,弃电吸收区,-20.98565999999994,0.0
-4.227399999999989,降负荷减购电区,0.0,-4.227399999999989
-40.25368000000003,降负荷减购电区,0.0,-40.25368000000003
-68.62832000000003,降负荷减购电区,0.0,-68.62832000000003
-68.07999999999993,降负荷减购电区,0.0,-68.07999999999993
-56.3660999999999,降负荷减购电区,0.0,-56.3660999999999
-86.1303999999999,降负荷减购电区,0.0,-86.1303999999999
-63.93769999999995,降负荷减购电区,0.0,-63.93769999999995
43.99900000000008,弃电吸收区,-43.99900000000008,0.0
49.25219999999996,弃电吸收区,-49.25219999999996,0.0
56.73685999999992,弃电吸收区,-56.73685999999992,0.0
74.53564,弃电吸收区,-74.53564,0.0
83.07370000000003,弃电吸收区,-83.07370000000003,0.0
84.26234,弃电吸收区,-84.26234,0.0
83.10589999999996,弃电吸收区,-83.10589999999996,0.0
78.49900000000002,弃电吸收区,-78.49900000000002,0.0
86.62582000000003,弃电吸收区,-86.62582000000003,0.0
84.22094000000004,弃电吸收区,-84.22094000000004,0.0
95.30463999999988,弃电吸收区,-95.30463999999988,0.0
96.65428000000004,弃电吸收区,-96.65428000000004,0.0
100.13325999999996,弃电吸收区,-100.13325999999996,0.0
59.35656,弃电吸收区,-59.35656,0.0
52.82593999999989,弃电吸收区,-52.82593999999989,0.0
-5.223299999999995,降负荷减购电区,0.0,-5.223299999999995
21.65772000000004,弃电吸收区,-21.65772000000004,0.0
21.919460000000072,弃电吸收区,-21.919460000000072,0.0
22.12921999999992,弃电吸收区,-22.12921999999992,0.0
21.913479999999936,弃电吸收区,-21.913479999999936,0.0
22.122780000000034,弃电吸收区,-22.122780000000034,0.0
22.052400000000038,弃电吸收区,-22.052400000000038,0.0
22.074019999999905,弃电吸收区,-22.074019999999905,0.0
22.07953999999995,弃电吸收区,-22.07953999999995,0.0
-27.81482000000005,降负荷减购电区,0.0,-27.81482000000005
-30.122640000000047,降负荷减购电区,0.0,-30.122640000000047
-33.206020000000024,降负荷减购电区,0.0,-33.206020000000024
-24.75443999999999,降负荷减购电区,0.0,-24.75443999999999
-8.39591999999999,降负荷减购电区,0.0,-8.39591999999999
-16.762400000000014,降负荷减购电区,0.0,-16.762400000000014
-10.54320000000007,降负荷减购电区,0.0,-10.54320000000007
-28.819919999999968,降负荷减购电区,0.0,-28.819919999999968
-26.54982000000001,降负荷减购电区,0.0,-26.54982000000001
-29.45472000000001,降负荷减购电区,0.0,-29.45472000000001
79.72903999999994,弃电吸收区,-79.72903999999994,0.0
66.29795999999999,弃电吸收区,-66.29795999999999,0.0
71.24572,弃电吸收区,-71.24572,0.0
34.278279999999995,弃电吸收区,-34.278279999999995,0.0
52.01312000000007,弃电吸收区,-52.01312000000007,0.0
21.863339999999997,弃电吸收区,-21.863339999999997,0.0
22.024799999999917,弃电吸收区,-22.024799999999917,0.0
-14.262299999999982,降负荷减购电区,0.0,-14.262299999999982
-32.34719999999999,降负荷减购电区,0.0,-32.34719999999999
-40.89032000000003,降负荷减购电区,0.0,-40.89032000000003
-38.44863999999996,降负荷减购电区,0.0,-38.44863999999996
-27.98823999999996,降负荷减购电区,0.0,-27.98823999999996
-24.04143999999997,降负荷减购电区,0.0,-24.04143999999997
-18.56099999999992,降负荷减购电区,0.0,-18.56099999999992
-11.90847999999994,降负荷减购电区,0.0,-11.90847999999994
-12.848720000000014,降负荷减购电区,0.0,-12.848720000000014
-9.908400000000029,降负荷减购电区,0.0,-9.908400000000029
-10.970080000000053,降负荷减购电区,0.0,-10.970080000000053
-8.484240000000057,降负荷减购电区,0.0,-8.484240000000057
-8.719760000000008,降负荷减购电区,0.0,-8.719760000000008
-28.65064000000001,降负荷减购电区,0.0,-28.65064000000001
-34.55704000000003,降负荷减购电区,0.0,-34.55704000000003
-33.327920000000006,降负荷减购电区,0.0,-33.327920000000006
-33.5915,降负荷减购电区,0.0,-33.5915
-45.21983999999998,降负荷减购电区,0.0,-45.21983999999998
-49.888840000000016,降负荷减购电区,0.0,-49.888840000000016
-66.98520000000002,降负荷减购电区,0.0,-66.98520000000002
-62.17543999999998,降负荷减购电区,0.0,-62.17543999999998
-62.92984000000001,降负荷减购电区,0.0,-62.92984000000001
-57.65087999999997,降负荷减购电区,0.0,-57.65087999999997
22.353700000000003,弃电吸收区,-22.353700000000003,0.0
21.89922000000001,弃电吸收区,-21.89922000000001,0.0
22.289300000000026,弃电吸收区,-22.289300000000026,0.0
21.838960000000043,弃电吸收区,-21.838960000000043,0.0
21.895079999999894,弃电吸收区,-21.895079999999894,0.0
22.340360000000032,弃电吸收区,-22.340360000000032,0.0
22.23134000000005,弃电吸收区,-22.23134000000005,0.0
22.05607999999995,弃电吸收区,-22.05607999999995,0.0
24.41174000000001,弃电吸收区,-24.41174000000001,0.0
77.55415999999997,弃电吸收区,-77.55415999999997,0.0
82.31608000000006,弃电吸收区,-82.31608000000006,0.0
88.34713999999997,弃电吸收区,-88.34713999999997,0.0
97.56323999999996,弃电吸收区,-97.56323999999996,0.0
103.80635999999998,弃电吸收区,-103.80635999999998,0.0
-4.082960000000071,降负荷减购电区,0.0,-4.082960000000071
-27.774800000000027,降负荷减购电区,0.0,-27.774800000000027
-29.23115999999999,降负荷减购电区,0.0,-29.23115999999999
-69.16559999999993,降负荷减购电区,0.0,-69.16559999999993
-67.85827999999998,降负荷减购电区,0.0,-67.85827999999998
-37.37407999999999,降负荷减购电区,0.0,-37.37407999999999
-39.10368000000005,降负荷减购电区,0.0,-39.10368000000005
-58.688180000000045,降负荷减购电区,0.0,-58.688180000000045
-68.74516,降负荷减购电区,0.0,-68.74516
-63.35764000000006,降负荷减购电区,0.0,-63.35764000000006
-44.36332000000005,降负荷减购电区,0.0,-44.36332000000005
-41.077999999999975,降负荷减购电区,0.0,-41.077999999999975
-39.9119,降负荷减购电区,0.0,-39.9119
-51.722399999999936,降负荷减购电区,0.0,-51.722399999999936
-35.166079999999965,降负荷减购电区,0.0,-35.166079999999965
-22.86706000000004,降负荷减购电区,0.0,-22.86706000000004
-24.88277999999985,降负荷减购电区,0.0,-24.88277999999985
-13.66016000000002,降负荷减购电区,0.0,-13.66016000000002
22.20465999999999,弃电吸收区,-22.20465999999999,0.0
59.245700000000056,弃电吸收区,-59.245700000000056,0.0
57.48665999999997,弃电吸收区,-57.48665999999997,0.0
43.53899999999999,弃电吸收区,-43.53899999999999,0.0
61.412759999999935,弃电吸收区,-61.412759999999935,0.0
34.15039999999999,弃电吸收区,-34.15039999999999,0.0
40.76887999999997,弃电吸收区,-40.76887999999997,0.0
48.18132000000003,弃电吸收区,-48.18132000000003,0.0
47.216699999999946,弃电吸收区,-47.216699999999946,0.0
55.527060000000006,弃电吸收区,-55.527060000000006,0.0
59.60358000000002,弃电吸收区,-59.60358000000002,0.0
57.715280000000064,弃电吸收区,-57.715280000000064,0.0
61.20898,弃电吸收区,-61.20898,0.0
71.96332000000001,弃电吸收区,-71.96332000000001,0.0
32.123179999999934,弃电吸收区,-32.123179999999934,0.0
25.62936000000002,弃电吸收区,-25.62936000000002,0.0
21.780540000000087,弃电吸收区,-21.780540000000087,0.0
22.11174000000005,弃电吸收区,-22.11174000000005,0.0
22.30448000000013,弃电吸收区,-22.30448000000013,0.0
22.27780000000007,弃电吸收区,-22.27780000000007,0.0
22.186719999999923,弃电吸收区,-22.186719999999923,0.0
22.117259999999987,弃电吸收区,-22.117259999999987,0.0
22.11818000000005,弃电吸收区,-22.11818000000005,0.0
-3.045199999999909,降负荷减购电区,0.0,-3.045199999999909
-5.991040000000055,降负荷减购电区,0.0,-5.991040000000055
-10.591500000000051,降负荷减购电区,0.0,-10.591500000000051
-10.114480000000016,降负荷减购电区,0.0,-10.114480000000016
-12.648159999999962,降负荷减购电区,0.0,-12.648159999999962
-13.880960000000016,降负荷减购电区,0.0,-13.880960000000016
-11.978400000000022,降负荷减购电区,0.0,-11.978400000000022
-4.736159999999984,降负荷减购电区,0.0,-4.736159999999984
68.24698000000001,弃电吸收区,-68.24698000000001,0.0
73.24717999999996,弃电吸收区,-73.24717999999996,0.0
88.15256,弃电吸收区,-88.15256,0.0
-6.871939999999995,降负荷减购电区,0.0,-6.871939999999995
-13.465120000000011,降负荷减购电区,0.0,-13.465120000000011
-20.790619999999933,降负荷减购电区,0.0,-20.790619999999933
-22.002719999999957,降负荷减购电区,0.0,-22.002719999999957
-24.18312000000003,降负荷减购电区,0.0,-24.18312000000003
-17.15984000000003,降负荷减购电区,0.0,-17.15984000000003
-14.375920000000065,降负荷减购电区,0.0,-14.375920000000065
-6.32454000000007,降负荷减购电区,0.0,-6.32454000000007
-6.727499999999964,降负荷减购电区,0.0,-6.727499999999964
22.336220000000026,弃电吸收区,-22.336220000000026,0.0
22.08597999999995,弃电吸收区,-22.08597999999995,0.0
21.786059999999907,弃电吸收区,-21.786059999999907,0.0
21.86839999999995,弃电吸收区,-21.86839999999995,0.0
22.29527999999993,弃电吸收区,-22.29527999999993,0.0
40.1579999999999,弃电吸收区,-40.1579999999999,0.0
68.32655999999997,弃电吸收区,-68.32655999999997,0.0
63.42572000000001,弃电吸收区,-63.42572000000001,0.0
61.08846,弃电吸收区,-61.08846,0.0
43.31175999999999,弃电吸收区,-43.31175999999999,0.0
44.80169999999998,弃电吸收区,-44.80169999999998,0.0
60.55624,弃电吸收区,-60.55624,0.0
77.89548000000002,弃电吸收区,-77.89548000000002,0.0
81.50325999999995,弃电吸收区,-81.50325999999995,0.0
-30.323200000000043,降负荷减购电区,0.0,-30.323200000000043
-32.88263999999998,降负荷减购电区,0.0,-32.88263999999998
-42.28503999999998,降负荷减购电区,0.0,-42.28503999999998
-48.76000000000005,降负荷减购电区,0.0,-48.76000000000005
-39.58713999999998,降负荷减购电区,0.0,-39.58713999999998
-17.78498000000002,降负荷减购电区,0.0,-17.78498000000002
22.315979999999968,弃电吸收区,-22.315979999999968,0.0
21.956260000000043,弃电吸收区,-21.956260000000043,0.0
-33.05007999999998,降负荷减购电区,0.0,-33.05007999999998
22.143940000000043,弃电吸收区,-22.143940000000043,0.0
22.177980000000048,弃电吸收区,-22.177980000000048,0.0
17.485979999999927,弃电吸收区,-17.485979999999927,0.0
18.065580000000068,弃电吸收区,-18.065580000000068,0.0
21.990760000000023,弃电吸收区,-21.990760000000023,0.0
22.292519999999968,弃电吸收区,-22.292519999999968,0.0
34.123719999999935,弃电吸收区,-34.123719999999935,0.0
52.072,弃电吸收区,-52.072,0.0
53.70316000000008,弃电吸收区,-53.70316000000008,0.0
57.91215999999997,弃电吸收区,-57.91215999999997,0.0
58.93474000000003,弃电吸收区,-58.93474000000003,0.0
40.10785999999996,弃电吸收区,-40.10785999999996,0.0
42.77034000000003,弃电吸收区,-42.77034000000003,0.0
51.62810000000002,弃电吸收区,-51.62810000000002,0.0
32.188499999999976,弃电吸收区,-32.188499999999976,0.0
43.61489999999998,弃电吸收区,-43.61489999999998,0.0
50.42795999999999,弃电吸收区,-50.42795999999999,0.0
50.41875999999996,弃电吸收区,-50.41875999999996,0.0
44.706939999999975,弃电吸收区,-44.706939999999975,0.0
49.09579999999994,弃电吸收区,-49.09579999999994,0.0
25.10910000000001,弃电吸收区,-25.10910000000001,0.0
22.18349999999998,弃电吸收区,-22.18349999999998,0.0
22.27503999999999,弃电吸收区,-22.27503999999999,0.0
22.313679999999977,弃电吸收区,-22.313679999999977,0.0
22.103920000000016,弃电吸收区,-22.103920000000016,0.0
20.872499999999945,弃电吸收区,-20.872499999999945,0.0
-11.518859999999904,降负荷减购电区,0.0,-11.518859999999904
22.269059999999968,弃电吸收区,-22.269059999999968,0.0
22.330700000000093,弃电吸收区,-22.330700000000093,0.0
21.77869999999996,弃电吸收区,-21.77869999999996,0.0
21.792960000000107,弃电吸收区,-21.792960000000107,0.0
82.20752000000005,弃电吸收区,-82.20752000000005,0.0
96.53835999999995,弃电吸收区,-96.53835999999995,0.0
101.63102000000003,弃电吸收区,-101.63102000000003,0.0
-29.68471999999997,降负荷减购电区,0.0,-29.68471999999997
-31.18063999999993,降负荷减购电区,0.0,-31.18063999999993
-30.13736,降负荷减购电区,0.0,-30.13736
-30.764340000000004,降负荷减购电区,0.0,-30.764340000000004
88.81127999999995,弃电吸收区,-88.81127999999995,0.0
81.04095999999998,弃电吸收区,-81.04095999999998,0.0
-34.22216000000003,降负荷减购电区,0.0,-34.22216000000003
-44.901520000000005,降负荷减购电区,0.0,-44.901520000000005
-44.50040000000001,降负荷减购电区,0.0,-44.50040000000001
-47.26408000000009,降负荷减购电区,0.0,-47.26408000000009
-48.01204000000001,降负荷减购电区,0.0,-48.01204000000001
-56.296640000000025,降负荷减购电区,0.0,-56.296640000000025
-44.97465999999992,降负荷减购电区,0.0,-44.97465999999992
-32.12455999999992,降负荷减购电区,0.0,-32.12455999999992
-56.21016000000003,降负荷减购电区,0.0,-56.21016000000003
-47.25304,降负荷减购电区,0.0,-47.25304
-56.81092000000001,降负荷减购电区,0.0,-56.81092000000001
-30.893599999999992,降负荷减购电区,0.0,-30.893599999999992
-42.02927999999992,降负荷减购电区,0.0,-42.02927999999992
-26.514860000000056,降负荷减购电区,0.0,-26.514860000000056
-49.31936000000008,降负荷减购电区,0.0,-49.31936000000008
-41.67047999999994,降负荷减购电区,0.0,-41.67047999999994
-47.08238000000006,降负荷减购电区,0.0,-47.08238000000006
-46.9108,降负荷减购电区,0.0,-46.9108
-56.39047999999997,降负荷减购电区,0.0,-56.39047999999997
26.079699999999946,弃电吸收区,-26.079699999999946,0.0
37.28437999999994,弃电吸收区,-37.28437999999994,0.0
30.79929999999996,弃电吸收区,-30.79929999999996,0.0
47.51569999999998,弃电吸收区,-47.51569999999998,0.0
57.45169999999996,弃电吸收区,-57.45169999999996,0.0
49.15974,弃电吸收区,-49.15974,0.0
49.225519999999904,弃电吸收区,-49.225519999999904,0.0
63.26931999999999,弃电吸收区,-63.26931999999999,0.0
77.66778,弃电吸收区,-77.66778,0.0
22.35370000000012,弃电吸收区,-22.35370000000012,0.0
22.32886000000008,弃电吸收区,-22.32886000000008,0.0
22.22811999999999,弃电吸收区,-22.22811999999999,0.0
21.883119999999963,弃电吸收区,-21.883119999999963,0.0
22.29988000000003,弃电吸收区,-22.29988000000003,0.0
22.12185999999997,弃电吸收区,-22.12185999999997,0.0
21.534440000000014,弃电吸收区,-21.534440000000014,0.0
22.04365999999993,弃电吸收区,-22.04365999999993,0.0
21.70464000000004,弃电吸收区,-21.70464000000004,0.0
24.83033999999998,弃电吸收区,-24.83033999999998,0.0
37.10221999999999,弃电吸收区,-37.10221999999999,0.0
-31.3904,降负荷减购电区,0.0,-31.3904
-29.850320000000067,降负荷减购电区,0.0,-29.850320000000067
-36.098960000000034,降负荷减购电区,0.0,-36.098960000000034
-34.32934,降负荷减购电区,0.0,-34.32934
-27.319399999999973,降负荷减购电区,0.0,-27.319399999999973
-5.612000000000023,降负荷减购电区,0.0,-5.612000000000023
64.39723999999995,弃电吸收区,-64.39723999999995,0.0
31.614880000000028,弃电吸收区,-31.614880000000028,0.0
46.03772000000004,弃电吸收区,-46.03772000000004,0.0
48.25491999999997,弃电吸收区,-48.25491999999997,0.0
50.482699999999966,弃电吸收区,-50.482699999999966,0.0
65.35587999999996,弃电吸收区,-65.35587999999996,0.0
74.1773,弃电吸收区,-74.1773,0.0
30.661299999999983,弃电吸收区,-30.661299999999983,0.0
22.35415999999998,弃电吸收区,-22.35415999999998,0.0
22.272280000000023,弃电吸收区,-22.272280000000023,0.0
22.13519999999994,弃电吸收区,-22.13519999999994,0.0
22.020659999999907,弃电吸收区,-22.020659999999907,0.0
22.32287999999994,弃电吸收区,-22.32287999999994,0.0
21.95396000000005,弃电吸收区,-21.95396000000005,0.0
22.24743999999987,弃电吸收区,-22.24743999999987,0.0
21.888180000000037,弃电吸收区,-21.888180000000037,0.0
22.201900000000023,弃电吸收区,-22.201900000000023,0.0
53.43221999999997,弃电吸收区,-53.43221999999997,0.0
45.896040000000085,弃电吸收区,-45.896040000000085,0.0
43.89780000000002,弃电吸收区,-43.89780000000002,0.0
51.82452000000001,弃电吸收区,-51.82452000000001,0.0
-46.379960000000096,降负荷减购电区,0.0,-46.379960000000096
-47.79860000000002,降负荷减购电区,0.0,-47.79860000000002
-24.49132000000003,降负荷减购电区,0.0,-24.49132000000003
-46.38088000000005,降负荷减购电区,0.0,-46.38088000000005
-55.31407999999999,降负荷减购电区,0.0,-55.31407999999999
-90.49764,降负荷减购电区,0.0,-90.49764
-69.71345999999994,降负荷减购电区,0.0,-69.71345999999994
-76.83564000000001,降负荷减购电区,0.0,-76.83564000000001
-51.62671999999998,降负荷减购电区,0.0,-51.62671999999998
-44.27362,降负荷减购电区,0.0,-44.27362
-20.15397999999999,降负荷减购电区,0.0,-20.15397999999999
22.35048000000006,弃电吸收区,-22.35048000000006,0.0
22.20327999999995,弃电吸收区,-22.20327999999995,0.0
22.183040000000005,弃电吸收区,-22.183040000000005,0.0
22.13289999999995,弃电吸收区,-22.13289999999995,0.0
22.13243999999997,弃电吸收区,-22.13243999999997,0.0
22.18074000000001,弃电吸收区,-22.18074000000001,0.0
22.108060000000023,弃电吸收区,-22.108060000000023,0.0
22.07493999999997,弃电吸收区,-22.07493999999997,0.0
22.283320000000003,弃电吸收区,-22.283320000000003,0.0
-17.525999999999954,降负荷减购电区,0.0,-17.525999999999954
-39.896720000000016,降负荷减购电区,0.0,-39.896720000000016
-42.98055999999997,降负荷减购电区,0.0,-42.98055999999997
-26.96611999999999,降负荷减购电区,0.0,-26.96611999999999
-15.98592000000002,降负荷减购电区,0.0,-15.98592000000002
-10.77503999999999,降负荷减购电区,0.0,-10.77503999999999
-23.217120000000023,降负荷减购电区,0.0,-23.217120000000023
-22.177520000000072,降负荷减购电区,0.0,-22.177520000000072
-22.03998000000001,降负荷减购电区,0.0,-22.03998000000001
-33.26903999999996,降负荷减购电区,0.0,-33.26903999999996
-29.384799999999984,降负荷减购电区,0.0,-29.384799999999984
-53.25558000000001,降负荷减购电区,0.0,-53.25558000000001
-40.72379999999998,降负荷减购电区,0.0,-40.72379999999998
59.34965999999997,弃电吸收区,-59.34965999999997,0.0
46.43608000000006,弃电吸收区,-46.43608000000006,0.0
-10.583220000000097,降负荷减购电区,0.0,-10.583220000000097
21.760760000000005,弃电吸收区,-21.760760000000005,0.0
21.547320000000013,弃电吸收区,-21.547320000000013,0.0
-6.426199999999994,降负荷减购电区,0.0,-6.426199999999994
-18.74729999999988,降负荷减购电区,0.0,-18.74729999999988
-30.99617999999998,降负荷减购电区,0.0,-30.99617999999998
-32.977859999999964,降负荷减购电区,0.0,-32.977859999999964
-32.62780000000004,降负荷减购电区,0.0,-32.62780000000004
-24.006020000000035,降负荷减购电区,0.0,-24.006020000000035
-19.79058000000009,降负荷减购电区,0.0,-19.79058000000009
-12.39792,降负荷减购电区,0.0,-12.39792
-25.566799999999944,降负荷减购电区,0.0,-25.566799999999944
-28.44225999999992,降负荷减购电区,0.0,-28.44225999999992
-50.42520000000008,降负荷减购电区,0.0,-50.42520000000008
-72.49232000000006,降负荷减购电区,0.0,-72.49232000000006
-65.40188,降负荷减购电区,0.0,-65.40188
-46.883200000000016,降负荷减购电区,0.0,-46.883200000000016
-35.44576000000001,降负荷减购电区,0.0,-35.44576000000001
-21.23590000000001,降负荷减购电区,0.0,-21.23590000000001
-36.22039999999993,降负荷减购电区,0.0,-36.22039999999993
66.10153999999994,弃电吸收区,-66.10153999999994,0.0
-28.996559999999988,降负荷减购电区,0.0,-28.996559999999988
56.12184000000013,弃电吸收区,-56.12184000000013,0.0
52.907820000000015,弃电吸收区,-52.907820000000015,0.0
22.338520000000017,弃电吸收区,-22.338520000000017,0.0
21.9144,弃电吸收区,-21.9144,0.0
22.191779999999994,弃电吸收区,-22.191779999999994,0.0
22.30815999999993,弃电吸收区,-22.30815999999993,0.0
22.334839999999986,弃电吸收区,-22.334839999999986,0.0
20.75060000000008,弃电吸收区,-20.75060000000008,0.0
-30.150699999999915,降负荷减购电区,0.0,-30.150699999999915
-26.00196,降负荷减购电区,0.0,-26.00196
-24.09204,降负荷减购电区,0.0,-24.09204
-19.384400000000028,降负荷减购电区,0.0,-19.384400000000028
-71.47480000000002,降负荷减购电区,0.0,-71.47480000000002
-68.98527999999993,降负荷减购电区,0.0,-68.98527999999993
-76.08308000000005,降负荷减购电区,0.0,-76.08308000000005
-55.68667999999997,降负荷减购电区,0.0,-55.68667999999997
-54.04632000000004,降负荷减购电区,0.0,-54.04632000000004
-60.20663999999999,降负荷减购电区,0.0,-60.20663999999999
44.115839999999935,弃电吸收区,-44.115839999999935,0.0
65.49756000000002,弃电吸收区,-65.49756000000002,0.0
69.10718000000003,弃电吸收区,-69.10718000000003,0.0
67.62322,弃电吸收区,-67.62322,0.0
80.02942000000002,弃电吸收区,-80.02942000000002,0.0
95.21125999999988,弃电吸收区,-95.21125999999988,0.0
87.36503999999991,弃电吸收区,-87.36503999999991,0.0
35.33168000000012,弃电吸收区,-35.33168000000012,0.0
22.336679999999888,弃电吸收区,-22.336679999999888,0.0
22.184879999999907,弃电吸收区,-22.184879999999907,0.0
-9.08039999999994,降负荷减购电区,0.0,-9.08039999999994
-18.120319999999992,降负荷减购电区,0.0,-18.120319999999992
22.353240000000028,弃电吸收区,-22.353240000000028,0.0
22.27641999999992,弃电吸收区,-22.27641999999992,0.0
21.48843999999997,弃电吸收区,-21.48843999999997,0.0
22.35140000000001,弃电吸收区,-22.35140000000001,0.0
21.09191999999996,弃电吸收区,-21.09191999999996,0.0
22.172000000000025,弃电吸收区,-22.172000000000025,0.0
72.49599999999992,弃电吸收区,-72.49599999999992,0.0
67.20140000000004,弃电吸收区,-67.20140000000004,0.0
65.21143999999998,弃电吸收区,-65.21143999999998,0.0
71.36669999999998,弃电吸收区,-71.36669999999998,0.0
72.95416,弃电吸收区,-72.95416,0.0
98.85169999999994,弃电吸收区,-98.85169999999994,0.0
-5.799680000000024,降负荷减购电区,0.0,-5.799680000000024
-8.36280000000005,降负荷减购电区,0.0,-8.36280000000005
-7.432219999999972,降负荷减购电区,0.0,-7.432219999999972
-8.553699999999992,降负荷减购电区,0.0,-8.553699999999992
-6.391700000000014,降负荷减购电区,0.0,-6.391700000000014
-25.05528000000004,降负荷减购电区,0.0,-25.05528000000004
-23.67712,降负荷减购电区,0.0,-23.67712
-23.62928000000005,降负荷减购电区,0.0,-23.62928000000005
-53.40048000000007,降负荷减购电区,0.0,-53.40048000000007
22.18119999999999,弃电吸收区,-22.18119999999999,0.0
22.218000000000075,弃电吸收区,-22.218000000000075,0.0
21.47969999999998,弃电吸收区,-21.47969999999998,0.0
21.932800000000043,弃电吸收区,-21.932800000000043,0.0
22.21340000000009,弃电吸收区,-22.21340000000009,0.0
-13.457760000000007,降负荷减购电区,0.0,-13.457760000000007
22.11081999999999,弃电吸收区,-22.11081999999999,0.0
21.417600000000107,弃电吸收区,-21.417600000000107,0.0
22.167400000000043,弃电吸收区,-22.167400000000043,0.0
54.576239999999984,弃电吸收区,-54.576239999999984,0.0
61.18459999999999,弃电吸收区,-61.18459999999999,0.0
60.19605999999999,弃电吸收区,-60.19605999999999,0.0
71.61279999999994,弃电吸收区,-71.61279999999994,0.0
61.07143999999988,弃电吸收区,-61.07143999999988,0.0
-32.521540000000016,降负荷减购电区,0.0,-32.521540000000016
-46.91724000000005,降负荷减购电区,0.0,-46.91724000000005
-65.65120000000002,降负荷减购电区,0.0,-65.65120000000002
-61.08064000000002,降负荷减购电区,0.0,-61.08064000000002
47.47751999999997,弃电吸收区,-47.47751999999997,0.0
63.35395999999997,弃电吸收区,-63.35395999999997,0.0
62.02869999999996,弃电吸收区,-62.02869999999996,0.0
39.86176,弃电吸收区,-39.86176,0.0
53.73306000000002,弃电吸收区,-53.73306000000002,0.0
22.3113800000001,弃电吸收区,-22.3113800000001,0.0
22.30815999999993,弃电吸收区,-22.30815999999993,0.0
22.09978000000001,弃电吸收区,-22.09978000000001,0.0
22.285160000000133,弃电吸收区,-22.285160000000133,0.0
22.195460000000026,弃电吸收区,-22.195460000000026,0.0
22.12462000000005,弃电吸收区,-22.12462000000005,0.0
21.94475999999997,弃电吸收区,-21.94475999999997,0.0
22.247439999999983,弃电吸收区,-22.247439999999983,0.0
25.23652000000004,弃电吸收区,-25.23652000000004,0.0
38.78075999999999,弃电吸收区,-38.78075999999999,0.0
46.25070000000005,弃电吸收区,-46.25070000000005,0.0
68.15129999999999,弃电吸收区,-68.15129999999999,0.0
79.82563999999991,弃电吸收区,-79.82563999999991,0.0
107.48314,弃电吸收区,-107.48314,0.0
-20.722080000000005,降负荷减购电区,0.0,-20.722080000000005
-55.68943999999999,降负荷减购电区,0.0,-55.68943999999999
-56.87624,降负荷减购电区,0.0,-56.87624
-47.21440000000001,降负荷减购电区,0.0,-47.21440000000001
-43.91159999999997,降负荷减购电区,0.0,-43.91159999999997
-38.28902,降负荷减购电区,0.0,-38.28902
-61.135380000000055,降负荷减购电区,0.0,-61.135380000000055
-31.67928000000001,降负荷减购电区,0.0,-31.67928000000001
-35.52672000000001,降负荷减购电区,0.0,-35.52672000000001
-32.47599999999994,降负荷减购电区,0.0,-32.47599999999994
-28.118879999999933,降负荷减购电区,0.0,-28.118879999999933
-28.486879999999985,降负荷减购电区,0.0,-28.486879999999985
22.235019999999963,弃电吸收区,-22.235019999999963,0.0
22.34956,弃电吸收区,-22.34956,0.0
22.30079999999998,弃电吸收区,-22.30079999999998,0.0
22.28884000000005,弃电吸收区,-22.28884000000005,0.0
22.28010000000006,弃电吸收区,-22.28010000000006,0.0
-15.281200000000013,降负荷减购电区,0.0,-15.281200000000013
-16.510319999999922,降负荷减购电区,0.0,-16.510319999999922
-14.52496000000002,降负荷减购电区,0.0,-14.52496000000002
-16.777120000000025,降负荷减购电区,0.0,-16.777120000000025
-18.186560000000043,降负荷减购电区,0.0,-18.186560000000043
-12.682659999999998,降负荷减购电区,0.0,-12.682659999999998
-5.757360000000006,降负荷减购电区,0.0,-5.757360000000006
-6.419760000000053,降负荷减购电区,0.0,-6.419760000000053
-5.673639999999978,降负荷减购电区,0.0,-5.673639999999978
54.33841999999999,弃电吸收区,-54.33841999999999,0.0
45.95537999999999,弃电吸收区,-45.95537999999999,0.0
30.372879999999952,弃电吸收区,-30.372879999999952,0.0
28.53977999999995,弃电吸收区,-28.53977999999995,0.0
28.689739999999915,弃电吸收区,-28.689739999999915,0.0
34.46273999999994,弃电吸收区,-34.46273999999994,0.0
60.03735999999998,弃电吸收区,-60.03735999999998,0.0
22.33299999999997,弃电吸收区,-22.33299999999997,0.0
22.09701999999993,弃电吸收区,-22.09701999999993,0.0
22.258019999999988,弃电吸收区,-22.258019999999988,0.0
22.25756000000001,弃电吸收区,-22.25756000000001,0.0
22.23271999999997,弃电吸收区,-22.23271999999997,0.0
-8.550479999999993,降负荷减购电区,0.0,-8.550479999999993
-7.218319999999949,降负荷减购电区,0.0,-7.218319999999949
-4.152880000000096,降负荷减购电区,0.0,-4.152880000000096
-30.44096000000002,降负荷减购电区,0.0,-30.44096000000002
-27.397139999999865,降负荷减购电区,0.0,-27.397139999999865
-59.55712,降负荷减购电区,0.0,-59.55712
-14.840520000000026,降负荷减购电区,0.0,-14.840520000000026
67.51971999999995,弃电吸收区,-67.51971999999995,0.0
71.65603999999996,弃电吸收区,-71.65603999999996,0.0
74.75644,弃电吸收区,-74.75644,0.0
78.76211999999998,弃电吸收区,-78.76211999999998,0.0
81.59848,弃电吸收区,-81.59848,0.0
69.70840000000004,弃电吸收区,-69.70840000000004,0.0
50.45233999999988,弃电吸收区,-50.45233999999988,0.0
51.28125999999992,弃电吸收区,-51.28125999999992,0.0
51.77437999999995,弃电吸收区,-51.77437999999995,0.0
51.40039999999999,弃电吸收区,-51.40039999999999,0.0
53.700399999999945,弃电吸收区,-53.700399999999945,0.0
48.13945999999999,弃电吸收区,-48.13945999999999,0.0
50.78538000000003,弃电吸收区,-50.78538000000003,0.0
22.11818000000005,弃电吸收区,-22.11818000000005,0.0
22.287919999999986,弃电吸收区,-22.287919999999986,0.0
22.284700000000043,弃电吸收区,-22.284700000000043,0.0
22.35232000000008,弃电吸收区,-22.35232000000008,0.0
21.84999999999991,弃电吸收区,-21.84999999999991,0.0
22.212480000000028,弃电吸收区,-22.212480000000028,0.0
22.25710000000004,弃电吸收区,-22.25710000000004,0.0
22.35554000000002,弃电吸收区,-22.35554000000002,0.0
22.337599999999952,弃电吸收区,-22.337599999999952,0.0
21.99950000000001,弃电吸收区,-21.99950000000001,0.0
29.573399999999992,弃电吸收区,-29.573399999999992,0.0
-19.72525999999999,降负荷减购电区,0.0,-19.72525999999999
-66.80763999999999,降负荷减购电区,0.0,-66.80763999999999
-67.58733999999998,降负荷减购电区,0.0,-67.58733999999998
-48.13808,降负荷减购电区,0.0,-48.13808
42.82507999999996,弃电吸收区,-42.82507999999996,0.0
51.20443999999998,弃电吸收区,-51.20443999999998,0.0
36.13483999999988,弃电吸收区,-36.13483999999988,0.0
52.81582000000003,弃电吸收区,-52.81582000000003,0.0
52.85445999999996,弃电吸收区,-52.85445999999996,0.0
52.59456,弃电吸收区,-52.59456,0.0
49.89114000000001,弃电吸收区,-49.89114000000001,0.0
47.58377999999993,弃电吸收区,-47.58377999999993,0.0
34.72494000000006,弃电吸收区,-34.72494000000006,0.0
22.20512000000008,弃电吸收区,-22.20512000000008,0.0
21.732240000000047,弃电吸收区,-21.732240000000047,0.0
22.25296000000003,弃电吸收区,-22.25296000000003,0.0
22.32288000000005,弃电吸收区,-22.32288000000005,0.0
22.026179999999957,弃电吸收区,-22.026179999999957,0.0
20.94241999999997,弃电吸收区,-20.94241999999997,0.0
22.314599999999928,弃电吸收区,-22.314599999999928,0.0
22.25526000000002,弃电吸收区,-22.25526000000002,0.0
20.73404000000005,弃电吸收区,-20.73404000000005,0.0
22.295280000000048,弃电吸收区,-22.295280000000048,0.0
79.2695,弃电吸收区,-79.2695,0.0
44.9144,弃电吸收区,-44.9144,0.0
57.21479999999997,弃电吸收区,-57.21479999999997,0.0
27.925680000000057,弃电吸收区,-27.925680000000057,0.0
26.86583999999999,弃电吸收区,-26.86583999999999,0.0
60.80555999999996,弃电吸收区,-60.80555999999996,0.0
78.0367,弃电吸收区,-78.0367,0.0
80.88732000000005,弃电吸收区,-80.88732000000005,0.0
97.70445999999993,弃电吸收区,-97.70445999999993,0.0
-4.344239999999957,降负荷减购电区,0.0,-4.344239999999957
-21.539500000000032,降负荷减购电区,0.0,-21.539500000000032
-19.820480000000032,降负荷减购电区,0.0,-19.820480000000032
-26.969799999999964,降负荷减购电区,0.0,-26.969799999999964
-10.124140000000068,降负荷减购电区,0.0,-10.124140000000068
-3.7867199999999457,降负荷减购电区,0.0,-3.7867199999999457
22.29251999999985,弃电吸收区,-22.29251999999985,0.0
22.02940000000001,弃电吸收区,-22.02940000000001,0.0
21.244640000000004,弃电吸收区,-21.244640000000004,0.0
22.35140000000013,弃电吸收区,-22.35140000000013,0.0
21.690839999999863,弃电吸收区,-21.690839999999863,0.0
22.15544,弃电吸收区,-22.15544,0.0
22.29343999999992,弃电吸收区,-22.29343999999992,0.0
22.169700000000034,弃电吸收区,-22.169700000000034,0.0
35.95543999999995,弃电吸收区,-35.95543999999995,0.0
42.25974000000008,弃电吸收区,-42.25974000000008,0.0
51.22559999999999,弃电吸收区,-51.22559999999999,0.0
62.251799999999946,弃电吸收区,-62.251799999999946,0.0
63.03149999999994,弃电吸收区,-63.03149999999994,0.0
61.76281999999992,弃电吸收区,-61.76281999999992,0.0
64.41518000000002,弃电吸收区,-64.41518000000002,0.0
63.159380000000056,弃电吸收区,-63.159380000000056,0.0
56.99354000000005,弃电吸收区,-56.99354000000005,0.0
61.61608000000001,弃电吸收区,-61.61608000000001,0.0
59.9932,弃电吸收区,-59.9932,0.0
65.05228000000005,弃电吸收区,-65.05228000000005,0.0
66.41480000000001,弃电吸收区,-66.41480000000001,0.0
49.98452000000009,弃电吸收区,-49.98452000000009,0.0
49.59214000000003,弃电吸收区,-49.59214000000003,0.0
22.335759999999937,弃电吸收区,-22.335759999999937,0.0
22.309080000000108,弃电吸收区,-22.309080000000108,0.0
22.08735999999999,弃电吸收区,-22.08735999999999,0.0
21.64391999999998,弃电吸收区,-21.64391999999998,0.0
21.81826000000001,弃电吸收区,-21.81826000000001,0.0
21.112620000000103,弃电吸收区,-21.112620000000103,0.0
-10.394159999999944,降负荷减购电区,0.0,-10.394159999999944
-15.588480000000004,降负荷减购电区,0.0,-15.588480000000004
-16.504800000000046,降负荷减购电区,0.0,-16.504800000000046
-22.44247999999993,降负荷减购电区,0.0,-22.44247999999993
-21.02706000000001,降负荷减购电区,0.0,-21.02706000000001
88.72111999999998,弃电吸收区,-88.72111999999998,0.0
110.03476,弃电吸收区,-110.03476,0.0
113.90888,弃电吸收区,-113.90888,0.0
115.97703999999992,弃电吸收区,-115.97703999999992,0.0
114.11633999999998,弃电吸收区,-114.11633999999998,0.0
-12.67392000000001,降负荷减购电区,0.0,-12.67392000000001
-34.12004000000002,降负荷减购电区,0.0,-34.12004000000002
-30.83839999999998,降负荷减购电区,0.0,-30.83839999999998
-20.46172000000001,降负荷减购电区,0.0,-20.46172000000001
-10.27915999999999,降负荷减购电区,0.0,-10.27915999999999
-35.30132000000003,降负荷减购电区,0.0,-35.30132000000003
-14.591200000000017,降负荷减购电区,0.0,-14.591200000000017
22.19132000000002,弃电吸收区,-22.19132000000002,0.0
21.921760000000063,弃电吸收区,-21.921760000000063,0.0
-24.731439999999964,降负荷减购电区,0.0,-24.731439999999964
-16.040200000000027,降负荷减购电区,0.0,-16.040200000000027
22.28239999999994,弃电吸收区,-22.28239999999994,0.0
22.270440000000008,弃电吸收区,-22.270440000000008,0.0
22.26170000000002,弃电吸收区,-22.26170000000002,0.0
22.09334000000001,弃电吸收区,-22.09334000000001,0.0
22.09609999999998,弃电吸收区,-22.09609999999998,0.0
21.992140000000063,弃电吸收区,-21.992140000000063,0.0
34.301739999999995,弃电吸收区,-34.301739999999995,0.0
-14.164780000000064,降负荷减购电区,0.0,-14.164780000000064
-6.382959999999969,降负荷减购电区,0.0,-6.382959999999969
71.44490000000008,弃电吸收区,-71.44490000000008,0.0
62.73112000000009,弃电吸收区,-62.73112000000009,0.0
57.18536,弃电吸收区,-57.18536,0.0
65.57530000000008,弃电吸收区,-65.57530000000008,0.0
67.58043999999995,弃电吸收区,-67.58043999999995,0.0
61.87184000000002,弃电吸收区,-61.87184000000002,0.0
69.64951999999988,弃电吸收区,-69.64951999999988,0.0
78.20920000000007,弃电吸收区,-78.20920000000007,0.0
75.03612000000004,弃电吸收区,-75.03612000000004,0.0
77.62316000000004,弃电吸收区,-77.62316000000004,0.0
56.044100000000014,弃电吸收区,-56.044100000000014,0.0
22.07953999999995,弃电吸收区,-22.07953999999995,0.0
-27.19290000000001,降负荷减购电区,0.0,-27.19290000000001
-25.89385999999996,降负荷减购电区,0.0,-25.89385999999996
21.66967999999997,弃电吸收区,-21.66967999999997,0.0
22.18993999999998,弃电吸收区,-22.18993999999998,0.0
20.704599999999918,弃电吸收区,-20.704599999999918,0.0
22.197760000000017,弃电吸收区,-22.197760000000017,0.0
21.0634,弃电吸收区,-21.0634,0.0
22.33024000000012,弃电吸收区,-22.33024000000012,0.0
22.036299999999983,弃电吸收区,-22.036299999999983,0.0
39.78862000000004,弃电吸收区,-39.78862000000004,0.0
51.86131999999986,弃电吸收区,-51.86131999999986,0.0
79.6214,弃电吸收区,-79.6214,0.0
-4.4123200000000224,降负荷减购电区,0.0,-4.4123200000000224
-9.891840000000002,降负荷减购电区,0.0,-9.891840000000002
-24.81239999999997,降负荷减购电区,0.0,-24.81239999999997
-23.09015999999997,降负荷减购电区,0.0,-23.09015999999997
-20.409279999999967,降负荷减购电区,0.0,-20.409279999999967
-9.283259999999984,降负荷减购电区,0.0,-9.283259999999984
-19.680639999999983,降负荷减购电区,0.0,-19.680639999999983
-11.21387999999996,降负荷减购电区,0.0,-11.21387999999996
105.72639999999996,弃电吸收区,-105.72639999999996,0.0
109.89538,弃电吸收区,-109.89538,0.0
95.78212000000002,弃电吸收区,-95.78212000000002,0.0
32.4479399999999,弃电吸收区,-32.4479399999999,0.0
24.550200000000014,弃电吸收区,-24.550200000000014,0.0
22.168319999999994,弃电吸收区,-22.168319999999994,0.0
21.81136000000004,弃电吸收区,-21.81136000000004,0.0
22.229960000000005,弃电吸收区,-22.229960000000005,0.0
22.05009999999993,弃电吸收区,-22.05009999999993,0.0
21.666000000000054,弃电吸收区,-21.666000000000054,0.0
22.199140000000057,弃电吸收区,-22.199140000000057,0.0
22.171999999999912,弃电吸收区,-22.171999999999912,0.0
22.22904000000005,弃电吸收区,-22.22904000000005,0.0
32.13652000000002,弃电吸收区,-32.13652000000002,0.0
64.90968000000004,弃电吸收区,-64.90968000000004,0.0
68.15636,弃电吸收区,-68.15636,0.0
93.95316000000008,弃电吸收区,-93.95316000000008,0.0
101.68529999999998,弃电吸收区,-101.68529999999998,0.0
-14.68871999999999,降负荷减购电区,0.0,-14.68871999999999
-17.011259999999993,降负荷减购电区,0.0,-17.011259999999993
-17.362240000000043,降负荷减购电区,0.0,-17.362240000000043
-22.79759999999999,降负荷减购电区,0.0,-22.79759999999999
-18.629079999999988,降负荷减购电区,0.0,-18.629079999999988
-17.869160000000022,降负荷减购电区,0.0,-17.869160000000022
55.22944000000007,弃电吸收区,-55.22944000000007,0.0
53.90969999999999,弃电吸收区,-53.90969999999999,0.0
57.6628399999999,弃电吸收区,-57.6628399999999,0.0
59.03225999999995,弃电吸收区,-59.03225999999995,0.0
23.896079999999984,弃电吸收区,-23.896079999999984,0.0
22.34956,弃电吸收区,-22.34956,0.0
22.200060000000008,弃电吸收区,-22.200060000000008,0.0
-9.874360000000024,降负荷减购电区,0.0,-9.874360000000024
-10.7575599999999,降负荷减购电区,0.0,-10.7575599999999
22.203739999999925,弃电吸收区,-22.203739999999925,0.0
22.283320000000003,弃电吸收区,-22.283320000000003,0.0
22.174300000000017,弃电吸收区,-22.174300000000017,0.0
22.20327999999995,弃电吸收区,-22.20327999999995,0.0
60.92055999999991,弃电吸收区,-60.92055999999991,0.0
54.66180000000003,弃电吸收区,-54.66180000000003,0.0
67.02889999999996,弃电吸收区,-67.02889999999996,0.0
77.05689999999998,弃电吸收区,-77.05689999999998,0.0
76.95754000000005,弃电吸收区,-76.95754000000005,0.0
90.53076,弃电吸收区,-90.53076,0.0
98.86872,弃电吸收区,-98.86872,0.0
-9.571680000000017,降负荷减购电区,0.0,-9.571680000000017
-6.336040000000025,降负荷减购电区,0.0,-6.336040000000025
-4.910500000000013,降负荷减购电区,0.0,-4.910500000000013
-5.886159999999961,降负荷减购电区,0.0,-5.886159999999961
-11.994960000000049,降负荷减购电区,0.0,-11.994960000000049
-35.73556000000002,降负荷减购电区,0.0,-35.73556000000002
-39.12575999999996,降负荷减购电区,0.0,-39.12575999999996
-62.12759999999992,降负荷减购电区,0.0,-62.12759999999992
-43.429520000000025,降负荷减购电区,0.0,-43.429520000000025
-39.26467999999994,降负荷减购电区,0.0,-39.26467999999994
-43.66273999999999,降负荷减购电区,0.0,-43.66273999999999
-42.1617599999999,降负荷减购电区,0.0,-42.1617599999999
-85.27112,降负荷减购电区,0.0,-85.27112
-109.49564000000004,降负荷减购电区,0.0,-109.49564000000004
-88.81495999999999,降负荷减购电区,0.0,-88.81495999999999
-83.93803999999994,降负荷减购电区,0.0,-83.93803999999994
-65.29607999999996,降负荷减购电区,0.0,-65.29607999999996
-37.90584000000001,降负荷减购电区,0.0,-37.90584000000001
-24.37080000000003,降负荷减购电区,0.0,-24.37080000000003
-26.73658000000006,降负荷减购电区,0.0,-26.73658000000006
-32.136979999999994,降负荷减购电区,0.0,-32.136979999999994
-21.08087999999998,降负荷减购电区,0.0,-21.08087999999998
60.50793999999996,弃电吸收区,-60.50793999999996,0.0
48.45594,弃电吸收区,-48.45594,0.0
49.92333999999994,弃电吸收区,-49.92333999999994,0.0
64.97868,弃电吸收区,-64.97868,0.0
67.21336000000002,弃电吸收区,-67.21336000000002,0.0
63.20354000000003,弃电吸收区,-63.20354000000003,0.0
67.18576000000002,弃电吸收区,-67.18576000000002,0.0
79.4581,弃电吸收区,-79.4581,0.0
69.59569999999997,弃电吸收区,-69.59569999999997,0.0
28.21962000000008,弃电吸收区,-28.21962000000008,0.0
26.97623999999996,弃电吸收区,-26.97623999999996,0.0
22.151759999999967,弃电吸收区,-22.151759999999967,0.0
22.342200000000048,弃电吸收区,-22.342200000000048,0.0
22.312759999999912,弃电吸收区,-22.312759999999912,0.0
21.990300000000047,弃电吸收区,-21.990300000000047,0.0
21.930039999999963,弃电吸收区,-21.930039999999963,0.0
22.264920000000075,弃电吸收区,-22.264920000000075,0.0
21.86839999999995,弃电吸收区,-21.86839999999995,0.0
22.164639999999963,弃电吸收区,-22.164639999999963,0.0
22.006399999999985,弃电吸收区,-22.006399999999985,0.0
74.43168000000003,弃电吸收区,-74.43168000000003,0.0
87.59044000000006,弃电吸收区,-87.59044000000006,0.0
95.36168000000008,弃电吸收区,-95.36168000000008,0.0
98.13777999999996,弃电吸收区,-98.13777999999996,0.0
-8.67192,降负荷减购电区,0.0,-8.67192
-39.14783999999997,降负荷减购电区,0.0,-39.14783999999997
-34.879039999999975,降负荷减购电区,0.0,-34.879039999999975
-9.450699999999983,降负荷减购电区,0.0,-9.450699999999983
-8.896400000000028,降负荷减购电区,0.0,-8.896400000000028
103.13522,弃电吸收区,-103.13522,0.0
103.73919999999998,弃电吸收区,-103.73919999999998,0.0
101.89965999999998,弃电吸收区,-101.89965999999998,0.0
57.028959999999984,弃电吸收区,-57.028959999999984,0.0
30.99249999999995,弃电吸收区,-30.99249999999995,0.0
21.778240000000096,弃电吸收区,-21.778240000000096,0.0
22.31092000000001,弃电吸收区,-22.31092000000001,0.0
-23.322459999999975,降负荷减购电区,0.0,-23.322459999999975
-22.970559999999978,降负荷减购电区,0.0,-22.970559999999978
-19.66224000000011,降负荷减购电区,0.0,-19.66224000000011
-21.158159999999956,降负荷减购电区,0.0,-21.158159999999956
-17.979559999999992,降负荷减购电区,0.0,-17.979559999999992
-22.80863999999997,降负荷减购电区,0.0,-22.80863999999997
-25.401199999999903,降负荷减购电区,0.0,-25.401199999999903
-22.91351999999995,降负荷减购电区,0.0,-22.91351999999995
-11.365679999999998,降负荷减购电区,0.0,-11.365679999999998
-12.421839999999976,降负荷减购电区,0.0,-12.421839999999976
-10.814140000000007,降负荷减购电区,0.0,-10.814140000000007
-15.41781999999995,降负荷减购电区,0.0,-15.41781999999995
-8.162240000000054,降负荷减购电区,0.0,-8.162240000000054
-26.293600000000023,降负荷减购电区,0.0,-26.293600000000023
49.016219999999976,弃电吸收区,-49.016219999999976,0.0
44.76995999999997,弃电吸收区,-44.76995999999997,0.0
44.394139999999936,弃电吸收区,-44.394139999999936,0.0
47.66105999999997,弃电吸收区,-47.66105999999997,0.0
60.941719999999975,弃电吸收区,-60.941719999999975,0.0
43.28737999999999,弃电吸收区,-43.28737999999999,0.0
61.30236000000002,弃电吸收区,-61.30236000000002,0.0
33.9387999999999,弃电吸收区,-33.9387999999999,0.0
22.27641999999992,弃电吸收区,-22.27641999999992,0.0
22.270899999999983,弃电吸收区,-22.270899999999983,0.0
22.275499999999965,弃电吸收区,-22.275499999999965,0.0
22.245599999999968,弃电吸收区,-22.245599999999968,0.0
21.439219999999978,弃电吸收区,-21.439219999999978,0.0
22.334839999999986,弃电吸收区,-22.334839999999986,0.0
22.194079999999985,弃电吸收区,-22.194079999999985,0.0
-6.625380000000064,降负荷减购电区,0.0,-6.625380000000064
21.75018,弃电吸收区,-21.75018,0.0
31.61487999999997,弃电吸收区,-31.61487999999997,0.0
48.42143999999996,弃电吸收区,-48.42143999999996,0.0
54.73079999999993,弃电吸收区,-54.73079999999993,0.0
64.32916,弃电吸收区,-64.32916,0.0
44.133320000000026,弃电吸收区,-44.133320000000026,0.0
45.44247999999999,弃电吸收区,-45.44247999999999,0.0
47.50005999999996,弃电吸收区,-47.50005999999996,0.0
53.68199999999996,弃电吸收区,-53.68199999999996,0.0
36.03639999999996,弃电吸收区,-36.03639999999996,0.0
39.255019999999945,弃电吸收区,-39.255019999999945,0.0
48.333579999999984,弃电吸收区,-48.333579999999984,0.0
-30.10838000000001,降负荷减购电区,0.0,-30.10838000000001
-54.43088,降负荷减购电区,0.0,-54.43088
-31.64937999999995,降负荷减购电区,0.0,-31.64937999999995
-43.22527999999994,降负荷减购电区,0.0,-43.22527999999994
-45.96872000000002,降负荷减购电区,0.0,-45.96872000000002
22.334839999999986,弃电吸收区,-22.334839999999986,0.0
21.86748,弃电吸收区,-21.86748,0.0
22.12415999999996,弃电吸收区,-22.12415999999996,0.0
21.778240000000096,弃电吸收区,-21.778240000000096,0.0
21.958099999999945,弃电吸收区,-21.958099999999945,0.0
21.568480000000022,弃电吸收区,-21.568480000000022,0.0
22.29849999999999,弃电吸收区,-22.29849999999999,0.0
21.43047999999999,弃电吸收区,-21.43047999999999,0.0
21.955799999999957,弃电吸收区,-21.955799999999957,0.0
48.61463999999995,弃电吸收区,-48.61463999999995,0.0
52.40779999999995,弃电吸收区,-52.40779999999995,0.0
41.69716,弃电吸收区,-41.69716,0.0
28.56737999999996,弃电吸收区,-28.56737999999996,0.0
35.13112000000001,弃电吸收区,-35.13112000000001,0.0
32.88999999999993,弃电吸收区,-32.88999999999993,0.0
28.11381999999992,弃电吸收区,-28.11381999999992,0.0
27.639099999999928,弃电吸收区,-27.639099999999928,0.0
48.47526000000005,弃电吸收区,-48.47526000000005,0.0
58.49267999999995,弃电吸收区,-58.49267999999995,0.0
71.89891999999998,弃电吸收区,-71.89891999999998,0.0
78.02014000000003,弃电吸收区,-78.02014000000003,0.0
50.27201999999994,弃电吸收区,-50.27201999999994,0.0
30.98237999999992,弃电吸收区,-30.98237999999992,0.0
21.860579999999917,弃电吸收区,-21.860579999999917,0.0
21.20829999999989,弃电吸收区,-21.20829999999989,0.0
22.333920000000035,弃电吸收区,-22.333920000000035,0.0
22.315979999999968,弃电吸收区,-22.315979999999968,0.0
22.315060000000017,弃电吸收区,-22.315060000000017,0.0
22.338979999999992,弃电吸收区,-22.338979999999992,0.0
-27.642319999999984,降负荷减购电区,0.0,-27.642319999999984
-25.783919999999966,降负荷减购电区,0.0,-25.783919999999966
-25.97389999999996,降负荷减购电区,0.0,-25.97389999999996
36.19279999999992,弃电吸收区,-36.19279999999992,0.0
70.96374000000003,弃电吸收区,-70.96374000000003,0.0
75.13870000000009,弃电吸收区,-75.13870000000009,0.0
77.00399999999996,弃电吸收区,-77.00399999999996,0.0
54.29380000000003,弃电吸收区,-54.29380000000003,0.0
56.57448,弃电吸收区,-56.57448,0.0
71.07920000000007,弃电吸收区,-71.07920000000007,0.0
62.15197999999998,弃电吸收区,-62.15197999999998,0.0
40.814419999999984,弃电吸收区,-40.814419999999984,0.0
38.50752,弃电吸收区,-38.50752,0.0
43.6103,弃电吸收区,-43.6103,0.0
44.802160000000015,弃电吸收区,-44.802160000000015,0.0
54.22387999999995,弃电吸收区,-54.22387999999995,0.0
73.23659999999995,弃电吸收区,-73.23659999999995,0.0
23.070839999999976,弃电吸收区,-23.070839999999976,0.0
22.281479999999988,弃电吸收区,-22.281479999999988,0.0
22.0533200000001,弃电吸收区,-22.0533200000001,0.0
21.878060000000005,弃电吸收区,-21.878060000000005,0.0
22.17522000000008,弃电吸收区,-22.17522000000008,0.0
-23.31831999999997,降负荷减购电区,0.0,-23.31831999999997
-38.79318000000006,降负荷减购电区,0.0,-38.79318000000006
-61.724639999999965,降负荷减购电区,0.0,-61.724639999999965
-46.65503999999999,降负荷减购电区,0.0,-46.65503999999999
-43.40191999999991,降负荷减购电区,0.0,-43.40191999999991
-32.07487999999995,降负荷减购电区,0.0,-32.07487999999995
85.13864000000007,弃电吸收区,-85.13864000000007,0.0
-41.97224,降负荷减购电区,0.0,-41.97224
-51.05586000000005,降负荷减购电区,0.0,-51.05586000000005
-44.72672,降负荷减购电区,0.0,-44.72672
-22.78656000000001,降负荷减购电区,0.0,-22.78656000000001
-19.932720000000018,降负荷减购电区,0.0,-19.932720000000018
-24.416800000000023,降负荷减购电区,0.0,-24.416800000000023
-34.98575999999997,降负荷减购电区,0.0,-34.98575999999997
-44.69819999999999,降负荷减购电区,0.0,-44.69819999999999
-42.80575999999991,降负荷减购电区,0.0,-42.80575999999991
-42.66914000000003,降负荷减购电区,0.0,-42.66914000000003
-26.58247999999992,降负荷减购电区,0.0,-26.58247999999992
82.12655999999998,弃电吸收区,-82.12655999999998,0.0
46.57960000000003,弃电吸收区,-46.57960000000003,0.0
22.144860000000108,弃电吸收区,-22.144860000000108,0.0
22.16095999999993,弃电吸收区,-22.16095999999993,0.0
21.92912000000001,弃电吸收区,-21.92912000000001,0.0
22.28516000000002,弃电吸收区,-22.28516000000002,0.0
22.290680000000066,弃电吸收区,-22.290680000000066,0.0
21.798939999999902,弃电吸收区,-21.798939999999902,0.0
22.212480000000028,弃电吸收区,-22.212480000000028,0.0
21.848619999999983,弃电吸收区,-21.848619999999983,0.0
-48.33956000000006,降负荷减购电区,0.0,-48.33956000000006
-50.47947999999991,降负荷减购电区,0.0,-50.47947999999991
-31.522879999999983,降负荷减购电区,0.0,-31.522879999999983
-25.62567999999993,降负荷减购电区,0.0,-25.62567999999993
-1.819760000000031,降负荷减购电区,0.0,-1.819760000000031
-3.810639999999921,降负荷减购电区,0.0,-3.810639999999921
-26.902639999999963,降负荷减购电区,0.0,-26.902639999999963
76.60885999999999,弃电吸收区,-76.60885999999999,0.0
74.26929999999999,弃电吸收区,-74.26929999999999,0.0
85.33184,弃电吸收区,-85.33184,0.0
102.30906,弃电吸收区,-102.30906,0.0
106.50012000000004,弃电吸收区,-106.50012000000004,0.0
101.53119999999996,弃电吸收区,-101.53119999999996,0.0
96.4873,弃电吸收区,-96.4873,0.0
98.59226,弃电吸收区,-98.59226,0.0
22.270900000000097,弃电吸收区,-22.270900000000097,0.0
22.24881999999991,弃电吸收区,-22.24881999999991,0.0
22.269059999999968,弃电吸收区,-22.269059999999968,0.0
21.92084,弃电吸收区,-21.92084,0.0
22.341280000000097,弃电吸收区,-22.341280000000097,0.0
21.873000000000047,弃电吸收区,-21.873000000000047,0.0
21.067540000000008,弃电吸收区,-21.067540000000008,0.0
22.351859999999988,弃电吸收区,-22.351859999999988,0.0
21.55330000000004,弃电吸收区,-21.55330000000004,0.0
22.2962,弃电吸收区,-22.2962,0.0
30.98007999999993,弃电吸收区,-30.98007999999993,0.0
33.48248000000001,弃电吸收区,-33.48248000000001,0.0
48.92099999999999,弃电吸收区,-48.92099999999999,0.0
56.78147999999993,弃电吸收区,-56.78147999999993,0.0
54.39638000000002,弃电吸收区,-54.39638000000002,0.0
58.30454000000003,弃电吸收区,-58.30454000000003,0.0
60.945859999999925,弃电吸收区,-60.945859999999925,0.0
67.23313999999999,弃电吸收区,-67.23313999999999,0.0
73.39989999999995,弃电吸收区,-73.39989999999995,0.0
81.06074000000001,弃电吸收区,-81.06074000000001,0.0
78.88264000000004,弃电吸收区,-78.88264000000004,0.0
79.94845999999995,弃电吸收区,-79.94845999999995,0.0
67.70004,弃电吸收区,-67.70004,0.0
61.19196,弃电吸收区,-61.19196,0.0
49.36214000000001,弃电吸收区,-49.36214000000001,0.0
22.32518000000016,弃电吸收区,-22.32518000000016,0.0
21.63426000000004,弃电吸收区,-21.63426000000004,0.0
22.338059999999928,弃电吸收区,-22.338059999999928,0.0
22.243759999999952,弃电吸收区,-22.243759999999952,0.0
22.355999999999995,弃电吸收区,-22.355999999999995,0.0
21.80860000000007,弃电吸收区,-21.80860000000007,0.0
-8.997600000000034,降负荷减购电区,0.0,-8.997600000000034
21.752020000000016,弃电吸收区,-21.752020000000016,0.0
-16.221439999999916,降负荷减购电区,0.0,-16.221439999999916
-13.213960000000045,降负荷减购电区,0.0,-13.213960000000045
-34.919520000000034,降负荷减购电区,0.0,-34.919520000000034
92.62882000000008,弃电吸收区,-92.62882000000008,0.0
67.38126,弃电吸收区,-67.38126,0.0
65.48192,弃电吸收区,-65.48192,0.0
63.583500000000015,弃电吸收区,-63.583500000000015,0.0
61.72832,弃电吸收区,-61.72832,0.0
68.44294000000002,弃电吸收区,-68.44294000000002,0.0
75.52832000000006,弃电吸收区,-75.52832000000006,0.0
78.59652,弃电吸收区,-78.59652,0.0
78.76764000000003,弃电吸收区,-78.76764000000003,0.0
79.53859999999997,弃电吸收区,-79.53859999999997,0.0
88.91708,弃电吸收区,-88.91708,0.0
42.17648000000008,弃电吸收区,-42.17648000000008,0.0
22.09886000000006,弃电吸收区,-22.09886000000006,0.0
20.855019999999968,弃电吸收区,-20.855019999999968,0.0
22.315979999999968,弃电吸收区,-22.315979999999968,0.0
21.28833999999995,弃电吸收区,-21.28833999999995,0.0
22.180279999999925,弃电吸收区,-22.180279999999925,0.0
22.15176000000008,弃电吸收区,-22.15176000000008,0.0
21.92497999999989,弃电吸收区,-21.92497999999989,0.0
21.11721999999997,弃电吸收区,-21.11721999999997,0.0
-33.06387999999998,降负荷减购电区,0.0,-33.06387999999998
-36.66568000000007,降负荷减购电区,0.0,-36.66568000000007
-78.48520000000002,降负荷减购电区,0.0,-78.48520000000002
30.637380000000007,弃电吸收区,-30.637380000000007,0.0
45.62831999999992,弃电吸收区,-45.62831999999992,0.0
75.15618000000012,弃电吸收区,-75.15618000000012,0.0
77.59234000000009,弃电吸收区,-77.59234000000009,0.0
79.58552000000003,弃电吸收区,-79.58552000000003,0.0
72.64503999999994,弃电吸收区,-72.64503999999994,0.0
-13.586559999999965,降负荷减购电区,0.0,-13.586559999999965
-21.75799999999998,降负荷减购电区,0.0,-21.75799999999998
-50.30743999999993,降负荷减购电区,0.0,-50.30743999999993
-53.60472000000004,降负荷减购电区,0.0,-53.60472000000004
-47.49223999999992,降负荷减购电区,0.0,-47.49223999999992
-22.39648,降负荷减购电区,0.0,-22.39648
71.31978000000004,弃电吸收区,-71.31978000000004,0.0
21.643919999999863,弃电吸收区,-21.643919999999863,0.0
22.319660000000116,弃电吸收区,-22.319660000000116,0.0
22.213859999999958,弃电吸收区,-22.213859999999958,0.0
-34.077260000000024,降负荷减购电区,0.0,-34.077260000000024
-36.65463999999997,降负荷减购电区,0.0,-36.65463999999997
-32.33339999999998,降负荷减购电区,0.0,-32.33339999999998
-33.648079999999936,降负荷减购电区,0.0,-33.648079999999936
-44.35503999999997,降负荷减购电区,0.0,-44.35503999999997
-31.165920000000146,降负荷减购电区,0.0,-31.165920000000146
-45.32104000000004,降负荷减购电区,0.0,-45.32104000000004
26.620660000000044,弃电吸收区,-26.620660000000044,0.0
46.09245999999996,弃电吸收区,-46.09245999999996,0.0
51.05815999999999,弃电吸收区,-51.05815999999999,0.0
47.27420000000001,弃电吸收区,-47.27420000000001,0.0
50.16208,弃电吸收区,-50.16208,0.0
56.39554000000004,弃电吸收区,-56.39554000000004,0.0
69.77786000000003,弃电吸收区,-69.77786000000003,0.0
73.14368000000002,弃电吸收区,-73.14368000000002,0.0
91.81784,弃电吸收区,-91.81784,0.0
-10.872559999999908,降负荷减购电区,0.0,-10.872559999999908
105.49824,弃电吸收区,-105.49824,0.0
101.66276000000003,弃电吸收区,-101.66276000000003,0.0
103.40477999999996,弃电吸收区,-103.40477999999996,0.0
95.11282000000006,弃电吸收区,-95.11282000000006,0.0
62.5075599999999,弃电吸收区,-62.5075599999999,0.0
22.271360000000072,弃电吸收区,-22.271360000000072,0.0
21.57400000000007,弃电吸收区,-21.57400000000007,0.0
22.010999999999967,弃电吸收区,-22.010999999999967,0.0
21.653119999999944,弃电吸收区,-21.653119999999944,0.0
21.838960000000043,弃电吸收区,-21.838960000000043,0.0
22.08644000000004,弃电吸收区,-22.08644000000004,0.0
22.2980399999999,弃电吸收区,-22.2980399999999,0.0
21.46727999999996,弃电吸收区,-21.46727999999996,0.0
-3.621120000000019,降负荷减购电区,0.0,-3.621120000000019
-6.569259999999986,降负荷减购电区,0.0,-6.569259999999986
-23.12879999999996,降负荷减购电区,0.0,-23.12879999999996
-22.57680000000005,降负荷减购电区,0.0,-22.57680000000005
-24.45360000000005,降负荷减购电区,0.0,-24.45360000000005
-22.311840000000014,降负荷减购电区,0.0,-22.311840000000014
-27.276160000000004,降负荷减购电区,0.0,-27.276160000000004
-18.164019999999997,降负荷减购电区,0.0,-18.164019999999997
-24.07087999999999,降负荷减购电区,0.0,-24.07087999999999
-27.248099999999965,降负荷减购电区,0.0,-27.248099999999965
-21.52339999999998,降负荷减购电区,0.0,-21.52339999999998
-53.11343999999997,降负荷减购电区,0.0,-53.11343999999997
-45.01007999999996,降负荷减购电区,0.0,-45.01007999999996
-30.909240000000068,降负荷减购电区,0.0,-30.909240000000068
-19.36967999999996,降负荷减购电区,0.0,-19.36967999999996
51.054940000000045,弃电吸收区,-51.054940000000045,0.0
22.188099999999963,弃电吸收区,-22.188099999999963,0.0
22.11311999999998,弃电吸收区,-22.11311999999998,0.0
22.333459999999945,弃电吸收区,-22.333459999999945,0.0
22.17154000000005,弃电吸收区,-22.17154000000005,0.0
22.27872000000002,弃电吸收区,-22.27872000000002,0.0
22.06205999999997,弃电吸收区,-22.06205999999997,0.0
22.278719999999907,弃电吸收区,-22.278719999999907,0.0
22.170159999999896,弃电吸收区,-22.170159999999896,0.0
22.287919999999986,弃电吸收区,-22.287919999999986,0.0
26.79591999999991,弃电吸收区,-26.79591999999991,0.0
79.32240000000002,弃电吸收区,-79.32240000000002,0.0
95.58984000000004,弃电吸收区,-95.58984000000004,0.0
99.76663999999994,弃电吸收区,-99.76663999999994,0.0
107.28166,弃电吸收区,-107.28166,0.0
104.85516,弃电吸收区,-104.85516,0.0
105.56493999999998,弃电吸收区,-105.56493999999998,0.0
-3.628020000000049,降负荷减购电区,0.0,-3.628020000000049
-40.36776000000003,降负荷减购电区,0.0,-40.36776000000003
-39.031920000000014,降负荷减购电区,0.0,-39.031920000000014
-17.204000000000008,降负荷减购电区,0.0,-17.204000000000008
52.89493999999996,弃电吸收区,-52.89493999999996,0.0
54.43088000000006,弃电吸收区,-54.43088000000006,0.0
69.95174000000003,弃电吸收区,-69.95174000000003,0.0
22.28699999999992,弃电吸收区,-22.28699999999992,0.0
22.102999999999952,弃电吸收区,-22.102999999999952,0.0
22.21432000000016,弃电吸收区,-22.21432000000016,0.0
22.292060000000102,弃电吸收区,-22.292060000000102,0.0
22.048260000000028,弃电吸收区,-22.048260000000028,0.0
22.094259999999963,弃电吸收区,-22.094259999999963,0.0
22.22903999999994,弃电吸收区,-22.22903999999994,0.0
21.499939999999924,弃电吸收区,-21.499939999999924,0.0
21.93647999999996,弃电吸收区,-21.93647999999996,0.0
21.910259999999997,弃电吸收区,-21.910259999999997,0.0
-22.52344000000005,降负荷减购电区,0.0,-22.52344000000005
-59.21855999999997,降负荷减购电区,0.0,-59.21855999999997
-53.38069999999999,降负荷减购电区,0.0,-53.38069999999999
-89.69632000000001,降负荷减购电区,0.0,-89.69632000000001
-67.65680000000003,降负荷减购电区,0.0,-67.65680000000003
-52.763840000000016,降负荷减购电区,0.0,-52.763840000000016
-73.13631999999998,降负荷减购电区,0.0,-73.13631999999998
-58.28935999999999,降负荷减购电区,0.0,-58.28935999999999
-70.19232,降负荷减购电区,0.0,-70.19232
-52.64700000000005,降负荷减购电区,0.0,-52.64700000000005
-39.41831999999994,降负荷减购电区,0.0,-39.41831999999994
53.37011999999999,弃电吸收区,-53.37011999999999,0.0
59.52353999999997,弃电吸收区,-59.52353999999997,0.0
62.84703999999999,弃电吸收区,-62.84703999999999,0.0
34.90755999999999,弃电吸收区,-34.90755999999999,0.0
22.355999999999995,弃电吸收区,-22.355999999999995,0.0
22.34818000000007,弃电吸收区,-22.34818000000007,0.0
22.18856000000005,弃电吸收区,-22.18856000000005,0.0
21.59838000000002,弃电吸收区,-21.59838000000002,0.0
21.99351999999999,弃电吸收区,-21.99351999999999,0.0
21.99490000000003,弃电吸收区,-21.99490000000003,0.0
22.35554000000002,弃电吸收区,-22.35554000000002,0.0
22.222599999999943,弃电吸收区,-22.222599999999943,0.0
22.09793999999988,弃电吸收区,-22.09793999999988,0.0
49.753140000000144,弃电吸收区,-49.753140000000144,0.0
49.86216000000008,弃电吸收区,-49.86216000000008,0.0
62.91880000000003,弃电吸收区,-62.91880000000003,0.0
65.22156000000001,弃电吸收区,-65.22156000000001,0.0
68.87902000000003,弃电吸收区,-68.87902000000003,0.0
73.97260000000006,弃电吸收区,-73.97260000000006,0.0
71.39890000000003,弃电吸收区,-71.39890000000003,0.0
44.17195999999996,弃电吸收区,-44.17195999999996,0.0
41.65898000000004,弃电吸收区,-41.65898000000004,0.0
48.66984000000008,弃电吸收区,-48.66984000000008,0.0
61.43023999999997,弃电吸收区,-61.43023999999997,0.0
62.315740000000005,弃电吸收区,-62.315740000000005,0.0
64.50120000000004,弃电吸收区,-64.50120000000004,0.0
49.815700000000106,弃电吸收区,-49.815700000000106,0.0
38.21496000000002,弃电吸收区,-38.21496000000002,0.0
22.310460000000035,弃电吸收区,-22.310460000000035,0.0
21.80860000000007,弃电吸收区,-21.80860000000007,0.0
22.077699999999936,弃电吸收区,-22.077699999999936,0.0
21.61310000000003,弃电吸收区,-21.61310000000003,0.0
21.91624000000013,弃电吸收区,-21.91624000000013,0.0
-25.01893999999993,降负荷减购电区,0.0,-25.01893999999993
-26.30372000000005,降负荷减购电区,0.0,-26.30372000000005
21.837580000000003,弃电吸收区,-21.837580000000003,0.0
-30.12631999999985,降负荷减购电区,0.0,-30.12631999999985
39.57104000000004,弃电吸收区,-39.57104000000004,0.0
52.12214,弃电吸收区,-52.12214,0.0
50.810220000000015,弃电吸收区,-50.810220000000015,0.0
69.05381999999997,弃电吸收区,-69.05381999999997,0.0
64.29971999999998,弃电吸收区,-64.29971999999998,0.0
-26.531420000000026,降负荷减购电区,0.0,-26.531420000000026
-27.331360000000014,降负荷减购电区,0.0,-27.331360000000014
-22.98298,降负荷减购电区,0.0,-22.98298
-23.594319999999986,降负荷减购电区,0.0,-23.594319999999986
-35.57824000000005,降负荷减购电区,0.0,-35.57824000000005
-23.448500000000024,降负荷减购电区,0.0,-23.448500000000024
-42.62819999999999,降负荷减购电区,0.0,-42.62819999999999
-40.20859999999999,降负荷减购电区,0.0,-40.20859999999999
-22.096559999999958,降负荷减购电区,0.0,-22.096559999999958
-25.005600000000012,降负荷减购电区,0.0,-25.005600000000012
-29.80984000000001,降负荷减购电区,0.0,-29.80984000000001
22.312760000000026,弃电吸收区,-22.312760000000026,0.0
22.175679999999943,弃电吸收区,-22.175679999999943,0.0
22.341280000000097,弃电吸收区,-22.341280000000097,0.0
22.29942000000005,弃电吸收区,-22.29942000000005,0.0
22.33668,弃电吸收区,-22.33668,0.0
22.12600000000009,弃电吸收区,-22.12600000000009,0.0
-8.07253999999989,降负荷减购电区,0.0,-8.07253999999989
-25.18223999999998,降负荷减购电区,0.0,-25.18223999999998
-22.413040000000024,降负荷减购电区,0.0,-22.413040000000024
-10.233619999999974,降负荷减购电区,0.0,-10.233619999999974
-13.220399999999984,降负荷减购电区,0.0,-13.220399999999984
-11.173400000000017,降负荷减购电区,0.0,-11.173400000000017
-22.468700000000013,降负荷减购电区,0.0,-22.468700000000013
-19.107939999999985,降负荷减购电区,0.0,-19.107939999999985
-24.85839999999996,降负荷减购电区,0.0,-24.85839999999996
-11.77600000000001,降负荷减购电区,0.0,-11.77600000000001
-8.90652,降负荷减购电区,0.0,-8.90652
-10.000400000000012,降负荷减购电区,0.0,-10.000400000000012
-8.579920000000016,降负荷减购电区,0.0,-8.579920000000016
67.78284000000008,弃电吸收区,-67.78284000000008,0.0
60.70896000000005,弃电吸收区,-60.70896000000005,0.0
74.07011999999992,弃电吸收区,-74.07011999999992,0.0
22.32150000000001,弃电吸收区,-22.32150000000001,0.0
-18.58215999999993,降负荷减购电区,0.0,-18.58215999999993
-15.915539999999964,降负荷减购电区,0.0,-15.915539999999964
-29.61203999999998,降负荷减购电区,0.0,-29.61203999999998
-23.27139999999997,降负荷减购电区,0.0,-23.27139999999997
-20.48195999999996,降负荷减购电区,0.0,-20.48195999999996
-3.64688000000001,降负荷减购电区,0.0,-3.64688000000001
-5.337840000000028,降负荷减购电区,0.0,-5.337840000000028
-14.123840000000088,降负荷减购电区,0.0,-14.123840000000088
-7.360919999999965,降负荷减购电区,0.0,-7.360919999999965
53.55044000000004,弃电吸收区,-53.55044000000004,0.0
84.80790000000002,弃电吸收区,-84.80790000000002,0.0
98.72611999999992,弃电吸收区,-98.72611999999992,0.0
116.13067999999998,弃电吸收区,-116.13067999999998,0.0
115.91815999999994,弃电吸收区,-115.91815999999994,0.0
112.76072,弃电吸收区,-112.76072,0.0
112.22022000000004,弃电吸收区,-112.22022000000004,0.0
110.47728,弃电吸收区,-110.47728,0.0
108.74768,弃电吸收区,-108.74768,0.0
96.0756,弃电吸收区,-96.0756,0.0
71.71722,弃电吸收区,-71.71722,0.0
62.45833999999997,弃电吸收区,-62.45833999999997,0.0
-33.87439999999998,降负荷减购电区,0.0,-33.87439999999998
-57.40983999999992,降负荷减购电区,0.0,-57.40983999999992
-58.939340000000016,降负荷减购电区,0.0,-58.939340000000016
-50.31617999999997,降负荷减购电区,0.0,-50.31617999999997
-55.70508000000001,降负荷减购电区,0.0,-55.70508000000001
-48.27055999999993,降负荷减购电区,0.0,-48.27055999999993
-49.67447999999996,降负荷减购电区,0.0,-49.67447999999996
-34.53357999999997,降负荷减购电区,0.0,-34.53357999999997
-21.03764000000001,降负荷减购电区,0.0,-21.03764000000001
-18.33191999999997,降负荷减购电区,0.0,-18.33191999999997
-36.13713999999999,降负荷减购电区,0.0,-36.13713999999999
-67.83942000000002,降负荷减购电区,0.0,-67.83942000000002
-61.45967999999999,降负荷减购电区,0.0,-61.45967999999999
59.98491999999993,弃电吸收区,-59.98491999999993,0.0
94.58427999999998,弃电吸收区,-94.58427999999998,0.0
103.24975999999998,弃电吸收区,-103.24975999999998,0.0
103.25113999999996,弃电吸收区,-103.25113999999996,0.0
106.46056,弃电吸收区,-106.46056,0.0
-25.89524,降负荷减购电区,0.0,-25.89524
-29.007599999999968,降负荷减购电区,0.0,-29.007599999999968
-27.21544,降负荷减购电区,0.0,-27.21544
-26.896199999999965,降负荷减购电区,0.0,-26.896199999999965
-43.68574000000001,降负荷减购电区,0.0,-43.68574000000001
-25.48032000000001,降负荷减购电区,0.0,-25.48032000000001
-24.714879999999997,降负荷减购电区,0.0,-24.714879999999997
37.48263999999995,弃电吸收区,-37.48263999999995,0.0
22.20695999999998,弃电吸收区,-22.20695999999998,0.0
22.229960000000005,弃电吸收区,-22.229960000000005,0.0
22.220299999999952,弃电吸收区,-22.220299999999952,0.0
21.8357400000001,弃电吸收区,-21.8357400000001,0.0
21.599759999999947,弃电吸收区,-21.599759999999947,0.0
22.288839999999936,弃电吸收区,-22.288839999999936,0.0
22.202360000000112,弃电吸收区,-22.202360000000112,0.0
21.99673999999993,弃电吸收区,-21.99673999999993,0.0
21.52155999999991,弃电吸收区,-21.52155999999991,0.0
22.3513999999999,弃电吸收区,-22.3513999999999,0.0
36.73422000000005,弃电吸收区,-36.73422000000005,0.0
47.19967999999989,弃电吸收区,-47.19967999999989,0.0
43.22114000000005,弃电吸收区,-43.22114000000005,0.0
50.92659999999995,弃电吸收区,-50.92659999999995,0.0
62.57564000000002,弃电吸收区,-62.57564000000002,0.0
94.93065999999988,弃电吸收区,-94.93065999999988,0.0
-26.991879999999924,降负荷减购电区,0.0,-26.991879999999924
-33.930060000000026,降负荷减购电区,0.0,-33.930060000000026
-24.005100000000027,降负荷减购电区,0.0,-24.005100000000027
-18.51821999999993,降负荷减购电区,0.0,-18.51821999999993
61.25497999999999,弃电吸收区,-61.25497999999999,0.0
26.35753999999997,弃电吸收区,-26.35753999999997,0.0
27.3125,弃电吸收区,-27.3125,0.0
46.90804000000003,弃电吸收区,-46.90804000000003,0.0
22.26491999999996,弃电吸收区,-22.26491999999996,0.0
22.255719999999883,弃电吸收区,-22.255719999999883,0.0
21.861960000000067,弃电吸收区,-21.861960000000067,0.0
-34.54462000000012,降负荷减购电区,0.0,-34.54462000000012
-39.53194000000008,降负荷减购电区,0.0,-39.53194000000008
-24.02534000000003,降负荷减购电区,0.0,-24.02534000000003
-15.10087999999996,降负荷减购电区,0.0,-15.10087999999996
-19.055959999999917,降负荷减购电区,0.0,-19.055959999999917
22.33576000000005,弃电吸收区,-22.33576000000005,0.0
22.25480000000005,弃电吸收区,-22.25480000000005,0.0
-23.443439999999956,降负荷减购电区,0.0,-23.443439999999956
65.88120000000009,弃电吸收区,-65.88120000000009,0.0
57.44387999999998,弃电吸收区,-57.44387999999998,0.0
92.01748000000003,弃电吸收区,-92.01748000000003,0.0
-19.80576000000002,降负荷减购电区,0.0,-19.80576000000002
-29.79788000000002,降负荷减购电区,0.0,-29.79788000000002
-9.847679999999968,降负荷减购电区,0.0,-9.847679999999968
-20.050479999999997,降负荷减购电区,0.0,-20.050479999999997
-18.310760000000016,降负荷减购电区,0.0,-18.310760000000016
-20.028399999999976,降负荷减购电区,0.0,-20.028399999999976
-24.6284,降负荷减购电区,0.0,-24.6284
-13.568159999999978,降负荷减购电区,0.0,-13.568159999999978
79.14299999999997,弃电吸收区,-79.14299999999997,0.0
66.29382000000004,弃电吸收区,-66.29382000000004,0.0
22.17935999999997,弃电吸收区,-22.17935999999997,0.0
21.75156000000004,弃电吸收区,-21.75156000000004,0.0
21.843099999999936,弃电吸收区,-21.843099999999936,0.0
-5.098179999999957,降负荷减购电区,0.0,-5.098179999999957
-28.314839999999947,降负荷减购电区,0.0,-28.314839999999947
-43.44608,降负荷减购电区,0.0,-43.44608
-33.367939999999976,降负荷减购电区,0.0,-33.367939999999976
-62.231559999999945,降负荷减购电区,0.0,-62.231559999999945
-54.67743999999999,降负荷减购电区,0.0,-54.67743999999999
-13.648660000000064,降负荷减购电区,0.0,-13.648660000000064
-13.146799999999985,降负荷减购电区,0.0,-13.146799999999985
-24.410360000000026,降负荷减购电区,0.0,-24.410360000000026
-24.203360000000032,降负荷减购电区,0.0,-24.203360000000032
-28.234800000000007,降负荷减购电区,0.0,-28.234800000000007
-45.14440000000002,降负荷减购电区,0.0,-45.14440000000002
-45.68121999999994,降负荷减购电区,0.0,-45.68121999999994
-42.94974000000002,降负荷减购电区,0.0,-42.94974000000002
-33.87624,降负荷减购电区,0.0,-33.87624
-30.124480000000005,降负荷减购电区,0.0,-30.124480000000005
57.85558000000003,弃电吸收区,-57.85558000000003,0.0
56.49167999999997,弃电吸收区,-56.49167999999997,0.0
43.42767999999995,弃电吸收区,-43.42767999999995,0.0
48.38050000000004,弃电吸收区,-48.38050000000004,0.0
61.81526000000002,弃电吸收区,-61.81526000000002,0.0
-30.45936000000006,降负荷减购电区,0.0,-30.45936000000006
22.154980000000023,弃电吸收区,-22.154980000000023,0.0
22.034920000000056,弃电吸收区,-22.034920000000056,0.0
22.140719999999988,弃电吸收区,-22.140719999999988,0.0
22.29481999999996,弃电吸收区,-22.29481999999996,0.0
21.207840000000036,弃电吸收区,-21.207840000000036,0.0
-15.916459999999915,降负荷减购电区,0.0,-15.916459999999915
-11.360619999999926,降负荷减购电区,0.0,-11.360619999999926
22.3113800000001,弃电吸收区,-22.3113800000001,0.0
22.029399999999896,弃电吸收区,-22.029399999999896,0.0
64.73671999999999,弃电吸收区,-64.73671999999999,0.0
57.79762,弃电吸收区,-57.79762,0.0
56.804940000000045,弃电吸收区,-56.804940000000045,0.0
56.01695999999998,弃电吸收区,-56.01695999999998,0.0
54.03205999999994,弃电吸收区,-54.03205999999994,0.0
54.52472,弃电吸收区,-54.52472,0.0
55.50590000000005,弃电吸收区,-55.50590000000005,0.0
59.581960000000095,弃电吸收区,-59.581960000000095,0.0
58.62792000000002,弃电吸收区,-58.62792000000002,0.0
69.36294000000004,弃电吸收区,-69.36294000000004,0.0
83.69101999999992,弃电吸收区,-83.69101999999992,0.0
102.57815999999993,弃电吸收区,-102.57815999999993,0.0
-41.331920000000025,降负荷减购电区,0.0,-41.331920000000025
-68.39832000000001,降负荷减购电区,0.0,-68.39832000000001
-80.92135999999999,降负荷减购电区,0.0,-80.92135999999999
-66.86192,降负荷减购电区,0.0,-66.86192
-65.17003999999991,降负荷减购电区,0.0,-65.17003999999991
-53.51824000000005,降负荷减购电区,0.0,-53.51824000000005
-41.36687999999998,降负荷减购电区,0.0,-41.36687999999998
22.000419999999963,弃电吸收区,-22.000419999999963,0.0
21.836199999999963,弃电吸收区,-21.836199999999963,0.0
22.304019999999923,弃电吸收区,-22.304019999999923,0.0
22.150840000000017,弃电吸收区,-22.150840000000017,0.0
-41.18287999999996,降负荷减购电区,0.0,-41.18287999999996
-50.13586000000009,降负荷减购电区,0.0,-50.13586000000009
-47.77238,降负荷减购电区,0.0,-47.77238
-44.46084000000002,降负荷减购电区,0.0,-44.46084000000002
-74.8512,降负荷减购电区,0.0,-74.8512
-77.66640000000001,降负荷减购电区,0.0,-77.66640000000001
-39.19015999999999,降负荷减购电区,0.0,-39.19015999999999
-18.08904000000001,降负荷减购电区,0.0,-18.08904000000001
-35.54880000000003,降负荷减购电区,0.0,-35.54880000000003
-61.633560000000045,降负荷减购电区,0.0,-61.633560000000045
-48.64960000000002,降负荷减购电区,0.0,-48.64960000000002
-62.21039999999999,降负荷减购电区,0.0,-62.21039999999999
-85.54895999999997,降负荷减购电区,0.0,-85.54895999999997
-60.867200000000025,降负荷减购电区,0.0,-60.867200000000025
-74.96527999999995,降负荷减购电区,0.0,-74.96527999999995
-51.85441999999989,降负荷减购电区,0.0,-51.85441999999989
-46.30176000000006,降负荷减购电区,0.0,-46.30176000000006
-35.34502000000009,降负荷减购电区,0.0,-35.34502000000009
22.21339999999998,弃电吸收区,-22.21339999999998,0.0
22.174759999999992,弃电吸收区,-22.174759999999992,0.0
21.69268,弃电吸收区,-21.69268,0.0
-22.65085999999997,降负荷减购电区,0.0,-22.65085999999997
-46.61225999999999,降负荷减购电区,0.0,-46.61225999999999
-45.74423999999988,降负荷减购电区,0.0,-45.74423999999988
-43.195839999999976,降负荷减购电区,0.0,-43.195839999999976
60.77934000000005,弃电吸收区,-60.77934000000005,0.0
43.50726000000009,弃电吸收区,-43.50726000000009,0.0
78.96728000000002,弃电吸收区,-78.96728000000002,0.0
-35.82020000000006,降负荷减购电区,0.0,-35.82020000000006
-37.063120000000026,降负荷减购电区,0.0,-37.063120000000026
-29.849400000000003,降负荷减购电区,0.0,-29.849400000000003
-28.75276000000008,降负荷减购电区,0.0,-28.75276000000008
-26.93759999999997,降负荷减购电区,0.0,-26.93759999999997
-21.52063999999996,降负荷减购电区,0.0,-21.52063999999996
-19.48514,降负荷减购电区,0.0,-19.48514
91.39877999999992,弃电吸收区,-91.39877999999992,0.0
96.48039999999996,弃电吸收区,-96.48039999999996,0.0
98.9404800000001,弃电吸收区,-98.9404800000001,0.0
73.73155999999994,弃电吸收区,-73.73155999999994,0.0
42.95065999999997,弃电吸收区,-42.95065999999997,0.0
-26.3304,降负荷减购电区,0.0,-26.3304
-25.059879999999964,降负荷减购电区,0.0,-25.059879999999964
-49.74439999999993,降负荷减购电区,0.0,-49.74439999999993
-42.74641999999994,降负荷减购电区,0.0,-42.74641999999994
-17.85904000000005,降负荷减购电区,0.0,-17.85904000000005
21.84999999999991,弃电吸收区,-21.84999999999991,0.0
22.01606000000004,弃电吸收区,-22.01606000000004,0.0
21.62552000000005,弃电吸收区,-21.62552000000005,0.0
-23.06255999999996,降负荷减购电区,0.0,-23.06255999999996
-29.92208000000005,降负荷减购电区,0.0,-29.92208000000005
-29.488760000000013,降负荷减购电区,0.0,-29.488760000000013
-26.381920000000093,降负荷减购电区,0.0,-26.381920000000093
-26.7996,降负荷减购电区,0.0,-26.7996
-25.020320000000027,降负荷减购电区,0.0,-25.020320000000027
-3.166179999999997,降负荷减购电区,0.0,-3.166179999999997
-9.087760000000005,降负荷减购电区,0.0,-9.087760000000005
-15.706240000000037,降负荷减购电区,0.0,-15.706240000000037
-13.800459999999989,降负荷减购电区,0.0,-13.800459999999989
74.93952000000002,弃电吸收区,-74.93952000000002,0.0
56.83806000000004,弃电吸收区,-56.83806000000004,0.0
44.91900000000004,弃电吸收区,-44.91900000000004,0.0
55.263480000000015,弃电吸收区,-55.263480000000015,0.0
61.53879999999992,弃电吸收区,-61.53879999999992,0.0
48.97435999999993,弃电吸收区,-48.97435999999993,0.0
22.35232000000008,弃电吸收区,-22.35232000000008,0.0
22.10116000000005,弃电吸收区,-22.10116000000005,0.0
22.339900000000057,弃电吸收区,-22.339900000000057,0.0
22.328399999999988,弃电吸收区,-22.328399999999988,0.0
22.25157999999999,弃电吸收区,-22.25157999999999,0.0
22.282860000000028,弃电吸收区,-22.282860000000028,0.0
21.9144,弃电吸收区,-21.9144,0.0
22.073560000000043,弃电吸收区,-22.073560000000043,0.0
21.93464000000006,弃电吸收区,-21.93464000000006,0.0
20.75565999999992,弃电吸收区,-20.75565999999992,0.0
-6.499340000000018,降负荷减购电区,0.0,-6.499340000000018
-9.01600000000002,降负荷减购电区,0.0,-9.01600000000002
-9.621359999999925,降负荷减购电区,0.0,-9.621359999999925
-10.02800000000002,降负荷减购电区,0.0,-10.02800000000002
-9.523840000000009,降负荷减购电区,0.0,-9.523840000000009
-11.13706000000002,降负荷减购电区,0.0,-11.13706000000002
-15.313399999999945,降负荷减购电区,0.0,-15.313399999999945
-11.145799999999952,降负荷减购电区,0.0,-11.145799999999952
-11.560260000000028,降负荷减购电区,0.0,-11.560260000000028
-9.476460000000031,降负荷减购电区,0.0,-9.476460000000031
-34.89744000000002,降负荷减购电区,0.0,-34.89744000000002
-75.48599999999993,降负荷减购电区,0.0,-75.48599999999993
-56.57447999999994,降负荷减购电区,0.0,-56.57447999999994
-7.589080000000081,降负荷减购电区,0.0,-7.589080000000081
-4.013040000000046,降负荷减购电区,0.0,-4.013040000000046
-18.14424000000008,降负荷减购电区,0.0,-18.14424000000008
-32.35823999999997,降负荷减购电区,0.0,-32.35823999999997
-38.08248000000003,降负荷减购电区,0.0,-38.08248000000003
-40.09727999999996,降负荷减购电区,0.0,-40.09727999999996
-54.254239999999925,降负荷减购电区,0.0,-54.254239999999925
-41.45060000000001,降负荷减购电区,0.0,-41.45060000000001
22.273200000000088,弃电吸收区,-22.273200000000088,0.0
22.26491999999996,弃电吸收区,-22.26491999999996,0.0
22.27734000000009,弃电吸收区,-22.27734000000009,0.0
57.08047999999991,弃电吸收区,-57.08047999999991,0.0
68.33530000000002,弃电吸收区,-68.33530000000002,0.0
68.63752,弃电吸收区,-68.63752,0.0
64.94969999999995,弃电吸收区,-64.94969999999995,0.0
46.81926000000004,弃电吸收区,-46.81926000000004,0.0
-40.76428000000004,降负荷减购电区,0.0,-40.76428000000004
-39.57656000000003,降负荷减购电区,0.0,-39.57656000000003
-24.689120000000003,降负荷减购电区,0.0,-24.689120000000003
-22.221679999999992,降负荷减购电区,0.0,-22.221679999999992
-31.21836000000002,降负荷减购电区,0.0,-31.21836000000002
-29.621699999999976,降负荷减购电区,0.0,-29.621699999999976
-27.108720000000005,降负荷减购电区,0.0,-27.108720000000005
-31.28000000000003,降负荷减购电区,0.0,-31.28000000000003
-22.614979999999942,降负荷减购电区,0.0,-22.614979999999942
-11.79991999999993,降负荷减购电区,0.0,-11.79991999999993
22.226740000000063,弃电吸收区,-22.226740000000063,0.0
-26.772000000000048,降负荷减购电区,0.0,-26.772000000000048
-47.24752000000007,降负荷减购电区,0.0,-47.24752000000007
-22.766320000000064,降负荷减购电区,0.0,-22.766320000000064
-19.69168000000002,降负荷减购电区,0.0,-19.69168000000002
-16.77159999999992,降负荷减购电区,0.0,-16.77159999999992
-18.2435999999999,降负荷减购电区,0.0,-18.2435999999999
-38.04568000000006,降负荷减购电区,0.0,-38.04568000000006
-73.45740000000006,降负荷减购电区,0.0,-73.45740000000006
-58.67759999999993,降负荷减购电区,0.0,-58.67759999999993
34.11681999999996,弃电吸收区,-34.11681999999996,0.0
56.39047999999997,弃电吸收区,-56.39047999999997,0.0
-46.58051999999998,降负荷减购电区,0.0,-46.58051999999998
69.01839999999999,弃电吸收区,-69.01839999999999,0.0
68.30402000000004,弃电吸收区,-68.30402000000004,0.0
86.61202000000003,弃电吸收区,-86.61202000000003,0.0
94.36439999999988,弃电吸收区,-94.36439999999988,0.0
-7.0563999999999965,降负荷减购电区,0.0,-7.0563999999999965
-2.536440000000028,降负荷减购电区,0.0,-2.536440000000028
-17.691599999999994,降负荷减购电区,0.0,-17.691599999999994
-38.74303999999995,降负荷减购电区,0.0,-38.74303999999995
-40.56464000000005,降负荷减购电区,0.0,-40.56464000000005
-40.043920000000014,降负荷减购电区,0.0,-40.043920000000014
-18.08398000000011,降负荷减购电区,0.0,-18.08398000000011
-9.29935999999998,降负荷减购电区,0.0,-9.29935999999998
-6.274400000000014,降负荷减购电区,0.0,-6.274400000000014
-16.103680000000054,降负荷减购电区,0.0,-16.103680000000054
-38.553519999999935,降负荷减购电区,0.0,-38.553519999999935
-30.87979999999993,降负荷减购电区,0.0,-30.87979999999993
21.64391999999998,弃电吸收区,-21.64391999999998,0.0
22.29481999999996,弃电吸收区,-22.29481999999996,0.0
21.778239999999983,弃电吸收区,-21.778239999999983,0.0
35.477499999999964,弃电吸收区,-35.477499999999964,0.0
79.58782000000002,弃电吸收区,-79.58782000000002,0.0
99.81310000000002,弃电吸收区,-99.81310000000002,0.0
103.84454000000004,弃电吸收区,-103.84454000000004,0.0
56.626919999999984,弃电吸收区,-56.626919999999984,0.0
60.72505999999993,弃电吸收区,-60.72505999999993,0.0
65.88212000000004,弃电吸收区,-65.88212000000004,0.0
56.42451999999992,弃电吸收区,-56.42451999999992,0.0
55.64435999999995,弃电吸收区,-55.64435999999995,0.0
53.27352000000002,弃电吸收区,-53.27352000000002,0.0
55.24876000000006,弃电吸收区,-55.24876000000006,0.0
61.40033999999997,弃电吸收区,-61.40033999999997,0.0
62.8359999999999,弃电吸收区,-62.8359999999999,0.0
58.44990000000007,弃电吸收区,-58.44990000000007,0.0
64.50533999999993,弃电吸收区,-64.50533999999993,0.0
43.06381999999997,弃电吸收区,-43.06381999999997,0.0
-4.191519999999969,降负荷减购电区,0.0,-4.191519999999969
-57.05609999999996,降负荷减购电区,0.0,-57.05609999999996
-51.63959999999997,降负荷减购电区,0.0,-51.63959999999997
-49.21631999999994,降负荷减购电区,0.0,-49.21631999999994
-28.68927999999994,降负荷减购电区,0.0,-28.68927999999994
22.338980000000102,弃电吸收区,-22.338980000000102,0.0
22.35140000000001,弃电吸收区,-22.35140000000001,0.0
22.21339999999998,弃电吸收区,-22.21339999999998,0.0
59.93616000000003,弃电吸收区,-59.93616000000003,0.0
42.46857999999997,弃电吸收区,-42.46857999999997,0.0
57.10578000000004,弃电吸收区,-57.10578000000004,0.0
67.97604000000001,弃电吸收区,-67.97604000000001,0.0
66.56108,弃电吸收区,-66.56108,0.0
62.30562000000003,弃电吸收区,-62.30562000000003,0.0
63.12442000000004,弃电吸收区,-63.12442000000004,0.0
59.68178,弃电吸收区,-59.68178,0.0
64.33927999999997,弃电吸收区,-64.33927999999997,0.0
47.62931999999995,弃电吸收区,-47.62931999999995,0.0
49.00563999999997,弃电吸收区,-49.00563999999997,0.0
50.922919999999976,弃电吸收区,-50.922919999999976,0.0
60.40397999999993,弃电吸收区,-60.40397999999993,0.0
69.83168,弃电吸收区,-69.83168,0.0
59.50835999999998,弃电吸收区,-59.50835999999998,0.0
21.636099999999946,弃电吸收区,-21.636099999999946,0.0
21.73545999999999,弃电吸收区,-21.73545999999999,0.0
-7.420720000000074,降负荷减购电区,0.0,-7.420720000000074
-18.157119999999964,降负荷减购电区,0.0,-18.157119999999964
-49.27290000000005,降负荷减购电区,0.0,-49.27290000000005
-47.60080000000005,降负荷减购电区,0.0,-47.60080000000005
-37.32071999999994,降负荷减购电区,0.0,-37.32071999999994
-19.385779999999954,降负荷减购电区,0.0,-19.385779999999954
-9.944280000000049,降负荷减购电区,0.0,-9.944280000000049
-2.587040000000002,降负荷减购电区,0.0,-2.587040000000002
-30.415200000000027,降负荷减购电区,0.0,-30.415200000000027
-22.06711999999999,降负荷减购电区,0.0,-22.06711999999999
-9.339840000000038,降负荷减购电区,0.0,-9.339840000000038
-5.542079999999999,降负荷减购电区,0.0,-5.542079999999999
-6.195280000000025,降负荷减购电区,0.0,-6.195280000000025
69.22401999999994,弃电吸收区,-69.22401999999994,0.0
61.871380000000045,弃电吸收区,-61.871380000000045,0.0
59.532280000000014,弃电吸收区,-59.532280000000014,0.0
61.54340000000002,弃电吸收区,-61.54340000000002,0.0
62.04710000000006,弃电吸收区,-62.04710000000006,0.0
69.53267999999997,弃电吸收区,-69.53267999999997,0.0
51.34795999999994,弃电吸收区,-51.34795999999994,0.0
35.19874000000004,弃电吸收区,-35.19874000000004,0.0
22.304939999999878,弃电吸收区,-22.304939999999878,0.0
-18.04810000000009,降负荷减购电区,0.0,-18.04810000000009
-27.524560000000008,降负荷减购电区,0.0,-27.524560000000008
-13.404399999999896,降负荷减购电区,0.0,-13.404399999999896
-8.149360000000001,降负荷减购电区,0.0,-8.149360000000001
-15.928879999999936,降负荷减购电区,0.0,-15.928879999999936
-16.639120000000048,降负荷减购电区,0.0,-16.639120000000048
-17.264259999999922,降负荷减购电区,0.0,-17.264259999999922
-20.348100000000045,降负荷减购电区,0.0,-20.348100000000045
-42.933179999999936,降负荷减购电区,0.0,-42.933179999999936
-29.506700000000023,降负荷减购电区,0.0,-29.506700000000023
67.87990000000002,弃电吸收区,-67.87990000000002,0.0
69.30084000000005,弃电吸收区,-69.30084000000005,0.0
53.46441999999991,弃电吸收区,-53.46441999999991,0.0
51.36176,弃电吸收区,-51.36176,0.0
46.207919999999945,弃电吸收区,-46.207919999999945,0.0
52.59640000000002,弃电吸收区,-52.59640000000002,0.0
58.98211999999995,弃电吸收区,-58.98211999999995,0.0
59.12977999999998,弃电吸收区,-59.12977999999998,0.0
56.52019999999999,弃电吸收区,-56.52019999999999,0.0
65.75102000000004,弃电吸收区,-65.75102000000004,0.0
61.02958000000007,弃电吸收区,-61.02958000000007,0.0
65.13231999999999,弃电吸收区,-65.13231999999999,0.0
67.58917999999994,弃电吸收区,-67.58917999999994,0.0
24.96788000000004,弃电吸收区,-24.96788000000004,0.0
21.78928000000008,弃电吸收区,-21.78928000000008,0.0
22.0616,弃电吸收区,-22.0616,0.0
22.05377999999996,弃电吸收区,-22.05377999999996,0.0
22.08413999999993,弃电吸收区,-22.08413999999993,0.0
22.342660000000024,弃电吸收区,-22.342660000000024,0.0
22.119100000000003,弃电吸收区,-22.119100000000003,0.0
22.096559999999958,弃电吸收区,-22.096559999999958,0.0
21.7952600000001,弃电吸收区,-21.7952600000001,0.0
21.99720000000013,弃电吸收区,-21.99720000000013,0.0
43.47184000000004,弃电吸收区,-43.47184000000004,0.0
60.35199999999992,弃电吸收区,-60.35199999999992,0.0
54.78047999999996,弃电吸收区,-54.78047999999996,0.0
48.90995999999996,弃电吸收区,-48.90995999999996,0.0
54.61534,弃电吸收区,-54.61534,0.0
70.01475999999997,弃电吸收区,-70.01475999999997,0.0
74.69572000000005,弃电吸收区,-74.69572000000005,0.0
81.19644,弃电吸收区,-81.19644,0.0
87.73672000000005,弃电吸收区,-87.73672000000005,0.0
87.74775999999997,弃电吸收区,-87.74775999999997,0.0
51.73114000000004,弃电吸收区,-51.73114000000004,0.0
45.15221999999994,弃电吸收区,-45.15221999999994,0.0
57.1619,弃电吸收区,-57.1619,0.0
48.40671999999989,弃电吸收区,-48.40671999999989,0.0
-25.145440000000065,降负荷减购电区,0.0,-25.145440000000065
-39.70029999999997,降负荷减购电区,0.0,-39.70029999999997
-36.58839999999998,降负荷减购电区,0.0,-36.58839999999998
21.595620000000054,弃电吸收区,-21.595620000000054,0.0
-36.685,降负荷减购电区,0.0,-36.685
-19.535280000000057,降负荷减购电区,0.0,-19.535280000000057
21.032119999999964,弃电吸收区,-21.032119999999964,0.0
22.28607999999997,弃电吸收区,-22.28607999999997,0.0
22.126460000000066,弃电吸收区,-22.126460000000066,0.0
22.11588000000006,弃电吸收区,-22.11588000000006,0.0
21.908879999999957,弃电吸收区,-21.908879999999957,0.0
72.62342000000001,弃电吸收区,-72.62342000000001,0.0
84.00658000000004,弃电吸收区,-84.00658000000004,0.0
-47.65784000000002,降负荷减购电区,0.0,-47.65784000000002
-32.06752,降负荷减购电区,0.0,-32.06752
-38.4905,降负荷减购电区,0.0,-38.4905
-21.50224000000003,降负荷减购电区,0.0,-21.50224000000003
64.22013999999996,弃电吸收区,-64.22013999999996,0.0
69.94667999999996,弃电吸收区,-69.94667999999996,0.0
73.10366000000005,弃电吸收区,-73.10366000000005,0.0
74.94734000000005,弃电吸收区,-74.94734000000005,0.0
67.66922,弃电吸收区,-67.66922,0.0
69.85881999999992,弃电吸收区,-69.85881999999992,0.0
68.09472,弃电吸收区,-68.09472,0.0
60.63259999999997,弃电吸收区,-60.63259999999997,0.0
22.287000000000035,弃电吸收区,-22.287000000000035,0.0
22.340820000000008,弃电吸收区,-22.340820000000008,0.0
-18.33928000000003,降负荷减购电区,0.0,-18.33928000000003
-12.4384,降负荷减购电区,0.0,-12.4384
-43.64019999999999,降负荷减购电区,0.0,-43.64019999999999
-65.43684000000002,降负荷减购电区,0.0,-65.43684000000002
-33.89187999999996,降负荷减购电区,0.0,-33.89187999999996
-35.15734000000003,降负荷减购电区,0.0,-35.15734000000003
-15.74488000000008,降负荷减购电区,0.0,-15.74488000000008
-32.75291999999996,降负荷减购电区,0.0,-32.75291999999996
-30.24224000000004,降负荷减购电区,0.0,-30.24224000000004
43.73219999999998,弃电吸收区,-43.73219999999998,0.0
45.90156000000002,弃电吸收区,-45.90156000000002,0.0
43.23999999999995,弃电吸收区,-43.23999999999995,0.0
39.88844,弃电吸收区,-39.88844,0.0
58.80409999999995,弃电吸收区,-58.80409999999995,0.0
71.53919999999994,弃电吸收区,-71.53919999999994,0.0
90.69405999999992,弃电吸收区,-90.69405999999992,0.0
99.31492000000004,弃电吸收区,-99.31492000000004,0.0
105.02351999999996,弃电吸收区,-105.02351999999996,0.0
110.08352000000002,弃电吸收区,-110.08352000000002,0.0
109.46850000000006,弃电吸收区,-109.46850000000006,0.0
108.02915999999992,弃电吸收区,-108.02915999999992,0.0
-21.247400000000084,降负荷减购电区,0.0,-21.247400000000084
-23.027600000000007,降负荷减购电区,0.0,-23.027600000000007
-33.01650000000001,降负荷减购电区,0.0,-33.01650000000001
-37.67952000000008,降负荷减购电区,0.0,-37.67952000000008
-32.14295999999996,降负荷减购电区,0.0,-32.14295999999996
-16.421080000000075,降负荷减购电区,0.0,-16.421080000000075
-22.543679999999995,降负荷减购电区,0.0,-22.543679999999995
-21.185760000000077,降负荷减购电区,0.0,-21.185760000000077
-17.206299999999942,降负荷减购电区,0.0,-17.206299999999942
-23.780160000000024,降负荷减购电区,0.0,-23.780160000000024
-19.498019999999883,降负荷减购电区,0.0,-19.498019999999883
-16.594959999999958,降负荷减购电区,0.0,-16.594959999999958
-2.4080999999999904,降负荷减购电区,0.0,-2.4080999999999904
62.77573999999999,弃电吸收区,-62.77573999999999,0.0
64.72383999999994,弃电吸收区,-64.72383999999994,0.0
58.32202000000001,弃电吸收区,-58.32202000000001,0.0
60.35752000000008,弃电吸收区,-60.35752000000008,0.0
52.00299999999999,弃电吸收区,-52.00299999999999,0.0
51.30563999999998,弃电吸收区,-51.30563999999998,0.0
56.04226,弃电吸收区,-56.04226,0.0
65.54448000000008,弃电吸收区,-65.54448000000008,0.0
65.15762000000007,弃电吸收区,-65.15762000000007,0.0
43.009540000000015,弃电吸收区,-43.009540000000015,0.0
60.020339999999976,弃电吸收区,-60.020339999999976,0.0
31.13739999999996,弃电吸收区,-31.13739999999996,0.0
22.180279999999925,弃电吸收区,-22.180279999999925,0.0
22.196840000000066,弃电吸收区,-22.196840000000066,0.0
21.86656000000005,弃电吸收区,-21.86656000000005,0.0
21.70464000000004,弃电吸收区,-21.70464000000004,0.0
-19.274459999999976,降负荷减购电区,0.0,-19.274459999999976
-31.815900000000056,降负荷减购电区,0.0,-31.815900000000056
-20.101999999999972,降负荷减购电区,0.0,-20.101999999999972
-20.35177999999996,降负荷减购电区,0.0,-20.35177999999996
-12.30684000000008,降负荷减购电区,0.0,-12.30684000000008
-19.183840000000032,降负荷减购电区,0.0,-19.183840000000032
-28.716879999999943,降负荷减购电区,0.0,-28.716879999999943
-18.28224,降负荷减购电区,0.0,-18.28224
-26.26139999999998,降负荷减购电区,0.0,-26.26139999999998
-44.34032000000008,降负荷减购电区,0.0,-44.34032000000008
-59.86255999999997,降负荷减购电区,0.0,-59.86255999999997
-72.91045999999997,降负荷减购电区,0.0,-72.91045999999997
-78.19724000000008,降负荷减购电区,0.0,-78.19724000000008
-77.60475999999997,降负荷减购电区,0.0,-77.60475999999997
-73.06088,降负荷减购电区,0.0,-73.06088
41.470380000000034,弃电吸收区,-41.470380000000034,0.0
61.81939999999992,弃电吸收区,-61.81939999999992,0.0
93.51202,弃电吸收区,-93.51202,0.0
51.47767999999997,弃电吸收区,-51.47767999999997,0.0
22.17843999999991,弃电吸收区,-22.17843999999991,0.0
27.315719999999946,弃电吸收区,-27.315719999999946,0.0
22.022039999999947,弃电吸收区,-22.022039999999947,0.0
-8.508620000000064,降负荷减购电区,0.0,-8.508620000000064
-12.753960000000006,降负荷减购电区,0.0,-12.753960000000006
-60.06311999999997,降负荷减购电区,0.0,-60.06311999999997
-50.63863999999995,降负荷减购电区,0.0,-50.63863999999995
-76.41611999999998,降负荷减购电区,0.0,-76.41611999999998
-102.37944,降负荷减购电区,0.0,-102.37944
-124.5312,降负荷减购电区,0.0,-124.5312
-125.24695999999994,降负荷减购电区,0.0,-125.24695999999994
-81.93888000000004,降负荷减购电区,0.0,-81.93888000000004
-32.90655999999996,降负荷减购电区,0.0,-32.90655999999996
45.29251999999991,弃电吸收区,-45.29251999999991,0.0
60.43434000000002,弃电吸收区,-60.43434000000002,0.0
68.54736000000003,弃电吸收区,-68.54736000000003,0.0
50.23200000000003,弃电吸收区,-50.23200000000003,0.0
54.9769,弃电吸收区,-54.9769,0.0
36.05572000000001,弃电吸收区,-36.05572000000001,0.0
34.764499999999884,弃电吸收区,-34.764499999999884,0.0
20.75197999999989,弃电吸收区,-20.75197999999989,0.0
53.60242,弃电吸收区,-53.60242,0.0
58.425520000000006,弃电吸收区,-58.425520000000006,0.0
80.36475999999999,弃电吸收区,-80.36475999999999,0.0
-34.409839999999974,降负荷减购电区,0.0,-34.409839999999974
-61.47807999999998,降负荷减购电区,0.0,-61.47807999999998
-39.237079999999935,降负荷减购电区,0.0,-39.237079999999935
-10.62324000000001,降负荷减购电区,0.0,-10.62324000000001
22.28469999999993,弃电吸收区,-22.28469999999993,0.0
22.32886000000008,弃电吸收区,-22.32886000000008,0.0
22.34817999999996,弃电吸收区,-22.34817999999996,0.0
22.353700000000003,弃电吸收区,-22.353700000000003,0.0
22.34173999999996,弃电吸收区,-22.34173999999996,0.0
22.224900000000048,弃电吸收区,-22.224900000000048,0.0
-7.211419999999975,降负荷减购电区,0.0,-7.211419999999975
-12.592960000000003,降负荷减购电区,0.0,-12.592960000000003
-3.954619999999977,降负荷减购电区,0.0,-3.954619999999977
-5.694800000000043,降负荷减购电区,0.0,-5.694800000000043
-14.950459999999964,降负荷减购电区,0.0,-14.950459999999964
-13.66016000000002,降负荷减购电区,0.0,-13.66016000000002
-16.107820000000004,降负荷减购电区,0.0,-16.107820000000004
-18.540759999999977,降负荷减购电区,0.0,-18.540759999999977
-16.886599999999987,降负荷减购电区,0.0,-16.886599999999987
-6.67919999999998,降负荷减购电区,0.0,-6.67919999999998
-22.686279999999957,降负荷减购电区,0.0,-22.686279999999957
-37.46240000000006,降负荷减购电区,0.0,-37.46240000000006
-23.8073,降负荷减购电区,0.0,-23.8073
58.83814000000001,弃电吸收区,-58.83814000000001,0.0
29.525099999999952,弃电吸收区,-29.525099999999952,0.0
21.76168000000007,弃电吸收区,-21.76168000000007,0.0
22.095180000000028,弃电吸收区,-22.095180000000028,0.0
22.03308000000004,弃电吸收区,-22.03308000000004,0.0
22.246059999999943,弃电吸收区,-22.246059999999943,0.0
-22.174300000000017,降负荷减购电区,0.0,-22.174300000000017
-24.130680000000098,降负荷减购电区,0.0,-24.130680000000098
-29.83376000000004,降负荷减购电区,0.0,-29.83376000000004
-14.003780000000006,降负荷减购电区,0.0,-14.003780000000006
-31.169600000000003,降负荷减购电区,0.0,-31.169600000000003
-26.06359999999995,降负荷减购电区,0.0,-26.06359999999995
-29.67183999999997,降负荷减购电区,0.0,-29.67183999999997
-28.18880000000001,降负荷减购电区,0.0,-28.18880000000001
-30.56239999999997,降负荷减购电区,0.0,-30.56239999999997
-46.86755999999997,降负荷减购电区,0.0,-46.86755999999997
-38.12295999999998,降负荷减购电区,0.0,-38.12295999999998
98.16031999999996,弃电吸收区,-98.16031999999996,0.0
101.42586,弃电吸收区,-101.42586,0.0
101.60388,弃电吸收区,-101.60388,0.0
-21.86288000000002,降负荷减购电区,0.0,-21.86288000000002
50.21543999999994,弃电吸收区,-50.21543999999994,0.0
46.83627999999999,弃电吸收区,-46.83627999999999,0.0
48.01618000000002,弃电吸收区,-48.01618000000002,0.0
73.57975999999996,弃电吸收区,-73.57975999999996,0.0
34.051039999999944,弃电吸收区,-34.051039999999944,0.0
24.38965999999993,弃电吸收区,-24.38965999999993,0.0
21.92866000000004,弃电吸收区,-21.92866000000004,0.0
21.80583999999999,弃电吸收区,-21.80583999999999,0.0
22.28837999999996,弃电吸收区,-22.28837999999996,0.0
-33.12736000000007,降负荷减购电区,0.0,-33.12736000000007
-32.924959999999885,降负荷减购电区,0.0,-32.924959999999885
-43.65629999999999,降负荷减购电区,0.0,-43.65629999999999
-47.68727999999999,降负荷减购电区,0.0,-47.68727999999999
-21.490740000000077,降负荷减购电区,0.0,-21.490740000000077
37.02723999999989,弃电吸收区,-37.02723999999989,0.0
57.96091999999993,弃电吸收区,-57.96091999999993,0.0
61.82354000000004,弃电吸收区,-61.82354000000004,0.0
61.63862,弃电吸收区,-61.63862,0.0
52.838820000000055,弃电吸收区,-52.838820000000055,0.0
53.58954,弃电吸收区,-53.58954,0.0
50.767439999999965,弃电吸收区,-50.767439999999965,0.0
57.83947999999998,弃电吸收区,-57.83947999999998,0.0
-17.385240000000067,降负荷减购电区,0.0,-17.385240000000067
-38.92290000000003,降负荷减购电区,0.0,-38.92290000000003
-52.87424000000004,降负荷减购电区,0.0,-52.87424000000004
-51.87511999999992,降负荷减购电区,0.0,-51.87511999999992
-46.48208,降负荷减购电区,0.0,-46.48208
-39.70903999999996,降负荷减购电区,0.0,-39.70903999999996
-42.154399999999896,降负荷减购电区,0.0,-42.154399999999896
-33.99630000000002,降负荷减购电区,0.0,-33.99630000000002
22.23272000000009,弃电吸收区,-22.23272000000009,0.0
22.331160000000068,弃电吸收区,-22.331160000000068,0.0
22.284240000000068,弃电吸收区,-22.284240000000068,0.0
22.02433999999994,弃电吸收区,-22.02433999999994,0.0
21.999959999999987,弃电吸收区,-21.999959999999987,0.0
22.25479999999993,弃电吸收区,-22.25479999999993,0.0
22.26308000000006,弃电吸收区,-22.26308000000006,0.0
22.340820000000008,弃电吸收区,-22.340820000000008,0.0
22.34496000000001,弃电吸收区,-22.34496000000001,0.0
47.629779999999926,弃电吸收区,-47.629779999999926,0.0
49.11097999999993,弃电吸收区,-49.11097999999993,0.0
70.89520000000005,弃电吸收区,-70.89520000000005,0.0
83.51852000000002,弃电吸收区,-83.51852000000002,0.0
96.68694,弃电吸收区,-96.68694,0.0
-13.33080000000001,降负荷减购电区,0.0,-13.33080000000001
-12.61687999999998,降负荷减购电区,0.0,-12.61687999999998
-18.841600000000028,降负荷减购电区,0.0,-18.841600000000028
-18.37700000000001,降负荷减购电区,0.0,-18.37700000000001
-40.402720000000045,降负荷减购电区,0.0,-40.402720000000045
-39.61704000000003,降负荷减购电区,0.0,-39.61704000000003
-45.981600000000014,降负荷减购电区,0.0,-45.981600000000014
-57.21341999999999,降负荷减购电区,0.0,-57.21341999999999
-76.74271999999996,降负荷减购电区,0.0,-76.74271999999996
-77.52931999999998,降负荷减购电区,0.0,-77.52931999999998
-45.57081999999997,降负荷减购电区,0.0,-45.57081999999997
-27.34654000000006,降负荷减购电区,0.0,-27.34654000000006
-10.202799999999913,降负荷减购电区,0.0,-10.202799999999913
-7.11712,降负荷减购电区,0.0,-7.11712
-8.295640000000049,降负荷减购电区,0.0,-8.295640000000049
-7.159440000000018,降负荷减购电区,0.0,-7.159440000000018
22.31873999999993,弃电吸收区,-22.31873999999993,0.0
22.23226,弃电吸收区,-22.23226,0.0
26.26462000000004,弃电吸收区,-26.26462000000004,0.0
36.90671999999995,弃电吸收区,-36.90671999999995,0.0
40.34153999999995,弃电吸收区,-40.34153999999995,0.0
37.96839999999997,弃电吸收区,-37.96839999999997,0.0
38.87367999999998,弃电吸收区,-38.87367999999998,0.0
30.239019999999982,弃电吸收区,-30.239019999999982,0.0
38.151940000000025,弃电吸收区,-38.151940000000025,0.0
46.42274000000003,弃电吸收区,-46.42274000000003,0.0
48.67858000000001,弃电吸收区,-48.67858000000001,0.0
48.89063999999996,弃电吸收区,-48.89063999999996,0.0
54.252860000000055,弃电吸收区,-54.252860000000055,0.0
58.38181999999995,弃电吸收区,-58.38181999999995,0.0
70.22084000000001,弃电吸收区,-70.22084000000001,0.0
81.95728000000003,弃电吸收区,-81.95728000000003,0.0
61.00335999999993,弃电吸收区,-61.00335999999993,0.0
22.32057999999995,弃电吸收区,-22.32057999999995,0.0
22.303559999999948,弃电吸收区,-22.303559999999948,0.0
-21.961779999999976,降负荷减购电区,0.0,-21.961779999999976
-23.395599999999945,降负荷减购电区,0.0,-23.395599999999945
21.560659999999984,弃电吸收区,-21.560659999999984,0.0
22.34633999999994,弃电吸收区,-22.34633999999994,0.0
20.47368000000006,弃电吸收区,-20.47368000000006,0.0
22.29711999999995,弃电吸收区,-22.29711999999995,0.0
22.218459999999936,弃电吸收区,-22.218459999999936,0.0
36.61692000000005,弃电吸收区,-36.61692000000005,0.0
-21.728560000000016,降负荷减购电区,0.0,-21.728560000000016
-37.97989999999993,降负荷减购电区,0.0,-37.97989999999993
-37.18869999999998,降负荷减购电区,0.0,-37.18869999999998
-31.931359999999984,降负荷减购电区,0.0,-31.931359999999984
-25.57047999999997,降负荷减购电区,0.0,-25.57047999999997
-34.52208000000002,降负荷减购电区,0.0,-34.52208000000002
-34.86845999999997,降负荷减购电区,0.0,-34.86845999999997
-18.88391999999999,降负荷减购电区,0.0,-18.88391999999999
68.25986,弃电吸收区,-68.25986,0.0
62.41924000000006,弃电吸收区,-62.41924000000006,0.0
69.7392200000001,弃电吸收区,-69.7392200000001,0.0
88.81220000000013,弃电吸收区,-88.81220000000013,0.0
56.260300000000086,弃电吸收区,-56.260300000000086,0.0
39.077,弃电吸收区,-39.077,0.0
-9.124560000000088,降负荷减购电区,0.0,-9.124560000000088
-10.296640000000025,降负荷减购电区,0.0,-10.296640000000025
-40.35947999999996,降负荷减购电区,0.0,-40.35947999999996
-59.46328000000005,降负荷减购电区,0.0,-59.46328000000005
-86.51863999999995,降负荷减购电区,0.0,-86.51863999999995
-79.66832,降负荷减购电区,0.0,-79.66832
-70.66933999999992,降负荷减购电区,0.0,-70.66933999999992
-55.67885999999999,降负荷减购电区,0.0,-55.67885999999999
-26.244839999999957,降负荷减购电区,0.0,-26.244839999999957
-3.0985600000000204,降负荷减购电区,0.0,-3.0985600000000204
-20.75934000000001,降负荷减购电区,0.0,-20.75934000000001
-11.52207999999996,降负荷减购电区,0.0,-11.52207999999996
-11.442960000000028,降负荷减购电区,0.0,-11.442960000000028
-10.06203999999991,降负荷减购电区,0.0,-10.06203999999991
-12.081899999999962,降负荷减购电区,0.0,-12.081899999999962
-63.35303999999999,降负荷减购电区,0.0,-63.35303999999999
-79.17519999999993,降负荷减购电区,0.0,-79.17519999999993
-37.09807999999998,降负荷减购电区,0.0,-37.09807999999998
-24.16288000000003,降负荷减购电区,0.0,-24.16288000000003
-13.693739999999934,降负荷减购电区,0.0,-13.693739999999934
-5.497919999999965,降负荷减购电区,0.0,-5.497919999999965
91.92272000000004,弃电吸收区,-91.92272000000004,0.0
81.8823000000001,弃电吸收区,-81.8823000000001,0.0
22.198679999999968,弃电吸收区,-22.198679999999968,0.0
-19.46857999999997,降负荷减购电区,0.0,-19.46857999999997
-15.382400000000075,降负荷减购电区,0.0,-15.382400000000075
-13.24983999999995,降负荷减购电区,0.0,-13.24983999999995
-20.000800000000027,降负荷减购电区,0.0,-20.000800000000027
-21.84631999999999,降负荷减购电区,0.0,-21.84631999999999
-34.52208000000002,降负荷减购电区,0.0,-34.52208000000002
-21.23543999999993,降负荷减购电区,0.0,-21.23543999999993
-37.351999999999975,降负荷减购电区,0.0,-37.351999999999975
-15.678640000000089,降负荷减购电区,0.0,-15.678640000000089
66.52611999999993,弃电吸收区,-66.52611999999993,0.0
80.07864000000001,弃电吸收区,-80.07864000000001,0.0
73.38149999999996,弃电吸收区,-73.38149999999996,0.0
83.96655999999984,弃电吸收区,-83.96655999999984,0.0
104.37123999999994,弃电吸收区,-104.37123999999994,0.0
99.80757999999992,弃电吸收区,-99.80757999999992,0.0
-13.51479999999998,降负荷减购电区,0.0,-13.51479999999998
-14.65283999999997,降负荷减购电区,0.0,-14.65283999999997
-12.226800000000026,降负荷减购电区,0.0,-12.226800000000026
-6.637339999999995,降负荷减购电区,0.0,-6.637339999999995
-5.477679999999964,降负荷减购电区,0.0,-5.477679999999964
-17.98738000000003,降负荷减购电区,0.0,-17.98738000000003
-15.030959999999991,降负荷减购电区,0.0,-15.030959999999991
72.74946,弃电吸收区,-72.74946,0.0
22.35554000000002,弃电吸收区,-22.35554000000002,0.0
21.63885999999991,弃电吸收区,-21.63885999999991,0.0
21.478320000000053,弃电吸收区,-21.478320000000053,0.0
22.32288000000005,弃电吸收区,-22.32288000000005,0.0
22.34772000000009,弃电吸收区,-22.34772000000009,0.0
22.33299999999997,弃电吸收区,-22.33299999999997,0.0
22.08000000000004,弃电吸收区,-22.08000000000004,0.0
22.01973999999996,弃电吸收区,-22.01973999999996,0.0
22.27044000000012,弃电吸收区,-22.27044000000012,0.0
22.2962,弃电吸收区,-22.2962,0.0
42.26663999999994,弃电吸收区,-42.26663999999994,0.0
-22.214320000000043,降负荷减购电区,0.0,-22.214320000000043
-34.11175999999995,降负荷减购电区,0.0,-34.11175999999995
-25.862119999999948,降负荷减购电区,0.0,-25.862119999999948
-10.129199999999967,降负荷减购电区,0.0,-10.129199999999967
-9.606640000000027,降负荷减购电区,0.0,-9.606640000000027
-28.830959999999948,降负荷减购电区,0.0,-28.830959999999948
-29.29647999999992,降负荷减购电区,0.0,-29.29647999999992
-28.10416000000004,降负荷减购电区,0.0,-28.10416000000004
-28.394879999999944,降负荷减购电区,0.0,-28.394879999999944
-27.4178399999999,降负荷减购电区,0.0,-27.4178399999999
61.49969999999996,弃电吸收区,-61.49969999999996,0.0
74.43949999999995,弃电吸收区,-74.43949999999995,0.0
78.55650000000003,弃电吸收区,-78.55650000000003,0.0
22.34496000000001,弃电吸收区,-22.34496000000001,0.0
21.89691999999991,弃电吸收区,-21.89691999999991,0.0
21.05420000000004,弃电吸收区,-21.05420000000004,0.0
-19.49663999999996,降负荷减购电区,0.0,-19.49663999999996
-23.441599999999998,降负荷减购电区,0.0,-23.441599999999998
-33.85600000000005,降负荷减购电区,0.0,-33.85600000000005
-29.263360000000034,降负荷减购电区,0.0,-29.263360000000034
-40.87560000000002,降负荷减购电区,0.0,-40.87560000000002
-44.02981999999997,降负荷减购电区,0.0,-44.02981999999997
-37.64179999999993,降负荷减购电区,0.0,-37.64179999999993
-27.049840000000017,降负荷减购电区,0.0,-27.049840000000017
-22.754359999999963,降负荷减购电区,0.0,-22.754359999999963
-14.633519999999976,降负荷减购电区,0.0,-14.633519999999976
-31.89272,降负荷减购电区,0.0,-31.89272
-28.33277999999996,降负荷减购电区,0.0,-28.33277999999996
-14.328079999999945,降负荷减购电区,0.0,-14.328079999999945
-59.06951999999996,降负荷减购电区,0.0,-59.06951999999996
-49.096720000000005,降负荷减购电区,0.0,-49.096720000000005
44.71843999999999,弃电吸收区,-44.71843999999999,0.0
58.55202000000003,弃电吸收区,-58.55202000000003,0.0
54.0499999999999,弃电吸收区,-54.0499999999999,0.0
56.33435999999995,弃电吸收区,-56.33435999999995,0.0
56.578160000000025,弃电吸收区,-56.578160000000025,0.0
58.350079999999934,弃电吸收区,-58.350079999999934,0.0
-7.414280000000019,降负荷减购电区,0.0,-7.414280000000019
-26.84698000000003,降负荷减购电区,0.0,-26.84698000000003
-43.90884,降负荷减购电区,0.0,-43.90884
-68.62050000000005,降负荷减购电区,0.0,-68.62050000000005
-59.40899999999999,降负荷减购电区,0.0,-59.40899999999999
-66.82788000000005,降负荷减购电区,0.0,-66.82788000000005
-46.14857999999992,降负荷减购电区,0.0,-46.14857999999992
-50.72558000000004,降负荷减购电区,0.0,-50.72558000000004
-31.05367999999993,降负荷减购电区,0.0,-31.05367999999993
22.29711999999995,弃电吸收区,-22.29711999999995,0.0
43.92953999999997,弃电吸收区,-43.92953999999997,0.0
43.03713999999991,弃电吸收区,-43.03713999999991,0.0
-33.14622000000003,降负荷减购电区,0.0,-33.14622000000003
-37.75127999999995,降负荷减购电区,0.0,-37.75127999999995
-36.49087999999995,降负荷减购电区,0.0,-36.49087999999995
-32.335699999999974,降负荷减购电区,0.0,-32.335699999999974
-9.443339999999978,降负荷减购电区,0.0,-9.443339999999978
-8.86511999999999,降负荷减购电区,0.0,-8.86511999999999
-26.651940000000025,降负荷减购电区,0.0,-26.651940000000025
-26.801440000000014,降负荷减购电区,0.0,-26.801440000000014
-41.39447999999993,降负荷减购电区,0.0,-41.39447999999993
-44.187599999999975,降负荷减购电区,0.0,-44.187599999999975
-43.99991999999992,降负荷减购电区,0.0,-43.99991999999992
54.07437999999996,弃电吸收区,-54.07437999999996,0.0
40.77945999999986,弃电吸收区,-40.77945999999986,0.0
22.328399999999988,弃电吸收区,-22.328399999999988,0.0
22.009160000000065,弃电吸收区,-22.009160000000065,0.0
21.25797999999997,弃电吸收区,-21.25797999999997,0.0
21.955799999999957,弃电吸收区,-21.955799999999957,0.0
22.206500000000005,弃电吸收区,-22.206500000000005,0.0
22.13105999999993,弃电吸收区,-22.13105999999993,0.0
-25.62107999999995,降负荷减购电区,0.0,-25.62107999999995
-48.32162,降负荷减购电区,0.0,-48.32162
-22.236400000000003,降负荷减购电区,0.0,-22.236400000000003
41.67416000000003,弃电吸收区,-41.67416000000003,0.0
34.03217999999998,弃电吸收区,-34.03217999999998,0.0
61.952800000000025,弃电吸收区,-61.952800000000025,0.0
86.61478000000005,弃电吸收区,-86.61478000000005,0.0
-19.291480000000035,降负荷减购电区,0.0,-19.291480000000035
-36.7149,降负荷减购电区,0.0,-36.7149
-40.63271999999995,降负荷减购电区,0.0,-40.63271999999995
-27.34608000000003,降负荷减购电区,0.0,-27.34608000000003
-28.639599999999973,降负荷减购电区,0.0,-28.639599999999973
-24.513400000000047,降负荷减购电区,0.0,-24.513400000000047
-51.57704000000001,降负荷减购电区,0.0,-51.57704000000001
-31.289660000000023,降负荷减购电区,0.0,-31.289660000000023
-7.275819999999953,降负荷减购电区,0.0,-7.275819999999953
59.1882,弃电吸收区,-59.1882,0.0
32.871599999999944,弃电吸收区,-32.871599999999944,0.0
22.32702000000006,弃电吸收区,-22.32702000000006,0.0
22.128759999999943,弃电吸收区,-22.128759999999943,0.0
22.25479999999993,弃电吸收区,-22.25479999999993,0.0
22.172000000000025,弃电吸收区,-22.172000000000025,0.0
22.19868000000008,弃电吸收区,-22.19868000000008,0.0
22.190399999999958,弃电吸收区,-22.190399999999958,0.0
22.156819999999925,弃电吸收区,-22.156819999999925,0.0
22.16095999999993,弃电吸收区,-22.16095999999993,0.0
21.849080000000072,弃电吸收区,-21.849080000000072,0.0
47.635760000000005,弃电吸收区,-47.635760000000005,0.0
64.23991999999993,弃电吸收区,-64.23991999999993,0.0
76.16127999999998,弃电吸收区,-76.16127999999998,0.0
88.61348000000004,弃电吸收区,-88.61348000000004,0.0
-30.206819999999936,降负荷减购电区,0.0,-30.206819999999936
-29.879759999999976,降负荷减购电区,0.0,-29.879759999999976
-25.704799999999977,降负荷减购电区,0.0,-25.704799999999977
-13.701100000000054,降负荷减购电区,0.0,-13.701100000000054
-17.519560000000013,降负荷减购电区,0.0,-17.519560000000013
-15.448640000000012,降负荷减购电区,0.0,-15.448640000000012
-25.00237999999996,降负荷减购电区,0.0,-25.00237999999996
-15.287180000000037,降负荷减购电区,0.0,-15.287180000000037
96.09952000000004,弃电吸收区,-96.09952000000004,0.0
94.74390000000004,弃电吸收区,-94.74390000000004,0.0
36.77148,弃电吸收区,-36.77148,0.0
22.068959999999947,弃电吸收区,-22.068959999999947,0.0
21.970519999999965,弃电吸收区,-21.970519999999965,0.0
22.34817999999996,弃电吸收区,-22.34817999999996,0.0
22.31092000000001,弃电吸收区,-22.31092000000001,0.0
22.26491999999996,弃电吸收区,-22.26491999999996,0.0
21.30305999999996,弃电吸收区,-21.30305999999996,0.0
22.29941999999994,弃电吸收区,-22.29941999999994,0.0
22.165559999999918,弃电吸收区,-22.165559999999918,0.0
22.27274,弃电吸收区,-22.27274,0.0
21.86518000000001,弃电吸收区,-21.86518000000001,0.0
56.884060000000034,弃电吸收区,-56.884060000000034,0.0
56.42543999999998,弃电吸收区,-56.42543999999998,0.0
45.85555999999997,弃电吸收区,-45.85555999999997,0.0
53.19808,弃电吸收区,-53.19808,0.0
31.686639999999898,弃电吸收区,-31.686639999999898,0.0
48.96930000000003,弃电吸收区,-48.96930000000003,0.0
67.20232000000004,弃电吸收区,-67.20232000000004,0.0
59.4067,弃电吸收区,-59.4067,0.0
63.10555999999997,弃电吸收区,-63.10555999999997,0.0
62.59404000000001,弃电吸收区,-62.59404000000001,0.0
54.85131999999993,弃电吸收区,-54.85131999999993,0.0
45.482039999999984,弃电吸收区,-45.482039999999984,0.0
43.78924000000001,弃电吸收区,-43.78924000000001,0.0
22.241919999999936,弃电吸收区,-22.241919999999936,0.0
21.81136000000004,弃电吸收区,-21.81136000000004,0.0
21.95119999999997,弃电吸收区,-21.95119999999997,0.0
22.29941999999994,弃电吸收区,-22.29941999999994,0.0
22.268599999999992,弃电吸收区,-22.268599999999992,0.0
22.34541999999999,弃电吸收区,-22.34541999999999,0.0
21.65127999999993,弃电吸收区,-21.65127999999993,0.0
-6.126279999999952,降负荷减购电区,0.0,-6.126279999999952
-11.986220000000005,降负荷减购电区,0.0,-11.986220000000005
-11.599359999999932,降负荷减购电区,0.0,-11.599359999999932
-9.479220000000057,降负荷减购电区,0.0,-9.479220000000057
70.95177999999999,弃电吸收区,-70.95177999999999,0.0
73.24028000000004,弃电吸收区,-73.24028000000004,0.0
63.53934000000004,弃电吸收区,-63.53934000000004,0.0
66.38904000000002,弃电吸收区,-66.38904000000002,0.0
71.69376,弃电吸收区,-71.69376,0.0
67.22991999999988,弃电吸收区,-67.22991999999988,0.0
-18.457040000000006,降负荷减购电区,0.0,-18.457040000000006
-8.811759999999992,降负荷减购电区,0.0,-8.811759999999992
-30.38760000000002,降负荷减购电区,0.0,-30.38760000000002
-28.95056,降负荷减购电区,0.0,-28.95056
-51.30747999999994,降负荷减购电区,0.0,-51.30747999999994
-52.01679999999999,降负荷减购电区,0.0,-52.01679999999999
-64.57204000000002,降负荷减购电区,0.0,-64.57204000000002
-63.23297999999994,降负荷减购电区,0.0,-63.23297999999994
-47.981679999999926,降负荷减购电区,0.0,-47.981679999999926
-35.56536,降负荷减购电区,0.0,-35.56536
-23.73968000000002,降负荷减购电区,0.0,-23.73968000000002
-20.23447999999996,降负荷减购电区,0.0,-20.23447999999996
-18.65622000000008,降负荷减购电区,0.0,-18.65622000000008
-17.49840000000006,降负荷减购电区,0.0,-17.49840000000006
22.355999999999995,弃电吸收区,-22.355999999999995,0.0
22.25112000000001,弃电吸收区,-22.25112000000001,0.0
22.28699999999992,弃电吸收区,-22.28699999999992,0.0
22.16372000000001,弃电吸收区,-22.16372000000001,0.0
60.23884000000004,弃电吸收区,-60.23884000000004,0.0
58.89656000000008,弃电吸收区,-58.89656000000008,0.0
60.59442000000007,弃电吸收区,-60.59442000000007,0.0
59.76733999999999,弃电吸收区,-59.76733999999999,0.0
57.857879999999966,弃电吸收区,-57.857879999999966,0.0
58.57916000000006,弃电吸收区,-58.57916000000006,0.0
59.31148000000002,弃电吸收区,-59.31148000000002,0.0
60.69009999999997,弃电吸收区,-60.69009999999997,0.0
67.45853999999997,弃电吸收区,-67.45853999999997,0.0
60.64916,弃电吸收区,-60.64916,0.0
62.21868000000006,弃电吸收区,-62.21868000000006,0.0
57.70516000000004,弃电吸收区,-57.70516000000004,0.0
73.08663999999999,弃电吸收区,-73.08663999999999,0.0
46.91126000000008,弃电吸收区,-46.91126000000008,0.0
-29.861360000000047,降负荷减购电区,0.0,-29.861360000000047
-44.34216000000004,降负荷减购电区,0.0,-44.34216000000004
-61.83871999999997,降负荷减购电区,0.0,-61.83871999999997
-44.92543999999998,降负荷减购电区,0.0,-44.92543999999998
-32.154920000000004,降负荷减购电区,0.0,-32.154920000000004
22.13657999999998,弃电吸收区,-22.13657999999998,0.0
22.20695999999998,弃电吸收区,-22.20695999999998,0.0
-9.28832,降负荷减购电区,0.0,-9.28832
-23.126960000000054,降负荷减购电区,0.0,-23.126960000000054
-27.879680000000008,降负荷减购电区,0.0,-27.879680000000008
-33.25800000000004,降负荷减购电区,0.0,-33.25800000000004
-47.83218,降负荷减购电区,0.0,-47.83218
-57.99495999999999,降负荷减购电区,0.0,-57.99495999999999
-52.65711999999996,降负荷减购电区,0.0,-52.65711999999996
-31.077600000000015,降负荷减购电区,0.0,-31.077600000000015
-9.894600000000024,降负荷减购电区,0.0,-9.894600000000024
-7.733519999999999,降负荷减购电区,0.0,-7.733519999999999
-8.982880000000023,降负荷减购电区,0.0,-8.982880000000023
-11.563939999999944,降负荷减购电区,0.0,-11.563939999999944
50.437620000000095,弃电吸收区,-50.437620000000095,0.0
38.71590000000003,弃电吸收区,-38.71590000000003,0.0
53.96536000000003,弃电吸收区,-53.96536000000003,0.0
63.01264000000003,弃电吸收区,-63.01264000000003,0.0
22.20189999999991,弃电吸收区,-22.20189999999991,0.0
21.916700000000105,弃电吸收区,-21.916700000000105,0.0
22.341280000000097,弃电吸收区,-22.341280000000097,0.0
22.266759999999977,弃电吸收区,-22.266759999999977,0.0
22.34312,弃电吸收区,-22.34312,0.0
-8.176960000000008,降负荷减购电区,0.0,-8.176960000000008
-17.785439999999994,降负荷减购电区,0.0,-17.785439999999994
22.21478000000002,弃电吸收区,-22.21478000000002,0.0
22.00502000000006,弃电吸收区,-22.00502000000006,0.0
22.169239999999945,弃电吸收区,-22.169239999999945,0.0
32.92725999999993,弃电吸收区,-32.92725999999993,0.0
-21.940619999999967,降负荷减购电区,0.0,-21.940619999999967
50.28536000000008,弃电吸收区,-50.28536000000008,0.0
52.50347999999997,弃电吸收区,-52.50347999999997,0.0
57.90755999999999,弃电吸收区,-57.90755999999999,0.0
56.737319999999954,弃电吸收区,-56.737319999999954,0.0
58.66840000000002,弃电吸收区,-58.66840000000002,0.0
63.84202000000005,弃电吸收区,-63.84202000000005,0.0
43.84674000000001,弃电吸收区,-43.84674000000001,0.0
55.14847999999995,弃电吸收区,-55.14847999999995,0.0
55.53441999999996,弃电吸收区,-55.53441999999996,0.0
56.88451999999995,弃电吸收区,-56.88451999999995,0.0
57.49953999999997,弃电吸收区,-57.49953999999997,0.0
58.2921199999999,弃电吸收区,-58.2921199999999,0.0
60.93343999999996,弃电吸收区,-60.93343999999996,0.0
22.327479999999923,弃电吸收区,-22.327479999999923,0.0
22.23272000000009,弃电吸收区,-22.23272000000009,0.0
21.99858000000006,弃电吸收区,-21.99858000000006,0.0
22.29988000000003,弃电吸收区,-22.29988000000003,0.0
22.21478000000002,弃电吸收区,-22.21478000000002,0.0
21.81412000000012,弃电吸收区,-21.81412000000012,0.0
22.236400000000003,弃电吸收区,-22.236400000000003,0.0
22.16280000000006,弃电吸收区,-22.16280000000006,0.0
22.2088,弃电吸收区,-22.2088,0.0
22.34173999999996,弃电吸收区,-22.34173999999996,0.0
49.20389999999992,弃电吸收区,-49.20389999999992,0.0
51.92617999999993,弃电吸收区,-51.92617999999993,0.0
64.74316000000005,弃电吸收区,-64.74316000000005,0.0
68.66879999999998,弃电吸收区,-68.66879999999998,0.0
65.10379999999992,弃电吸收区,-65.10379999999992,0.0
62.97399999999999,弃电吸收区,-62.97399999999999,0.0
65.51089999999999,弃电吸收区,-65.51089999999999,0.0
66.28370000000001,弃电吸收区,-66.28370000000001,0.0
67.47647999999998,弃电吸收区,-67.47647999999998,0.0
67.09881999999993,弃电吸收区,-67.09881999999993,0.0
65.69397999999995,弃电吸收区,-65.69397999999995,0.0
58.79950000000002,弃电吸收区,-58.79950000000002,0.0
57.91814,购电边际区,-57.91814,0.0
49.81708000000003,购电边际区,-49.81708000000003,0.0
52.45288000000005,弃电吸收区,-52.45288000000005,0.0
60.94080000000002,弃电吸收区,-60.94080000000002,0.0
67.06707999999998,弃电吸收区,-67.06707999999998,0.0
58.21668000000005,弃电吸收区,-58.21668000000005,0.0
-63.89760000000001,降负荷减购电区,0.0,-63.89760000000001
-75.22304000000003,降负荷减购电区,0.0,-75.22304000000003
-130.57066666666668,降负荷减购电区,0.0,-130.57066666666668
-125.84405333333324,降负荷减购电区,0.0,-125.84405333333324
-130.80874666666676,降负荷减购电区,0.0,-130.80874666666676
-128.56149333333332,降负荷减购电区,0.0,-128.56149333333332
-105.2928,降负荷减购电区,0.0,-105.2928
-137.07733333333334,降负荷减购电区,0.0,-137.07733333333334
-114.72981333333335,降负荷减购电区,0.0,-114.72981333333335
-106.87829333333332,降负荷减购电区,0.0,-106.87829333333332
-97.2270933333333,降负荷减购电区,0.0,-97.2270933333333
-99.29471999999998,降负荷减购电区,0.0,-99.29471999999998
-104.93440000000004,降负荷减购电区,0.0,-104.93440000000004
-82.35264000000001,降负荷减购电区,0.0,-82.35264000000001
-121.49845333333332,降负荷减购电区,0.0,-121.49845333333332
-126.89237333333335,降负荷减购电区,0.0,-126.89237333333335
-95.36000000000004,降负荷减购电区,0.0,-95.36000000000004
186.76650666666663,弃电吸收区,-186.76650666666663,0.0
192.81834666666663,弃电吸收区,-192.81834666666663,0.0
177.3060266666667,弃电吸收区,-177.3060266666667,0.0
18.75327999999996,弃电吸收区,-18.75327999999996,0.0
-114.36160000000004,降负荷回退弃电区,0.0,-114.36160000000004
-123.64117333333344,降负荷回退弃电区,0.0,-123.64117333333344
-99.3706666666667,降负荷减购电区,0.0,-99.3706666666667
-107.41888,降负荷减购电区,0.0,-107.41888
-79.92319999999995,降负荷减购电区,0.0,-79.92319999999995
-65.23093333333333,降负荷减购电区,0.0,-65.23093333333333
-95.92320000000012,降负荷减购电区,0.0,-95.92320000000012
-179.35359999999997,降负荷减购电区,0.0,-179.35359999999997
-149.49973333333327,降负荷减购电区,0.0,-149.49973333333327
-113.59231999999996,降负荷减购电区,0.0,-113.59231999999996
-100.75050666666664,降负荷减购电区,0.0,-100.75050666666664
-87.59807999999998,降负荷减购电区,0.0,-87.59807999999998
-73.73141333333331,降负荷减购电区,0.0,-73.73141333333331
-110.7541333333333,降负荷减购电区,0.0,-110.7541333333333
-113.06624,降负荷减购电区,0.0,-113.06624
-163.3262933333333,降负荷减购电区,0.0,-163.3262933333333
-161.6452266666667,降负荷减购电区,0.0,-161.6452266666667
-158.41450666666668,降负荷减购电区,0.0,-158.41450666666668
-130.31082666666669,降负荷减购电区,0.0,-130.31082666666669
167.89717333333334,弃电吸收区,-167.89717333333334,0.0
166.5710933333333,弃电吸收区,-166.5710933333333,0.0
195.99103999999997,弃电吸收区,-195.99103999999997,0.0
194.22506666666663,弃电吸收区,-194.22506666666663,0.0
192.70399999999995,弃电吸收区,-192.70399999999995,0.0
187.8941866666666,弃电吸收区,-187.8941866666666,0.0
132.03882666666664,购电边际区,-130.2388,1.8000266666666391
122.94399999999996,弃电吸收区,-122.94399999999996,0.0
109.46986666666658,弃电吸收区,-109.46986666666658,0.0
-26.604373333333346,降负荷减购电区,0.0,-26.604373333333346
-45.8013866666667,降负荷减购电区,0.0,-45.8013866666667
-41.4365866666667,降负荷减购电区,0.0,-41.4365866666667
-41.56543999999997,降负荷减购电区,0.0,-41.56543999999997
-96.48639999999996,降负荷减购电区,0.0,-96.48639999999996
-110.3803733333333,降负荷减购电区,0.0,-110.3803733333333
-120.4206933333333,降负荷减购电区,0.0,-120.4206933333333
-142.71317333333326,降负荷减购电区,0.0,-142.71317333333326
-167.7755733333334,降负荷减购电区,0.0,-167.7755733333334
-182.21696,降负荷减购电区,0.0,-182.21696
-158.0484266666666,降负荷减购电区,0.0,-158.0484266666666
-185.7813333333334,降负荷减购电区,0.0,-185.7813333333334
-192.78336,降负荷减购电区,0.0,-192.78336
-161.30773333333332,降负荷减购电区,0.0,-161.30773333333332
-196.7876266666667,降负荷减购电区,0.0,-196.7876266666667
-185.23818666666668,降负荷回退弃电区,0.3329866666666703,-184.9052
-10.839040000000011,降负荷回退弃电区,0.334940000000012,-10.5041
80.87722666666667,弃电吸收区,-80.87722666666667,0.0
121.97205333333328,弃电吸收区,-121.97205333333328,0.0
-35.42229333333336,降负荷回退弃电区,9.097093333333358,-26.3252
-138.76906666666662,降负荷回退弃电区,0.0,-138.76906666666662
130.6308266666668,弃电吸收区,-130.6308266666668,0.0
127.9206400000001,弃电吸收区,-127.9206400000001,0.0
130.20074666666687,弃电吸收区,-130.20074666666687,0.0
86.63082666666668,弃电吸收区,-86.63082666666668,0.0
-34.77760000000001,降负荷减购电区,0.0,-34.77760000000001
-109.20618666666672,降负荷减购电区,0.0,-109.20618666666672
-178.64917333333335,降负荷减购电区,0.0,-178.64917333333335
-136.76629333333335,降负荷减购电区,0.0,-136.76629333333335
-121.86282666666663,降负荷减购电区,0.0,-121.86282666666663
-61.31370666666669,降负荷减购电区,0.0,-61.31370666666669
-60.56320000000005,降负荷减购电区,0.0,-60.56320000000005
-49.29792000000003,降负荷减购电区,0.0,-49.29792000000003
-65.27658666666667,降负荷减购电区,0.0,-65.27658666666667
-41.01290666666671,降负荷减购电区,0.0,-41.01290666666671
-69.31626666666665,降负荷减购电区,0.0,-69.31626666666665
-71.1232,降负荷减购电区,0.0,-71.1232
-79.9744,降负荷减购电区,0.0,-79.9744
-61.876480000000015,降负荷减购电区,0.0,-61.876480000000015
-38.52586666666667,降负荷减购电区,0.0,-38.52586666666667
153.41312,弃电吸收区,-153.41312,0.0
162.4034133333334,弃电吸收区,-162.4034133333334,0.0
167.20213333333328,弃电吸收区,-167.20213333333328,0.0
98.16405333333336,弃电吸收区,-98.16405333333336,0.0
-37.19722666666672,降负荷减购电区,0.0,-37.19722666666672
-87.20384000000001,降负荷减购电区,0.0,-87.20384000000001
-109.26335999999998,降负荷减购电区,0.0,-109.26335999999998
-137.07135999999997,降负荷减购电区,0.0,-137.07135999999997
-109.93237333333336,降负荷减购电区,0.0,-109.93237333333336
-82.75455999999997,降负荷减购电区,0.0,-82.75455999999997
-69.69429333333329,降负荷减购电区,0.0,-69.69429333333329
-67.65013333333332,降负荷减购电区,0.0,-67.65013333333332
-85.19679999999994,降负荷减购电区,0.0,-85.19679999999994
-89.1084800000001,降负荷减购电区,0.0,-89.1084800000001
-81.5104,降负荷减购电区,0.0,-81.5104
-91.81439999999998,降负荷减购电区,0.0,-91.81439999999998
-104.49280000000005,降负荷减购电区,0.0,-104.49280000000005
-71.44448,降负荷减购电区,0.0,-71.44448
-66.61973333333339,降负荷减购电区,0.0,-66.61973333333339
-70.96320000000003,降负荷减购电区,0.0,-70.96320000000003
-131.20853333333332,降负荷减购电区,0.0,-131.20853333333332
-162.75626666666665,降负荷减购电区,0.0,-162.75626666666665
-87.72778666666665,降负荷减购电区,0.0,-87.72778666666665
-119.79434666666668,降负荷减购电区,0.0,-119.79434666666668
150.81045333333333,弃电吸收区,-150.81045333333333,0.0
122.82794666666672,弃电吸收区,-122.82794666666672,0.0
141.0005333333334,弃电吸收区,-141.0005333333334,0.0
-66.2408533333334,降负荷回退弃电区,58.06925333333341,-8.1716
-144.1992533333334,降负荷回退弃电区,0.0,-144.1992533333334
-136.72405333333333,降负荷回退弃电区,0.0,-136.72405333333333
-163.86816000000002,降负荷回退弃电区,0.0,-163.86816000000002
-164.71808,降负荷减购电区,0.0,-164.71808
-212.41941333333332,降负荷回退弃电区,0.0,-212.41941333333332
-211.44064000000003,降负荷回退弃电区,0.0,-211.44064000000003
-197.53301333333343,降负荷减购电区,0.0,-197.53301333333343
-196.0810666666667,降负荷减购电区,0.0,-196.0810666666667
-154.58986666666675,降负荷减购电区,0.0,-154.58986666666675
-169.18016,降负荷减购电区,0.0,-169.18016
-191.97269333333335,降负荷减购电区,0.0,-191.97269333333335
-234.2656000000001,降负荷减购电区,0.0,-234.2656000000001
-224.76288000000005,降负荷减购电区,0.0,-224.76288000000005
-162.93376,降负荷减购电区,0.0,-162.93376
-165.9541333333333,降负荷减购电区,0.0,-165.9541333333333
-143.47519999999997,降负荷减购电区,0.0,-143.47519999999997
-183.78752,降负荷减购电区,0.0,-183.78752
-128.3946666666667,降负荷减购电区,0.0,-128.3946666666667
-130.01216000000002,降负荷减购电区,0.0,-130.01216000000002
-98.1661866666667,降负荷减购电区,0.0,-98.1661866666667
101.6273066666667,弃电吸收区,-101.6273066666667,0.0
76.78037333333344,弃电吸收区,-76.78037333333344,0.0
110.01301333333332,弃电吸收区,-110.01301333333332,0.0
206.75157333333328,弃电吸收区,-206.75157333333328,0.0
176.45781333333326,弃电吸收区,-176.45781333333326,0.0
132.12117333333322,弃电吸收区,-132.12117333333322,0.0
129.55349333333334,购电边际区,-125.7001,3.8533933333333295
170.2997333333334,购电边际区,-140.0149,30.28483333333338
216.70656,购电边际区,-146.1726,70.53396000000004
194.7255466666668,购电边际区,-191.9947,2.7308466666667925
180.34858666666665,弃电吸收区,-180.34858666666665,0.0
93.71861333333334,弃电吸收区,-93.71861333333334,0.0
-64.81920000000002,降负荷减购电区,0.0,-64.81920000000002
-116.63871999999998,降负荷减购电区,0.0,-116.63871999999998
-119.78410666666662,降负荷减购电区,0.0,-119.78410666666662
-144.56618666666668,降负荷减购电区,0.0,-144.56618666666668
-179.83231999999998,降负荷减购电区,0.0,-179.83231999999998
-161.68832000000003,降负荷减购电区,0.0,-161.68832000000003
-101.35381333333332,降负荷减购电区,0.0,-101.35381333333332
-64.32213333333334,降负荷减购电区,0.0,-64.32213333333334
-74.12096000000008,降负荷减购电区,0.0,-74.12096000000008
-95.42058666666668,降负荷减购电区,0.0,-95.42058666666668
-61.1153066666667,降负荷减购电区,0.0,-61.1153066666667
-62.58815999999996,降负荷减购电区,0.0,-62.58815999999996
116.9066666666667,弃电吸收区,-116.9066666666667,0.0
122.37312000000009,弃电吸收区,-122.37312000000009,0.0
97.57354666666674,弃电吸收区,-97.57354666666674,0.0
101.14901333333324,弃电吸收区,-101.14901333333324,0.0
146.4938666666667,弃电吸收区,-146.4938666666667,0.0
123.24437333333331,弃电吸收区,-123.24437333333331,0.0
127.62453333333336,弃电吸收区,-127.62453333333336,0.0
152.55893333333336,购电边际区,-137.4938,15.065133333333364
156.9066666666668,弃电吸收区,-156.9066666666668,0.0
139.80885333333345,弃电吸收区,-139.80885333333345,0.0
128.30293333333327,弃电吸收区,-128.30293333333327,0.0
160.8337066666668,弃电吸收区,-160.8337066666668,0.0
196.88874666666675,弃电吸收区,-196.88874666666675,0.0
198.7767466666669,弃电吸收区,-198.7767466666669,0.0
228.1271466666667,弃电吸收区,-228.1271466666667,0.0
241.824,弃电吸收区,-241.824,0.0
259.9551999999999,弃电吸收区,-259.9551999999999,0.0
241.21642666666665,弃电吸收区,-241.21642666666665,0.0
111.86346666666668,弃电吸收区,-111.86346666666668,0.0
-90.38378666666672,降负荷减购电区,0.0,-90.38378666666672
-151.52639999999997,降负荷减购电区,0.0,-151.52639999999997
-204.03626666666668,降负荷减购电区,0.0,-204.03626666666668
-204.06016,降负荷回退弃电区,0.7451600000000269,-203.315
-187.63093333333333,降负荷回退弃电区,0.318633333333338,-187.3123
56.70101333333344,弃电吸收区,-56.70101333333344,0.0
106.93930666666672,弃电吸收区,-106.93930666666672,0.0
51.09119999999996,弃电吸收区,-51.09119999999996,0.0
-19.689813333333348,降负荷回退弃电区,0.2512133333333466,-19.4386
-154.03989333333337,降负荷回退弃电区,4.892793333333373,-149.1471
-152.90197333333336,降负荷回退弃电区,0.0,-152.90197333333336
-105.38026666666669,降负荷减购电区,0.0,-105.38026666666669
-157.86496,降负荷减购电区,0.0,-157.86496
-119.92149333333332,降负荷减购电区,0.0,-119.92149333333332
119.62154666666667,弃电吸收区,-119.62154666666667,0.0
98.93077333333338,弃电吸收区,-98.93077333333338,0.0
109.8427733333333,弃电吸收区,-109.8427733333333,0.0
116.61354666666648,弃电吸收区,-116.61354666666648,0.0
131.95434666666654,弃电吸收区,-131.95434666666654,0.0
-37.13365333333343,降负荷减购电区,0.0,-37.13365333333343
-89.32864000000006,降负荷减购电区,0.0,-89.32864000000006
-153.96480000000008,降负荷减购电区,0.0,-153.96480000000008
-196.96085333333335,降负荷减购电区,0.0,-196.96085333333335
-171.77770666666677,降负荷减购电区,0.0,-171.77770666666677
-169.65120000000007,降负荷减购电区,0.0,-169.65120000000007
-169.93066666666664,降负荷减购电区,0.0,-169.93066666666664
-107.51359999999994,降负荷减购电区,0.0,-107.51359999999994
-86.56384000000003,降负荷减购电区,0.0,-86.56384000000003
-62.13162666666665,降负荷减购电区,0.0,-62.13162666666665
175.7883733333333,弃电吸收区,-175.7883733333333,0.0
148.29567999999995,弃电吸收区,-148.29567999999995,0.0
166.3022933333333,弃电吸收区,-166.3022933333333,0.0
-8.354559999999879,降负荷回退弃电区,8.354559999999879,-0.0
-92.15018666666664,降负荷减购电区,0.0,-92.15018666666664
-128.4334933333334,降负荷回退弃电区,0.0,-128.4334933333334
-108.54399999999998,降负荷减购电区,0.0,-108.54399999999998
-101.7617066666666,降负荷减购电区,0.0,-101.7617066666666
-100.22655999999996,降负荷减购电区,0.0,-100.22655999999996
-144.27818666666667,降负荷减购电区,0.0,-144.27818666666667
-156.97066666666672,降负荷减购电区,0.0,-156.97066666666672
-150.05184000000003,降负荷减购电区,0.0,-150.05184000000003
-159.84554666666668,降负荷减购电区,0.0,-159.84554666666668
-163.77514666666667,降负荷减购电区,0.0,-163.77514666666667
-223.2635733333334,降负荷减购电区,0.0,-223.2635733333334
-233.53216000000003,降负荷减购电区,0.0,-233.53216000000003
-207.36768,降负荷减购电区,0.0,-207.36768
-154.21909333333332,降负荷减购电区,0.0,-154.21909333333332
141.9673600000001,弃电吸收区,-141.9673600000001,0.0
128.9045333333334,弃电吸收区,-128.9045333333334,0.0
155.27680000000026,弃电吸收区,-155.27680000000026,0.0
208.3882666666667,弃电吸收区,-208.3882666666667,0.0
206.26346666666683,弃电吸收区,-206.26346666666683,0.0
227.1522133333333,弃电吸收区,-227.1522133333333,0.0
209.54069333333345,弃电吸收区,-209.54069333333345,0.0
239.49184,弃电吸收区,-239.49184,0.0
169.32437333333337,弃电吸收区,-169.32437333333337,0.0
95.54218666666674,弃电吸收区,-95.54218666666674,0.0
-48.99200000000002,降负荷减购电区,0.0,-48.99200000000002
-96.20735999999997,降负荷减购电区,0.0,-96.20735999999997
-98.28650666666664,降负荷减购电区,0.0,-98.28650666666664
-92.08832,降负荷减购电区,0.0,-92.08832
-82.8032,降负荷减购电区,0.0,-82.8032
-90.49898666666668,降负荷减购电区,0.0,-90.49898666666668
-118.28906666666671,降负荷减购电区,0.0,-118.28906666666671
-143.8412800000001,降负荷减购电区,0.0,-143.8412800000001
-155.77173333333326,降负荷减购电区,0.0,-155.77173333333326
-193.2202666666667,降负荷减购电区,0.0,-193.2202666666667
-211.27509333333347,降负荷减购电区,0.0,-211.27509333333347
-180.08405333333337,降负荷减购电区,0.0,-180.08405333333337
-179.52170666666672,降负荷减购电区,0.0,-179.52170666666672
-193.93194666666665,降负荷减购电区,0.0,-193.93194666666665
-173.4690133333333,降负荷减购电区,0.0,-173.4690133333333
-207.04896,降负荷减购电区,0.0,-207.04896
-183.7504,降负荷减购电区,0.0,-183.7504
-143.10570666666666,降负荷减购电区,0.0,-143.10570666666666
-123.52512,降负荷减购电区,0.0,-123.52512
-129.03679999999997,降负荷减购电区,0.0,-129.03679999999997
-5.533013333333315,降负荷回退弃电区,2.678413333333315,-2.8546
104.2005333333334,弃电吸收区,-104.2005333333334,0.0
99.68384000000005,弃电吸收区,-99.68384000000005,0.0
96.30250666666666,弃电吸收区,-96.30250666666666,0.0
121.91487999999993,弃电吸收区,-121.91487999999993,0.0
131.8613333333333,购电边际区,-129.4128,2.44853333333333
127.36170666666676,弃电吸收区,-127.36170666666676,0.0
133.1507200000001,购电边际区,-130.8412,2.3095200000001057
142.47552000000007,弃电吸收区,-142.47552000000007,0.0
110.0151466666668,弃电吸收区,-110.0151466666668,0.0
165.16181333333338,弃电吸收区,-165.16181333333338,0.0
171.73120000000006,弃电吸收区,-171.73120000000006,0.0
94.35093333333327,弃电吸收区,-94.35093333333327,0.0
-43.87327999999991,降负荷减购电区,0.0,-43.87327999999991
129.51125333333346,弃电吸收区,-129.51125333333346,0.0
163.61258666666686,弃电吸收区,-163.61258666666686,0.0
196.7424000000001,弃电吸收区,-196.7424000000001,0.0
203.7077333333333,弃电吸收区,-203.7077333333333,0.0
188.21162666666663,弃电吸收区,-188.21162666666663,0.0
107.24821333333324,弃电吸收区,-107.24821333333324,0.0
-32.68522666666672,降负荷减购电区,0.0,-32.68522666666672
-128.1514666666667,降负荷减购电区,0.0,-128.1514666666667
-131.8246400000001,降负荷减购电区,0.0,-131.8246400000001
-90.12181333333334,降负荷减购电区,0.0,-90.12181333333334
173.05002666666667,弃电吸收区,-173.05002666666667,0.0
193.3597866666667,弃电吸收区,-193.3597866666667,0.0
117.91530666666677,弃电吸收区,-117.91530666666677,0.0
-18.483626666666623,降负荷回退弃电区,1.824726666666624,-16.6589
-120.63232000000004,降负荷回退弃电区,0.0,-120.63232000000004
-110.82666666666664,降负荷减购电区,0.0,-110.82666666666664
-105.04448000000002,降负荷减购电区,0.0,-105.04448000000002
-104.4706133333334,降负荷减购电区,0.0,-104.4706133333334
-70.9290666666667,降负荷减购电区,0.0,-70.9290666666667
-123.8481066666667,降负荷减购电区,0.0,-123.8481066666667
-104.55552,降负荷减购电区,0.0,-104.55552
-88.29696000000007,降负荷减购电区,0.0,-88.29696000000007
-130.1461333333333,降负荷减购电区,0.0,-130.1461333333333
-154.04714666666666,降负荷减购电区,0.0,-154.04714666666666
-162.76309333333336,降负荷减购电区,0.0,-162.76309333333336
-111.02208000000002,降负荷减购电区,0.0,-111.02208000000002
-100.96426666666662,降负荷减购电区,0.0,-100.96426666666662
-153.9328,降负荷减购电区,0.0,-153.9328
-182.64064,降负荷减购电区,0.0,-182.64064
-117.28213333333338,降负荷减购电区,0.0,-117.28213333333338
-133.69642666666664,降负荷减购电区,0.0,-133.69642666666664
-149.1648,降负荷减购电区,0.0,-149.1648
-152.58239999999998,降负荷减购电区,0.0,-152.58239999999998
-86.18837333333332,降负荷减购电区,0.0,-86.18837333333332
240.57002666666665,弃电吸收区,-240.57002666666665,0.0
216.4650666666667,弃电吸收区,-216.4650666666667,0.0
202.63765333333333,弃电吸收区,-202.63765333333333,0.0
-16.907520000000034,降负荷回退弃电区,0.0455200000000353,-16.862
-83.30368000000004,降负荷回退弃电区,0.0,-83.30368000000004
-90.00319999999999,降负荷减购电区,0.0,-90.00319999999999
-114.90986666666664,降负荷减购电区,0.0,-114.90986666666664
-97.90890666666668,降负荷减购电区,0.0,-97.90890666666668
-137.35594666666668,降负荷减购电区,0.0,-137.35594666666668
-145.42336,降负荷减购电区,0.0,-145.42336
-145.84576000000004,降负荷减购电区,0.0,-145.84576000000004
-138.46528,降负荷减购电区,0.0,-138.46528
-152.1292800000001,降负荷减购电区,0.0,-152.1292800000001
-198.93461333333343,降负荷减购电区,0.0,-198.93461333333343
-214.94186666666675,降负荷减购电区,0.0,-214.94186666666675
-161.68576000000007,降负荷减购电区,0.0,-161.68576000000007
-100.1557333333334,降负荷减购电区,0.0,-100.1557333333334
-110.79509333333328,降负荷减购电区,0.0,-110.79509333333328
-101.00736,降负荷减购电区,0.0,-101.00736
-79.36256000000003,降负荷减购电区,0.0,-79.36256000000003
-109.93023999999996,降负荷减购电区,0.0,-109.93023999999996
-112.38485333333335,降负荷减购电区,0.0,-112.38485333333335
-157.73269333333337,降负荷减购电区,0.0,-157.73269333333337
-100.21376,降负荷减购电区,0.0,-100.21376
180.3622400000001,弃电吸收区,-180.3622400000001,0.0
218.0096,弃电吸收区,-218.0096,0.0
177.35082666666665,弃电吸收区,-177.35082666666665,0.0
156.7061333333333,弃电吸收区,-156.7061333333333,0.0
-57.28255999999999,降负荷减购电区,0.0,-57.28255999999999
-89.39221333333336,降负荷减购电区,0.0,-89.39221333333336
-83.37493333333333,降负荷减购电区,0.0,-83.37493333333333
-98.11797333333334,降负荷减购电区,0.0,-98.11797333333334
-94.07872000000005,降负荷减购电区,0.0,-94.07872000000005
-138.89023999999995,降负荷减购电区,0.0,-138.89023999999995
-111.51872000000004,降负荷减购电区,0.0,-111.51872000000004
-101.93493333333332,降负荷减购电区,0.0,-101.93493333333332
-115.71967999999993,降负荷减购电区,0.0,-115.71967999999993
-119.0203733333334,降负荷减购电区,0.0,-119.0203733333334
-77.93450666666672,降负荷减购电区,0.0,-77.93450666666672
-131.6608,降负荷减购电区,0.0,-131.6608
-135.00799999999998,降负荷减购电区,0.0,-135.00799999999998
-166.86933333333332,降负荷减购电区,0.0,-166.86933333333332
-201.71349333333336,降负荷减购电区,0.0,-201.71349333333336
-166.4955733333333,降负荷减购电区,0.0,-166.4955733333333
-166.76266666666663,降负荷减购电区,0.0,-166.76266666666663
-173.6789333333334,降负荷减购电区,0.0,-173.6789333333334
-153.85599999999997,降负荷减购电区,0.0,-153.85599999999997
-71.77770666666669,降负荷减购电区,0.0,-71.77770666666669
191.18207999999996,弃电吸收区,-191.18207999999996,0.0
215.22176000000007,弃电吸收区,-215.22176000000007,0.0
206.36800000000005,弃电吸收区,-206.36800000000005,0.0
100.4526933333334,弃电吸收区,-100.4526933333334,0.0
-113.47584000000006,降负荷回退弃电区,0.0,-113.47584000000006
-130.16832,降负荷回退弃电区,0.0,-130.16832
-109.74933333333333,降负荷减购电区,0.0,-109.74933333333333
-62.99306666666661,降负荷减购电区,0.0,-62.99306666666661
-86.7072,降负荷减购电区,0.0,-86.7072
-126.01173333333332,降负荷减购电区,0.0,-126.01173333333332
-123.34464000000008,降负荷减购电区,0.0,-123.34464000000008
-143.2439466666666,降负荷减购电区,0.0,-143.2439466666666
-165.76512000000008,降负荷减购电区,0.0,-165.76512000000008
-165.6661333333333,降负荷减购电区,0.0,-165.6661333333333
-156.5700266666667,降负荷减购电区,0.0,-156.5700266666667
-119.4410666666666,降负荷减购电区,0.0,-119.4410666666666
-173.57397333333336,降负荷减购电区,0.0,-173.57397333333336
-204.68607999999995,降负荷减购电区,0.0,-204.68607999999995
-250.20586666666665,降负荷减购电区,0.0,-250.20586666666665
-225.5684266666666,降负荷减购电区,0.0,-225.5684266666666
-209.46944,降负荷减购电区,0.0,-209.46944
-110.45589333333328,降负荷减购电区,0.0,-110.45589333333328
-56.14421333333337,降负荷减购电区,0.0,-56.14421333333337
-37.577386666666655,降负荷减购电区,0.0,-37.577386666666655
262.3872000000002,弃电吸收区,-262.3872000000002,0.0
251.75551999999996,弃电吸收区,-251.75551999999996,0.0
175.9897600000001,弃电吸收区,-175.9897600000001,0.0
-10.06463999999994,降负荷回退弃电区,0.2611399999999406,-9.8035
-138.5557333333333,降负荷回退弃电区,0.0,-138.5557333333333
-221.85173333333336,降负荷回退弃电区,0.5477333333333547,-221.304
-265.93664000000007,降负荷回退弃电区,12.27174000000008,-253.6649
-254.09194666666667,降负荷回退弃电区,0.0,-254.09194666666667
-213.1029333333333,降负荷回退弃电区,0.0,-213.1029333333333
-161.92981333333336,降负荷减购电区,0.0,-161.92981333333336
-188.2867199999999,降负荷减购电区,0.0,-188.2867199999999
-238.2762666666667,降负荷回退弃电区,0.0,-238.2762666666667
-176.96042666666676,降负荷减购电区,0.0,-176.96042666666676
-194.2784,降负荷减购电区,0.0,-194.2784
-207.0920533333333,降负荷减购电区,0.0,-207.0920533333333
-200.61397333333335,降负荷减购电区,0.0,-200.61397333333335
-201.69941333333333,降负荷减购电区,0.0,-201.69941333333333
-181.59658666666667,降负荷减购电区,0.0,-181.59658666666667
-134.50752,降负荷减购电区,0.0,-134.50752
-46.577920000000006,降负荷减购电区,0.0,-46.577920000000006
-33.27189333333337,降负荷减购电区,0.0,-33.27189333333337
-38.7072,降负荷减购电区,0.0,-38.7072
-60.33066666666667,降负荷减购电区,0.0,-60.33066666666667
-68.96042666666662,降负荷减购电区,0.0,-68.96042666666662
191.68384,弃电吸收区,-191.68384,0.0
203.47221333333343,弃电吸收区,-203.47221333333343,0.0
120.27562666666664,弃电吸收区,-120.27562666666664,0.0
29.44256000000001,弃电吸收区,-29.44256000000001,0.0
-97.62133333333333,降负荷回退弃电区,0.0,-97.62133333333333
-168.26624000000007,降负荷回退弃电区,0.0,-168.26624000000007
-123.17952000000008,降负荷减购电区,0.0,-123.17952000000008
-167.5793066666667,降负荷减购电区,0.0,-167.5793066666667
-161.33930666666674,降负荷减购电区,0.0,-161.33930666666674
-125.15328000000004,降负荷减购电区,0.0,-125.15328000000004
-120.23125333333336,降负荷减购电区,0.0,-120.23125333333336
-103.08949333333334,降负荷减购电区,0.0,-103.08949333333334
-141.85472,降负荷减购电区,0.0,-141.85472
-234.6990933333334,降负荷减购电区,0.0,-234.6990933333334
-193.664,降负荷减购电区,0.0,-193.664
-169.9959466666666,降负荷减购电区,0.0,-169.9959466666666
-171.14666666666665,降负荷减购电区,0.0,-171.14666666666665
-115.59424,降负荷减购电区,0.0,-115.59424
-132.61824,降负荷减购电区,0.0,-132.61824
-126.31637333333332,降负荷减购电区,0.0,-126.31637333333332
-154.752,降负荷减购电区,0.0,-154.752
-197.7480533333334,降负荷减购电区,0.0,-197.7480533333334
-216.7381333333333,降负荷回退弃电区,6.7260333333333335,-210.0121
-178.4290133333334,降负荷减购电区,0.0,-178.4290133333334
183.47178666666667,弃电吸收区,-183.47178666666667,0.0
144.44373333333328,弃电吸收区,-144.44373333333328,0.0
126.78912000000004,弃电吸收区,-126.78912000000004,0.0
110.32447999999994,弃电吸收区,-110.32447999999994,0.0
-149.60426666666677,降负荷回退弃电区,0.0,-149.60426666666677
-189.85002666666668,降负荷回退弃电区,0.0,-189.85002666666668
-231.22261333333327,降负荷回退弃电区,0.0,-231.22261333333327
-217.32351999999992,降负荷回退弃电区,0.0,-217.32351999999992
-114.3569066666667,降负荷减购电区,0.0,-114.3569066666667
-133.1345066666666,降负荷减购电区,0.0,-133.1345066666666
-90.47552000000002,降负荷减购电区,0.0,-90.47552000000002
-65.39776000000006,降负荷减购电区,0.0,-65.39776000000006
-90.65941333333336,降负荷减购电区,0.0,-90.65941333333336
-63.926186666666695,降负荷减购电区,0.0,-63.926186666666695
-88.57898666666671,降负荷减购电区,0.0,-88.57898666666671
-118.30400000000004,降负荷减购电区,0.0,-118.30400000000004
-151.1168,降负荷减购电区,0.0,-151.1168
-132.94933333333336,降负荷减购电区,0.0,-132.94933333333336
-135.37322666666665,降负荷减购电区,0.0,-135.37322666666665
-138.74773333333337,降负荷减购电区,0.0,-138.74773333333337
-211.86730666666665,降负荷减购电区,0.0,-211.86730666666665
-185.81930666666665,降负荷减购电区,0.0,-185.81930666666665
-95.4555733333334,降负荷减购电区,0.0,-95.4555733333334
152.50346666666672,弃电吸收区,-152.50346666666672,0.0
181.70282666666677,弃电吸收区,-181.70282666666677,0.0
206.82282666666663,弃电吸收区,-206.82282666666663,0.0
220.94848,弃电吸收区,-220.94848,0.0
74.3168,弃电吸收区,-74.3168,0.0
-16.677546666666615,降负荷减购电区,0.0,-16.677546666666615
-68.91519999999997,降负荷减购电区,0.0,-68.91519999999997
-123.81098666666674,降负荷回退弃电区,0.0,-123.81098666666674
-117.20490666666666,降负荷减购电区,0.0,-117.20490666666666
-116.34602666666666,降负荷减购电区,0.0,-116.34602666666666
-82.34666666666664,降负荷减购电区,0.0,-82.34666666666664
-115.00032,降负荷减购电区,0.0,-115.00032
-128.77013333333338,降负荷减购电区,0.0,-128.77013333333338
-117.12853333333334,降负荷减购电区,0.0,-117.12853333333334
-163.13685333333342,降负荷减购电区,0.0,-163.13685333333342
-118.4093866666667,降负荷减购电区,0.0,-118.4093866666667
-123.54048,降负荷减购电区,0.0,-123.54048
-161.34442666666666,降负荷减购电区,0.0,-161.34442666666666
-192.29738666666677,降负荷减购电区,0.0,-192.29738666666677
-153.65632,降负荷减购电区,0.0,-153.65632
-146.32960000000003,降负荷减购电区,0.0,-146.32960000000003
-221.99637333333325,降负荷减购电区,0.0,-221.99637333333325
-230.4187733333334,降负荷减购电区,0.0,-230.4187733333334
-205.67637333333337,降负荷回退弃电区,0.0,-205.67637333333337
-179.50207999999998,降负荷回退弃电区,0.0,-179.50207999999998
168.58453333333324,弃电吸收区,-168.58453333333324,0.0
191.37749333333332,弃电吸收区,-191.37749333333332,0.0
174.08896000000004,弃电吸收区,-174.08896000000004,0.0
183.30538666666664,弃电吸收区,-183.30538666666664,0.0
211.0988800000001,弃电吸收区,-211.0988800000001,0.0
168.56149333333332,购电边际区,-124.5848,43.97669333333332
128.06144,购电边际区,-127.2618,0.7996400000000108
142.40768000000003,购电边际区,-136.2592,6.148480000000035
149.12853333333322,弃电吸收区,-149.12853333333322,0.0
63.71840000000009,弃电吸收区,-63.71840000000009,0.0
-72.25727999999998,降负荷减购电区,0.0,-72.25727999999998
-87.55285333333325,降负荷减购电区,0.0,-87.55285333333325
-63.97354666666661,降负荷减购电区,0.0,-63.97354666666661
-79.22517333333337,降负荷减购电区,0.0,-79.22517333333337
-99.50720000000008,降负荷减购电区,0.0,-99.50720000000008
-64.06997333333334,降负荷减购电区,0.0,-64.06997333333334
-59.69066666666669,降负荷减购电区,0.0,-59.69066666666669
-113.4848,降负荷减购电区,0.0,-113.4848
-111.67573333333333,降负荷减购电区,0.0,-111.67573333333333
-147.5605333333333,降负荷减购电区,0.0,-147.5605333333333
-109.67210666666664,降负荷减购电区,0.0,-109.67210666666664
-79.40096,降负荷减购电区,0.0,-79.40096
-32.841813333333334,降负荷减购电区,0.0,-32.841813333333334
217.37855999999996,弃电吸收区,-217.37855999999996,0.0
172.51157333333327,弃电吸收区,-172.51157333333327,0.0
194.64106666666655,弃电吸收区,-194.64106666666655,0.0
213.12256,弃电吸收区,-213.12256,0.0
28.094719999999995,弃电吸收区,-28.094719999999995,0.0
-43.64544000000001,降负荷减购电区,0.0,-43.64544000000001
-55.125333333333344,降负荷减购电区,0.0,-55.125333333333344
-131.16799999999995,降负荷回退弃电区,0.0,-131.16799999999995
-114.93376000000006,降负荷减购电区,0.0,-114.93376000000006
-130.7285333333333,降负荷减购电区,0.0,-130.7285333333333
-152.01279999999997,降负荷减购电区,0.0,-152.01279999999997
-202.44992000000008,降负荷减购电区,0.0,-202.44992000000008
-165.22069333333332,降负荷减购电区,0.0,-165.22069333333332
-173.5714133333334,降负荷减购电区,0.0,-173.5714133333334
-170.9346133333334,降负荷减购电区,0.0,-170.9346133333334
-143.00842666666665,降负荷减购电区,0.0,-143.00842666666665
-147.88224000000002,降负荷减购电区,0.0,-147.88224000000002
-129.35765333333336,降负荷减购电区,0.0,-129.35765333333336
-115.43210666666664,降负荷减购电区,0.0,-115.43210666666664
-139.02336000000005,降负荷减购电区,0.0,-139.02336000000005
167.35573333333332,弃电吸收区,-167.35573333333332,0.0
213.97418666666687,弃电吸收区,-213.97418666666687,0.0
197.84746666666663,弃电吸收区,-197.84746666666663,0.0
229.14346666666663,弃电吸收区,-229.14346666666663,0.0
228.7133866666668,弃电吸收区,-228.7133866666668,0.0
229.12085333333332,弃电吸收区,-229.12085333333332,0.0
99.7422933333334,弃电吸收区,-99.7422933333334,0.0
-27.269546666666656,降负荷回退弃电区,0.0731466666666555,-27.1964
-91.11808,降负荷回退弃电区,79.22197999999999,-11.8961
-110.1405866666667,降负荷回退弃电区,0.0,-110.1405866666667
-100.86400000000005,降负荷减购电区,0.0,-100.86400000000005
-80.85461333333336,降负荷减购电区,0.0,-80.85461333333336
-78.90858666666668,降负荷减购电区,0.0,-78.90858666666668
-133.29877333333332,降负荷减购电区,0.0,-133.29877333333332
-158.81216,降负荷减购电区,0.0,-158.81216
-195.2277333333334,降负荷减购电区,0.0,-195.2277333333334
-101.15242666666666,降负荷减购电区,0.0,-101.15242666666666
88.35413333333315,弃电吸收区,-88.35413333333315,0.0
119.43253333333335,弃电吸收区,-119.43253333333335,0.0
169.6192000000001,弃电吸收区,-169.6192000000001,0.0
199.01653333333343,弃电吸收区,-199.01653333333343,0.0
218.48661333333348,弃电吸收区,-218.48661333333348,0.0
204.84864000000016,弃电吸收区,-204.84864000000016,0.0
155.17312000000015,弃电吸收区,-155.17312000000015,0.0
207.32586666666677,弃电吸收区,-207.32586666666677,0.0
247.25333333333333,弃电吸收区,-247.25333333333333,0.0
255.52768000000003,弃电吸收区,-255.52768000000003,0.0
172.06058666666655,弃电吸收区,-172.06058666666655,0.0
189.74762666666663,弃电吸收区,-189.74762666666663,0.0
188.07807999999997,弃电吸收区,-188.07807999999997,0.0
179.16415999999998,弃电吸收区,-179.16415999999998,0.0
136.49237333333323,弃电吸收区,-136.49237333333323,0.0
25.21045333333336,弃电吸收区,-25.21045333333336,0.0
-86.48576000000003,降负荷回退弃电区,0.0,-86.48576000000003
-128.47360000000003,降负荷回退弃电区,0.0,-128.47360000000003
-118.77717333333334,降负荷减购电区,0.0,-118.77717333333334
-101.65120000000002,降负荷减购电区,0.0,-101.65120000000002
-139.92959999999994,降负荷减购电区,0.0,-139.92959999999994
-155.54730666666666,降负荷减购电区,0.0,-155.54730666666666
-149.23605333333347,降负荷减购电区,0.0,-149.23605333333347
-134.12095999999997,降负荷减购电区,0.0,-134.12095999999997
-88.59733333333327,降负荷减购电区,0.0,-88.59733333333327
-86.76437333333331,降负荷减购电区,0.0,-86.76437333333331
-73.80821333333324,降负荷减购电区,0.0,-73.80821333333324
-62.062933333333376,降负荷减购电区,0.0,-62.062933333333376
-51.69920000000013,降负荷减购电区,0.0,-51.69920000000013
-77.81887999999998,降负荷减购电区,0.0,-77.81887999999998
-124.30933333333336,降负荷减购电区,0.0,-124.30933333333336
-127.52042666666664,降负荷减购电区,0.0,-127.52042666666664
-187.264,降负荷减购电区,0.0,-187.264
-204.78975999999997,降负荷减购电区,0.0,-204.78975999999997
-203.43936,降负荷回退弃电区,0.0,-203.43936
-110.40682666666667,降负荷减购电区,0.0,-110.40682666666667
144.62293333333332,弃电吸收区,-144.62293333333332,0.0
126.35605333333324,弃电吸收区,-126.35605333333324,0.0
94.72597333333324,弃电吸收区,-94.72597333333324,0.0
-35.68597333333338,降负荷回退弃电区,0.2643733333333813,-35.4216
-112.1314133333334,降负荷回退弃电区,0.0,-112.1314133333334
-116.12928,降负荷减购电区,0.0,-116.12928
-149.14218666666665,降负荷回退弃电区,0.0,-149.14218666666665
-128.48640000000006,降负荷减购电区,0.0,-128.48640000000006
-130.40810666666664,降负荷减购电区,0.0,-130.40810666666664
-81.72800000000001,降负荷减购电区,0.0,-81.72800000000001
-57.14005333333341,降负荷减购电区,0.0,-57.14005333333341
-38.47679999999991,降负荷减购电区,0.0,-38.47679999999991
-36.49109333333331,降负荷减购电区,0.0,-36.49109333333331
-52.91477333333341,降负荷减购电区,0.0,-52.91477333333341
-71.73120000000006,降负荷减购电区,0.0,-71.73120000000006
-67.31861333333336,降负荷减购电区,0.0,-67.31861333333336
-74.48746666666665,降负荷减购电区,0.0,-74.48746666666665
-79.24906666666669,降负荷减购电区,0.0,-79.24906666666669
-64.00000000000006,降负荷减购电区,0.0,-64.00000000000006
-162.55317333333335,降负荷减购电区,0.0,-162.55317333333335
-193.85514666666663,降负荷减购电区,0.0,-193.85514666666663
-186.12394666666668,降负荷减购电区,0.0,-186.12394666666668
-154.17344,降负荷减购电区,0.0,-154.17344
-57.497173333333365,降负荷减购电区,0.0,-57.497173333333365
168.38144,弃电吸收区,-168.38144,0.0
181.53898666666677,弃电吸收区,-181.53898666666677,0.0
179.9005866666667,弃电吸收区,-179.9005866666667,0.0
50.905599999999936,弃电吸收区,-50.905599999999936,0.0
-79.97951999999998,降负荷回退弃电区,0.0,-79.97951999999998
-133.27872,降负荷回退弃电区,0.0,-133.27872
-183.1031466666668,降负荷回退弃电区,0.0,-183.1031466666668
-166.6167466666667,降负荷减购电区,0.0,-166.6167466666667
-172.36480000000006,降负荷减购电区,0.0,-172.36480000000006
-126.9538133333333,降负荷减购电区,0.0,-126.9538133333333
-178.95082666666667,降负荷减购电区,0.0,-178.95082666666667
-170.6491733333333,降负荷减购电区,0.0,-170.6491733333333
-134.84330666666665,降负荷减购电区,0.0,-134.84330666666665
-173.87520000000006,降负荷减购电区,0.0,-173.87520000000006
-165.1707733333334,降负荷减购电区,0.0,-165.1707733333334
-204.60885333333331,降负荷减购电区,0.0,-204.60885333333331
-165.49674666666675,降负荷减购电区,0.0,-165.49674666666675
-168.42069333333336,降负荷减购电区,0.0,-168.42069333333336
-135.84000000000003,降负荷减购电区,0.0,-135.84000000000003
-142.5792,降负荷减购电区,0.0,-142.5792
-94.04415999999998,降负荷减购电区,0.0,-94.04415999999998
-109.40800000000009,降负荷减购电区,0.0,-109.40800000000009
-107.50293333333332,降负荷减购电区,0.0,-107.50293333333332
-109.7472,降负荷减购电区,0.0,-109.7472
197.3866666666666,弃电吸收区,-197.3866666666666,0.0
158.59498666666673,弃电吸收区,-158.59498666666673,0.0
128.48938666666663,弃电吸收区,-128.48938666666663,0.0
-28.469333333333395,降负荷回退弃电区,0.3951333333333942,-28.0742
-86.60821333333334,降负荷回退弃电区,0.0,-86.60821333333334
-67.94922666666668,降负荷减购电区,0.0,-67.94922666666668
127.03744,弃电吸收区,-127.03744,0.0
134.06207999999992,弃电吸收区,-134.06207999999992,0.0
153.8355199999998,弃电吸收区,-153.8355199999998,0.0
177.77621333333332,弃电吸收区,-177.77621333333332,0.0
212.9988266666668,弃电吸收区,-212.9988266666668,0.0
227.8528000000001,弃电吸收区,-227.8528000000001,0.0
80.30378666666672,弃电吸收区,-80.30378666666672,0.0
-79.38047999999992,降负荷减购电区,0.0,-79.38047999999992
-66.90048000000002,降负荷减购电区,0.0,-66.90048000000002
-72.18176000000011,降负荷减购电区,0.0,-72.18176000000011
-80.70314666666667,降负荷减购电区,0.0,-80.70314666666667
-155.04981333333336,降负荷减购电区,0.0,-155.04981333333336
-108.20095999999997,降负荷减购电区,0.0,-108.20095999999997
-134.23914666666673,降负荷减购电区,0.0,-134.23914666666673
-196.36053333333328,降负荷减购电区,0.0,-196.36053333333328
-149.17290666666668,降负荷减购电区,0.0,-149.17290666666668
-178.43327999999997,降负荷减购电区,0.0,-178.43327999999997
-123.49738666666669,降负荷减购电区,0.0,-123.49738666666669
187.2648533333333,弃电吸收区,-187.2648533333333,0.0
198.6257066666666,弃电吸收区,-198.6257066666666,0.0
235.4321066666667,弃电吸收区,-235.4321066666667,0.0
93.4826666666666,弃电吸收区,-93.4826666666666,0.0
-100.08405333333334,降负荷回退弃电区,0.0,-100.08405333333334
-93.25568000000004,降负荷减购电区,0.0,-93.25568000000004
-102.51903999999996,降负荷减购电区,0.0,-102.51903999999996
-93.3764266666666,降负荷减购电区,0.0,-93.3764266666666
-77.2770133333334,降负荷减购电区,0.0,-77.2770133333334
-87.65269333333345,降负荷减购电区,0.0,-87.65269333333345
-141.50655999999998,降负荷减购电区,0.0,-141.50655999999998
-159.0749866666667,降负荷减购电区,0.0,-159.0749866666667
-121.91061333333334,降负荷减购电区,0.0,-121.91061333333334
-132.86656000000005,降负荷减购电区,0.0,-132.86656000000005
-157.38794666666666,降负荷减购电区,0.0,-157.38794666666666
-156.60330666666664,降负荷减购电区,0.0,-156.60330666666664
-163.10954666666663,降负荷减购电区,0.0,-163.10954666666663
-148.16554666666667,降负荷减购电区,0.0,-148.16554666666667
-188.0661333333333,降负荷减购电区,0.0,-188.0661333333333
-148.61909333333335,降负荷减购电区,0.0,-148.61909333333335
-138.00447999999994,降负荷减购电区,0.0,-138.00447999999994
-135.87114666666668,降负荷减购电区,0.0,-135.87114666666668
-147.96159999999998,降负荷减购电区,0.0,-147.96159999999998
-164.1066666666667,降负荷回退弃电区,0.0,-164.1066666666667
138.84586666666655,弃电吸收区,-138.84586666666655,0.0
158.42047999999994,弃电吸收区,-158.42047999999994,0.0
150.5540266666667,弃电吸收区,-150.5540266666667,0.0
43.44106666666664,弃电吸收区,-43.44106666666664,0.0
-106.83093333333338,降负荷回退弃电区,0.0,-106.83093333333338
-79.18975999999998,降负荷减购电区,0.0,-79.18975999999998
-71.17824000000002,降负荷减购电区,0.0,-71.17824000000002
-97.53984000000004,降负荷减购电区,0.0,-97.53984000000004
-71.78410666666667,降负荷减购电区,0.0,-71.78410666666667
-113.29749333333342,降负荷减购电区,0.0,-113.29749333333342
-147.10485333333332,降负荷减购电区,0.0,-147.10485333333332
-127.95050666666674,降负荷减购电区,0.0,-127.95050666666674
-112.35285333333331,降负荷减购电区,0.0,-112.35285333333331
-136.51327999999995,降负荷减购电区,0.0,-136.51327999999995
-97.72544000000003,降负荷减购电区,0.0,-97.72544000000003
-120.03840000000002,降负荷减购电区,0.0,-120.03840000000002
-144.2440533333334,降负荷减购电区,0.0,-144.2440533333334
-146.80917333333338,降负荷减购电区,0.0,-146.80917333333338
-163.05322666666666,降负荷减购电区,0.0,-163.05322666666666
-167.98506666666668,降负荷减购电区,0.0,-167.98506666666668
-201.89098666666675,降负荷减购电区,0.0,-201.89098666666675
-236.8490666666668,降负荷回退弃电区,5.214366666666763,-231.6347
-136.87040000000002,降负荷减购电区,0.0,-136.87040000000002
-110.63466666666667,降负荷减购电区,0.0,-110.63466666666667
149.87861333333325,弃电吸收区,-149.87861333333325,0.0
182.50624000000005,弃电吸收区,-182.50624000000005,0.0
181.6657066666667,弃电吸收区,-181.6657066666667,0.0
68.51925333333332,弃电吸收区,-68.51925333333332,0.0
-65.77152000000004,降负荷减购电区,0.0,-65.77152000000004
-111.5707733333333,降负荷减购电区,0.0,-111.5707733333333
-87.45472000000001,降负荷减购电区,0.0,-87.45472000000001
-93.2923733333334,降负荷减购电区,0.0,-93.2923733333334
-108.9169066666667,降负荷减购电区,0.0,-108.9169066666667
-145.35552,降负荷减购电区,0.0,-145.35552
-164.99029333333334,降负荷减购电区,0.0,-164.99029333333334
-131.25376000000006,降负荷减购电区,0.0,-131.25376000000006
-148.6020266666667,降负荷减购电区,0.0,-148.6020266666667
-109.85685333333332,降负荷减购电区,0.0,-109.85685333333332
-71.04725333333329,降负荷减购电区,0.0,-71.04725333333329
-90.17173333333336,降负荷减购电区,0.0,-90.17173333333336
-192.95232,降负荷减购电区,0.0,-192.95232
-194.19391999999996,降负荷减购电区,0.0,-194.19391999999996
-183.0912,降负荷减购电区,0.0,-183.0912
-210.49983999999995,降负荷减购电区,0.0,-210.49983999999995
-166.8202666666666,降负荷减购电区,0.0,-166.8202666666666
-138.85440000000006,降负荷减购电区,0.0,-138.85440000000006
-108.24618666666667,降负荷减购电区,0.0,-108.24618666666667
-94.91114666666668,降负荷减购电区,0.0,-94.91114666666668
102.62528000000005,弃电吸收区,-102.62528000000005,0.0
154.69226666666663,弃电吸收区,-154.69226666666663,0.0
184.94421333333344,弃电吸收区,-184.94421333333344,0.0
192.4484266666667,弃电吸收区,-192.4484266666667,0.0
187.75210666666663,弃电吸收区,-187.75210666666663,0.0
135.0143999999999,弃电吸收区,-135.0143999999999,0.0
129.05813333333327,弃电吸收区,-129.05813333333327,0.0
138.18026666666665,购电边际区,-137.1919,0.9883666666666217
158.1422933333332,购电边际区,-151.4897,6.652593333333215
186.36800000000005,弃电吸收区,-186.36800000000005,0.0
217.31839999999988,弃电吸收区,-217.31839999999988,0.0
212.36351999999977,弃电吸收区,-212.36351999999977,0.0
45.78090666666674,弃电吸收区,-45.78090666666674,0.0
-32.28970666666669,降负荷减购电区,0.0,-32.28970666666669
-97.45279999999995,降负荷减购电区,0.0,-97.45279999999995
-150.97685333333334,降负荷减购电区,0.0,-150.97685333333334
-125.25781333333327,降负荷减购电区,0.0,-125.25781333333327
-110.24896000000008,降负荷减购电区,0.0,-110.24896000000008
-92.77952,降负荷减购电区,0.0,-92.77952
-121.35978666666672,降负荷减购电区,0.0,-121.35978666666672
-108.58495999999997,降负荷减购电区,0.0,-108.58495999999997
-77.62943999999999,降负荷减购电区,0.0,-77.62943999999999
-70.95637333333332,降负荷减购电区,0.0,-70.95637333333332
-105.87733333333335,降负荷减购电区,0.0,-105.87733333333335
114.08896,弃电吸收区,-114.08896,0.0
124.80170666666658,弃电吸收区,-124.80170666666658,0.0
105.84917333333334,弃电吸收区,-105.84917333333334,0.0
-45.76554666666664,降负荷回退弃电区,12.36624666666664,-33.3993
-122.91925333333332,降负荷回退弃电区,0.0,-122.91925333333332
-138.71104000000005,降负荷回退弃电区,0.0,-138.71104000000005
-109.91957333333336,降负荷减购电区,0.0,-109.91957333333336
-107.48928,降负荷减购电区,0.0,-107.48928
-126.36245333333336,降负荷减购电区,0.0,-126.36245333333336
-137.03167999999994,降负荷减购电区,0.0,-137.03167999999994
-136.50602666666668,降负荷减购电区,0.0,-136.50602666666668
-171.32288,降负荷减购电区,0.0,-171.32288
-184.7786666666668,降负荷减购电区,0.0,-184.7786666666668
-147.80287999999996,降负荷减购电区,0.0,-147.80287999999996
-141.68917333333343,降负荷减购电区,0.0,-141.68917333333343
-109.79328000000004,降负荷减购电区,0.0,-109.79328000000004
-94.44735999999996,降负荷减购电区,0.0,-94.44735999999996
-93.45706666666666,降负荷减购电区,0.0,-93.45706666666666
-134.0002133333333,降负荷减购电区,0.0,-134.0002133333333
-141.08629333333334,降负荷减购电区,0.0,-141.08629333333334
-144.45013333333338,降负荷减购电区,0.0,-144.45013333333338
-160.51413333333338,降负荷减购电区,0.0,-160.51413333333338
-170.79722666666672,降负荷减购电区,0.0,-170.79722666666672
-145.50741333333332,降负荷减购电区,0.0,-145.50741333333332
137.62986666666677,弃电吸收区,-137.62986666666677,0.0
164.93397333333343,弃电吸收区,-164.93397333333343,0.0
150.78954666666658,弃电吸收区,-150.78954666666658,0.0
51.55541333333338,弃电吸收区,-51.55541333333338,0.0
-98.12351999999998,降负荷回退弃电区,0.0,-98.12351999999998
-128.49408,降负荷回退弃电区,0.0,-128.49408
-127.25760000000002,降负荷回退弃电区,0.0,-127.25760000000002
-103.51189333333332,降负荷减购电区,0.0,-103.51189333333332
-75.68895999999995,降负荷减购电区,0.0,-75.68895999999995
-70.57322666666664,降负荷减购电区,0.0,-70.57322666666664
-58.80063999999993,降负荷减购电区,0.0,-58.80063999999993
-68.33706666666666,降负荷减购电区,0.0,-68.33706666666666
-105.47199999999998,降负荷减购电区,0.0,-105.47199999999998
-83.47306666666668,降负荷减购电区,0.0,-83.47306666666668
-126.7805866666667,降负荷减购电区,0.0,-126.7805866666667
-145.2117333333333,降负荷减购电区,0.0,-145.2117333333333
173.03509333333318,弃电吸收区,-173.03509333333318,0.0
211.24607999999975,弃电吸收区,-211.24607999999975,0.0
241.32778666666684,弃电吸收区,-241.32778666666684,0.0
251.2665599999999,弃电吸收区,-251.2665599999999,0.0
234.06293333333335,弃电吸收区,-234.06293333333335,0.0
103.82762666666667,弃电吸收区,-103.82762666666667,0.0
-93.99466666666666,降负荷减购电区,0.0,-93.99466666666666
-64.79359999999991,降负荷减购电区,0.0,-64.79359999999991
155.8656000000001,弃电吸收区,-155.8656000000001,0.0
192.43434666666676,弃电吸收区,-192.43434666666676,0.0
162.6517333333333,弃电吸收区,-162.6517333333333,0.0
26.173013333333245,弃电吸收区,-26.173013333333245,0.0
-141.31712,降负荷回退弃电区,0.0,-141.31712
-144.45184,降负荷回退弃电区,0.0,-144.45184
-130.1691733333334,降负荷回退弃电区,0.0,-130.1691733333334
-114.35392000000002,降负荷减购电区,0.0,-114.35392000000002
-108.9245866666667,降负荷减购电区,0.0,-108.9245866666667
-128.30720000000002,降负荷减购电区,0.0,-128.30720000000002
-149.99893333333335,降负荷减购电区,0.0,-149.99893333333335
-129.16181333333344,降负荷减购电区,0.0,-129.16181333333344
-106.15466666666674,降负荷减购电区,0.0,-106.15466666666674
-182.9376,降负荷减购电区,0.0,-182.9376
-177.32394666666676,降负荷减购电区,0.0,-177.32394666666676
-166.4917333333333,降负荷减购电区,0.0,-166.4917333333333
-201.69727999999992,降负荷减购电区,0.0,-201.69727999999992
-199.37109333333325,降负荷减购电区,0.0,-199.37109333333325
-143.0698666666667,降负荷减购电区,0.0,-143.0698666666667
-108.68394666666671,降负荷减购电区,0.0,-108.68394666666671
-89.84746666666666,降负荷减购电区,0.0,-89.84746666666666
-73.21770666666663,降负荷减购电区,0.0,-73.21770666666663
-41.62005333333332,降负荷减购电区,0.0,-41.62005333333332
239.63136000000003,弃电吸收区,-239.63136000000003,0.0
241.2326400000001,弃电吸收区,-241.2326400000001,0.0
205.79413333333335,弃电吸收区,-205.79413333333335,0.0
138.13077333333342,弃电吸收区,-138.13077333333342,0.0
-10.93546666666674,降负荷回退弃电区,0.663466666666741,-10.272
-105.80991999999998,降负荷回退弃电区,0.0,-105.80991999999998
-109.0193066666667,降负荷减购电区,0.0,-109.0193066666667
-116.19072,降负荷减购电区,0.0,-116.19072
-67.22218666666663,降负荷减购电区,0.0,-67.22218666666663
-95.36341333333326,降负荷减购电区,0.0,-95.36341333333326
-114.97813333333336,降负荷减购电区,0.0,-114.97813333333336
-191.82293333333345,降负荷减购电区,0.0,-191.82293333333345
-180.29056000000003,降负荷减购电区,0.0,-180.29056000000003
-118.3453866666668,降负荷减购电区,0.0,-118.3453866666668
-109.93664000000008,降负荷减购电区,0.0,-109.93664000000008
-71.56053333333341,降负荷减购电区,0.0,-71.56053333333341
-56.89343999999994,降负荷减购电区,0.0,-56.89343999999994
-57.475413333333336,降负荷减购电区,0.0,-57.475413333333336
-53.09610666666663,降负荷减购电区,0.0,-53.09610666666663
-31.76277333333337,降负荷减购电区,0.0,-31.76277333333337
-69.86240000000004,降负荷减购电区,0.0,-69.86240000000004
-124.05290666666671,降负荷减购电区,0.0,-124.05290666666671
-101.78560000000004,降负荷减购电区,0.0,-101.78560000000004
-87.2234666666667,降负荷减购电区,0.0,-87.2234666666667
-124.88959999999996,降负荷减购电区,0.0,-124.88959999999996
163.60106666666678,弃电吸收区,-163.60106666666678,0.0
146.60778666666675,弃电吸收区,-146.60778666666675,0.0
147.72992,弃电吸收区,-147.72992,0.0
-8.469760000000065,降负荷回退弃电区,0.4933600000000648,-7.9764
-105.98570666666672,降负荷回退弃电区,0.0,-105.98570666666672
-121.02143999999998,降负荷回退弃电区,0.0,-121.02143999999998
-153.6187733333333,降负荷回退弃电区,0.0,-153.6187733333333
-100.17322666666666,降负荷减购电区,0.0,-100.17322666666666
-77.44256000000001,降负荷减购电区,0.0,-77.44256000000001
-92.53546666666672,降负荷减购电区,0.0,-92.53546666666672
-110.14186666666666,降负荷减购电区,0.0,-110.14186666666666
-135.7056,降负荷减购电区,0.0,-135.7056
-114.16575999999998,降负荷减购电区,0.0,-114.16575999999998
-94.66880000000003,降负荷减购电区,0.0,-94.66880000000003
-127.7713066666666,降负荷减购电区,0.0,-127.7713066666666
-84.38783999999998,降负荷减购电区,0.0,-84.38783999999998
-111.0651733333334,降负荷减购电区,0.0,-111.0651733333334
-132.6301866666667,降负荷减购电区,0.0,-132.6301866666667
-118.30229333333337,降负荷减购电区,0.0,-118.30229333333337
-139.7034666666667,降负荷减购电区,0.0,-139.7034666666667
-156.81706666666668,降负荷减购电区,0.0,-156.81706666666668
-127.79605333333336,降负荷减购电区,0.0,-127.79605333333336
-89.3627733333334,降负荷减购电区,0.0,-89.3627733333334
-88.19711999999998,降负荷减购电区,0.0,-88.19711999999998
197.75573333333332,弃电吸收区,-197.75573333333332,0.0
226.55488,弃电吸收区,-226.55488,0.0
57.24330666666663,弃电吸收区,-57.24330666666663,0.0
-22.89279999999997,降负荷回退弃电区,0.6198999999999657,-22.2729
-130.08725333333325,降负荷回退弃电区,0.0,-130.08725333333325
-209.36533333333333,降负荷回退弃电区,0.0,-209.36533333333333
-239.60490666666664,降负荷回退弃电区,0.0,-239.60490666666664
-168.59391999999997,降负荷减购电区,0.0,-168.59391999999997
-154.48746666666665,降负荷减购电区,0.0,-154.48746666666665
-122.06080000000009,降负荷减购电区,0.0,-122.06080000000009
-130.41664000000003,降负荷减购电区,0.0,-130.41664000000003
-127.97098666666663,降负荷减购电区,0.0,-127.97098666666663
-160.87466666666666,降负荷减购电区,0.0,-160.87466666666666
-255.97952000000004,降负荷回退弃电区,0.0,-255.97952000000004
-251.06688000000008,降负荷减购电区,0.0,-251.06688000000008
-215.8762666666667,降负荷减购电区,0.0,-215.8762666666667
-185.46688,降负荷减购电区,0.0,-185.46688
-151.86261333333334,降负荷减购电区,0.0,-151.86261333333334
-98.16917333333332,降负荷减购电区,0.0,-98.16917333333332
-110.7029333333333,降负荷减购电区,0.0,-110.7029333333333
-102.69866666666668,降负荷减购电区,0.0,-102.69866666666668
-69.47328000000005,降负荷减购电区,0.0,-69.47328000000005
-77.9741866666667,降负荷减购电区,0.0,-77.9741866666667
-73.74549333333334,降负荷减购电区,0.0,-73.74549333333334
-10.63936000000001,降负荷回退弃电区,0.7005600000000101,-9.9388
189.9178666666665,弃电吸收区,-189.9178666666665,0.0
126.52885333333325,弃电吸收区,-126.52885333333325,0.0
-15.434239999999988,降负荷回退弃电区,15.434239999999988,-0.0
-92.30506666666662,降负荷回退弃电区,0.0,-92.30506666666662
-73.98741333333334,降负荷减购电区,0.0,-73.98741333333334
-96.18688000000004,降负荷减购电区,0.0,-96.18688000000004
-74.84757333333334,降负荷减购电区,0.0,-74.84757333333334
-121.17034666666666,降负荷减购电区,0.0,-121.17034666666666
-95.80245333333328,降负荷减购电区,0.0,-95.80245333333328
-125.14474666666666,降负荷减购电区,0.0,-125.14474666666666
-132.02346666666676,降负荷减购电区,0.0,-132.02346666666676
-162.00191999999998,降负荷减购电区,0.0,-162.00191999999998
-182.67136000000005,降负荷减购电区,0.0,-182.67136000000005
-189.41994666666665,降负荷减购电区,0.0,-189.41994666666665
-225.21941333333336,降负荷减购电区,0.0,-225.21941333333336
-212.2709333333333,降负荷减购电区,0.0,-212.2709333333333
-195.08224,降负荷减购电区,0.0,-195.08224
-172.0810666666667,降负荷减购电区,0.0,-172.0810666666667
-190.9589333333333,降负荷减购电区,0.0,-190.9589333333333
-144.2948266666667,降负荷减购电区,0.0,-144.2948266666667
-154.58261333333337,降负荷减购电区,0.0,-154.58261333333337
-99.6369066666667,降负荷减购电区,0.0,-99.6369066666667
-86.2788266666667,降负荷减购电区,0.0,-86.2788266666667
122.51733333333324,弃电吸收区,-122.51733333333324,0.0
212.47744,弃电吸收区,-212.47744,0.0
235.36511999999988,弃电吸收区,-235.36511999999988,0.0
111.56309333333331,弃电吸收区,-111.56309333333331,0.0
-49.39178666666663,降负荷减购电区,0.0,-49.39178666666663
-80.00512000000009,降负荷减购电区,0.0,-80.00512000000009
-177.58549333333332,降负荷回退弃电区,0.0,-177.58549333333332
-175.88224000000002,降负荷减购电区,0.0,-175.88224000000002
-214.0501333333333,降负荷回退弃电区,0.0,-214.0501333333333
-228.06869333333336,降负荷回退弃电区,0.0,-228.06869333333336
-213.6038400000001,降负荷回退弃电区,0.0,-213.6038400000001
-178.26730666666668,降负荷减购电区,0.0,-178.26730666666668
-148.58197333333334,降负荷减购电区,0.0,-148.58197333333334
-116.1472,降负荷减购电区,0.0,-116.1472
-110.51349333333332,降负荷减购电区,0.0,-110.51349333333332
-103.8126933333333,降负荷减购电区,0.0,-103.8126933333333
-95.45045333333326,降负荷减购电区,0.0,-95.45045333333326
-83.00031999999993,降负荷减购电区,0.0,-83.00031999999993
-71.67743999999999,降负荷减购电区,0.0,-71.67743999999999
-79.31818666666669,降负荷减购电区,0.0,-79.31818666666669
-82.79040000000003,降负荷减购电区,0.0,-82.79040000000003
-96.50005333333333,降负荷减购电区,0.0,-96.50005333333333
-45.37002666666666,降负荷减购电区,0.0,-45.37002666666666
197.74293333333327,弃电吸收区,-197.74293333333327,0.0
195.09248000000008,弃电吸收区,-195.09248000000008,0.0
190.88384,弃电吸收区,-190.88384,0.0
161.8773333333334,弃电吸收区,-161.8773333333334,0.0
83.9296,弃电吸收区,-83.9296,0.0
-100.09002666666665,降负荷回退弃电区,0.0,-100.09002666666665
-142.33770666666666,降负荷回退弃电区,0.0,-142.33770666666666
73.00608000000011,弃电吸收区,-73.00608000000011,0.0
140.3447466666667,购电边际区,-136.7189,3.6258466666667175
163.18037333333336,购电边际区,-146.4171,16.76327333333336
155.86773333333326,弃电吸收区,-155.86773333333326,0.0
89.04789333333315,弃电吸收区,-89.04789333333315,0.0
-72.94677333333334,降负荷减购电区,0.0,-72.94677333333334
-132.21802666666662,降负荷减购电区,0.0,-132.21802666666662
-190.19264000000004,降负荷减购电区,0.0,-190.19264000000004
-243.77642666666668,降负荷减购电区,0.0,-243.77642666666668
-274.3057066666667,降负荷减购电区,0.0,-274.3057066666667
-232.07082666666676,降负荷减购电区,0.0,-232.07082666666676
-201.81247999999997,降负荷减购电区,0.0,-201.81247999999997
-203.97269333333327,降负荷减购电区,0.0,-203.97269333333327
-164.07722666666666,降负荷减购电区,0.0,-164.07722666666666
-126.34112,降负荷减购电区,0.0,-126.34112
-103.60661333333336,降负荷减购电区,0.0,-103.60661333333336
112.21418666666676,弃电吸收区,-112.21418666666676,0.0
189.9195733333336,弃电吸收区,-189.9195733333336,0.0
181.73738666666668,弃电吸收区,-181.73738666666668,0.0
206.35264,弃电吸收区,-206.35264,0.0
227.64629333333323,弃电吸收区,-227.64629333333323,0.0
239.81994666666677,弃电吸收区,-239.81994666666677,0.0
195.9415466666668,弃电吸收区,-195.9415466666668,0.0
123.89888000000002,弃电吸收区,-123.89888000000002,0.0
128.1207466666666,弃电吸收区,-128.1207466666666,0.0
135.8788266666666,购电边际区,-134.3252,1.5536266666666163
176.7048533333334,购电边际区,-147.7448,28.96005333333341
186.9422933333332,弃电吸收区,-186.9422933333332,0.0
214.64063999999985,弃电吸收区,-214.64063999999985,0.0
244.5533866666666,弃电吸收区,-244.5533866666666,0.0
144.9932799999999,弃电吸收区,-144.9932799999999,0.0
-20.268799999999946,降负荷减购电区,0.0,-20.268799999999946
-117.76640000000005,降负荷减购电区,0.0,-117.76640000000005
-132.1258666666667,降负荷减购电区,0.0,-132.1258666666667
-145.95029333333343,降负荷减购电区,0.0,-145.95029333333343
-149.8222933333334,降负荷减购电区,0.0,-149.8222933333334
-151.0237866666667,降负荷减购电区,0.0,-151.0237866666667
173.1362133333334,弃电吸收区,-173.1362133333334,0.0
177.8717866666667,弃电吸收区,-177.8717866666667,0.0
220.82816000000008,弃电吸收区,-220.82816000000008,0.0
244.86144,弃电吸收区,-244.86144,0.0
283.36469333333343,弃电吸收区,-283.36469333333343,0.0
257.06325333333336,弃电吸收区,-257.06325333333336,0.0
221.98869333333332,弃电吸收区,-221.98869333333332,0.0
178.1674666666666,弃电吸收区,-178.1674666666666,0.0
-27.57205333333326,降负荷回退弃电区,22.67975333333326,-4.8923
-142.62143999999998,降负荷回退弃电区,0.0,-142.62143999999998
-135.64714666666669,降负荷回退弃电区,0.0,-135.64714666666669
-152.58282666666662,降负荷回退弃电区,0.0,-152.58282666666662
-109.73951999999996,降负荷减购电区,0.0,-109.73951999999996
-129.12640000000005,降负荷减购电区,0.0,-129.12640000000005
-82.31936000000002,降负荷减购电区,0.0,-82.31936000000002
-63.90101333333337,降负荷减购电区,0.0,-63.90101333333337
-53.53855999999996,降负荷减购电区,0.0,-53.53855999999996
-101.6810666666666,降负荷减购电区,0.0,-101.6810666666666
-113.84320000000002,降负荷减购电区,0.0,-113.84320000000002
-162.7767466666666,降负荷减购电区,0.0,-162.7767466666666
-154.7089066666667,降负荷减购电区,0.0,-154.7089066666667
-192.6126933333333,降负荷减购电区,0.0,-192.6126933333333
-151.2814933333334,降负荷减购电区,0.0,-151.2814933333334
-104.33877333333334,降负荷减购电区,0.0,-104.33877333333334
-123.48543999999998,降负荷减购电区,0.0,-123.48543999999998
-104.16810666666674,降负荷减购电区,0.0,-104.16810666666674
-115.86901333333331,降负荷减购电区,0.0,-115.86901333333331
-91.89376000000004,降负荷减购电区,0.0,-91.89376000000004
-49.190399999999954,降负荷减购电区,0.0,-49.190399999999954
51.65226666666672,弃电吸收区,-51.65226666666672,0.0
166.69013333333328,弃电吸收区,-166.69013333333328,0.0
189.2130133333333,弃电吸收区,-189.2130133333333,0.0
174.14613333333347,弃电吸收区,-174.14613333333347,0.0
167.10143999999997,弃电吸收区,-167.10143999999997,0.0
136.5512533333333,弃电吸收区,-136.5512533333333,0.0
129.95754666666653,弃电吸收区,-129.95754666666653,0.0
140.38144000000003,购电边际区,-136.6887,3.692740000000043
148.96256000000005,购电边际区,-144.1896,4.77296000000004
165.2957866666667,弃电吸收区,-165.2957866666667,0.0
141.4455466666666,弃电吸收区,-141.4455466666666,0.0
168.08106666666663,弃电吸收区,-168.08106666666663,0.0
104.02474666666672,弃电吸收区,-104.02474666666672,0.0
-102.3402666666666,降负荷减购电区,0.0,-102.3402666666666
-174.73365333333334,降负荷减购电区,0.0,-174.73365333333334
-189.57866666666672,降负荷减购电区,0.0,-189.57866666666672
-207.6104533333334,降负荷减购电区,0.0,-207.6104533333334
-205.4621866666667,降负荷减购电区,0.0,-205.4621866666667
-172.54570666666666,降负荷减购电区,0.0,-172.54570666666666
-159.51189333333338,降负荷减购电区,0.0,-159.51189333333338
-153.4434133333334,降负荷减购电区,0.0,-153.4434133333334
-163.01056000000003,降负荷减购电区,0.0,-163.01056000000003
-35.640319999999974,降负荷减购电区,0.0,-35.640319999999974
92.04735999999995,弃电吸收区,-92.04735999999995,0.0
116.42197333333326,弃电吸收区,-116.42197333333326,0.0
104.44117333333332,弃电吸收区,-104.44117333333332,0.0
141.2083199999999,弃电吸收区,-141.2083199999999,0.0
4.251306666666608,弃电吸收区,-4.251306666666608,0.0
-134.91541333333325,降负荷回退弃电区,0.0,-134.91541333333325
-138.86335999999997,降负荷回退弃电区,0.0,-138.86335999999997
-138.12309333333332,降负荷回退弃电区,0.0,-138.12309333333332
-218.15296,降负荷回退弃电区,0.0,-218.15296
-231.78794666666676,降负荷回退弃电区,0.0,-231.78794666666676
-202.63808,降负荷回退弃电区,0.0,-202.63808
-145.69813333333326,降负荷减购电区,0.0,-145.69813333333326
-144.29098666666658,降负荷减购电区,0.0,-144.29098666666658
-97.6341333333333,降负荷减购电区,0.0,-97.6341333333333
-32.68864000000008,降负荷减购电区,0.0,-32.68864000000008
170.11797333333345,弃电吸收区,-170.11797333333345,0.0
208.3080533333333,弃电吸收区,-208.3080533333333,0.0
208.45226666666667,弃电吸收区,-208.45226666666667,0.0
175.15050666666684,弃电吸收区,-175.15050666666684,0.0
200.5218133333333,弃电吸收区,-200.5218133333333,0.0
223.18933333333337,弃电吸收区,-223.18933333333337,0.0
114.88981333333328,弃电吸收区,-114.88981333333328,0.0
-29.904213333333303,降负荷减购电区,0.0,-29.904213333333303
-79.80202666666673,降负荷减购电区,0.0,-79.80202666666673
-85.90421333333336,降负荷减购电区,0.0,-85.90421333333336
163.55839999999995,弃电吸收区,-163.55839999999995,0.0
124.87125333333324,弃电吸收区,-124.87125333333324,0.0
98.08128,弃电吸收区,-98.08128,0.0
-11.7593599999999,降负荷回退弃电区,0.2458599999999009,-11.5135
-161.11872,降负荷回退弃电区,0.0,-161.11872
-158.53653333333335,降负荷回退弃电区,0.0,-158.53653333333335
-140.8418133333333,降负荷回退弃电区,0.0,-140.8418133333333
-125.79328000000004,降负荷减购电区,0.0,-125.79328000000004
139.49098666666674,弃电吸收区,-139.49098666666674,0.0
167.6270933333335,弃电吸收区,-167.6270933333335,0.0
200.6135466666667,弃电吸收区,-200.6135466666667,0.0
218.53781333333336,弃电吸收区,-218.53781333333336,0.0
222.12437333333355,弃电吸收区,-222.12437333333355,0.0
112.22784,弃电吸收区,-112.22784,0.0
-37.85856000000001,降负荷减购电区,0.0,-37.85856000000001
-63.82079999999996,降负荷减购电区,0.0,-63.82079999999996
-69.41013333333336,降负荷减购电区,0.0,-69.41013333333336
-77.81503999999995,降负荷减购电区,0.0,-77.81503999999995
-84.70826666666665,降负荷减购电区,0.0,-84.70826666666665
-105.8026666666666,降负荷减购电区,0.0,-105.8026666666666
-103.6407466666667,降负荷减购电区,0.0,-103.6407466666667
-75.92917333333338,降负荷减购电区,0.0,-75.92917333333338
-36.70357333333334,降负荷减购电区,0.0,-36.70357333333334
-101.3239466666667,降负荷减购电区,0.0,-101.3239466666667
127.70688000000013,弃电吸收区,-127.70688000000013,0.0
192.96128,弃电吸收区,-192.96128,0.0
184.04522666666657,弃电吸收区,-184.04522666666657,0.0
-8.833279999999888,降负荷回退弃电区,6.4551799999998885,-2.3781
-130.73663999999997,降负荷回退弃电区,0.0,-130.73663999999997
-145.16906666666662,降负荷回退弃电区,0.0,-145.16906666666662
-167.80757333333332,降负荷回退弃电区,0.0,-167.80757333333332
-125.11232,降负荷减购电区,0.0,-125.11232
-112.9634133333334,降负荷减购电区,0.0,-112.9634133333334
-103.5490133333334,降负荷减购电区,0.0,-103.5490133333334
-89.7792,降负荷减购电区,0.0,-89.7792
-87.84768000000008,降负荷减购电区,0.0,-87.84768000000008
-93.87008000000004,降负荷减购电区,0.0,-93.87008000000004
-88.80469333333326,降负荷减购电区,0.0,-88.80469333333326
-99.15392000000004,降负荷减购电区,0.0,-99.15392000000004
-116.50047999999998,降负荷减购电区,0.0,-116.50047999999998
-135.78239999999994,降负荷减购电区,0.0,-135.78239999999994
-138.3266133333334,降负荷减购电区,0.0,-138.3266133333334
-114.6368,降负荷减购电区,0.0,-114.6368
-78.54079999999999,降负荷减购电区,0.0,-78.54079999999999
-92.45824,降负荷减购电区,0.0,-92.45824
-107.43295999999998,降负荷减购电区,0.0,-107.43295999999998
-81.62474666666662,降负荷减购电区,0.0,-81.62474666666662
-92.50688,降负荷减购电区,0.0,-92.50688
-18.001066666666645,降负荷回退弃电区,0.269466666666645,-17.7316
234.71189333333345,弃电吸收区,-234.71189333333345,0.0
225.8606933333333,弃电吸收区,-225.8606933333333,0.0
103.16629333333331,弃电吸收区,-103.16629333333331,0.0
-47.14325333333335,降负荷减购电区,0.0,-47.14325333333335
-71.45002666666664,降负荷减购电区,0.0,-71.45002666666664
57.5616,弃电吸收区,-57.5616,0.0
135.39669333333336,购电边际区,-135.3702,0.0264933333333488
152.12245333333334,购电边际区,-148.5581,3.564353333333344
214.7874133333333,购电边际区,-198.2247,16.562713333333278
195.15605333333335,弃电吸收区,-195.15605333333335,0.0
81.6529066666667,弃电吸收区,-81.6529066666667,0.0
-39.7589333333334,降负荷减购电区,0.0,-39.7589333333334
-99.4914133333334,降负荷减购电区,0.0,-99.4914133333334
-123.56608,降负荷减购电区,0.0,-123.56608
-174.8701866666666,降负荷减购电区,0.0,-174.8701866666666
-173.50528000000008,降负荷减购电区,0.0,-173.50528000000008
-124.31616000000002,降负荷减购电区,0.0,-124.31616000000002
-115.30538666666672,降负荷减购电区,0.0,-115.30538666666672
-148.12373333333335,降负荷减购电区,0.0,-148.12373333333335
-116.08533333333338,降负荷减购电区,0.0,-116.08533333333338
-150.03647999999998,降负荷减购电区,0.0,-150.03647999999998
-221.54752,降负荷回退弃电区,18.636319999999955,-202.9112
-193.89226666666664,降负荷回退弃电区,0.0,-193.89226666666664
70.59754666666674,弃电吸收区,-70.59754666666674,0.0
140.08063999999996,弃电吸收区,-140.08063999999996,0.0
159.62325333333342,弃电吸收区,-159.62325333333342,0.0
145.11146666666673,弃电吸收区,-145.11146666666673,0.0
-48.36010666666664,降负荷减购电区,0.0,-48.36010666666664
-66.15850666666665,降负荷减购电区,0.0,-66.15850666666665
-127.90783999999996,降负荷减购电区,0.0,-127.90783999999996
-150.5476266666667,降负荷减购电区,0.0,-150.5476266666667
-145.3917866666667,降负荷减购电区,0.0,-145.3917866666667
-142.60735999999997,降负荷减购电区,0.0,-142.60735999999997
-109.75232000000013,降负荷减购电区,0.0,-109.75232000000013
-146.9286400000001,降负荷减购电区,0.0,-146.9286400000001
-118.02624000000004,降负荷减购电区,0.0,-118.02624000000004
-92.82389333333332,降负荷减购电区,0.0,-92.82389333333332
-66.84672,降负荷减购电区,0.0,-66.84672
-53.98869333333323,降负荷减购电区,0.0,-53.98869333333323
-98.18751999999996,降负荷减购电区,0.0,-98.18751999999996
-86.66239999999999,降负荷减购电区,0.0,-86.66239999999999
-108.09173333333332,降负荷减购电区,0.0,-108.09173333333332
-136.81834666666663,降负荷减购电区,0.0,-136.81834666666663
-120.62762666666669,降负荷减购电区,0.0,-120.62762666666669
-92.08192000000004,降负荷减购电区,0.0,-92.08192000000004
-89.85813333333329,降负荷减购电区,0.0,-89.85813333333329
-75.22218666666669,降负荷减购电区,0.0,-75.22218666666669
205.93664000000007,弃电吸收区,-205.93664000000007,0.0
227.0958933333333,弃电吸收区,-227.0958933333333,0.0
131.14666666666665,弃电吸收区,-131.14666666666665,0.0
-13.151573333333316,降负荷回退弃电区,0.224873333333317,-12.9267
-67.68639999999999,降负荷减购电区,0.0,-67.68639999999999
-129.10506666666672,降负荷回退弃电区,0.0,-129.10506666666672
-119.67402666666668,降负荷减购电区,0.0,-119.67402666666668
-115.77855999999996,降负荷减购电区,0.0,-115.77855999999996
-106.46357333333331,降负荷减购电区,0.0,-106.46357333333331
-93.98101333333337,降负荷减购电区,0.0,-93.98101333333337
-109.32736000000013,降负荷减购电区,0.0,-109.32736000000013
-110.93845333333331,降负荷减购电区,0.0,-110.93845333333331
-87.0673066666667,降负荷减购电区,0.0,-87.0673066666667
-88.15786666666662,降负荷减购电区,0.0,-88.15786666666662
-125.11104000000012,降负荷减购电区,0.0,-125.11104000000012
-95.872,降负荷减购电区,0.0,-95.872
-60.44458666666662,降负荷减购电区,0.0,-60.44458666666662
-85.81802666666664,降负荷减购电区,0.0,-85.81802666666664
-75.77600000000001,降负荷减购电区,0.0,-75.77600000000001
-105.09098666666664,降负荷减购电区,0.0,-105.09098666666664
-85.49887999999999,降负荷减购电区,0.0,-85.49887999999999
-89.16266666666667,降负荷减购电区,0.0,-89.16266666666667
-84.77823999999998,降负荷减购电区,0.0,-84.77823999999998
-39.43167999999997,降负荷减购电区,0.0,-39.43167999999997
235.69663999999997,弃电吸收区,-235.69663999999997,0.0
224.7185066666666,弃电吸收区,-224.7185066666666,0.0
228.34560000000016,弃电吸收区,-228.34560000000016,0.0
119.56778666666662,弃电吸收区,-119.56778666666662,0.0
-48.72533333333331,降负荷减购电区,0.0,-48.72533333333331
-113.28853333333336,降负荷减购电区,0.0,-113.28853333333336
-99.43765333333334,降负荷减购电区,0.0,-99.43765333333334
-99.69919999999996,降负荷减购电区,0.0,-99.69919999999996
-152.73301333333336,降负荷减购电区,0.0,-152.73301333333336
-166.05866666666668,降负荷减购电区,0.0,-166.05866666666668
-181.16096,降负荷减购电区,0.0,-181.16096
-174.77589333333333,降负荷减购电区,0.0,-174.77589333333333
-91.05919999999998,降负荷减购电区,0.0,-91.05919999999998
-106.0471466666666,降负荷减购电区,0.0,-106.0471466666666
-136.71381333333335,降负荷减购电区,0.0,-136.71381333333335
-97.86880000000008,降负荷减购电区,0.0,-97.86880000000008
-116.736,降负荷减购电区,0.0,-116.736
-127.97098666666663,降负荷减购电区,0.0,-127.97098666666663
-140.47573333333332,降负荷减购电区,0.0,-140.47573333333332
-97.22368,降负荷减购电区,0.0,-97.22368
-79.23071999999996,降负荷减购电区,0.0,-79.23071999999996
-60.339200000000005,降负荷减购电区,0.0,-60.339200000000005
-58.78400000000005,降负荷减购电区,0.0,-58.78400000000005
-87.60661333333331,降负荷减购电区,0.0,-87.60661333333331
99.29045333333328,弃电吸收区,-99.29045333333328,0.0
142.91114666666675,弃电吸收区,-142.91114666666675,0.0
88.10410666666667,弃电吸收区,-88.10410666666667,0.0
-40.75050666666675,降负荷回退弃电区,15.18260666666675,-25.5679
-150.43797333333325,降负荷回退弃电区,0.0,-150.43797333333325
-176.21077333333332,降负荷回退弃电区,0.0,-176.21077333333332
134.10474666666664,购电边际区,-131.5306,2.5741466666666497
197.00992,购电边际区,-133.4664,63.54351999999997
212.68992000000003,购电边际区,-147.219,65.47092000000004
253.22581333333332,购电边际区,-196.8903,56.33551333333335
172.84864000000005,弃电吸收区,-172.84864000000005,0.0
4.887893333333409,弃电吸收区,-4.887893333333409,0.0
-99.3996800000001,降负荷减购电区,0.0,-99.3996800000001
-204.11306666666675,降负荷减购电区,0.0,-204.11306666666675
-148.77695999999992,降负荷减购电区,0.0,-148.77695999999992
-137.79712,降负荷减购电区,0.0,-137.79712
-98.41493333333337,降负荷减购电区,0.0,-98.41493333333337
-129.51893333333334,降负荷减购电区,0.0,-129.51893333333334
-184.2688,降负荷减购电区,0.0,-184.2688
-168.66816,降负荷减购电区,0.0,-168.66816
-137.85088000000002,降负荷减购电区,0.0,-137.85088000000002
-122.54208,降负荷减购电区,0.0,-122.54208
-132.33621333333332,降负荷减购电区,0.0,-132.33621333333332
-65.83807999999999,降负荷减购电区,0.0,-65.83807999999999
111.75210666666668,弃电吸收区,-111.75210666666668,0.0
133.31157333333329,弃电吸收区,-133.31157333333329,0.0
98.97173333333336,弃电吸收区,-98.97173333333336,0.0
-20.21162666666669,降负荷回退弃电区,0.1874266666666884,-20.0242
-139.47903999999997,降负荷回退弃电区,0.0,-139.47903999999997
-171.0856533333333,降负荷回退弃电区,0.0,-171.0856533333333
-192.79018666666664,降负荷回退弃电区,0.0,-192.79018666666664
-197.26933333333332,降负荷回退弃电区,0.0,-197.26933333333332
-172.72874666666667,降负荷减购电区,0.0,-172.72874666666667
-141.73184000000003,降负荷减购电区,0.0,-141.73184000000003
-122.7374933333333,降负荷减购电区,0.0,-122.7374933333333
-134.82453333333336,降负荷减购电区,0.0,-134.82453333333336
-139.67573333333337,降负荷减购电区,0.0,-139.67573333333337
-124.36309333333338,降负荷减购电区,0.0,-124.36309333333338
-124.98944,降负荷减购电区,0.0,-124.98944
-153.03466666666674,降负荷减购电区,0.0,-153.03466666666674
-166.85354666666672,降负荷减购电区,0.0,-166.85354666666672
-181.0615466666667,降负荷减购电区,0.0,-181.0615466666667
-170.01813333333337,降负荷减购电区,0.0,-170.01813333333337
-129.4446933333333,降负荷减购电区,0.0,-129.4446933333333
-99.78026666666663,降负荷减购电区,0.0,-99.78026666666663
-93.0730666666667,降负荷减购电区,0.0,-93.0730666666667
-158.33599999999998,降负荷减购电区,0.0,-158.33599999999998
-181.48864,降负荷回退弃电区,0.0,-181.48864
99.52639999999992,弃电吸收区,-99.52639999999992,0.0
111.94709333333331,弃电吸收区,-111.94709333333331,0.0
111.86773333333332,弃电吸收区,-111.86773333333332,0.0
-10.891093333333345,降负荷回退弃电区,1.2436933333333453,-9.6474
-160.33877333333336,降负荷回退弃电区,0.5233733333333532,-159.8154
-168.44117333333332,降负荷回退弃电区,0.0,-168.44117333333332
-162.02496000000005,降负荷回退弃电区,0.0,-162.02496000000005
-158.93034666666665,降负荷减购电区,0.0,-158.93034666666665
-93.62090666666673,降负荷减购电区,0.0,-93.62090666666673
-88.51968000000005,降负荷减购电区,0.0,-88.51968000000005
-94.4874666666667,降负荷减购电区,0.0,-94.4874666666667
-122.0032,降负荷减购电区,0.0,-122.0032
-119.3284266666666,降负荷减购电区,0.0,-119.3284266666666
-99.69365333333332,降负荷减购电区,0.0,-99.69365333333332
-78.41621333333342,降负荷减购电区,0.0,-78.41621333333342
-44.17024000000004,降负荷减购电区,0.0,-44.17024000000004
-46.19434666666666,降负荷减购电区,0.0,-46.19434666666666
-83.98165333333333,降负荷减购电区,0.0,-83.98165333333333
-82.36032000000006,降负荷减购电区,0.0,-82.36032000000006
-92.39893333333332,降负荷减购电区,0.0,-92.39893333333332
-113.32266666666668,降负荷减购电区,0.0,-113.32266666666668
-93.09610666666664,降负荷减购电区,0.0,-93.09610666666664
-75.54730666666666,降负荷减购电区,0.0,-75.54730666666666
-37.47242666666665,降负荷减购电区,0.0,-37.47242666666665
177.664,弃电吸收区,-177.664,0.0
135.69706666666667,弃电吸收区,-135.69706666666667,0.0
56.7598933333332,弃电吸收区,-56.7598933333332,0.0
-31.70133333333331,降负荷回退弃电区,0.0510333333333079,-31.6503
-143.5025066666667,降负荷回退弃电区,0.0,-143.5025066666667
-154.3424,降负荷回退弃电区,0.0,-154.3424
-152.1390933333334,降负荷回退弃电区,0.0,-152.1390933333334
-124.95744000000008,降负荷减购电区,0.0,-124.95744000000008
-164.15573333333333,降负荷减购电区,0.0,-164.15573333333333
-183.49568000000005,降负荷减购电区,0.0,-183.49568000000005
-185.07946666666663,降负荷减购电区,0.0,-185.07946666666663
-164.9851733333333,降负荷减购电区,0.0,-164.9851733333333
-172.5149866666667,降负荷减购电区,0.0,-172.5149866666667
-235.9355733333333,降负荷减购电区,0.0,-235.9355733333333
-225.0568533333333,降负荷减购电区,0.0,-225.0568533333333
-188.63786666666664,降负荷减购电区,0.0,-188.63786666666664
-191.3344,降负荷减购电区,0.0,-191.3344
-172.7761066666667,降负荷减购电区,0.0,-172.7761066666667
-159.29727999999994,降负荷减购电区,0.0,-159.29727999999994
-105.0197333333333,降负荷减购电区,0.0,-105.0197333333333
-93.82826666666664,降负荷减购电区,0.0,-93.82826666666664
-117.82314666666662,降负荷减购电区,0.0,-117.82314666666662
-80.06400000000002,降负荷减购电区,0.0,-80.06400000000002
-107.66336,降负荷减购电区,0.0,-107.66336
150.56810666666672,弃电吸收区,-150.56810666666672,0.0
183.14239999999995,弃电吸收区,-183.14239999999995,0.0
192.40021333333345,弃电吸收区,-192.40021333333345,0.0
197.80224,弃电吸收区,-197.80224,0.0
-56.6869333333334,降负荷减购电区,0.0,-56.6869333333334
-95.44959999999998,降负荷减购电区,0.0,-95.44959999999998
-172.5994666666667,降负荷回退弃电区,0.0,-172.5994666666667
-131.40480000000002,降负荷减购电区,0.0,-131.40480000000002
-95.78922666666664,降负荷减购电区,0.0,-95.78922666666664
-135.91040000000004,降负荷减购电区,0.0,-135.91040000000004
-152.36437333333333,降负荷减购电区,0.0,-152.36437333333333
-122.2976,降负荷减购电区,0.0,-122.2976
-109.57013333333332,降负荷减购电区,0.0,-109.57013333333332
-113.65205333333336,降负荷减购电区,0.0,-113.65205333333336
-121.73653333333328,降负荷减购电区,0.0,-121.73653333333328
-153.2539733333333,降负荷减购电区,0.0,-153.2539733333333
-130.91797333333335,降负荷减购电区,0.0,-130.91797333333335
201.1063466666668,弃电吸收区,-201.1063466666668,0.0
178.60650666666658,弃电吸收区,-178.60650666666658,0.0
209.72799999999995,弃电吸收区,-209.72799999999995,0.0
218.17258666666663,弃电吸收区,-218.17258666666663,0.0
271.2674133333333,弃电吸收区,-271.2674133333333,0.0
215.37706666666676,弃电吸收区,-215.37706666666676,0.0
166.40170666666666,弃电吸收区,-166.40170666666666,0.0
125.39903999999996,弃电吸收区,-125.39903999999996,0.0
89.64906666666656,弃电吸收区,-89.64906666666656,0.0
87.22901333333334,弃电吸收区,-87.22901333333334,0.0
8.44458666666668,弃电吸收区,-8.44458666666668,0.0
-126.04800000000004,降负荷回退弃电区,0.138200000000026,-125.9098
-121.25866666666668,降负荷回退弃电区,0.0,-121.25866666666668
-124.77098666666666,降负荷减购电区,0.0,-124.77098666666666
-104.05333333333328,降负荷减购电区,0.0,-104.05333333333328
-111.8976,降负荷减购电区,0.0,-111.8976
-99.20853333333332,降负荷减购电区,0.0,-99.20853333333332
-107.4222933333333,降负荷减购电区,0.0,-107.4222933333333
-157.42293333333345,降负荷减购电区,0.0,-157.42293333333345
-126.18239999999992,降负荷减购电区,0.0,-126.18239999999992
-118.82623999999998,降负荷减购电区,0.0,-118.82623999999998
-102.8386133333334,降负荷减购电区,0.0,-102.8386133333334
-119.04469333333331,降负荷减购电区,0.0,-119.04469333333331
-131.35914666666667,降负荷减购电区,0.0,-131.35914666666667
-92.61738666666662,降负荷减购电区,0.0,-92.61738666666662
-118.14570666666664,降负荷减购电区,0.0,-118.14570666666664
-92.44160000000004,降负荷减购电区,0.0,-92.44160000000004
-71.41034666666667,降负荷减购电区,0.0,-71.41034666666667
-60.07466666666664,降负荷减购电区,0.0,-60.07466666666664
-59.71712000000002,降负荷减购电区,0.0,-59.71712000000002
240.11093333333335,弃电吸收区,-240.11093333333335,0.0
248.44629333333336,弃电吸收区,-248.44629333333336,0.0
203.98037333333343,弃电吸收区,-203.98037333333343,0.0
194.41450666666677,弃电吸收区,-194.41450666666677,0.0
74.74559999999997,弃电吸收区,-74.74559999999997,0.0
-97.88544000000005,降负荷回退弃电区,0.0,-97.88544000000005
-146.21696000000009,降负荷回退弃电区,0.0,-146.21696000000009
-118.12437333333344,降负荷减购电区,0.0,-118.12437333333344
-114.5565866666667,降负荷减购电区,0.0,-114.5565866666667
-102.21440000000008,降负荷减购电区,0.0,-102.21440000000008
-107.66208,降负荷减购电区,0.0,-107.66208
-109.58336000000008,降负荷减购电区,0.0,-109.58336000000008
-103.60106666666672,降负荷减购电区,0.0,-103.60106666666672
-84.68693333333334,降负荷减购电区,0.0,-84.68693333333334
-124.51200000000011,降负荷减购电区,0.0,-124.51200000000011
-130.93375999999995,降负荷减购电区,0.0,-130.93375999999995
-121.37813333333338,降负荷减购电区,0.0,-121.37813333333338
-113.81077333333332,降负荷减购电区,0.0,-113.81077333333332
-148.93738666666673,降负荷减购电区,0.0,-148.93738666666673
-118.21440000000008,降负荷减购电区,0.0,-118.21440000000008
-135.8882133333334,降负荷减购电区,0.0,-135.8882133333334
-125.28127999999998,降负荷减购电区,0.0,-125.28127999999998
-121.13493333333332,降负荷减购电区,0.0,-121.13493333333332
-166.47680000000005,降负荷减购电区,0.0,-166.47680000000005
-172.28416,降负荷回退弃电区,0.0,-172.28416
80.99583999999993,弃电吸收区,-80.99583999999993,0.0
153.66741333333334,弃电吸收区,-153.66741333333334,0.0
45.16565333333335,弃电吸收区,-45.16565333333335,0.0
-22.593706666666662,降负荷回退弃电区,0.0,-22.593706666666662
-75.29984000000002,降负荷回退弃电区,0.0,-75.29984000000002
130.61333333333334,弃电吸收区,-130.61333333333334,0.0
136.06570666666676,购电边际区,-131.9079,4.157806666666744
132.56533333333334,购电边际区,-131.9584,0.6069333333333304
165.0406400000001,购电边际区,-146.304,18.736640000000108
187.8237866666666,弃电吸收区,-187.8237866666666,0.0
54.06378666666672,弃电吸收区,-54.06378666666672,0.0
-52.55594666666661,降负荷减购电区,0.0,-52.55594666666661
-150.25194666666675,降负荷减购电区,0.0,-150.25194666666675
-167.13471999999996,降负荷减购电区,0.0,-167.13471999999996
-165.5424,降负荷减购电区,0.0,-165.5424
-169.4993066666666,降负荷减购电区,0.0,-169.4993066666666
-145.42506666666668,降负荷减购电区,0.0,-145.42506666666668
-101.57226666666668,降负荷减购电区,0.0,-101.57226666666668
-84.90325333333323,降负荷减购电区,0.0,-84.90325333333323
-89.78431999999998,降负荷减购电区,0.0,-89.78431999999998
-82.70848000000007,降负荷减购电区,0.0,-82.70848000000007
-103.92746666666665,降负荷减购电区,0.0,-103.92746666666665
-101.83338666666668,降负荷减购电区,0.0,-101.83338666666668
-127.73546666666658,降负荷回退弃电区,0.0,-127.73546666666658
144.42154666666676,弃电吸收区,-144.42154666666676,0.0
142.27456000000006,弃电吸收区,-142.27456000000006,0.0
93.90037333333332,弃电吸收区,-93.90037333333332,0.0
-21.08927999999997,降负荷回退弃电区,0.1359799999999751,-20.9533
-125.10677333333334,降负荷回退弃电区,0.0,-125.10677333333334
-138.25024000000008,降负荷回退弃电区,0.0,-138.25024000000008
-103.50208000000003,降负荷减购电区,0.0,-103.50208000000003
-70.46485333333328,降负荷减购电区,0.0,-70.46485333333328
-76.7296,降负荷减购电区,0.0,-76.7296
-87.54816,降负荷减购电区,0.0,-87.54816
-102.7276799999999,降负荷减购电区,0.0,-102.7276799999999
-63.262719999999945,降负荷减购电区,0.0,-63.262719999999945
-126.55957333333332,降负荷减购电区,0.0,-126.55957333333332
-152.28885333333335,降负荷减购电区,0.0,-152.28885333333335
-202.93205333333336,降负荷减购电区,0.0,-202.93205333333336
-162.44906666666668,降负荷减购电区,0.0,-162.44906666666668
-128.53077333333334,降负荷减购电区,0.0,-128.53077333333334
-128.2944,降负荷减购电区,0.0,-128.2944
-140.66517333333337,降负荷减购电区,0.0,-140.66517333333337
-106.48021333333338,降负荷减购电区,0.0,-106.48021333333338
-130.8842666666667,降负荷减购电区,0.0,-130.8842666666667
-139.3408,降负荷减购电区,0.0,-139.3408
-125.70453333333336,降负荷减购电区,0.0,-125.70453333333336
-77.05941333333334,降负荷减购电区,0.0,-77.05941333333334
213.31840000000005,弃电吸收区,-213.31840000000005,0.0
219.1901866666667,弃电吸收区,-219.1901866666667,0.0
210.81216,弃电吸收区,-210.81216,0.0
-10.178560000000004,降负荷回退弃电区,6.535560000000005,-3.643
-114.54037333333336,降负荷回退弃电区,0.0,-114.54037333333336
-126.93760000000005,降负荷回退弃电区,0.0,-126.93760000000005
108.56832000000004,弃电吸收区,-108.56832000000004,0.0
158.6346666666667,购电边际区,-135.8684,22.76626666666669
147.44191999999998,弃电吸收区,-147.44191999999998,0.0
211.40394666666663,购电边际区,-194.4572,16.946746666666627
221.82400000000007,弃电吸收区,-221.82400000000007,0.0
134.89493333333337,弃电吸收区,-134.89493333333337,0.0
-48.68821333333335,降负荷减购电区,0.0,-48.68821333333335
-71.87541333333331,降负荷减购电区,0.0,-71.87541333333331
-116.96256,降负荷减购电区,0.0,-116.96256
-128.77610666666664,降负荷减购电区,0.0,-128.77610666666664
-131.2349866666666,降负荷减购电区,0.0,-131.2349866666666
-120.85589333333331,降负荷减购电区,0.0,-120.85589333333331
-123.36128000000008,降负荷减购电区,0.0,-123.36128000000008
-144.4539733333333,降负荷减购电区,0.0,-144.4539733333333
-101.47541333333334,降负荷减购电区,0.0,-101.47541333333334
-106.81173333333334,降负荷减购电区,0.0,-106.81173333333334
-90.32362666666666,降负荷减购电区,0.0,-90.32362666666666
-42.965333333333376,降负荷减购电区,0.0,-42.965333333333376
110.1794133333334,弃电吸收区,-110.1794133333334,0.0
131.9150933333334,弃电吸收区,-131.9150933333334,0.0
103.50165333333332,弃电吸收区,-103.50165333333332,0.0
-31.245653333333337,降负荷回退弃电区,0.0,-31.245653333333337
-77.82656000000003,降负荷减购电区,0.0,-77.82656000000003
-72.56746666666669,降负荷减购电区,0.0,-72.56746666666669
-33.48821333333336,降负荷减购电区,0.0,-33.48821333333336
-40.41386666666665,降负荷减购电区,0.0,-40.41386666666665
-58.32960000000003,降负荷减购电区,0.0,-58.32960000000003
-92.60373333333332,降负荷减购电区,0.0,-92.60373333333332
-151.22773333333328,降负荷减购电区,0.0,-151.22773333333328
-180.33152000000007,降负荷减购电区,0.0,-180.33152000000007
-181.5082666666666,降负荷减购电区,0.0,-181.5082666666666
-201.2262399999999,降负荷减购电区,0.0,-201.2262399999999
-170.75882666666666,降负荷减购电区,0.0,-170.75882666666666
-157.3410133333333,降负荷减购电区,0.0,-157.3410133333333
-162.46954666666664,降负荷减购电区,0.0,-162.46954666666664
-126.98666666666674,降负荷减购电区,0.0,-126.98666666666674
-108.31360000000012,降负荷减购电区,0.0,-108.31360000000012
-144.71722666666665,降负荷减购电区,0.0,-144.71722666666665
-117.06367999999998,降负荷减购电区,0.0,-117.06367999999998
-110.45205333333332,降负荷减购电区,0.0,-110.45205333333332
-99.54431999999996,降负荷减购电区,0.0,-99.54431999999996
-135.1957333333333,降负荷减购电区,0.0,-135.1957333333333
63.67061333333339,弃电吸收区,-63.67061333333339,0.0
147.9842133333334,弃电吸收区,-147.9842133333334,0.0
170.4499199999999,弃电吸收区,-170.4499199999999,0.0
195.3988266666667,弃电吸收区,-195.3988266666667,0.0
194.31893333333323,弃电吸收区,-194.31893333333323,0.0
125.89610666666664,弃电吸收区,-125.89610666666664,0.0
-19.16885333333329,降负荷减购电区,0.0,-19.16885333333329
-77.79114666666669,降负荷减购电区,0.0,-77.79114666666669
-65.68319999999994,降负荷减购电区,0.0,-65.68319999999994
-89.04533333333336,降负荷减购电区,0.0,-89.04533333333336
-166.2165333333333,降负荷减购电区,0.0,-166.2165333333333
-215.64032,降负荷减购电区,0.0,-215.64032
-195.1897600000001,降负荷减购电区,0.0,-195.1897600000001
-162.77247999999997,降负荷减购电区,0.0,-162.77247999999997
-118.54890666666672,降负荷减购电区,0.0,-118.54890666666672
-131.0882133333334,降负荷减购电区,0.0,-131.0882133333334
-96.19328000000002,降负荷减购电区,0.0,-96.19328000000002
-116.20906666666669,降负荷减购电区,0.0,-116.20906666666669
-153.04021333333338,降负荷减购电区,0.0,-153.04021333333338
-150.3069866666666,降负荷减购电区,0.0,-150.3069866666666
-162.32533333333333,降负荷减购电区,0.0,-162.32533333333333
-131.05152000000004,降负荷减购电区,0.0,-131.05152000000004
-118.78613333333334,降负荷减购电区,0.0,-118.78613333333334
-44.983466666666686,降负荷减购电区,0.0,-44.983466666666686
165.3538133333333,弃电吸收区,-165.3538133333333,0.0
170.44693333333345,弃电吸收区,-170.44693333333345,0.0
132.0785066666666,弃电吸收区,-132.0785066666666,0.0
-17.049173333333442,降负荷回退弃电区,9.673973333333445,-7.3752
-176.35967999999997,降负荷回退弃电区,0.0,-176.35967999999997
-156.31530666666671,降负荷回退弃电区,0.0,-156.31530666666671
-140.35114666666658,降负荷回退弃电区,0.0,-140.35114666666658
-164.26325333333324,降负荷减购电区,0.0,-164.26325333333324
-207.85152,降负荷回退弃电区,0.0,-207.85152
-175.4333866666667,降负荷减购电区,0.0,-175.4333866666667
-120.08277333333336,降负荷减购电区,0.0,-120.08277333333336
-218.92352,降负荷减购电区,0.0,-218.92352
-203.74058666666676,降负荷减购电区,0.0,-203.74058666666676
-167.68170666666663,降负荷减购电区,0.0,-167.68170666666663
-152.1169066666667,降负荷减购电区,0.0,-152.1169066666667
-136.26197333333334,降负荷减购电区,0.0,-136.26197333333334
-175.66165333333333,降负荷减购电区,0.0,-175.66165333333333
-199.80288000000007,降负荷减购电区,0.0,-199.80288000000007
-161.41824000000005,降负荷减购电区,0.0,-161.41824000000005
-147.25802666666664,降负荷减购电区,0.0,-147.25802666666664
-95.41205333333336,降负荷减购电区,0.0,-95.41205333333336
-64.40960000000001,降负荷减购电区,0.0,-64.40960000000001
-108.6144,降负荷减购电区,0.0,-108.6144
-119.15093333333336,降负荷减购电区,0.0,-119.15093333333336
183.1944533333334,弃电吸收区,-183.1944533333334,0.0
169.10165333333333,弃电吸收区,-169.10165333333333,0.0
128.5969066666667,弃电吸收区,-128.5969066666667,0.0
94.34922666666677,弃电吸收区,-94.34922666666677,0.0
-152.15573333333327,降负荷回退弃电区,0.1512333333332662,-152.0045
-218.54549333333333,降负荷回退弃电区,0.0,-218.54549333333333
-261.1123200000001,降负荷回退弃电区,0.3132200000001148,-260.7991
-205.07818666666677,降负荷回退弃电区,0.0,-205.07818666666677
-156.42624,降负荷减购电区,0.0,-156.42624
-173.9332266666667,降负荷减购电区,0.0,-173.9332266666667
-149.10677333333336,降负荷减购电区,0.0,-149.10677333333336
-123.85621333333336,降负荷减购电区,0.0,-123.85621333333336
-91.86943999999994,降负荷减购电区,0.0,-91.86943999999994
-86.87274666666661,降负荷减购电区,0.0,-86.87274666666661
-80.8768,降负荷减购电区,0.0,-80.8768
-82.20159999999998,降负荷减购电区,0.0,-82.20159999999998
-76.71807999999999,降负荷减购电区,0.0,-76.71807999999999
-109.01376000000003,降负荷减购电区,0.0,-109.01376000000003
-99.59082666666666,降负荷减购电区,0.0,-99.59082666666666
-92.79487999999998,降负荷减购电区,0.0,-92.79487999999998
-103.32842666666664,降负荷减购电区,0.0,-103.32842666666664
-129.11786666666666,降负荷减购电区,0.0,-129.11786666666666
-107.25888,降负荷减购电区,0.0,-107.25888
-157.67039999999997,降负荷减购电区,0.0,-157.67039999999997
116.2141866666667,弃电吸收区,-116.2141866666667,0.0
117.16437333333351,弃电吸收区,-117.16437333333351,0.0
118.82368000000002,弃电吸收区,-118.82368000000002,0.0
-20.931413333333357,降负荷回退弃电区,5.467113333333353,-15.4643
-141.7536,降负荷回退弃电区,0.0745000000000004,-141.6791
-88.80170666666658,降负荷减购电区,0.0,-88.80170666666658
-88.67839999999995,降负荷减购电区,0.0,-88.67839999999995
-108.63957333333332,降负荷减购电区,0.0,-108.63957333333332
-118.2634666666666,降负荷减购电区,0.0,-118.2634666666666
-96.71978666666666,降负荷减购电区,0.0,-96.71978666666666
-123.31520000000006,降负荷减购电区,0.0,-123.31520000000006
-153.40202666666664,降负荷减购电区,0.0,-153.40202666666664
-178.08042666666665,降负荷减购电区,0.0,-178.08042666666665
-150.6167466666667,降负荷减购电区,0.0,-150.6167466666667
-148.0891733333333,降负荷减购电区,0.0,-148.0891733333333
-187.9867733333333,降负荷减购电区,0.0,-187.9867733333333
-121.36448,降负荷减购电区,0.0,-121.36448
-196.70784000000003,降负荷减购电区,0.0,-196.70784000000003
-201.8116266666667,降负荷减购电区,0.0,-201.8116266666667
-184.5120000000001,降负荷减购电区,0.0,-184.5120000000001
-194.7464533333333,降负荷减购电区,0.0,-194.7464533333333
-152.30805333333333,降负荷减购电区,0.0,-152.30805333333333
-99.91893333333336,降负荷减购电区,0.0,-99.91893333333336
-53.62346666666667,降负荷减购电区,0.0,-53.62346666666667
203.02336,弃电吸收区,-203.02336,0.0
219.66592000000003,弃电吸收区,-219.66592000000003,0.0
186.40981333333335,弃电吸收区,-186.40981333333335,0.0
-20.38997333333333,降负荷回退弃电区,0.0065733333333284,-20.3834
-156.15914666666674,降负荷回退弃电区,0.0,-156.15914666666674
-129.88415999999995,降负荷回退弃电区,0.0,-129.88415999999995
-52.51541333333336,降负荷减购电区,0.0,-52.51541333333336
128.47103999999996,弃电吸收区,-128.47103999999996,0.0
121.55178666666666,弃电吸收区,-121.55178666666666,0.0
116.50901333333331,弃电吸收区,-116.50901333333331,0.0
136.87040000000002,弃电吸收区,-136.87040000000002,0.0
142.5032533333333,弃电吸收区,-142.5032533333333,0.0
220.38698666666664,弃电吸收区,-220.38698666666664,0.0
238.69952,弃电吸收区,-238.69952,0.0
92.65280000000008,弃电吸收区,-92.65280000000008,0.0
-48.53248000000008,降负荷减购电区,0.0,-48.53248000000008
-95.98208,降负荷减购电区,0.0,-95.98208
-92.8341333333334,降负荷减购电区,0.0,-92.8341333333334
-92.27392000000005,降负荷减购电区,0.0,-92.27392000000005
-68.33152000000001,降负荷减购电区,0.0,-68.33152000000001
-114.72810666666663,降负荷减购电区,0.0,-114.72810666666663
-185.5816533333333,降负荷减购电区,0.0,-185.5816533333333
-151.19530666666668,降负荷减购电区,0.0,-151.19530666666668
-122.23189333333328,降负荷减购电区,0.0,-122.23189333333328
180.24661333333324,弃电吸收区,-180.24661333333324,0.0
184.2291199999999,弃电吸收区,-184.2291199999999,0.0
128.77781333333326,弃电吸收区,-128.77781333333326,0.0
-7.026346666666655,降负荷回退弃电区,0.4241466666666547,-6.6022
-85.14047999999997,降负荷回退弃电区,0.0,-85.14047999999997
-87.57247999999993,降负荷减购电区,0.0,-87.57247999999993
-75.28960000000001,降负荷减购电区,0.0,-75.28960000000001
-107.29002666666668,降负荷减购电区,0.0,-107.29002666666668
-110.34624000000002,降负荷减购电区,0.0,-110.34624000000002
-132.42368000000005,降负荷减购电区,0.0,-132.42368000000005
-106.36629333333332,降负荷减购电区,0.0,-106.36629333333332
-86.72213333333343,降负荷减购电区,0.0,-86.72213333333343
-79.7969066666667,降负荷减购电区,0.0,-79.7969066666667
-121.47370666666671,降负荷减购电区,0.0,-121.47370666666671
-142.44309333333337,降负荷减购电区,0.0,-142.44309333333337
-176.2167466666667,降负荷减购电区,0.0,-176.2167466666667
-163.8195199999999,降负荷减购电区,0.0,-163.8195199999999
-194.02752000000004,降负荷减购电区,0.0,-194.02752000000004
-186.9653333333333,降负荷减购电区,0.0,-186.9653333333333
-220.93141333333327,降负荷减购电区,0.0,-220.93141333333327
-240.55210666666676,降负荷回退弃电区,2.588506666666717,-237.9636
-234.7118933333333,降负荷回退弃电区,8.086093333333338,-226.6258
-211.41845333333333,降负荷减购电区,0.0,-211.41845333333333
-183.58826666666667,降负荷回退弃电区,0.0,-183.58826666666667
85.78517333333332,弃电吸收区,-85.78517333333332,0.0
154.25493333333338,弃电吸收区,-154.25493333333338,0.0
206.04714666666663,弃电吸收区,-206.04714666666663,0.0
69.57354666666669,弃电吸收区,-69.57354666666669,0.0
-79.52896000000001,降负荷回退弃电区,0.0,-79.52896000000001
-109.29621333333333,降负荷回退弃电区,0.0,-109.29621333333333
-123.29429333333336,降负荷减购电区,0.0,-123.29429333333336
-200.00597333333337,降负荷回退弃电区,0.0,-200.00597333333337
-211.3130666666667,降负荷回退弃电区,0.0,-211.3130666666667
-158.1525333333334,降负荷减购电区,0.0,-158.1525333333334
-136.8866133333334,降负荷减购电区,0.0,-136.8866133333334
-70.74133333333333,降负荷减购电区,0.0,-70.74133333333333
-68.4987733333333,降负荷减购电区,0.0,-68.4987733333333
-99.50720000000008,降负荷减购电区,0.0,-99.50720000000008
-119.57759999999996,降负荷减购电区,0.0,-119.57759999999996
-127.43680000000006,降负荷减购电区,0.0,-127.43680000000006
-131.03573333333327,降负荷减购电区,0.0,-131.03573333333327
-81.32949333333329,降负荷减购电区,0.0,-81.32949333333329
-125.20789333333327,降负荷减购电区,0.0,-125.20789333333327
-100.92458666666664,降负荷减购电区,0.0,-100.92458666666664
-97.38922666666672,降负荷减购电区,0.0,-97.38922666666672
-112.49834666666668,降负荷减购电区,0.0,-112.49834666666668
-10.907306666666614,降负荷减购电区,0.0,-10.907306666666614
156.29653333333334,弃电吸收区,-156.29653333333334,0.0
179.34506666666664,弃电吸收区,-179.34506666666664,0.0
184.2645333333333,弃电吸收区,-184.2645333333333,0.0
206.63125333333323,弃电吸收区,-206.63125333333323,0.0
50.85056000000003,弃电吸收区,-50.85056000000003,0.0
-163.93728000000002,降负荷回退弃电区,0.0,-163.93728000000002
-172.31701333333336,降负荷回退弃电区,0.0,-172.31701333333336
-211.49866666666668,降负荷回退弃电区,0.0,-211.49866666666668
-241.0282666666667,降负荷回退弃电区,0.0,-241.0282666666667
-183.60917333333327,降负荷减购电区,0.0,-183.60917333333327
-108.49365333333331,降负荷减购电区,0.0,-108.49365333333331
-80.42837333333324,降负荷减购电区,0.0,-80.42837333333324
125.00650666666672,弃电吸收区,-125.00650666666672,0.0
162.5766400000001,弃电吸收区,-162.5766400000001,0.0
154.03605333333337,弃电吸收区,-154.03605333333337,0.0
-72.99242666666669,降负荷减购电区,0.0,-72.99242666666669
-94.90090666666664,降负荷减购电区,0.0,-94.90090666666664
-108.88021333333324,降负荷减购电区,0.0,-108.88021333333324
-109.40543999999994,降负荷减购电区,0.0,-109.40543999999994
-67.73418666666663,降负荷减购电区,0.0,-67.73418666666663
-39.55200000000008,降负荷减购电区,0.0,-39.55200000000008
-84.81066666666669,降负荷减购电区,0.0,-84.81066666666669
-165.93578666666667,降负荷减购电区,0.0,-165.93578666666667
-163.5413333333333,降负荷减购电区,0.0,-163.5413333333333
-135.00032000000002,降负荷减购电区,0.0,-135.00032000000002
92.70271999999994,弃电吸收区,-92.70271999999994,0.0
163.4376533333334,弃电吸收区,-163.4376533333334,0.0
89.96181333333334,弃电吸收区,-89.96181333333334,0.0
-33.84661333333338,降负荷回退弃电区,0.689413333333377,-33.1572
-93.25354666666672,降负荷回退弃电区,0.0,-93.25354666666672
123.56095999999997,弃电吸收区,-123.56095999999997,0.0
134.24128000000007,购电边际区,-133.0499,1.1913800000000665
131.1658666666666,弃电吸收区,-131.1658666666666,0.0
156.35626666666667,弃电吸收区,-156.35626666666667,0.0
181.6951466666667,弃电吸收区,-181.6951466666667,0.0
168.3835733333334,弃电吸收区,-168.3835733333334,0.0
141.5236266666666,弃电吸收区,-141.5236266666666,0.0
173.09183999999993,弃电吸收区,-173.09183999999993,0.0
177.7668266666666,弃电吸收区,-177.7668266666666,0.0
97.8112,弃电吸收区,-97.8112,0.0
-130.60608000000002,降负荷减购电区,0.0,-130.60608000000002
-161.02613333333335,降负荷减购电区,0.0,-161.02613333333335
-155.56480000000005,降负荷减购电区,0.0,-155.56480000000005
-158.27456000000006,降负荷减购电区,0.0,-158.27456000000006
-133.79839999999996,降负荷减购电区,0.0,-133.79839999999996
-137.96480000000005,降负荷减购电区,0.0,-137.96480000000005
-96.94421333333332,降负荷减购电区,0.0,-96.94421333333332
-92.10368000000004,降负荷减购电区,0.0,-92.10368000000004
-100.94762666666668,降负荷减购电区,0.0,-100.94762666666668
133.91146666666674,弃电吸收区,-133.91146666666674,0.0
147.4218666666668,弃电吸收区,-147.4218666666668,0.0
132.98559999999992,弃电吸收区,-132.98559999999992,0.0
-46.73706666666664,降负荷回退弃电区,41.89946666666663,-4.8376
-146.0181333333333,降负荷回退弃电区,0.0,-146.0181333333333
-157.18229333333332,降负荷回退弃电区,0.0,-157.18229333333332
-96.96554666666668,降负荷减购电区,0.0,-96.96554666666668
-97.20277333333335,降负荷减购电区,0.0,-97.20277333333335
-124.36480000000006,降负荷减购电区,0.0,-124.36480000000006
-135.05023999999997,降负荷减购电区,0.0,-135.05023999999997
-184.81407999999996,降负荷减购电区,0.0,-184.81407999999996
-184.82176,降负荷减购电区,0.0,-184.82176
-114.10943999999996,降负荷减购电区,0.0,-114.10943999999996
-77.10975999999994,降负荷减购电区,0.0,-77.10975999999994
-140.14976,降负荷减购电区,0.0,-140.14976
-138.13077333333337,降负荷减购电区,0.0,-138.13077333333337
-109.8564266666666,降负荷减购电区,0.0,-109.8564266666666
-86.71061333333324,降负荷减购电区,0.0,-86.71061333333324
-159.27808,降负荷减购电区,0.0,-159.27808
-181.33034666666663,降负荷减购电区,0.0,-181.33034666666663
-149.9221333333333,降负荷减购电区,0.0,-149.9221333333333
-140.20266666666663,降负荷减购电区,0.0,-140.20266666666663
-138.1888,降负荷减购电区,0.0,-138.1888
-134.72000000000003,降负荷减购电区,0.0,-134.72000000000003
184.79487999999992,弃电吸收区,-184.79487999999992,0.0
187.77856000000003,弃电吸收区,-187.77856000000003,0.0
185.89781333333335,弃电吸收区,-185.89781333333335,0.0
-9.007359999999949,降负荷回退弃电区,1.0387599999999484,-7.9686
-98.8957866666666,降负荷回退弃电区,0.0,-98.8957866666666
-105.68191999999992,降负荷减购电区,0.0,-105.68191999999992
-105.92042666666664,降负荷减购电区,0.0,-105.92042666666664
-78.88896,降负荷减购电区,0.0,-78.88896
-115.40864000000003,降负荷减购电区,0.0,-115.40864000000003
-133.86496,降负荷减购电区,0.0,-133.86496
-146.5045333333333,降负荷减购电区,0.0,-146.5045333333333
-140.57429333333334,降负荷减购电区,0.0,-140.57429333333334
-150.31637333333327,降负荷减购电区,0.0,-150.31637333333327
-137.11146666666667,降负荷减购电区,0.0,-137.11146666666667
-108.06912,降负荷减购电区,0.0,-108.06912
-101.90677333333338,降负荷减购电区,0.0,-101.90677333333338
-183.65439999999995,降负荷减购电区,0.0,-183.65439999999995
-192.46037333333328,降负荷减购电区,0.0,-192.46037333333328
-201.53344000000004,降负荷减购电区,0.0,-201.53344000000004
-183.5238400000001,降负荷减购电区,0.0,-183.5238400000001
-177.6964266666667,降负荷减购电区,0.0,-177.6964266666667
-130.93973333333332,降负荷减购电区,0.0,-130.93973333333332
-136.18986666666663,降负荷减购电区,0.0,-136.18986666666663
-83.70687999999998,降负荷减购电区,0.0,-83.70687999999998
193.31669333333335,弃电吸收区,-193.31669333333335,0.0
198.3253333333334,弃电吸收区,-198.3253333333334,0.0
191.52853333333337,弃电吸收区,-191.52853333333337,0.0
71.31008000000003,弃电吸收区,-71.31008000000003,0.0
-149.29578666666666,降负荷回退弃电区,0.0,-149.29578666666666
-129.12981333333332,降负荷回退弃电区,0.0,-129.12981333333332
127.73546666666658,弃电吸收区,-127.73546666666658,0.0
139.45173333333332,购电边际区,-137.7639,1.687833333333316
145.0734933333335,弃电吸收区,-145.0734933333335,0.0
147.5447466666668,弃电吸收区,-147.5447466666668,0.0
137.3678933333333,弃电吸收区,-137.3678933333333,0.0
156.24021333333337,弃电吸收区,-156.24021333333337,0.0
139.3442133333333,弃电吸收区,-139.3442133333333,0.0
148.66560000000004,弃电吸收区,-148.66560000000004,0.0
85.78474666666648,弃电吸收区,-85.78474666666648,0.0
-27.729919999999996,降负荷减购电区,0.0,-27.729919999999996
-112.35754666666662,降负荷减购电区,0.0,-112.35754666666662
-149.02613333333335,降负荷减购电区,0.0,-149.02613333333335
-113.04192,降负荷减购电区,0.0,-113.04192
-82.18453333333343,降负荷减购电区,0.0,-82.18453333333343
-82.02581333333336,降负荷减购电区,0.0,-82.02581333333336
-58.60352,降负荷减购电区,0.0,-58.60352
-81.97375999999997,降负荷减购电区,0.0,-81.97375999999997
-82.86890666666667,降负荷减购电区,0.0,-82.86890666666667
203.01824000000005,弃电吸收区,-203.01824000000005,0.0
198.73365333333336,弃电吸收区,-198.73365333333336,0.0
158.71317333333326,弃电吸收区,-158.71317333333326,0.0
151.3305599999999,弃电吸收区,-151.3305599999999,0.0
157.1643733333334,弃电吸收区,-157.1643733333334,0.0
135.73120000000006,购电边际区,-128.4036,7.3276000000000465
125.77365333333336,弃电吸收区,-125.77365333333336,0.0
171.26826666666676,购电边际区,-134.9962,36.27206666666677
148.52181333333328,购电边际区,-145.1927,3.3291133333332823
193.09226666666652,购电边际区,-191.5634,1.528866666666545
173.56842666666648,弃电吸收区,-173.56842666666648,0.0
177.88031999999976,弃电吸收区,-177.88031999999976,0.0
218.86080000000004,弃电吸收区,-218.86080000000004,0.0
207.76447999999996,弃电吸收区,-207.76447999999996,0.0
212.96469333333332,弃电吸收区,-212.96469333333332,0.0
94.3287466666668,弃电吸收区,-94.3287466666668,0.0
-90.70293333333348,降负荷减购电区,0.0,-90.70293333333348
-87.35573333333338,降负荷减购电区,0.0,-87.35573333333338
-165.36917333333332,降负荷减购电区,0.0,-165.36917333333332
-170.7025066666667,降负荷减购电区,0.0,-170.7025066666667
-140.91477333333324,降负荷减购电区,0.0,-140.91477333333324
-139.98976,降负荷减购电区,0.0,-139.98976
-145.38709333333333,降负荷减购电区,0.0,-145.38709333333333
-166.45461333333336,降负荷减购电区,0.0,-166.45461333333336
175.1010133333334,弃电吸收区,-175.1010133333334,0.0
228.5448533333333,弃电吸收区,-228.5448533333333,0.0
239.29471999999996,弃电吸收区,-239.29471999999996,0.0
228.416,弃电吸收区,-228.416,0.0
98.4695466666667,弃电吸收区,-98.4695466666667,0.0
-64.54698666666667,降负荷减购电区,0.0,-64.54698666666667
-118.84544000000004,降负荷减购电区,0.0,-118.84544000000004
-115.57674666666668,降负荷减购电区,0.0,-115.57674666666668
-126.45376,降负荷减购电区,0.0,-126.45376
-147.13941333333332,降负荷减购电区,0.0,-147.13941333333332
-201.29578666666663,降负荷回退弃电区,0.0,-201.29578666666663
-187.30751999999995,降负荷减购电区,0.0,-187.30751999999995
-155.89546666666666,降负荷减购电区,0.0,-155.89546666666666
-170.53226666666666,降负荷减购电区,0.0,-170.53226666666666
-181.9921066666666,降负荷减购电区,0.0,-181.9921066666666
-185.26890666666668,降负荷减购电区,0.0,-185.26890666666668
-126.2545066666666,降负荷减购电区,0.0,-126.2545066666666
-115.18933333333337,降负荷减购电区,0.0,-115.18933333333337
-61.351253333333375,降负荷减购电区,0.0,-61.351253333333375
-56.570880000000045,降负荷减购电区,0.0,-56.570880000000045
-134.00191999999998,降负荷减购电区,0.0,-134.00191999999998
-135.52640000000002,降负荷减购电区,0.0,-135.52640000000002
-122.12736000000004,降负荷减购电区,0.0,-122.12736000000004
-121.0112,降负荷减购电区,0.0,-121.0112
125.99637333333334,弃电吸收区,-125.99637333333334,0.0
177.74250666666677,弃电吸收区,-177.74250666666677,0.0
171.42655999999994,弃电吸收区,-171.42655999999994,0.0
-17.480106666666643,降负荷回退弃电区,2.578006666666642,-14.9021
-150.17471999999992,降负荷回退弃电区,0.0,-150.17471999999992
-174.60224,降负荷回退弃电区,0.0,-174.60224
-130.40725333333336,降负荷回退弃电区,0.0,-130.40725333333336
136.74453333333338,弃电吸收区,-136.74453333333338,0.0
151.20213333333334,弃电吸收区,-151.20213333333334,0.0
169.8090666666669,弃电吸收区,-169.8090666666669,0.0
189.07946666666655,弃电吸收区,-189.07946666666655,0.0
236.6869333333333,弃电吸收区,-236.6869333333333,0.0
266.1120000000001,弃电吸收区,-266.1120000000001,0.0
247.4227200000001,弃电吸收区,-247.4227200000001,0.0
58.478080000000205,弃电吸收区,-58.478080000000205,0.0
-31.46197333333328,降负荷减购电区,0.0,-31.46197333333328
-84.18986666666666,降负荷减购电区,0.0,-84.18986666666666
-75.30240000000003,降负荷减购电区,0.0,-75.30240000000003
-141.65333333333336,降负荷减购电区,0.0,-141.65333333333336
-165.28384,降负荷减购电区,0.0,-165.28384
-242.79552,降负荷减购电区,0.0,-242.79552
-239.41802666666675,降负荷减购电区,0.0,-239.41802666666675
-176.12543999999997,降负荷减购电区,0.0,-176.12543999999997
-190.34282666666667,降负荷回退弃电区,0.0,-190.34282666666667
109.01205333333336,弃电吸收区,-109.01205333333336,0.0
122.16149333333352,弃电吸收区,-122.16149333333352,0.0
115.2034133333334,弃电吸收区,-115.2034133333334,0.0
88.39210666666665,弃电吸收区,-88.39210666666665,0.0
-117.89312000000008,降负荷回退弃电区,0.4506200000000717,-117.4425
-165.9938133333333,降负荷回退弃电区,0.0,-165.9938133333333
-219.21280000000004,降负荷回退弃电区,0.0,-219.21280000000004
-162.35605333333336,降负荷减购电区,0.0,-162.35605333333336
-104.64341333333334,降负荷减购电区,0.0,-104.64341333333334
-90.20415999999994,降负荷减购电区,0.0,-90.20415999999994
-55.78751999999997,降负荷减购电区,0.0,-55.78751999999997
-67.84768000000008,降负荷减购电区,0.0,-67.84768000000008
-122.41920000000005,降负荷减购电区,0.0,-122.41920000000005
-134.12864000000008,降负荷减购电区,0.0,-134.12864000000008
-119.06602666666667,降负荷减购电区,0.0,-119.06602666666667
-184.18346666666665,降负荷减购电区,0.0,-184.18346666666665
-149.19338666666664,降负荷减购电区,0.0,-149.19338666666664
-109.14901333333324,降负荷减购电区,0.0,-109.14901333333324
-99.92661333333332,降负荷减购电区,0.0,-99.92661333333332
-99.87839999999994,降负荷减购电区,0.0,-99.87839999999994
-80.55594666666667,降负荷减购电区,0.0,-80.55594666666667
-95.48842666666668,降负荷减购电区,0.0,-95.48842666666668
-24.23466666666667,降负荷减购电区,0.0,-24.23466666666667
232.40405333333337,弃电吸收区,-232.40405333333337,0.0
207.0186666666666,弃电吸收区,-207.0186666666666,0.0
205.6580266666666,弃电吸收区,-205.6580266666666,0.0
208.37077333333335,弃电吸收区,-208.37077333333335,0.0
85.38623999999993,弃电吸收区,-85.38623999999993,0.0
-179.89205333333334,降负荷回退弃电区,0.126653333333337,-179.7654
-232.87210666666664,降负荷回退弃电区,0.0,-232.87210666666664
-200.31488000000004,降负荷回退弃电区,0.0,-200.31488000000004
-122.62058666666668,降负荷减购电区,0.0,-122.62058666666668
-159.17397333333332,降负荷减购电区,0.0,-159.17397333333332
-114.17557333333338,降负荷减购电区,0.0,-114.17557333333338
-109.08501333333334,降负荷减购电区,0.0,-109.08501333333334
-70.12864000000002,降负荷减购电区,0.0,-70.12864000000002
-85.96650666666659,降负荷减购电区,0.0,-85.96650666666659
-85.4702933333333,降负荷减购电区,0.0,-85.4702933333333
-64.15488000000005,降负荷减购电区,0.0,-64.15488000000005
-54.80959999999993,降负荷减购电区,0.0,-54.80959999999993
-66.36245333333335,降负荷减购电区,0.0,-66.36245333333335
-87.51274666666666,降负荷减购电区,0.0,-87.51274666666666
-94.45887999999997,降负荷减购电区,0.0,-94.45887999999997
-83.24266666666665,降负荷减购电区,0.0,-83.24266666666665
-112.72106666666669,降负荷减购电区,0.0,-112.72106666666669
-104.49365333333338,降负荷减购电区,0.0,-104.49365333333338
-87.63903999999997,降负荷减购电区,0.0,-87.63903999999997
-32.3345066666667,降负荷减购电区,0.0,-32.3345066666667
218.3505066666666,弃电吸收区,-218.3505066666666,0.0
176.75946666666658,弃电吸收区,-176.75946666666658,0.0
167.4948266666666,弃电吸收区,-167.4948266666666,0.0
106.13589333333334,弃电吸收区,-106.13589333333334,0.0
-58.04330666666675,降负荷回退弃电区,0.0,-58.04330666666675
131.19402666666645,购电边际区,-130.1628,1.0312266666664414
120.85674666666672,弃电吸收区,-120.85674666666672,0.0
155.63690666666668,购电边际区,-134.8335,20.80340666666669
158.8253866666666,购电边际区,-155.5674,3.2579866666665964
192.3682133333332,购电边际区,-187.6079,4.760313333333187
146.45077333333336,弃电吸收区,-146.45077333333336,0.0
119.72650666666664,弃电吸收区,-119.72650666666664,0.0
59.01440000000002,弃电吸收区,-59.01440000000002,0.0
-108.36650666666674,降负荷减购电区,0.0,-108.36650666666674
-144.88234666666665,降负荷减购电区,0.0,-144.88234666666665
-142.80874666666676,降负荷减购电区,0.0,-142.80874666666676
-88.92757333333321,降负荷减购电区,0.0,-88.92757333333321
-91.79989333333332,降负荷减购电区,0.0,-91.79989333333332
-112.62336000000003,降负荷减购电区,0.0,-112.62336000000003
-96.71680000000003,降负荷减购电区,0.0,-96.71680000000003
-114.57152000000002,降负荷减购电区,0.0,-114.57152000000002
-103.05408,降负荷减购电区,0.0,-103.05408
-102.34965333333338,降负荷减购电区,0.0,-102.34965333333338
-121.76938666666668,降负荷减购电区,0.0,-121.76938666666668
132.44586666666663,弃电吸收区,-132.44586666666663,0.0
170.70890666666668,弃电吸收区,-170.70890666666668,0.0
104.40874666666662,弃电吸收区,-104.40874666666662,0.0
-14.130773333333307,降负荷回退弃电区,0.0406733333333093,-14.0901
-56.97621333333336,降负荷减购电区,0.0,-56.97621333333336
-58.49600000000004,降负荷减购电区,0.0,-58.49600000000004
-30.120960000000025,降负荷减购电区,0.0,-30.120960000000025
-88.49706666666668,降负荷减购电区,0.0,-88.49706666666668
-98.75114666666668,降负荷减购电区,0.0,-98.75114666666668
-120.72533333333324,降负荷减购电区,0.0,-120.72533333333324
-106.48490666666667,降负荷减购电区,0.0,-106.48490666666667
-154.92949333333337,降负荷减购电区,0.0,-154.92949333333337
-131.67189333333323,降负荷减购电区,0.0,-131.67189333333323
-93.84106666666662,降负荷减购电区,0.0,-93.84106666666662
-70.45333333333332,降负荷减购电区,0.0,-70.45333333333332
-86.55360000000002,降负荷减购电区,0.0,-86.55360000000002
-126.1670400000001,降负荷减购电区,0.0,-126.1670400000001
-110.05098666666667,降负荷减购电区,0.0,-110.05098666666667
-71.73802666666671,降负荷减购电区,0.0,-71.73802666666671
-55.21749333333332,降负荷减购电区,0.0,-55.21749333333332
-75.21792000000005,降负荷减购电区,0.0,-75.21792000000005
-91.03573333333333,降负荷减购电区,0.0,-91.03573333333333
-83.01269333333335,降负荷减购电区,0.0,-83.01269333333335
-67.85408000000001,降负荷减购电区,0.0,-67.85408000000001
246.05184000000003,弃电吸收区,-246.05184000000003,0.0
203.1261866666668,弃电吸收区,-203.1261866666668,0.0
213.50869333333344,弃电吸收区,-213.50869333333344,0.0
93.7233066666667,弃电吸收区,-93.7233066666667,0.0
-71.76319999999998,降负荷减购电区,0.0,-71.76319999999998
-109.10720000000003,降负荷减购电区,0.0,-109.10720000000003
-133.1012266666666,降负荷回退弃电区,0.0,-133.1012266666666
-152.03328,降负荷减购电区,0.0,-152.03328
-165.8094933333333,降负荷减购电区,0.0,-165.8094933333333
-161.69088000000005,降负荷减购电区,0.0,-161.69088000000005
-137.37813333333338,降负荷减购电区,0.0,-137.37813333333338
-154.4448,降负荷减购电区,0.0,-154.4448
-133.3461333333334,降负荷减购电区,0.0,-133.3461333333334
-199.8592,降负荷减购电区,0.0,-199.8592
-232.9873066666667,降负荷减购电区,0.0,-232.9873066666667
-188.8443733333333,降负荷减购电区,0.0,-188.8443733333333
-134.08383999999995,降负荷减购电区,0.0,-134.08383999999995
-104.11690666666664,降负荷减购电区,0.0,-104.11690666666664
-112.90325333333334,降负荷减购电区,0.0,-112.90325333333334
-140.06485333333336,降负荷减购电区,0.0,-140.06485333333336
-164.27861333333345,降负荷减购电区,0.0,-164.27861333333345
107.8749866666666,弃电吸收区,-107.8749866666666,0.0
162.52373333333344,弃电吸收区,-162.52373333333344,0.0
160.7645866666668,弃电吸收区,-160.7645866666668,0.0
119.85194666666656,弃电吸收区,-119.85194666666656,0.0
93.95242666666672,弃电吸收区,-93.95242666666672,0.0
-29.549226666666584,降负荷回退弃电区,0.0248266666665841,-29.5244
-77.64138666666668,降负荷回退弃电区,77.64138666666668,-0.0
-85.71562666666668,降负荷回退弃电区,0.0,-85.71562666666668
-114.46229333333332,降负荷减购电区,0.0,-114.46229333333332
-102.72895999999996,降负荷减购电区,0.0,-102.72895999999996
-140.35968000000005,降负荷减购电区,0.0,-140.35968000000005
-99.66805333333338,降负荷减购电区,0.0,-99.66805333333338
-75.99061333333327,降负荷减购电区,0.0,-75.99061333333327
-56.99285333333336,降负荷减购电区,0.0,-56.99285333333336
-96.73514666666676,降负荷减购电区,0.0,-96.73514666666676
-82.31679999999994,降负荷减购电区,0.0,-82.31679999999994
-123.67360000000002,降负荷减购电区,0.0,-123.67360000000002
-143.65141333333332,降负荷减购电区,0.0,-143.65141333333332
-128.97066666666666,降负荷减购电区,0.0,-128.97066666666666
-144.19839999999994,降负荷减购电区,0.0,-144.19839999999994
-173.67253333333343,降负荷减购电区,0.0,-173.67253333333343
-172.41856,降负荷减购电区,0.0,-172.41856
-199.0382933333333,降负荷减购电区,0.0,-199.0382933333333
-174.2912000000001,降负荷减购电区,0.0,-174.2912000000001
-149.45706666666666,降负荷减购电区,0.0,-149.45706666666666
-115.84512,降负荷减购电区,0.0,-115.84512
-123.62069333333328,降负荷减购电区,0.0,-123.62069333333328
130.96703999999994,弃电吸收区,-130.96703999999994,0.0
85.49248000000011,弃电吸收区,-85.49248000000011,0.0
86.81130666666678,弃电吸收区,-86.81130666666678,0.0
-28.381866666666696,降负荷回退弃电区,28.381866666666696,-0.0
-127.86389333333337,降负荷回退弃电区,0.0,-127.86389333333337
-126.19733333333336,降负荷回退弃电区,0.0,-126.19733333333336
-161.38624000000004,降负荷回退弃电区,0.0,-161.38624000000004
-191.01866666666663,降负荷回退弃电区,0.0,-191.01866666666663
110.17642666666654,弃电吸收区,-110.17642666666654,0.0
121.6597333333334,弃电吸收区,-121.6597333333334,0.0
115.66122666666672,弃电吸收区,-115.66122666666672,0.0
149.69685333333325,弃电吸收区,-149.69685333333325,0.0
208.08704,弃电吸收区,-208.08704,0.0
99.43423999999992,弃电吸收区,-99.43423999999992,0.0
-142.89791999999989,降负荷减购电区,0.0,-142.89791999999989
-184.55722666666676,降负荷减购电区,0.0,-184.55722666666676
-132.79488000000003,降负荷减购电区,0.0,-132.79488000000003
-140.0221866666667,降负荷减购电区,0.0,-140.0221866666667
-143.11765333333335,降负荷减购电区,0.0,-143.11765333333335
-143.46709333333337,降负荷减购电区,0.0,-143.46709333333337
-164.97621333333336,降负荷减购电区,0.0,-164.97621333333336
-131.98677333333336,降负荷减购电区,0.0,-131.98677333333336
-168.76373333333328,降负荷减购电区,0.0,-168.76373333333328
-202.1819733333334,降负荷回退弃电区,0.0,-202.1819733333334
129.82442666666668,弃电吸收区,-129.82442666666668,0.0
153.46432000000004,弃电吸收区,-153.46432000000004,0.0
111.32458666666662,弃电吸收区,-111.32458666666662,0.0
-55.24266666666671,降负荷回退弃电区,35.28096666666671,-19.9617
-183.86432000000005,降负荷回退弃电区,0.0966200000000583,-183.7677
-209.46176000000008,降负荷回退弃电区,0.0,-209.46176000000008
-198.1184000000001,降负荷回退弃电区,0.0,-198.1184000000001
-73.07605333333339,降负荷减购电区,0.0,-73.07605333333339
108.75050666666648,弃电吸收区,-108.75050666666648,0.0
148.8187733333333,弃电吸收区,-148.8187733333333,0.0
213.68362666666667,弃电吸收区,-213.68362666666667,0.0
247.93002666666663,弃电吸收区,-247.93002666666663,0.0
222.92352000000005,弃电吸收区,-222.92352000000005,0.0
211.84341333333327,弃电吸收区,-211.84341333333327,0.0
180.1740799999999,弃电吸收区,-180.1740799999999,0.0
208.69290666666652,弃电吸收区,-208.69290666666652,0.0
226.8761599999998,弃电吸收区,-226.8761599999998,0.0
221.74079999999992,弃电吸收区,-221.74079999999992,0.0
193.88330666666644,弃电吸收区,-193.88330666666644,0.0
203.34848,弃电吸收区,-203.34848,0.0
200.95957333333325,弃电吸收区,-200.95957333333325,0.0
188.4386133333333,弃电吸收区,-188.4386133333333,0.0
156.4394666666667,弃电吸收区,-156.4394666666667,0.0
162.88511999999997,弃电吸收区,-162.88511999999997,0.0
148.64810666666682,弃电吸收区,-148.64810666666682,0.0
140.07808000000023,弃电吸收区,-140.07808000000023,0.0
102.2242133333334,弃电吸收区,-102.2242133333334,0.0
78.28906666666666,弃电吸收区,-78.28906666666666,0.0
89.69301333333328,弃电吸收区,-89.69301333333328,0.0
117.14560000000006,弃电吸收区,-117.14560000000006,0.0
106.63936000000012,弃电吸收区,-106.63936000000012,0.0
155.07925333333333,购电边际区,-131.0543,24.024953333333315
129.83679999999998,弃电吸收区,-129.83679999999998,0.0
116.55466666666688,弃电吸收区,-116.55466666666688,0.0
-6.2237866666665695,降负荷减购电区,0.0,-6.2237866666665695
-68.20864000000012,降负荷减购电区,0.0,-68.20864000000012
-136.23082666666664,降负荷减购电区,0.0,-136.23082666666664
-114.5856,降负荷减购电区,0.0,-114.5856
-129.7732266666667,降负荷减购电区,0.0,-129.7732266666667
-128.5597866666667,降负荷减购电区,0.0,-128.5597866666667
-127.78410666666672,降负荷减购电区,0.0,-127.78410666666672
-100.0192,降负荷减购电区,0.0,-100.0192
-153.1272533333334,降负荷减购电区,0.0,-153.1272533333334
-222.7869866666668,降负荷减购电区,0.0,-222.7869866666668
-184.8682666666666,降负荷减购电区,0.0,-184.8682666666666
-161.3930666666667,降负荷减购电区,0.0,-161.3930666666667
-106.43712000000004,降负荷减购电区,0.0,-106.43712000000004
-83.01269333333332,降负荷减购电区,0.0,-83.01269333333332
175.13301333333334,弃电吸收区,-175.13301333333334,0.0
170.70421333333343,弃电吸收区,-170.70421333333343,0.0
161.37727999999998,弃电吸收区,-161.37727999999998,0.0
42.92863999999992,弃电吸收区,-42.92863999999992,0.0
-114.79808,降负荷回退弃电区,0.0,-114.79808
-150.67050666666665,降负荷回退弃电区,0.0,-150.67050666666665
-182.49216,降负荷回退弃电区,0.0,-182.49216
-204.84224,降负荷回退弃电区,0.0,-204.84224
-162.74432000000002,降负荷减购电区,0.0,-162.74432000000002
-144.41984000000008,降负荷减购电区,0.0,-144.41984000000008
-169.76981333333327,降负荷减购电区,0.0,-169.76981333333327
-121.16650666666663,降负荷减购电区,0.0,-121.16650666666663
-114.31679999999994,降负荷减购电区,0.0,-114.31679999999994
-98.38762666666662,降负荷减购电区,0.0,-98.38762666666662
-110.1751466666667,降负荷减购电区,0.0,-110.1751466666667
-103.58485333333334,降负荷减购电区,0.0,-103.58485333333334
-116.1642666666666,降负荷减购电区,0.0,-116.1642666666666
-113.33119999999997,降负荷减购电区,0.0,-113.33119999999997
-122.51136000000002,降负荷减购电区,0.0,-122.51136000000002
-144.14165333333335,降负荷减购电区,0.0,-144.14165333333335
-117.58976000000008,降负荷减购电区,0.0,-117.58976000000008
-103.93173333333334,降负荷减购电区,0.0,-103.93173333333334
-129.18272000000002,降负荷减购电区,0.0,-129.18272000000002
-110.42986666666664,降负荷减购电区,0.0,-110.42986666666664
72.66816,弃电吸收区,-72.66816,0.0
76.98346666666674,弃电吸收区,-76.98346666666674,0.0
144.12671999999992,弃电吸收区,-144.12671999999992,0.0
59.8246400000001,弃电吸收区,-59.8246400000001,0.0
-100.89600000000002,降负荷回退弃电区,0.0,-100.89600000000002
-118.56938666666667,降负荷回退弃电区,0.0,-118.56938666666667
-158.04544000000004,降负荷回退弃电区,0.0,-158.04544000000004
-145.81077333333332,降负荷减购电区,0.0,-145.81077333333332
-134.22250666666667,降负荷减购电区,0.0,-134.22250666666667
-125.81034666666665,降负荷减购电区,0.0,-125.81034666666665
-90.20032000000008,降负荷减购电区,0.0,-90.20032000000008
-95.26101333333328,降负荷减购电区,0.0,-95.26101333333328
-71.77642666666668,降负荷减购电区,0.0,-71.77642666666668
-77.14815999999996,降负荷减购电区,0.0,-77.14815999999996
-83.93216000000001,降负荷减购电区,0.0,-83.93216000000001
-83.80757333333332,降负荷减购电区,0.0,-83.80757333333332
-83.5101866666667,降负荷减购电区,0.0,-83.5101866666667
-100.91306666666662,降负荷减购电区,0.0,-100.91306666666662
-69.05002666666667,降负荷减购电区,0.0,-69.05002666666667
-88.68906666666669,降负荷减购电区,0.0,-88.68906666666669
-60.93098666666674,降负荷减购电区,0.0,-60.93098666666674
155.35402666666664,弃电吸收区,-155.35402666666664,0.0
181.1844266666667,弃电吸收区,-181.1844266666667,0.0
154.44736,弃电吸收区,-154.44736,0.0
134.81813333333332,弃电吸收区,-134.81813333333332,0.0
174.07231999999988,弃电吸收区,-174.07231999999988,0.0
134.3624533333333,弃电吸收区,-134.3624533333333,0.0
-46.12565333333339,降负荷回退弃电区,32.93345333333339,-13.1922
-151.45173333333335,降负荷回退弃电区,0.0,-151.45173333333335
-161.6622933333333,降负荷回退弃电区,0.0,-161.6622933333333
-180.6860800000001,降负荷回退弃电区,0.0,-180.6860800000001
-192.89685333333335,降负荷回退弃电区,0.0,-192.89685333333335
-238.25066666666677,降负荷回退弃电区,0.0,-238.25066666666677
-180.97408,降负荷减购电区,0.0,-180.97408
-227.18933333333337,降负荷回退弃电区,0.0,-227.18933333333337
-285.4741333333333,降负荷回退弃电区,0.0,-285.4741333333333
-224.90453333333332,降负荷减购电区,0.0,-224.90453333333332
-212.89386666666667,降负荷减购电区,0.0,-212.89386666666667
-271.15861333333334,降负荷减购电区,0.0,-271.15861333333334
-258.6811733333334,降负荷减购电区,0.0,-258.6811733333334
-166.73279999999994,降负荷减购电区,0.0,-166.73279999999994
-147.37621333333334,降负荷减购电区,0.0,-147.37621333333334
-158.98623999999995,降负荷减购电区,0.0,-158.98623999999995
-157.95456,降负荷减购电区,0.0,-157.95456
-121.9387733333333,降负荷减购电区,0.0,-121.9387733333333
-112.19029333333332,降负荷减购电区,0.0,-112.19029333333332
-60.99200000000008,降负荷减购电区,0.0,-60.99200000000008
-26.15850666666671,降负荷减购电区,0.0,-26.15850666666671
205.81546666666668,弃电吸收区,-205.81546666666668,0.0
200.41088,弃电吸收区,-200.41088,0.0
182.70634666666672,弃电吸收区,-182.70634666666672,0.0
87.78581333333341,弃电吸收区,-87.78581333333341,0.0
-100.90623999999995,降负荷回退弃电区,0.0,-100.90623999999995
-146.10431999999997,降负荷回退弃电区,0.0,-146.10431999999997
-189.24032000000005,降负荷回退弃电区,0.0,-189.24032000000005
-94.61504000000002,降负荷减购电区,0.0,-94.61504000000002
-24.490666666666694,降负荷减购电区,0.0,-24.490666666666694
186.9695999999999,弃电吸收区,-186.9695999999999,0.0
172.22229333333337,弃电吸收区,-172.22229333333337,0.0
162.3650133333333,弃电吸收区,-162.3650133333333,0.0
130.67861333333337,弃电吸收区,-130.67861333333337,0.0
142.3061333333336,弃电吸收区,-142.3061333333336,0.0
98.84800000000008,弃电吸收区,-98.84800000000008,0.0
91.96373333333338,弃电吸收区,-91.96373333333338,0.0
155.2588800000002,弃电吸收区,-155.2588800000002,0.0
240.6604800000001,弃电吸收区,-240.6604800000001,0.0
268.6549333333333,弃电吸收区,-268.6549333333333,0.0
92.16426666666666,弃电吸收区,-92.16426666666666,0.0
-81.66271999999998,降负荷减购电区,0.0,-81.66271999999998
-121.75018666666664,降负荷减购电区,0.0,-121.75018666666664
-142.91797333333332,降负荷减购电区,0.0,-142.91797333333332
-127.35146666666664,降负荷减购电区,0.0,-127.35146666666664
130.57706666666672,弃电吸收区,-130.57706666666672,0.0
141.22837333333342,弃电吸收区,-141.22837333333342,0.0
162.17216000000008,弃电吸收区,-162.17216000000008,0.0
-13.215999999999951,降负荷回退弃电区,6.644999999999952,-6.571
-155.29813333333337,降负荷回退弃电区,0.0,-155.29813333333337
-147.9389866666667,降负荷回退弃电区,0.0,-147.9389866666667
-150.7895466666667,降负荷回退弃电区,0.0,-150.7895466666667
-95.91210666666666,降负荷减购电区,0.0,-95.91210666666666
-104.80938666666664,降负荷减购电区,0.0,-104.80938666666664
-178.94912000000005,降负荷减购电区,0.0,-178.94912000000005
-181.68320000000008,降负荷减购电区,0.0,-181.68320000000008
-204.08234666666675,降负荷减购电区,0.0,-204.08234666666675
-190.46784,降负荷减购电区,0.0,-190.46784
-196.57173333333327,降负荷减购电区,0.0,-196.57173333333327
-206.11712000000009,降负荷减购电区,0.0,-206.11712000000009
-157.58848,降负荷减购电区,0.0,-157.58848
-112.35242666666664,降负荷减购电区,0.0,-112.35242666666664
-59.03487999999999,降负荷减购电区,0.0,-59.03487999999999
-52.48000000000002,降负荷减购电区,0.0,-52.48000000000002
-119.09802666666673,降负荷减购电区,0.0,-119.09802666666673
-135.87967999999995,降负荷减购电区,0.0,-135.87967999999995
-137.17504000000008,降负荷减购电区,0.0,-137.17504000000008
-92.37759999999996,降负荷减购电区,0.0,-92.37759999999996
-93.24373333333337,降负荷减购电区,0.0,-93.24373333333337
199.05664,弃电吸收区,-199.05664,0.0
228.55680000000007,弃电吸收区,-228.55680000000007,0.0
237.22880000000004,弃电吸收区,-237.22880000000004,0.0
127.11381333333338,弃电吸收区,-127.11381333333338,0.0
-59.04255999999998,降负荷减购电区,0.0,-59.04255999999998
-73.44213333333335,降负荷减购电区,0.0,-73.44213333333335
-98.74645333333336,降负荷减购电区,0.0,-98.74645333333336
-122.64959999999996,降负荷减购电区,0.0,-122.64959999999996
-120.91904,降负荷减购电区,0.0,-120.91904
-98.91967999999996,降负荷减购电区,0.0,-98.91967999999996
-97.93877333333336,降负荷减购电区,0.0,-97.93877333333336
-65.05813333333344,降负荷减购电区,0.0,-65.05813333333344
-90.33216000000004,降负荷减购电区,0.0,-90.33216000000004
-142.05568,降负荷减购电区,0.0,-142.05568
-173.3307733333333,降负荷减购电区,0.0,-173.3307733333333
-162.9004799999999,降负荷减购电区,0.0,-162.9004799999999
-130.67306666666667,降负荷减购电区,0.0,-130.67306666666667
-90.00448000000006,降负荷减购电区,0.0,-90.00448000000006
-68.09429333333333,降负荷减购电区,0.0,-68.09429333333333
-66.4426666666667,降负荷减购电区,0.0,-66.4426666666667
-46.82111999999995,降负荷减购电区,0.0,-46.82111999999995
-87.45813333333331,降负荷减购电区,0.0,-87.45813333333331
-116.57216,降负荷减购电区,0.0,-116.57216
-110.41792,降负荷减购电区,0.0,-110.41792
219.3262933333334,弃电吸收区,-219.3262933333334,0.0
220.18304,弃电吸收区,-220.18304,0.0
246.8074666666668,弃电吸收区,-246.8074666666668,0.0
47.372799999999984,弃电吸收区,-47.372799999999984,0.0
-61.53770666666662,降负荷减购电区,0.0,-61.53770666666662
-103.2772266666667,降负荷减购电区,0.0,-103.2772266666667
-87.32842666666664,降负荷减购电区,0.0,-87.32842666666664
-122.15125333333329,降负荷减购电区,0.0,-122.15125333333329
-124.38229333333334,降负荷减购电区,0.0,-124.38229333333334
-176.02688,降负荷减购电区,0.0,-176.02688
-160.8341333333334,降负荷减购电区,0.0,-160.8341333333334
-148.63786666666653,降负荷减购电区,0.0,-148.63786666666653
-166.7242666666666,降负荷减购电区,0.0,-166.7242666666666
-124.34218666666663,降负荷减购电区,0.0,-124.34218666666663
-158.53141333333338,降负荷减购电区,0.0,-158.53141333333338
-197.6686933333334,降负荷减购电区,0.0,-197.6686933333334
-221.37856000000005,降负荷减购电区,0.0,-221.37856000000005
-219.56607999999997,降负荷减购电区,0.0,-219.56607999999997
-192.9079466666667,降负荷减购电区,0.0,-192.9079466666667
-189.8171733333333,降负荷减购电区,0.0,-189.8171733333333
-157.03381333333334,降负荷减购电区,0.0,-157.03381333333334
-142.85567999999998,降负荷减购电区,0.0,-142.85567999999998
-169.16863999999998,降负荷减购电区,0.0,-169.16863999999998
-136.69674666666668,降负荷减购电区,0.0,-136.69674666666668
136.87295999999998,弃电吸收区,-136.87295999999998,0.0
142.84202666666664,弃电吸收区,-142.84202666666664,0.0
189.8214400000001,弃电吸收区,-189.8214400000001,0.0
193.04533333333325,弃电吸收区,-193.04533333333325,0.0
174.93418666666668,弃电吸收区,-174.93418666666668,0.0
139.82293333333342,购电边际区,-124.2513,15.571633333333423
141.52576000000005,购电边际区,-132.0218,9.503960000000037
123.63520000000004,弃电吸收区,-123.63520000000004,0.0
136.88234666666665,弃电吸收区,-136.88234666666665,0.0
150.68074666666666,弃电吸收区,-150.68074666666666,0.0
187.38858666666655,弃电吸收区,-187.38858666666655,0.0
152.3609600000001,弃电吸收区,-152.3609600000001,0.0
179.1364266666667,弃电吸收区,-179.1364266666667,0.0
128.6732800000001,弃电吸收区,-128.6732800000001,0.0
-70.40085333333332,降负荷减购电区,0.0,-70.40085333333332
-138.1380266666667,降负荷减购电区,0.0,-138.1380266666667
-145.13109333333347,降负荷减购电区,0.0,-145.13109333333347
-151.75253333333342,降负荷减购电区,0.0,-151.75253333333342
-214.91370666666663,降负荷减购电区,0.0,-214.91370666666663
-159.04426666666666,降负荷减购电区,0.0,-159.04426666666666
-149.05002666666672,降负荷减购电区,0.0,-149.05002666666672
-169.2987733333334,降负荷减购电区,0.0,-169.2987733333334
-151.15605333333323,降负荷减购电区,0.0,-151.15605333333323
-102.37738666666664,降负荷减购电区,0.0,-102.37738666666664
85.80181333333331,弃电吸收区,-85.80181333333331,0.0
98.53141333333345,弃电吸收区,-98.53141333333345,0.0
116.1224533333334,弃电吸收区,-116.1224533333334,0.0
13.753599999999947,弃电吸收区,-13.753599999999947,0.0
-88.09813333333335,降负荷回退弃电区,0.0,-88.09813333333335
-76.85888000000006,降负荷减购电区,0.0,-76.85888000000006
-74.03989333333334,降负荷减购电区,0.0,-74.03989333333334
-65.04447999999996,降负荷减购电区,0.0,-65.04447999999996
-64.0034133333333,降负荷减购电区,0.0,-64.0034133333333
-121.7301333333333,降负荷减购电区,0.0,-121.7301333333333
-104.84821333333338,降负荷减购电区,0.0,-104.84821333333338
-113.58890666666656,降负荷减购电区,0.0,-113.58890666666656
-91.87456000000005,降负荷减购电区,0.0,-91.87456000000005
-129.22367999999994,降负荷减购电区,0.0,-129.22367999999994
-149.0773333333334,降负荷减购电区,0.0,-149.0773333333334
-148.06101333333328,降负荷减购电区,0.0,-148.06101333333328
-96.48853333333336,降负荷减购电区,0.0,-96.48853333333336
-105.26207999999995,降负荷减购电区,0.0,-105.26207999999995
-70.22165333333334,降负荷减购电区,0.0,-70.22165333333334
-89.58506666666659,降负荷减购电区,0.0,-89.58506666666659
-83.43040000000002,降负荷减购电区,0.0,-83.43040000000002
-120.11903999999998,降负荷减购电区,0.0,-120.11903999999998
-128.52138666666667,降负荷减购电区,0.0,-128.52138666666667
-109.90549333333334,降负荷减购电区,0.0,-109.90549333333334
184.5115733333334,弃电吸收区,-184.5115733333334,0.0
181.9451733333334,弃电吸收区,-181.9451733333334,0.0
92.39936,弃电吸收区,-92.39936,0.0
-25.94133333333332,降负荷回退弃电区,0.2485333333333201,-25.6928
-87.8839466666667,降负荷减购电区,0.0,-87.8839466666667
-89.94730666666669,降负荷减购电区,0.0,-89.94730666666669
-125.93152000000003,降负荷回退弃电区,0.0,-125.93152000000003
-131.07370666666662,降负荷减购电区,0.0,-131.07370666666662
-93.63626666666664,降负荷减购电区,0.0,-93.63626666666664
-114.10090666666667,降负荷减购电区,0.0,-114.10090666666667
-161.65504000000004,降负荷减购电区,0.0,-161.65504000000004
-201.47199999999992,降负荷减购电区,0.0,-201.47199999999992
-261.9733333333333,降负荷回退弃电区,0.0,-261.9733333333333
-214.32192,降负荷减购电区,0.0,-214.32192
-188.81834666666657,降负荷减购电区,0.0,-188.81834666666657
-164.7761066666667,降负荷减购电区,0.0,-164.7761066666667
-151.0016,降负荷减购电区,0.0,-151.0016
-129.72373333333337,降负荷减购电区,0.0,-129.72373333333337
-107.3083733333334,降负荷减购电区,0.0,-107.3083733333334
-87.79008000000005,降负荷减购电区,0.0,-87.79008000000005
-61.28981333333331,降负荷减购电区,0.0,-61.28981333333331
-50.69994666666668,降负荷减购电区,0.0,-50.69994666666668
-39.41930666666667,降负荷减购电区,0.0,-39.41930666666667
-25.1456,降负荷减购电区,0.0,-25.1456
239.49013333333323,弃电吸收区,-239.49013333333323,0.0
231.58783999999991,弃电吸收区,-231.58783999999991,0.0
213.9720533333332,弃电吸收区,-213.9720533333332,0.0
158.87530666666663,弃电吸收区,-158.87530666666663,0.0
177.4634666666666,弃电吸收区,-177.4634666666666,0.0
126.25450666666671,弃电吸收区,-126.25450666666671,0.0
131.1769600000001,弃电吸收区,-131.1769600000001,0.0
147.18037333333348,购电边际区,-141.7863,5.394073333333466
163.51189333333338,购电边际区,-156.7467,6.765193333333372
212.81792,购电边际区,-189.0456,23.77231999999995
247.07584000000008,购电边际区,-232.9886,14.087240000000094
219.66336000000013,弃电吸收区,-219.66336000000013,0.0
201.32309333333345,弃电吸收区,-201.32309333333345,0.0
124.53717333333329,弃电吸收区,-124.53717333333329,0.0
-101.4195199999998,降负荷减购电区,0.0,-101.4195199999998
-119.12703999999997,降负荷减购电区,0.0,-119.12703999999997
-105.86965333333336,降负荷减购电区,0.0,-105.86965333333336
-105.2416,降负荷减购电区,0.0,-105.2416
-82.22549333333336,降负荷减购电区,0.0,-82.22549333333336
-95.78154666666671,降负荷减购电区,0.0,-95.78154666666671
-106.00533333333334,降负荷减购电区,0.0,-106.00533333333334
-111.77557333333334,降负荷减购电区,0.0,-111.77557333333334
-154.92096,降负荷减购电区,0.0,-154.92096
-127.21152,降负荷减购电区,0.0,-127.21152
81.47200000000004,弃电吸收区,-81.47200000000004,0.0
75.01226666666662,弃电吸收区,-75.01226666666662,0.0
168.06997333333345,弃电吸收区,-168.06997333333345,0.0
99.82634666666668,弃电吸收区,-99.82634666666668,0.0
-106.76821333333336,降负荷回退弃电区,0.0,-106.76821333333336
-81.05472000000003,降负荷减购电区,0.0,-81.05472000000003
-69.4536533333333,降负荷减购电区,0.0,-69.4536533333333
-97.26293333333336,降负荷减购电区,0.0,-97.26293333333336
-102.69184,降负荷减购电区,0.0,-102.69184
-94.56128000000008,降负荷减购电区,0.0,-94.56128000000008
-105.62687999999996,降负荷减购电区,0.0,-105.62687999999996
-207.40906666666672,降负荷减购电区,0.0,-207.40906666666672
-203.2494933333333,降负荷减购电区,0.0,-203.2494933333333
-165.53813333333335,降负荷减购电区,0.0,-165.53813333333335
-115.24992000000005,降负荷减购电区,0.0,-115.24992000000005
-92.48810666666662,降负荷减购电区,0.0,-92.48810666666662
-80.32639999999992,降负荷减购电区,0.0,-80.32639999999992
-146.89621333333338,降负荷减购电区,0.0,-146.89621333333338
-181.24800000000005,降负荷减购电区,0.0,-181.24800000000005
-176.1216,降负荷减购电区,0.0,-176.1216
-157.45706666666666,降负荷减购电区,0.0,-157.45706666666666
-130.43072,降负荷减购电区,0.0,-130.43072
-104.63914666666662,降负荷减购电区,0.0,-104.63914666666662
-76.89557333333335,降负荷减购电区,0.0,-76.89557333333335
137.84959999999995,弃电吸收区,-137.84959999999995,0.0
138.03434666666664,弃电吸收区,-138.03434666666664,0.0
207.06773333333336,弃电吸收区,-207.06773333333336,0.0
147.4948266666666,弃电吸收区,-147.4948266666666,0.0
-40.81834666666663,降负荷减购电区,0.0,-40.81834666666663
-108.13952,降负荷回退弃电区,0.0,-108.13952
-165.5274666666666,降负荷回退弃电区,0.0,-165.5274666666666
-248.8576,降负荷回退弃电区,0.0,-248.8576
-244.41514666666663,降负荷回退弃电区,0.0,-244.41514666666663
-231.23840000000007,降负荷回退弃电区,0.0,-231.23840000000007
-205.53045333333336,降负荷回退弃电区,0.0,-205.53045333333336
-150.49173333333334,降负荷减购电区,0.0,-150.49173333333334
-110.8736,降负荷减购电区,0.0,-110.8736
-79.76149333333342,降负荷减购电区,0.0,-79.76149333333342
-61.228373333333366,降负荷减购电区,0.0,-61.228373333333366
-47.65482666666668,降负荷减购电区,0.0,-47.65482666666668
-40.49578666666662,降负荷减购电区,0.0,-40.49578666666662
-34.112853333333305,降负荷减购电区,0.0,-34.112853333333305
-94.43840000000006,降负荷减购电区,0.0,-94.43840000000006
-138.88853333333333,降负荷减购电区,0.0,-138.88853333333333
-182.08768000000003,降负荷减购电区,0.0,-182.08768000000003
-136.38912,降负荷减购电区,0.0,-136.38912
-162.43071999999998,降负荷减购电区,0.0,-162.43071999999998
-129.83210666666673,降负荷减购电区,0.0,-129.83210666666673
-6.668799999999919,降负荷回退弃电区,0.739399999999919,-5.9294
140.5533866666667,弃电吸收区,-140.5533866666667,0.0
96.80213333333342,弃电吸收区,-96.80213333333342,0.0
-10.690133333333335,降负荷回退弃电区,0.0,-10.690133333333335
-71.49568,降负荷减购电区,0.0,-71.49568
-152.64768000000004,降负荷回退弃电区,0.0,-152.64768000000004
-162.39274666666665,降负荷回退弃电区,0.0,-162.39274666666665
-168.87466666666666,降负荷回退弃电区,0.0,-168.87466666666666
-201.63071999999997,降负荷回退弃电区,0.0,-201.63071999999997
-169.52832,降负荷减购电区,0.0,-169.52832
-131.9057066666668,降负荷减购电区,0.0,-131.9057066666668
-69.27914666666663,降负荷减购电区,0.0,-69.27914666666663
-55.94538666666665,降负荷减购电区,0.0,-55.94538666666665
-95.71840000000005,降负荷减购电区,0.0,-95.71840000000005
-118.39274666666672,降负荷减购电区,0.0,-118.39274666666672
-137.17162666666673,降负荷减购电区,0.0,-137.17162666666673
-121.87989333333336,降负荷减购电区,0.0,-121.87989333333336
-77.55605333333341,降负荷减购电区,0.0,-77.55605333333341
-75.76405333333327,降负荷减购电区,0.0,-75.76405333333327
-32.315733333333355,降负荷减购电区,0.0,-32.315733333333355
-37.72074666666663,降负荷减购电区,0.0,-37.72074666666663
-61.27359999999993,降负荷减购电区,0.0,-61.27359999999993
-80.3234133333334,降负荷减购电区,0.0,-80.3234133333334
-124.16426666666666,降负荷减购电区,0.0,-124.16426666666666
160.68309333333335,弃电吸收区,-160.68309333333335,0.0
182.96746666666672,弃电吸收区,-182.96746666666672,0.0
165.46688000000012,弃电吸收区,-165.46688000000012,0.0
25.396053333333384,弃电吸收区,-25.396053333333384,0.0
-86.86976000000001,降负荷回退弃电区,0.0,-86.86976000000001
132.58112,弃电吸收区,-132.58112,0.0
128.5879466666667,弃电吸收区,-128.5879466666667,0.0
151.99914666666675,购电边际区,-133.988,18.011146666666775
213.92810666666665,购电边际区,-151.3529,62.57520666666662
196.17023999999992,购电边际区,-188.9682,7.202039999999926
180.24661333333324,弃电吸收区,-180.24661333333324,0.0
200.9838933333334,弃电吸收区,-200.9838933333334,0.0
194.7477333333333,弃电吸收区,-194.7477333333333,0.0
183.6851200000001,弃电吸收区,-183.6851200000001,0.0
168.06570666666676,弃电吸收区,-168.06570666666676,0.0
197.97632,弃电吸收区,-197.97632,0.0
229.27957333333347,弃电吸收区,-229.27957333333347,0.0
226.17770666666672,弃电吸收区,-226.17770666666672,0.0
206.62272,弃电吸收区,-206.62272,0.0
169.26805333333357,弃电吸收区,-169.26805333333357,0.0
-45.631146666666666,降负荷减购电区,0.0,-45.631146666666666
-131.74186666666668,降负荷减购电区,0.0,-131.74186666666668
-140.6417066666667,降负荷减购电区,0.0,-140.6417066666667
-119.65482666666664,降负荷减购电区,0.0,-119.65482666666664
178.54378666666668,弃电吸收区,-178.54378666666668,0.0
166.8283733333334,弃电吸收区,-166.8283733333334,0.0
111.79562666666664,弃电吸收区,-111.79562666666664,0.0
-16.897706666666693,降负荷减购电区,0.0,-16.897706666666693
-108.91136000000006,降负荷减购电区,0.0,-108.91136000000006
-125.48266666666666,降负荷减购电区,0.0,-125.48266666666666
-85.45450666666665,降负荷减购电区,0.0,-85.45450666666665
35.87072000000006,购电边际区,0.0,35.87072000000006
72.6336,购电边际区,0.0,72.6336
114.46186666666682,购电边际区,-41.22005200000001,73.24181466666681
141.8496,购电边际区,-119.086854,22.762746000000007
165.36063999999993,购电边际区,-160.918186,4.442453999999941
131.19146666666677,弃电吸收区,-131.19146666666677,0.0
41.525000000000034,弃电吸收区,-41.525000000000034,0.0
77.63541666666674,弃电吸收区,-77.63541666666674,0.0
131.58333333333337,弃电吸收区,-131.58333333333337,0.0
141.82500000000005,弃电吸收区,-141.82500000000005,0.0
109.59374999999989,弃电吸收区,-109.59374999999989,0.0
123.03999999999996,弃电吸收区,-123.03999999999996,0.0
107.76999999999998,弃电吸收区,-107.76999999999998,0.0
71.48833333333346,弃电吸收区,-71.48833333333346,0.0
19.62791666666669,弃电吸收区,-19.62791666666669,0.0
-21.514999999999983,降负荷减购电区,0.0,-21.514999999999983
-102.55916666666673,降负荷回退弃电区,0.0,-102.55916666666673
-81.69999999999999,降负荷回退弃电区,0.0,-81.69999999999999
-86.35333333333335,降负荷回退弃电区,0.0,-86.35333333333335
-97.93458333333332,降负荷回退弃电区,0.0,-97.93458333333332
-96.08750000000003,降负荷回退弃电区,0.0,-96.08750000000003
97.4341666666666,弃电吸收区,-97.4341666666666,0.0
139.91999999999996,弃电吸收区,-139.91999999999996,0.0
113.70416666666664,弃电吸收区,-113.70416666666664,0.0
152.45333333333332,弃电吸收区,-152.45333333333332,0.0
175.0816666666667,弃电吸收区,-175.0816666666667,0.0
156.01500000000004,弃电吸收区,-156.01500000000004,0.0
97.65750000000004,弃电吸收区,-97.65750000000004,0.0
123.09333333333323,购电边际区,-108.3587,14.73463333333325
134.52833333333336,购电边际区,-103.4001,31.12823333333337
114.35666666666653,购电边际区,-114.2809,0.0757666666665102
110.95499999999991,弃电吸收区,-110.95499999999991,0.0
128.32999999999993,购电边际区,-127.82,0.5099999999999341
111.48666666666657,弃电吸收区,-111.48666666666657,0.0
97.0304166666666,弃电吸收区,-97.0304166666666,0.0
73.27458333333334,弃电吸收区,-73.27458333333334,0.0
74.27708333333317,弃电吸收区,-74.27708333333317,0.0
87.35833333333323,弃电吸收区,-87.35833333333323,0.0
67.31291666666664,弃电吸收区,-67.31291666666664,0.0
12.760833333333151,弃电吸收区,-12.760833333333151,0.0
-50.954999999999984,降负荷减购电区,0.0,-50.954999999999984
-104.48708333333336,降负荷减购电区,0.0,-104.48708333333336
-94.56333333333332,降负荷减购电区,0.0,-94.56333333333332
-117.0,降负荷回退弃电区,5.465599999999995,-111.5344
-116.19833333333328,降负荷回退弃电区,0.0,-116.19833333333328
-76.62166666666661,降负荷回退弃电区,0.0,-76.62166666666661
103.67083333333336,弃电吸收区,-103.67083333333336,0.0
149.71166666666676,弃电吸收区,-149.71166666666676,0.0
132.805,弃电吸收区,-132.805,0.0
122.75833333333344,弃电吸收区,-122.75833333333344,0.0
103.69125000000004,弃电吸收区,-103.69125000000004,0.0
52.54875000000004,弃电吸收区,-52.54875000000004,0.0
-44.03958333333338,降负荷减购电区,0.0,-44.03958333333338
-94.81416666666672,降负荷回退弃电区,0.0,-94.81416666666672
-109.82791666666662,降负荷减购电区,0.0,-109.82791666666662
-84.35833333333335,降负荷减购电区,0.0,-84.35833333333335
-94.22666666666665,降负荷减购电区,0.0,-94.22666666666665
-39.41833333333341,降负荷减购电区,0.0,-39.41833333333341
-55.09999999999991,降负荷减购电区,0.0,-55.09999999999991
-114.69999999999992,降负荷减购电区,0.0,-114.69999999999992
-112.37500000000006,降负荷减购电区,0.0,-112.37500000000006
-136.41500000000002,降负荷回退弃电区,0.0,-136.41500000000002
-145.0408333333333,降负荷减购电区,0.0,-145.0408333333333
-118.27083333333331,降负荷减购电区,0.0,-118.27083333333331
-97.88125000000002,降负荷减购电区,0.0,-97.88125000000002
-78.26333333333332,降负荷减购电区,0.0,-78.26333333333332
-53.76666666666665,降负荷减购电区,0.0,-53.76666666666665
-56.13999999999999,降负荷减购电区,0.0,-56.13999999999999
-52.583333333333314,降负荷减购电区,0.0,-52.583333333333314
113.90333333333332,弃电吸收区,-113.90333333333332,0.0
165.9183333333333,弃电吸收区,-165.9183333333333,0.0
163.92500000000007,弃电吸收区,-163.92500000000007,0.0
151.8125,弃电吸收区,-151.8125,0.0
135.6266666666666,弃电吸收区,-135.6266666666666,0.0
132.24333333333325,弃电吸收区,-132.24333333333325,0.0
90.52041666666668,弃电吸收区,-90.52041666666668,0.0
77.97499999999997,弃电吸收区,-77.97499999999997,0.0
80.82916666666671,弃电吸收区,-80.82916666666671,0.0
73.93916666666661,弃电吸收区,-73.93916666666661,0.0
-39.6270833333333,降负荷减购电区,0.0,-39.6270833333333
-64.21166666666659,降负荷减购电区,0.0,-64.21166666666659
-67.43166666666662,降负荷减购电区,0.0,-67.43166666666662
-77.52041666666668,降负荷减购电区,0.0,-77.52041666666668
-94.52333333333333,降负荷减购电区,0.0,-94.52333333333333
-118.0333333333333,降负荷减购电区,0.0,-118.0333333333333
-122.39,降负荷回退弃电区,0.0,-122.39
-97.57500000000005,降负荷减购电区,0.0,-97.57500000000005
-82.51666666666665,降负荷减购电区,0.0,-82.51666666666665
-53.80583333333334,降负荷减购电区,0.0,-53.80583333333334
-73.11874999999998,降负荷减购电区,0.0,-73.11874999999998
-86.44749999999999,降负荷减购电区,0.0,-86.44749999999999
-70.19375000000002,降负荷减购电区,0.0,-70.19375000000002
-65.54333333333335,降负荷回退弃电区,0.0,-65.54333333333335
-93.9183333333333,降负荷回退弃电区,0.0,-93.9183333333333
-59.1933333333333,降负荷回退弃电区,0.0,-59.1933333333333
40.76833333333332,弃电吸收区,-40.76833333333332,0.0
84.52000000000004,弃电吸收区,-84.52000000000004,0.0
127.86500000000012,弃电吸收区,-127.86500000000012,0.0
56.9620833333334,弃电吸收区,-56.9620833333334,0.0
72.74208333333326,弃电吸收区,-72.74208333333326,0.0
88.80749999999995,弃电吸收区,-88.80749999999995,0.0
51.9666666666667,弃电吸收区,-51.9666666666667,0.0
61.07333333333338,弃电吸收区,-61.07333333333338,0.0
108.78333333333336,弃电吸收区,-108.78333333333336,0.0
123.06666666666672,弃电吸收区,-123.06666666666672,0.0
115.69791666666674,弃电吸收区,-115.69791666666674,0.0
127.72333333333336,弃电吸收区,-127.72333333333336,0.0
104.64499999999998,弃电吸收区,-104.64499999999998,0.0
130.4699999999999,弃电吸收区,-130.4699999999999,0.0
92.2670833333334,弃电吸收区,-92.2670833333334,0.0
108.98708333333332,弃电吸收区,-108.98708333333332,0.0
126.55124999999998,弃电吸收区,-126.55124999999998,0.0
131.34541666666672,弃电吸收区,-131.34541666666672,0.0
123.24833333333332,弃电吸收区,-123.24833333333332,0.0
128.34041666666678,弃电吸收区,-128.34041666666678,0.0
145.9808333333334,弃电吸收区,-145.9808333333334,0.0
157.3970833333334,弃电吸收区,-157.3970833333334,0.0
158.7383333333334,弃电吸收区,-158.7383333333334,0.0
113.71250000000008,弃电吸收区,-113.71250000000008,0.0
119.62499999999989,弃电吸收区,-119.62499999999989,0.0
76.95999999999992,弃电吸收区,-76.95999999999992,0.0
95.04500000000009,弃电吸收区,-95.04500000000009,0.0
78.7716666666667,弃电吸收区,-78.7716666666667,0.0
56.59333333333348,弃电吸收区,-56.59333333333348,0.0
56.61166666666679,弃电吸收区,-56.61166666666679,0.0
89.18166666666679,弃电吸收区,-89.18166666666679,0.0
72.1641666666668,弃电吸收区,-72.1641666666668,0.0
63.79583333333335,弃电吸收区,-63.79583333333335,0.0
37.47666666666669,弃电吸收区,-37.47666666666669,0.0
27.367500000000064,弃电吸收区,-27.367500000000064,0.0
48.82375000000013,弃电吸收区,-48.82375000000013,0.0
89.8104166666667,弃电吸收区,-89.8104166666667,0.0
104.74,弃电吸收区,-104.74,0.0
122.64125,弃电吸收区,-122.64125,0.0
104.10500000000012,弃电吸收区,-104.10500000000012,0.0
45.53208333333339,弃电吸收区,-45.53208333333339,0.0
-33.2833333333333,降负荷减购电区,0.0,-33.2833333333333
-65.19374999999997,降负荷减购电区,0.0,-65.19374999999997
-48.51500000000004,降负荷减购电区,0.0,-48.51500000000004
-42.4108333333333,降负荷减购电区,0.0,-42.4108333333333
-42.859166666666624,降负荷减购电区,0.0,-42.859166666666624
-84.25833333333333,降负荷回退弃电区,0.0,-84.25833333333333
120.9666666666667,弃电吸收区,-120.9666666666667,0.0
126.84249999999996,弃电吸收区,-126.84249999999996,0.0
106.435,弃电吸收区,-106.435,0.0
77.20833333333331,弃电吸收区,-77.20833333333331,0.0
109.92166666666662,弃电吸收区,-109.92166666666662,0.0
121.64583333333326,弃电吸收区,-121.64583333333326,0.0
112.15000000000008,弃电吸收区,-112.15000000000008,0.0
101.36666666666672,弃电吸收区,-101.36666666666672,0.0
89.20375000000007,弃电吸收区,-89.20375000000007,0.0
56.81,弃电吸收区,-56.81,0.0
24.93791666666664,弃电吸收区,-24.93791666666664,0.0
70.24833333333333,弃电吸收区,-70.24833333333333,0.0
103.6191666666665,弃电吸收区,-103.6191666666665,0.0
93.32166666666647,弃电吸收区,-93.32166666666647,0.0
95.72874999999988,弃电吸收区,-95.72874999999988,0.0
63.69333333333327,弃电吸收区,-63.69333333333327,0.0
-43.369166666666615,降负荷减购电区,0.0,-43.369166666666615
-89.00166666666672,降负荷减购电区,0.0,-89.00166666666672
-97.59750000000008,降负荷减购电区,0.0,-97.59750000000008
-100.30166666666668,降负荷减购电区,0.0,-100.30166666666668
-90.04999999999995,降负荷减购电区,0.0,-90.04999999999995
-56.80124999999998,降负荷减购电区,0.0,-56.80124999999998
-80.42666666666673,降负荷回退弃电区,0.0,-80.42666666666673
-76.41166666666675,降负荷回退弃电区,0.0,-76.41166666666675
-75.38166666666669,降负荷回退弃电区,0.0,-75.38166666666669
128.39166666666677,弃电吸收区,-128.39166666666677,0.0
125.625,弃电吸收区,-125.625,0.0
114.9916666666668,弃电吸收区,-114.9916666666668,0.0
117.485,弃电吸收区,-117.485,0.0
103.5604166666667,弃电吸收区,-103.5604166666667,0.0
66.23541666666665,弃电吸收区,-66.23541666666665,0.0
56.98416666666674,弃电吸收区,-56.98416666666674,0.0
-10.840000000000032,降负荷减购电区,0.0,-10.840000000000032
56.11916666666673,弃电吸收区,-56.11916666666673,0.0
69.62000000000006,弃电吸收区,-69.62000000000006,0.0
89.18999999999994,弃电吸收区,-89.18999999999994,0.0
111.20000000000005,弃电吸收区,-111.20000000000005,0.0
124.19666666666672,弃电吸收区,-124.19666666666672,0.0
109.90958333333332,弃电吸收区,-109.90958333333332,0.0
21.059999999999945,弃电吸收区,-21.059999999999945,0.0
-75.98000000000002,降负荷减购电区,0.0,-75.98000000000002
-102.21458333333334,降负荷减购电区,0.0,-102.21458333333334
-83.79958333333332,降负荷减购电区,0.0,-83.79958333333332
-64.90749999999997,降负荷减购电区,0.0,-64.90749999999997
98.485,弃电吸收区,-98.485,0.0
113.4366666666666,弃电吸收区,-113.4366666666666,0.0
128.1616666666667,弃电吸收区,-128.1616666666667,0.0
87.64708333333334,弃电吸收区,-87.64708333333334,0.0
73.57833333333326,弃电吸收区,-73.57833333333326,0.0
73.93791666666675,弃电吸收区,-73.93791666666675,0.0
38.64416666666671,弃电吸收区,-38.64416666666671,0.0
109.85125000000004,弃电吸收区,-109.85125000000004,0.0
131.87166666666667,弃电吸收区,-131.87166666666667,0.0
150.7933333333334,弃电吸收区,-141.8046,8.988733333333414
91.65916666666658,弃电吸收区,-91.65916666666658,0.0
-39.75999999999999,降负荷减购电区,0.0,-39.75999999999999
-79.08749999999998,降负荷减购电区,0.0,-79.08749999999998
-99.62249999999996,降负荷减购电区,0.0,-99.62249999999996
-123.45499999999991,降负荷回退弃电区,0.0,-123.45499999999991
-126.6008333333333,降负荷减购电区,0.0,-126.6008333333333
-104.32624999999996,降负荷减购电区,0.0,-104.32624999999996
-128.82083333333327,降负荷减购电区,0.0,-128.82083333333327
-137.48250000000002,降负荷回退弃电区,0.0,-137.48250000000002
-89.55166666666662,降负荷减购电区,0.0,-89.55166666666662
-65.3250000000001,降负荷减购电区,0.0,-65.3250000000001
-61.318333333333385,降负荷减购电区,0.0,-61.318333333333385
-75.21999999999997,降负荷减购电区,0.0,-75.21999999999997
-60.45666666666659,降负荷减购电区,0.0,-60.45666666666659
-67.18208333333337,降负荷减购电区,0.0,-67.18208333333337
-47.9083333333333,降负荷减购电区,0.0,-47.9083333333333
-75.01583333333332,降负荷回退弃电区,0.0,-75.01583333333332
-52.82499999999999,降负荷回退弃电区,0.0,-52.82499999999999
97.23166666666664,弃电吸收区,-97.23166666666664,0.0
82.2816666666667,弃电吸收区,-82.2816666666667,0.0
75.97333333333336,弃电吸收区,-75.97333333333336,0.0
81.34999999999997,弃电吸收区,-81.34999999999997,0.0
88.55666666666656,弃电吸收区,-88.55666666666656,0.0
54.554166666666674,弃电吸收区,-54.554166666666674,0.0
104.5549999999999,弃电吸收区,-104.5549999999999,0.0
104.09499999999991,购电边际区,-100.3459,3.749099999999913
107.88166666666666,购电边际区,-106.6232,1.2584666666666635
84.08041666666668,弃电吸收区,-84.08041666666668,0.0
38.418333333333294,弃电吸收区,-38.418333333333294,0.0
-60.93000000000001,降负荷减购电区,0.0,-60.93000000000001
-90.09583333333342,降负荷减购电区,0.0,-90.09583333333342
-69.57499999999993,降负荷减购电区,0.0,-69.57499999999993
-83.02833333333336,降负荷减购电区,0.0,-83.02833333333336
-60.84958333333327,降负荷减购电区,0.0,-60.84958333333327
67.41583333333335,弃电吸收区,-67.41583333333335,0.0
132.2066666666667,弃电吸收区,-132.2066666666667,0.0
142.05500000000012,弃电吸收区,-142.05500000000012,0.0
145.17875000000015,弃电吸收区,-145.17875000000015,0.0
119.27750000000005,弃电吸收区,-119.27750000000005,0.0
125.25666666666672,弃电吸收区,-125.25666666666672,0.0
140.89125,弃电吸收区,-140.89125,0.0
118.7441666666668,弃电吸收区,-118.7441666666668,0.0
84.8341666666667,弃电吸收区,-84.8341666666667,0.0
73.35999999999996,弃电吸收区,-73.35999999999996,0.0
88.98166666666657,弃电吸收区,-88.98166666666657,0.0
113.29416666666668,弃电吸收区,-113.29416666666668,0.0
98.05666666666662,弃电吸收区,-98.05666666666662,0.0
134.13999999999993,弃电吸收区,-134.13999999999993,0.0
129.5525,购电边际区,-115.8876,13.664900000000005
111.60166666666665,购电边际区,-104.0782,7.523466666666636
113.14999999999998,购电边际区,-109.2121,3.93789999999997
116.7091666666666,弃电吸收区,-116.7091666666666,0.0
134.7662499999999,购电边际区,-130.6539,4.112349999999907
98.35000000000002,弃电吸收区,-98.35000000000002,0.0
69.71833333333325,弃电吸收区,-69.71833333333325,0.0
36.97166666666669,弃电吸收区,-36.97166666666669,0.0
44.58833333333337,弃电吸收区,-44.58833333333337,0.0
90.34916666666663,弃电吸收区,-90.34916666666663,0.0
105.67583333333312,弃电吸收区,-105.67583333333312,0.0
166.86083333333318,弃电吸收区,-166.86083333333318,0.0
120.80999999999996,弃电吸收区,-120.80999999999996,0.0
123.8166666666666,弃电吸收区,-123.8166666666666,0.0
133.3275000000001,弃电吸收区,-133.3275000000001,0.0
135.74583333333328,弃电吸收区,-135.74583333333328,0.0
140.3770833333333,弃电吸收区,-140.3770833333333,0.0
157.83333333333337,弃电吸收区,-157.83333333333337,0.0
170.80583333333328,弃电吸收区,-170.80583333333328,0.0
160.99124999999992,弃电吸收区,-160.99124999999992,0.0
101.86916666666662,弃电吸收区,-101.86916666666662,0.0
112.16000000000004,弃电吸收区,-112.16000000000004,0.0
125.16958333333338,弃电吸收区,-125.16958333333338,0.0
132.93333333333334,弃电吸收区,-132.93333333333334,0.0
109.11333333333346,购电边际区,-108.7398,0.3735333333334552
106.99583333333334,购电边际区,-103.2986,3.697233333333344
118.04625000000004,购电边际区,-107.2989,10.74735000000004
76.03333333333336,弃电吸收区,-76.03333333333336,0.0
67.64666666666653,弃电吸收区,-67.64666666666653,0.0
47.48208333333332,弃电吸收区,-47.48208333333332,0.0
50.60000000000002,弃电吸收区,-50.60000000000002,0.0
66.20000000000005,弃电吸收区,-66.20000000000005,0.0
53.43750000000023,弃电吸收区,-53.43750000000023,0.0
-39.155000000000086,降负荷减购电区,0.0,-39.155000000000086
-86.12166666666667,降负荷减购电区,0.0,-86.12166666666667
-74.43333333333322,降负荷减购电区,0.0,-74.43333333333322
-70.45583333333332,降负荷减购电区,0.0,-70.45583333333332
-74.50999999999999,降负荷回退弃电区,0.0,-74.50999999999999
-81.23333333333335,降负荷回退弃电区,0.0,-81.23333333333335
-79.92333333333335,降负荷回退弃电区,0.0,-79.92333333333335
-88.89166666666671,降负荷回退弃电区,0.0,-88.89166666666671
-72.44666666666672,降负荷回退弃电区,0.0,-72.44666666666672
-81.45916666666668,降负荷回退弃电区,0.0,-81.45916666666668
77.58125000000001,弃电吸收区,-77.58125000000001,0.0
114.42083333333346,弃电吸收区,-114.42083333333346,0.0
142.0604166666667,弃电吸收区,-142.0604166666667,0.0
152.79958333333332,弃电吸收区,-152.79958333333332,0.0
150.2258333333334,弃电吸收区,-150.2258333333334,0.0
108.90583333333342,弃电吸收区,-108.90583333333342,0.0
114.31333333333332,购电边际区,-104.2168,10.096533333333326
108.69791666666674,弃电吸收区,-108.69791666666674,0.0
73.45791666666673,弃电吸收区,-73.45791666666673,0.0
79.36333333333334,弃电吸收区,-79.36333333333334,0.0
73.90625000000011,弃电吸收区,-73.90625000000011,0.0
89.95458333333329,弃电吸收区,-89.95458333333329,0.0
107.81499999999984,弃电吸收区,-107.81499999999984,0.0
132.0866666666666,弃电吸收区,-132.0866666666666,0.0
140.61041666666677,弃电吸收区,-140.61041666666677,0.0
117.2600000000001,弃电吸收区,-117.2600000000001,0.0
143.3912499999999,弃电吸收区,-143.3912499999999,0.0
174.69083333333333,弃电吸收区,-174.69083333333333,0.0
189.87833333333333,弃电吸收区,-189.87833333333333,0.0
126.0350000000002,弃电吸收区,-126.0350000000002,0.0
99.49,弃电吸收区,-99.49,0.0
125.30000000000013,弃电吸收区,-125.30000000000013,0.0
108.9783333333333,弃电吸收区,-108.9783333333333,0.0
164.68833333333333,弃电吸收区,-164.68833333333333,0.0
107.79749999999996,弃电吸收区,-107.79749999999996,0.0
125.11041666666664,弃电吸收区,-125.11041666666664,0.0
110.2016666666666,弃电吸收区,-110.2016666666666,0.0
91.20958333333328,弃电吸收区,-91.20958333333328,0.0
104.48249999999996,弃电吸收区,-104.48249999999996,0.0
106.50250000000004,购电边际区,-106.1262,0.3763000000000573
101.34000000000005,购电边际区,-100.2593,1.0807000000000355
117.25541666666663,购电边际区,-102.3093,14.94611666666664
114.56999999999994,弃电吸收区,-114.56999999999994,0.0
67.43124999999975,弃电吸收区,-67.43124999999975,0.0
-28.991666666666674,降负荷减购电区,0.0,-28.991666666666674
-88.51333333333332,降负荷减购电区,0.0,-88.51333333333332
-71.1445833333334,降负荷减购电区,0.0,-71.1445833333334
75.33333333333326,弃电吸收区,-75.33333333333326,0.0
116.40041666666662,弃电吸收区,-116.40041666666662,0.0
130.7299999999999,弃电吸收区,-130.7299999999999,0.0
137.21624999999997,弃电吸收区,-137.21624999999997,0.0
78.12583333333339,弃电吸收区,-78.12583333333339,0.0
-45.27458333333334,降负荷减购电区,0.0,-45.27458333333334
-89.74499999999995,降负荷减购电区,0.0,-89.74499999999995
-91.735,降负荷减购电区,0.0,-91.735
-115.04666666666662,降负荷回退弃电区,0.0,-115.04666666666662
-81.1033333333333,降负荷回退弃电区,0.0,-81.1033333333333
-83.94958333333335,降负荷回退弃电区,0.0,-83.94958333333335
27.2545833333333,弃电吸收区,-27.2545833333333,0.0
31.701666666666767,弃电吸收区,-31.701666666666767,0.0
70.06208333333342,弃电吸收区,-70.06208333333342,0.0
93.0191666666667,弃电吸收区,-93.0191666666667,0.0
136.01500000000004,弃电吸收区,-136.01500000000004,0.0
98.40833333333342,弃电吸收区,-98.40833333333342,0.0
99.74541666666676,弃电吸收区,-99.74541666666676,0.0
118.56833333333338,购电边际区,-108.6601,9.908233333333383
120.68500000000006,购电边际区,-110.97,9.71500000000006
156.22500000000008,购电边际区,-133.4061,22.81890000000007
137.5,弃电吸收区,-137.5,0.0
120.92041666666682,弃电吸收区,-120.92041666666682,0.0
136.64875000000018,弃电吸收区,-136.64875000000018,0.0
103.59999999999992,弃电吸收区,-103.59999999999992,0.0
74.96249999999998,弃电吸收区,-74.96249999999998,0.0
-27.174999999999955,降负荷减购电区,0.0,-27.174999999999955
-81.39999999999998,降负荷减购电区,0.0,-81.39999999999998
-107.49,降负荷减购电区,0.0,-107.49
-137.1875,降负荷回退弃电区,1.9581000000000015,-135.2294
-136.9641666666667,降负荷回退弃电区,17.455366666666706,-119.5088
-81.75833333333344,降负荷减购电区,0.0,-81.75833333333344
-56.53333333333342,降负荷回退弃电区,0.0,-56.53333333333342
-22.645000000000092,降负荷回退弃电区,0.0,-22.645000000000092
84.03375000000005,弃电吸收区,-84.03375000000005,0.0
122.935,弃电吸收区,-122.935,0.0
123.24458333333337,弃电吸收区,-123.24458333333337,0.0
106.33083333333332,弃电吸收区,-106.33083333333332,0.0
118.82791666666662,弃电吸收区,-118.82791666666662,0.0
127.2675000000001,弃电吸收区,-127.2675000000001,0.0
106.8416666666668,弃电吸收区,-106.8416666666668,0.0
104.2095833333334,购电边际区,-104.0089,0.2006833333334015
111.48666666666662,弃电吸收区,-111.48666666666662,0.0
118.43416666666668,购电边际区,-110.4502,7.983966666666674
124.79250000000008,弃电吸收区,-124.79250000000008,0.0
128.12166666666667,弃电吸收区,-128.12166666666667,0.0
118.41416666666667,弃电吸收区,-118.41416666666667,0.0
114.3529166666666,弃电吸收区,-114.3529166666666,0.0
127.50833333333344,弃电吸收区,-127.50833333333344,0.0
77.57666666666671,弃电吸收区,-77.57666666666671,0.0
-16.732916666666597,降负荷减购电区,0.0,-16.732916666666597
-114.8083333333334,降负荷减购电区,0.0,-114.8083333333334
-114.9645833333334,降负荷减购电区,0.0,-114.9645833333334
-107.19833333333332,降负荷减购电区,0.0,-107.19833333333332
-84.13333333333338,降负荷减购电区,0.0,-84.13333333333338
-63.376666666666665,降负荷减购电区,0.0,-63.376666666666665
-50.146666666666704,降负荷减购电区,0.0,-50.146666666666704
-23.03833333333341,降负荷减购电区,0.0,-23.03833333333341
111.38958333333336,弃电吸收区,-111.38958333333336,0.0
119.95166666666672,弃电吸收区,-119.95166666666672,0.0
109.9845833333332,弃电吸收区,-109.9845833333332,0.0
106.70541666666668,弃电吸收区,-106.70541666666668,0.0
105.40416666666664,弃电吸收区,-105.40416666666664,0.0
108.00583333333329,弃电吸收区,-108.00583333333329,0.0
121.755,购电边际区,-112.675,9.079999999999998
140.4758333333333,购电边际区,-112.763,27.712833333333293
140.75833333333333,购电边际区,-108.6775,32.08083333333333
177.4933333333334,购电边际区,-118.9098,58.58353333333339
119.99999999999989,弃电吸收区,-119.99999999999989,0.0
104.53999999999996,弃电吸收区,-104.53999999999996,0.0
98.71833333333323,弃电吸收区,-98.71833333333323,0.0
102.14208333333328,弃电吸收区,-102.14208333333328,0.0
108.3558333333334,弃电吸收区,-108.3558333333334,0.0
119.47500000000014,弃电吸收区,-119.47500000000014,0.0
125.2195833333334,弃电吸收区,-125.2195833333334,0.0
89.10000000000002,弃电吸收区,-89.10000000000002,0.0
98.56333333333328,弃电吸收区,-98.56333333333328,0.0
122.70500000000004,弃电吸收区,-122.70500000000004,0.0
102.08125,弃电吸收区,-102.08125,0.0
131.4808333333333,弃电吸收区,-131.4808333333333,0.0
105.12958333333324,弃电吸收区,-105.12958333333324,0.0
90.30166666666656,弃电吸收区,-90.30166666666656,0.0
76.51333333333332,弃电吸收区,-76.51333333333332,0.0
117.8916666666666,弃电吸收区,-117.8916666666666,0.0
87.65500000000003,弃电吸收区,-87.65500000000003,0.0
126.41791666666671,弃电吸收区,-126.41791666666671,0.0
142.02041666666668,弃电吸收区,-142.02041666666668,0.0
86.58833333333348,弃电吸收区,-86.58833333333348,0.0
111.92791666666665,购电边际区,-110.1976,1.7303166666666527
99.87083333333328,弃电吸收区,-99.87083333333328,0.0
111.84999999999992,弃电吸收区,-111.84999999999992,0.0
102.0983333333334,弃电吸收区,-102.0983333333334,0.0
115.87916666666683,弃电吸收区,-115.87916666666683,0.0
107.26458333333346,弃电吸收区,-107.26458333333346,0.0
95.87750000000015,弃电吸收区,-95.87750000000015,0.0
58.60708333333332,弃电吸收区,-58.60708333333332,0.0
72.80916666666667,弃电吸收区,-72.80916666666667,0.0
103.40874999999994,弃电吸收区,-103.40874999999994,0.0
96.45124999999996,弃电吸收区,-96.45124999999996,0.0
108.82166666666672,弃电吸收区,-108.82166666666672,0.0
109.95625000000008,弃电吸收区,-109.95625000000008,0.0
150.68791666666664,弃电吸收区,-150.68791666666664,0.0
150.1562500000001,弃电吸收区,-150.1562500000001,0.0
118.96874999999994,弃电吸收区,-118.96874999999994,0.0
133.57833333333326,弃电吸收区,-133.57833333333326,0.0
131.71083333333337,弃电吸收区,-131.71083333333337,0.0
110.43249999999988,弃电吸收区,-110.43249999999988,0.0
102.5166666666666,弃电吸收区,-102.5166666666666,0.0
112.6895833333333,弃电吸收区,-112.6895833333333,0.0
151.01833333333337,弃电吸收区,-151.01833333333337,0.0
149.83125,弃电吸收区,-149.83125,0.0
148.8533333333333,购电边际区,-147.0639,1.7894333333333066
100.62833333333327,弃电吸收区,-100.62833333333327,0.0
101.26916666666648,弃电吸收区,-101.26916666666648,0.0
85.29083333333318,弃电吸收区,-85.29083333333318,0.0
100.72500000000002,弃电吸收区,-100.72500000000002,0.0
100.09916666666676,弃电吸收区,-100.09916666666676,0.0
85.13750000000016,弃电吸收区,-85.13750000000016,0.0
124.94083333333344,弃电吸收区,-124.94083333333344,0.0
99.8175,弃电吸收区,-99.8175,0.0
115.06791666666676,弃电吸收区,-115.06791666666676,0.0
76.40708333333316,弃电吸收区,-76.40708333333316,0.0
13.115000000000007,弃电吸收区,-13.115000000000007,0.0
-85.00166666666661,降负荷减购电区,0.0,-85.00166666666661
-106.49666666666673,降负荷减购电区,0.0,-106.49666666666673
-87.24250000000006,降负荷减购电区,0.0,-87.24250000000006
-83.23916666666668,降负荷减购电区,0.0,-83.23916666666668
-76.16666666666663,降负荷减购电区,0.0,-76.16666666666663
-55.02916666666658,降负荷减购电区,0.0,-55.02916666666658
-76.12166666666673,降负荷回退弃电区,0.0,-76.12166666666673
-79.96250000000003,降负荷回退弃电区,0.0,-79.96250000000003
112.14000000000004,弃电吸收区,-112.14000000000004,0.0
100.31666666666666,弃电吸收区,-100.31666666666666,0.0
116.2816666666667,弃电吸收区,-116.2816666666667,0.0
108.27999999999996,弃电吸收区,-108.27999999999996,0.0
88.7712499999999,弃电吸收区,-88.7712499999999,0.0
109.55041666666664,弃电吸收区,-109.55041666666664,0.0
104.52833333333342,购电边际区,-103.5659,0.962433333333422
131.74333333333325,购电边际区,-111.593,20.150333333333226
152.92666666666668,购电边际区,-110.4255,42.50116666666668
152.6033333333333,购电边际区,-135.3069,17.296433333333283
125.87749999999994,弃电吸收区,-125.87749999999994,0.0
94.56666666666648,弃电吸收区,-94.56666666666648,0.0
91.65999999999984,弃电吸收区,-91.65999999999984,0.0
90.6383333333332,弃电吸收区,-90.6383333333332,0.0
91.80083333333334,弃电吸收区,-91.80083333333334,0.0
129.98750000000007,弃电吸收区,-129.98750000000007,0.0
161.20000000000016,弃电吸收区,-161.20000000000016,0.0
167.32208333333335,弃电吸收区,-167.32208333333335,0.0
185.28541666666663,弃电吸收区,-185.28541666666663,0.0
175.96749999999997,弃电吸收区,-175.96749999999997,0.0
169.61000000000007,弃电吸收区,-169.61000000000007,0.0
168.40833333333336,弃电吸收区,-168.40833333333336,0.0
120.21500000000007,弃电吸收区,-120.21500000000007,0.0
99.71375,弃电吸收区,-99.71375,0.0
82.12833333333339,弃电吸收区,-82.12833333333339,0.0
55.58333333333337,弃电吸收区,-55.58333333333337,0.0
71.66791666666666,弃电吸收区,-71.66791666666666,0.0
89.20333333333349,弃电吸收区,-89.20333333333349,0.0
79.24166666666673,弃电吸收区,-79.24166666666673,0.0
83.65625000000006,弃电吸收区,-83.65625000000006,0.0
75.45124999999996,弃电吸收区,-75.45124999999996,0.0
89.51708333333329,弃电吸收区,-89.51708333333329,0.0
78.0354166666666,弃电吸收区,-78.0354166666666,0.0
95.00625000000002,弃电吸收区,-95.00625000000002,0.0
110.90874999999984,弃电吸收区,-110.90874999999984,0.0
128.0354166666666,弃电吸收区,-128.0354166666666,0.0
89.89874999999995,弃电吸收区,-89.89874999999995,0.0
109.12874999999984,弃电吸收区,-109.12874999999984,0.0
140.0020833333333,弃电吸收区,-140.0020833333333,0.0
124.9616666666667,弃电吸收区,-124.9616666666667,0.0
48.305000000000064,弃电吸收区,-48.305000000000064,0.0
-45.26666666666671,降负荷减购电区,0.0,-45.26666666666671
-84.17499999999995,降负荷减购电区,0.0,-84.17499999999995
-97.36166666666662,降负荷减购电区,0.0,-97.36166666666662
-115.20833333333336,降负荷回退弃电区,0.1898333333333681,-115.0185
-104.39541666666668,降负荷回退弃电区,0.0,-104.39541666666668
-27.87666666666655,降负荷回退弃电区,0.0,-27.87666666666655
101.02833333333336,弃电吸收区,-101.02833333333336,0.0
117.66250000000002,弃电吸收区,-117.66250000000002,0.0
110.12000000000006,弃电吸收区,-110.12000000000006,0.0
112.43500000000012,弃电吸收区,-112.43500000000012,0.0
109.8,弃电吸收区,-109.8,0.0
134.2308333333333,弃电吸收区,-134.2308333333333,0.0
123.28375,购电边际区,-107.235,16.04875
99.78833333333318,弃电吸收区,-99.78833333333318,0.0
140.80291666666665,购电边际区,-109.8135,30.98941666666664
129.88333333333338,购电边际区,-123.3326,6.550733333333383
76.07083333333333,弃电吸收区,-76.07083333333333,0.0
60.3345833333334,弃电吸收区,-60.3345833333334,0.0
33.92708333333337,弃电吸收区,-33.92708333333337,0.0
-48.23374999999999,降负荷减购电区,0.0,-48.23374999999999
-77.70166666666671,降负荷减购电区,0.0,-77.70166666666671
-77.1583333333333,降负荷减购电区,0.0,-77.1583333333333
-85.04999999999995,降负荷减购电区,0.0,-85.04999999999995
-63.61500000000001,降负荷减购电区,0.0,-63.61500000000001
-46.11999999999995,降负荷减购电区,0.0,-46.11999999999995
-83.79583333333329,降负荷减购电区,0.0,-83.79583333333329
-71.95999999999992,降负荷减购电区,0.0,-71.95999999999992
-58.94,降负荷减购电区,0.0,-58.94
-13.71666666666664,降负荷减购电区,0.0,-13.71666666666664
-56.54999999999996,降负荷回退弃电区,0.0,-56.54999999999996
-34.054166666666674,降负荷减购电区,0.0,-34.054166666666674
23.716666666666697,弃电吸收区,-23.716666666666697,0.0
81.94999999999999,弃电吸收区,-81.94999999999999,0.0
118.48749999999995,弃电吸收区,-118.48749999999995,0.0
122.83499999999998,弃电吸收区,-122.83499999999998,0.0
118.78083333333323,弃电吸收区,-118.78083333333323,0.0
89.34750000000008,弃电吸收区,-89.34750000000008,0.0
105.95166666666664,购电边际区,-101.8656,4.086066666666653
113.94333333333329,购电边际区,-107.4697,6.473633333333268
103.48499999999996,弃电吸收区,-103.48499999999996,0.0
131.6804166666667,弃电吸收区,-131.6804166666667,0.0
80.36333333333334,弃电吸收区,-80.36333333333334,0.0
112.65291666666668,弃电吸收区,-112.65291666666668,0.0
109.37249999999996,弃电吸收区,-109.37249999999996,0.0
109.10666666666668,弃电吸收区,-109.10666666666668,0.0
37.72541666666655,弃电吸收区,-37.72541666666655,0.0
-23.010416666666742,降负荷减购电区,0.0,-23.010416666666742
-25.408333333333303,降负荷减购电区,0.0,-25.408333333333303
-57.22500000000002,降负荷减购电区,0.0,-57.22500000000002
-97.61999999999988,降负荷减购电区,0.0,-97.61999999999988
-79.07499999999999,降负荷减购电区,0.0,-79.07499999999999
-84.34999999999997,降负荷减购电区,0.0,-84.34999999999997
-105.63916666666672,降负荷回退弃电区,0.0,-105.63916666666672
-86.89166666666665,降负荷回退弃电区,0.0,-86.89166666666665
-113.85166666666666,降负荷回退弃电区,0.0,-113.85166666666666
-29.945000000000107,降负荷回退弃电区,29.945000000000107,-0.0
2.694166666666604,弃电吸收区,-2.694166666666604,0.0
-18.991666666666617,降负荷回退弃电区,18.991666666666617,-0.0
-8.87583333333339,降负荷回退弃电区,8.87583333333339,-0.0
-11.867499999999891,降负荷回退弃电区,11.867499999999891,-0.0
-22.399999999999977,降负荷回退弃电区,0.0,-22.399999999999977
65.11041666666671,弃电吸收区,-65.11041666666671,0.0
99.60000000000002,弃电吸收区,-99.60000000000002,0.0
140.1416666666667,购电边际区,-112.2322,27.909466666666702
136.9883333333333,购电边际区,-133.3195,3.668833333333282
139.25333333333322,弃电吸收区,-139.25333333333322,0.0
96.82666666666672,弃电吸收区,-96.82666666666672,0.0
101.7208333333333,弃电吸收区,-101.7208333333333,0.0
99.52499999999986,弃电吸收区,-99.52499999999986,0.0
126.42708333333326,弃电吸收区,-126.42708333333326,0.0
137.84833333333336,弃电吸收区,-137.84833333333336,0.0
38.23833333333346,弃电吸收区,-38.23833333333346,0.0
-23.71708333333339,降负荷减购电区,0.0,-23.71708333333339
-56.78499999999997,降负荷减购电区,0.0,-56.78499999999997
-71.30166666666673,降负荷回退弃电区,0.0,-71.30166666666673
-55.76500000000004,降负荷回退弃电区,0.0,-55.76500000000004
-36.85249999999997,降负荷减购电区,0.0,-36.85249999999997
125.83666666666664,弃电吸收区,-125.83666666666664,0.0
125.60166666666667,弃电吸收区,-125.60166666666667,0.0
153.5770833333333,弃电吸收区,-153.5770833333333,0.0
169.52499999999998,弃电吸收区,-169.52499999999998,0.0
125.93333333333334,弃电吸收区,-125.93333333333334,0.0
63.72874999999999,弃电吸收区,-63.72874999999999,0.0
43.10458333333338,弃电吸收区,-43.10458333333338,0.0
51.63416666666677,弃电吸收区,-51.63416666666677,0.0
63.05624999999998,弃电吸收区,-63.05624999999998,0.0
74.82666666666671,弃电吸收区,-74.82666666666671,0.0
106.88166666666672,弃电吸收区,-106.88166666666672,0.0
137.29750000000007,弃电吸收区,-137.29750000000007,0.0
148.33833333333337,弃电吸收区,-148.33833333333337,0.0
104.89916666666682,弃电吸收区,-104.89916666666682,0.0
94.56166666666672,弃电吸收区,-94.56166666666672,0.0
108.34000000000005,弃电吸收区,-108.34000000000005,0.0
105.0433333333334,弃电吸收区,-105.0433333333334,0.0
118.83749999999998,弃电吸收区,-118.83749999999998,0.0
154.16000000000008,弃电吸收区,-154.16000000000008,0.0
121.325,弃电吸收区,-121.325,0.0
111.6766666666668,弃电吸收区,-111.6766666666668,0.0
149.0766666666667,弃电吸收区,-149.0766666666667,0.0
162.28291666666655,弃电吸收区,-162.28291666666655,0.0
176.2750000000001,弃电吸收区,-176.2750000000001,0.0
173.3383333333333,弃电吸收区,-173.3383333333333,0.0
125.76999999999992,弃电吸收区,-125.76999999999992,0.0
105.44666666666666,弃电吸收区,-105.44666666666666,0.0
81.30833333333345,弃电吸收区,-81.30833333333345,0.0
67.44166666666666,弃电吸收区,-67.44166666666666,0.0
73.5458333333334,弃电吸收区,-73.5458333333334,0.0
107.0983333333333,弃电吸收区,-107.0983333333333,0.0
108.22916666666664,购电边际区,-105.2154,3.0137666666666263
119.93458333333332,购电边际区,-111.0602,8.874383333333313
117.495,购电边际区,-109.2071,8.287900000000008
118.46041666666667,弃电吸收区,-118.46041666666667,0.0
126.87333333333328,弃电吸收区,-126.87333333333328,0.0
74.57708333333335,弃电吸收区,-74.57708333333335,0.0
77.32916666666677,弃电吸收区,-77.32916666666677,0.0
53.0658333333331,弃电吸收区,-53.0658333333331,0.0
70.09625000000005,弃电吸收区,-70.09625000000005,0.0
90.70749999999998,弃电吸收区,-90.70749999999998,0.0
105.63166666666666,弃电吸收区,-105.63166666666666,0.0
96.72833333333335,弃电吸收区,-96.72833333333335,0.0
129.7804166666666,弃电吸收区,-129.7804166666666,0.0
123.90333333333324,弃电吸收区,-123.90333333333324,0.0
45.82000000000005,弃电吸收区,-45.82000000000005,0.0
-57.172500000000014,降负荷减购电区,0.0,-57.172500000000014
-105.81583333333332,降负荷回退弃电区,0.0,-105.81583333333332
-101.64958333333328,降负荷回退弃电区,0.0,-101.64958333333328
80.7433333333334,弃电吸收区,-80.7433333333334,0.0
97.7816666666667,弃电吸收区,-97.7816666666667,0.0
135.02499999999998,弃电吸收区,-135.02499999999998,0.0
129.70708333333334,弃电吸收区,-129.70708333333334,0.0
131.8004166666666,弃电吸收区,-131.8004166666666,0.0
141.1179166666666,弃电吸收区,-141.1179166666666,0.0
77.19291666666663,弃电吸收区,-77.19291666666663,0.0
37.62083333333334,弃电吸收区,-37.62083333333334,0.0
16.419166666666683,弃电吸收区,-16.419166666666683,0.0
-9.588333333333368,降负荷减购电区,0.0,-9.588333333333368
21.021666666666647,弃电吸收区,-21.021666666666647,0.0
-78.60250000000002,降负荷减购电区,0.0,-78.60250000000002
-108.90375000000006,降负荷减购电区,0.0,-108.90375000000006
-97.93,降负荷减购电区,0.0,-97.93
-27.48124999999993,降负荷减购电区,0.0,-27.48124999999993
-40.23749999999996,降负荷减购电区,0.0,-40.23749999999996
-72.62,降负荷减购电区,0.0,-72.62
-82.31874999999997,降负荷减购电区,0.0,-82.31874999999997
-104.86458333333331,降负荷减购电区,0.0,-104.86458333333331
-122.27000000000004,降负荷减购电区,0.0,-122.27000000000004
-91.49,降负荷减购电区,0.0,-91.49
109.23333333333336,弃电吸收区,-109.23333333333336,0.0
136.39041666666668,弃电吸收区,-136.39041666666668,0.0
138.17000000000002,弃电吸收区,-138.17000000000002,0.0
146.51791666666668,弃电吸收区,-146.51791666666668,0.0
110.53500000000004,弃电吸收区,-110.53500000000004,0.0
129.15416666666664,弃电吸收区,-129.15416666666664,0.0
153.6195833333333,弃电吸收区,-153.6195833333333,0.0
160.85375000000005,弃电吸收区,-160.85375000000005,0.0
148.75624999999997,弃电吸收区,-148.75624999999997,0.0
101.69333333333331,弃电吸收区,-101.69333333333331,0.0
113.56541666666668,购电边际区,-105.3454,8.220016666666695
87.73374999999993,弃电吸收区,-87.73374999999993,0.0
106.04166666666656,弃电吸收区,-106.04166666666656,0.0
110.62875000000008,弃电吸收区,-110.62875000000008,0.0
102.91249999999992,弃电吸收区,-102.91249999999992,0.0
111.31333333333303,弃电吸收区,-111.31333333333303,0.0
108.48333333333346,弃电吸收区,-108.48333333333346,0.0
58.94708333333335,弃电吸收区,-58.94708333333335,0.0
-70.84499999999991,降负荷减购电区,0.0,-70.84499999999991
-79.73333333333335,降负荷减购电区,0.0,-79.73333333333335
-77.26125000000002,降负荷减购电区,0.0,-77.26125000000002
-73.80000000000007,降负荷减购电区,0.0,-73.80000000000007
-44.57708333333335,降负荷减购电区,0.0,-44.57708333333335
109.67250000000008,弃电吸收区,-109.67250000000008,0.0
130.9233333333333,弃电吸收区,-130.9233333333333,0.0
122.56791666666676,弃电吸收区,-122.56791666666676,0.0
126.10624999999992,弃电吸收区,-126.10624999999992,0.0
140.73541666666665,弃电吸收区,-140.73541666666665,0.0
182.18958333333336,弃电吸收区,-182.18958333333336,0.0
162.87666666666672,弃电吸收区,-162.87666666666672,0.0
169.11833333333334,弃电吸收区,-169.11833333333334,0.0
129.54958333333326,弃电吸收区,-129.54958333333326,0.0
132.22583333333336,弃电吸收区,-132.22583333333336,0.0
99.9758333333334,弃电吸收区,-99.9758333333334,0.0
65.90791666666667,弃电吸收区,-65.90791666666667,0.0
85.84000000000003,弃电吸收区,-85.84000000000003,0.0
76.255,弃电吸收区,-76.255,0.0
73.01041666666674,弃电吸收区,-73.01041666666674,0.0
61.49124999999981,弃电吸收区,-61.49124999999981,0.0
67.55416666666667,弃电吸收区,-67.55416666666667,0.0
118.39999999999998,弃电吸收区,-118.39999999999998,0.0
105.35624999999992,弃电吸收区,-105.35624999999992,0.0
87.17916666666667,弃电吸收区,-87.17916666666667,0.0
45.10541666666677,弃电吸收区,-45.10541666666677,0.0
-67.11791666666664,降负荷回退弃电区,0.0,-67.11791666666664
-82.53625,降负荷回退弃电区,0.0,-82.53625
-99.00833333333328,降负荷回退弃电区,0.0,-99.00833333333328
-120.55333333333334,降负荷回退弃电区,0.9973333333333444,-119.556
-94.35666666666668,降负荷回退弃电区,0.0,-94.35666666666668
-107.055,降负荷回退弃电区,0.0,-107.055
-107.11916666666664,降负荷回退弃电区,0.9843666666666452,-106.1348
94.20500000000004,弃电吸收区,-94.20500000000004,0.0
155.92416666666668,弃电吸收区,-155.92416666666668,0.0
184.1783333333333,弃电吸收区,-184.1783333333333,0.0
149.3533333333334,弃电吸收区,-149.3533333333334,0.0
154.74583333333345,弃电吸收区,-154.74583333333345,0.0
99.6216666666666,弃电吸收区,-99.6216666666666,0.0
64.22125,弃电吸收区,-64.22125,0.0
80.03083333333336,弃电吸收区,-80.03083333333336,0.0
77.28166666666675,弃电吸收区,-77.28166666666675,0.0
85.40583333333325,弃电吸收区,-85.40583333333325,0.0
103.81499999999994,弃电吸收区,-103.81499999999994,0.0
138.0262499999999,弃电吸收区,-138.0262499999999,0.0
109.72500000000002,弃电吸收区,-109.72500000000002,0.0
94.90500000000009,弃电吸收区,-94.90500000000009,0.0
109.70291666666652,弃电吸收区,-109.70291666666652,0.0
94.00375000000008,弃电吸收区,-94.00375000000008,0.0
116.20083333333343,弃电吸收区,-116.20083333333343,0.0
129.48333333333323,弃电吸收区,-129.48333333333323,0.0
163.41875000000016,弃电吸收区,-163.41875000000016,0.0
129.45500000000004,弃电吸收区,-129.45500000000004,0.0
14.67333333333329,弃电吸收区,-14.67333333333329,0.0
-56.81374999999997,降负荷回退弃电区,0.0,-56.81374999999997
-94.67999999999996,降负荷回退弃电区,0.0,-94.67999999999996
-86.35208333333333,降负荷回退弃电区,0.0,-86.35208333333333
79.47875000000005,弃电吸收区,-79.47875000000005,0.0
66.7145833333334,弃电吸收区,-66.7145833333334,0.0
87.50999999999988,弃电吸收区,-87.50999999999988,0.0
103.5583333333334,弃电吸收区,-103.5583333333334,0.0
42.9504166666668,弃电吸收区,-42.9504166666668,0.0
-22.165416666666715,降负荷回退弃电区,15.457016666666714,-6.7084
-96.71500000000005,降负荷回退弃电区,0.0,-96.71500000000005
-120.4666666666667,降负荷回退弃电区,0.0,-120.4666666666667
-109.84416666666664,降负荷减购电区,0.0,-109.84416666666664
-183.3920833333333,降负荷回退弃电区,0.0,-183.3920833333333
-149.9149999999999,降负荷回退弃电区,0.0,-149.9149999999999
-167.43500000000006,降负荷回退弃电区,0.0,-167.43500000000006
-137.06999999999988,降负荷减购电区,0.0,-137.06999999999988
-99.26625000000011,降负荷减购电区,0.0,-99.26625000000011
-80.53083333333336,降负荷减购电区,0.0,-80.53083333333336
-113.55166666666672,降负荷减购电区,0.0,-113.55166666666672
-139.22500000000002,降负荷减购电区,0.0,-139.22500000000002
-153.8804166666667,降负荷减购电区,0.0,-153.8804166666667
-84.58833333333337,降负荷减购电区,0.0,-84.58833333333337
-99.4333333333334,降负荷减购电区,0.0,-99.4333333333334
-87.77499999999998,降负荷减购电区,0.0,-87.77499999999998
-103.14583333333331,降负荷回退弃电区,0.0,-103.14583333333331
-58.58666666666676,降负荷回退弃电区,0.0,-58.58666666666676
-36.60083333333336,降负荷回退弃电区,0.0,-36.60083333333336
46.2208333333333,弃电吸收区,-46.2208333333333,0.0
113.58958333333334,弃电吸收区,-113.58958333333334,0.0
89.47208333333327,弃电吸收区,-89.47208333333327,0.0
116.6566666666667,弃电吸收区,-116.6566666666667,0.0
124.05208333333331,弃电吸收区,-124.05208333333331,0.0
117.09791666666678,弃电吸收区,-117.09791666666678,0.0
107.6441666666666,购电边际区,-104.1808,3.4633666666665874
54.32833333333332,弃电吸收区,-54.32833333333332,0.0
53.77499999999998,弃电吸收区,-53.77499999999998,0.0
97.53708333333329,弃电吸收区,-97.53708333333329,0.0
109.51041666666664,弃电吸收区,-109.51041666666664,0.0
117.74583333333328,弃电吸收区,-117.74583333333328,0.0
53.50291666666669,弃电吸收区,-53.50291666666669,0.0
91.31291666666664,弃电吸收区,-91.31291666666664,0.0
108.34833333333349,弃电吸收区,-108.34833333333349,0.0
94.1208333333334,弃电吸收区,-94.1208333333334,0.0
30.09833333333347,弃电吸收区,-30.09833333333347,0.0
-31.209166666666647,降负荷回退弃电区,0.0,-31.209166666666647
-49.260000000000105,降负荷回退弃电区,0.0,-49.260000000000105
-70.42500000000001,降负荷回退弃电区,0.0,-70.42500000000001
114.63,弃电吸收区,-114.63,0.0
148.67666666666668,弃电吸收区,-148.67666666666668,0.0
156.1241666666666,弃电吸收区,-156.1241666666666,0.0
174.7145833333335,弃电吸收区,-174.7145833333335,0.0
132.50500000000005,弃电吸收区,-132.50500000000005,0.0
148.77583333333337,弃电吸收区,-148.77583333333337,0.0
135.73916666666673,弃电吸收区,-135.73916666666673,0.0
132.00875000000008,弃电吸收区,-132.00875000000008,0.0
139.9445833333334,弃电吸收区,-139.9445833333334,0.0
128.87166666666684,弃电吸收区,-128.87166666666684,0.0
112.07708333333346,弃电吸收区,-112.07708333333346,0.0
97.95458333333325,弃电吸收区,-97.95458333333325,0.0
93.6049999999999,弃电吸收区,-93.6049999999999,0.0
95.1333333333332,弃电吸收区,-95.1333333333332,0.0
114.70833333333336,弃电吸收区,-114.70833333333336,0.0
100.09375000000011,弃电吸收区,-100.09375000000011,0.0
123.61958333333337,弃电吸收区,-123.61958333333337,0.0
65.61541666666665,弃电吸收区,-65.61541666666665,0.0
-52.45125000000007,降负荷减购电区,0.0,-52.45125000000007
-68.01999999999998,降负荷减购电区,0.0,-68.01999999999998
-44.43666666666672,降负荷减购电区,0.0,-44.43666666666672
-57.91666666666674,降负荷减购电区,0.0,-57.91666666666674
-67.30333333333328,降负荷减购电区,0.0,-67.30333333333328
-68.4183333333333,降负荷减购电区,0.0,-68.4183333333333
-55.22333333333325,降负荷减购电区,0.0,-55.22333333333325
-52.60000000000008,降负荷减购电区,0.0,-52.60000000000008
92.39166666666672,弃电吸收区,-92.39166666666672,0.0
135.20166666666677,弃电吸收区,-135.20166666666677,0.0
127.78750000000008,弃电吸收区,-127.78750000000008,0.0
122.35250000000008,弃电吸收区,-122.35250000000008,0.0
80.34666666666669,弃电吸收区,-80.34666666666669,0.0
65.48500000000013,弃电吸收区,-65.48500000000013,0.0
52.5462500000001,弃电吸收区,-52.5462500000001,0.0
84.56333333333339,弃电吸收区,-84.56333333333339,0.0
114.56000000000016,购电边际区,-109.2397,5.320300000000174
97.61666666666662,弃电吸收区,-97.61666666666662,0.0
85.61249999999995,弃电吸收区,-85.61249999999995,0.0
92.83166666666664,弃电吸收区,-92.83166666666664,0.0
90.01541666666662,弃电吸收区,-90.01541666666662,0.0
126.9595833333334,弃电吸收区,-126.9595833333334,0.0
137.8366666666666,弃电吸收区,-137.8366666666666,0.0
108.56416666666668,弃电吸收区,-108.56416666666668,0.0
111.81166666666672,弃电吸收区,-111.81166666666672,0.0
116.06291666666677,弃电吸收区,-116.06291666666677,0.0
118.11208333333332,弃电吸收区,-118.11208333333332,0.0
117.9979166666667,弃电吸收区,-117.9979166666667,0.0
106.14166666666664,弃电吸收区,-106.14166666666664,0.0
145.04125000000005,弃电吸收区,-145.04125000000005,0.0
142.22499999999997,弃电吸收区,-142.22499999999997,0.0
117.02333333333333,弃电吸收区,-117.02333333333333,0.0
127.68791666666677,弃电吸收区,-127.68791666666677,0.0
169.365,弃电吸收区,-169.365,0.0
147.6170833333333,弃电吸收区,-147.6170833333333,0.0
120.13291666666656,弃电吸收区,-120.13291666666656,0.0
100.3575,弃电吸收区,-100.3575,0.0
120.5158333333332,弃电吸收区,-120.5158333333332,0.0
67.49833333333322,弃电吸收区,-67.49833333333322,0.0
81.6970833333333,弃电吸收区,-81.6970833333333,0.0
113.65791666666657,购电边际区,-113.571,0.0869166666665535
103.7025,弃电吸收区,-103.7025,0.0
109.99666666666678,购电边际区,-104.7521,5.244566666666785
107.03000000000004,弃电吸收区,-107.03000000000004,0.0
136.74249999999995,购电边际区,-129.9856,6.756899999999945
112.08333333333336,弃电吸收区,-112.08333333333336,0.0
58.95833333333326,弃电吸收区,-58.95833333333326,0.0
30.012916666666683,弃电吸收区,-30.012916666666683,0.0
-28.144583333333344,降负荷减购电区,0.0,-28.144583333333344
-56.34833333333336,降负荷减购电区,0.0,-56.34833333333336
-110.47916666666664,降负荷回退弃电区,0.0,-110.47916666666664
-116.27083333333344,降负荷回退弃电区,0.0,-116.27083333333344
-107.0216666666667,降负荷回退弃电区,0.0,-107.0216666666667
-109.5466666666668,降负荷回退弃电区,0.0,-109.5466666666668
-54.416666666666686,降负荷减购电区,0.0,-54.416666666666686
-42.14999999999998,降负荷减购电区,0.0,-42.14999999999998
-116.29166666666664,降负荷回退弃电区,0.0954666666666241,-116.1962
-113.91750000000005,降负荷回退弃电区,0.1112000000000534,-113.8063
-106.41250000000002,降负荷回退弃电区,0.0,-106.41250000000002
35.94166666666678,弃电吸收区,-35.94166666666678,0.0
84.30625000000009,弃电吸收区,-84.30625000000009,0.0
116.64791666666667,弃电吸收区,-116.64791666666667,0.0
86.7379166666667,弃电吸收区,-86.7379166666667,0.0
113.23000000000002,弃电吸收区,-113.23000000000002,0.0
129.0695833333333,购电边际区,-108.715,20.35458333333329
101.67416666666674,弃电吸收区,-101.67416666666674,0.0
96.71583333333336,弃电吸收区,-96.71583333333336,0.0
97.5008333333334,弃电吸收区,-97.5008333333334,0.0
94.9333333333334,弃电吸收区,-94.9333333333334,0.0
110.6025000000002,弃电吸收区,-110.6025000000002,0.0
108.03000000000009,弃电吸收区,-108.03000000000009,0.0
107.15125,弃电吸收区,-107.15125,0.0
118.68416666666668,弃电吸收区,-118.68416666666668,0.0
130.11749999999984,弃电吸收区,-130.11749999999984,0.0
132.53499999999983,弃电吸收区,-132.53499999999983,0.0
148.18500000000006,弃电吸收区,-148.18500000000006,0.0
163.2679166666668,弃电吸收区,-163.2679166666668,0.0
147.33999999999995,弃电吸收区,-147.33999999999995,0.0
110.93500000000006,弃电吸收区,-110.93500000000006,0.0
95.51333333333326,弃电吸收区,-95.51333333333326,0.0
79.91000000000003,弃电吸收区,-79.91000000000003,0.0
54.983333333333405,弃电吸收区,-54.983333333333405,0.0
136.16708333333344,弃电吸收区,-136.16708333333344,0.0
148.12500000000006,弃电吸收区,-148.12500000000006,0.0
123.09708333333332,弃电吸收区,-123.09708333333332,0.0
82.7920833333335,弃电吸收区,-82.7920833333335,0.0
88.23500000000001,弃电吸收区,-88.23500000000001,0.0
48.734583333333376,弃电吸收区,-48.734583333333376,0.0
88.73833333333334,弃电吸收区,-88.73833333333334,0.0
105.83041666666662,购电边际区,-101.2023,4.628116666666628
101.66499999999996,弃电吸收区,-101.66499999999996,0.0
111.73000000000002,弃电吸收区,-111.73000000000002,0.0
121.00625000000014,弃电吸收区,-121.00625000000014,0.0
124.52708333333328,弃电吸收区,-124.52708333333328,0.0
95.87625000000004,弃电吸收区,-95.87625000000004,0.0
67.14166666666677,弃电吸收区,-67.14166666666677,0.0
38.30916666666667,弃电吸收区,-38.30916666666667,0.0
-59.55583333333334,降负荷减购电区,0.0,-59.55583333333334
-91.135,降负荷减购电区,0.0,-91.135
-93.27333333333335,降负荷减购电区,0.0,-93.27333333333335
-70.40374999999995,降负荷减购电区,0.0,-70.40374999999995
-48.58333333333337,降负荷减购电区,0.0,-48.58333333333337
-37.620416666666586,降负荷减购电区,0.0,-37.620416666666586
-48.29166666666663,降负荷减购电区,0.0,-48.29166666666663
-42.695833333333326,降负荷减购电区,0.0,-42.695833333333326
-72.51041666666669,降负荷回退弃电区,0.0,-72.51041666666669
65.36000000000001,弃电吸收区,-65.36000000000001,0.0
92.55999999999996,弃电吸收区,-92.55999999999996,0.0
94.71500000000005,弃电吸收区,-94.71500000000005,0.0
116.16541666666666,弃电吸收区,-116.16541666666666,0.0
134.04750000000007,弃电吸收区,-134.04750000000007,0.0
157.2470833333333,弃电吸收区,-156.4627,0.7843833333332952
127.89583333333326,购电边际区,-113.2765,14.61933333333326
104.0200000000001,弃电吸收区,-104.0200000000001,0.0
105.91208333333338,弃电吸收区,-105.91208333333338,0.0
120.39166666666654,购电边际区,-113.044,7.347666666666541
68.47708333333333,弃电吸收区,-68.47708333333333,0.0
109.85249999999996,弃电吸收区,-109.85249999999996,0.0
94.69666666666694,弃电吸收区,-94.69666666666694,0.0
80.86333333333334,弃电吸收区,-80.86333333333334,0.0
35.46166666666659,弃电吸收区,-35.46166666666659,0.0
-32.8266666666666,降负荷减购电区,0.0,-32.8266666666666
-110.06833333333331,降负荷减购电区,0.0,-110.06833333333331
-127.74333333333334,降负荷减购电区,0.0,-127.74333333333334
-113.5916666666667,降负荷减购电区,0.0,-113.5916666666667
-101.98041666666666,降负荷减购电区,0.0,-101.98041666666666
-45.97500000000008,降负荷减购电区,0.0,-45.97500000000008
128.27499999999998,弃电吸收区,-128.27499999999998,0.0
121.01458333333336,弃电吸收区,-121.01458333333336,0.0
161.07791666666662,弃电吸收区,-161.07791666666662,0.0
163.99999999999994,弃电吸收区,-163.99999999999994,0.0
169.55874999999995,弃电吸收区,-169.55874999999995,0.0
156.8266666666667,弃电吸收区,-156.8266666666667,0.0
143.31791666666658,弃电吸收区,-143.31791666666658,0.0
89.88041666666669,弃电吸收区,-89.88041666666669,0.0
60.77500000000009,弃电吸收区,-60.77500000000009,0.0
46.81958333333324,弃电吸收区,-46.81958333333324,0.0
50.24708333333342,弃电吸收区,-50.24708333333342,0.0
99.98333333333328,弃电吸收区,-99.98333333333328,0.0
99.37041666666664,弃电吸收区,-99.37041666666664,0.0
113.84500000000014,弃电吸收区,-113.84500000000014,0.0
114.69500000000028,弃电吸收区,-114.69500000000028,0.0
93.77833333333352,弃电吸收区,-93.77833333333352,0.0
89.125,弃电吸收区,-89.125,0.0
103.07541666666668,弃电吸收区,-103.07541666666668,0.0
37.56166666666661,弃电吸收区,-37.56166666666661,0.0
-45.28500000000008,降负荷减购电区,0.0,-45.28500000000008
-59.54999999999996,降负荷减购电区,0.0,-59.54999999999996
-72.81833333333333,降负荷减购电区,0.0,-72.81833333333333
-123.64666666666665,降负荷回退弃电区,0.0252666666666527,-123.6214
-97.54166666666669,降负荷减购电区,0.0,-97.54166666666669
-97.05916666666673,降负荷减购电区,0.0,-97.05916666666673
-64.255,降负荷减购电区,0.0,-64.255
-63.525000000000034,降负荷回退弃电区,0.0,-63.525000000000034
81.82833333333326,弃电吸收区,-81.82833333333326,0.0
126.09083333333332,弃电吸收区,-126.09083333333332,0.0
110.0091666666666,弃电吸收区,-110.0091666666666,0.0
113.6099999999999,弃电吸收区,-113.6099999999999,0.0
115.39666666666665,弃电吸收区,-115.39666666666665,0.0
140.6124999999999,弃电吸收区,-140.6124999999999,0.0
114.175,购电边际区,-112.831,1.3440000000000083
103.55416666666662,弃电吸收区,-103.55416666666662,0.0
116.68500000000006,购电边际区,-108.3557,8.32930000000006
123.2741666666667,购电边际区,-114.4944,8.779766666666703
120.80500000000012,弃电吸收区,-120.80500000000012,0.0
116.59500000000004,弃电吸收区,-116.59500000000004,0.0
106.0383333333334,弃电吸收区,-106.0383333333334,0.0
100.99333333333324,弃电吸收区,-100.99333333333324,0.0
108.12833333333332,弃电吸收区,-108.12833333333332,0.0
105.69708333333324,弃电吸收区,-105.69708333333324,0.0
122.21666666666658,弃电吸收区,-122.21666666666658,0.0
131.9104166666666,弃电吸收区,-131.9104166666666,0.0
112.54166666666656,弃电吸收区,-112.54166666666656,0.0
47.20666666666665,弃电吸收区,-47.20666666666665,0.0
-44.972500000000025,降负荷减购电区,0.0,-44.972500000000025
-66.91458333333327,降负荷减购电区,0.0,-66.91458333333327
-70.74374999999998,降负荷回退弃电区,0.0,-70.74374999999998
-120.46333333333332,降负荷回退弃电区,2.2527333333333104,-118.2106
-113.07750000000004,降负荷回退弃电区,0.0,-113.07750000000004
-10.348333333333414,降负荷回退弃电区,10.348333333333414,-0.0
54.05833333333322,弃电吸收区,-54.05833333333322,0.0
71.79500000000002,弃电吸收区,-71.79500000000002,0.0
116.20166666666664,弃电吸收区,-116.20166666666664,0.0
153.43374999999992,弃电吸收区,-153.43374999999992,0.0
99.24958333333336,购电边际区,-98.2285,1.021083333333365
102.37333333333332,购电边际区,-100.1306,2.2427333333333337
121.34875000000004,购电边际区,-108.9745,12.374250000000046
126.41166666666676,购电边际区,-118.7217,7.6899666666667486
97.33250000000004,弃电吸收区,-97.33250000000004,0.0
67.88166666666666,弃电吸收区,-67.88166666666666,0.0
37.75958333333335,弃电吸收区,-37.75958333333335,0.0
-29.10333333333324,降负荷减购电区,0.0,-29.10333333333324
-55.57749999999999,降负荷减购电区,0.0,-55.57749999999999
-96.67041666666672,降负荷减购电区,0.0,-96.67041666666672
-119.43166666666671,降负荷回退弃电区,0.0,-119.43166666666671
-165.11166666666668,降负荷回退弃电区,0.0,-165.11166666666668
-142.7804166666666,降负荷回退弃电区,0.0,-142.7804166666666
-109.16166666666668,降负荷回退弃电区,0.0,-109.16166666666668
-117.41666666666669,降负荷回退弃电区,0.0,-117.41666666666669
-125.25333333333327,降负荷回退弃电区,7.902833333333277,-117.3505
-98.41333333333336,降负荷回退弃电区,0.0,-98.41333333333336
-83.07249999999999,降负荷回退弃电区,0.0,-83.07249999999999
-80.99625,降负荷回退弃电区,0.0,-80.99625
87.93666666666661,弃电吸收区,-87.93666666666661,0.0
118.62499999999994,弃电吸收区,-118.62499999999994,0.0
143.41500000000002,弃电吸收区,-143.41500000000002,0.0
146.69875000000008,弃电吸收区,-146.69875000000008,0.0
151.22541666666672,弃电吸收区,-150.4176,0.8078166666667244
108.57875,弃电吸收区,-108.57875,0.0
97.48708333333336,弃电吸收区,-97.48708333333336,0.0
110.43333333333334,购电边际区,-109.4942,0.9391333333333308
117.39333333333332,弃电吸收区,-117.39333333333332,0.0
138.21000000000015,购电边际区,-133.5447,4.665300000000144
130.35583333333318,弃电吸收区,-130.35583333333318,0.0
134.14749999999992,弃电吸收区,-134.14749999999992,0.0
99.66166666666676,弃电吸收区,-99.66166666666676,0.0
2.086250000000064,弃电吸收区,-2.086250000000064,0.0
-114.125,降负荷回退弃电区,0.0,-114.125
-174.46625000000006,降负荷回退弃电区,0.0,-174.46625000000006
-149.7999999999999,降负荷减购电区,0.0,-149.7999999999999
-136.78333333333336,降负荷减购电区,0.0,-136.78333333333336
-94.62708333333336,降负荷减购电区,0.0,-94.62708333333336
-72.77500000000003,降负荷减购电区,0.0,-72.77500000000003
-65.29583333333335,降负荷减购电区,0.0,-65.29583333333335
-47.72666666666663,降负荷减购电区,0.0,-47.72666666666663
-96.11666666666667,降负荷回退弃电区,0.0,-96.11666666666667
80.37833333333327,弃电吸收区,-80.37833333333327,0.0
74.7166666666667,弃电吸收区,-74.7166666666667,0.0
71.34999999999997,弃电吸收区,-71.34999999999997,0.0
75.68625000000009,弃电吸收区,-75.68625000000009,0.0
108.45083333333348,弃电吸收区,-108.45083333333348,0.0
102.1325,弃电吸收区,-102.1325,0.0
82.07166666666666,弃电吸收区,-82.07166666666666,0.0
92.8033333333334,弃电吸收区,-92.8033333333334,0.0
66.62833333333333,弃电吸收区,-66.62833333333333,0.0
96.63458333333318,弃电吸收区,-96.63458333333318,0.0
124.41416666666667,弃电吸收区,-124.41416666666667,0.0
94.63958333333346,弃电吸收区,-94.63958333333346,0.0
81.31083333333322,弃电吸收区,-81.31083333333322,0.0
95.65875000000004,弃电吸收区,-95.65875000000004,0.0
101.76250000000016,弃电吸收区,-101.76250000000016,0.0
96.0512500000001,弃电吸收区,-96.0512500000001,0.0
137.60416666666663,弃电吸收区,-137.60416666666663,0.0
120.63000000000012,弃电吸收区,-120.63000000000012,0.0
128.385,弃电吸收区,-128.385,0.0
131.7379166666667,弃电吸收区,-131.7379166666667,0.0
150.7075000000001,弃电吸收区,-150.7075000000001,0.0
143.6633333333333,弃电吸收区,-143.6633333333333,0.0
154.20166666666677,弃电吸收区,-154.20166666666677,0.0
151.29583333333335,弃电吸收区,-151.29583333333335,0.0
96.1833333333334,弃电吸收区,-96.1833333333334,0.0
129.36916666666673,弃电吸收区,-129.36916666666673,0.0
78.15874999999988,弃电吸收区,-78.15874999999988,0.0
93.71374999999996,弃电吸收区,-93.71374999999996,0.0
95.2154166666666,弃电吸收区,-95.2154166666666,0.0
89.20458333333318,弃电吸收区,-89.20458333333318,0.0
107.26291666666668,弃电吸收区,-107.26291666666668,0.0
114.43166666666662,购电边际区,-105.0187,9.41296666666662
84.73999999999995,弃电吸收区,-84.73999999999995,0.0
136.16791666666677,购电边际区,-112.6753,23.492616666666777
139.76833333333332,购电边际区,-131.5919,8.176433333333307
124.57999999999991,弃电吸收区,-124.57999999999991,0.0
135.77999999999997,弃电吸收区,-135.77999999999997,0.0
71.63416666666672,弃电吸收区,-71.63416666666672,0.0
94.36,弃电吸收区,-94.36,0.0
116.11874999999998,弃电吸收区,-116.11874999999998,0.0
64.88,弃电吸收区,-64.88,0.0
-15.703333333333376,降负荷减购电区,0.0,-15.703333333333376
-77.42583333333334,降负荷减购电区,0.0,-77.42583333333334
-54.41333333333341,降负荷减购电区,0.0,-54.41333333333341
-66.80000000000001,降负荷减购电区,0.0,-66.80000000000001
-106.41666666666669,降负荷减购电区,0.0,-106.41666666666669
-106.70499999999998,降负荷回退弃电区,0.0,-106.70499999999998
-101.7833333333333,降负荷回退弃电区,0.0,-101.7833333333333
50.44333333333333,弃电吸收区,-50.44333333333333,0.0
81.07999999999993,弃电吸收区,-81.07999999999993,0.0
84.17374999999993,弃电吸收区,-84.17374999999993,0.0
73.16500000000008,弃电吸收区,-73.16500000000008,0.0
72.31791666666669,弃电吸收区,-72.31791666666669,0.0
103.68625000000004,弃电吸收区,-103.68625000000004,0.0
75.29416666666668,弃电吸收区,-75.29416666666668,0.0
93.3,弃电吸收区,-93.3,0.0
53.861249999999984,弃电吸收区,-53.861249999999984,0.0
49.31666666666666,弃电吸收区,-49.31666666666666,0.0
100.42666666666672,弃电吸收区,-100.42666666666672,0.0
110.64749999999992,弃电吸收区,-110.64749999999992,0.0
103.96500000000016,弃电吸收区,-103.96500000000016,0.0
74.59375,弃电吸收区,-74.59375,0.0
59.3366666666667,弃电吸收区,-59.3366666666667,0.0
-53.16583333333324,降负荷减购电区,0.0,-53.16583333333324
-87.75833333333333,降负荷减购电区,0.0,-87.75833333333333
-87.64333333333332,降负荷回退弃电区,0.0,-87.64333333333332
-83.04291666666666,降负荷回退弃电区,0.0,-83.04291666666666
-100.35833333333336,降负荷回退弃电区,0.0,-100.35833333333336
-92.09166666666664,降负荷回退弃电区,0.0,-92.09166666666664
-69.67166666666668,降负荷回退弃电区,0.0,-69.67166666666668
-73.99166666666662,降负荷回退弃电区,0.0,-73.99166666666662
-43.39374999999996,降负荷回退弃电区,0.0,-43.39374999999996
-63.39624999999995,降负荷回退弃电区,0.0,-63.39624999999995
51.17500000000001,弃电吸收区,-51.17500000000001,0.0
73.51583333333338,弃电吸收区,-73.51583333333338,0.0
103.16541666666666,弃电吸收区,-103.16541666666666,0.0
135.47333333333347,弃电吸收区,-135.47333333333347,0.0
121.50458333333336,弃电吸收区,-121.50458333333336,0.0
112.94458333333324,购电边际区,-109.1902,3.754383333333237
119.81500000000015,购电边际区,-109.7336,10.081400000000173
131.32958333333335,购电边际区,-112.0658,19.26378333333335
126.77125000000012,购电边际区,-113.2544,13.51685000000012
131.83124999999995,购电边际区,-130.3519,1.479349999999954
132.5133333333332,弃电吸收区,-132.5133333333332,0.0
129.53999999999996,弃电吸收区,-129.53999999999996,0.0
99.62208333333342,弃电吸收区,-99.62208333333342,0.0
116.14249999999991,弃电吸收区,-116.14249999999991,0.0
127.34666666666668,弃电吸收区,-127.34666666666668,0.0
122.76250000000005,弃电吸收区,-122.76250000000005,0.0
114.88666666666666,弃电吸收区,-114.88666666666666,0.0
55.97666666666669,弃电吸收区,-55.97666666666669,0.0
-37.38791666666668,降负荷减购电区,0.0,-37.38791666666668
-53.16291666666672,降负荷减购电区,0.0,-53.16291666666672
90.47333333333324,弃电吸收区,-90.47333333333324,0.0
99.365,弃电吸收区,-99.365,0.0
130.3004166666666,弃电吸收区,-130.3004166666666,0.0
167.6633333333333,弃电吸收区,-167.6633333333333,0.0
181.53583333333324,弃电吸收区,-181.53583333333324,0.0
187.04166666666669,弃电吸收区,-187.04166666666669,0.0
147.325,弃电吸收区,-147.325,0.0
96.35416666666664,弃电吸收区,-96.35416666666664,0.0
88.30000000000001,弃电吸收区,-88.30000000000001,0.0
67.99166666666667,弃电吸收区,-67.99166666666667,0.0
41.735416666666765,弃电吸收区,-41.735416666666765,0.0
56.18708333333336,弃电吸收区,-56.18708333333336,0.0
83.22250000000008,弃电吸收区,-83.22250000000008,0.0
121.57416666666666,弃电吸收区,-121.57416666666666,0.0
135.26041666666674,弃电吸收区,-135.26041666666674,0.0
116.11999999999988,弃电吸收区,-116.11999999999988,0.0
126.06666666666672,弃电吸收区,-126.06666666666672,0.0
116.1470833333334,弃电吸收区,-116.1470833333334,0.0
104.16750000000002,弃电吸收区,-104.16750000000002,0.0
62.56666666666672,弃电吸收区,-62.56666666666672,0.0
75.51333333333355,弃电吸收区,-75.51333333333355,0.0
82.7208333333333,弃电吸收区,-82.7208333333333,0.0
123.88166666666676,弃电吸收区,-123.88166666666676,0.0
113.1166666666668,弃电吸收区,-113.1166666666668,0.0
93.42000000000009,弃电吸收区,-93.42000000000009,0.0
70.00666666666655,弃电吸收区,-70.00666666666655,0.0
-10.089999999999918,降负荷减购电区,0.0,-10.089999999999918
96.76541666666662,弃电吸收区,-96.76541666666662,0.0
76.29666666666668,弃电吸收区,-76.29666666666668,0.0
107.695,弃电吸收区,-107.695,0.0
164.85333333333335,弃电吸收区,-164.85333333333335,0.0
129.05583333333325,弃电吸收区,-129.05583333333325,0.0
95.6916666666666,弃电吸收区,-95.6916666666666,0.0
83.4779166666666,弃电吸收区,-83.4779166666666,0.0
105.16333333333324,弃电吸收区,-105.16333333333324,0.0
85.8433333333333,弃电吸收区,-85.8433333333333,0.0
99.4183333333334,弃电吸收区,-99.4183333333334,0.0
141.03166666666652,购电边际区,-130.0302,11.001466666666516
109.0291666666668,弃电吸收区,-109.0291666666668,0.0
96.53083333333348,弃电吸收区,-96.53083333333348,0.0
86.15416666666658,弃电吸收区,-86.15416666666658,0.0
122.1116666666668,弃电吸收区,-122.1116666666668,0.0
119.9787500000001,弃电吸收区,-119.9787500000001,0.0
133.38583333333327,弃电吸收区,-133.38583333333327,0.0
59.59958333333327,弃电吸收区,-59.59958333333327,0.0
-35.00666666666666,降负荷减购电区,0.0,-35.00666666666666
-89.85125,降负荷减购电区,0.0,-89.85125
-117.5033333333334,降负荷回退弃电区,0.0634333333333927,-117.4399
-113.22041666666672,降负荷减购电区,0.0,-113.22041666666672
-109.58125,降负荷回退弃电区,0.0,-109.58125
74.3350000000001,弃电吸收区,-74.3350000000001,0.0
69.71000000000004,弃电吸收区,-69.71000000000004,0.0
77.18958333333336,弃电吸收区,-77.18958333333336,0.0
96.03000000000004,弃电吸收区,-96.03000000000004,0.0
106.02291666666667,弃电吸收区,-106.02291666666667,0.0
139.37333333333328,弃电吸收区,-139.37333333333328,0.0
127.60625000000005,弃电吸收区,-127.60625000000005,0.0
116.2745833333334,购电边际区,-105.9406,10.333983333333393
154.2199999999999,购电边际区,-101.9993,52.22069999999991
129.51666666666665,购电边际区,-106.9821,22.53456666666665
85.88833333333332,弃电吸收区,-85.88833333333332,0.0
102.06374999999991,弃电吸收区,-102.06374999999991,0.0
103.21208333333334,弃电吸收区,-103.21208333333334,0.0
142.83833333333325,弃电吸收区,-142.83833333333325,0.0
118.93000000000018,弃电吸收区,-118.93000000000018,0.0
100.03583333333336,弃电吸收区,-100.03583333333336,0.0
91.3133333333334,弃电吸收区,-91.3133333333334,0.0
86.76499999999999,弃电吸收区,-86.76499999999999,0.0
98.6866666666666,弃电吸收区,-98.6866666666666,0.0
118.86250000000008,弃电吸收区,-118.86250000000008,0.0
141.90625000000006,弃电吸收区,-141.90625000000006,0.0
133.56000000000006,弃电吸收区,-133.56000000000006,0.0
90.77833333333332,弃电吸收区,-90.77833333333332,0.0
96.63583333333332,弃电吸收区,-96.63583333333332,0.0
106.77124999999997,弃电吸收区,-106.77124999999997,0.0
114.18583333333322,弃电吸收区,-114.18583333333322,0.0
122.74499999999988,弃电吸收区,-122.74499999999988,0.0
82.59916666666663,弃电吸收区,-82.59916666666663,0.0
151.29499999999996,弃电吸收区,-151.29499999999996,0.0
154.1416666666667,弃电吸收区,-154.1416666666667,0.0
141.38333333333338,弃电吸收区,-141.38333333333338,0.0
108.96166666666664,弃电吸收区,-108.96166666666664,0.0
117.635,购电边际区,-103.1105,14.524499999999987
80.21375,弃电吸收区,-80.21375,0.0
81.93624999999997,弃电吸收区,-81.93624999999997,0.0
100.2441666666665,弃电吸收区,-100.2441666666665,0.0
102.79541666666672,弃电吸收区,-102.79541666666672,0.0
115.9566666666667,弃电吸收区,-115.9566666666667,0.0
121.0787499999999,弃电吸收区,-121.0787499999999,0.0
99.75916666666672,弃电吸收区,-99.75916666666672,0.0
122.82499999999992,弃电吸收区,-122.82499999999992,0.0
150.37916666666672,弃电吸收区,-150.37916666666672,0.0
126.03166666666664,弃电吸收区,-126.03166666666664,0.0
56.58666666666659,弃电吸收区,-56.58666666666659,0.0
-78.245,降负荷减购电区,0.0,-78.245
-105.94083333333332,降负荷减购电区,0.0,-105.94083333333332
-113.88166666666672,降负荷回退弃电区,0.5427666666667221,-113.3389
-115.90416666666664,降负荷回退弃电区,0.0,-115.90416666666664
-62.12541666666664,降负荷回退弃电区,0.0,-62.12541666666664
-43.057500000000005,降负荷回退弃电区,0.0,-43.057500000000005
32.758333333333326,弃电吸收区,-32.758333333333326,0.0
66.05666666666667,弃电吸收区,-66.05666666666667,0.0
116.5462500000001,弃电吸收区,-116.5462500000001,0.0
148.39000000000004,弃电吸收区,-148.39000000000004,0.0
143.8866666666667,弃电吸收区,-143.4937,0.3929666666667231
118.21500000000007,购电边际区,-106.9751,11.239900000000093
99.89083333333338,购电边际区,-99.6406,0.2502333333333695
108.1833333333334,弃电吸收区,-108.1833333333334,0.0
101.24666666666668,弃电吸收区,-101.24666666666668,0.0
84.38208333333341,弃电吸收区,-84.38208333333341,0.0
36.73000000000002,弃电吸收区,-36.73000000000002,0.0
43.54874999999993,弃电吸收区,-43.54874999999993,0.0
52.8608333333334,弃电吸收区,-52.8608333333334,0.0
73.89958333333334,弃电吸收区,-73.89958333333334,0.0
87.70416666666665,弃电吸收区,-87.70416666666665,0.0
128.93208333333325,弃电吸收区,-128.93208333333325,0.0
131.90874999999994,弃电吸收区,-131.90874999999994,0.0
135.62416666666667,弃电吸收区,-135.62416666666667,0.0
120.32624999999996,弃电吸收区,-120.32624999999996,0.0
125.48166666666664,弃电吸收区,-125.48166666666664,0.0
123.04833333333328,弃电吸收区,-123.04833333333328,0.0
142.4295833333333,弃电吸收区,-142.4295833333333,0.0
124.4879166666667,弃电吸收区,-124.4879166666667,0.0
130.29166666666663,弃电吸收区,-130.29166666666663,0.0
125.40624999999989,弃电吸收区,-125.40624999999989,0.0
109.52999999999992,弃电吸收区,-109.52999999999992,0.0
87.17083333333329,弃电吸收区,-87.17083333333329,0.0
14.26833333333343,弃电吸收区,-14.26833333333343,0.0
65.90416666666664,弃电吸收区,-65.90416666666664,0.0
46.96499999999992,弃电吸收区,-46.96499999999992,0.0
-39.887083333333294,降负荷回退弃电区,0.0,-39.887083333333294
-90.96833333333336,降负荷回退弃电区,0.0,-90.96833333333336
-69.24999999999994,降负荷减购电区,0.0,-69.24999999999994
-56.03499999999997,降负荷减购电区,0.0,-56.03499999999997
-85.12125000000003,降负荷减购电区,0.0,-85.12125000000003
-65.06416666666667,降负荷减购电区,0.0,-65.06416666666667
-40.44999999999993,降负荷减购电区,0.0,-40.44999999999993
-27.96833333333325,降负荷减购电区,0.0,-27.96833333333325
68.21500000000003,弃电吸收区,-68.21500000000003,0.0
100.69083333333344,弃电吸收区,-100.69083333333344,0.0
62.44833333333338,弃电吸收区,-62.44833333333338,0.0
55.621249999999975,弃电吸收区,-55.621249999999975,0.0
87.78583333333324,弃电吸收区,-87.78583333333324,0.0
90.30208333333348,弃电吸收区,-90.30208333333348,0.0
138.25291666666675,弃电吸收区,-138.25291666666675,0.0
162.35416666666674,弃电吸收区,-162.35416666666674,0.0
144.0191666666667,弃电吸收区,-144.0191666666667,0.0
144.78541666666672,弃电吸收区,-144.78541666666672,0.0
133.675,弃电吸收区,-133.675,0.0
121.08625000000006,弃电吸收区,-121.08625000000006,0.0
135.6829166666666,弃电吸收区,-135.6829166666666,0.0
141.90958333333333,弃电吸收区,-141.90958333333333,0.0
112.5766666666666,弃电吸收区,-112.5766666666666,0.0
100.10166666666674,弃电吸收区,-100.10166666666674,0.0
107.31291666666664,购电边际区,-107.1324,0.1805166666666338
103.16166666666668,弃电吸收区,-103.16166666666668,0.0
104.61666666666662,弃电吸收区,-104.61666666666662,0.0
118.97624999999994,弃电吸收区,-118.97624999999994,0.0
104.77666666666664,弃电吸收区,-104.77666666666664,0.0
83.00958333333324,弃电吸收区,-83.00958333333324,0.0
70.41583333333335,弃电吸收区,-70.41583333333335,0.0
58.175833333333344,弃电吸收区,-58.175833333333344,0.0
-21.31500000000005,降负荷减购电区,0.0,-21.31500000000005
-42.370000000000005,降负荷减购电区,0.0,-42.370000000000005
-27.930000000000064,降负荷减购电区,0.0,-27.930000000000064
132.57583333333343,弃电吸收区,-132.57583333333343,0.0
94.45375000000008,弃电吸收区,-94.45375000000008,0.0
106.60999999999996,弃电吸收区,-106.60999999999996,0.0
122.83083333333332,弃电吸收区,-122.83083333333332,0.0
120.63791666666664,弃电吸收区,-120.63791666666664,0.0
110.59458333333332,弃电吸收区,-110.59458333333332,0.0
106.2583333333332,弃电吸收区,-106.2583333333332,0.0
88.62833333333327,弃电吸收区,-88.62833333333327,0.0
84.28875,弃电吸收区,-84.28875,0.0
82.97583333333336,弃电吸收区,-82.97583333333336,0.0
120.325,弃电吸收区,-120.325,0.0
132.8175000000001,弃电吸收区,-132.8175000000001,0.0
138.89500000000004,购电边际区,-105.5074,33.387600000000035
104.07,弃电吸收区,-104.07,0.0
103.62500000000006,弃电吸收区,-103.62500000000006,0.0
108.00458333333336,弃电吸收区,-108.00458333333336,0.0
124.80749999999988,弃电吸收区,-124.80749999999988,0.0
122.96333333333337,弃电吸收区,-122.96333333333337,0.0
123.98750000000008,弃电吸收区,-123.98750000000008,0.0
147.29958333333332,弃电吸收区,-147.29958333333332,0.0
39.01750000000004,弃电吸收区,-39.01750000000004,0.0
-56.68875000000003,降负荷减购电区,0.0,-56.68875000000003
-89.61249999999995,降负荷减购电区,0.0,-89.61249999999995
-104.0383333333334,降负荷减购电区,0.0,-104.0383333333334
-65.47083333333336,降负荷减购电区,0.0,-65.47083333333336
-71.19083333333327,降负荷减购电区,0.0,-71.19083333333327
-117.82500000000005,降负荷减购电区,0.0,-117.82500000000005
-115.95500000000004,降负荷回退弃电区,2.609200000000044,-113.3458
-89.89500000000004,降负荷回退弃电区,0.0,-89.89500000000004
-115.93666666666678,降负荷回退弃电区,0.0,-115.93666666666678
46.07000000000011,弃电吸收区,-46.07000000000011,0.0
119.33250000000004,弃电吸收区,-119.33250000000004,0.0
152.59500000000003,弃电吸收区,-152.59500000000003,0.0
148.3916666666667,弃电吸收区,-148.3916666666667,0.0
141.28499999999997,弃电吸收区,-141.28499999999997,0.0
143.90750000000003,弃电吸收区,-143.90750000000003,0.0
103.49666666666668,弃电吸收区,-103.49666666666668,0.0
106.61124999999998,弃电吸收区,-106.61124999999998,0.0
120.18499999999976,购电边际区,-115.5728,4.612199999999774
136.8533333333333,购电边际区,-120.5185,16.334833333333293
146.38708333333318,购电边际区,-127.6616,18.725483333333173
122.26416666666648,弃电吸收区,-122.26416666666648,0.0
37.9658333333332,弃电吸收区,-37.9658333333332,0.0
39.46916666666664,弃电吸收区,-39.46916666666664,0.0
-47.981250000000045,降负荷减购电区,0.0,-47.981250000000045
-171.00333333333333,降负荷回退弃电区,0.0,-171.00333333333333
-141.35500000000008,降负荷减购电区,0.0,-141.35500000000008
-148.7308333333333,降负荷减购电区,0.0,-148.7308333333333
-124.2933333333333,降负荷减购电区,0.0,-124.2933333333333
-113.07500000000005,降负荷减购电区,0.0,-113.07500000000005
-111.26833333333332,降负荷减购电区,0.0,-111.26833333333332
-95.59000000000005,降负荷减购电区,0.0,-95.59000000000005
-121.09083333333332,降负荷回退弃电区,0.210433333333313,-120.8804
-93.76999999999998,降负荷回退弃电区,0.0,-93.76999999999998
-48.60166666666663,降负荷回退弃电区,0.0,-48.60166666666663
55.20666666666665,弃电吸收区,-55.20666666666665,0.0
49.40666666666675,弃电吸收区,-49.40666666666675,0.0
88.53666666666663,弃电吸收区,-88.53666666666663,0.0
115.93208333333324,弃电吸收区,-115.93208333333324,0.0
74.97791666666654,弃电吸收区,-74.97791666666654,0.0
92.1241666666666,弃电吸收区,-92.1241666666666,0.0
-6.0495833333333735,降负荷减购电区,0.0,-6.0495833333333735
42.86416666666668,弃电吸收区,-42.86416666666668,0.0
49.15499999999997,弃电吸收区,-49.15499999999997,0.0
61.90541666666678,弃电吸收区,-61.90541666666678,0.0
93.3004166666666,弃电吸收区,-93.3004166666666,0.0
137.92500000000007,弃电吸收区,-137.92500000000007,0.0
139.0533333333334,弃电吸收区,-139.0533333333334,0.0
101.5845833333334,弃电吸收区,-101.5845833333334,0.0
32.09249999999997,弃电吸收区,-32.09249999999997,0.0
-11.881250000000136,降负荷减购电区,0.0,-11.881250000000136
-38.27999999999997,降负荷减购电区,0.0,-38.27999999999997
-44.48000000000002,降负荷减购电区,0.0,-44.48000000000002
-76.75,降负荷回退弃电区,0.0,-76.75
-68.29166666666669,降负荷回退弃电区,0.0,-68.29166666666669
-70.58999999999997,降负荷回退弃电区,0.0,-70.58999999999997
70.44500000000005,弃电吸收区,-70.44500000000005,0.0
101.55000000000008,弃电吸收区,-101.55000000000008,0.0
112.75,弃电吸收区,-112.75,0.0
120.24833333333332,弃电吸收区,-120.24833333333332,0.0
118.30041666666664,弃电吸收区,-118.30041666666664,0.0
136.31666666666666,弃电吸收区,-136.31666666666666,0.0
99.41916666666674,弃电吸收区,-99.41916666666674,0.0
94.49541666666664,弃电吸收区,-94.49541666666664,0.0
103.4229166666666,购电边际区,-100.2109,3.2120166666665995
109.11083333333328,购电边际区,-106.6325,2.478333333333296
91.0329166666666,弃电吸收区,-91.0329166666666,0.0
89.26416666666671,弃电吸收区,-89.26416666666671,0.0
70.08875,弃电吸收区,-70.08875,0.0
82.22958333333338,弃电吸收区,-82.22958333333338,0.0
92.08083333333354,弃电吸收区,-92.08083333333354,0.0
42.76875000000007,弃电吸收区,-42.76875000000007,0.0
81.50999999999999,弃电吸收区,-81.50999999999999,0.0
68.20249999999999,弃电吸收区,-68.20249999999999,0.0
-55.2650000000001,降负荷减购电区,0.0,-55.2650000000001
-107.56333333333332,降负荷减购电区,0.0,-107.56333333333332
-108.86666666666672,降负荷减购电区,0.0,-108.86666666666672
-100.31666666666666,降负荷减购电区,0.0,-100.31666666666666
-87.32166666666666,降负荷减购电区,0.0,-87.32166666666666
-115.20000000000005,降负荷回退弃电区,1.4048000000000511,-113.7952
-46.93666666666661,降负荷回退弃电区,0.0,-46.93666666666661
80.93500000000006,弃电吸收区,-80.93500000000006,0.0
106.40624999999989,弃电吸收区,-106.40624999999989,0.0
133.6266666666667,弃电吸收区,-133.6266666666667,0.0
128.83666666666664,弃电吸收区,-128.83666666666664,0.0
102.21375,弃电吸收区,-102.21375,0.0
53.95666666666659,弃电吸收区,-53.95666666666659,0.0
95.9249999999999,弃电吸收区,-95.9249999999999,0.0
106.58499999999998,弃电吸收区,-106.58499999999998,0.0
102.86249999999984,购电边际区,-102.3581,0.5043999999998476
121.83750000000008,购电边际区,-107.7197,14.117800000000088
117.33999999999992,购电边际区,-116.5387,0.8012999999999124
58.251666666666665,弃电吸收区,-58.251666666666665,0.0
-18.98333333333329,降负荷减购电区,0.0,-18.98333333333329
-50.648750000000064,降负荷减购电区,0.0,-50.648750000000064
-58.21500000000003,降负荷减购电区,0.0,-58.21500000000003
-120.26333333333343,降负荷回退弃电区,0.0,-120.26333333333343
-119.37833333333332,降负荷回退弃电区,0.0,-119.37833333333332
-123.06666666666672,降负荷减购电区,0.0,-123.06666666666672
-95.52166666666665,降负荷减购电区,0.0,-95.52166666666665
-116.43541666666664,降负荷减购电区,0.0,-116.43541666666664
-118.21083333333333,降负荷减购电区,0.0,-118.21083333333333
-75.22166666666669,降负荷减购电区,0.0,-75.22166666666669
-69.20875000000001,降负荷减购电区,0.0,-69.20875000000001
-44.48958333333337,降负荷减购电区,0.0,-44.48958333333337
-67.40125,降负荷回退弃电区,0.0,-67.40125
-93.14999999999998,降负荷回退弃电区,0.0,-93.14999999999998
103.885,弃电吸收区,-103.885,0.0
131.57875,弃电吸收区,-131.57875,0.0
126.45749999999998,弃电吸收区,-126.45749999999998,0.0
133.46333333333337,弃电吸收区,-133.46333333333337,0.0
144.19958333333335,弃电吸收区,-144.19958333333335,0.0
121.60875,购电边际区,-111.4054,10.203349999999986
107.39625000000012,弃电吸收区,-107.39625000000012,0.0
117.62166666666668,购电边际区,-110.7886,6.833066666666667
120.96833333333342,弃电吸收区,-120.96833333333342,0.0
122.77833333333352,弃电吸收区,-122.77833333333352,0.0
86.9487499999999,弃电吸收区,-86.9487499999999,0.0
47.15375000000006,弃电吸收区,-47.15375000000006,0.0
57.96499999999992,弃电吸收区,-57.96499999999992,0.0
-11.295416666666595,降负荷减购电区,0.0,-11.295416666666595
-79.68166666666662,降负荷减购电区,0.0,-79.68166666666662
-92.70166666666672,降负荷减购电区,0.0,-92.70166666666672
-69.31666666666672,降负荷减购电区,0.0,-69.31666666666672
-14.318750000000025,降负荷减购电区,0.0,-14.318750000000025
141.69833333333327,弃电吸收区,-141.69833333333327,0.0
160.18499999999997,弃电吸收区,-160.18499999999997,0.0
187.61666666666667,弃电吸收区,-187.61666666666667,0.0
162.9666666666668,弃电吸收区,-162.9666666666668,0.0
154.85000000000002,弃电吸收区,-154.85000000000002,0.0
161.1600000000002,弃电吸收区,-161.1600000000002,0.0
180.81833333333333,弃电吸收区,-180.81833333333333,0.0
158.09625000000003,弃电吸收区,-158.09625000000003,0.0
143.9033333333333,弃电吸收区,-143.9033333333333,0.0
108.59208333333332,弃电吸收区,-108.59208333333332,0.0
116.67208333333338,弃电吸收区,-116.67208333333338,0.0
121.75708333333336,购电边际区,-112.6676,9.089483333333362
115.60749999999996,购电边际区,-106.8775,8.729999999999961
103.1125,购电边际区,-99.6982,3.4143000000000114
140.91749999999996,购电边际区,-121.9664,18.95109999999997
134.55833333333322,购电边际区,-133.8021,0.7562333333332276
122.08249999999998,弃电吸收区,-122.08249999999998,0.0
108.37666666666668,弃电吸收区,-108.37666666666668,0.0
138.71541666666667,弃电吸收区,-138.71541666666667,0.0
125.6308333333335,弃电吸收区,-125.6308333333335,0.0
88.17666666666673,弃电吸收区,-88.17666666666673,0.0
102.63958333333346,弃电吸收区,-102.63958333333346,0.0
48.06499999999994,弃电吸收区,-48.06499999999994,0.0
-25.593750000000057,降负荷减购电区,0.0,-25.593750000000057
-62.17791666666665,降负荷减购电区,0.0,-62.17791666666665
-67.25333333333339,降负荷减购电区,0.0,-67.25333333333339
-68.51250000000005,降负荷减购电区,0.0,-68.51250000000005
-76.15000000000003,降负荷减购电区,0.0,-76.15000000000003
-69.76999999999998,降负荷回退弃电区,0.0,-69.76999999999998
-60.41666666666666,降负荷回退弃电区,0.0,-60.41666666666666
74.59999999999997,弃电吸收区,-74.59999999999997,0.0
70.17000000000007,弃电吸收区,-70.17000000000007,0.0
150.19875000000002,弃电吸收区,-150.19875000000002,0.0
139.61916666666673,弃电吸收区,-139.61916666666673,0.0
117.74166666666672,弃电吸收区,-117.74166666666672,0.0
108.555,弃电吸收区,-108.555,0.0
69.65291666666661,弃电吸收区,-69.65291666666661,0.0
68.92958333333337,弃电吸收区,-68.92958333333337,0.0
52.08916666666664,弃电吸收区,-52.08916666666664,0.0
81.44208333333324,弃电吸收区,-81.44208333333324,0.0
68.67791666666676,弃电吸收区,-68.67791666666676,0.0
85.19083333333344,弃电吸收区,-85.19083333333344,0.0
87.08125000000007,弃电吸收区,-87.08125000000007,0.0
118.7066666666667,弃电吸收区,-118.7066666666667,0.0
119.91416666666667,弃电吸收区,-119.91416666666667,0.0
83.81958333333341,弃电吸收区,-83.81958333333341,0.0
-20.10833333333335,降负荷减购电区,0.0,-20.10833333333335
-50.37916666666666,降负荷减购电区,0.0,-50.37916666666666
-83.695,降负荷减购电区,0.0,-83.695
-51.0333333333333,降负荷减购电区,0.0,-51.0333333333333
-65.2833333333333,降负荷减购电区,0.0,-65.2833333333333
-99.995,降负荷回退弃电区,0.0,-99.995
-90.65250000000005,降负荷回退弃电区,0.0,-90.65250000000005
-80.72500000000002,降负荷回退弃电区,0.0,-80.72500000000002
83.1416666666666,弃电吸收区,-83.1416666666666,0.0
93.14083333333326,弃电吸收区,-93.14083333333326,0.0
114.97708333333328,弃电吸收区,-114.97708333333328,0.0
132.20666666666665,弃电吸收区,-132.20666666666665,0.0
107.62791666666668,弃电吸收区,-107.62791666666668,0.0
96.96874999999994,弃电吸收区,-96.96874999999994,0.0
107.01333333333332,购电边际区,-102.3136,4.699733333333327
107.16458333333333,购电边际区,-101.6955,5.46908333333333
105.73291666666672,弃电吸收区,-105.73291666666672,0.0
96.34125000000006,弃电吸收区,-96.34125000000006,0.0
110.09124999999996,弃电吸收区,-110.09124999999996,0.0
69.00458333333336,弃电吸收区,-69.00458333333336,0.0
66.70916666666676,弃电吸收区,-66.70916666666676,0.0
13.096666666666692,弃电吸收区,-13.096666666666692,0.0
-80.89333333333332,降负荷减购电区,0.0,-80.89333333333332
-142.7158333333333,降负荷减购电区,0.0,-142.7158333333333
-156.77708333333334,降负荷减购电区,0.0,-156.77708333333334
-118.62500000000006,降负荷减购电区,0.0,-118.62500000000006
-106.59833333333336,降负荷减购电区,0.0,-106.59833333333336
-80.68333333333334,降负荷减购电区,0.0,-80.68333333333334
-87.69500000000005,降负荷减购电区,0.0,-87.69500000000005
-89.4570833333334,降负荷回退弃电区,0.0,-89.4570833333334
-107.57833333333332,降负荷回退弃电区,0.0,-107.57833333333332
93.95833333333336,弃电吸收区,-93.95833333333336,0.0
155.1441666666667,弃电吸收区,-155.1441666666667,0.0
158.82083333333333,弃电吸收区,-158.82083333333333,0.0
167.30374999999998,弃电吸收区,-167.30374999999998,0.0
160.13208333333336,弃电吸收区,-160.13208333333336,0.0
150.91291666666666,弃电吸收区,-150.91291666666666,0.0
118.26458333333328,购电边际区,-113.0438,5.220783333333287
109.44708333333324,购电边际区,-109.048,0.3990833333332375
121.6149999999999,购电边际区,-102.8142,18.800799999999896
116.64999999999998,购电边际区,-116.2665,0.3834999999999837
95.69500000000004,弃电吸收区,-95.69500000000004,0.0
83.73874999999998,弃电吸收区,-83.73874999999998,0.0
151.60833333333335,弃电吸收区,-151.60833333333335,0.0
134.48833333333334,弃电吸收区,-134.48833333333334,0.0
118.31833333333329,弃电吸收区,-118.31833333333329,0.0
108.64541666666662,弃电吸收区,-108.64541666666662,0.0
-57.30583333333334,降负荷减购电区,0.0,-57.30583333333334
-117.50541666666668,降负荷减购电区,0.0,-117.50541666666668
-119.00333333333332,降负荷减购电区,0.0,-119.00333333333332
-79.33666666666664,降负荷减购电区,0.0,-79.33666666666664
-101.425,降负荷减购电区,0.0,-101.425
-80.79458333333326,降负荷减购电区,0.0,-80.79458333333326
-87.32083333333333,降负荷回退弃电区,0.0,-87.32083333333333
-76.30541666666664,降负荷回退弃电区,0.0,-76.30541666666664
106.53875,弃电吸收区,-106.53875,0.0
98.27083333333326,弃电吸收区,-98.27083333333326,0.0
150.16291666666666,弃电吸收区,-150.16291666666666,0.0
164.69624999999996,弃电吸收区,-164.69624999999996,0.0
149.70333333333338,弃电吸收区,-149.70333333333338,0.0
131.53458333333322,弃电吸收区,-131.53458333333322,0.0
108.2208333333333,购电边际区,-106.6039,1.6169333333333071
84.50041666666664,弃电吸收区,-84.50041666666664,0.0
58.83208333333329,弃电吸收区,-58.83208333333329,0.0
115.13041666666676,弃电吸收区,-115.13041666666676,0.0
117.39583333333314,弃电吸收区,-117.39583333333314,0.0
108.8175,弃电吸收区,-108.8175,0.0
135.79458333333343,弃电吸收区,-135.79458333333343,0.0
118.49666666666668,弃电吸收区,-118.49666666666668,0.0
94.94833333333328,弃电吸收区,-94.94833333333328,0.0
-34.913749999999936,降负荷减购电区,0.0,-34.913749999999936
-44.92666666666662,降负荷减购电区,0.0,-44.92666666666662
-33.37291666666664,降负荷减购电区,0.0,-33.37291666666664
-87.6583333333333,降负荷减购电区,0.0,-87.6583333333333
-93.93333333333334,降负荷减购电区,0.0,-93.93333333333334
-40.18291666666664,降负荷减购电区,0.0,-40.18291666666664
171.5016666666667,弃电吸收区,-171.5016666666667,0.0
179.5916666666667,弃电吸收区,-179.5916666666667,0.0
147.46833333333336,弃电吸收区,-147.46833333333336,0.0
127.05458333333333,弃电吸收区,-127.05458333333333,0.0
137.33541666666667,弃电吸收区,-137.33541666666667,0.0
122.61375000000004,弃电吸收区,-122.61375000000004,0.0
104.99958333333323,弃电吸收区,-104.99958333333323,0.0
38.91333333333336,弃电吸收区,-38.91333333333336,0.0
43.64999999999998,弃电吸收区,-43.64999999999998,0.0
-32.60958333333332,降负荷减购电区,0.0,-32.60958333333332
94.70500000000004,弃电吸收区,-94.70500000000004,0.0
94.71249999999992,弃电吸收区,-94.71249999999992,0.0
-21.480000000000015,降负荷减购电区,0.0,-21.480000000000015
115.89875000000006,弃电吸收区,-115.89875000000006,0.0
139.51833333333343,弃电吸收区,-139.51833333333343,0.0
110.6633333333334,弃电吸收区,-110.6633333333334,0.0
93.36333333333334,弃电吸收区,-93.36333333333334,0.0
100.55166666666662,弃电吸收区,-100.55166666666662,0.0
46.07208333333324,弃电吸收区,-46.07208333333324,0.0
-11.774999999999975,降负荷减购电区,0.0,-11.774999999999975
-34.49000000000001,降负荷减购电区,0.0,-34.49000000000001
-95.91750000000002,降负荷减购电区,0.0,-95.91750000000002
-79.58500000000004,降负荷减购电区,0.0,-79.58500000000004
-56.51583333333332,降负荷减购电区,0.0,-56.51583333333332
-24.247499999999945,降负荷减购电区,0.0,-24.247499999999945
-13.066666666666606,降负荷减购电区,0.0,-13.066666666666606
145.71083333333337,弃电吸收区,-145.71083333333337,0.0
119.04916666666662,弃电吸收区,-119.04916666666662,0.0
106.23999999999997,弃电吸收区,-106.23999999999997,0.0
110.4925,弃电吸收区,-110.4925,0.0
94.9083333333333,弃电吸收区,-94.9083333333333,0.0
101.56500000000013,弃电吸收区,-101.56500000000013,0.0
79.27125000000001,弃电吸收区,-79.27125000000001,0.0
78.04708333333338,弃电吸收区,-78.04708333333338,0.0
76.20333333333332,弃电吸收区,-76.20333333333332,0.0
64.55000000000007,弃电吸收区,-64.55000000000007,0.0
78.59208333333356,弃电吸收区,-78.59208333333356,0.0
74.35000000000014,弃电吸收区,-74.35000000000014,0.0
82.06000000000006,弃电吸收区,-82.06000000000006,0.0
49.73166666666657,弃电吸收区,-49.73166666666657,0.0
55.68291666666664,弃电吸收区,-55.68291666666664,0.0
81.56333333333339,弃电吸收区,-81.56333333333339,0.0
96.33750000000008,弃电吸收区,-96.33750000000008,0.0
110.62333333333332,弃电吸收区,-110.62333333333332,0.0
84.19583333333344,弃电吸收区,-84.19583333333344,0.0
123.7974999999999,弃电吸收区,-123.7974999999999,0.0
143.42708333333326,弃电吸收区,-143.42708333333326,0.0
140.61333333333334,弃电吸收区,-140.61333333333334,0.0
106.6583333333333,弃电吸收区,-106.6583333333333,0.0
-36.07083333333344,降负荷回退弃电区,0.0,-36.07083333333344
53.26166666666671,弃电吸收区,-53.26166666666671,0.0
35.95958333333334,弃电吸收区,-35.95958333333334,0.0
71.27291666666673,弃电吸收区,-71.27291666666673,0.0
89.36625000000004,弃电吸收区,-89.36625000000004,0.0
99.26249999999987,弃电吸收区,-99.26249999999987,0.0
138.18083333333334,弃电吸收区,-138.18083333333334,0.0
142.02500000000003,弃电吸收区,-142.02500000000003,0.0
115.59666666666664,购电边际区,-108.2918,7.304866666666641
108.3966666666667,购电边际区,-107.1621,1.2345666666667086
101.04666666666674,弃电吸收区,-101.04666666666674,0.0
130.66291666666675,购电边际区,-119.6003,11.06261666666677
136.89999999999998,购电边际区,-134.8119,2.0880999999999688
127.42208333333338,弃电吸收区,-127.42208333333338,0.0
125.40166666666651,弃电吸收区,-125.40166666666651,0.0
110.35333333333335,弃电吸收区,-110.35333333333335,0.0
111.89083333333338,弃电吸收区,-111.89083333333338,0.0
113.75166666666678,弃电吸收区,-113.75166666666678,0.0
116.58625000000006,弃电吸收区,-116.58625000000006,0.0
81.09374999999989,弃电吸收区,-81.09374999999989,0.0
92.01999999999992,弃电吸收区,-92.01999999999992,0.0
120.05499999999984,弃电吸收区,-120.05499999999984,0.0
132.9979166666667,弃电吸收区,-132.9979166666667,0.0
122.09666666666668,弃电吸收区,-122.09666666666668,0.0
99.365,弃电吸收区,-99.365,0.0
77.22500000000014,弃电吸收区,-77.22500000000014,0.0
99.95416666666677,弃电吸收区,-99.95416666666677,0.0
134.98875000000004,弃电吸收区,-134.98875000000004,0.0
123.64749999999998,弃电吸收区,-123.64749999999998,0.0
118.70416666666664,弃电吸收区,-118.70416666666664,0.0
39.54333333333335,弃电吸收区,-39.54333333333335,0.0
87.3049999999999,弃电吸收区,-87.3049999999999,0.0
105.63458333333335,弃电吸收区,-105.63458333333335,0.0
118.05000000000008,购电边际区,-109.7658,8.28420000000007
129.11166666666657,购电边际区,-109.6477,19.463966666666565
128.09416666666675,购电边际区,-111.8981,16.196066666666752
116.47333333333324,弃电吸收区,-116.47333333333324,0.0
116.50041666666664,弃电吸收区,-116.50041666666664,0.0
93.35208333333333,弃电吸收区,-93.35208333333333,0.0
112.87041666666676,弃电吸收区,-112.87041666666676,0.0
117.35333333333324,弃电吸收区,-117.35333333333324,0.0
41.25874999999997,弃电吸收区,-41.25874999999997,0.0
-14.285416666666832,降负荷减购电区,0.0,-14.285416666666832
-77.07374999999996,降负荷减购电区,0.0,-77.07374999999996
-116.02499999999998,降负荷减购电区,0.0,-116.02499999999998
-92.66500000000008,降负荷减购电区,0.0,-92.66500000000008
-88.19374999999997,降负荷减购电区,0.0,-88.19374999999997
-71.93583333333328,降负荷减购电区,0.0,-71.93583333333328
141.01416666666665,弃电吸收区,-141.01416666666665,0.0
140.5125,弃电吸收区,-140.5125,0.0
171.64083333333332,弃电吸收区,-171.64083333333332,0.0
166.74500000000006,弃电吸收区,-166.74500000000006,0.0
126.19250000000004,弃电吸收区,-126.19250000000004,0.0
130.06166666666672,弃电吸收区,-130.06166666666672,0.0
85.16500000000002,弃电吸收区,-85.16500000000002,0.0
87.435,弃电吸收区,-87.435,0.0
81.48000000000002,弃电吸收区,-81.48000000000002,0.0
91.21291666666671,弃电吸收区,-91.21291666666671,0.0
130.11958333333325,购电边际区,-99.2626,30.856983333333247
136.67666666666673,购电边际区,-113.6653,23.01136666666673
135.09375000000017,弃电吸收区,-135.09375000000017,0.0
112.57166666666672,弃电吸收区,-112.57166666666672,0.0
133.51,弃电吸收区,-133.51,0.0
106.50833333333333,弃电吸收区,-106.50833333333333,0.0
110.28458333333332,弃电吸收区,-110.28458333333332,0.0
59.933333333333394,弃电吸收区,-59.933333333333394,0.0
-13.11833333333334,降负荷减购电区,0.0,-13.11833333333334
-123.54166666666674,降负荷减购电区,0.0,-123.54166666666674
-137.96208333333328,降负荷减购电区,0.0,-137.96208333333328
-109.47291666666672,降负荷减购电区,0.0,-109.47291666666672
-92.98833333333334,降负荷减购电区,0.0,-92.98833333333334
-119.2116666666667,降负荷回退弃电区,2.0827666666667,-117.1289
-116.11666666666667,降负荷回退弃电区,2.0601666666666745,-114.0565
-79.10041666666672,降负荷回退弃电区,0.0,-79.10041666666672
62.75958333333335,弃电吸收区,-62.75958333333335,0.0
118.56250000000006,弃电吸收区,-118.56250000000006,0.0
76.72333333333336,弃电吸收区,-76.72333333333336,0.0
112.68250000000012,弃电吸收区,-112.68250000000012,0.0
106.93083333333328,弃电吸收区,-106.93083333333328,0.0
133.31625000000008,弃电吸收区,-133.31625000000008,0.0
110.41750000000002,弃电吸收区,-110.41750000000002,0.0
68.60166666666669,弃电吸收区,-68.60166666666669,0.0
65.24500000000006,弃电吸收区,-65.24500000000006,0.0
59.80916666666661,弃电吸收区,-59.80916666666661,0.0
70.12083333333345,弃电吸收区,-70.12083333333345,0.0
33.84166666666681,弃电吸收区,-33.84166666666681,0.0
36.9283333333334,弃电吸收区,-36.9283333333334,0.0
62.49041666666676,弃电吸收区,-62.49041666666676,0.0
89.90166666666687,弃电吸收区,-89.90166666666687,0.0
80.71250000000009,弃电吸收区,-80.71250000000009,0.0
101.08791666666671,弃电吸收区,-101.08791666666671,0.0
112.8529166666666,弃电吸收区,-112.8529166666666,0.0
106.3770833333333,弃电吸收区,-106.3770833333333,0.0
112.32083333333333,弃电吸收区,-112.32083333333333,0.0
117.26041666666674,弃电吸收区,-117.26041666666674,0.0
104.41666666666664,弃电吸收区,-104.41666666666664,0.0
92.51999999999988,弃电吸收区,-92.51999999999988,0.0
126.70374999999996,弃电吸收区,-126.70374999999996,0.0
123.85666666666668,弃电吸收区,-123.85666666666668,0.0
142.55416666666667,弃电吸收区,-142.55416666666667,0.0
142.68333333333328,弃电吸收区,-142.68333333333328,0.0
149.80833333333334,弃电吸收区,-149.80833333333334,0.0
162.79999999999995,弃电吸收区,-162.79999999999995,0.0
145.23833333333346,弃电吸收区,-145.23833333333346,0.0
116.35166666666656,购电边际区,-110.8683,5.483366666666569
75.84916666666658,弃电吸收区,-75.84916666666658,0.0
95.61833333333344,弃电吸收区,-95.61833333333344,0.0
109.97250000000004,弃电吸收区,-109.97250000000004,0.0
97.11666666666672,弃电吸收区,-97.11666666666672,0.0
90.6208333333334,弃电吸收区,-90.6208333333334,0.0
60.11625000000004,弃电吸收区,-60.11625000000004,0.0
35.14916666666659,弃电吸收区,-35.14916666666659,0.0
70.20708333333346,弃电吸收区,-70.20708333333346,0.0
63.363333333333344,弃电吸收区,-63.363333333333344,0.0
-66.3549999999999,降负荷减购电区,0.0,-66.3549999999999
-114.08416666666665,降负荷减购电区,0.0,-114.08416666666665
-112.71999999999996,降负荷减购电区,0.0,-112.71999999999996
-100.61166666666668,降负荷减购电区,0.0,-100.61166666666668
-111.09625,降负荷减购电区,0.0,-111.09625
-85.00666666666666,降负荷减购电区,0.0,-85.00666666666666
-101.63791666666668,降负荷回退弃电区,0.0,-101.63791666666668
87.12166666666678,弃电吸收区,-87.12166666666678,0.0
67.34500000000003,弃电吸收区,-67.34500000000003,0.0
52.515833333333376,弃电吸收区,-52.515833333333376,0.0
39.25374999999997,弃电吸收区,-39.25374999999997,0.0
55.00166666666655,弃电吸收区,-55.00166666666655,0.0
86.94166666666666,弃电吸收区,-86.94166666666666,0.0
100.92083333333323,弃电吸收区,-100.92083333333323,0.0
101.41875000000005,弃电吸收区,-101.41875000000005,0.0
107.62166666666673,弃电吸收区,-107.62166666666673,0.0
108.96499999999996,弃电吸收区,-108.96499999999996,0.0
106.17666666666672,弃电吸收区,-106.17666666666672,0.0
111.52999999999996,弃电吸收区,-111.52999999999996,0.0
97.03249999999991,弃电吸收区,-97.03249999999991,0.0
94.12666666666668,弃电吸收区,-94.12666666666668,0.0
31.567499999999995,弃电吸收区,-31.567499999999995,0.0
-37.50874999999997,降负荷减购电区,0.0,-37.50874999999997
-116.55166666666662,降负荷回退弃电区,0.0,-116.55166666666662
-161.19500000000005,降负荷回退弃电区,0.0,-161.19500000000005
-143.98416666666662,降负荷回退弃电区,0.0,-143.98416666666662
-142.6104166666667,降负荷回退弃电区,0.0,-142.6104166666667
-119.95749999999998,降负荷回退弃电区,0.0,-119.95749999999998
-84.33833333333337,降负荷回退弃电区,0.0,-84.33833333333337
-85.39499999999998,降负荷回退弃电区,0.0,-85.39499999999998
-55.67833333333334,降负荷回退弃电区,0.0,-55.67833333333334
125.26166666666654,弃电吸收区,-125.26166666666654,0.0
127.08333333333336,弃电吸收区,-127.08333333333336,0.0
108.39833333333335,弃电吸收区,-108.39833333333335,0.0
57.5070833333333,弃电吸收区,-57.5070833333333,0.0
42.35833333333335,弃电吸收区,-42.35833333333335,0.0
82.45124999999996,弃电吸收区,-82.45124999999996,0.0
96.10416666666664,弃电吸收区,-96.10416666666664,0.0
104.0841666666667,购电边际区,-102.5696,1.5145666666667097
69.97749999999996,弃电吸收区,-69.97749999999996,0.0
61.62499999999994,弃电吸收区,-61.62499999999994,0.0
69.75999999999999,弃电吸收区,-69.75999999999999,0.0
87.59249999999997,弃电吸收区,-87.59249999999997,0.0
108.7379166666666,弃电吸收区,-108.7379166666666,0.0
111.93583333333332,弃电吸收区,-111.93583333333332,0.0
52.130833333333385,弃电吸收区,-52.130833333333385,0.0
-30.06000000000006,降负荷减购电区,0.0,-30.06000000000006
-38.51083333333338,降负荷减购电区,0.0,-38.51083333333338
-41.51916666666659,降负荷减购电区,0.0,-41.51916666666659
-87.17499999999995,降负荷减购电区,0.0,-87.17499999999995
-80.25166666666667,降负荷减购电区,0.0,-80.25166666666667
-49.38166666666666,降负荷减购电区,0.0,-49.38166666666666
-116.01333333333338,降负荷减购电区,0.0,-116.01333333333338
-118.8599999999999,降负荷回退弃电区,1.1360999999998995,-117.7239
-115.23583333333336,降负荷回退弃电区,0.0,-115.23583333333336
-104.54166666666669,降负荷回退弃电区,0.0,-104.54166666666669
87.875,弃电吸收区,-87.875,0.0
97.17708333333344,弃电吸收区,-97.17708333333344,0.0
85.0708333333335,弃电吸收区,-85.0708333333335,0.0
74.34666666666669,弃电吸收区,-74.34666666666669,0.0
117.9479166666668,弃电吸收区,-117.9479166666668,0.0
109.53291666666672,弃电吸收区,-109.53291666666672,0.0
33.936666666666724,弃电吸收区,-33.936666666666724,0.0
-34.805416666666645,降负荷回退弃电区,0.0,-34.805416666666645
83.25000000000011,弃电吸收区,-83.25000000000011,0.0
127.92500000000008,购电边际区,-118.4098,9.515200000000064
101.34999999999997,弃电吸收区,-101.34999999999997,0.0
102.1333333333332,弃电吸收区,-102.1333333333332,0.0
102.39083333333326,弃电吸收区,-102.39083333333326,0.0
40.238333333333344,弃电吸收区,-40.238333333333344,0.0
-20.602499999999964,降负荷减购电区,0.0,-20.602499999999964
-72.20791666666662,降负荷减购电区,0.0,-72.20791666666662
-88.88083333333333,降负荷减购电区,0.0,-88.88083333333333
-73.71250000000003,降负荷减购电区,0.0,-73.71250000000003
-80.85500000000002,降负荷减购电区,0.0,-80.85500000000002
-77.27916666666664,降负荷减购电区,0.0,-77.27916666666664
-116.47375,降负荷回退弃电区,1.6225499999999895,-114.8512
-114.42666666666668,降负荷回退弃电区,0.7080666666666815,-113.7186
-98.04166666666669,降负荷回退弃电区,0.0,-98.04166666666669
-109.45000000000005,降负荷回退弃电区,0.0,-109.45000000000005
-83.25166666666672,降负荷回退弃电区,0.0,-83.25166666666672
71.2166666666667,弃电吸收区,-71.2166666666667,0.0
105.6708333333334,弃电吸收区,-105.6708333333334,0.0
112.85958333333332,弃电吸收区,-112.85958333333332,0.0
85.10083333333341,弃电吸收区,-85.10083333333341,0.0
119.05416666666672,弃电吸收区,-119.05416666666672,0.0
114.63,购电边际区,-104.2551,10.374899999999997
138.39833333333326,购电边际区,-98.1778,40.22053333333325
110.29166666666652,弃电吸收区,-110.29166666666652,0.0
71.8850000000001,弃电吸收区,-71.8850000000001,0.0
42.19833333333338,弃电吸收区,-42.19833333333338,0.0
66.13000000000017,弃电吸收区,-66.13000000000017,0.0
57.316666666666606,弃电吸收区,-57.316666666666606,0.0
72.30458333333331,弃电吸收区,-72.30458333333331,0.0
14.597083333333444,弃电吸收区,-14.597083333333444,0.0
-37.60000000000002,降负荷减购电区,0.0,-37.60000000000002
-58.653749999999945,降负荷减购电区,0.0,-58.653749999999945
-43.74041666666665,降负荷减购电区,0.0,-43.74041666666665
-48.74374999999998,降负荷减购电区,0.0,-48.74374999999998
-44.54124999999999,降负荷减购电区,0.0,-44.54124999999999
-69.53916666666663,降负荷减购电区,0.0,-69.53916666666663
-72.01749999999993,降负荷减购电区,0.0,-72.01749999999993
-57.28541666666672,降负荷减购电区,0.0,-57.28541666666672
-57.884999999999934,降负荷减购电区,0.0,-57.884999999999934
-97.40041666666662,降负荷回退弃电区,0.0,-97.40041666666662
51.072916666666686,弃电吸收区,-51.072916666666686,0.0
65.76291666666663,弃电吸收区,-65.76291666666663,0.0
97.59833333333349,弃电吸收区,-97.59833333333349,0.0
110.7808333333333,弃电吸收区,-110.7808333333333,0.0
140.33749999999998,弃电吸收区,-140.33749999999998,0.0
109.9329166666667,弃电吸收区,-109.9329166666667,0.0
100.8629166666667,弃电吸收区,-100.8629166666667,0.0
91.12000000000006,弃电吸收区,-91.12000000000006,0.0
112.04458333333332,弃电吸收区,-112.04458333333332,0.0
110.17958333333333,弃电吸收区,-110.17958333333333,0.0
99.60000000000002,弃电吸收区,-99.60000000000002,0.0
114.56708333333349,弃电吸收区,-114.56708333333349,0.0
87.94333333333338,弃电吸收区,-87.94333333333338,0.0
116.25666666666676,弃电吸收区,-116.25666666666676,0.0
112.81833333333338,弃电吸收区,-112.81833333333338,0.0
138.91583333333335,弃电吸收区,-138.91583333333335,0.0
138.72249999999997,弃电吸收区,-138.72249999999997,0.0
109.3920833333334,弃电吸收区,-109.3920833333334,0.0
115.19333333333329,弃电吸收区,-115.19333333333329,0.0
117.03791666666656,弃电吸收区,-117.03791666666656,0.0
99.62041666666676,弃电吸收区,-99.62041666666676,0.0
76.44375000000002,弃电吸收区,-76.44375000000002,0.0
122.6716666666668,弃电吸收区,-122.6716666666668,0.0
137.6450000000001,弃电吸收区,-137.6450000000001,0.0
127.50875000000012,弃电吸收区,-127.50875000000012,0.0
126.25166666666672,弃电吸收区,-126.25166666666672,0.0
152.46499999999995,弃电吸收区,-152.46499999999995,0.0
84.88000000000005,弃电吸收区,-84.88000000000005,0.0
60.96749999999997,弃电吸收区,-60.96749999999997,0.0
88.48916666666673,弃电吸收区,-88.48916666666673,0.0
39.60583333333346,弃电吸收区,-39.60583333333346,0.0
65.35749999999996,弃电吸收区,-65.35749999999996,0.0
87.03166666666664,弃电吸收区,-87.03166666666664,0.0
100.37833333333332,弃电吸收区,-100.37833333333332,0.0
113.31416666666668,弃电吸收区,-113.31416666666668,0.0
103.9466666666666,弃电吸收区,-103.9466666666666,0.0
105.04666666666674,弃电吸收区,-105.04666666666674,0.0
110.40583333333336,弃电吸收区,-110.40583333333336,0.0
90.94000000000004,弃电吸收区,-90.94000000000004,0.0
62.82875000000013,弃电吸收区,-62.82875000000013,0.0
-12.544166666666683,降负荷减购电区,0.0,-12.544166666666683
-87.55999999999995,降负荷减购电区,0.0,-87.55999999999995
-119.13541666666669,降负荷减购电区,0.0,-119.13541666666669
-92.75624999999997,降负荷减购电区,0.0,-92.75624999999997
-56.808749999999975,降负荷减购电区,0.0,-56.808749999999975
-42.005,降负荷减购电区,0.0,-42.005
126.0399999999999,弃电吸收区,-126.0399999999999,0.0
131.80416666666667,弃电吸收区,-131.80416666666667,0.0
123.95083333333338,弃电吸收区,-123.95083333333338,0.0
86.78500000000003,弃电吸收区,-86.78500000000003,0.0
109.90499999999996,弃电吸收区,-109.90499999999996,0.0
111.53874999999994,弃电吸收区,-111.53874999999994,0.0
95.90916666666676,弃电吸收区,-95.90916666666676,0.0
117.10166666666667,购电边际区,-112.2543,4.847366666666687
86.00750000000005,弃电吸收区,-86.00750000000005,0.0
72.83416666666665,弃电吸收区,-72.83416666666665,0.0
107.95541666666657,弃电吸收区,-107.95541666666657,0.0
100.21833333333336,弃电吸收区,-100.21833333333336,0.0
109.12499999999989,弃电吸收区,-109.12499999999989,0.0
108.36833333333324,弃电吸收区,-108.36833333333324,0.0
117.8225,弃电吸收区,-117.8225,0.0
106.05583333333334,弃电吸收区,-106.05583333333334,0.0
136.83333333333337,弃电吸收区,-136.83333333333337,0.0
137.06375000000003,弃电吸收区,-137.06375000000003,0.0
147.32749999999987,弃电吸收区,-147.32749999999987,0.0
156.61208333333343,弃电吸收区,-156.61208333333343,0.0
150.57833333333326,弃电吸收区,-150.57833333333326,0.0
168.5604166666667,弃电吸收区,-168.5604166666667,0.0
170.61041666666665,弃电吸收区,-170.61041666666665,0.0
151.54499999999996,弃电吸收区,-151.54499999999996,0.0
123.07166666666666,弃电吸收区,-123.07166666666666,0.0
125.67333333333336,弃电吸收区,-125.67333333333336,0.0
131.1266666666667,弃电吸收区,-131.1266666666667,0.0
144.41458333333327,弃电吸收区,-144.41458333333327,0.0
96.04499999999996,弃电吸收区,-96.04499999999996,0.0
57.31333333333339,弃电吸收区,-57.31333333333339,0.0
56.35208333333327,弃电吸收区,-56.35208333333327,0.0
73.36166666666668,弃电吸收区,-73.36166666666668,0.0
65.15291666666673,弃电吸收区,-65.15291666666673,0.0
96.71499999999996,弃电吸收区,-96.71499999999996,0.0
89.97958333333332,弃电吸收区,-89.97958333333332,0.0
75.66791666666666,弃电吸收区,-75.66791666666666,0.0
38.65958333333333,弃电吸收区,-38.65958333333333,0.0
59.86166666666668,弃电吸收区,-59.86166666666668,0.0
58.293333333333294,弃电吸收区,-58.293333333333294,0.0
52.96000000000015,弃电吸收区,-52.96000000000015,0.0
110.59833333333312,弃电吸收区,-110.59833333333312,0.0
106.07500000000005,弃电吸收区,-106.07500000000005,0.0
151.49833333333322,弃电吸收区,-151.49833333333322,0.0
134.12833333333327,弃电吸收区,-134.12833333333327,0.0
152.755,弃电吸收区,-152.755,0.0
121.3675,弃电吸收区,-121.3675,0.0
106.80250000000012,弃电吸收区,-106.80250000000012,0.0
102.1083333333334,弃电吸收区,-102.1083333333334,0.0
94.19916666666671,弃电吸收区,-94.19916666666671,0.0
90.63833333333326,弃电吸收区,-90.63833333333326,0.0
82.38166666666666,弃电吸收区,-82.38166666666666,0.0
91.32166666666672,弃电吸收区,-91.32166666666672,0.0
74.44416666666677,弃电吸收区,-74.44416666666677,0.0
68.76125000000002,弃电吸收区,-68.76125000000002,0.0
72.29583333333335,弃电吸收区,-72.29583333333335,0.0
75.71625000000006,弃电吸收区,-75.71625000000006,0.0
78.08541666666667,弃电吸收区,-78.08541666666667,0.0
70.11916666666679,弃电吸收区,-70.11916666666679,0.0
92.00166666666657,弃电吸收区,-92.00166666666657,0.0
111.92541666666664,弃电吸收区,-111.92541666666664,0.0
100.53750000000002,弃电吸收区,-100.53750000000002,0.0
110.61458333333336,弃电吸收区,-110.61458333333336,0.0
121.61583333333328,弃电吸收区,-121.61583333333328,0.0
123.44083333333344,弃电吸收区,-123.44083333333344,0.0
115.34999999999992,弃电吸收区,-115.34999999999992,0.0
141.83208333333323,弃电吸收区,-141.83208333333323,0.0
161.20916666666665,弃电吸收区,-161.20916666666665,0.0
157.87416666666684,弃电吸收区,-157.87416666666684,0.0
136.13,弃电吸收区,-136.13,0.0
71.59583333333342,弃电吸收区,-71.59583333333342,0.0
-22.044166666666683,降负荷减购电区,0.0,-22.044166666666683
-63.68625000000003,降负荷回退弃电区,0.0,-63.68625000000003
-92.68458333333336,降负荷回退弃电区,0.0,-92.68458333333336
-76.76250000000005,降负荷回退弃电区,0.0,-76.76250000000005
115.37666666666678,弃电吸收区,-115.37666666666678,0.0
124.0145833333334,弃电吸收区,-124.0145833333334,0.0
93.1708333333334,弃电吸收区,-93.1708333333334,0.0
120.53166666666664,弃电吸收区,-120.53166666666664,0.0
90.74750000000012,弃电吸收区,-90.74750000000012,0.0
81.47083333333336,弃电吸收区,-81.47083333333336,0.0
-23.51124999999996,降负荷减购电区,0.0,-23.51124999999996
-21.644583333333287,降负荷减购电区,0.0,-21.644583333333287
40.6412499999999,弃电吸收区,-40.6412499999999,0.0
73.10749999999996,弃电吸收区,-73.10749999999996,0.0
82.13499999999999,弃电吸收区,-82.13499999999999,0.0
101.20500000000004,弃电吸收区,-101.20500000000004,0.0
81.06750000000011,弃电吸收区,-81.06750000000011,0.0
111.77333333333333,弃电吸收区,-111.77333333333333,0.0
89.83333333333337,弃电吸收区,-89.83333333333337,0.0
87.69749999999988,弃电吸收区,-87.69749999999988,0.0
143.45833333333348,弃电吸收区,-143.45833333333348,0.0
165.83583333333354,弃电吸收区,-165.83583333333354,0.0
152.25333333333333,弃电吸收区,-152.25333333333333,0.0
132.6450000000001,弃电吸收区,-132.6450000000001,0.0
146.09125000000006,弃电吸收区,-146.09125000000006,0.0
50.27166666666659,弃电吸收区,-50.27166666666659,0.0
-30.519999999999985,降负荷回退弃电区,0.0,-30.519999999999985
82.18999999999994,弃电吸收区,-82.18999999999994,0.0
68.72333333333341,弃电吸收区,-68.72333333333341,0.0
78.71166666666664,弃电吸收区,-78.71166666666664,0.0
63.78791666666666,弃电吸收区,-63.78791666666666,0.0
109.95666666666664,弃电吸收区,-109.95666666666664,0.0
110.86874999999998,弃电吸收区,-110.86874999999998,0.0
98.01,弃电吸收区,-98.01,0.0
73.90041666666673,弃电吸收区,-73.90041666666673,0.0
36.944999999999936,弃电吸收区,-36.944999999999936,0.0
-3.652083333333394,降负荷减购电区,0.0,-3.652083333333394
35.12708333333319,弃电吸收区,-35.12708333333319,0.0
81.70041666666646,弃电吸收区,-81.70041666666646,0.0
56.1170833333332,弃电吸收区,-56.1170833333332,0.0
67.33166666666659,弃电吸收区,-67.33166666666659,0.0
107.1916666666666,弃电吸收区,-107.1916666666666,0.0
91.25624999999992,弃电吸收区,-91.25624999999992,0.0
-5.23916666666662,降负荷减购电区,0.0,-5.23916666666662
-15.030416666666724,降负荷减购电区,0.0,-15.030416666666724
94.00791666666674,弃电吸收区,-94.00791666666674,0.0
108.41666666666664,弃电吸收区,-108.41666666666664,0.0
118.85833333333336,弃电吸收区,-118.85833333333336,0.0
116.66500000000008,弃电吸收区,-116.66500000000008,0.0
154.5233333333333,弃电吸收区,-154.5233333333333,0.0
106.1925,弃电吸收区,-106.1925,0.0
114.57416666666666,弃电吸收区,-114.57416666666666,0.0
76.67000000000013,弃电吸收区,-76.67000000000013,0.0
77.88499999999999,弃电吸收区,-77.88499999999999,0.0
82.55875000000009,弃电吸收区,-82.55875000000009,0.0
54.0800000000001,弃电吸收区,-54.0800000000001,0.0
64.80916666666661,弃电吸收区,-64.80916666666661,0.0
45.09875000000005,弃电吸收区,-45.09875000000005,0.0
86.47291666666672,弃电吸收区,-86.47291666666672,0.0
80.02500000000009,弃电吸收区,-80.02500000000009,0.0
65.16416666666669,弃电吸收区,-65.16416666666669,0.0
107.28666666666676,弃电吸收区,-107.28666666666676,0.0
135.22749999999996,弃电吸收区,-135.22749999999996,0.0
121.19875000000002,弃电吸收区,-121.19875000000002,0.0
138.95791666666662,弃电吸收区,-138.95791666666662,0.0
90.73208333333343,弃电吸收区,-90.73208333333343,0.0
2.709583333333285,弃电吸收区,-2.709583333333285,0.0
-43.193333333333385,降负荷减购电区,0.0,-43.193333333333385
-87.54250000000002,降负荷减购电区,0.0,-87.54250000000002
-122.51833333333326,降负荷减购电区,0.0,-122.51833333333326
-120.26,降负荷减购电区,0.0,-120.26
-129.58791666666662,降负荷回退弃电区,8.06761666666661,-121.5203
-82.3220833333333,降负荷减购电区,0.0,-82.3220833333333
-76.66166666666663,降负荷回退弃电区,0.0,-76.66166666666663
-75.02041666666668,降负荷回退弃电区,0.0,-75.02041666666668
-22.85291666666666,降负荷回退弃电区,0.0,-22.85291666666666
91.8733333333334,弃电吸收区,-91.8733333333334,0.0
92.90500000000009,弃电吸收区,-92.90500000000009,0.0
106.76750000000004,弃电吸收区,-106.76750000000004,0.0
137.3425000000001,弃电吸收区,-137.3425000000001,0.0
149.0458333333333,弃电吸收区,-148.7593,0.2865333333332955
115.95041666666668,购电边际区,-114.3011,1.649316666666678
96.48250000000002,弃电吸收区,-96.48250000000002,0.0
106.61041666666664,购电边际区,-104.9773,1.633116666666652
132.03750000000008,购电边际区,-124.0231,8.01440000000008
118.38958333333336,弃电吸收区,-118.38958333333336,0.0
96.41041666666672,弃电吸收区,-96.41041666666672,0.0
108.42458333333332,弃电吸收区,-108.42458333333332,0.0
111.68458333333332,弃电吸收区,-111.68458333333332,0.0
77.69583333333333,弃电吸收区,-77.69583333333333,0.0
-13.636666666666656,降负荷减购电区,0.0,-13.636666666666656
-58.72166666666669,降负荷减购电区,0.0,-58.72166666666669
-102.74624999999996,降负荷减购电区,0.0,-102.74624999999996
-101.95833333333331,降负荷减购电区,0.0,-101.95833333333331
-74.24000000000001,降负荷减购电区,0.0,-74.24000000000001
-65.96999999999997,降负荷减购电区,0.0,-65.96999999999997
-44.660000000000025,降负荷减购电区,0.0,-44.660000000000025
-82.17833333333334,降负荷回退弃电区,0.0,-82.17833333333334
-108.62500000000006,降负荷回退弃电区,0.0,-108.62500000000006
-93.20000000000005,降负荷回退弃电区,0.0,-93.20000000000005
-30.691666666666663,降负荷回退弃电区,30.691666666666663,-0.0
-76.08500000000004,降负荷回退弃电区,76.08500000000004,-0.0
-6.665416666666772,降负荷回退弃电区,6.665416666666772,-0.0
51.51250000000016,弃电吸收区,-51.51250000000016,0.0
24.23166666666674,弃电吸收区,-24.23166666666674,0.0
68.75166666666661,弃电吸收区,-68.75166666666661,0.0
51.01291666666663,弃电吸收区,-51.01291666666663,0.0
62.31666666666666,弃电吸收区,-62.31666666666666,0.0
74.51333333333338,弃电吸收区,-74.51333333333338,0.0
53.49666666666678,弃电吸收区,-53.49666666666678,0.0
97.64833333333344,弃电吸收区,-97.64833333333344,0.0
118.0566666666665,弃电吸收区,-118.0566666666665,0.0
98.0,弃电吸收区,-98.0,0.0
94.34083333333342,弃电吸收区,-94.34083333333342,0.0
114.54166666666674,弃电吸收区,-114.54166666666674,0.0
117.47916666666664,弃电吸收区,-117.47916666666664,0.0
145.63083333333327,弃电吸收区,-145.63083333333327,0.0
76.98166666666657,弃电吸收区,-76.98166666666657,0.0
-25.684583333333308,降负荷减购电区,0.0,-25.684583333333308
-93.99750000000006,降负荷减购电区,0.0,-93.99750000000006
-115.66999999999996,降负荷回退弃电区,0.5637999999999579,-115.1062
-97.47916666666669,降负荷回退弃电区,0.0,-97.47916666666669
-97.21249999999998,降负荷回退弃电区,0.0,-97.21249999999998
84.14125000000001,弃电吸收区,-84.14125000000001,0.0
122.57416666666676,弃电吸收区,-122.57416666666676,0.0
121.82208333333335,弃电吸收区,-121.82208333333335,0.0
112.50416666666666,弃电吸收区,-112.50416666666666,0.0
147.49583333333334,弃电吸收区,-147.49583333333334,0.0
122.93208333333348,弃电吸收区,-122.93208333333348,0.0
94.48916666666668,弃电吸收区,-94.48916666666668,0.0
44.06333333333333,弃电吸收区,-44.06333333333333,0.0
51.6179166666667,弃电吸收区,-51.6179166666667,0.0
78.98250000000007,弃电吸收区,-78.98250000000007,0.0
117.42375000000015,弃电吸收区,-117.42375000000015,0.0
132.8766666666667,弃电吸收区,-132.8766666666667,0.0
107.95624999999995,弃电吸收区,-107.95624999999995,0.0
72.4083333333333,弃电吸收区,-72.4083333333333,0.0
16.753750000000082,弃电吸收区,-16.753750000000082,0.0
-19.434999999999945,降负荷减购电区,0.0,-19.434999999999945
-44.967083333333335,降负荷减购电区,0.0,-44.967083333333335
-74.39541666666668,降负荷减购电区,0.0,-74.39541666666668
-57.3175,降负荷减购电区,0.0,-57.3175
-67.44999999999999,降负荷减购电区,0.0,-67.44999999999999
-70.72166666666669,降负荷减购电区,0.0,-70.72166666666669
-83.65083333333337,降负荷减购电区,0.0,-83.65083333333337
-35.900000000000034,降负荷减购电区,0.0,-35.900000000000034
-56.06666666666666,降负荷回退弃电区,0.0,-56.06666666666666
-41.49916666666667,降负荷减购电区,0.0,-41.49916666666667
83.96250000000003,弃电吸收区,-83.96250000000003,0.0
77.2333333333334,弃电吸收区,-77.2333333333334,0.0
89.8008333333334,弃电吸收区,-89.8008333333334,0.0
99.28416666666668,弃电吸收区,-99.28416666666668,0.0
138.55583333333345,弃电吸收区,-138.55583333333345,0.0
125.04625,购电边际区,-103.8145,21.23174999999999
104.6174999999999,购电边际区,-102.1255,2.4919999999998907
106.6466666666667,弃电吸收区,-106.6466666666667,0.0
97.0070833333333,弃电吸收区,-97.0070833333333,0.0
52.98416666666674,弃电吸收区,-52.98416666666674,0.0
26.65041666666661,弃电吸收区,-26.65041666666661,0.0
25.28500000000008,弃电吸收区,-25.28500000000008,0.0
54.08666666666659,弃电吸收区,-54.08666666666659,0.0
99.07333333333328,弃电吸收区,-99.07333333333328,0.0
92.07333333333328,弃电吸收区,-92.07333333333328,0.0
85.87291666666647,弃电吸收区,-85.87291666666647,0.0
101.44666666666672,弃电吸收区,-101.44666666666672,0.0
88.89874999999995,弃电吸收区,-88.89874999999995,0.0
119.9225,弃电吸收区,-119.9225,0.0
120.60833333333323,弃电吸收区,-120.60833333333323,0.0
114.35833333333336,弃电吸收区,-114.35833333333336,0.0
109.84541666666668,弃电吸收区,-109.84541666666668,0.0
107.00333333333327,弃电吸收区,-107.00333333333327,0.0
130.71374999999995,弃电吸收区,-130.71374999999995,0.0
73.81166666666672,弃电吸收区,-73.81166666666672,0.0
39.93833333333339,弃电吸收区,-39.93833333333339,0.0
75.505,弃电吸收区,-75.505,0.0
42.381249999999966,弃电吸收区,-42.381249999999966,0.0
39.9083333333333,弃电吸收区,-39.9083333333333,0.0
60.20125000000007,弃电吸收区,-60.20125000000007,0.0
81.8966666666667,弃电吸收区,-81.8966666666667,0.0
74.14875,弃电吸收区,-74.14875,0.0
27.495833333333508,弃电吸收区,-27.495833333333508,0.0
50.9858333333334,弃电吸收区,-50.9858333333334,0.0
87.07208333333324,弃电吸收区,-87.07208333333324,0.0
73.21416666666664,弃电吸收区,-73.21416666666664,0.0
70.75,弃电吸收区,-70.75,0.0
-21.831666666666592,降负荷减购电区,0.0,-21.831666666666592
-91.21083333333335,降负荷减购电区,0.0,-91.21083333333335
-117.00500000000012,降负荷减购电区,0.0,-117.00500000000012
-144.81749999999994,降负荷减购电区,0.0,-144.81749999999994
-99.42166666666668,降负荷减购电区,0.0,-99.42166666666668
-87.2691666666667,降负荷减购电区,0.0,-87.2691666666667
-65.25166666666661,降负荷减购电区,0.0,-65.25166666666661
-78.00250000000005,降负荷减购电区,0.0,-78.00250000000005
-10.375000000000057,降负荷减购电区,0.0,-10.375000000000057
114.62500000000011,弃电吸收区,-114.62500000000011,0.0
119.10791666666672,弃电吸收区,-119.10791666666672,0.0
147.34125,弃电吸收区,-147.34125,0.0
146.17666666666662,弃电吸收区,-146.17666666666662,0.0
160.2241666666667,弃电吸收区,-160.2241666666667,0.0
141.8445833333334,弃电吸收区,-141.8445833333334,0.0
138.87416666666655,弃电吸收区,-138.87416666666655,0.0
131.37416666666672,购电边际区,-115.2788,16.09536666666672
107.44166666666666,购电边际区,-105.8677,1.5739666666666636
122.83750000000003,购电边际区,-108.2345,14.603000000000035
132.17166666666662,购电边际区,-117.8653,14.30636666666662
134.04500000000002,购电边际区,-133.7773,0.2677000000000191
154.72500000000002,弃电吸收区,-154.72500000000002,0.0
92.5391666666668,弃电吸收区,-92.5391666666668,0.0
69.28749999999991,弃电吸收区,-69.28749999999991,0.0
78.2299999999999,弃电吸收区,-78.2299999999999,0.0
95.2308333333333,弃电吸收区,-95.2308333333333,0.0
97.8516666666668,弃电吸收区,-97.8516666666668,0.0
94.30000000000008,弃电吸收区,-94.30000000000008,0.0
87.80250000000001,弃电吸收区,-87.80250000000001,0.0
115.85791666666672,弃电吸收区,-115.85791666666672,0.0
116.11833333333334,弃电吸收区,-116.11833333333334,0.0
153.77666666666676,弃电吸收区,-153.77666666666676,0.0
153.8254166666668,弃电吸收区,-153.8254166666668,0.0
148.10875,弃电吸收区,-148.10875,0.0
158.68500000000006,弃电吸收区,-158.68500000000006,0.0
112.75499999999994,弃电吸收区,-112.75499999999994,0.0
98.44416666666666,弃电吸收区,-98.44416666666666,0.0
103.0808333333332,弃电吸收区,-103.0808333333332,0.0
68.85166666666657,弃电吸收区,-68.85166666666657,0.0
79.45083333333332,弃电吸收区,-79.45083333333332,0.0
75.66749999999996,弃电吸收区,-75.66749999999996,0.0
95.885,弃电吸收区,-95.885,0.0
83.95750000000004,弃电吸收区,-83.95750000000004,0.0
76.29083333333335,弃电吸收区,-76.29083333333335,0.0
86.36750000000006,弃电吸收区,-86.36750000000006,0.0
56.832083333333344,弃电吸收区,-56.832083333333344,0.0
62.5716666666666,弃电吸收区,-62.5716666666666,0.0
51.1733333333334,弃电吸收区,-51.1733333333334,0.0
115.84291666666672,弃电吸收区,-115.84291666666672,0.0
126.63583333333328,弃电吸收区,-126.63583333333328,0.0
119.8679166666667,弃电吸收区,-119.8679166666667,0.0
127.06291666666664,弃电吸收区,-127.06291666666664,0.0
147.32708333333335,弃电吸收区,-147.32708333333335,0.0
172.42666666666673,弃电吸收区,-172.42666666666673,0.0
111.61833333333344,弃电吸收区,-111.61833333333344,0.0
85.74916666666667,弃电吸收区,-85.74916666666667,0.0
77.19958333333335,弃电吸收区,-77.19958333333335,0.0
58.343750000000114,弃电吸收区,-58.343750000000114,0.0
110.40000000000008,弃电吸收区,-110.40000000000008,0.0
104.43000000000012,弃电吸收区,-104.43000000000012,0.0
92.23833333333324,弃电吸收区,-92.23833333333324,0.0
64.6654166666666,弃电吸收区,-64.6654166666666,0.0
78.7141666666667,弃电吸收区,-78.7141666666667,0.0
125.50875000000002,弃电吸收区,-125.50875000000002,0.0
145.4383333333334,购电边际区,-106.344,39.0943333333334
149.83958333333328,购电边际区,-106.1573,43.68228333333328
142.88375000000008,购电边际区,-107.3261,35.55765000000008
156.0675,购电边际区,-118.1351,37.9324
135.82166666666672,购电边际区,-131.0474,4.774266666666705
128.44208333333336,弃电吸收区,-128.44208333333336,0.0
112.06666666666672,弃电吸收区,-112.06666666666672,0.0
91.73416666666684,弃电吸收区,-91.73416666666684,0.0
20.572916666666742,弃电吸收区,-20.572916666666742,0.0
-73.75749999999994,降负荷减购电区,0.0,-73.75749999999994
-112.44499999999994,降负荷减购电区,0.0,-112.44499999999994
-110.2404166666667,降负荷减购电区,0.0,-110.2404166666667
-121.87708333333336,降负荷减购电区,0.0,-121.87708333333336
-81.93000000000006,降负荷减购电区,0.0,-81.93000000000006
-68.21500000000003,降负荷减购电区,0.0,-68.21500000000003
-97.6883333333334,降负荷减购电区,0.0,-97.6883333333334
-35.98666666666668,降负荷减购电区,0.0,-35.98666666666668
116.16666666666669,弃电吸收区,-116.16666666666669,0.0
133.75124999999997,弃电吸收区,-133.75124999999997,0.0
133.40166666666664,弃电吸收区,-133.40166666666664,0.0
109.09166666666664,弃电吸收区,-109.09166666666664,0.0
121.15499999999992,弃电吸收区,-121.15499999999992,0.0
133.28958333333327,弃电吸收区,-133.28958333333327,0.0
103.75166666666678,弃电吸收区,-103.75166666666678,0.0
93.21333333333332,弃电吸收区,-93.21333333333332,0.0
29.04666666666668,弃电吸收区,-29.04666666666668,0.0
49.71000000000004,弃电吸收区,-49.71000000000004,0.0
58.43500000000006,弃电吸收区,-58.43500000000006,0.0
95.50333333333344,弃电吸收区,-95.50333333333344,0.0
109.9858333333334,弃电吸收区,-109.9858333333334,0.0
119.38166666666676,弃电吸收区,-119.38166666666676,0.0
95.06249999999989,弃电吸收区,-95.06249999999989,0.0
100.61833333333344,弃电吸收区,-100.61833333333344,0.0
34.645833333333144,弃电吸收区,-34.645833333333144,0.0
-23.33708333333334,降负荷减购电区,0.0,-23.33708333333334
69.4858333333334,弃电吸收区,-69.4858333333334,0.0
107.5604166666667,弃电吸收区,-107.5604166666667,0.0
125.43124999999998,弃电吸收区,-125.43124999999998,0.0
127.41000000000008,弃电吸收区,-127.41000000000008,0.0
130.5116666666666,弃电吸收区,-130.5116666666666,0.0
157.3820833333333,弃电吸收区,-157.3820833333333,0.0
160.58666666666664,弃电吸收区,-160.58666666666664,0.0
134.09666666666664,弃电吸收区,-134.09666666666664,0.0
134.21125,弃电吸收区,-134.21125,0.0
99.61666666666656,弃电吸收区,-99.61666666666656,0.0
123.23250000000002,弃电吸收区,-123.23250000000002,0.0
99.24999999999994,弃电吸收区,-99.24999999999994,0.0
46.61499999999995,弃电吸收区,-46.61499999999995,0.0
68.55083333333334,弃电吸收区,-68.55083333333334,0.0
76.6204166666667,弃电吸收区,-76.6204166666667,0.0
78.76958333333334,弃电吸收区,-78.76958333333334,0.0
56.959166666666704,弃电吸收区,-56.959166666666704,0.0
-16.526666666666756,降负荷减购电区,0.0,-16.526666666666756
-42.55875000000015,降负荷减购电区,0.0,-42.55875000000015
-103.35166666666667,降负荷减购电区,0.0,-103.35166666666667
-138.5383333333333,降负荷回退弃电区,0.0,-138.5383333333333
-120.9783333333333,降负荷减购电区,0.0,-120.9783333333333
-125.59916666666663,降负荷回退弃电区,0.0,-125.59916666666663
-103.58499999999992,降负荷减购电区,0.0,-103.58499999999992
-116.23125,降负荷减购电区,0.0,-116.23125
-120.56,降负荷减购电区,0.0,-120.56
-118.9016666666667,降负荷减购电区,0.0,-118.9016666666667
-114.6879166666667,降负荷减购电区,0.0,-114.6879166666667
-112.5983333333334,降负荷回退弃电区,0.4526333333334094,-112.1457
-99.04166666666664,降负荷回退弃电区,0.0,-99.04166666666664
-39.49166666666662,降负荷回退弃电区,0.0,-39.49166666666662
46.67083333333335,弃电吸收区,-46.67083333333335,0.0
118.61000000000008,弃电吸收区,-118.61000000000008,0.0
163.0133333333335,弃电吸收区,-163.0133333333335,0.0
156.68833333333345,弃电吸收区,-156.68833333333345,0.0
171.5220833333334,弃电吸收区,-168.2508,3.2712833333334004
155.63833333333332,弃电吸收区,-152.5956,3.042733333333331
111.27999999999992,购电边际区,-107.9973,3.28269999999992
104.57625000000002,购电边际区,-104.1847,0.3915500000000094
96.02999999999996,弃电吸收区,-96.02999999999996,0.0
109.34333333333336,弃电吸收区,-109.34333333333336,0.0
99.25,弃电吸收区,-99.25,0.0
86.07791666666662,弃电吸收区,-86.07791666666662,0.0
112.02833333333342,弃电吸收区,-112.02833333333342,0.0
86.24874999999997,弃电吸收区,-86.24874999999997,0.0
59.87083333333317,弃电吸收区,-59.87083333333317,0.0
-42.24958333333336,降负荷减购电区,0.0,-42.24958333333336
-84.57625000000002,降负荷减购电区,0.0,-84.57625000000002
-110.3075,降负荷减购电区,0.0,-110.3075
-86.1516666666667,降负荷减购电区,0.0,-86.1516666666667
-65.625,降负荷减购电区,0.0,-65.625
-73.15958333333333,降负荷减购电区,0.0,-73.15958333333333
99.09499999999996,弃电吸收区,-99.09499999999996,0.0
136.9124999999999,弃电吸收区,-136.9124999999999,0.0
122.25833333333316,弃电吸收区,-122.25833333333316,0.0
122.37208333333332,弃电吸收区,-122.37208333333332,0.0
103.4500000000001,弃电吸收区,-103.4500000000001,0.0
138.81875000000008,弃电吸收区,-138.81875000000008,0.0
153.92916666666667,弃电吸收区,-153.92916666666667,0.0
157.95,弃电吸收区,-157.95,0.0
134.2183333333333,弃电吸收区,-134.2183333333333,0.0
102.4416666666666,购电边际区,-102.1786,0.263066666666603
109.37666666666668,购电边际区,-99.8089,9.567766666666673
107.17708333333336,弃电吸收区,-107.17708333333336,0.0
125.8479166666666,购电边际区,-117.4,8.4479166666666
125.38958333333323,弃电吸收区,-125.38958333333323,0.0
120.55291666666676,弃电吸收区,-120.55291666666676,0.0
99.08958333333328,弃电吸收区,-99.08958333333328,0.0
98.69791666666664,弃电吸收区,-98.69791666666664,0.0
103.9041666666668,弃电吸收区,-103.9041666666668,0.0
115.5183333333332,弃电吸收区,-115.5183333333332,0.0
115.69333333333329,弃电吸收区,-115.69333333333329,0.0
139.15583333333325,弃电吸收区,-139.15583333333325,0.0
40.414583333333326,弃电吸收区,-40.414583333333326,0.0
-83.23666666666668,降负荷减购电区,0.0,-83.23666666666668
-108.51541666666662,降负荷减购电区,0.0,-108.51541666666662
-100.57666666666664,降负荷减购电区,0.0,-100.57666666666664
-103.1179166666667,降负荷回退弃电区,0.0,-103.1179166666667
-63.35499999999996,降负荷回退弃电区,0.0,-63.35499999999996
-35.35500000000002,降负荷回退弃电区,0.0,-35.35500000000002
108.15999999999995,弃电吸收区,-108.15999999999995,0.0
96.40041666666671,弃电吸收区,-96.40041666666671,0.0
114.03500000000004,弃电吸收区,-114.03500000000004,0.0
67.61500000000012,弃电吸收区,-67.61500000000012,0.0
91.8758333333334,弃电吸收区,-91.8758333333334,0.0
97.7258333333334,弃电吸收区,-97.7258333333334,0.0
106.79333333333336,弃电吸收区,-106.79333333333336,0.0
53.43166666666667,弃电吸收区,-53.43166666666667,0.0
61.114583333333314,弃电吸收区,-61.114583333333314,0.0
65.17791666666665,弃电吸收区,-65.17791666666665,0.0
50.56333333333339,弃电吸收区,-50.56333333333339,0.0
59.636666666666656,弃电吸收区,-59.636666666666656,0.0
73.29166666666674,弃电吸收区,-73.29166666666674,0.0
75.4041666666667,弃电吸收区,-75.4041666666667,0.0
-23.88625000000013,降负荷减购电区,0.0,-23.88625000000013
72.81166666666661,弃电吸收区,-72.81166666666661,0.0
82.41666666666663,弃电吸收区,-82.41666666666663,0.0
105.80166666666672,弃电吸收区,-105.80166666666672,0.0
110.57833333333332,弃电吸收区,-110.57833333333332,0.0
132.29374999999993,弃电吸收区,-132.29374999999993,0.0
169.29916666666657,弃电吸收区,-169.29916666666657,0.0
79.35958333333332,弃电吸收区,-79.35958333333332,0.0
60.285000000000025,弃电吸收区,-60.285000000000025,0.0
78.16000000000008,弃电吸收区,-78.16000000000008,0.0
56.672083333333376,弃电吸收区,-56.672083333333376,0.0
96.36291666666676,弃电吸收区,-96.36291666666676,0.0
68.57750000000004,弃电吸收区,-68.57750000000004,0.0
112.5241666666667,弃电吸收区,-112.5241666666667,0.0
122.62416666666672,弃电吸收区,-122.62416666666672,0.0
132.14541666666662,购电边际区,-110.8262,21.31921666666662
116.97541666666672,购电边际区,-100.8781,16.097316666666714
113.14083333333338,弃电吸收区,-113.14083333333338,0.0
113.52499999999998,购电边际区,-110.7473,2.7776999999999816
75.18833333333328,弃电吸收区,-75.18833333333328,0.0
82.88333333333333,弃电吸收区,-82.88333333333333,0.0
59.77500000000009,弃电吸收区,-59.77500000000009,0.0
117.79999999999995,弃电吸收区,-117.79999999999995,0.0
95.20291666666662,弃电吸收区,-95.20291666666662,0.0
82.14291666666668,弃电吸收区,-82.14291666666668,0.0
107.28500000000008,弃电吸收区,-107.28500000000008,0.0
117.64375000000008,弃电吸收区,-117.64375000000008,0.0
162.56124999999997,弃电吸收区,-162.56124999999997,0.0
156.73166666666663,弃电吸收区,-156.73166666666663,0.0
134.66666666666674,弃电吸收区,-134.66666666666674,0.0
143.57999999999998,弃电吸收区,-143.57999999999998,0.0
138.96624999999997,弃电吸收区,-138.96624999999997,0.0
129.17333333333335,弃电吸收区,-129.17333333333335,0.0
83.26708333333318,弃电吸收区,-83.26708333333318,0.0
84.11583333333328,弃电吸收区,-84.11583333333328,0.0
108.2033333333332,弃电吸收区,-108.2033333333332,0.0
107.77083333333331,弃电吸收区,-107.77083333333331,0.0
121.99750000000006,弃电吸收区,-121.99750000000006,0.0
101.87625000000014,弃电吸收区,-101.87625000000014,0.0
115.74333333333334,弃电吸收区,-115.74333333333334,0.0
78.56541666666664,弃电吸收区,-78.56541666666664,0.0
88.27541666666667,弃电吸收区,-88.27541666666667,0.0
84.3416666666667,弃电吸收区,-84.3416666666667,0.0
115.1441666666667,弃电吸收区,-115.1441666666667,0.0
129.59833333333347,弃电吸收区,-129.59833333333347,0.0
115.00458333333324,弃电吸收区,-115.00458333333324,0.0
88.97916666666674,弃电吸收区,-88.97916666666674,0.0
89.67083333333323,弃电吸收区,-89.67083333333323,0.0
113.95416666666664,弃电吸收区,-113.95416666666664,0.0
127.24166666666656,弃电吸收区,-127.24166666666656,0.0
100.96749999999996,弃电吸收区,-100.96749999999996,0.0
142.07333333333332,弃电吸收区,-142.07333333333332,0.0
156.17666666666662,弃电吸收区,-156.17666666666662,0.0
99.6216666666666,弃电吸收区,-99.6216666666666,0.0
113.38041666666658,弃电吸收区,-113.38041666666658,0.0
129.97875,弃电吸收区,-129.97875,0.0
153.26750000000004,弃电吸收区,-153.26750000000004,0.0
144.65750000000014,弃电吸收区,-144.65750000000014,0.0
171.54291666666677,弃电吸收区,-171.54291666666677,0.0
146.56666666666672,弃电吸收区,-146.56666666666672,0.0
111.70958333333334,弃电吸收区,-111.70958333333334,0.0
83.28333333333342,弃电吸收区,-83.28333333333342,0.0
56.005833333333385,弃电吸收区,-56.005833333333385,0.0
-51.93874999999997,降负荷回退弃电区,0.0,-51.93874999999997
-92.26583333333326,降负荷回退弃电区,0.0,-92.26583333333326
-20.689166666666665,降负荷减购电区,0.0,-20.689166666666665
78.35958333333338,弃电吸收区,-78.35958333333338,0.0
68.91458333333344,弃电吸收区,-68.91458333333344,0.0
83.48958333333348,弃电吸收区,-83.48958333333348,0.0
106.22833333333335,弃电吸收区,-106.22833333333335,0.0
130.34333333333348,弃电吸收区,-130.34333333333348,0.0
109.8649999999999,弃电吸收区,-109.8649999999999,0.0
85.26791666666668,弃电吸收区,-85.26791666666668,0.0
-30.808750000000032,降负荷减购电区,0.0,-30.808750000000032
-121.2483333333334,降负荷减购电区,0.0,-121.2483333333334
-157.91125,降负荷回退弃电区,0.0,-157.91125
-24.253749999999968,降负荷减购电区,0.0,-24.253749999999968
74.05999999999995,弃电吸收区,-74.05999999999995,0.0
100.25,弃电吸收区,-100.25,0.0
149.0641666666667,弃电吸收区,-149.0641666666667,0.0
132.94583333333338,弃电吸收区,-132.94583333333338,0.0
111.38291666666665,弃电吸收区,-111.38291666666665,0.0
78.29041666666677,弃电吸收区,-78.29041666666677,0.0
95.29500000000002,弃电吸收区,-95.29500000000002,0.0
94.7358333333334,弃电吸收区,-94.7358333333334,0.0
107.91166666666663,弃电吸收区,-107.91166666666663,0.0
110.36208333333344,弃电吸收区,-110.36208333333344,0.0
89.79708333333326,弃电吸收区,-89.79708333333326,0.0
119.55499999999996,购电边际区,-111.9438,7.611199999999954
109.92666666666662,购电边际区,-108.4671,1.4595666666666176
58.69833333333321,弃电吸收区,-58.69833333333321,0.0
29.11625000000004,弃电吸收区,-29.11625000000004,0.0
47.053333333333285,弃电吸收区,-47.053333333333285,0.0
91.43999999999994,弃电吸收区,-91.43999999999994,0.0
84.41833333333341,弃电吸收区,-84.41833333333341,0.0
97.94541666666667,弃电吸收区,-97.94541666666667,0.0
-31.8679166666667,降负荷减购电区,0.0,-31.8679166666667
-105.55624999999998,降负荷减购电区,0.0,-105.55624999999998
-131.9487499999999,降负荷减购电区,0.0,-131.9487499999999
-132.16333333333336,降负荷减购电区,0.0,-132.16333333333336
-123.57708333333323,降负荷回退弃电区,0.335283333333237,-123.2418
-82.23250000000002,降负荷减购电区,0.0,-82.23250000000002
-67.07333333333327,降负荷减购电区,0.0,-67.07333333333327
-115.6216666666666,降负荷回退弃电区,0.0,-115.6216666666666
-118.6175,降负荷回退弃电区,1.4247000000000014,-117.1928
-65.59041666666678,降负荷回退弃电区,0.0,-65.59041666666678
58.79000000000008,弃电吸收区,-58.79000000000008,0.0
34.93000000000012,弃电吸收区,-34.93000000000012,0.0
14.849999999999966,弃电吸收区,-14.849999999999966,0.0
64.47333333333336,弃电吸收区,-64.47333333333336,0.0
63.58500000000009,弃电吸收区,-63.58500000000009,0.0
74.13458333333341,弃电吸收区,-74.13458333333341,0.0
86.33916666666664,弃电吸收区,-86.33916666666664,0.0
115.24125000000004,购电边际区,0.0,115.24125000000004
116.07333333333328,购电边际区,0.0,116.07333333333328
139.135,购电边际区,0.0,139.135
126.92958333333333,购电边际区,0.0,126.92958333333333
169.0775000000001,购电边际区,-85.81125,83.2662500000001
127.0358333333333,弃电吸收区,-127.0358333333333,0.0
-23.571199999999976,降负荷减购电区,0.0,-23.571199999999976
-62.99200000000002,降负荷减购电区,0.0,-62.99200000000002
-95.78339999999996,降负荷减购电区,0.0,-95.78339999999996
-76.88580000000007,降负荷减购电区,0.0,-76.88580000000007
-78.15579999999989,降负荷减购电区,0.0,-78.15579999999989
42.05393333333336,弃电吸收区,-42.05393333333336,0.0
68.09147333333328,弃电吸收区,-68.09147333333328,0.0
82.71933333333334,弃电吸收区,-82.71933333333334,0.0
72.7997866666667,弃电吸收区,-72.7997866666667,0.0
129.58741333333342,弃电吸收区,-129.58741333333342,0.0
124.90153666666664,弃电吸收区,-124.90153666666664,0.0
101.32229333333332,弃电吸收区,-101.32229333333332,0.0
35.80468666666667,弃电吸收区,-35.80468666666667,0.0
-57.52253333333334,降负荷减购电区,0.0,-57.52253333333334
-83.12700333333333,降负荷减购电区,0.0,-83.12700333333333
-111.2012,降负荷回退弃电区,0.0,-111.2012
-85.2593333333333,降负荷回退弃电区,0.0,-85.2593333333333
22.147106666666616,弃电吸收区,-22.147106666666616,0.0
74.62858666666665,弃电吸收区,-74.62858666666665,0.0
85.54254333333324,弃电吸收区,-85.54254333333324,0.0
82.69477999999998,弃电吸收区,-82.69477999999998,0.0
-33.82137000000006,降负荷回退弃电区,33.82137000000006,-0.0
-63.23414666666662,降负荷回退弃电区,0.0,-63.23414666666662
-66.8155466666667,降负荷减购电区,0.0,-66.8155466666667
-105.76941,降负荷减购电区,0.0,-105.76941
-73.47203999999999,降负荷减购电区,0.0,-73.47203999999999
-114.21617999999997,降负荷减购电区,0.0,-114.21617999999997
-159.86760000000004,降负荷回退弃电区,0.0,-159.86760000000004
-201.9401600000001,降负荷回退弃电区,0.0,-201.9401600000001
-156.50971999999996,降负荷回退弃电区,0.0,-156.50971999999996
-108.91012,降负荷减购电区,0.0,-108.91012
-61.17971,降负荷减购电区,0.0,-61.17971
-106.63809000000003,降负荷减购电区,0.0,-106.63809000000003
-120.73466666666668,降负荷减购电区,0.0,-120.73466666666668
-145.2795333333333,降负荷减购电区,0.0,-145.2795333333333
-115.61233333333332,降负荷减购电区,0.0,-115.61233333333332
-123.95708000000002,降负荷减购电区,0.0,-123.95708000000002
-100.49975666666666,降负荷减购电区,0.0,-100.49975666666666
-28.534359999999992,降负荷减购电区,0.0,-28.534359999999992
-23.964053333333368,降负荷减购电区,0.0,-23.964053333333368
-89.25052,降负荷回退弃电区,0.0,-89.25052
49.972383333333255,弃电吸收区,-49.972383333333255,0.0
57.54666333333341,弃电吸收区,-57.54666333333341,0.0
50.15314666666677,弃电吸收区,-50.15314666666677,0.0
41.04978666666671,弃电吸收区,-41.04978666666671,0.0
57.32991666666675,弃电吸收区,-57.32991666666675,0.0
84.81906666666674,弃电吸收区,-84.81906666666674,0.0
89.10277666666673,弃电吸收区,-89.10277666666673,0.0
85.98577333333344,弃电吸收区,-85.98577333333344,0.0
99.59382333333332,弃电吸收区,-99.59382333333332,0.0
106.12077666666676,弃电吸收区,-106.12077666666676,0.0
88.46523666666678,弃电吸收区,-88.46523666666678,0.0
103.91436333333333,弃电吸收区,-103.91436333333333,0.0
100.82783999999992,弃电吸收区,-100.82783999999992,0.0
63.948733333333394,弃电吸收区,-63.948733333333394,0.0
84.9122000000001,弃电吸收区,-84.9122000000001,0.0
112.24810333333336,弃电吸收区,-112.24810333333336,0.0
103.93172000000015,弃电吸收区,-103.93172000000015,0.0
136.04747999999995,弃电吸收区,-136.04747999999995,0.0
149.97853333333342,弃电吸收区,-149.97853333333342,0.0
171.34586000000002,弃电吸收区,-171.34586000000002,0.0
150.25158333333337,弃电吸收区,-150.25158333333337,0.0
154.68303666666674,弃电吸收区,-154.68303666666674,0.0
151.10883333333328,弃电吸收区,-151.10883333333328,0.0
133.01302666666675,弃电吸收区,-133.01302666666675,0.0
121.90645333333345,弃电吸收区,-121.90645333333345,0.0
73.61893666666663,弃电吸收区,-73.61893666666663,0.0
93.19937333333344,弃电吸收区,-93.19937333333344,0.0
95.0053133333334,弃电吸收区,-95.0053133333334,0.0
115.90739666666671,弃电吸收区,-115.90739666666671,0.0
104.90326999999984,弃电吸收区,-104.90326999999984,0.0
74.75177666666644,弃电吸收区,-74.75177666666644,0.0
89.25729333333322,弃电吸收区,-89.25729333333322,0.0
82.65752666666663,弃电吸收区,-82.65752666666663,0.0
112.5554433333334,购电边际区,-112.3968,0.1586433333334156
126.52248000000009,弃电吸收区,-126.52248000000009,0.0
115.08655333333331,弃电吸收区,-115.08655333333331,0.0
106.77397999999994,弃电吸收区,-106.77397999999994,0.0
102.87465666666662,弃电吸收区,-102.87465666666662,0.0
115.77193,弃电吸收区,-115.77193,0.0
41.97730999999999,弃电吸收区,-41.97730999999999,0.0
-14.41746333333333,降负荷减购电区,0.0,-14.41746333333333
-40.817800000000034,降负荷减购电区,0.0,-40.817800000000034
-45.54219999999998,降负荷减购电区,0.0,-45.54219999999998
-68.62572,降负荷减购电区,0.0,-68.62572
-77.06783333333334,降负荷减购电区,0.0,-77.06783333333334
79.18703999999991,弃电吸收区,-79.18703999999991,0.0
96.62541,弃电吸收区,-96.62541,0.0
126.5343333333334,弃电吸收区,-126.5343333333334,0.0
140.3587066666667,弃电吸收区,-140.3587066666667,0.0
133.30089333333336,弃电吸收区,-133.30089333333336,0.0
111.68126000000008,弃电吸收区,-111.68126000000008,0.0
114.1010333333333,弃电吸收区,-114.1010333333333,0.0
114.99722999999994,弃电吸收区,-114.99722999999994,0.0
104.99174666666664,弃电吸收区,-104.99174666666664,0.0
90.65514000000007,购电边际区,-89.8983,0.7568400000000679
107.83823999999991,购电边际区,-94.4551,13.383139999999926
64.61759999999987,弃电吸收区,-64.61759999999987,0.0
71.75669333333326,弃电吸收区,-71.75669333333326,0.0
-1.2031133333333628,降负荷减购电区,0.0,-1.2031133333333628
-40.30810666666673,降负荷减购电区,0.0,-40.30810666666673
-40.94987999999989,降负荷减购电区,0.0,-40.94987999999989
-69.48762666666664,降负荷减购电区,0.0,-69.48762666666664
-46.05570333333333,降负荷减购电区,0.0,-46.05570333333333
-70.42912000000001,降负荷减购电区,0.0,-70.42912000000001
-105.84179999999998,降负荷减购电区,0.0,-105.84179999999998
-71.04718666666668,降负荷减购电区,0.0,-71.04718666666668
-73.17401333333339,降负荷减购电区,0.0,-73.17401333333339
-75.8765733333334,降负荷减购电区,0.0,-75.8765733333334
-125.19405999999998,降负荷减购电区,0.0,-125.19405999999998
59.17183999999992,弃电吸收区,-59.17183999999992,0.0
74.44951666666674,弃电吸收区,-74.44951666666674,0.0
108.47154666666675,弃电吸收区,-108.47154666666675,0.0
98.03892000000002,弃电吸收区,-98.03892000000002,0.0
88.01777333333331,弃电吸收区,-88.01777333333331,0.0
64.30771999999985,弃电吸收区,-64.30771999999985,0.0
83.86360333333317,弃电吸收区,-83.86360333333317,0.0
95.35879666666654,弃电吸收区,-95.35879666666654,0.0
115.88792333333345,购电边际区,-106.7284,9.159523333333452
95.87568666666664,购电边际区,-94.9909,0.884786666666642
55.07101000000012,弃电吸收区,-55.07101000000012,0.0
78.10881,弃电吸收区,-78.10881,0.0
63.30484333333345,弃电吸收区,-63.30484333333345,0.0
89.81186000000002,弃电吸收区,-89.81186000000002,0.0
87.10167999999999,弃电吸收区,-87.10167999999999,0.0
79.98629333333338,弃电吸收区,-79.98629333333338,0.0
15.259896666666693,弃电吸收区,-15.259896666666693,0.0
-90.54718999999994,降负荷减购电区,0.0,-90.54718999999994
-123.97401333333325,降负荷减购电区,0.0,-123.97401333333325
-150.81715666666662,降负荷减购电区,0.0,-150.81715666666662
-111.40440000000008,降负荷减购电区,0.0,-111.40440000000008
-129.94132000000002,降负荷减购电区,0.0,-129.94132000000002
-125.349,降负荷减购电区,0.0,-125.349
-141.26463999999993,降负荷减购电区,0.0,-141.26463999999993
-150.39678666666669,降负荷减购电区,0.0,-150.39678666666669
-150.99114666666668,降负荷回退弃电区,0.0,-150.99114666666668
-98.60788000000002,降负荷回退弃电区,0.0,-98.60788000000002
104.85839666666668,弃电吸收区,-104.85839666666668,0.0
154.44088999999997,弃电吸收区,-154.44088999999997,0.0
135.47809666666666,弃电吸收区,-135.47809666666666,0.0
107.26801,弃电吸收区,-107.26801,0.0
104.87829333333332,弃电吸收区,-104.87829333333332,0.0
99.43084000000005,弃电吸收区,-99.43084000000005,0.0
72.52969999999993,弃电吸收区,-72.52969999999993,0.0
83.61510666666669,弃电吸收区,-83.61510666666669,0.0
95.9662800000001,弃电吸收区,-95.9662800000001,0.0
94.68696666666676,弃电吸收区,-94.68696666666676,0.0
10.65741666666679,弃电吸收区,-10.65741666666679,0.0
-69.24886666666663,降负荷减购电区,0.0,-69.24886666666663
-97.80015999999996,降负荷减购电区,0.0,-97.80015999999996
-100.63141333333324,降负荷减购电区,0.0,-100.63141333333324
-119.30380000000002,降负荷减购电区,0.0,-119.30380000000002
-100.87186666666668,降负荷减购电区,0.0,-100.87186666666668
-49.64895666666661,降负荷减购电区,0.0,-49.64895666666661
-38.89375000000001,降负荷减购电区,0.0,-38.89375000000001
-62.67026666666675,降负荷减购电区,0.0,-62.67026666666675
-122.1020333333334,降负荷减购电区,0.0,-122.1020333333334
-122.32639999999998,降负荷减购电区,0.0,-122.32639999999998
-151.9444933333333,降负荷回退弃电区,0.0,-151.9444933333333
-165.03438333333335,降负荷回退弃电区,0.0,-165.03438333333335
48.92844333333335,弃电吸收区,-48.92844333333335,0.0
117.76286666666677,弃电吸收区,-117.76286666666677,0.0
136.78746666666666,弃电吸收区,-136.78746666666666,0.0
112.10120666666676,弃电吸收区,-112.10120666666676,0.0
112.97031000000004,弃电吸收区,-112.97031000000004,0.0
58.597376666666605,弃电吸收区,-58.597376666666605,0.0
-52.83792666666665,降负荷回退弃电区,0.0,-52.83792666666665
-64.31788,降负荷减购电区,0.0,-64.31788
-105.31856000000003,降负荷减购电区,0.0,-105.31856000000003
-149.43031666666667,降负荷回退弃电区,0.0,-149.43031666666667
-128.34112,降负荷减购电区,0.0,-128.34112
-159.88114666666667,降负荷回退弃电区,0.0,-159.88114666666667
-139.6136400000001,降负荷回退弃电区,0.0,-139.6136400000001
-151.1401600000001,降负荷回退弃电区,0.0,-151.1401600000001
-131.71762666666666,降负荷回退弃电区,0.0,-131.71762666666666
-129.9887333333333,降负荷回退弃电区,0.0,-129.9887333333333
-109.84483999999998,降负荷减购电区,0.0,-109.84483999999998
-82.75658666666669,降负荷减购电区,0.0,-82.75658666666669
-95.72836666666666,降负荷减购电区,0.0,-95.72836666666666
-99.89439000000004,降负荷减购电区,0.0,-99.89439000000004
-73.72265333333331,降负荷减购电区,0.0,-73.72265333333331
-74.50497333333328,降负荷减购电区,0.0,-74.50497333333328
-81.80831999999998,降负荷减购电区,0.0,-81.80831999999998
-68.80860000000001,降负荷减购电区,0.0,-68.80860000000001
72.56398999999993,弃电吸收区,-72.56398999999993,0.0
134.9438500000001,弃电吸收区,-134.9438500000001,0.0
160.75490666666667,弃电吸收区,-160.75490666666667,0.0
129.96714333333335,弃电吸收区,-129.96714333333335,0.0
115.24826666666668,弃电吸收区,-115.24826666666668,0.0
107.8479766666668,弃电吸收区,-107.8479766666668,0.0
85.18821333333335,弃电吸收区,-85.18821333333335,0.0
101.77568333333328,购电边际区,-97.0704,4.705283333333284
126.34341000000006,购电边际区,-88.1934,38.15001000000007
130.25628,购电边际区,-100.6416,29.614680000000007
105.09673333333342,弃电吸收区,-105.09673333333342,0.0
139.46801333333335,购电边际区,-138.8946,0.5734133333333773
107.56984666666654,弃电吸收区,-107.56984666666654,0.0
70.16284333333329,弃电吸收区,-70.16284333333329,0.0
-14.981343333333484,降负荷减购电区,0.0,-14.981343333333484
-44.738290000000006,降负荷减购电区,0.0,-44.738290000000006
-52.27658666666673,降负荷减购电区,0.0,-52.27658666666673
-59.69508000000002,降负荷减购电区,0.0,-59.69508000000002
-44.419520000000034,降负荷减购电区,0.0,-44.419520000000034
-19.70404999999994,降负荷减购电区,0.0,-19.70404999999994
-19.59948666666662,降负荷减购电区,0.0,-19.59948666666662
-43.04453333333333,降负荷减购电区,0.0,-43.04453333333333
-65.37960000000004,降负荷减购电区,0.0,-65.37960000000004
113.15361333333334,弃电吸收区,-113.15361333333334,0.0
115.57677333333334,弃电吸收区,-115.57677333333334,0.0
139.5899333333333,弃电吸收区,-139.5899333333333,0.0
164.98062,弃电吸收区,-164.98062,0.0
175.9534200000001,弃电吸收区,-175.9534200000001,0.0
153.3156699999999,弃电吸收区,-153.3156699999999,0.0
60.50280000000004,弃电吸收区,-60.50280000000004,0.0
-66.96117333333336,降负荷回退弃电区,0.0,-66.96117333333336
-112.91823999999995,降负荷回退弃电区,0.0,-112.91823999999995
-132.6887533333333,降负荷回退弃电区,0.0,-132.6887533333333
-115.68006666666672,降负荷回退弃电区,0.0,-115.68006666666672
62.10977333333324,弃电吸收区,-62.10977333333324,0.0
87.82812000000001,弃电吸收区,-87.82812000000001,0.0
105.76560000000006,弃电吸收区,-105.76560000000006,0.0
96.0217366666667,弃电吸收区,-96.0217366666667,0.0
24.03178666666668,弃电吸收区,-24.03178666666668,0.0
-45.2357066666666,降负荷减购电区,0.0,-45.2357066666666
-75.68353333333334,降负荷减购电区,0.0,-75.68353333333334
-68.02797333333336,降负荷减购电区,0.0,-68.02797333333336
-82.61138333333332,降负荷减购电区,0.0,-82.61138333333332
-159.9560766666666,降负荷减购电区,0.0,-159.9560766666666
-212.2339333333333,降负荷回退弃电区,0.0,-212.2339333333333
-223.6664733333333,降负荷回退弃电区,5.143173333333294,-218.5233
-199.3950800000001,降负荷回退弃电区,0.1847800000001029,-199.2103
-142.02621666666667,降负荷回退弃电区,0.0,-142.02621666666667
-131.88103333333336,降负荷回退弃电区,0.0,-131.88103333333336
59.81191999999999,弃电吸收区,-59.81191999999999,0.0
62.46960666666666,弃电吸收区,-62.46960666666666,0.0
80.34019999999992,弃电吸收区,-80.34019999999992,0.0
54.3907133333334,弃电吸收区,-54.3907133333334,0.0
8.934026666666682,弃电吸收区,-8.934026666666682,0.0
-37.99078000000003,降负荷减购电区,0.0,-37.99078000000003
-81.96580000000006,降负荷回退弃电区,0.0,-81.96580000000006
-78.11854666666665,降负荷减购电区,0.0,-78.11854666666665
-68.4292933333333,降负荷减购电区,0.0,-68.4292933333333
-88.2396,降负荷减购电区,0.0,-88.2396
-78.2099866666668,降负荷减购电区,0.0,-78.2099866666668
72.85947666666652,弃电吸收区,-72.85947666666652,0.0
89.89737333333323,弃电吸收区,-89.89737333333323,0.0
66.75162333333321,弃电吸收区,-66.75162333333321,0.0
101.03273333333324,弃电吸收区,-101.03273333333324,0.0
117.96691333333332,弃电吸收区,-117.96691333333332,0.0
50.93843000000004,弃电吸收区,-50.93843000000004,0.0
-14.977533333333383,降负荷减购电区,0.0,-14.977533333333383
-67.87557333333336,降负荷减购电区,0.0,-67.87557333333336
-98.06940000000004,降负荷减购电区,0.0,-98.06940000000004
-109.78260999999998,降负荷减购电区,0.0,-109.78260999999998
-79.00035000000003,降负荷减购电区,0.0,-79.00035000000003
-64.73274666666663,降负荷减购电区,0.0,-64.73274666666663
-50.00582666666668,降负荷减购电区,0.0,-50.00582666666668
153.59422333333333,弃电吸收区,-153.59422333333333,0.0
166.16680000000008,弃电吸收区,-166.16680000000008,0.0
146.82639333333333,弃电吸收区,-146.82639333333333,0.0
141.24939999999992,弃电吸收区,-141.24939999999992,0.0
22.383749999999964,弃电吸收区,-22.383749999999964,0.0
-46.350766666666686,降负荷减购电区,0.0,-46.350766666666686
-85.35712333333339,降负荷回退弃电区,0.0,-85.35712333333339
-61.52134000000001,降负荷减购电区,0.0,-61.52134000000001
-59.05838666666665,降负荷减购电区,0.0,-59.05838666666665
-49.98720000000003,降负荷减购电区,0.0,-49.98720000000003
-60.75934000000001,降负荷减购电区,0.0,-60.75934000000001
-64.47663,降负荷减购电区,0.0,-64.47663
-80.48074666666668,降负荷减购电区,0.0,-80.48074666666668
-96.9264,降负荷减购电区,0.0,-96.9264
-133.49901333333327,降负荷回退弃电区,0.0,-133.49901333333327
-146.65282666666667,降负荷回退弃电区,0.0,-146.65282666666667
-130.86588,降负荷减购电区,0.0,-130.86588
-118.6704933333334,降负荷减购电区,0.0,-118.6704933333334
-126.57666666666672,降负荷减购电区,0.0,-126.57666666666672
-100.90065333333337,降负荷减购电区,0.0,-100.90065333333337
-53.31798666666663,降负荷减购电区,0.0,-53.31798666666663
-34.13421333333338,降负荷减购电区,0.0,-34.13421333333338
-43.65244000000001,降负荷减购电区,0.0,-43.65244000000001
-46.21953333333335,降负荷减购电区,0.0,-46.21953333333335
58.29723333333345,弃电吸收区,-58.29723333333345,0.0
126.01575000000004,弃电吸收区,-126.01575000000004,0.0
132.35516666666672,弃电吸收区,-132.35516666666672,0.0
160.63002333333333,弃电吸收区,-159.6287,1.0013233333333176
138.29622666666666,弃电吸收区,-138.29622666666666,0.0
98.79795666666656,弃电吸收区,-98.79795666666656,0.0
101.83029333333332,购电边际区,-100.9099,0.9203933333333224
107.23202666666668,购电边际区,-95.5435,11.68852666666669
95.22883333333334,弃电吸收区,-95.22883333333334,0.0
109.8194400000001,弃电吸收区,-109.8194400000001,0.0
91.88111333333325,弃电吸收区,-91.88111333333325,0.0
-106.86160999999998,降负荷回退弃电区,0.0,-106.86160999999998
-145.60804000000007,降负荷回退弃电区,0.0,-145.60804000000007
-185.02884,降负荷回退弃电区,0.0,-185.02884
-155.4005866666667,降负荷回退弃电区,0.0,-155.4005866666667
-125.71306666666668,降负荷减购电区,0.0,-125.71306666666668
-100.64496000000008,降负荷减购电区,0.0,-100.64496000000008
-65.86728,降负荷减购电区,0.0,-65.86728
-90.01760000000002,降负荷减购电区,0.0,-90.01760000000002
-86.08060000000006,降负荷减购电区,0.0,-86.08060000000006
-123.1933866666667,降负荷减购电区,0.0,-123.1933866666667
-101.37648000000002,降负荷减购电区,0.0,-101.37648000000002
-54.335680000000025,降负荷减购电区,0.0,-54.335680000000025
-71.882,降负荷减购电区,0.0,-71.882
65.74535999999995,弃电吸收区,-65.74535999999995,0.0
49.709493333333285,弃电吸收区,-49.709493333333285,0.0
65.7792266666666,弃电吸收区,-65.7792266666666,0.0
79.64000666666664,弃电吸收区,-79.64000666666664,0.0
130.2719433333333,弃电吸收区,-130.2719433333333,0.0
100.53193,弃电吸收区,-100.53193,0.0
91.96662666666674,购电边际区,-91.7629,0.2037266666667392
93.87586,购电边际区,-91.7467,2.1291599999999846
90.96544333333333,弃电吸收区,-90.96544333333333,0.0
60.205196666666666,弃电吸收区,-60.205196666666666,0.0
56.23559999999998,弃电吸收区,-56.23559999999998,0.0
84.56591333333336,弃电吸收区,-84.56591333333336,0.0
86.84259999999995,弃电吸收区,-86.84259999999995,0.0
103.37800000000004,弃电吸收区,-103.37800000000004,0.0
48.18634000000009,弃电吸收区,-48.18634000000009,0.0
-66.66060666666675,降负荷减购电区,0.0,-66.66060666666675
-97.69348000000002,降负荷减购电区,0.0,-97.69348000000002
-115.64619999999996,降负荷减购电区,0.0,-115.64619999999996
-101.69440333333336,降负荷减购电区,0.0,-101.69440333333336
-97.78788333333335,降负荷减购电区,0.0,-97.78788333333335
-113.71368333333334,降负荷减购电区,0.0,-113.71368333333334
-105.05058999999994,降负荷减购电区,0.0,-105.05058999999994
-106.63935999999998,降负荷回退弃电区,0.0,-106.63935999999998
-124.05783333333332,降负荷回退弃电区,0.0,-124.05783333333332
39.16849333333329,弃电吸收区,-39.16849333333329,0.0
99.04095000000008,弃电吸收区,-99.04095000000008,0.0
125.63178666666664,弃电吸收区,-125.63178666666664,0.0
107.45554666666663,弃电吸收区,-107.45554666666663,0.0
44.10159666666681,弃电吸收区,-44.10159666666681,0.0
-26.676350000000014,降负荷减购电区,0.0,-26.676350000000014
-57.33626666666669,降负荷减购电区,0.0,-57.33626666666669
-51.81600000000003,降负荷减购电区,0.0,-51.81600000000003
-54.826746666666736,降负荷减购电区,0.0,-54.826746666666736
-54.64047999999997,降负荷减购电区,0.0,-54.64047999999997
-46.68520000000001,降负荷减购电区,0.0,-46.68520000000001
-45.21877333333339,降负荷减购电区,0.0,-45.21877333333339
-70.67126666666672,降负荷减购电区,0.0,-70.67126666666672
-110.84814000000006,降负荷减购电区,0.0,-110.84814000000006
-132.7446333333334,降负荷回退弃电区,0.0,-132.7446333333334
-117.99358333333328,降负荷减购电区,0.0,-117.99358333333328
-64.13669333333326,降负荷减购电区,0.0,-64.13669333333326
36.04260000000011,弃电吸收区,-36.04260000000011,0.0
70.43928000000017,弃电吸收区,-70.43928000000017,0.0
96.71812000000013,弃电吸收区,-96.71812000000013,0.0
94.37116000000005,弃电吸收区,-94.37116000000005,0.0
88.08169666666652,弃电吸收区,-88.08169666666652,0.0
95.5734266666666,弃电吸收区,-95.5734266666666,0.0
104.3757966666666,弃电吸收区,-104.3757966666666,0.0
64.69549333333322,弃电吸收区,-64.69549333333322,0.0
28.22109333333333,弃电吸收区,-28.22109333333333,0.0
32.07892999999996,弃电吸收区,-32.07892999999996,0.0
-3.7596233333333657,降负荷回退弃电区,3.7596233333333657,-0.0
-10.422043333333306,降负荷回退弃电区,10.422043333333306,-0.0
-48.48521333333332,降负荷回退弃电区,0.0,-48.48521333333332
-130.2291866666667,降负荷回退弃电区,0.0,-130.2291866666667
-171.98001333333332,降负荷回退弃电区,0.0,-171.98001333333332
-179.1038666666667,降负荷回退弃电区,0.0,-179.1038666666667
-117.46992000000006,降负荷回退弃电区,0.0,-117.46992000000006
-51.858333333333405,降负荷减购电区,0.0,-51.858333333333405
47.37099999999998,弃电吸收区,-47.37099999999998,0.0
72.69649333333336,弃电吸收区,-72.69649333333336,0.0
73.40684666666664,弃电吸收区,-73.40684666666664,0.0
100.2072333333333,弃电吸收区,-100.2072333333333,0.0
134.29868999999997,弃电吸收区,-134.29868999999997,0.0
138.65013333333343,弃电吸收区,-138.65013333333343,0.0
46.791033333333246,弃电吸收区,-46.791033333333246,0.0
-49.87205333333333,降负荷减购电区,0.0,-49.87205333333333
-88.6692833333334,降负荷减购电区,0.0,-88.6692833333334
-90.46294666666664,降负荷减购电区,0.0,-90.46294666666664
-86.18431666666669,降负荷减购电区,0.0,-86.18431666666669
-122.70739999999998,降负荷回退弃电区,0.0,-122.70739999999998
-87.05088,降负荷回退弃电区,0.0,-87.05088
102.70151333333332,弃电吸收区,-102.70151333333332,0.0
119.4883733333333,弃电吸收区,-119.4883733333333,0.0
136.87382666666673,弃电吸收区,-136.87382666666673,0.0
122.26501666666672,弃电吸收区,-122.26501666666672,0.0
99.96635666666674,弃电吸收区,-99.96635666666674,0.0
-21.342773333333355,降负荷减购电区,0.0,-21.342773333333355
-138.86688,降负荷回退弃电区,0.0,-138.86688
-138.75596666666672,降负荷回退弃电区,0.0,-138.75596666666672
-131.87171999999998,降负荷回退弃电区,0.0,-131.87171999999998
-126.91533333333342,降负荷减购电区,0.0,-126.91533333333342
-72.02085333333332,降负荷减购电区,0.0,-72.02085333333332
-53.285813333333294,降负荷减购电区,0.0,-53.285813333333294
-81.88960000000009,降负荷减购电区,0.0,-81.88960000000009
-81.10558666666668,降负荷减购电区,0.0,-81.10558666666668
-102.87000000000012,降负荷减购电区,0.0,-102.87000000000012
-127.09821333333332,降负荷减购电区,0.0,-127.09821333333332
-110.04634666666664,降负荷减购电区,0.0,-110.04634666666664
-194.80614666666676,降负荷减购电区,0.0,-194.80614666666676
-198.13016,降负荷减购电区,0.0,-198.13016
-164.9086533333334,降负荷减购电区,0.0,-164.9086533333334
-155.19400000000002,降负荷减购电区,0.0,-155.19400000000002
-140.6398,降负荷减购电区,0.0,-140.6398
-130.15468000000004,降负荷回退弃电区,0.0,-130.15468000000004
-108.0266233333333,降负荷回退弃电区,0.0,-108.0266233333333
46.734306666666726,弃电吸收区,-46.734306666666726,0.0
45.15104000000008,弃电吸收区,-45.15104000000008,0.0
48.1071766666667,弃电吸收区,-48.1071766666667,0.0
44.04317666666668,弃电吸收区,-44.04317666666668,0.0
58.863229999999874,弃电吸收区,-58.863229999999874,0.0
88.61171000000013,弃电吸收区,-88.61171000000013,0.0
76.35451666666671,弃电吸收区,-76.35451666666671,0.0
97.97584333333332,弃电吸收区,-97.97584333333332,0.0
93.85977333333337,弃电吸收区,-93.85977333333337,0.0
81.23766666666666,弃电吸收区,-81.23766666666666,0.0
72.59023666666656,弃电吸收区,-72.59023666666656,0.0
108.85254666666653,弃电吸收区,-108.85254666666653,0.0
86.29650000000004,弃电吸收区,-86.29650000000004,0.0
27.995879999999943,弃电吸收区,-27.995879999999943,0.0
-51.54845333333333,降负荷减购电区,0.0,-51.54845333333333
-84.08458333333328,降负荷减购电区,0.0,-84.08458333333328
-94.19335999999998,降负荷减购电区,0.0,-94.19335999999998
-101.74350999999996,降负荷减购电区,0.0,-101.74350999999996
-91.91286333333328,降负荷减购电区,0.0,-91.91286333333328
-84.32503666666668,降负荷减购电区,0.0,-84.32503666666668
-56.47732333333329,降负荷减购电区,0.0,-56.47732333333329
-71.19620000000003,降负荷减购电区,0.0,-71.19620000000003
-91.11022333333337,降负荷回退弃电区,0.0,-91.11022333333337
-115.40743999999997,降负荷回退弃电区,0.0,-115.40743999999997
58.08472000000006,弃电吸收区,-58.08472000000006,0.0
70.22084000000007,弃电吸收区,-70.22084000000007,0.0
101.32610333333332,弃电吸收区,-101.32610333333332,0.0
60.88591666666662,弃电吸收区,-60.88591666666662,0.0
53.2201966666666,弃电吸收区,-53.2201966666666,0.0
89.65607333333327,弃电吸收区,-89.65607333333327,0.0
102.25193333333344,购电边际区,-94.2142,8.037733333333449
81.16442999999981,弃电吸收区,-81.16442999999981,0.0
58.12027999999992,弃电吸收区,-58.12027999999992,0.0
46.77240666666671,弃电吸收区,-46.77240666666671,0.0
76.74652333333347,弃电吸收区,-76.74652333333347,0.0
86.70882666666671,弃电吸收区,-86.70882666666671,0.0
57.77992000000006,弃电吸收区,-57.77992000000006,0.0
-20.145586666666645,降负荷减购电区,0.0,-20.145586666666645
-41.13911000000007,降负荷减购电区,0.0,-41.13911000000007
-109.1658133333334,降负荷减购电区,0.0,-109.1658133333334
-101.15804000000004,降负荷减购电区,0.0,-101.15804000000004
-117.42758666666668,降负荷减购电区,0.0,-117.42758666666668
-77.23631999999998,降负荷减购电区,0.0,-77.23631999999998
-95.88076666666666,降负荷减购电区,0.0,-95.88076666666666
-112.88310333333334,降负荷减购电区,0.0,-112.88310333333334
-131.95130666666665,降负荷回退弃电区,0.0,-131.95130666666665
-150.97167333333334,降负荷回退弃电区,0.0,-150.97167333333334
-121.78241666666668,降负荷回退弃电区,0.0,-121.78241666666668
52.09794000000005,弃电吸收区,-52.09794000000005,0.0
71.23430000000002,弃电吸收区,-71.23430000000002,0.0
78.7129066666667,弃电吸收区,-78.7129066666667,0.0
88.25780333333336,弃电吸收区,-88.25780333333336,0.0
65.04516666666672,弃电吸收区,-65.04516666666672,0.0
96.75325666666669,弃电吸收区,-96.75325666666669,0.0
92.71338666666652,购电边际区,-91.5013,1.212086666666508
91.56488333333334,购电边际区,-91.2823,0.2825833333333349
92.35863333333332,弃电吸收区,-92.35863333333332,0.0
117.7425466666665,弃电吸收区,-117.7425466666665,0.0
112.2091566666668,弃电吸收区,-112.2091566666668,0.0
11.332209999999918,弃电吸收区,-11.332209999999918,0.0
-36.98366999999996,降负荷减购电区,0.0,-36.98366999999996
-48.47590000000002,降负荷减购电区,0.0,-48.47590000000002
-73.32133333333331,降负荷减购电区,0.0,-73.32133333333331
-84.49183,降负荷减购电区,0.0,-84.49183
-103.63030666666668,降负荷减购电区,0.0,-103.63030666666668
-101.4522566666667,降负荷减购电区,0.0,-101.4522566666667
-114.8977466666667,降负荷减购电区,0.0,-114.8977466666667
-103.7166666666667,降负荷减购电区,0.0,-103.7166666666667
-85.14418666666666,降负荷减购电区,0.0,-85.14418666666666
-66.66060666666664,降负荷减购电区,0.0,-66.66060666666664
-63.94619333333327,降负荷减购电区,0.0,-63.94619333333327
-96.50264333333337,降负荷回退弃电区,0.0,-96.50264333333337
68.28536000000008,弃电吸收区,-68.28536000000008,0.0
84.3144533333334,弃电吸收区,-84.3144533333334,0.0
63.21170999999998,弃电吸收区,-63.21170999999998,0.0
48.88441666666654,弃电吸收区,-48.88441666666654,0.0
43.94538666666665,弃电吸收区,-43.94538666666665,0.0
84.99348000000009,弃电吸收区,-84.99348000000009,0.0
89.30301333333324,弃电吸收区,-89.30301333333324,0.0
91.07254666666672,弃电吸收区,-91.07254666666672,0.0
81.38921999999991,弃电吸收区,-81.38921999999991,0.0
94.36946666666654,弃电吸收区,-94.36946666666654,0.0
108.7052266666667,弃电吸收区,-108.7052266666667,0.0
55.01936333333333,弃电吸收区,-55.01936333333333,0.0
57.91835000000003,弃电吸收区,-57.91835000000003,0.0
-53.60289,降负荷减购电区,0.0,-53.60289
-152.31745,降负荷回退弃电区,0.0,-152.31745
-167.82965333333334,降负荷回退弃电区,0.0,-167.82965333333334
-125.3236,降负荷减购电区,0.0,-125.3236
-111.0445666666667,降负荷减购电区,0.0,-111.0445666666667
-124.26188000000002,降负荷减购电区,0.0,-124.26188000000002
-66.51921333333331,降负荷减购电区,0.0,-66.51921333333331
-57.54793333333333,降负荷减购电区,0.0,-57.54793333333333
-77.63933333333335,降负荷减购电区,0.0,-77.63933333333335
138.98414333333346,弃电吸收区,-138.98414333333346,0.0
126.36500000000008,弃电吸收区,-126.36500000000008,0.0
137.93385333333345,弃电吸收区,-137.93385333333345,0.0
102.4788400000001,弃电吸收区,-102.4788400000001,0.0
101.36589666666669,弃电吸收区,-101.36589666666669,0.0
131.36541333333344,弃电吸收区,-131.36541333333344,0.0
68.91104666666666,弃电吸收区,-68.91104666666666,0.0
57.45479999999998,弃电吸收区,-57.45479999999998,0.0
-11.547686666666664,降负荷减购电区,0.0,-11.547686666666664
-15.554113333333362,降负荷减购电区,0.0,-15.554113333333362
55.93503333333331,弃电吸收区,-55.93503333333331,0.0
68.71419666666668,弃电吸收区,-68.71419666666668,0.0
88.52831333333336,弃电吸收区,-88.52831333333336,0.0
98.10496000000012,弃电吸收区,-98.10496000000012,0.0
78.77048000000002,弃电吸收区,-78.77048000000002,0.0
32.08993666666663,弃电吸收区,-32.08993666666663,0.0
-38.66557333333344,降负荷减购电区,0.0,-38.66557333333344
-123.44400000000002,降负荷减购电区,0.0,-123.44400000000002
-113.32464000000004,降负荷减购电区,0.0,-113.32464000000004
-52.6508133333333,降负荷减购电区,0.0,-52.6508133333333
-44.03343999999993,降负荷减购电区,0.0,-44.03343999999993
-48.52416,降负荷减购电区,0.0,-48.52416
-61.01037666666673,降负荷减购电区,0.0,-61.01037666666673
-72.08689333333331,降负荷减购电区,0.0,-72.08689333333331
-62.05220000000003,降负荷减购电区,0.0,-62.05220000000003
-99.11418666666668,降负荷回退弃电区,0.0,-99.11418666666668
51.27413333333334,弃电吸收区,-51.27413333333334,0.0
89.62474666666657,弃电吸收区,-89.62474666666657,0.0
69.76533333333344,弃电吸收区,-69.76533333333344,0.0
84.42706000000004,弃电吸收区,-84.42706000000004,0.0
87.19015666666672,弃电吸收区,-87.19015666666672,0.0
101.88575000000004,弃电吸收区,-101.88575000000004,0.0
87.39462666666662,弃电吸收区,-87.39462666666662,0.0
100.56071666666668,购电边际区,-97.8965,2.664216666666676
114.74026666666668,购电边际区,-100.715,14.02526666666668
132.59858333333352,购电边际区,-118.6953,13.90328333333352
96.43998999999997,弃电吸收区,-96.43998999999997,0.0
49.99312666666663,弃电吸收区,-49.99312666666663,0.0
-24.133386666666524,降负荷减购电区,0.0,-24.133386666666524
-72.99324999999988,降负荷减购电区,0.0,-72.99324999999988
-71.09671666666668,降负荷减购电区,0.0,-71.09671666666668
-68.92205333333322,降负荷减购电区,0.0,-68.92205333333322
-95.08151333333342,降负荷减购电区,0.0,-95.08151333333342
-106.6207333333333,降负荷减购电区,0.0,-106.6207333333333
-61.63309999999996,降负荷减购电区,0.0,-61.63309999999996
-89.45033333333333,降负荷减购电区,0.0,-89.45033333333333
-109.39907,降负荷减购电区,0.0,-109.39907
-83.6676,降负荷减购电区,0.0,-83.6676
-118.24462000000004,降负荷回退弃电区,0.0,-118.24462000000004
-141.84926333333337,降负荷回退弃电区,0.0,-141.84926333333337
19.29383999999993,弃电吸收区,-19.29383999999993,0.0
47.22283333333331,弃电吸收区,-47.22283333333331,0.0
90.29700000000004,弃电吸收区,-90.29700000000004,0.0
113.54138666666644,弃电吸收区,-113.54138666666644,0.0
135.73844666666656,弃电吸收区,-135.73844666666656,0.0
107.21001333333334,购电边际区,-101.2633,5.946713333333335
98.51305333333325,购电边际区,-92.4625,6.050553333333227
101.93866666666662,购电边际区,-100.0257,1.91296666666662
77.50386666666668,弃电吸收区,-77.50386666666668,0.0
73.2417466666667,弃电吸收区,-73.2417466666667,0.0
23.642319999999927,弃电吸收区,-23.642319999999927,0.0
-49.68620999999996,降负荷减购电区,0.0,-49.68620999999996
-111.04498999999991,降负荷减购电区,0.0,-111.04498999999991
-120.61782666666676,降负荷回退弃电区,0.0,-120.61782666666676
-129.06840666666665,降负荷回退弃电区,0.0,-129.06840666666665
-138.97229,降负荷减购电区,0.0,-138.97229
-109.51294666666666,降负荷减购电区,0.0,-109.51294666666666
-71.39432000000005,降负荷减购电区,0.0,-71.39432000000005
-52.2063133333333,降负荷减购电区,0.0,-52.2063133333333
-49.34712000000002,降负荷减购电区,0.0,-49.34712000000002
-87.31927333333334,降负荷减购电区,0.0,-87.31927333333334
-77.34300000000002,降负荷减购电区,0.0,-77.34300000000002
-64.68871999999993,降负荷减购电区,0.0,-64.68871999999993
-31.66660333333334,降负荷减购电区,0.0,-31.66660333333334
149.89894666666663,弃电吸收区,-149.89894666666663,0.0
161.59310666666664,弃电吸收区,-161.59310666666664,0.0
139.37022333333334,弃电吸收区,-139.37022333333334,0.0
140.11486666666656,弃电吸收区,-140.11486666666656,0.0
117.36323999999996,弃电吸收区,-117.36323999999996,0.0
104.60397333333344,购电边际区,-102.9492,1.6547733333334378
95.90108666666664,购电边际区,-94.9607,0.940386666666626
92.75741333333332,购电边际区,-90.7367,2.020713333333319
89.32629666666662,弃电吸收区,-89.32629666666662,0.0
113.07402666666668,购电边际区,-108.4141,4.659926666666664
64.42074999999988,弃电吸收区,-64.42074999999988,0.0
84.15020000000004,弃电吸收区,-84.15020000000004,0.0
-25.912656666666635,降负荷减购电区,0.0,-25.912656666666635
-41.31182999999999,降负荷减购电区,0.0,-41.31182999999999
-47.98737333333338,降负荷减购电区,0.0,-47.98737333333338
-57.40823333333333,降负荷减购电区,0.0,-57.40823333333333
-40.13200000000006,降负荷减购电区,0.0,-40.13200000000006
-84.54601666666662,降负荷减购电区,0.0,-84.54601666666662
-84.72932000000003,降负荷减购电区,0.0,-84.72932000000003
-105.45402666666666,降负荷减购电区,0.0,-105.45402666666666
-94.72125666666663,降负荷减购电区,0.0,-94.72125666666663
-97.94536333333338,降负荷减购电区,0.0,-97.94536333333338
-63.22059999999999,降负荷减购电区,0.0,-63.22059999999999
-66.42226999999997,降负荷减购电区,0.0,-66.42226999999997
103.85636666666676,弃电吸收区,-103.85636666666676,0.0
106.06235666666667,弃电吸收区,-106.06235666666667,0.0
113.06725333333333,弃电吸收区,-113.06725333333333,0.0
110.85110333333348,弃电吸收区,-110.85110333333348,0.0
76.19068666666658,弃电吸收区,-76.19068666666658,0.0
97.15161333333327,弃电吸收区,-97.15161333333327,0.0
89.52272333333332,购电边际区,-88.1823,1.3404233333333195
44.90762333333311,弃电吸收区,-44.90762333333311,0.0
21.96337999999992,弃电吸收区,-21.96337999999992,0.0
101.42389333333335,弃电吸收区,-101.42389333333335,0.0
115.83796999999991,弃电吸收区,-115.83796999999991,0.0
91.32654666666656,弃电吸收区,-91.32654666666656,0.0
22.172083333333376,弃电吸收区,-22.172083333333376,0.0
-36.30506666666668,降负荷减购电区,0.0,-36.30506666666668
-26.61793,降负荷减购电区,0.0,-26.61793
-32.49887666666666,降负荷减购电区,0.0,-32.49887666666666
-47.37777333333332,降负荷减购电区,0.0,-47.37777333333332
-102.54996,降负荷减购电区,0.0,-102.54996
-156.86193333333335,降负荷减购电区,0.0,-156.86193333333335
-167.4622,降负荷减购电区,0.0,-167.4622
-175.68671999999998,降负荷减购电区,0.0,-175.68671999999998
-150.8827733333333,降负荷回退弃电区,0.0,-150.8827733333333
-135.83073333333328,降负荷回退弃电区,0.0,-135.83073333333328
-110.54080000000005,降负荷回退弃电区,0.0,-110.54080000000005
94.72676,弃电吸收区,-94.72676,0.0
108.43259999999998,弃电吸收区,-108.43259999999998,0.0
118.65017333333331,弃电吸收区,-118.65017333333331,0.0
131.32773666666668,弃电吸收区,-131.32773666666668,0.0
61.23685999999992,弃电吸收区,-61.23685999999992,0.0
-29.566869999999994,降负荷减购电区,0.0,-29.566869999999994
-71.99757000000005,降负荷减购电区,0.0,-71.99757000000005
-76.81976000000003,降负荷减购电区,0.0,-76.81976000000003
-81.06917999999996,降负荷减购电区,0.0,-81.06917999999996
-97.0110666666667,降负荷减购电区,0.0,-97.0110666666667
-142.46690666666672,降负荷回退弃电区,0.0,-142.46690666666672
-126.16433999999992,降负荷减购电区,0.0,-126.16433999999992
-111.67872,降负荷减购电区,0.0,-111.67872
-76.00695999999999,降负荷减购电区,0.0,-76.00695999999999
-88.13630666666671,降负荷减购电区,0.0,-88.13630666666671
-67.32693333333333,降负荷减购电区,0.0,-67.32693333333333
-128.3250333333333,降负荷减购电区,0.0,-128.3250333333333
-102.45852000000002,降负荷减购电区,0.0,-102.45852000000002
-162.8902,降负荷减购电区,0.0,-162.8902
-125.69867333333336,降负荷减购电区,0.0,-125.69867333333336
-54.47453333333334,降负荷减购电区,0.0,-54.47453333333334
-63.97751999999997,降负荷减购电区,0.0,-63.97751999999997
-64.86736666666661,降负荷减购电区,0.0,-64.86736666666661
-81.64576,降负荷回退弃电区,0.0,-81.64576
117.1828999999999,弃电吸收区,-117.1828999999999,0.0
122.17230666666666,弃电吸收区,-122.17230666666666,0.0
131.72863333333322,弃电吸收区,-131.72863333333322,0.0
120.95479999999998,弃电吸收区,-120.95479999999998,0.0
144.17251666666647,弃电吸收区,-144.17251666666647,0.0
105.2491333333333,弃电吸收区,-105.2491333333333,0.0
99.46682333333337,购电边际区,-98.6679,0.798923333333363
140.4006166666668,购电边际区,-94.6565,45.7441166666668
116.18891333333328,购电边际区,-106.4362,9.75271333333329
111.47763666666664,弃电吸收区,-111.47763666666664,0.0
126.8370166666666,弃电吸收区,-126.8370166666666,0.0
75.55653333333339,弃电吸收区,-75.55653333333339,0.0
81.52087666666671,弃电吸收区,-81.52087666666671,0.0
81.82271333333335,弃电吸收区,-81.82271333333335,0.0
75.06885333333355,弃电吸收区,-75.06885333333355,0.0
87.73498666666671,弃电吸收区,-87.73498666666671,0.0
106.19485999999996,弃电吸收区,-106.19485999999996,0.0
166.76793333333325,弃电吸收区,-166.76793333333325,0.0
183.78551,弃电吸收区,-183.78551,0.0
127.7319433333334,弃电吸收区,-127.7319433333334,0.0
130.43238666666667,弃电吸收区,-130.43238666666667,0.0
136.57410666666675,弃电吸收区,-136.57410666666675,0.0
109.15946333333346,弃电吸收区,-109.15946333333346,0.0
93.31790666666666,弃电吸收区,-93.31790666666666,0.0
40.02235666666667,弃电吸收区,-40.02235666666667,0.0
28.779893333333348,弃电吸收区,-28.779893333333348,0.0
45.5227266666667,弃电吸收区,-45.5227266666667,0.0
85.33299333333338,弃电吸收区,-85.33299333333338,0.0
87.00643000000002,弃电吸收区,-87.00643000000002,0.0
95.6415833333333,弃电吸收区,-95.6415833333333,0.0
94.09472333333332,弃电吸收区,-94.09472333333332,0.0
91.20674333333328,弃电吸收区,-91.20674333333328,0.0
97.80185333333333,弃电吸收区,-97.80185333333333,0.0
79.55280000000005,弃电吸收区,-79.55280000000005,0.0
99.35252333333337,弃电吸收区,-99.35252333333337,0.0
105.73300333333329,弃电吸收区,-105.73300333333329,0.0
104.46766000000014,弃电吸收区,-104.46766000000014,0.0
30.77336999999989,弃电吸收区,-30.77336999999989,0.0
-58.09953666666661,降负荷减购电区,0.0,-58.09953666666661
-84.72043000000002,降负荷减购电区,0.0,-84.72043000000002
-85.36940000000004,降负荷减购电区,0.0,-85.36940000000004
-114.34064,降负荷减购电区,0.0,-114.34064
-140.72616,降负荷减购电区,0.0,-140.72616
-120.57210666666668,降负荷减购电区,0.0,-120.57210666666668
-90.21529666666667,降负荷减购电区,0.0,-90.21529666666667
-74.92788333333328,降负荷减购电区,0.0,-74.92788333333328
-66.75628,降负荷减购电区,0.0,-66.75628
-56.57087999999999,降负荷减购电区,0.0,-56.57087999999999
119.02567,弃电吸收区,-119.02567,0.0
102.51440000000008,弃电吸收区,-102.51440000000008,0.0
111.71597333333324,弃电吸收区,-111.71597333333324,0.0
94.11631333333332,弃电吸收区,-94.11631333333332,0.0
1.1197166666666476,弃电吸收区,-1.1197166666666476,0.0
-72.02593333333328,降负荷回退弃电区,0.0,-72.02593333333328
-118.90967666666666,降负荷回退弃电区,0.0,-118.90967666666666
-133.95790666666664,降负荷回退弃电区,0.0,-133.95790666666664
-167.29455999999993,降负荷回退弃电区,0.0,-167.29455999999993
-191.6049,降负荷回退弃电区,0.0,-191.6049
-172.25941333333338,降负荷回退弃电区,0.0,-172.25941333333338
-118.17773333333332,降负荷减购电区,0.0,-118.17773333333332
-138.4799533333333,降负荷减购电区,0.0,-138.4799533333333
-79.37373000000002,降负荷减购电区,0.0,-79.37373000000002
-44.48048000000006,降负荷减购电区,0.0,-44.48048000000006
-35.844479999999976,降负荷减购电区,0.0,-35.844479999999976
-47.03402666666671,降负荷减购电区,0.0,-47.03402666666671
-45.21877333333339,降负荷减购电区,0.0,-45.21877333333339
-61.688133333333326,降负荷减购电区,0.0,-61.688133333333326
-83.75395999999995,降负荷减购电区,0.0,-83.75395999999995
-64.53462666666667,降负荷减购电区,0.0,-64.53462666666667
-59.43345999999997,降负荷减购电区,0.0,-59.43345999999997
-46.581906666666725,降负荷减购电区,0.0,-46.581906666666725
-70.74746666666664,降负荷减购电区,0.0,-70.74746666666664
82.76928666666663,弃电吸收区,-82.76928666666663,0.0
120.25545333333332,弃电吸收区,-120.25545333333332,0.0
144.55774999999994,弃电吸收区,-144.55774999999994,0.0
133.0485866666667,弃电吸收区,-133.0485866666667,0.0
131.62110666666672,弃电吸收区,-131.62110666666672,0.0
106.20671333333324,弃电吸收区,-106.20671333333324,0.0
94.13155333333331,弃电吸收区,-94.13155333333331,0.0
92.78408333333329,弃电吸收区,-92.78408333333329,0.0
77.56271000000004,弃电吸收区,-77.56271000000004,0.0
85.14461000000006,弃电吸收区,-85.14461000000006,0.0
100.48239999999998,弃电吸收区,-100.48239999999998,0.0
110.1487933333334,弃电吸收区,-110.1487933333334,0.0
101.35277333333327,弃电吸收区,-101.35277333333327,0.0
93.79966000000002,弃电吸收区,-93.79966000000002,0.0
110.43285000000014,弃电吸收区,-110.43285000000014,0.0
69.78565333333336,弃电吸收区,-69.78565333333336,0.0
76.25672666666662,弃电吸收区,-76.25672666666662,0.0
55.31061666666665,弃电吸收区,-55.31061666666665,0.0
75.86133333333333,弃电吸收区,-75.86133333333333,0.0
100.24956666666662,弃电吸收区,-100.24956666666662,0.0
103.7873633333333,弃电吸收区,-103.7873633333333,0.0
126.4378133333334,弃电吸收区,-126.4378133333334,0.0
150.02255999999988,弃电吸收区,-150.02255999999988,0.0
152.90800000000002,弃电吸收区,-152.90800000000002,0.0
86.56912666666665,弃电吸收区,-86.56912666666665,0.0
86.65337000000005,弃电吸收区,-86.65337000000005,0.0
71.25715999999994,弃电吸收区,-71.25715999999994,0.0
57.56909999999999,弃电吸收区,-57.56909999999999,0.0
23.39128333333332,弃电吸收区,-23.39128333333332,0.0
56.01758333333328,弃电吸收区,-56.01758333333328,0.0
81.63560000000001,弃电吸收区,-81.63560000000001,0.0
65.68736333333328,弃电吸收区,-65.68736333333328,0.0
86.50393333333335,弃电吸收区,-86.50393333333335,0.0
109.91596000000004,弃电吸收区,-109.91596000000004,0.0
107.33235666666656,弃电吸收区,-107.33235666666656,0.0
119.93118000000004,弃电吸收区,-119.93118000000004,0.0
70.59676000000002,弃电吸收区,-70.59676000000002,0.0
-25.782693333333327,降负荷减购电区,0.0,-25.782693333333327
-116.7570266666666,降负荷减购电区,0.0,-116.7570266666666
-109.52141333333338,降负荷减购电区,0.0,-109.52141333333338
-96.57969000000004,降负荷减购电区,0.0,-96.57969000000004
-105.20256666666666,降负荷减购电区,0.0,-105.20256666666666
-110.42480666666664,降负荷减购电区,0.0,-110.42480666666664
-125.0293833333334,降负荷减购电区,0.0,-125.0293833333334
-79.64635666666663,降负荷减购电区,0.0,-79.64635666666663
-35.41268000000002,降负荷减购电区,0.0,-35.41268000000002
-14.782800000000009,降负荷减购电区,0.0,-14.782800000000009
-42.312166666666656,降负荷减购电区,0.0,-42.312166666666656
91.59875,弃电吸收区,-91.59875,0.0
74.79453333333328,弃电吸收区,-74.79453333333328,0.0
73.34503999999998,弃电吸收区,-73.34503999999998,0.0
34.00594333333339,弃电吸收区,-34.00594333333339,0.0
-46.35711666666674,降负荷回退弃电区,46.35711666666674,-0.0
-44.542286666666655,降负荷回退弃电区,0.0,-44.542286666666655
-109.74323999999996,降负荷回退弃电区,0.0,-109.74323999999996
-34.00382666666661,降负荷减购电区,0.0,-34.00382666666661
-65.21153666666669,降负荷减购电区,0.0,-65.21153666666669
-60.56418333333335,降负荷回退弃电区,0.0,-60.56418333333335
67.57246666666663,弃电吸收区,-67.57246666666663,0.0
81.10389333333342,弃电吸收区,-81.10389333333342,0.0
73.93389666666667,弃电吸收区,-73.93389666666667,0.0
42.40784000000008,弃电吸收区,-42.40784000000008,0.0
-14.375130000000013,降负荷减购电区,0.0,-14.375130000000013
-51.40960000000007,降负荷减购电区,0.0,-51.40960000000007
-42.4061466666667,降负荷减购电区,0.0,-42.4061466666667
-97.15499999999996,降负荷减购电区,0.0,-97.15499999999996
-98.1269733333333,降负荷减购电区,0.0,-98.1269733333333
-140.40273333333334,降负荷减购电区,0.0,-140.40273333333334
-96.46412000000004,降负荷减购电区,0.0,-96.46412000000004
-95.24957666666666,降负荷减购电区,0.0,-95.24957666666666
-83.89704666666671,降负荷减购电区,0.0,-83.89704666666671
-68.58338666666663,降负荷减购电区,0.0,-68.58338666666663
93.59900000000005,弃电吸收区,-93.59900000000005,0.0
59.61633999999998,弃电吸收区,-59.61633999999998,0.0
73.92415999999986,弃电吸收区,-73.92415999999986,0.0
96.1186800000001,弃电吸收区,-96.1186800000001,0.0
82.9923833333333,弃电吸收区,-82.9923833333333,0.0
74.01983333333334,弃电吸收区,-74.01983333333334,0.0
62.7253,弃电吸收区,-62.7253,0.0
56.08828,弃电吸收区,-56.08828,0.0
70.83890666666667,弃电吸收区,-70.83890666666667,0.0
96.38283999999987,弃电吸收区,-96.38283999999987,0.0
137.00590666666653,弃电吸收区,-137.00590666666653,0.0
121.81331999999998,弃电吸收区,-121.81331999999998,0.0
116.20584666666662,弃电吸收区,-116.20584666666662,0.0
66.75501000000008,弃电吸收区,-66.75501000000008,0.0
-30.712409999999977,降负荷减购电区,0.0,-30.712409999999977
-43.75107666666668,降负荷减购电区,0.0,-43.75107666666668
-26.048546666666653,降负荷减购电区,0.0,-26.048546666666653
-39.81196,降负荷减购电区,0.0,-39.81196
-49.149,降负荷减购电区,0.0,-49.149
-63.88100000000003,降负荷减购电区,0.0,-63.88100000000003
-62.60676666666672,降负荷减购电区,0.0,-62.60676666666672
-63.94534666666669,降负荷减购电区,0.0,-63.94534666666669
-61.6187066666667,降负荷减购电区,0.0,-61.6187066666667
-59.6586733333333,降负荷减购电区,0.0,-59.6586733333333
94.90540666666668,弃电吸收区,-94.90540666666668,0.0
119.25469333333332,弃电吸收区,-119.25469333333332,0.0
121.2342,弃电吸收区,-121.2342,0.0
92.90642666666662,弃电吸收区,-92.90642666666662,0.0
86.39429000000007,弃电吸收区,-86.39429000000007,0.0
69.40888666666672,弃电吸收区,-69.40888666666672,0.0
66.72114333333326,弃电吸收区,-66.72114333333326,0.0
76.69614666666672,弃电吸收区,-76.69614666666672,0.0
100.57045333333338,弃电吸收区,-100.57045333333338,0.0
58.53726333333333,弃电吸收区,-58.53726333333333,0.0
115.04125666666664,弃电吸收区,-115.04125666666664,0.0
145.68466333333322,弃电吸收区,-145.68466333333322,0.0
88.48725000000002,弃电吸收区,-88.48725000000002,0.0
58.21468333333337,弃电吸收区,-58.21468333333337,0.0
7.918026666666719,弃电吸收区,-7.918026666666719,0.0
-29.71122666666656,降负荷减购电区,0.0,-29.71122666666656
-37.95098666666672,降负荷减购电区,0.0,-37.95098666666672
-87.77393333333333,降负荷减购电区,0.0,-87.77393333333333
-75.0824,降负荷减购电区,0.0,-75.0824
-78.40980000000002,降负荷减购电区,0.0,-78.40980000000002
-50.51044000000002,降负荷减购电区,0.0,-50.51044000000002
-34.38313333333332,降负荷减购电区,0.0,-34.38313333333332
117.11939999999991,弃电吸收区,-117.11939999999991,0.0
141.93689333333333,弃电吸收区,-141.93689333333333,0.0
115.7698133333334,弃电吸收区,-115.7698133333334,0.0
99.1192666666667,弃电吸收区,-99.1192666666667,0.0
101.68255,弃电吸收区,-101.68255,0.0
131.64227333333332,弃电吸收区,-131.64227333333332,0.0
34.965640000000064,弃电吸收区,-34.965640000000064,0.0
-57.49289999999991,降负荷回退弃电区,0.0,-57.49289999999991
-72.95260999999999,降负荷回退弃电区,0.0,-72.95260999999999
-74.96386666666666,降负荷减购电区,0.0,-74.96386666666666
-107.4729033333333,降负荷减购电区,0.0,-107.4729033333333
-77.12625333333335,降负荷减购电区,0.0,-77.12625333333335
-147.28105333333338,降负荷回退弃电区,0.0,-147.28105333333338
-150.4696,降负荷回退弃电区,0.0,-150.4696
-162.67853333333335,降负荷回退弃电区,0.0,-162.67853333333335
-181.9291933333334,降负荷回退弃电区,0.0,-181.9291933333334
-128.34535333333338,降负荷回退弃电区,0.0,-128.34535333333338
-137.38860000000005,降负荷减购电区,0.0,-137.38860000000005
-159.4595066666667,降负荷减购电区,0.0,-159.4595066666667
-172.51849333333337,降负荷减购电区,0.0,-172.51849333333337
-138.11800333333326,降负荷减购电区,0.0,-138.11800333333326
-56.40493333333336,降负荷减购电区,0.0,-56.40493333333336
128.68994666666669,弃电吸收区,-128.68994666666669,0.0
146.41914666666656,弃电吸收区,-146.41914666666656,0.0
122.50462333333331,弃电吸收区,-122.50462333333331,0.0
59.67814666666664,弃电吸收区,-59.67814666666664,0.0
61.65977000000004,弃电吸收区,-61.65977000000004,0.0
65.75890666666658,弃电吸收区,-65.75890666666658,0.0
50.24797333333328,弃电吸收区,-50.24797333333328,0.0
64.26750333333348,弃电吸收区,-64.26750333333348,0.0
-36.72459000000004,降负荷回退弃电区,36.72459000000004,-0.0
-116.21516000000008,降负荷回退弃电区,0.0,-116.21516000000008
-147.13966000000008,降负荷回退弃电区,0.0,-147.13966000000008
-134.12300666666664,降负荷回退弃电区,0.0,-134.12300666666664
-108.82672333333336,降负荷减购电区,0.0,-108.82672333333336
-97.0195333333334,降负荷减购电区,0.0,-97.0195333333334
-63.53725333333336,降负荷减购电区,0.0,-63.53725333333336
-66.24743333333339,降负荷减购电区,0.0,-66.24743333333339
-73.94871333333333,降负荷减购电区,0.0,-73.94871333333333
-80.9371000000001,降负荷减购电区,0.0,-80.9371000000001
-93.98761999999994,降负荷减购电区,0.0,-93.98761999999994
-82.01659999999998,降负荷减购电区,0.0,-82.01659999999998
-122.4745666666667,降负荷减购电区,0.0,-122.4745666666667
-100.54759333333334,降负荷减购电区,0.0,-100.54759333333334
-112.15581666666668,降负荷减购电区,0.0,-112.15581666666668
-82.4856533333334,降负荷减购电区,0.0,-82.4856533333334
-138.25728000000004,降负荷减购电区,0.0,-138.25728000000004
-109.89225333333336,降负荷减购电区,0.0,-109.89225333333336
-104.78262000000004,降负荷减购电区,0.0,-104.78262000000004
-108.29374666666672,降负荷回退弃电区,0.0,-108.29374666666672
8.715586666666638,弃电吸收区,-8.715586666666638,0.0
105.09673333333345,弃电吸收区,-105.09673333333345,0.0
118.09730000000008,弃电吸收区,-118.09730000000008,0.0
70.52987333333334,弃电吸收区,-70.52987333333334,0.0
58.56393333333341,弃电吸收区,-58.56393333333341,0.0
55.05196000000001,弃电吸收区,-55.05196000000001,0.0
53.635063333333335,弃电吸收区,-53.635063333333335,0.0
66.52514000000002,弃电吸收区,-66.52514000000002,0.0
109.51929666666666,弃电吸收区,-109.51929666666666,0.0
120.35324333333337,购电边际区,-113.0317,7.321543333333352
133.36523999999997,弃电吸收区,-133.36523999999997,0.0
108.99901999999996,弃电吸收区,-108.99901999999996,0.0
108.56468000000008,弃电吸收区,-108.56468000000008,0.0
96.1207966666667,弃电吸收区,-96.1207966666667,0.0
59.51008333333334,弃电吸收区,-59.51008333333334,0.0
100.20299999999996,弃电吸收区,-100.20299999999996,0.0
127.73660000000008,弃电吸收区,-127.73660000000008,0.0
153.56501333333347,弃电吸收区,-153.56501333333347,0.0
72.74263666666678,弃电吸收区,-72.74263666666678,0.0
-21.08200000000005,降负荷减购电区,0.0,-21.08200000000005
-52.61609999999996,降负荷减购电区,0.0,-52.61609999999996
-68.7404433333333,降负荷减购电区,0.0,-68.7404433333333
-76.04759999999999,降负荷减购电区,0.0,-76.04759999999999
-89.16754666666665,降负荷回退弃电区,0.0,-89.16754666666665
97.67315999999994,弃电吸收区,-97.67315999999994,0.0
97.47842666666668,弃电吸收区,-97.47842666666668,0.0
68.01103999999998,弃电吸收区,-68.01103999999998,0.0
64.58923666666658,弃电吸收区,-64.58923666666658,0.0
-13.869669999999928,降负荷回退弃电区,13.869669999999928,-0.0
-28.731633333333377,降负荷回退弃电区,0.0,-28.731633333333377
-149.45529333333337,降负荷回退弃电区,0.0,-149.45529333333337
-174.96155000000005,降负荷回退弃电区,0.0,-174.96155000000005
-145.5403066666667,降负荷回退弃电区,0.0,-145.5403066666667
-177.58155999999997,降负荷回退弃电区,0.0,-177.58155999999997
-145.24905333333334,降负荷回退弃电区,0.0,-145.24905333333334
-141.8742400000001,降负荷减购电区,0.0,-141.8742400000001
-150.02637,降负荷回退弃电区,0.0,-150.02637
-145.17793333333333,降负荷回退弃电区,0.0,-145.17793333333333
-129.86004000000008,降负荷回退弃电区,0.0,-129.86004000000008
-109.39102666666668,降负荷减购电区,0.0,-109.39102666666668
-93.99016,降负荷减购电区,0.0,-93.99016
-81.6085066666667,降负荷减购电区,0.0,-81.6085066666667
-95.11622666666663,降负荷减购电区,0.0,-95.11622666666663
-76.32700000000006,降负荷减购电区,0.0,-76.32700000000006
-63.43396000000007,降负荷减购电区,0.0,-63.43396000000007
-47.08736666666664,降负荷减购电区,0.0,-47.08736666666664
-59.07193333333333,降负荷减购电区,0.0,-59.07193333333333
-85.74193333333332,降负荷回退弃电区,0.0,-85.74193333333332
130.27660000000003,弃电吸收区,-130.27660000000003,0.0
121.40988333333344,弃电吸收区,-121.40988333333344,0.0
131.39166000000006,弃电吸收区,-131.39166000000006,0.0
90.82193333333328,弃电吸收区,-90.82193333333328,0.0
-15.595599999999934,降负荷回退弃电区,15.595599999999934,-0.0
-34.72180000000003,降负荷减购电区,0.0,-34.72180000000003
-103.99733666666664,降负荷回退弃电区,0.0,-103.99733666666664
-122.7082466666667,降负荷回退弃电区,0.0,-122.7082466666667
-105.01587666666666,降负荷减购电区,0.0,-105.01587666666666
-84.06553333333335,降负荷减购电区,0.0,-84.06553333333335
-82.68716,降负荷减购电区,0.0,-82.68716
-96.66774333333336,降负荷减购电区,0.0,-96.66774333333336
-116.79131666666672,降负荷减购电区,0.0,-116.79131666666672
-94.84275333333336,降负荷减购电区,0.0,-94.84275333333336
-128.38006666666666,降负荷减购电区,0.0,-128.38006666666666
-162.93253333333337,降负荷回退弃电区,0.0,-162.93253333333337
-103.10368,降负荷减购电区,0.0,-103.10368
-97.44625333333336,降负荷减购电区,0.0,-97.44625333333336
-114.27671666666664,降负荷减购电区,0.0,-114.27671666666664
-90.87950666666666,降负荷减购电区,0.0,-90.87950666666666
-120.73466666666668,降负荷减购电区,0.0,-120.73466666666668
-112.0013,降负荷减购电区,0.0,-112.0013
-109.66068999999996,降负荷回退弃电区,0.0,-109.66068999999996
-100.8286866666667,降负荷回退弃电区,0.0,-100.8286866666667
93.98635000000002,弃电吸收区,-93.98635000000002,0.0
88.27769999999998,弃电吸收区,-88.27769999999998,0.0
110.65425333333332,弃电吸收区,-110.65425333333332,0.0
112.03939999999994,弃电吸收区,-112.03939999999994,0.0
26.45240666666672,弃电吸收区,-26.45240666666672,0.0
-30.137100000000032,降负荷减购电区,0.0,-30.137100000000032
-69.93043333333338,降负荷回退弃电区,0.0,-69.93043333333338
-117.1617333333333,降负荷回退弃电区,0.0,-117.1617333333333
-131.3603333333334,降负荷回退弃电区,0.0,-131.3603333333334
-109.8596566666667,降负荷减购电区,0.0,-109.8596566666667
-77.99154666666675,降负荷减购电区,0.0,-77.99154666666675
-96.26938666666666,降负荷减购电区,0.0,-96.26938666666666
-75.84439999999995,降负荷减购电区,0.0,-75.84439999999995
-55.70600999999999,降负荷减购电区,0.0,-55.70600999999999
-74.90375333333338,降负荷减购电区,0.0,-74.90375333333338
-82.83278666666672,降负荷减购电区,0.0,-82.83278666666672
-60.4858666666666,降负荷减购电区,0.0,-60.4858666666666
-61.36132000000004,降负荷减购电区,0.0,-61.36132000000004
-69.3166,降负荷减购电区,0.0,-69.3166
-85.17593666666664,降负荷减购电区,0.0,-85.17593666666664
-54.41357333333332,降负荷减购电区,0.0,-54.41357333333332
-42.39175333333327,降负荷减购电区,0.0,-42.39175333333327
-32.706733333333375,降负荷减购电区,0.0,-32.706733333333375
-56.48960000000005,降负荷减购电区,0.0,-56.48960000000005
114.22888,弃电吸收区,-114.22888,0.0
118.05073333333333,弃电吸收区,-118.05073333333333,0.0
141.87508666666662,弃电吸收区,-141.87508666666662,0.0
97.41238666666668,弃电吸收区,-97.41238666666668,0.0
114.25682000000006,弃电吸收区,-114.25682000000006,0.0
104.29705666666666,购电边际区,-98.2933,6.003756666666661
104.3503966666666,购电边际区,-90.8099,13.540496666666598
76.22878666666662,弃电吸收区,-76.22878666666662,0.0
102.4077200000001,购电边际区,-101.9327,0.4750200000001001
111.19866000000002,弃电吸收区,-111.19866000000002,0.0
118.3661166666667,弃电吸收区,-118.3661166666667,0.0
101.68339666666655,弃电吸收区,-101.68339666666655,0.0
81.92135000000007,弃电吸收区,-81.92135000000007,0.0
22.39475666666658,弃电吸收区,-22.39475666666658,0.0
-18.39976000000001,降负荷减购电区,0.0,-18.39976000000001
-108.98039333333332,降负荷减购电区,0.0,-108.98039333333332
-95.0095466666666,降负荷减购电区,0.0,-95.0095466666666
-64.64808,降负荷减购电区,0.0,-64.64808
-50.0634,降负荷减购电区,0.0,-50.0634
-58.27691333333337,降负荷减购电区,0.0,-58.27691333333337
-56.05991666666665,降负荷减购电区,0.0,-56.05991666666665
-78.60791999999998,降负荷减购电区,0.0,-78.60791999999998
-64.54140000000001,降负荷减购电区,0.0,-64.54140000000001
-77.24013000000005,降负荷回退弃电区,0.0,-77.24013000000005
77.28457999999995,弃电吸收区,-77.28457999999995,0.0
47.97340333333335,弃电吸收区,-47.97340333333335,0.0
69.25563999999997,弃电吸收区,-69.25563999999997,0.0
79.50369333333333,弃电吸收区,-79.50369333333333,0.0
39.08086333333336,弃电吸收区,-39.08086333333336,0.0
-20.400009999999952,降负荷减购电区,0.0,-20.400009999999952
-38.72611000000006,降负荷减购电区,0.0,-38.72611000000006
-40.34282000000002,降负荷减购电区,0.0,-40.34282000000002
-89.43170666666674,降负荷减购电区,0.0,-89.43170666666674
-112.07538333333338,降负荷减购电区,0.0,-112.07538333333338
-98.34372000000002,降负荷减购电区,0.0,-98.34372000000002
-123.54559999999998,降负荷减购电区,0.0,-123.54559999999998
-105.67246666666664,降负荷减购电区,0.0,-105.67246666666664
-78.89621,降负荷减购电区,0.0,-78.89621
-24.70065333333332,降负荷减购电区,0.0,-24.70065333333332
-49.0177666666666,降负荷减购电区,0.0,-49.0177666666666
-51.71440000000007,降负荷减购电区,0.0,-51.71440000000007
-60.83935000000008,降负荷减购电区,0.0,-60.83935000000008
-111.43657333333329,降负荷减购电区,0.0,-111.43657333333329
-102.57366666666668,降负荷减购电区,0.0,-102.57366666666668
-86.99288333333334,降负荷减购电区,0.0,-86.99288333333334
-83.8013733333334,降负荷减购电区,0.0,-83.8013733333334
-98.00674666666664,降负荷回退弃电区,0.0,-98.00674666666664
-95.71228,降负荷回退弃电区,0.0,-95.71228
61.73808666666673,弃电吸收区,-61.73808666666673,0.0
27.543759999999963,弃电吸收区,-27.543759999999963,0.0
67.53013333333337,弃电吸收区,-67.53013333333337,0.0
72.91832000000005,弃电吸收区,-72.91832000000005,0.0
83.04275999999999,弃电吸收区,-83.04275999999999,0.0
87.46151333333336,弃电吸收区,-87.46151333333336,0.0
97.88228666666669,弃电吸收区,-97.88228666666669,0.0
106.41583999999987,购电边际区,-94.0634,12.352439999999888
103.93045000000006,弃电吸收区,-103.93045000000006,0.0
127.56091666666669,购电边际区,-110.3899,17.171016666666688
104.66493333333337,弃电吸收区,-104.66493333333337,0.0
98.4461666666666,弃电吸收区,-98.4461666666666,0.0
85.01718666666659,弃电吸收区,-85.01718666666659,0.0
97.36073999999996,弃电吸收区,-97.36073999999996,0.0
29.98681666666664,弃电吸收区,-29.98681666666664,0.0
-37.82229333333339,降负荷减购电区,0.0,-37.82229333333339
-84.93421333333333,降负荷减购电区,0.0,-84.93421333333333
-65.84696000000002,降负荷减购电区,0.0,-65.84696000000002
-67.60464000000007,降负荷减购电区,0.0,-67.60464000000007
-130.19701333333336,降负荷减购电区,0.0,-130.19701333333336
-135.42433333333338,降负荷减购电区,0.0,-135.42433333333338
-102.24346666666672,降负荷减购电区,0.0,-102.24346666666672
-99.5934,降负荷减购电区,0.0,-99.5934
-90.4536333333333,降负荷回退弃电区,0.0,-90.4536333333333
107.46740000000013,弃电吸收区,-107.46740000000013,0.0
95.97305333333338,弃电吸收区,-95.97305333333338,0.0
131.93056333333334,弃电吸收区,-131.93056333333334,0.0
147.2675066666667,弃电吸收区,-147.2675066666667,0.0
78.31073999999995,弃电吸收区,-78.31073999999995,0.0
-37.77403333333336,降负荷减购电区,0.0,-37.77403333333336
-48.34466666666663,降负荷减购电区,0.0,-48.34466666666663
-54.38986666666665,降负荷减购电区,0.0,-54.38986666666665
-64.7403666666666,降负荷减购电区,0.0,-64.7403666666666
-65.34742666666659,降负荷减购电区,0.0,-65.34742666666659
-104.48374666666672,降负荷减购电区,0.0,-104.48374666666672
-67.5191266666667,降负荷减购电区,0.0,-67.5191266666667
-58.74511999999993,降负荷减购电区,0.0,-58.74511999999993
-50.29623333333325,降负荷减购电区,0.0,-50.29623333333325
-37.13480000000004,降负荷减购电区,0.0,-37.13480000000004
-59.89319999999998,降负荷减购电区,0.0,-59.89319999999998
-80.8680966666667,降负荷减购电区,0.0,-80.8680966666667
-77.81543999999997,降负荷减购电区,0.0,-77.81543999999997
-73.13421999999997,降负荷减购电区,0.0,-73.13421999999997
-68.17148333333336,降负荷减购电区,0.0,-68.17148333333336
-83.03937333333334,降负荷减购电区,0.0,-83.03937333333334
-67.27274666666665,降负荷减购电区,0.0,-67.27274666666665
-94.27464000000003,降负荷回退弃电区,0.0,-94.27464000000003
-76.80113333333335,降负荷回退弃电区,0.0,-76.80113333333335
69.34199999999998,弃电吸收区,-69.34199999999998,0.0
99.63742666666673,弃电吸收区,-99.63742666666673,0.0
116.91577666666672,弃电吸收区,-116.91577666666672,0.0
101.09877333333338,弃电吸收区,-101.09877333333338,0.0
105.67754666666669,弃电吸收区,-105.67754666666669,0.0
95.2339133333333,弃电吸收区,-95.2339133333333,0.0
96.65588999999994,购电边际区,-93.3769,3.2789899999999363
102.61091999999996,购电边际区,-98.8226,3.7883199999999695
126.17704000000008,购电边际区,-106.6538,19.523240000000087
122.57108666666682,购电边际区,-114.296,8.275086666666809
40.48632999999995,弃电吸收区,-40.48632999999995,0.0
-40.48802333333333,降负荷减购电区,0.0,-40.48802333333333
-42.81424000000004,降负荷减购电区,0.0,-42.81424000000004
-95.97813333333336,降负荷减购电区,0.0,-95.97813333333336
-100.12849333333338,降负荷减购电区,0.0,-100.12849333333338
-121.7405066666667,降负荷减购电区,0.0,-121.7405066666667
-173.74785333333335,降负荷减购电区,0.0,-173.74785333333335
-140.22324000000003,降负荷减购电区,0.0,-140.22324000000003
-123.64973999999997,降负荷减购电区,0.0,-123.64973999999997
-106.18046666666658,降负荷减购电区,0.0,-106.18046666666658
-141.57536666666664,降负荷减购电区,0.0,-141.57536666666664
-139.34948000000003,降负荷回退弃电区,0.0,-139.34948000000003
-123.70604333333333,降负荷回退弃电区,0.0,-123.70604333333333
-152.7928533333333,降负荷回退弃电区,0.0,-152.7928533333333
61.43582666666674,弃电吸收区,-61.43582666666674,0.0
84.24460333333332,弃电吸收区,-84.24460333333332,0.0
72.80486666666673,弃电吸收区,-72.80486666666673,0.0
88.93513666666678,弃电吸收区,-88.93513666666678,0.0
-37.57506666666672,降负荷回退弃电区,37.57506666666672,-0.0
-106.70286,降负荷回退弃电区,0.0,-106.70286
-103.55072,降负荷回退弃电区,0.0,-103.55072
-71.35029333333335,降负荷减购电区,0.0,-71.35029333333335
-78.41826666666663,降负荷减购电区,0.0,-78.41826666666663
-142.06643333333335,降负荷回退弃电区,0.0,-142.06643333333335
-147.6451199999999,降负荷回退弃电区,0.0,-147.6451199999999
-195.4140533333333,降负荷回退弃电区,0.0,-195.4140533333333
-126.6359333333333,降负荷减购电区,0.0,-126.6359333333333
-107.6198,降负荷减购电区,0.0,-107.6198
-90.71694666666669,降负荷减购电区,0.0,-90.71694666666669
-98.39452,降负荷减购电区,0.0,-98.39452
-115.12592333333328,降负荷减购电区,0.0,-115.12592333333328
-136.51229999999993,降负荷减购电区,0.0,-136.51229999999993
-100.83799999999997,降负荷减购电区,0.0,-100.83799999999997
-99.8440133333334,降负荷减购电区,0.0,-99.8440133333334
-132.95884,降负荷减购电区,0.0,-132.95884
-62.04415666666665,降负荷减购电区,0.0,-62.04415666666665
-68.76288,降负荷减购电区,0.0,-68.76288
-88.45719333333332,降负荷回退弃电区,0.0,-88.45719333333332
29.953373333333275,弃电吸收区,-29.953373333333275,0.0
49.41485333333327,弃电吸收区,-49.41485333333327,0.0
60.34785999999997,弃电吸收区,-60.34785999999997,0.0
80.81348666666662,弃电吸收区,-80.81348666666662,0.0
124.52773333333334,弃电吸收区,-124.52773333333334,0.0
99.99979999999994,弃电吸收区,-99.99979999999994,0.0
108.86947999999995,购电边际区,-99.822,9.04747999999995
91.92259999999992,弃电吸收区,-91.92259999999992,0.0
141.66257333333328,购电边际区,-108.3038,33.35877333333329
120.50183333333337,弃电吸收区,-120.50183333333337,0.0
102.6405533333334,弃电吸收区,-102.6405533333334,0.0
94.9198,弃电吸收区,-94.9198,0.0
100.18268,弃电吸收区,-100.18268,0.0
83.11726666666675,弃电吸收区,-83.11726666666675,0.0
35.835590000000025,弃电吸收区,-35.835590000000025,0.0
-43.97078666666664,降负荷减购电区,0.0,-43.97078666666664
-85.36093333333326,降负荷减购电区,0.0,-85.36093333333326
-53.29936000000009,降负荷减购电区,0.0,-53.29936000000009
-80.50783999999999,降负荷减购电区,0.0,-80.50783999999999
-74.40168,降负荷减购电区,0.0,-74.40168
-78.26756,降负荷减购电区,0.0,-78.26756
-57.60212000000001,降负荷减购电区,0.0,-57.60212000000001
-36.80798666666664,降负荷减购电区,0.0,-36.80798666666664
-104.41432000000005,降负荷回退弃电区,0.0,-104.41432000000005
45.402499999999975,弃电吸收区,-45.402499999999975,0.0
8.859520000000032,弃电吸收区,-8.859520000000032,0.0
36.587853333333385,弃电吸收区,-36.587853333333385,0.0
60.76187999999996,弃电吸收区,-60.76187999999996,0.0
7.63862666666671,弃电吸收区,-7.63862666666671,0.0
-27.49422999999996,降负荷减购电区,0.0,-27.49422999999996
-50.152300000000025,降负荷回退弃电区,0.0,-50.152300000000025
-42.32148000000001,降负荷减购电区,0.0,-42.32148000000001
-74.49904666666674,降负荷减购电区,0.0,-74.49904666666674
-93.82505999999997,降负荷减购电区,0.0,-93.82505999999997
-106.51744000000002,降负荷减购电区,0.0,-106.51744000000002
-114.47271999999998,降负荷减购电区,0.0,-114.47271999999998
-100.76687999999996,降负荷减购电区,0.0,-100.76687999999996
-96.03147333333334,降负荷减购电区,0.0,-96.03147333333334
-96.36590666666666,降负荷减购电区,0.0,-96.36590666666666
-83.88265333333328,降负荷减购电区,0.0,-83.88265333333328
-112.12745333333334,降负荷减购电区,0.0,-112.12745333333334
-113.60827333333332,降负荷减购电区,0.0,-113.60827333333332
-85.91126666666662,降负荷减购电区,0.0,-85.91126666666662
-99.37580666666668,降负荷减购电区,0.0,-99.37580666666668
-58.27945333333332,降负荷减购电区,0.0,-58.27945333333332
-32.010773333333304,降负荷减购电区,0.0,-32.010773333333304
-6.550659999999937,降负荷减购电区,0.0,-6.550659999999937
-60.61202,降负荷减购电区,0.0,-60.61202
104.42151666666672,弃电吸收区,-104.42151666666672,0.0
114.66067999999996,弃电吸收区,-114.66067999999996,0.0
93.7166866666666,弃电吸收区,-93.7166866666666,0.0
67.20331999999996,弃电吸收区,-67.20331999999996,0.0
-39.70697333333334,降负荷回退弃电区,0.223073333333339,-39.4839
-70.82324333333332,降负荷减购电区,0.0,-70.82324333333332
-96.03740000000003,降负荷回退弃电区,0.0,-96.03740000000003
-119.37491999999996,降负荷回退弃电区,0.0,-119.37491999999996
-53.19902999999999,降负荷减购电区,0.0,-53.19902999999999
-114.33386666666672,降负荷减购电区,0.0,-114.33386666666672
-135.62414666666666,降负荷减购电区,0.0,-135.62414666666666
-79.61884000000003,降负荷减购电区,0.0,-79.61884000000003
-147.4842533333334,降负荷回退弃电区,0.0,-147.4842533333334
-155.74772000000002,降负荷回退弃电区,0.0,-155.74772000000002
-202.7885200000001,降负荷回退弃电区,0.0,-202.7885200000001
-218.1165733333333,降负荷回退弃电区,0.0,-218.1165733333333
-201.04438666666664,降负荷回退弃电区,0.0,-201.04438666666664
-146.37850666666668,降负荷减购电区,0.0,-146.37850666666668
-106.44970666666671,降负荷减购电区,0.0,-106.44970666666671
-115.36849333333332,降负荷减购电区,0.0,-115.36849333333332
-125.72999999999996,降负荷减购电区,0.0,-125.72999999999996
-142.20824999999996,降负荷回退弃电区,0.0,-142.20824999999996
-126.58386333333333,降负荷回退弃电区,0.0,-126.58386333333333
-107.32515999999995,降负荷回退弃电区,0.0,-107.32515999999995
78.82212666666663,弃电吸收区,-78.82212666666663,0.0
84.20100000000008,弃电吸收区,-84.20100000000008,0.0
76.00145666666668,弃电吸收区,-76.00145666666668,0.0
145.80108000000013,弃电吸收区,-145.80108000000013,0.0
139.76138333333336,弃电吸收区,-139.76138333333336,0.0
107.22609999999992,购电边际区,-105.1099,2.116199999999921
97.03646666666664,弃电吸收区,-97.03646666666664,0.0
111.15463333333338,购电边际区,-95.6666,15.488033333333377
64.58796666666683,弃电吸收区,-64.58796666666683,0.0
89.11124333333339,弃电吸收区,-89.11124333333339,0.0
132.02919999999983,弃电吸收区,-132.02919999999983,0.0
113.42624000000012,弃电吸收区,-113.42624000000012,0.0
107.33362666666676,弃电吸收区,-107.33362666666676,0.0
70.4227699999999,弃电吸收区,-70.4227699999999,0.0
33.30363333333332,弃电吸收区,-33.30363333333332,0.0
-94.92995999999994,降负荷减购电区,0.0,-94.92995999999994
-115.56238000000008,降负荷减购电区,0.0,-115.56238000000008
-67.32820333333336,降负荷减购电区,0.0,-67.32820333333336
-117.99993333333332,降负荷减购电区,0.0,-117.99993333333332
-137.36446999999998,降负荷减购电区,0.0,-137.36446999999998
-153.44140000000004,降负荷减购电区,0.0,-153.44140000000004
-59.60109999999992,降负荷减购电区,0.0,-59.60109999999992
82.50428000000005,弃电吸收区,-82.50428000000005,0.0
84.64465333333334,弃电吸收区,-84.64465333333334,0.0
126.55804,弃电吸收区,-126.55804,0.0
114.69158333333336,弃电吸收区,-114.69158333333336,0.0
117.27179999999998,弃电吸收区,-117.27179999999998,0.0
143.42152333333337,弃电吸收区,-143.42152333333337,0.0
85.11370666666659,弃电吸收区,-85.11370666666659,0.0
90.04300000000006,弃电吸收区,-90.04300000000006,0.0
52.72362666666669,弃电吸收区,-52.72362666666669,0.0
76.63180000000006,弃电吸收区,-76.63180000000006,0.0
86.46160000000003,弃电吸收区,-86.46160000000003,0.0
99.48248666666676,弃电吸收区,-99.48248666666676,0.0
124.46423333333335,弃电吸收区,-124.46423333333335,0.0
109.82748333333323,弃电吸收区,-109.82748333333323,0.0
97.16219666666676,弃电吸收区,-97.16219666666676,0.0
63.36368666666658,弃电吸收区,-63.36368666666658,0.0
-54.81743333333333,降负荷减购电区,0.0,-54.81743333333333
-141.7176066666667,降负荷回退弃电区,0.0,-141.7176066666667
-135.78162666666668,降负荷减购电区,0.0,-135.78162666666668
-156.4419866666667,降负荷减购电区,0.0,-156.4419866666667
-187.51803999999996,降负荷减购电区,0.0,-187.51803999999996
-131.2650833333334,降负荷减购电区,0.0,-131.2650833333334
-98.4758,降负荷减购电区,0.0,-98.4758
-114.68184666666669,降负荷减购电区,0.0,-114.68184666666669
-142.2979966666666,降负荷回退弃电区,0.0,-142.2979966666666
-163.11837666666665,降负荷回退弃电区,0.2202766666666491,-162.8981
23.561886666666737,弃电吸收区,-23.561886666666737,0.0
48.60289999999998,弃电吸收区,-48.60289999999998,0.0
96.74860000000008,弃电吸收区,-96.74860000000008,0.0
81.6864000000001,弃电吸收区,-81.6864000000001,0.0
0.6167966666666302,弃电吸收区,-0.6167966666666302,0.0
-49.418239999999855,降负荷回退弃电区,0.0,-49.418239999999855
-129.52814666666666,降负荷回退弃电区,0.0,-129.52814666666666
-137.31239999999997,降负荷回退弃电区,0.0,-137.31239999999997
-122.51097333333333,降负荷回退弃电区,0.0,-122.51097333333333
-138.8126933333334,降负荷回退弃电区,0.0,-138.8126933333334
-95.52601333333332,降负荷减购电区,0.0,-95.52601333333332
-97.16854666666671,降负荷减购电区,0.0,-97.16854666666671
-79.70181333333335,降负荷减购电区,0.0,-79.70181333333335
-79.74837999999988,降负荷减购电区,0.0,-79.74837999999988
-95.11199333333344,降负荷减购电区,0.0,-95.11199333333344
-89.04562666666669,降负荷减购电区,0.0,-89.04562666666669
-74.52275333333336,降负荷减购电区,0.0,-74.52275333333336
-46.13613666666674,降负荷减购电区,0.0,-46.13613666666674
-50.75301000000002,降负荷减购电区,0.0,-50.75301000000002
-34.225653333333355,降负荷减购电区,0.0,-34.225653333333355
-58.089800000000025,降负荷减购电区,0.0,-58.089800000000025
-38.24562666666668,降负荷减购电区,0.0,-38.24562666666668
-49.56302,降负荷减购电区,0.0,-49.56302
130.69993333333338,弃电吸收区,-130.69993333333338,0.0
126.04453666666666,弃电吸收区,-126.04453666666666,0.0
149.13948666666664,弃电吸收区,-149.13948666666664,0.0
134.99592,弃电吸收区,-134.99592,0.0
101.35065666666662,弃电吸收区,-101.35065666666662,0.0
104.92993999999987,弃电吸收区,-104.92993999999987,0.0
-18.724033333333352,降负荷回退弃电区,0.0,-18.724033333333352
81.41080999999997,弃电吸收区,-81.41080999999997,0.0
128.79323999999997,购电边际区,-102.3787,26.41453999999997
87.01235666666673,弃电吸收区,-87.01235666666673,0.0
74.87919999999997,弃电吸收区,-74.87919999999997,0.0
81.90526333333332,弃电吸收区,-81.90526333333332,0.0
82.64567333333332,弃电吸收区,-82.64567333333332,0.0
99.88296000000004,弃电吸收区,-99.88296000000004,0.0
80.74914000000001,弃电吸收区,-80.74914000000001,0.0
72.10763666666674,弃电吸收区,-72.10763666666674,0.0
54.01944999999989,弃电吸收区,-54.01944999999989,0.0
-7.65217333333328,降负荷减购电区,0.0,-7.65217333333328
-93.0080266666667,降负荷减购电区,0.0,-93.0080266666667
-83.75523000000004,降负荷减购电区,0.0,-83.75523000000004
-78.58971666666667,降负荷减购电区,0.0,-78.58971666666667
-85.58276000000001,降负荷减购电区,0.0,-85.58276000000001
-77.35993333333334,降负荷减购电区,0.0,-77.35993333333334
-84.36694666666665,降负荷减购电区,0.0,-84.36694666666665
-67.47933333333333,降负荷减购电区,0.0,-67.47933333333333
146.43734999999998,弃电吸收区,-146.43734999999998,0.0
139.30545333333333,弃电吸收区,-139.30545333333333,0.0
103.45589333333334,弃电吸收区,-103.45589333333334,0.0
120.4637333333332,弃电吸收区,-120.4637333333332,0.0
103.07700999999996,弃电吸收区,-103.07700999999996,0.0
80.88122000000004,弃电吸收区,-80.88122000000004,0.0
91.29352666666672,购电边际区,-88.4605,2.8330266666667114
129.26060000000007,购电边际区,-94.539,34.721600000000066
143.9511133333334,购电边际区,-101.6898,42.261313333333405
103.42668333333324,弃电吸收区,-103.42668333333324,0.0
125.94843999999988,弃电吸收区,-125.94843999999988,0.0
121.82093999999996,弃电吸收区,-121.82093999999996,0.0
77.64864666666665,弃电吸收区,-77.64864666666665,0.0
-36.87826000000007,降负荷减购电区,0.0,-36.87826000000007
-52.67790666666667,降负荷减购电区,0.0,-52.67790666666667
-113.98165333333338,降负荷减购电区,0.0,-113.98165333333338
-98.12274000000002,降负荷减购电区,0.0,-98.12274000000002
-89.31994666666662,降负荷减购电区,0.0,-89.31994666666662
-55.19081333333333,降负荷减购电区,0.0,-55.19081333333333
-74.28865000000002,降负荷减购电区,0.0,-74.28865000000002
-77.15842666666663,降负荷减购电区,0.0,-77.15842666666663
-56.80286666666672,降负荷减购电区,0.0,-56.80286666666672
-89.46811333333329,降负荷回退弃电区,0.0,-89.46811333333329
-34.91314666666665,降负荷回退弃电区,0.0,-34.91314666666665
48.06780666666663,弃电吸收区,-48.06780666666663,0.0
60.425753333333375,弃电吸收区,-60.425753333333375,0.0
82.89332333333334,弃电吸收区,-82.89332333333334,0.0
70.36561999999998,弃电吸收区,-70.36561999999998,0.0
75.09425333333326,弃电吸收区,-75.09425333333326,0.0
72.92678666666677,弃电吸收区,-72.92678666666677,0.0
88.92116666666669,弃电吸收区,-88.92116666666669,0.0
103.05626666666672,购电边际区,-96.0919,6.96436666666672
89.7636,弃电吸收区,-89.7636,0.0
92.88272000000006,弃电吸收区,-92.88272000000006,0.0
108.69464333333336,弃电吸收区,-108.69464333333336,0.0
111.19442666666656,弃电吸收区,-111.19442666666656,0.0
119.71570333333318,弃电吸收区,-119.71570333333318,0.0
49.46269000000007,弃电吸收区,-49.46269000000007,0.0
-22.101386666666716,降负荷减购电区,0.0,-22.101386666666716
-65.47781333333336,降负荷减购电区,0.0,-65.47781333333336
-106.87473333333332,降负荷减购电区,0.0,-106.87473333333332
-72.57457333333326,降负荷减购电区,0.0,-72.57457333333326
-36.06461333333334,降负荷减购电区,0.0,-36.06461333333334
-67.10679999999996,降负荷减购电区,0.0,-67.10679999999996
-73.14861333333329,降负荷减购电区,0.0,-73.14861333333329
-73.41996999999998,降负荷减购电区,0.0,-73.41996999999998
-69.04566666666665,降负荷减购电区,0.0,-69.04566666666665
-29.130413333333365,降负荷减购电区,0.0,-29.130413333333365
104.82579999999996,弃电吸收区,-104.82579999999996,0.0
126.14825333333329,弃电吸收区,-126.14825333333329,0.0
118.86099333333328,弃电吸收区,-118.86099333333328,0.0
137.13968000000006,弃电吸收区,-137.13968000000006,0.0
100.89133999999996,弃电吸收区,-100.89133999999996,0.0
-26.48204000000004,降负荷减购电区,0.0,-26.48204000000004
-37.67158666666671,降负荷减购电区,0.0,-37.67158666666671
-21.48416666666668,降负荷减购电区,0.0,-21.48416666666668
62.14702666666665,弃电吸收区,-62.14702666666665,0.0
39.14563333333342,弃电吸收区,-39.14563333333342,0.0
53.42466666666678,弃电吸收区,-53.42466666666678,0.0
53.44160000000011,弃电吸收区,-53.44160000000011,0.0
57.8578133333333,弃电吸收区,-57.8578133333333,0.0
54.430506666666815,弃电吸收区,-54.430506666666815,0.0
67.06615999999997,弃电吸收区,-67.06615999999997,0.0
107.3746900000001,弃电吸收区,-107.3746900000001,0.0
107.50973333333332,弃电吸收区,-107.50973333333332,0.0
118.92999666666674,弃电吸收区,-118.92999666666674,0.0
21.630216666666684,弃电吸收区,-21.630216666666684,0.0
-73.00467999999995,降负荷减购电区,0.0,-73.00467999999995
-92.55124999999998,降负荷减购电区,0.0,-92.55124999999998
-76.37102666666664,降负荷减购电区,0.0,-76.37102666666664
-70.78980000000001,降负荷减购电区,0.0,-70.78980000000001
-70.04473333333328,降负荷减购电区,0.0,-70.04473333333328
122.3788933333334,弃电吸收区,-122.3788933333334,0.0
126.58344000000004,弃电吸收区,-126.58344000000004,0.0
107.24388,弃电吸收区,-107.24388,0.0
107.62022333333334,弃电吸收区,-107.62022333333334,0.0
10.164233333333357,弃电吸收区,-10.164233333333357,0.0
-134.29615000000004,降负荷回退弃电区,0.0,-134.29615000000004
-164.30963666666668,降负荷回退弃电区,0.0,-164.30963666666668
-119.9642,降负荷回退弃电区,0.0,-119.9642
-88.47836000000001,降负荷减购电区,0.0,-88.47836000000001
-88.76961333333333,降负荷减购电区,0.0,-88.76961333333333
-106.05431333333335,降负荷减购电区,0.0,-106.05431333333335
-71.80622333333338,降负荷减购电区,0.0,-71.80622333333338
-53.58595666666668,降负荷减购电区,0.0,-53.58595666666668
-69.3420000000001,降负荷减购电区,0.0,-69.3420000000001
-111.15378666666676,降负荷减购电区,0.0,-111.15378666666676
-78.68411999999995,降负荷减购电区,0.0,-78.68411999999995
-98.17565666666673,降负荷减购电区,0.0,-98.17565666666673
-82.62619999999998,降负荷减购电区,0.0,-82.62619999999998
-83.92668000000003,降负荷减购电区,0.0,-83.92668000000003
-87.05765333333329,降负荷减购电区,0.0,-87.05765333333329
-72.87090666666671,降负荷减购电区,0.0,-72.87090666666671
-79.33901666666674,降负荷减购电区,0.0,-79.33901666666674
-103.20528000000007,降负荷回退弃电区,0.0,-103.20528000000007
87.08517000000012,弃电吸收区,-87.08517000000012,0.0
122.38566666666674,弃电吸收区,-122.38566666666674,0.0
91.6956933333334,弃电吸收区,-91.6956933333334,0.0
94.19505333333336,弃电吸收区,-94.19505333333336,0.0
88.06687999999997,弃电吸收区,-88.06687999999997,0.0
102.35649666666666,弃电吸收区,-102.35649666666666,0.0
97.14314666666657,弃电吸收区,-97.14314666666657,0.0
98.32593999999996,弃电吸收区,-98.32593999999996,0.0
85.28473333333335,弃电吸收区,-85.28473333333335,0.0
90.0002433333334,弃电吸收区,-90.0002433333334,0.0
77.77310666666676,弃电吸收区,-77.77310666666676,0.0
109.96760666666673,弃电吸收区,-109.96760666666673,0.0
74.41861333333338,弃电吸收区,-74.41861333333338,0.0
67.70496999999989,弃电吸收区,-67.70496999999989,0.0
66.68346666666673,弃电吸收区,-66.68346666666673,0.0
-8.752839999999992,降负荷减购电区,0.0,-8.752839999999992
-83.87207000000001,降负荷减购电区,0.0,-83.87207000000001
-89.25052,降负荷减购电区,0.0,-89.25052
-75.28009666666668,降负荷减购电区,0.0,-75.28009666666668
-54.84368000000006,降负荷减购电区,0.0,-54.84368000000006
-66.86338333333339,降负荷减购电区,0.0,-66.86338333333339
-85.66912000000008,降负荷减购电区,0.0,-85.66912000000008
-118.11846666666662,降负荷减购电区,0.0,-118.11846666666662
-130.86037666666667,降负荷回退弃电区,0.0,-130.86037666666667
-92.99702,降负荷回退弃电区,0.0,-92.99702
50.80254000000002,弃电吸收区,-50.80254000000002,0.0
71.43157333333335,弃电吸收区,-71.43157333333335,0.0
70.57136000000003,弃电吸收区,-70.57136000000003,0.0
84.9088133333334,弃电吸收区,-84.9088133333334,0.0
-16.426603333333333,降负荷回退弃电区,0.0,-16.426603333333333
-74.46771999999999,降负荷回退弃电区,0.0,-74.46771999999999
-68.06353333333334,降负荷减购电区,0.0,-68.06353333333334
-53.181250000000034,降负荷减购电区,0.0,-53.181250000000034
-74.08968333333337,降负荷减购电区,0.0,-74.08968333333337
-79.31404000000003,降负荷减购电区,0.0,-79.31404000000003
53.12833333333333,弃电吸收区,-53.12833333333333,0.0
97.09276999999996,弃电吸收区,-97.09276999999996,0.0
90.29615333333334,弃电吸收区,-90.29615333333334,0.0
104.13957666666658,弃电吸收区,-104.13957666666658,0.0
103.45250666666676,弃电吸收区,-103.45250666666676,0.0
102.44666666666672,弃电吸收区,-102.44666666666672,0.0
39.46821333333333,弃电吸收区,-39.46821333333333,0.0
-64.05033333333336,降负荷减购电区,0.0,-64.05033333333336
-109.52268333333336,降负荷减购电区,0.0,-109.52268333333336
-135.87814666666668,降负荷减购电区,0.0,-135.87814666666668
-99.53074666666664,降负荷减购电区,0.0,-99.53074666666664
-62.24862666666667,降负荷减购电区,0.0,-62.24862666666667
-44.93260000000004,降负荷减购电区,0.0,-44.93260000000004
93.0418933333334,弃电吸收区,-93.0418933333334,0.0
107.82300000000004,弃电吸收区,-107.82300000000004,0.0
124.66150666666675,弃电吸收区,-124.66150666666675,0.0
114.08325333333346,弃电吸收区,-114.08325333333346,0.0
87.79552333333339,弃电吸收区,-87.79552333333339,0.0
84.83981000000006,弃电吸收区,-84.83981000000006,0.0
104.37706666666662,弃电吸收区,-104.37706666666662,0.0
123.18322666666673,购电边际区,-95.1782,28.00502666666671
113.31617333333344,购电边际区,-97.6055,15.710673333333432
132.62398333333329,购电边际区,-105.2892,27.33478333333329
115.98655999999988,弃电吸收区,-115.98655999999988,0.0
126.99068666666663,弃电吸收区,-126.99068666666663,0.0
93.43220666666672,弃电吸收区,-93.43220666666672,0.0
76.55729333333329,弃电吸收区,-76.55729333333329,0.0
69.51980000000015,弃电吸收区,-69.51980000000015,0.0
74.32717333333323,弃电吸收区,-74.32717333333323,0.0
98.54437999999992,弃电吸收区,-98.54437999999992,0.0
25.830529999999957,弃电吸收区,-25.830529999999957,0.0
-50.99811999999997,降负荷减购电区,0.0,-50.99811999999997
-46.388866666666615,降负荷减购电区,0.0,-46.388866666666615
-35.61841999999996,降负荷减购电区,0.0,-35.61841999999996
-38.27906999999999,降负荷减购电区,0.0,-38.27906999999999
-53.33322666666669,降负荷减购电区,0.0,-53.33322666666669
-29.38779999999997,降负荷减购电区,0.0,-29.38779999999997
-34.67099999999999,降负荷减购电区,0.0,-34.67099999999999
152.07064666666662,弃电吸收区,-152.07064666666662,0.0
142.2654,弃电吸收区,-142.2654,0.0
152.08503999999994,弃电吸收区,-152.08503999999994,0.0
142.29079999999993,弃电吸收区,-142.29079999999993,0.0
134.63820333333325,弃电吸收区,-134.63820333333325,0.0
84.88764666666657,弃电吸收区,-84.88764666666657,0.0
93.27007000000005,弃电吸收区,-93.27007000000005,0.0
101.61185333333331,购电边际区,-100.8511,0.7607533333333265
97.72522999999995,弃电吸收区,-97.72522999999995,0.0
118.48041666666676,购电边际区,-118.1596,0.3208166666667722
127.41782999999998,弃电吸收区,-127.41782999999998,0.0
89.06933333333336,弃电吸收区,-89.06933333333336,0.0
24.16979333333336,弃电吸收区,-24.16979333333336,0.0
-57.70287333333329,降负荷减购电区,0.0,-57.70287333333329
-75.2602,降负荷减购电区,0.0,-75.2602
-90.11919999999992,降负荷减购电区,0.0,-90.11919999999992
-83.99272000000008,降负荷减购电区,0.0,-83.99272000000008
-121.19525333333333,降负荷减购电区,0.0,-121.19525333333333
-94.6425166666666,降负荷减购电区,0.0,-94.6425166666666
-73.66846666666663,降负荷减购电区,0.0,-73.66846666666663
-33.447990000000004,降负荷减购电区,0.0,-33.447990000000004
-40.61036666666666,降负荷减购电区,0.0,-40.61036666666666
-32.27832000000001,降负荷减购电区,0.0,-32.27832000000001
-36.32369333333338,降负荷减购电区,0.0,-36.32369333333338
81.37313333333321,弃电吸收区,-81.37313333333321,0.0
56.79440000000011,弃电吸收区,-56.79440000000011,0.0
64.80132666666674,弃电吸收区,-64.80132666666674,0.0
73.7383166666666,弃电吸收区,-73.7383166666666,0.0
133.44313333333332,弃电吸收区,-133.44313333333332,0.0
100.27158000000004,弃电吸收区,-100.27158000000004,0.0
96.45565333333332,购电边际区,-94.6026,1.853053333333321
86.05350666666664,弃电吸收区,-86.05350666666664,0.0
95.2881000000001,弃电吸收区,-95.2881000000001,0.0
112.0838500000001,弃电吸收区,-112.0838500000001,0.0
110.65256000000012,弃电吸收区,-110.65256000000012,0.0
127.88392,弃电吸收区,-127.88392,0.0
81.39768666666669,弃电吸收区,-81.39768666666669,0.0
102.07582666666656,弃电吸收区,-102.07582666666656,0.0
58.55970000000002,弃电吸收区,-58.55970000000002,0.0
92.32688333333329,弃电吸收区,-92.32688333333329,0.0
110.8388266666667,弃电吸收区,-110.8388266666667,0.0
74.93169333333338,弃电吸收区,-74.93169333333338,0.0
127.05461000000004,弃电吸收区,-127.05461000000004,0.0
83.19643000000002,弃电吸收区,-83.19643000000002,0.0
-14.107160000000022,降负荷减购电区,0.0,-14.107160000000022
-88.5071466666667,降负荷减购电区,0.0,-88.5071466666667
-46.77664000000004,降负荷减购电区,0.0,-46.77664000000004
-61.28003999999993,降负荷减购电区,0.0,-61.28003999999993
96.98566666666665,弃电吸收区,-96.98566666666665,0.0
92.13934666666673,弃电吸收区,-92.13934666666673,0.0
91.42094999999983,弃电吸收区,-91.42094999999983,0.0
75.0510733333333,弃电吸收区,-75.0510733333333,0.0
126.39801999999996,弃电吸收区,-126.39801999999996,0.0
99.77966666666664,弃电吸收区,-99.77966666666664,0.0
93.12148000000002,弃电吸收区,-93.12148000000002,0.0
67.00139000000013,弃电吸收区,-67.00139000000013,0.0
60.61117333333334,弃电吸收区,-60.61117333333334,0.0
86.33078999999998,弃电吸收区,-86.33078999999998,0.0
77.28796666666665,弃电吸收区,-77.28796666666665,0.0
70.0743666666666,弃电吸收区,-70.0743666666666,0.0
86.97213999999997,弃电吸收区,-86.97213999999997,0.0
68.84458333333339,弃电吸收区,-68.84458333333339,0.0
-65.65899999999999,降负荷减购电区,0.0,-65.65899999999999
-89.28946666666661,降负荷减购电区,0.0,-89.28946666666661
-95.43203333333332,降负荷减购电区,0.0,-95.43203333333332
-124.16366666666664,降负荷减购电区,0.0,-124.16366666666664
-120.98866666666667,降负荷减购电区,0.0,-120.98866666666667
-136.68755999999996,降负荷减购电区,0.0,-136.68755999999996
-95.0662733333334,降负荷减购电区,0.0,-95.0662733333334
-89.71787999999998,降负荷减购电区,0.0,-89.71787999999998
-49.7061066666667,降负荷减购电区,0.0,-49.7061066666667
-104.61582666666666,降负荷回退弃电区,0.0,-104.61582666666666
109.89564,弃电吸收区,-109.89564,0.0
105.82486666666664,弃电吸收区,-105.82486666666664,0.0
108.8322266666666,弃电吸收区,-108.8322266666666,0.0
141.44582666666668,弃电吸收区,-141.44582666666668,0.0
129.45321666666666,弃电吸收区,-129.45321666666666,0.0
109.69752,购电边际区,-104.0282,5.669319999999999
99.14509000000004,购电边际区,-93.724,5.421090000000035
87.45728000000003,弃电吸收区,-87.45728000000003,0.0
106.0589700000001,购电边际区,-105.8599,0.1990700000001055
94.87280999999996,弃电吸收区,-94.87280999999996,0.0
123.16967999999996,弃电吸收区,-123.16967999999996,0.0
118.37839333333328,弃电吸收区,-118.37839333333328,0.0
91.03486999999996,弃电吸收区,-91.03486999999996,0.0
52.19700000000012,弃电吸收区,-52.19700000000012,0.0
-66.89174666666668,降负荷减购电区,0.0,-66.89174666666668
-81.82144333333326,降负荷减购电区,0.0,-81.82144333333326
-88.87968000000001,降负荷减购电区,0.0,-88.87968000000001
-133.04096666666663,降负荷减购电区,0.0,-133.04096666666663
-131.44584666666665,降负荷减购电区,0.0,-131.44584666666665
-95.71397333333334,降负荷减购电区,0.0,-95.71397333333334
-97.00090666666664,降负荷减购电区,0.0,-97.00090666666664
-111.64146666666664,降负荷减购电区,0.0,-111.64146666666664
-120.99205333333332,降负荷回退弃电区,0.0,-120.99205333333332
84.94183333333348,弃电吸收区,-84.94183333333348,0.0
119.10568000000018,弃电吸收区,-119.10568000000018,0.0
93.4152733333334,弃电吸收区,-93.4152733333334,0.0
71.5488366666666,弃电吸收区,-71.5488366666666,0.0
76.2182033333334,弃电吸收区,-76.2182033333334,0.0
106.3197433333334,弃电吸收区,-106.3197433333334,0.0
80.91297000000003,弃电吸收区,-80.91297000000003,0.0
45.48801333333336,弃电吸收区,-45.48801333333336,0.0
47.72660000000002,弃电吸收区,-47.72660000000002,0.0
77.25240666666673,弃电吸收区,-77.25240666666673,0.0
81.63475333333338,弃电吸收区,-81.63475333333338,0.0
102.30950666666672,弃电吸收区,-102.30950666666672,0.0
117.47753999999998,弃电吸收区,-117.47753999999998,0.0
80.93625333333341,弃电吸收区,-80.93625333333341,0.0
86.69782000000009,弃电吸收区,-86.69782000000009,0.0
56.12257,弃电吸收区,-56.12257,0.0
-39.84624999999994,降负荷减购电区,0.0,-39.84624999999994
-73.35181333333333,降负荷减购电区,0.0,-73.35181333333333
-84.71069333333332,降负荷减购电区,0.0,-84.71069333333332
-76.90866000000005,降负荷减购电区,0.0,-76.90866000000005
-54.04781333333335,降负荷减购电区,0.0,-54.04781333333335
-39.901706666666655,降负荷减购电区,0.0,-39.901706666666655
-27.106880000000103,降负荷减购电区,0.0,-27.106880000000103
-24.494066666666697,降负荷减购电区,0.0,-24.494066666666697
-60.05194999999992,降负荷减购电区,0.0,-60.05194999999992
74.03253333333333,弃电吸收区,-74.03253333333333,0.0
57.01791999999989,弃电吸收区,-57.01791999999989,0.0
73.61089333333325,弃电吸收区,-73.61089333333325,0.0
76.78631666666661,弃电吸收区,-76.78631666666661,0.0
42.54881000000006,弃电吸收区,-42.54881000000006,0.0
-55.10318333333333,降负荷回退弃电区,0.0,-55.10318333333333
-114.94516,降负荷回退弃电区,0.0,-114.94516
-89.64972333333338,降负荷减购电区,0.0,-89.64972333333338
-111.5017666666667,降负荷回退弃电区,0.0,-111.5017666666667
-131.38277000000005,降负荷回退弃电区,0.0,-131.38277000000005
-134.1509466666667,降负荷回退弃电区,0.0,-134.1509466666667
-125.64025333333336,降负荷减购电区,0.0,-125.64025333333336
-118.8753866666666,降负荷减购电区,0.0,-118.8753866666666
-78.91610666666662,降负荷减购电区,0.0,-78.91610666666662
-53.47207999999989,降负荷减购电区,0.0,-53.47207999999989
-56.845200000000034,降负荷减购电区,0.0,-56.845200000000034
-108.83053333333334,降负荷减购电区,0.0,-108.83053333333334
-184.02765666666664,降负荷减购电区,0.0,-184.02765666666664
-185.59779999999995,降负荷减购电区,0.0,-185.59779999999995
-189.7888,降负荷减购电区,0.0,-189.7888
-155.14489333333336,降负荷减购电区,0.0,-155.14489333333336
-97.2282366666667,降负荷减购电区,0.0,-97.2282366666667
-151.66170666666665,降负荷回退弃电区,0.0,-151.66170666666665
-116.25072000000011,降负荷回退弃电区,0.0,-116.25072000000011
31.866839999999968,弃电吸收区,-31.866839999999968,0.0
37.77318666666656,弃电吸收区,-37.77318666666656,0.0
90.4375466666666,弃电吸收区,-90.4375466666666,0.0
124.9967866666666,弃电吸收区,-124.9967866666666,0.0
106.87939,弃电吸收区,-106.87939,0.0
105.14202999999998,弃电吸收区,-105.14202999999998,0.0
96.4035833333333,弃电吸收区,-96.4035833333333,0.0
100.3520133333334,购电边际区,-99.2731,1.0789133333333891
71.56788666666671,弃电吸收区,-71.56788666666671,0.0
55.034180000000106,弃电吸收区,-55.034180000000106,0.0
-21.282659999999964,降负荷减购电区,0.0,-21.282659999999964
-87.40394000000003,降负荷减购电区,0.0,-87.40394000000003
-114.14421333333335,降负荷减购电区,0.0,-114.14421333333335
-121.13513999999998,降负荷回退弃电区,0.0,-121.13513999999998
-114.70893999999998,降负荷减购电区,0.0,-114.70893999999998
-122.76666666666664,降负荷减购电区,0.0,-122.76666666666664
-125.6055399999999,降负荷减购电区,0.0,-125.6055399999999
-132.18583333333328,降负荷减购电区,0.0,-132.18583333333328
-124.08958333333334,降负荷减购电区,0.0,-124.08958333333334
-111.93187333333331,降负荷减购电区,0.0,-111.93187333333331
-71.51962666666662,降负荷减购电区,0.0,-71.51962666666662
-103.8572133333334,降负荷减购电区,0.0,-103.8572133333334
-111.35359999999996,降负荷回退弃电区,0.0,-111.35359999999996
-143.80548666666667,降负荷回退弃电区,0.0,-143.80548666666667
25.35216333333329,弃电吸收区,-25.35216333333329,0.0
92.57792,弃电吸收区,-92.57792,0.0
97.4229699999999,弃电吸收区,-97.4229699999999,0.0
70.79106999999999,弃电吸收区,-70.79106999999999,0.0
-23.89166333333327,降负荷回退弃电区,0.396963333333268,-23.4947
-90.4413566666666,降负荷回退弃电区,0.0,-90.4413566666666
-83.11387999999994,降负荷回退弃电区,0.0,-83.11387999999994
-143.11968666666667,降负荷回退弃电区,0.0,-143.11968666666667
-97.09996666666666,降负荷减购电区,0.0,-97.09996666666666
-132.40131000000008,降负荷回退弃电区,0.0,-132.40131000000008
-111.6008266666667,降负荷减购电区,0.0,-111.6008266666667
-91.86502666666668,降负荷减购电区,0.0,-91.86502666666668
-66.8528,降负荷减购电区,0.0,-66.8528
-82.41622666666672,降负荷减购电区,0.0,-82.41622666666672
-109.60946666666666,降负荷减购电区,0.0,-109.60946666666666
-102.80734666666666,降负荷减购电区,0.0,-102.80734666666666
-103.89277333333324,降负荷减购电区,0.0,-103.89277333333324
-83.3683033333333,降负荷减购电区,0.0,-83.3683033333333
-64.27893333333338,降负荷减购电区,0.0,-64.27893333333338
-72.05471999999997,降负荷减购电区,0.0,-72.05471999999997
-49.48766666666671,降负荷减购电区,0.0,-49.48766666666671
-59.82123333333334,降负荷减购电区,0.0,-59.82123333333334
-117.60792666666676,降负荷回退弃电区,0.0,-117.60792666666676
-93.71076,降负荷回退弃电区,0.0,-93.71076
103.37799999999991,弃电吸收区,-103.37799999999991,0.0
110.81173333333334,弃电吸收区,-110.81173333333334,0.0
127.7433733333333,弃电吸收区,-127.7433733333333,0.0
132.27303999999998,弃电吸收区,-132.27303999999998,0.0
143.31865333333332,弃电吸收区,-143.31865333333332,0.0
102.59441000000004,购电边际区,-101.2093,1.38511000000004
69.7424733333333,弃电吸收区,-69.7424733333333,0.0
70.19289999999995,弃电吸收区,-70.19289999999995,0.0
-51.33847999999995,降负荷减购电区,0.0,-51.33847999999995
-80.29448000000002,降负荷回退弃电区,0.0,-80.29448000000002
-139.14712666666668,降负荷回退弃电区,0.0,-139.14712666666668
-88.77808000000005,降负荷减购电区,0.0,-88.77808000000005
-64.20442666666668,降负荷减购电区,0.0,-64.20442666666668
-29.4301333333334,降负荷减购电区,0.0,-29.4301333333334
-54.81319999999994,降负荷减购电区,0.0,-54.81319999999994
-58.47037666666665,降负荷减购电区,0.0,-58.47037666666665
-37.160199999999975,降负荷减购电区,0.0,-37.160199999999975
-56.41678666666661,降负荷减购电区,0.0,-56.41678666666661
-100.5586,降负荷减购电区,0.0,-100.5586
-97.03138666666666,降负荷减购电区,0.0,-97.03138666666666
-118.3809333333333,降负荷减购电区,0.0,-118.3809333333333
-86.73930666666666,降负荷减购电区,0.0,-86.73930666666666
-83.70569999999992,降负荷减购电区,0.0,-83.70569999999992
-54.31874666666664,降负荷减购电区,0.0,-54.31874666666664
93.20530000000002,弃电吸收区,-93.20530000000002,0.0
95.81557333333336,弃电吸收区,-95.81557333333336,0.0
91.36041333333338,弃电吸收区,-91.36041333333338,0.0
70.67041999999992,弃电吸收区,-70.67041999999992,0.0
71.70038999999997,弃电吸收区,-71.70038999999997,0.0
78.73788333333323,弃电吸收区,-78.73788333333323,0.0
97.50763666666676,弃电吸收区,-97.50763666666676,0.0
113.21118666666672,购电边际区,-94.3907,18.820486666666724
104.42871333333336,弃电吸收区,-104.42871333333336,0.0
79.30896000000007,弃电吸收区,-79.30896000000007,0.0
111.72655666666674,弃电吸收区,-111.72655666666674,0.0
87.06273333333343,弃电吸收区,-87.06273333333343,0.0
110.65256000000012,弃电吸收区,-110.65256000000012,0.0
41.32071999999994,弃电吸收区,-41.32071999999994,0.0
-39.629926666666734,降负荷减购电区,0.0,-39.629926666666734
-74.87538999999998,降负荷减购电区,0.0,-74.87538999999998
-88.45973333333342,降负荷减购电区,0.0,-88.45973333333342
-113.31786666666665,降负荷减购电区,0.0,-113.31786666666665
-82.89713333333339,降负荷减购电区,0.0,-82.89713333333339
-125.87901333333338,降负荷减购电区,0.0,-125.87901333333338
72.16986666666679,弃电吸收区,-72.16986666666679,0.0
132.74040000000008,弃电吸收区,-132.74040000000008,0.0
143.79786666666678,弃电吸收区,-143.79786666666678,0.0
137.58418,弃电吸收区,-137.58418,0.0
93.40469000000002,弃电吸收区,-93.40469000000002,0.0
93.35516000000008,弃电吸收区,-93.35516000000008,0.0
69.35554666666656,弃电吸收区,-69.35554666666656,0.0
95.0256333333333,弃电吸收区,-95.0256333333333,0.0
79.09263666666669,弃电吸收区,-79.09263666666669,0.0
91.53398000000004,弃电吸收区,-91.53398000000004,0.0
98.5282933333333,弃电吸收区,-98.5282933333333,0.0
95.11326333333324,购电边际区,-93.0729,2.0403633333332323
105.8904833333334,弃电吸收区,-105.8904833333334,0.0
114.58702000000004,购电边际区,-114.4179,0.1691200000000492
104.12348999999996,弃电吸收区,-104.12348999999996,0.0
73.42124000000001,弃电吸收区,-73.42124000000001,0.0
79.6916533333333,弃电吸收区,-79.6916533333333,0.0
64.60447666666676,弃电吸收区,-64.60447666666676,0.0
95.52474333333328,弃电吸收区,-95.52474333333328,0.0
119.16325333333327,弃电吸收区,-119.16325333333327,0.0
129.57132666666678,弃电吸收区,-129.57132666666678,0.0
70.97649000000001,弃电吸收区,-70.97649000000001,0.0
-19.011476666666624,降负荷减购电区,0.0,-19.011476666666624
-32.58820000000003,降负荷减购电区,0.0,-32.58820000000003
-32.0548,降负荷减购电区,0.0,-32.0548
-44.23156000000006,降负荷减购电区,0.0,-44.23156000000006
-31.8431333333333,降负荷减购电区,0.0,-31.8431333333333
-34.15156999999999,降负荷减购电区,0.0,-34.15156999999999
85.55566666666675,弃电吸收区,-85.55566666666675,0.0
114.57347333333333,弃电吸收区,-114.57347333333333,0.0
97.35819999999995,弃电吸收区,-97.35819999999995,0.0
91.35871999999983,弃电吸收区,-91.35871999999983,0.0
83.26881999999995,弃电吸收区,-83.26881999999995,0.0
88.29378666666656,弃电吸收区,-88.29378666666656,0.0
-49.73404666666676,降负荷回退弃电区,0.0,-49.73404666666676
-64.93340666666671,降负荷减购电区,0.0,-64.93340666666671
-46.68689333333339,降负荷减购电区,0.0,-46.68689333333339
-40.69545666666676,降负荷减购电区,0.0,-40.69545666666676
-82.03353333333331,降负荷减购电区,0.0,-82.03353333333331
-132.1913366666667,降负荷减购电区,0.0,-132.1913366666667
-148.22932000000003,降负荷回退弃电区,0.0,-148.22932000000003
-131.22867666666673,降负荷减购电区,0.0,-131.22867666666673
-116.62452333333329,降负荷减购电区,0.0,-116.62452333333329
-170.23080000000004,降负荷回退弃电区,0.0,-170.23080000000004
-148.88167666666675,降负荷减购电区,0.0,-148.88167666666675
-102.50762666666662,降负荷减购电区,0.0,-102.50762666666662
-77.45941666666664,降负荷减购电区,0.0,-77.45941666666664
-61.42990000000003,降负荷减购电区,0.0,-61.42990000000003
-36.56583999999998,降负荷减购电区,0.0,-36.56583999999998
-41.605200000000025,降负荷减购电区,0.0,-41.605200000000025
-83.92583333333334,降负荷减购电区,0.0,-83.92583333333334
-97.02800000000002,降负荷回退弃电区,0.0,-97.02800000000002
71.71520666666663,弃电吸收区,-71.71520666666663,0.0
48.48225000000008,弃电吸收区,-48.48225000000008,0.0
47.51747333333327,弃电吸收区,-47.51747333333327,0.0
68.6138666666667,弃电吸收区,-68.6138666666667,0.0
43.555073333333326,弃电吸收区,-43.555073333333326,0.0
74.23658000000017,弃电吸收区,-74.23658000000017,0.0
58.44032000000004,弃电吸收区,-58.44032000000004,0.0
58.09233999999992,弃电吸收区,-58.09233999999992,0.0
109.81732333333338,购电边际区,-101.961,7.856323333333378
143.49476000000016,购电边际区,-116.9549,26.53986000000016
111.0991766666666,弃电吸收区,-111.0991766666666,0.0
75.50065333333339,弃电吸收区,-75.50065333333339,0.0
69.71326333333332,弃电吸收区,-69.71326333333332,0.0
60.98286000000007,弃电吸收区,-60.98286000000007,0.0
53.21384666666677,弃电吸收区,-53.21384666666677,0.0
88.27389000000016,弃电吸收区,-88.27389000000016,0.0
86.12208666666675,弃电吸收区,-86.12208666666675,0.0
123.21582333333332,弃电吸收区,-123.21582333333332,0.0
91.4497366666667,弃电吸收区,-91.4497366666667,0.0
102.89328333333331,弃电吸收区,-102.89328333333331,0.0
109.25682999999988,弃电吸收区,-109.25682999999988,0.0
103.86483333333337,弃电吸收区,-103.86483333333337,0.0
122.9478533333334,弃电吸收区,-122.9478533333334,0.0
75.74703333333338,弃电吸收区,-75.74703333333338,0.0
72.5424000000001,弃电吸收区,-72.5424000000001,0.0
5.2252033333332975,弃电吸收区,-5.2252033333332975,0.0
0.4250266666667812,弃电吸收区,-0.4250266666667812,0.0
20.02197333333345,弃电吸收区,-20.02197333333345,0.0
65.17555333333337,弃电吸收区,-65.17555333333337,0.0
20.7433333333334,弃电吸收区,-20.7433333333334,0.0
-33.32141333333334,降负荷回退弃电区,0.0,-33.32141333333334
77.10593333333344,弃电吸收区,-77.10593333333344,0.0
116.63849333333326,购电边际区,-102.1192,14.519293333333252
113.8309466666667,购电边际区,-111.759,2.071946666666705
118.51470666666673,弃电吸收区,-118.51470666666673,0.0
95.75927,弃电吸收区,-95.75927,0.0
55.47021333333339,弃电吸收区,-55.47021333333339,0.0
-39.0537700000001,降负荷减购电区,0.0,-39.0537700000001
37.30159333333325,弃电吸收区,-37.30159333333325,0.0
62.6719599999999,弃电吸收区,-62.6719599999999,0.0
81.4903966666667,弃电吸收区,-81.4903966666667,0.0
84.37626,弃电吸收区,-84.37626,0.0
118.31743333333328,弃电吸收区,-118.31743333333328,0.0
138.9308033333333,弃电吸收区,-138.9308033333333,0.0
154.4400433333334,弃电吸收区,-154.4400433333334,0.0
144.2394033333332,弃电吸收区,-144.2394033333332,0.0
156.32091333333335,弃电吸收区,-156.32091333333335,0.0
138.95620333333335,弃电吸收区,-138.95620333333335,0.0
94.2928433333334,弃电吸收区,-94.2928433333334,0.0
80.48963666666663,弃电吸收区,-80.48963666666663,0.0
83.33062666666666,弃电吸收区,-83.33062666666666,0.0
86.19193666666655,弃电吸收区,-86.19193666666655,0.0
66.52006000000006,弃电吸收区,-66.52006000000006,0.0
109.52437666666674,购电边际区,-108.8863,0.6380766666667341
95.55649333333326,弃电吸收区,-95.55649333333326,0.0
105.3028966666667,购电边际区,-92.3315,12.971396666666692
110.77786666666664,购电边际区,-103.5149,7.262966666666628
82.69224000000008,弃电吸收区,-82.69224000000008,0.0
11.671300000000087,弃电吸收区,-11.671300000000087,0.0
3.5733566666666547,弃电吸收区,-3.5733566666666547,0.0
-32.42352333333338,降负荷减购电区,0.0,-32.42352333333338
-115.12549999999992,降负荷回退弃电区,0.0,-115.12549999999992
-154.11746333333338,降负荷回退弃电区,0.0,-154.11746333333338
-168.58657333333332,降负荷回退弃电区,0.0,-168.58657333333332
-127.79502000000002,降负荷减购电区,0.0,-127.79502000000002
-153.37536,降负荷减购电区,0.0,-153.37536
-148.64418666666666,降负荷减购电区,0.0,-148.64418666666666
-123.14427999999998,降负荷减购电区,0.0,-123.14427999999998
-109.97353333333332,降负荷减购电区,0.0,-109.97353333333332
-90.87696666666665,降负荷减购电区,0.0,-90.87696666666665
-74.49650666666673,降负荷减购电区,0.0,-74.49650666666673
-64.76068666666663,降负荷减购电区,0.0,-64.76068666666663
95.51839333333334,弃电吸收区,-95.51839333333334,0.0
93.00294666666662,弃电吸收区,-93.00294666666662,0.0
74.35596000000004,弃电吸收区,-74.35596000000004,0.0
100.67882666666674,弃电吸收区,-100.67882666666674,0.0
32.85193666666669,弃电吸收区,-32.85193666666669,0.0
-109.23354666666675,降负荷回退弃电区,0.0,-109.23354666666675
-78.97452666666669,降负荷回退弃电区,0.0,-78.97452666666669
57.302400000000034,弃电吸收区,-57.302400000000034,0.0
84.51426666666663,弃电吸收区,-84.51426666666663,0.0
94.3948666666667,弃电吸收区,-94.3948666666667,0.0
115.84474333333333,弃电吸收区,-115.84474333333333,0.0
100.34185333333323,弃电吸收区,-100.34185333333323,0.0
99.41644666666662,弃电吸收区,-99.41644666666662,0.0
75.03329333333329,弃电吸收区,-75.03329333333329,0.0
58.547000000000025,弃电吸收区,-58.547000000000025,0.0
82.3425666666667,弃电吸收区,-82.3425666666667,0.0
64.9063133333334,弃电吸收区,-64.9063133333334,0.0
112.09697333333328,弃电吸收区,-112.09697333333328,0.0
114.65941000000004,弃电吸收区,-114.65941000000004,0.0
73.09061666666668,弃电吸收区,-73.09061666666668,0.0
-49.49105333333336,降负荷减购电区,0.0,-49.49105333333336
-164.0823066666667,降负荷回退弃电区,0.0,-164.0823066666667
-172.14596,降负荷回退弃电区,0.0,-172.14596
-155.90519999999995,降负荷回退弃电区,0.0,-155.90519999999995
5.130799999999965,弃电吸收区,-5.130799999999965,0.0
4.380653333333271,弃电吸收区,-4.380653333333271,0.0
60.80759999999998,弃电吸收区,-60.80759999999998,0.0
111.06107666666668,弃电吸收区,-111.06107666666668,0.0
110.46332999999998,弃电吸收区,-110.46332999999998,0.0
96.18090999999998,弃电吸收区,-96.18090999999998,0.0
92.5415133333334,弃电吸收区,-92.5415133333334,0.0
68.58634999999998,弃电吸收区,-68.58634999999998,0.0
84.97823999999997,弃电吸收区,-84.97823999999997,0.0
99.05153333333328,弃电吸收区,-99.05153333333328,0.0
71.47433000000001,弃电吸收区,-71.47433000000001,0.0
-18.62539666666669,降负荷减购电区,0.0,-18.62539666666669
-26.71529666666663,降负荷减购电区,0.0,-26.71529666666663
-55.99260666666669,降负荷减购电区,0.0,-55.99260666666669
-105.66230666666672,降负荷减购电区,0.0,-105.66230666666672
-152.58203333333324,降负荷回退弃电区,0.0,-152.58203333333324
-164.13818666666668,降负荷减购电区,0.0,-164.13818666666668
-127.4665133333333,降负荷减购电区,0.0,-127.4665133333333
-150.97760000000005,降负荷减购电区,0.0,-150.97760000000005
-153.65137333333337,降负荷减购电区,0.0,-153.65137333333337
-130.00736000000006,降负荷减购电区,0.0,-130.00736000000006
-99.29495000000004,降负荷减购电区,0.0,-99.29495000000004
-81.42901333333333,降负荷减购电区,0.0,-81.42901333333333
-37.41208333333333,降负荷减购电区,0.0,-37.41208333333333
65.5252266666667,弃电吸收区,-65.5252266666667,0.0
129.15645999999992,弃电吸收区,-129.15645999999992,0.0
140.64361000000008,弃电吸收区,-140.64361000000008,0.0
75.53452000000004,弃电吸收区,-75.53452000000004,0.0
-27.583129999999983,降负荷回退弃电区,0.0,-27.583129999999983
-73.45298999999994,降负荷回退弃电区,0.0,-73.45298999999994
-64.43514333333331,降负荷减购电区,0.0,-64.43514333333331
-56.45615666666674,降负荷减购电区,0.0,-56.45615666666674
-94.36607999999995,降负荷减购电区,0.0,-94.36607999999995
-131.04368,降负荷回退弃电区,0.0,-131.04368
-124.61070666666666,降负荷减购电区,0.0,-124.61070666666666
-85.28431,降负荷减购电区,0.0,-85.28431
-74.83898333333337,降负荷减购电区,0.0,-74.83898333333337
-58.98641999999995,降负荷减购电区,0.0,-58.98641999999995
49.07449333333341,弃电吸收区,-49.07449333333341,0.0
85.94259333333343,弃电吸收区,-85.94259333333343,0.0
107.38442666666674,弃电吸收区,-107.38442666666674,0.0
78.93981333333335,弃电吸收区,-78.93981333333335,0.0
66.19959666666665,弃电吸收区,-66.19959666666665,0.0
79.41691000000003,弃电吸收区,-79.41691000000003,0.0
105.98912000000011,弃电吸收区,-105.98912000000011,0.0
124.84946666666656,弃电吸收区,-124.84946666666656,0.0
140.16693666666657,弃电吸收区,-140.16693666666657,0.0
151.96354333333318,弃电吸收区,-151.96354333333318,0.0
147.48933333333326,弃电吸收区,-147.48933333333326,0.0
117.31413333333325,弃电吸收区,-117.31413333333325,0.0
114.53198666666664,弃电吸收区,-114.53198666666664,0.0
107.70954666666672,弃电吸收区,-107.70954666666672,0.0
26.590836666666803,弃电吸收区,-26.590836666666803,0.0
-26.424466666666603,降负荷减购电区,0.0,-26.424466666666603
-21.95999333333333,降负荷减购电区,0.0,-21.95999333333333
90.90659999999995,弃电吸收区,-90.90659999999995,0.0
98.5862899999999,弃电吸收区,-98.5862899999999,0.0
122.22522333333325,弃电吸收区,-122.22522333333325,0.0
118.02109999999992,弃电吸收区,-118.02109999999992,0.0
116.31549000000008,弃电吸收区,-116.31549000000008,0.0
122.6582933333334,弃电吸收区,-122.6582933333334,0.0
39.24850333333325,弃电吸收区,-39.24850333333325,0.0
-59.62819333333334,降负荷减购电区,0.0,-59.62819333333334
-41.66954666666663,降负荷减购电区,0.0,-41.66954666666663
-55.66748666666666,降负荷减购电区,0.0,-55.66748666666666
-74.8178166666666,降负荷减购电区,0.0,-74.8178166666666
-57.85273333333339,降负荷减购电区,0.0,-57.85273333333339
-73.07580000000002,降负荷减购电区,0.0,-73.07580000000002
-75.57135,降负荷减购电区,0.0,-75.57135
-81.72026666666665,降负荷减购电区,0.0,-81.72026666666665
-90.58317333333332,降负荷减购电区,0.0,-90.58317333333332
109.53665333333332,弃电吸收区,-109.53665333333332,0.0
104.92147333333332,弃电吸收区,-104.92147333333332,0.0
88.20022999999998,弃电吸收区,-88.20022999999998,0.0
88.2980199999999,弃电吸收区,-88.2980199999999,0.0
126.72229333333335,弃电吸收区,-126.72229333333335,0.0
118.04692333333338,弃电吸收区,-118.04692333333338,0.0
102.1173133333334,购电边际区,-94.5169,7.600413333333407
110.56789333333325,购电边际区,-92.636,17.93189333333325
118.22430000000004,购电边际区,-89.8638,28.36050000000003
124.69494999999996,购电边际区,-95.556,29.13894999999995
134.95866666666666,购电边际区,-114.673,20.285666666666657
120.19110666666666,弃电吸收区,-120.19110666666666,0.0
76.6322233333334,弃电吸收区,-76.6322233333334,0.0
75.74449333333325,弃电吸收区,-75.74449333333325,0.0
50.22765333333348,弃电吸收区,-50.22765333333348,0.0
-54.85849666666672,降负荷减购电区,0.0,-54.85849666666672
-82.40098666666671,降负荷减购电区,0.0,-82.40098666666671
-109.07268,降负荷减购电区,0.0,-109.07268
-107.76542666666673,降负荷减购电区,0.0,-107.76542666666673
-99.85163333333333,降负荷减购电区,0.0,-99.85163333333333
-66.86126666666672,降负荷减购电区,0.0,-66.86126666666672
-27.22202666666664,降负荷减购电区,0.0,-27.22202666666664
-77.72400000000005,降负荷减购电区,0.0,-77.72400000000005
-112.91696999999996,降负荷回退弃电区,0.0,-112.91696999999996
-117.07875999999996,降负荷回退弃电区,0.0,-117.07875999999996
60.46046666666672,弃电吸收区,-60.46046666666672,0.0
44.37549333333345,弃电吸收区,-44.37549333333345,0.0
38.71976000000007,弃电吸收区,-38.71976000000007,0.0
87.98052000000007,弃电吸收区,-87.98052000000007,0.0
91.21563333333324,弃电吸收区,-91.21563333333324,0.0
109.46130000000004,购电边际区,-101.0987,8.362600000000057
98.42161333333326,购电边际区,-94.8202,3.601413333333255
113.17393333333332,购电边际区,-94.4523,18.721633333333315
112.89919000000005,购电边际区,-106.6736,6.22559000000004
120.5314666666668,购电边际区,-119.2339,1.2975666666667962
122.81238666666684,弃电吸收区,-122.81238666666684,0.0
15.737840000000006,弃电吸收区,-15.737840000000006,0.0
-34.08680000000004,降负荷减购电区,0.0,-34.08680000000004
-38.46364333333338,降负荷减购电区,0.0,-38.46364333333338
-94.41349333333336,降负荷减购电区,0.0,-94.41349333333336
-92.25449333333336,降负荷减购电区,0.0,-92.25449333333336
-85.24748,降负荷减购电区,0.0,-85.24748
-89.7111066666667,降负荷减购电区,0.0,-89.7111066666667
-80.5569466666667,降负荷减购电区,0.0,-80.5569466666667
-55.15694666666661,降负荷减购电区,0.0,-55.15694666666661
-48.33704666666665,降负荷减购电区,0.0,-48.33704666666665
-45.89780000000002,降负荷减购电区,0.0,-45.89780000000002
-49.11174666666665,降负荷减购电区,0.0,-49.11174666666665
-59.7429166666667,降负荷减购电区,0.0,-59.7429166666667
82.95216666666659,弃电吸收区,-82.95216666666659,0.0
116.45391999999993,弃电吸收区,-116.45391999999993,0.0
118.05581333333332,弃电吸收区,-118.05581333333332,0.0
107.85390333333334,弃电吸收区,-107.85390333333334,0.0
97.72988666666669,弃电吸收区,-97.72988666666669,0.0
102.52879333333328,购电边际区,-99.0109,3.5178933333332765
99.26362333333329,购电边际区,-94.5971,4.666523333333274
97.29131333333343,购电边际区,-96.2569,1.0344133333334469
86.3976766666666,弃电吸收区,-86.3976766666666,0.0
131.5592999999999,购电边际区,-112.975,18.5842999999999
124.7605666666666,弃电吸收区,-124.7605666666666,0.0
109.3910266666668,弃电吸收区,-109.3910266666668,0.0
102.03518666666672,弃电吸收区,-102.03518666666672,0.0
35.762776666666696,弃电吸收区,-35.762776666666696,0.0
-38.50809333333325,降负荷减购电区,0.0,-38.50809333333325
-67.4996533333333,降负荷减购电区,0.0,-67.4996533333333
-104.91427666666664,降负荷减购电区,0.0,-104.91427666666664
-85.22123333333337,降负荷减购电区,0.0,-85.22123333333337
-104.23821333333336,降负荷减购电区,0.0,-104.23821333333336
-90.70340000000004,降负荷减购电区,0.0,-90.70340000000004
-120.84812,降负荷减购电区,0.0,-120.84812
-81.92854666666665,降负荷减购电区,0.0,-81.92854666666665
-88.72219999999999,降负荷减购电区,0.0,-88.72219999999999
-94.26956,降负荷回退弃电区,0.0,-94.26956
109.78896000000005,弃电吸收区,-109.78896000000005,0.0
162.1756133333334,弃电吸收区,-162.1756133333334,0.0
149.98530666666682,弃电吸收区,-149.98530666666682,0.0
137.93046666666675,弃电吸收区,-137.93046666666675,0.0
137.72938333333332,弃电吸收区,-137.72938333333332,0.0
111.9462666666667,购电边际区,-99.7715,12.1747666666667
98.32974999999992,购电边际区,-92.4184,5.911349999999928
113.2564833333334,购电边际区,-94.6342,18.622283333333385
97.2853866666668,购电边际区,-96.5364,0.748986666666795
80.80205666666666,弃电吸收区,-80.80205666666666,0.0
82.5542333333334,弃电吸收区,-82.5542333333334,0.0
78.27983666666671,弃电吸收区,-78.27983666666671,0.0
110.07174666666664,弃电吸收区,-110.07174666666664,0.0
104.65096333333317,弃电吸收区,-104.65096333333317,0.0
62.85568666666666,弃电吸收区,-62.85568666666666,0.0
35.94988999999998,弃电吸收区,-35.94988999999998,0.0
-47.30496000000005,降负荷减购电区,0.0,-47.30496000000005
-55.95196666666669,降负荷减购电区,0.0,-55.95196666666669
-92.79381999999998,降负荷减购电区,0.0,-92.79381999999998
-134.78764,降负荷减购电区,0.0,-134.78764
-144.6191333333333,降负荷减购电区,0.0,-144.6191333333333
-113.83898999999992,降负荷减购电区,0.0,-113.83898999999992
-103.1875,降负荷回退弃电区,0.0,-103.1875
-78.48388333333332,降负荷回退弃电区,0.0,-78.48388333333332
40.46389333333332,弃电吸收区,-40.46389333333332,0.0
99.3732666666666,弃电吸收区,-99.3732666666666,0.0
85.09042333333338,弃电吸收区,-85.09042333333338,0.0
113.77845333333336,弃电吸收区,-113.77845333333336,0.0
121.31971333333324,弃电吸收区,-121.31971333333324,0.0
-8.977206666666689,降负荷回退弃电区,0.0,-8.977206666666689
-70.55865999999997,降负荷回退弃电区,0.0,-70.55865999999997
-117.03938999999995,降负荷回退弃电区,0.0,-117.03938999999995
-82.34679999999997,降负荷减购电区,0.0,-82.34679999999997
-115.34648000000004,降负荷减购电区,0.0,-115.34648000000004
-138.62304000000006,降负荷回退弃电区,0.0,-138.62304000000006
-121.88190000000009,降负荷减购电区,0.0,-121.88190000000009
-130.6546366666667,降负荷减购电区,0.0,-130.6546366666667
-124.8909533333334,降负荷减购电区,0.0,-124.8909533333334
-88.99652000000003,降负荷减购电区,0.0,-88.99652000000003
-100.47901333333334,降负荷减购电区,0.0,-100.47901333333334
-60.05406666666676,降负荷减购电区,0.0,-60.05406666666676
-87.01193333333333,降负荷减购电区,0.0,-87.01193333333333
-62.27233333333339,降负荷减购电区,0.0,-62.27233333333339
-60.26107666666667,降负荷减购电区,0.0,-60.26107666666667
-70.97225666666668,降负荷减购电区,0.0,-70.97225666666668
-78.34375999999997,降负荷减购电区,0.0,-78.34375999999997
-87.02928999999995,降负荷减购电区,0.0,-87.02928999999995
-91.63685,降负荷回退弃电区,0.0,-91.63685
76.96877333333344,弃电吸收区,-76.96877333333344,0.0
79.30007000000006,弃电吸收区,-79.30007000000006,0.0
90.14544666666666,弃电吸收区,-90.14544666666666,0.0
118.22345333333334,弃电吸收区,-118.22345333333334,0.0
99.37368999999995,弃电吸收区,-99.37368999999995,0.0
77.14445666666671,弃电吸收区,-77.14445666666671,0.0
88.01099999999997,弃电吸收区,-88.01099999999997,0.0
74.47703333333328,弃电吸收区,-74.47703333333328,0.0
58.69940000000008,弃电吸收区,-58.69940000000008,0.0
98.1498333333334,弃电吸收区,-98.1498333333334,0.0
116.52080666666684,弃电吸收区,-116.52080666666684,0.0
78.22014666666666,弃电吸收区,-78.22014666666666,0.0
56.6817933333333,弃电吸收区,-56.6817933333333,0.0
81.94632666666666,弃电吸收区,-81.94632666666666,0.0
57.15338666666662,弃电吸收区,-57.15338666666662,0.0
-69.04608999999999,降负荷减购电区,0.0,-69.04608999999999
-82.77182666666664,降负荷减购电区,0.0,-82.77182666666664
-57.11782666666676,降负荷减购电区,0.0,-57.11782666666676
-72.60590000000002,降负荷减购电区,0.0,-72.60590000000002
-55.73564333333337,降负荷减购电区,0.0,-55.73564333333337
157.54265333333336,弃电吸收区,-157.54265333333336,0.0
168.6593866666665,弃电吸收区,-168.6593866666665,0.0
140.66054333333324,弃电吸收区,-140.66054333333324,0.0
132.87586666666664,弃电吸收区,-132.87586666666664,0.0
112.84796666666676,弃电吸收区,-112.84796666666676,0.0
123.23233333333344,弃电吸收区,-123.23233333333344,0.0
115.07808666666664,弃电吸收区,-115.07808666666664,0.0
81.44425333333339,弃电吸收区,-81.44425333333339,0.0
1.1167533333332926,弃电吸收区,-1.1167533333332926,0.0
-62.5915266666666,降负荷回退弃电区,0.0,-62.5915266666666
75.45747333333316,弃电吸收区,-75.45747333333316,0.0
100.42778999999996,购电边际区,-97.8182,2.6095899999999546
75.17426333333344,弃电吸收区,-75.17426333333344,0.0
111.2308333333334,弃电吸收区,-111.2308333333334,0.0
118.14048000000014,弃电吸收区,-118.14048000000014,0.0
87.67826000000002,弃电吸收区,-87.67826000000002,0.0
-42.27406666666661,降负荷减购电区,0.0,-42.27406666666661
-82.76378333333332,降负荷减购电区,0.0,-82.76378333333332
-72.56907000000001,降负荷减购电区,0.0,-72.56907000000001
-75.00958666666679,降负荷减购电区,0.0,-75.00958666666679
-45.31190666666669,降负荷减购电区,0.0,-45.31190666666669
-75.25385,降负荷减购电区,0.0,-75.25385
-97.2566,降负荷减购电区,0.0,-97.2566
-111.66263333333342,降负荷减购电区,0.0,-111.66263333333342
-121.8708933333333,降负荷减购电区,0.0,-121.8708933333333
-127.18838333333326,降负荷减购电区,0.0,-127.18838333333326
-101.55427999999996,降负荷回退弃电区,0.0,-101.55427999999996
-97.28962,降负荷回退弃电区,0.0,-97.28962
120.43664,弃电吸收区,-120.43664,0.0
141.60499999999996,弃电吸收区,-141.60499999999996,0.0
129.17678,弃电吸收区,-129.17678,0.0
133.72084,弃电吸收区,-133.72084,0.0
142.22899333333328,弃电吸收区,-142.22899333333328,0.0
107.6104866666667,购电边际区,-107.0386,0.5718866666666997
108.3631733333333,购电边际区,-96.8363,11.5268733333333
116.25749333333329,购电边际区,-94.36,21.897493333333287
111.70581333333335,购电边际区,-111.0726,0.6332133333333729
116.49540666666668,弃电吸收区,-116.49540666666668,0.0
129.28346,弃电吸收区,-129.28346,0.0
86.58140333333324,弃电吸收区,-86.58140333333324,0.0
83.02582666666672,弃电吸收区,-83.02582666666672,0.0
29.76710666666668,弃电吸收区,-29.76710666666668,0.0
-18.36758666666674,降负荷减购电区,0.0,-18.36758666666674
-49.17651666666666,降负荷减购电区,0.0,-49.17651666666666
-66.80792666666679,降负荷减购电区,0.0,-66.80792666666679
-58.53345333333334,降负荷减购电区,0.0,-58.53345333333334
-61.18860000000001,降负荷减购电区,0.0,-61.18860000000001
-37.617399999999975,降负荷减购电区,0.0,-37.617399999999975
-20.98251666666664,降负荷减购电区,0.0,-20.98251666666664
-13.859933333333345,降负荷减购电区,0.0,-13.859933333333345
-29.530039999999985,降负荷减购电区,0.0,-29.530039999999985
-29.50210000000004,降负荷减购电区,0.0,-29.50210000000004
148.24286666666666,弃电吸收区,-148.24286666666666,0.0
132.96730666666667,弃电吸收区,-132.96730666666667,0.0
137.57486666666676,弃电吸收区,-137.57486666666676,0.0
137.28657666666675,弃电吸收区,-137.28657666666675,0.0
132.39072666666675,弃电吸收区,-132.39072666666675,0.0
91.26346999999998,弃电吸收区,-91.26346999999998,0.0
99.65478333333328,购电边际区,-98.3374,1.3173833333332825
89.00117666666682,弃电吸收区,-89.00117666666682,0.0
96.9738133333334,弃电吸收区,-96.9738133333334,0.0
58.34888000000001,弃电吸收区,-58.34888000000001,0.0
86.17204000000004,弃电吸收区,-86.17204000000004,0.0
41.49979000000008,弃电吸收区,-41.49979000000008,0.0
-53.80354999999997,降负荷减购电区,0.0,-53.80354999999997
-90.00743999999997,降负荷减购电区,0.0,-90.00743999999997
-88.43263999999999,降负荷减购电区,0.0,-88.43263999999999
-99.99556666666672,降负荷减购电区,0.0,-99.99556666666672
-129.43416666666667,降负荷减购电区,0.0,-129.43416666666667
-162.2518133333333,降负荷减购电区,0.0,-162.2518133333333
-127.36576000000002,降负荷减购电区,0.0,-127.36576000000002
-84.66666666666669,降负荷减购电区,0.0,-84.66666666666669
-83.46778666666665,降负荷减购电区,0.0,-83.46778666666665
-55.58493666666658,降负荷减购电区,0.0,-55.58493666666658
-55.23230000000001,降负荷减购电区,0.0,-55.23230000000001
-104.51253333333332,降负荷回退弃电区,0.0,-104.51253333333332
77.50810000000007,弃电吸收区,-77.50810000000007,0.0
61.22246666666666,弃电吸收区,-61.22246666666666,0.0
65.89056333333326,弃电吸收区,-65.89056333333326,0.0
98.17481000000004,弃电吸收区,-98.17481000000004,0.0
145.42685333333327,弃电吸收区,-145.42685333333327,0.0
105.11874666666664,购电边际区,-100.8451,4.27364666666665
119.48667999999992,购电边际区,-97.8169,21.66977999999992
95.6834933333334,弃电吸收区,-95.6834933333334,0.0
107.9021633333333,购电边际区,-104.645,3.2571633333333097
168.40877333333322,购电边际区,-118.633,49.77577333333322
115.56491999999992,弃电吸收区,-115.56491999999992,0.0
44.98424666666665,弃电吸收区,-44.98424666666665,0.0
10.819553333333374,弃电吸收区,-10.819553333333374,0.0
-29.452993333333325,降负荷减购电区,0.0,-29.452993333333325
-136.06991666666664,降负荷回退弃电区,0.0,-136.06991666666664
-110.85406666666664,降负荷减购电区,0.0,-110.85406666666664
-116.22701333333328,降负荷减购电区,0.0,-116.22701333333328
-157.72299333333336,降负荷减购电区,0.0,-157.72299333333336
-109.83975999999996,降负荷减购电区,0.0,-109.83975999999996
-107.8691433333334,降负荷减购电区,0.0,-107.8691433333334
-131.28582666666665,降负荷减购电区,0.0,-131.28582666666665
-98.59772000000004,降负荷减购电区,0.0,-98.59772000000004
-115.95227000000004,降负荷回退弃电区,0.0,-115.95227000000004
-111.3366666666667,降负荷回退弃电区,0.0,-111.3366666666667
92.03266666666671,弃电吸收区,-92.03266666666671,0.0
83.30946000000006,弃电吸收区,-83.30946000000006,0.0
48.53220333333343,弃电吸收区,-48.53220333333343,0.0
89.31486666666672,弃电吸收区,-89.31486666666672,0.0
47.2829466666667,弃电吸收区,-47.2829466666667,0.0
-57.87855666666667,降负荷回退弃电区,0.0,-57.87855666666667
-67.21094,降负荷回退弃电区,0.0,-67.21094
-68.76965333333328,降负荷减购电区,0.0,-68.76965333333328
-54.71329333333336,降负荷减购电区,0.0,-54.71329333333336
-51.90109000000001,降负荷减购电区,0.0,-51.90109000000001
79.46601666666663,弃电吸收区,-79.46601666666663,0.0
90.17846666666662,弃电吸收区,-90.17846666666662,0.0
84.5566,弃电吸收区,-84.5566,0.0
80.57938333333334,弃电吸收区,-80.57938333333334,0.0
81.9882366666667,弃电吸收区,-81.9882366666667,0.0
76.71646666666663,弃电吸收区,-76.71646666666663,0.0
93.85638666666682,弃电吸收区,-93.85638666666682,0.0
82.70240000000001,弃电吸收区,-82.70240000000001,0.0
145.43870666666675,弃电吸收区,-145.43870666666675,0.0
169.26771666666667,弃电吸收区,-169.26771666666667,0.0
143.19546333333335,弃电吸收区,-143.19546333333335,0.0
84.79959333333335,弃电吸收区,-84.79959333333335,0.0
46.43119999999999,弃电吸收区,-46.43119999999999,0.0
43.01236000000006,弃电吸收区,-43.01236000000006,0.0
43.50808333333339,弃电吸收区,-43.50808333333339,0.0
49.89195000000001,弃电吸收区,-49.89195000000001,0.0
35.61799666666661,弃电吸收区,-35.61799666666661,0.0
1.3254566666668095,弃电吸收区,-1.3254566666668095,0.0
42.0255699999999,弃电吸收区,-42.0255699999999,0.0
-34.22946333333334,降负荷回退弃电区,0.0,-34.22946333333334
-35.945233333333306,降负荷减购电区,0.0,-35.945233333333306
-58.027146666666624,降负荷减购电区,0.0,-58.027146666666624
-105.86720000000004,降负荷减购电区,0.0,-105.86720000000004
-98.67561333333327,降负荷减购电区,0.0,-98.67561333333327
-111.36629999999997,降负荷减购电区,0.0,-111.36629999999997
-158.42784333333327,降负荷回退弃电区,0.0,-158.42784333333327
-119.32412000000004,降负荷减购电区,0.0,-119.32412000000004
-104.74960000000004,降负荷减购电区,0.0,-104.74960000000004
-74.40168000000006,降负荷减购电区,0.0,-74.40168000000006
-75.46721000000002,降负荷减购电区,0.0,-75.46721000000002
-79.42579999999998,降负荷减购电区,0.0,-79.42579999999998
-106.01198,降负荷减购电区,0.0,-106.01198
-105.44302,降负荷减购电区,0.0,-105.44302
-141.35777333333328,降负荷减购电区,0.0,-141.35777333333328
-128.07188000000002,降负荷减购电区,0.0,-128.07188000000002
-137.69170666666668,降负荷回退弃电区,0.0,-137.69170666666668
-3.5475333333333765,降负荷减购电区,0.0,-3.5475333333333765
75.5751600000001,弃电吸收区,-75.5751600000001,0.0
43.04199333333344,弃电吸收区,-43.04199333333344,0.0
82.63635999999997,弃电吸收区,-82.63635999999997,0.0
54.69551333333328,弃电吸收区,-54.69551333333328,0.0
33.829413333333264,弃电吸收区,-33.829413333333264,0.0
17.429903333333357,弃电吸收区,-17.429903333333357,0.0
62.87854666666669,弃电吸收区,-62.87854666666669,0.0
77.97800000000001,弃电吸收区,-77.97800000000001,0.0
86.87392666666659,弃电吸收区,-86.87392666666659,0.0
109.18909666666669,购电边际区,-103.7409,5.448196666666675
119.15944333333334,弃电吸收区,-119.15944333333334,0.0
90.6970500000001,弃电吸收区,-90.6970500000001,0.0
26.77287000000001,弃电吸收区,-26.77287000000001,0.0
-36.29321333333337,降负荷减购电区,0.0,-36.29321333333337
-57.3421933333334,降负荷减购电区,0.0,-57.3421933333334
-63.35522000000003,降负荷减购电区,0.0,-63.35522000000003
-54.34033666666664,降负荷减购电区,0.0,-54.34033666666664
-89.76868000000007,降负荷减购电区,0.0,-89.76868000000007
-87.94877000000002,降负荷减购电区,0.0,-87.94877000000002
-112.77811666666668,降负荷减购电区,0.0,-112.77811666666668
-133.09261333333336,降负荷减购电区,0.0,-133.09261333333336
-120.25883999999996,降负荷减购电区,0.0,-120.25883999999996
-78.58421333333337,降负荷减购电区,0.0,-78.58421333333337
-79.14132000000001,降负荷减购电区,0.0,-79.14132000000001
-77.0001,降负荷减购电区,0.0,-77.0001
68.57153333333338,弃电吸收区,-68.57153333333338,0.0
68.4140533333333,弃电吸收区,-68.4140533333333,0.0
98.53803,弃电吸收区,-98.53803,0.0
93.97830666666664,弃电吸收区,-93.97830666666664,0.0
83.04106666666667,弃电吸收区,-83.04106666666667,0.0
92.48309333333331,弃电吸收区,-92.48309333333331,0.0
58.18377999999996,弃电吸收区,-58.18377999999996,0.0
48.99660000000006,弃电吸收区,-48.99660000000006,0.0
60.33770000000004,弃电吸收区,-60.33770000000004,0.0
93.41866000000005,弃电吸收区,-93.41866000000005,0.0
84.94606666666675,弃电吸收区,-84.94606666666675,0.0
-16.741563333333374,降负荷减购电区,0.0,-16.741563333333374
-62.80573333333336,降负荷减购电区,0.0,-62.80573333333336
-31.59336666666661,降负荷减购电区,0.0,-31.59336666666661
-53.400960000000055,降负荷减购电区,0.0,-53.400960000000055
-57.24313333333339,降负荷减购电区,0.0,-57.24313333333339
-63.55079999999998,降负荷减购电区,0.0,-63.55079999999998
-65.15607999999997,降负荷减购电区,0.0,-65.15607999999997
-43.96231999999998,降负荷减购电区,0.0,-43.96231999999998
-90.6407466666667,降负荷减购电区,0.0,-90.6407466666667
-120.87140333333326,降负荷减购电区,0.0,-120.87140333333326
-69.10323999999997,降负荷减购电区,0.0,-69.10323999999997
-49.846653333333336,降负荷减购电区,0.0,-49.846653333333336
-68.1803733333333,降负荷减购电区,0.0,-68.1803733333333
90.16068666666666,弃电吸收区,-90.16068666666666,0.0
92.6837533333333,弃电吸收区,-92.6837533333333,0.0
113.61927999999996,弃电吸收区,-113.61927999999996,0.0
112.53554666666662,弃电吸收区,-112.53554666666662,0.0
130.33247999999998,弃电吸收区,-130.33247999999998,0.0
96.89930666666665,购电边际区,-96.7126,0.1867066666666375
97.23120000000006,弃电吸收区,-97.23120000000006,0.0
97.80820333333332,购电边际区,-94.0942,3.714003333333324
98.54310999999996,购电边际区,-97.7117,0.8314099999999627
116.99917333333336,弃电吸收区,-116.99917333333336,0.0
109.63021000000003,弃电吸收区,-109.63021000000003,0.0
117.48007999999992,弃电吸收区,-117.48007999999992,0.0
83.84201333333328,弃电吸收区,-83.84201333333328,0.0
18.90733666666665,弃电吸收区,-18.90733666666665,0.0
-59.67306666666667,降负荷减购电区,0.0,-59.67306666666667
-86.03487999999999,降负荷减购电区,0.0,-86.03487999999999
-65.38129333333336,降负荷减购电区,0.0,-65.38129333333336
-76.40955000000002,降负荷减购电区,0.0,-76.40955000000002
-48.82896,降负荷减购电区,0.0,-48.82896
-67.15336666666667,降负荷减购电区,0.0,-67.15336666666667
-30.96260000000001,降负荷减购电区,0.0,-30.96260000000001
-63.956776666666656,降负荷减购电区,0.0,-63.956776666666656
-39.6155333333333,降负荷减购电区,0.0,-39.6155333333333
-44.70400000000001,降负荷减购电区,0.0,-44.70400000000001
140.83791999999994,弃电吸收区,-140.83791999999994,0.0
178.82785333333322,弃电吸收区,-178.82785333333322,0.0
160.91407999999996,弃电吸收区,-160.91407999999996,0.0
160.13514666666663,弃电吸收区,-160.13514666666663,0.0
83.28702333333331,弃电吸收区,-83.28702333333331,0.0
92.23248,弃电吸收区,-92.23248,0.0
66.03661333333326,弃电吸收区,-66.03661333333326,0.0
12.701269999999964,弃电吸收区,-12.701269999999964,0.0
21.54089333333326,弃电吸收区,-21.54089333333326,0.0
7.731760000000008,弃电吸收区,-7.731760000000008,0.0
40.511306666666655,弃电吸收区,-40.511306666666655,0.0
99.28182666666667,弃电吸收区,-99.28182666666667,0.0
52.37607000000003,弃电吸收区,-52.37607000000003,0.0
67.89081333333331,弃电吸收区,-67.89081333333331,0.0
-18.731229999999982,降负荷减购电区,0.0,-18.731229999999982
-113.61928,降负荷减购电区,0.0,-113.61928
-96.33881333333323,降负荷减购电区,0.0,-96.33881333333323
-99.83385333333337,降负荷减购电区,0.0,-99.83385333333337
-100.37402666666668,降负荷减购电区,0.0,-100.37402666666668
-81.45695333333327,降负荷减购电区,0.0,-81.45695333333327
-54.08506666666665,降负荷减购电区,0.0,-54.08506666666665
-53.38995333333333,降负荷减购电区,0.0,-53.38995333333333
-34.35434666666674,降负荷减购电区,0.0,-34.35434666666674
-53.51780000000002,降负荷减购电区,0.0,-53.51780000000002
80.07942666666662,弃电吸收区,-80.07942666666662,0.0
91.0547666666667,弃电吸收区,-91.0547666666667,0.0
109.25725333333332,弃电吸收区,-109.25725333333332,0.0
25.391110000000022,弃电吸收区,-25.391110000000022,0.0
59.91521333333338,弃电吸收区,-59.91521333333338,0.0
60.73605666666669,弃电吸收区,-60.73605666666669,0.0
80.08831666666657,弃电吸收区,-80.08831666666657,0.0
97.8712799999999,弃电吸收区,-97.8712799999999,0.0
113.76659999999998,购电边际区,-100.0737,13.69289999999998
153.75297333333322,购电边际区,-116.592,37.16097333333322
117.31413333333342,弃电吸收区,-117.31413333333342,0.0
92.14146333333326,弃电吸收区,-92.14146333333326,0.0
24.82130333333328,弃电吸收区,-24.82130333333328,0.0
-18.98014999999998,降负荷减购电区,0.0,-18.98014999999998
-121.86581333333334,降负荷回退弃电区,0.0,-121.86581333333334
-155.03482666666667,降负荷回退弃电区,0.0,-155.03482666666667
-173.23307999999992,降负荷减购电区,0.0,-173.23307999999992
-208.70799,降负荷减购电区,0.0,-208.70799
-206.0113566666666,降负荷减购电区,0.0,-206.0113566666666
-184.2228133333334,降负荷减购电区,0.0,-184.2228133333334
-150.14278666666672,降负荷减购电区,0.0,-150.14278666666672
-149.05609,降负荷回退弃电区,0.0,-149.05609
-142.48807333333332,降负荷回退弃电区,0.0,-142.48807333333332
-97.58171999999996,降负荷回退弃电区,0.0,-97.58171999999996
50.07525333333336,弃电吸收区,-50.07525333333336,0.0
81.37863666666664,弃电吸收区,-81.37863666666664,0.0
60.69753333333336,弃电吸收区,-60.69753333333336,0.0
52.844700000000046,弃电吸收区,-52.844700000000046,0.0
85.80162333333334,弃电吸收区,-85.80162333333334,0.0
82.83447999999993,弃电吸收区,-82.83447999999993,0.0
74.49650666666662,弃电吸收区,-74.49650666666662,0.0
81.81424666666669,弃电吸收区,-81.81424666666669,0.0
97.4428666666666,弃电吸收区,-97.4428666666666,0.0
117.54273333333332,弃电吸收区,-117.54273333333332,0.0
111.32820000000004,弃电吸收区,-111.32820000000004,0.0
108.89360999999984,弃电吸收区,-108.89360999999984,0.0
101.41373333333344,弃电吸收区,-101.41373333333344,0.0
44.94953333333331,弃电吸收区,-44.94953333333331,0.0
-31.082826666666733,降负荷减购电区,0.0,-31.082826666666733
-43.31758333333335,降负荷减购电区,0.0,-43.31758333333335
-78.02879999999999,降负荷减购电区,0.0,-78.02879999999999
-88.73405333333335,降负荷减购电区,0.0,-88.73405333333335
-58.15584000000001,降负荷减购电区,0.0,-58.15584000000001
-89.6852833333333,降负荷减购电区,0.0,-89.6852833333333
-111.6854933333334,降负荷减购电区,0.0,-111.6854933333334
-139.97601333333336,降负荷减购电区,0.0,-139.97601333333336
-101.66731000000004,降负荷回退弃电区,0.0,-101.66731000000004
-101.06490666666669,降负荷回退弃电区,0.0,-101.06490666666669
19.685,弃电吸收区,-19.685,0.0
44.67648333333335,弃电吸收区,-44.67648333333335,0.0
59.33016666666674,弃电吸收区,-59.33016666666674,0.0
60.85162666666668,弃电吸收区,-60.85162666666668,0.0
68.95253333333324,弃电吸收区,-68.95253333333324,0.0
98.0397666666666,购电边际区,-96.7531,1.286666666666591
84.99305666666675,弃电吸收区,-84.99305666666675,0.0
88.11768000000001,弃电吸收区,-88.11768000000001,0.0
82.57328333333334,弃电吸收区,-82.57328333333334,0.0
124.54636000000004,购电边际区,-120.4755,4.070860000000053
98.01224999999988,弃电吸收区,-98.01224999999988,0.0
-25.17732666666666,降负荷减购电区,0.0,-25.17732666666666
-27.41422,降负荷减购电区,0.0,-27.41422
-51.85494666666659,降负荷减购电区,0.0,-51.85494666666659
-135.22748333333334,降负荷回退弃电区,0.0,-135.22748333333334
-158.55865333333338,降负荷减购电区,0.0,-158.55865333333338
-139.40789999999998,降负荷减购电区,0.0,-139.40789999999998
-121.25113333333344,降负荷减购电区,0.0,-121.25113333333344
-98.07447999999994,降负荷减购电区,0.0,-98.07447999999994
-62.84298666666666,降负荷减购电区,0.0,-62.84298666666666
-39.32936000000001,降负荷减购电区,0.0,-39.32936000000001
-74.37331666666665,降负荷减购电区,0.0,-74.37331666666665
-110.92010666666668,降负荷回退弃电区,0.0,-110.92010666666668
-98.37758666666664,降负荷回退弃电区,0.0,-98.37758666666664
43.029293333333385,弃电吸收区,-43.029293333333385,0.0
69.18790666666672,弃电吸收区,-69.18790666666672,0.0
62.15379999999999,弃电吸收区,-62.15379999999999,0.0
39.57955000000004,弃电吸收区,-39.57955000000004,0.0
49.95502666666658,弃电吸收区,-49.95502666666658,0.0
55.31019333333336,弃电吸收区,-55.31019333333336,0.0
102.13340000000004,购电边际区,-94.2611,7.872300000000052
125.79942666666663,购电边际区,-99.7123,26.08712666666665
84.89696000000009,弃电吸收区,-84.89696000000009,0.0
35.77759333333336,弃电吸收区,-35.77759333333336,0.0
-43.5008866666667,降负荷减购电区,0.0,-43.5008866666667
-155.28755666666655,降负荷回退弃电区,0.0,-155.28755666666655
-151.8428933333334,降负荷回退弃电区,0.0,-151.8428933333334
-125.98230666666672,降负荷回退弃电区,0.0,-125.98230666666672
-94.32967333333336,降负荷减购电区,0.0,-94.32967333333336
-77.19567999999998,降负荷减购电区,0.0,-77.19567999999998
-134.03071999999997,降负荷减购电区,0.0,-134.03071999999997
-152.37967999999995,降负荷减购电区,0.0,-152.37967999999995
-169.63813333333331,降负荷减购电区,0.0,-169.63813333333331
-202.8952,降负荷减购电区,0.0,-202.8952
-137.36489333333338,降负荷减购电区,0.0,-137.36489333333338
-131.16052000000002,降负荷减购电区,0.0,-131.16052000000002
-139.8291166666666,降负荷回退弃电区,0.0,-139.8291166666666
-140.20715333333337,降负荷回退弃电区,0.0,-140.20715333333337
37.04505333333333,弃电吸收区,-37.04505333333333,0.0
55.11799999999988,弃电吸收区,-55.11799999999988,0.0
64.43852999999996,弃电吸收区,-64.43852999999996,0.0
62.33159999999998,弃电吸收区,-62.33159999999998,0.0
61.22839333333332,弃电吸收区,-61.22839333333332,0.0
-22.88709333333327,降负荷回退弃电区,0.0,-22.88709333333327
-86.6902,降负荷回退弃电区,0.0,-86.6902
-11.6882333333333,降负荷回退弃电区,0.0,-11.6882333333333
40.44526666666667,弃电吸收区,0.0,40.44526666666667
141.6401366666667,购电边际区,0.0,141.6401366666667
172.94690666666662,购电边际区,-68.9117,104.03520666666662
187.19799999999992,购电边际区,-148.5175,38.68049999999991
137.47242,弃电吸收区,-137.47242,0.0
