X_时间（h）,Y_设施负荷（MW）,Y_电网购电功率（MW）,Y_弃电功率（MW）,Y_新能源利用功率（MW）
0,2737.52365044,2002.8025499999999,1537.1372,964.2211000000002
1,2907.1401158,2091.5847,1672.5393833333333,1045.0553166666666
2,2964.770166643333,2039.3570333333332,1897.3865666666666,1154.9131333333335
3,3076.2287162400003,2045.6182166666667,2416.1856,1210.6105000000002
4,3123.4787633433334,1913.6105133333333,2966.3337500000002,1213.66625
5,3334.18225824,2039.5179266666667,3351.2356666666665,1294.6643333333334
6,3410.1769646233333,2084.79509,3754.6181266666667,1325.3818733333333
7,3314.7173528633334,2009.4376866666667,4147.500333333333,1305.2796666666668
8,3188.7723300000002,1962.4591266666666,4512.5467966666665,1226.3132033333334
9,3201.39835916,1914.2655466666668,4631.547186666667,1287.1328133333334
10,3095.95641631,1804.30508,4688.348663333333,1291.6513366666668
11,2899.6936124599997,1704.02482,4723.011206666667,1195.6687933333333
12,2685.2187419800002,1551.8534566666667,4605.494713333333,1133.3652866666669
13,2491.0790629266667,1422.2756433333334,4383.9767,1068.8033
14,2231.3544320066667,1240.6028033333334,4089.2484,990.7516
15,2149.0659425,1153.1386866666667,3649.9727833333336,995.9272166666666
16,1855.3605066833334,1025.3925766666666,3350.032,829.9680000000001
17,2253.8783399966665,645.39286,2709.80802,1004.29198
18,2040.0157366733333,498.81266999999997,2290.2589333333335,989.7410666666666
19,2194.50402661,583.69859,1865.8206633333334,1041.3993366666668
20,2122.8572895166667,660.3849299999999,1758.02104,895.98426
21,2028.5966091166667,745.98425,1703.62154,813.0976599999999
22,2282.9774628966666,1302.1749133333333,1258.9825499999997,980.80245
23,2523.0046713033335,1466.0097199999998,1264.50535,1056.99495
24,2729.65977754,1787.8362766666664,1307.9418999999998,1171.3235000000002
25,2992.3064891,2087.31406,1591.4743700000001,1134.49243
26,3203.63197714,2167.8985866666667,1966.7547100000002,1235.49729
27,3181.43820624,2103.6353,2292.9939933333335,1257.8029066666663
28,3049.3932566233334,1996.31584,2723.7112833333335,1233.0774166666665
29,3190.98564909,1979.0372466666668,3374.002196666667,1271.8978033333333
30,3219.5414233766664,1956.43136,3816.889936666667,1263.110063333333
31,3221.4263057666667,1952.7650333333333,4184.118726666667,1268.6612733333334
32,3035.63252625,1833.5455100000001,4536.772983333333,1202.0870166666666
33,3011.7331815733332,1822.00925,4728.956066666667,1189.7239333333332
34,2660.8213124733334,1587.0272133333335,4906.2059,1073.7941
35,2629.326925083333,1541.1322233333333,4830.4853,1088.1947
36,2269.8246329500003,1284.8166733333333,4753.852,985.008
37,2136.80331711,1212.0177966666668,4527.9945,924.7855
38,2075.66839001,1197.1386200000002,4201.4703,878.5296999999999
39,1910.83190505,1142.1372133333334,3877.2054,768.6946
40,2106.1740762066665,1160.26534,3234.091193333333,945.9088066666666
41,2104.7786633933333,564.52302,2734.5323566666666,979.5676433333333
42,2142.2559641733333,601.11256,2300.9024966666666,979.0975033333334
43,2032.3410575333332,551.71841,1974.1703533333332,933.0496466666668
44,2090.06889618,592.62936,1715.5750633333332,930.3675366666666
45,2269.6611129233333,812.17806,1553.0134466666666,981.7759533333335
46,2349.3860804433334,1381.4090133333334,1289.1000333333332,967.9770666666668
47,2447.4799908766668,1452.9115133333332,1311.8675233333333,994.5684766666668
48,2724.3070737900002,1832.9571333333333,1388.20956,1120.84994
49,2864.4128071533332,2022.8329833333335,1648.4815766666666,1071.0798233333333
50,3035.4305233133337,2095.923746666667,2038.9661233333334,1139.8361766666667
51,3151.395067966667,2162.46483,2364.9303633333334,1168.9302366666668
52,3231.6959037466668,2185.43934,2771.1476366666666,1226.2565633333334
53,3147.4805200266665,1942.23328,3410.47626,1235.42374
54,3167.498760006667,1936.7705266666667,3849.2717666666667,1230.7282333333333
55,3136.09876668,1886.5297666666668,4203.211,1249.569
56,3094.6993162733334,1832.0371133333335,4476.197796666666,1262.6622033333333
57,2989.6355615800003,1743.0084933333333,4672.05293,1246.6270700000002
58,2946.102250433333,1681.17077,4715.06852,1264.93148
59,2900.77627337,1607.59764,4625.501366666666,1293.1786333333334
60,2688.2470694833337,1456.95513,4507.56804,1231.29196
61,2613.9855342066667,1422.84259,4261.636966666667,1191.1430333333333
62,2424.4891687066665,1378.9096933333335,4034.420563333333,1045.5794366666669
63,2276.531162203333,1226.2768433333333,3595.6456333333335,1050.2543666666666
64,2058.0757542133338,1073.67013,3195.5943266666663,984.4056733333334
65,2220.4664933000004,693.1068,2743.4162066666663,970.6837933333335
66,2164.82710291,640.6136,2322.5272966666666,957.4727033333334
67,2130.7889324933335,568.3288,1914.8831666666667,992.3369333333334
68,2226.8268628966666,747.1795500000001,1746.0039866666668,905.1816133333332
69,2134.7850167033334,746.8632833333334,1590.4092666666666,939.3577333333335
70,2482.78860618,1423.62385,1168.1335433333334,1059.1647566666666
71,2850.2646642433333,1701.4854,1175.6622366666668,1148.7791633333331
72,3041.727486693333,2005.4833,1227.9760133333334,1265.7440866666666
73,3165.8747495466664,2185.084516666667,1523.4299666666666,1210.2902333333332
74,3143.19286663,2157.965526666667,2004.80556,1185.13014
75,3165.5822267133335,2123.4140466666668,2310.6512199999997,1222.1681800000001
76,3201.531483773333,2113.05451,2715.920426666667,1268.4769733333333
77,3155.52431291,1944.040433333333,3412.56892,1233.33108
78,3223.072937576667,1952.85758,3809.7846433333334,1270.2153566666666
79,3201.9873146433333,1930.8044333333332,4181.59712,1271.1828799999998
80,3116.08519044,1934.0029799999998,4556.77779,1182.08221
81,3034.88424954,1886.04935,4769.8451000000005,1148.8349
82,2943.92572955,1798.27583,4834.3501,1145.6499
83,2702.7811233,1639.8616233333335,4855.7605,1062.9195
84,2462.4536333533333,1457.6191333333331,4734.0255,1004.8344
85,2446.63773708,1423.4880766666665,4429.6304,1023.1496
86,2407.32327625,1363.5186866666666,4036.19551,1043.8044899999998
87,2210.4186766633334,1223.6817466666666,3659.16309,986.7369099999999
88,2032.3827733366666,1119.0475900000001,3266.664816666667,913.3351833333334
89,2036.10222038,540.06256,2769.00954,945.09046
90,2137.2217057333337,611.3888,2307.7755933333333,972.2244066666668
91,2052.40461336,532.57352,1938.9236066666665,968.2963933333335
92,2216.3504899533336,725.2973999999999,1721.95571,924.0816900000001
93,2247.1053766933333,832.0248233333333,1614.3142466666668,919.4895533333331
94,2334.8258866666665,1374.48486,1272.1232733333336,960.3410266666665
95,2536.0518962333335,1535.99573,1326.0781333333334,1000.0561666666666
96,2713.983063816667,1865.45033,1400.7414666666668,1078.0327333333332
97,3094.51408,2127.7837266666666,1530.0806466666668,1196.2303533333334
98,3280.02724864,2197.54639,1918.9356400000001,1282.60696
99,3293.9053591133334,2240.6760433333334,2309.8507833333333,1233.2293166666668
100,3288.49278295,2216.92921,2720.9982266666666,1251.5634733333331
101,3296.4055795500003,2074.16592,3407.00404,1238.8959599999998
102,3261.477714206667,1986.0648933333334,3804.58718,1275.41282
103,3295.873949096667,2026.6134466666665,4183.519496666667,1269.2605033333334
104,3125.97980376,1911.6984199999997,4524.578616666667,1214.2813833333335
105,3148.43980909,1852.44466,4622.68485,1295.99515
106,3045.056999563333,1816.6342833333333,4751.577283333334,1228.4227166666667
107,2992.0833275633336,1766.7169433333331,4693.313616666666,1225.3663833333333
108,2777.1570442166667,1574.7385266666665,4536.441483333333,1202.4185166666668
109,2507.8458991566667,1328.0536066666666,4272.987666666666,1179.7923333333333
110,2458.283236633333,1274.6538633333334,3896.3707266666665,1183.6292733333332
111,2399.6488841933337,1258.7782233333332,3505.02935,1140.8706500000003
112,2061.7930013033338,1044.0413533333335,3162.2483533333334,1017.7516466666668
113,2234.3110720066666,576.0844999999999,2617.7291766666667,1096.3708233333332
114,2220.0021199933335,624.08685,2263.5380299999997,1016.4619700000001
115,2223.203983826667,610.66993,1875.9359466666665,1031.2840533333333
116,2085.8760675733333,642.0637,1780.0841333333333,870.3440666666665
117,2205.804535826667,748.3822466666666,1516.6337099999998,1008.4688900000001
118,2615.9337166933337,1452.6289700000002,1087.5310533333331,1163.304646666667
119,2633.058871973333,1504.4219266666666,1186.524353333333,1128.636946666667
120,2788.8987261733337,1864.36812,1323.944893333333,1154.030606666667
121,2990.8458408733336,2035.1212866666665,1537.6448466666666,1185.2245533333335
122,2980.6484995566666,2043.09801,2022.95671,1138.2799900000002
123,3162.6718570666667,2111.3244866666664,2299.5555299999996,1231.3473700000002
124,3294.986773766667,2175.940883333333,2713.15881,1299.04599
125,3381.0723237233333,2093.1151333333332,3297.3251099999998,1347.95719
126,3233.2295380333335,1968.9964400000001,3815.766903333333,1264.2330966666666
127,3155.3177653833336,1862.3588166666666,4159.8210500000005,1292.95895
128,3053.2409862500003,1785.3827866666666,4471.0018,1267.8582000000001
129,2923.747985783333,1717.3057033333332,4712.2377166666665,1206.4422833333335
130,2845.7108267366666,1713.8672266666665,4848.1564,1131.8436
131,2691.7868062633333,1577.0191566666667,4803.9123500000005,1114.76765
132,2468.23506,1466.50454,4737.1294,1001.7305
133,2230.5510671166667,1292.622926666667,4514.8519,937.9281
134,2075.39283952,1205.27686,4209.8839,870.1161000000001
135,1818.0070091700002,1034.97024,3862.8633,783.0367
136,1849.6555095266667,1006.4056833333333,3336.7501733333334,843.2498266666666
137,2115.8362241833333,559.7202,2712.0471766666665,1002.0528233333333
138,2051.0536833333335,501.85749999999996,2295.1335166666668,984.8664833333333
139,2135.287063306667,562.4519,1912.5502366666667,994.6697633333332
140,2263.17806915,596.1466,1562.2718300000001,1091.77657
141,2512.8479908833333,885.6790500000001,1384.5396600000001,1140.18284
142,2640.085872976667,1494.4309,1089.9952266666667,1145.6549733333331
143,2845.124799553333,1654.1230933333334,1139.2016933333332,1191.0017066666667
144,3064.7335508866668,2061.8293333333336,1244.789983333333,1232.4042166666668
145,3280.1137604799997,2225.72026,1425.0988,1283.8935000000001
146,3471.5772491233333,2298.4418466666666,1813.9078966666668,1373.3076033333332
147,3478.0182071500003,2299.24885,2175.2082433333335,1358.7692566666667
148,3405.4473742,2239.377033333333,2633.8672600000004,1346.0703399999998
149,3254.0317779599995,2045.3412899999998,3383.4698133333336,1262.4301866666663
150,3145.6789662266665,1894.9867166666668,3829.30785,1250.6922499999998
151,3098.20374667,1857.9356933333333,4212.5119466666665,1240.2680533333332
152,2975.9581895966667,1771.33973,4534.24154,1204.61846
153,2797.704156253333,1638.9509566666666,4759.9268,1158.7532
154,2695.355790023333,1573.2742899999998,4857.9185,1122.0815
155,2610.5622319900003,1546.5188533333333,4854.63662,1064.04338
156,2476.26835288,1435.5234333333333,4698.1150800000005,1040.74492
157,2287.08555046,1357.30609,4523.0005,929.7795
158,2099.5772650500003,1215.4457333333332,4195.8685000000005,884.1315
159,2019.43328506,1125.1272033333332,3751.5938499999997,894.3061500000001
160,1964.2959757500003,1122.4841933333335,3338.1882066666667,841.8117933333334
161,2277.1868891933336,604.7312400000001,2615.72295,1098.37705
162,2248.0024175733333,660.23328,2230.3417633333333,1049.6582366666667
163,2166.0458908600003,613.99707,1913.3408799999995,993.8791200000004
164,2333.7736637766666,688.84344,1625.1272766666666,1044.2266233333332
165,2434.7145104533333,897.93415,1444.57174,1078.9255600000001
166,2519.3669233433334,1491.1624733333333,1215.73405,1028.20445
167,2713.60937909,1618.88272,1210.99714,1094.72666
168,2824.07353465,1934.6866733333334,1352.61764,1118.8869600000003
169,3087.4545362100002,2075.030983333333,1479.7458466666665,1241.9235533333335
170,3276.3762042,2174.82833,1898.6918266666667,1301.8199733333336
171,3278.3993170966664,2134.0388033333334,2216.548186666667,1324.360513333333
172,3347.1445266433334,2138.13636,2612.730333333333,1389.008166666667
173,3443.9484037833336,2028.21279,3177.7995866666665,1468.1004133333333
174,3544.9303142033336,2053.612923333333,3588.68261,1491.3173900000002
175,3397.6528947,1975.9671666666666,4031.0942733333336,1421.6857266666666
176,3327.93304,1915.24626,4326.173220000001,1412.68678
177,3263.13518961,1848.49913,4504.04394,1414.63606
178,3254.024756286667,1839.96235,4565.937593333333,1414.062406666667
179,2969.34811625,1749.01201,4698.343893333334,1220.3361066666666
180,2701.2384108833335,1564.69411,4602.31564,1136.54436
181,2593.2443346233335,1470.7240766666666,4330.259713333334,1122.5202866666666
182,2371.4766686499997,1304.1873633333335,4012.710673333333,1067.2893266666667
183,2094.3677333,1166.3421,3717.874456666667,928.0255433333333
184,1929.5202899800001,1051.0374,3301.51719,878.4828099999999
185,2114.8192095500003,609.9947500000001,2776.2074399999997,937.8925600000002
186,2019.2694499400002,536.7420700000001,2377.01032,902.98968
187,2045.7428129,606.2749200000001,2027.5750066666667,879.6449933333333
188,2153.5778378,657.04302,1770.47298,897.60612
189,2147.35521671,789.5413333333335,1614.5878166666666,910.9163833333334
190,2192.408095826667,1282.4144166666667,1330.87082,909.9936799999999
191,2325.41585666,1415.2646566666667,1419.3842,910.1512
192,2516.5163208733334,1743.16742,1501.5994,1002.8489
193,2774.6828653666666,1923.9836666666667,1645.3262,1080.1992
194,3147.7291491466667,2088.9965700000002,1926.22942,1258.33958
195,3257.712654693333,2135.43048,2221.176626666667,1302.2821733333333
196,3317.3000404066665,2184.46302,2653.0686800000003,1312.8370199999997
197,3340.76059534,2058.0585066666667,3318.19531,1327.7046899999998
198,3279.8035033300002,2002.0490566666665,3802.245553333333,1277.7544466666666
199,3084.4850508433333,1932.63985,4300.9348,1151.8452
200,3125.40896246,1935.284363333333,4548.7354,1190.1246
201,2972.592255366667,1817.9917366666664,4764.07948,1154.60052
202,2779.3348867,1650.5936266666668,4851.25874,1128.74126
203,2659.3346670700003,1574.1227266666667,4833.46806,1085.21194
204,2515.2381295533332,1455.83693,4679.4587200000005,1059.40118
205,2313.52187711,1338.0662666666667,4477.32444,975.45556
206,2271.60849671,1314.1116166666668,4122.50318,957.49682
207,2314.282173323333,1327.31176,3658.9296066666666,986.9703933333333
208,2130.976134703333,1179.3107733333334,3228.33458,951.6654199999999
209,2223.71146336,571.22555,2629.8864866666668,1084.2135133333334
210,2175.099174623333,587.1537999999999,2249.8069266666666,1030.1930733333334
211,2241.8735034,573.90685,1819.9659466666667,1087.2540533333336
212,2148.1354971033334,651.6791,1752.9875033333335,910.8496966666665
213,2107.767020866667,825.4210133333333,1662.7771933333333,850.7285066666667
214,2218.2842750866666,1294.483433333333,1326.7132600000002,923.8008399999999
215,2452.80573955,1467.88376,1351.14032,984.9219799999998
216,2688.54222668,1859.074706666667,1426.29618,1058.96752
217,2867.0297878,1983.2540733333333,1607.8437833333332,1113.2757166666668
218,3157.873819093333,2169.5693133333334,2002.4353933333336,1187.8801066666665
219,3167.4443624433334,2124.799883333333,2315.3171199999997,1222.64448
220,3226.171116276667,2136.308376666667,2717.2194600000003,1269.86274
221,3245.37569086,2020.7520533333334,3382.5355633333334,1263.3644366666665
222,3207.892037933333,2000.29142,3872.399483333333,1207.6006166666668
223,3046.1922658133335,1868.4566866666669,4275.04442,1177.73558
224,3100.46074129,1838.9987066666667,4477.397966666666,1261.4620333333332
225,3060.5968528733333,1765.9434466666667,4624.026593333333,1294.6534066666668
226,2985.74856287,1724.4581233333333,4718.70956,1261.29044
227,3091.167613393334,1678.9155233333333,4506.427909999999,1412.2520900000002
228,2773.4708790966665,1512.4200666666668,4477.809186666666,1261.0508133333335
229,2673.187382406667,1377.5258000000001,4157.118486666666,1295.661513333334
230,2649.0849871066666,1324.7278999999999,3755.6428633333335,1324.3571366666665
231,2489.016925836667,1264.0532833333334,3420.9363266666664,1224.9636733333336
232,2010.4737862833333,1027.8285066666667,3197.3547200000003,982.6452800000001
233,2040.9034228900002,541.4743100000001,2765.8202866666666,948.2797133333333
234,2143.3300237666667,570.8904100000001,2283.3582866666666,996.6417133333332
235,2132.6018295999997,588.97669,1938.7497600000002,968.4702400000001
236,2056.2830266333335,638.8279600000001,1803.5586333333333,846.2307666666668
237,2091.53877669,823.15935,1712.1282733333335,819.8241266666666
238,1997.3131209,1205.4095200000002,1424.3156000000001,791.9036
239,2442.7273200466666,1462.85397,1336.49405,979.8732499999999
240,2684.4389224933334,1848.1941733333333,1419.91145,1065.74475
241,2946.0498628566666,2024.3584466666669,1575.8724833333333,1151.1913166666666
242,3134.5889646266664,2129.0551633333334,1977.8233,1204.9638
243,3172.3102066799997,2142.2455466666665,2317.86454,1210.06466
244,3332.3477404366668,2242.38307,2733.85783,1269.9646699999998
245,3304.3253471333333,2048.3479666666667,3356.06472,1289.83528
246,3206.7226704433333,1949.0938133333334,3822.3711433333333,1257.6288566666667
247,3233.0206262466663,1893.4840766666666,4113.24345,1339.5365499999998
248,3307.01561288,1906.4261666666666,4338.270553333334,1400.5894466666664
249,3228.243975733333,1842.4567133333333,4532.892736666667,1385.7872633333332
250,2980.5284100133335,1744.08696,4743.55855,1236.44145
251,2903.0042013566667,1680.6210333333333,4696.296833333334,1222.3831666666665
252,2656.8662104600003,1447.73595,4529.7296,1209.1303
253,2398.4106329266665,1326.3433300000002,4380.712666666666,1072.0673333333332
254,2292.5951944633334,1280.8858133333333,4068.2906166666667,1011.7093833333333
255,2084.80313666,1130.6937933333334,3691.7907666666665,954.1092333333333
256,1829.7841967033332,977.1919633333333,3327.4077666666667,852.5922333333333
257,2026.7594491166667,510.22969,2774.49904,939.60096
258,2130.0091191,584.74982,2307.2046,972.7954000000001
259,2048.0577942200002,562.80236,1979.2105666666666,928.0094333333334
260,2223.1457895900003,629.2066,1669.65891,996.94199
261,2276.4753642,893.0953,1583.7698366666668,942.6560633333331
262,2342.85524086,1370.4003400000001,1279.1285,972.4549
263,2617.44504754,1566.30224,1275.2514933333332,1051.1428066666667
264,2928.7711699433335,2006.7430700000002,1346.2758000000001,1151.528
265,3096.184815366667,2125.0985633333335,1526.0129466666665,1200.5862533333334
266,3197.98175331,2187.50704,1973.0249866666668,1210.3526133333332
267,3368.2752562166665,2229.51166,2227.339703333333,1318.7635966666667
268,3382.0978386966667,2229.59434,2649.2998,1332.5035
269,3409.3472667033334,2151.6687533333334,3329.394486666667,1316.5055133333333
270,3214.7561603833337,2019.16992,3884.4136599999997,1195.5863400000003
271,3287.940700466667,1982.8629466666666,4147.702246666667,1305.0777533333335
272,3205.85398428,1889.1671966666665,4422.1732133333335,1316.6867866666669
273,3202.3039058233335,1846.8317066666666,4563.2078,1355.4722000000002
274,3159.3833471099997,1815.9970133333331,4636.613666666667,1343.3863333333334
275,2890.7854695333335,1645.9110433333333,4673.805573333333,1244.8744266666665
276,2706.3208257866663,1547.5686633333332,4580.107886666667,1158.7521133333332
277,2451.854342493333,1470.5139633333333,4471.4396,981.3404
278,2256.9349236900002,1291.6381633333333,4114.70325,965.29665
279,2051.4798037833334,1151.1606033333333,3745.58088,900.31912
280,1882.00030617,1064.5951866666667,3362.59483,817.40517
281,2241.7087696000003,606.4986,2637.4202299999997,1076.6797700000002
282,2091.51321954,488.84094999999996,2226.4957299999996,1053.5042700000004
283,2197.9900987066667,563.69435,1850.1291499999998,1057.0908500000003
284,2120.8326804266667,552.7091233333333,1681.9791433333332,979.2927566666666
285,2199.92308911,720.26663,1522.42974,1004.1555600000002
286,2327.20922414,1338.8478333333335,1246.29981,988.3613899999999
287,2556.9334266666665,1483.5907466666667,1247.0680200000002,1073.34268
288,2868.9907200066664,1935.788363333333,1325.1145433333331,1162.702356666667
289,3148.74486291,2129.7191333333335,1472.11827,1248.5257300000003
290,3161.3779984266666,2123.5221733333333,1941.4094766666667,1237.7789233333333
291,3343.6467437600004,2230.27238,2251.4690366666664,1293.3743633333333
292,3245.1930329,2161.84003,2715.855196666667,1263.3530033333332
293,3137.9918070599997,1916.5728266666665,3383.4046200000003,1262.4953799999998
294,3102.0921008866667,1812.4959133333332,3790.4038133333333,1289.5961866666667
295,3149.5494353566664,1843.3402199999998,4146.570783333334,1306.2092166666669
296,3217.5892924933332,1905.6459533333332,4426.91666,1311.94334
297,3179.119654166667,1851.8440233333333,4591.40437,1327.2756299999999
298,3137.8011928833334,1815.47296,4657.671766666666,1322.3282333333334
299,2899.2310033333333,1625.61327,4645.062266666667,1273.6177333333333
300,2759.98611624,1593.5250166666665,4572.3989,1166.4611000000002
301,2482.167756263333,1407.8336366666667,4378.44588,1074.33412
302,2400.0703395733335,1334.28297,4014.21252,1065.7874800000002
303,2246.7387133666666,1271.87877,3671.0400266666666,974.8599733333333
304,1935.35851998,1078.9516066666667,3323.5930666666663,856.4069333333332
305,2218.7197266566664,571.7048,2642.5730733333335,1071.5269266666664
306,2152.45541579,601.8411,2274.1350833333336,1005.8649166666667
307,2191.4701570899997,617.67245,1891.6838933333336,1015.5361066666665
308,2024.2493413133334,636.27215,1821.0221100000003,823.3448899999999
309,2339.3672224566667,820.77372,1534.3510966666668,1010.9570033333332
310,2365.400950006667,1359.2177000000001,1236.65845,1006.1831500000001
311,2830.5428191333335,1640.02986,1145.1856400000001,1190.51296
312,3081.23149046,2017.09057,1211.59538,1293.64092
313,3018.5292170933335,2056.0567533333333,1521.3648366666669,1191.972463333333
314,3042.543266243333,2077.98314,2009.0476733333335,1164.2678266666662
315,3102.141532466667,2120.9334733333335,2375.25004,1161.20806
316,3070.2511991166666,2060.6642866666666,2782.780886666667,1189.5869133333333
317,3129.013557133333,1947.2402566666665,3419.1482,1226.7518
318,3178.2906491566664,1872.6406166666666,3774.349966666667,1305.650033333333
319,3143.8354894833333,1844.0017333333333,4152.946243333334,1299.8337566666667
320,3029.8919820166666,1784.599783333333,4493.5678,1245.2921999999999
321,3053.06383714,1757.0134866666667,4622.62965,1296.05035
322,2807.418189146667,1662.0588566666668,4834.640666666666,1145.3593333333333
323,2705.5715042166667,1619.6048033333334,4832.7133,1085.9667
324,2581.14820709,1522.8945066666665,4680.6063,1058.2537
325,2316.84181663,1314.8428266666667,4450.78104,1001.9989599999999
326,2211.36836135,1249.7648900000002,4118.39656,961.6034400000001
327,1920.6840619633335,1052.1229133333334,3777.3388999999997,868.5611
328,1668.3162538,883.4845233333333,3395.16826,784.83174
329,2122.8257166599997,601.6295,2758.5884833333334,955.5115166666667
330,2268.3573157700002,621.5095,2225.0212833333335,1054.978716666667
331,2250.8609174833337,627.9378,1850.7757833333333,1056.4442166666668
332,2330.8167349166665,698.78655,1595.7596133333334,1056.3075866666668
333,2210.128727526667,853.87589,1592.3056633333333,926.4831366666667
334,2266.6348486966667,1345.0044366666666,1322.8910866666665,921.6304133333334
335,2551.3205753566667,1531.8845000000001,1308.8958233333333,1019.4359766666668
336,2863.2740691466665,1936.76901,1336.0761400000001,1156.00496
337,3023.09142382,2050.930733333333,1529.34021,1201.66079
338,3047.071880026667,2076.66818,2005.9997,1170.4470000000001
339,3259.854500876667,2165.26803,2267.0733299999997,1274.5864700000002
340,3373.861620456667,2253.690943333333,2684.1157233333333,1300.170676666667
341,3415.6398738533335,2112.8074533333333,3304.8381799999997,1341.0618200000001
342,3325.8282157466665,2022.1078366666666,3776.2796200000003,1303.7203799999997
343,3273.55279131,1993.7781599999998,4173.00537,1279.77463
344,3091.9261180333338,1884.6499166666667,4531.5838,1207.2761999999998
345,2993.980327516667,1810.978206666667,4735.67788,1183.0021199999999
346,2884.70330624,1715.3285666666668,4810.62526,1169.37474
347,2658.0241663100005,1519.7422866666668,4780.39812,1138.2818800000002
348,2503.56169089,1420.4446366666666,4655.742846666667,1083.1170533333334
349,2504.71908001,1382.64543,4330.70634,1122.07366
350,2308.011849183333,1256.4770933333332,4028.4652033333336,1051.5347966666666
351,2212.709245793333,1215.50968,3648.700423333333,997.1995766666666
352,2101.5409195233333,1137.0558933333334,3215.5149533333333,964.4850466666667
353,2287.0118233599997,608.1487999999999,2602.332176666667,1111.7678233333331
354,2248.5699662433335,599.72328,2203.065313333333,1076.9346866666667
355,2291.91814204,676.29228,1857.2705366666667,1049.9494633333334
356,2009.4610666300002,613.71768,1837.1533133333332,817.1290866666666
357,2167.5958562100004,842.09246,1653.1508033333332,870.4317966666667
358,2234.19604375,1329.0445166666668,1337.274673333333,905.1516266666669
359,2424.559933326667,1430.2167133333332,1336.97798,994.34322
360,2764.387965353333,1884.39252,1367.2491533333332,1109.4954466666668
361,2910.3340190999998,1973.656,1559.29738,1166.17792
362,3006.6406362733333,2033.4871466666666,1992.7080099999998,1173.1684900000002
363,3181.9763937566668,2143.2347266666666,2294.4111333333335,1218.7416666666663
364,3355.2502204700004,2209.0810033333332,2666.3344833333335,1326.1692166666664
365,3343.2201900066666,2020.48558,3291.93729,1353.96271
366,3285.22532709,1941.3486466666666,3736.12332,1343.87668
367,3263.9203833,1930.5449833333332,4119.4046,1333.3754
368,3145.025567516667,1882.8843766666669,4476.71881,1262.14119
369,2990.5848857633337,1701.9318533333335,4630.026966666666,1288.6530333333335
370,2742.3857699733335,1590.1277366666668,4827.7419666666665,1152.2580333333333
371,2476.74866801,1422.6928666666668,4864.6242,1054.0558
372,2425.9922384600004,1344.8768866666667,4657.7446,1081.1154
373,2304.3971557933332,1272.9650466666667,4421.34795,1031.43205
374,2290.4666942599997,1312.0572933333333,4101.59055,978.4094499999999
375,2089.0445138066666,1211.8013133333332,3768.6568,877.2432
376,2011.02295615,1126.0987733333334,3295.0758166666665,884.9241833333333
377,2404.011689593334,624.22161,2502.41822,1211.6817800000003
378,2379.5778366699997,626.46126,2101.626523333334,1178.3734766666664
379,2346.0307833200004,664.1054800000001,1792.5511966666666,1114.6688033333335
380,2223.11079336,661.1055,1715.9961066666665,956.5280933333335
381,2187.57151586,781.2408266666666,1570.3292099999999,952.38609
382,2079.59590289,1182.7051366666667,1325.9152333333334,896.8907666666667
383,2222.5729150766665,1244.2125033333332,1322.80049,978.36031
384,2534.4085800366665,1679.74708,1407.5877,1084.1615
385,2764.965840516667,1859.31444,1596.694,1135.1514
386,2996.06307287,1984.3874233333331,1992.7766500000002,1211.39755
387,3122.90707671,2072.9690266666667,2305.83925,1229.93815
388,3197.2469745999997,2098.76852,2705.486446666667,1278.4784533333332
389,3217.1203562533337,2012.453273333333,3373.1019166666665,1264.6670833333333
390,3219.9410544666666,1947.5387133333334,3807.597656666667,1272.4023433333334
391,3204.9841267,1889.9322466666665,4137.72812,1315.05188
392,3201.9821575433334,1863.2560133333332,4400.133856666666,1338.7261433333333
393,3096.5592278233335,1801.11744,4623.2382099999995,1295.4417900000003
394,2965.139479993333,1683.0351666666666,4697.895686666667,1282.1043133333333
395,2855.19835909,1605.0167700000002,4668.49841,1250.1815900000001
396,2819.2715679466664,1561.7491266666666,4481.33759,1257.52241
397,2664.6921391133333,1506.5405066666665,4294.6284866666665,1158.1515133333332
398,2570.0092633233335,1408.2418,3918.232376666667,1161.7676233333332
399,2364.8980699766666,1284.6580033333332,3565.6598933333335,1080.2401066666666
400,2095.4770955433332,1122.72565,3207.248506666667,972.7514933333333
401,2273.0427541833333,634.23104,2641.615386666667,1072.4846133333333
402,2239.6383037733335,660.29975,2253.7692466666663,1026.2307533333335
403,2241.6569595433334,666.66764,1900.9299800000001,1006.2900199999999
404,2175.5301546600003,670.5485000000001,1710.5756466666667,936.6352533333335
405,2082.8560995433336,765.6717366666667,1694.6959366666667,850.4666633333334
406,2236.690857966667,1299.9817466666664,1312.35549,936.7091100000001
407,2538.0726999733333,1537.9700499999997,1327.32625,1000.1026499999999
408,2629.37155576,1777.5005133333332,1392.1494566666668,1081.3709433333331
409,2831.6255899766666,1918.8039833333332,1566.5779933333333,1142.3216066666669
410,3181.317762926667,2110.02953,1933.2635666666665,1271.2162333333335
411,3279.965196726667,2156.8641766666665,2247.53098,1303.10102
412,3390.7521541866668,2220.6414066666666,2640.7931533333335,1350.1107466666667
413,3357.3009137733334,2092.38578,3334.1751666666664,1311.7248333333334
414,3158.2829537733332,1921.0743066666666,3842.7913533333335,1237.2086466666667
415,3194.2048662400002,1916.4925666666668,4175.0677,1277.7123
416,3125.4934113033332,1877.4006600000002,4490.76725,1248.09275
417,3028.2036099666666,1789.6673433333335,4680.143733333333,1238.5362666666667
418,3043.4762899933335,1792.9944400000002,4729.51815,1250.4818500000001
419,2832.2584220166664,1645.5315466666666,4731.953123333334,1186.7268766666666
420,2798.341690026667,1556.0075399999998,4496.52585,1242.3341500000001
421,2566.68320664,1448.1829766666667,4334.2797900000005,1118.50021
422,2362.1114591299997,1309.0545466666665,4026.9430666666667,1053.0569333333333
423,2066.40665709,1105.5646766666666,3685.05804,960.84196
424,1792.0268966466665,967.2166466666667,3355.1898,824.8101999999999
425,2138.6591515833334,617.6034999999999,2727.4293466666663,986.6706533333333
426,2218.259177106667,652.9533,2293.7315233333334,986.2684766666667
427,2255.4869057866667,642.68935,1870.4946433333332,1036.7253566666668
428,2231.588107543333,637.6762,1667.3068933333334,1000.5032066666666
429,2132.5041429133335,766.4279666666665,1603.8716233333334,913.1301766666666
430,2331.16046002,1326.5936733333333,1257.6698133333334,1004.5667866666665
431,2448.7825666333333,1397.2555200000002,1265.9257533333334,1051.5270466666666
432,2789.296212423333,1863.03013,1346.1140166666669,1155.765983333333
433,3071.503453293333,2137.157293333333,1546.6266400000004,1163.8461599999996
434,3153.1988270833335,2140.7775933333332,1961.6168666666665,1212.1884333333335
435,3268.3624424500003,2163.26418,2250.3451366666663,1285.0982633333338
436,3381.0745399733332,2214.6908399999998,2619.7153,1346.3837000000003
437,3364.1059858066665,2062.7137866666667,3317.6519,1328.2481000000002
438,3351.981192816667,2051.6086766666667,3779.627483333333,1300.3725166666668
439,3274.2908571233334,1995.7854033333333,4174.2745466666665,1278.5054533333332
440,3108.4867979933333,1886.3680366666665,4516.74124,1222.11876
441,2946.8735228733335,1748.5846933333332,4720.39117,1198.28883
442,2779.12221244,1639.5034133333334,4840.3812,1139.6188000000002
443,2594.61921422,1545.5324633333332,4869.59325,1049.08675
444,2487.6374338,1428.7942333333333,4680.0168,1058.8432
445,2275.7199051266666,1242.9000933333334,4419.9601999999995,1032.8198
446,2173.06392043,1191.94476,4098.8807,981.1192000000001
447,1984.2542170466666,1085.5160266666667,3747.1617,898.7383000000001
448,1985.3180491500002,1057.8956833333334,3252.5776333333333,927.4223666666669
449,2058.431706216667,540.73614,2754.749933333333,959.3500666666669
450,2183.9565224666667,549.18165,2227.4316266666665,1052.5683733333333
451,2194.335134183333,562.7632,1835.8645666666666,1071.3554333333334
452,2352.01546421,733.8032000000001,1649.8145366666668,1018.7614633333334
453,2058.54452958,777.0301133333335,1712.1313833333334,817.9704166666666
454,2297.9773020166667,1364.24773,1306.0670266666666,933.7294733333333
455,2480.42976377,1470.4918633333332,1317.686,1009.9379
456,2772.5690908166666,1912.36739,1391.894,1089.7015999999999
457,3126.8149524833334,2142.02142,1529.1839666666667,1214.2935333333332
458,3270.7003733366664,2191.7859266666665,1896.6805533333336,1278.9361466666664
459,3306.8571671166665,2174.23981,2217.502143333333,1312.6173566666666
460,3310.539402423333,2237.1262266666668,2732.7685233333336,1253.4131766666665
461,3362.3738471066667,2146.2045966666665,3359.24345,1276.16925
462,3319.6448005166667,2033.7650466666664,3794.1203466666666,1285.8797533333332
463,3316.47429336,2015.3197799999998,4151.625486666667,1301.1545133333334
464,3330.0246004933333,1981.25929,4390.09469,1348.76531
465,3172.56416621,1830.1932666666667,4576.3090999999995,1342.3709000000001
466,3034.179370903333,1715.3678566666665,4661.188486666667,1318.8114133333331
467,2831.2988504566665,1582.2692333333334,4669.650383333334,1249.0296166666667
468,2626.94059336,1407.6605333333332,4519.57994,1219.28006
469,2510.117258733333,1334.31959,4276.98228,1175.79772
470,2329.8548829,1223.40052,3973.5455066666664,1106.4542933333332
471,2095.3456120033334,1131.7925333333333,3682.34694,963.5530600000001
472,1793.7354279666665,973.2080766666667,3359.47255,820.52745
473,2194.2149870833337,648.0188,2721.5520333333334,992.5479666666668
474,2087.407710016667,572.8190500000001,2308.71744,971.2825600000001
475,2111.3290461833335,606.4499,1950.0790533333331,957.1409466666667
476,2273.44253751,719.447,1698.7584633333333,963.3909366666667
477,2295.085241606667,759.52691,1437.2633666666666,1076.6024333333335
478,2714.6119324300003,1552.2830533333333,1092.1169199999997,1162.32888
479,2868.9700024666663,1625.15064,1101.7047366666668,1243.819363333333
480,3061.110668213333,2001.28034,1186.7695700000002,1289.33033
481,3252.5651886766664,2186.2717199999997,1421.8644300000003,1295.7934699999996
482,3394.6892979566665,2275.7704,1854.5177033333337,1319.0414966666665
483,3437.2481562233334,2267.8167200000003,2199.5817633333336,1349.4314366666667
484,3296.579395363333,2199.442016666667,2718.19272,1277.13738
485,3418.94149203,2144.5331533333333,3348.65906,1297.2409400000001
486,3340.9273662399996,2075.6920366666664,3814.76467,1265.23533
487,3222.0862633766665,1922.861,4153.554736666667,1299.2252633333333
488,3184.3026182466665,1893.6842733333333,4448.2416533333335,1290.6183466666666
489,3100.4132937699997,1881.6035333333332,4699.87024,1218.80976
490,2878.3935871000003,1731.4024666666664,4833.00888,1146.99112
491,2698.78260534,1543.8160866666667,4763.71348,1154.96652
492,2526.3342567066666,1400.1911866666667,4612.717,1126.143
493,2470.1298975500004,1357.23891,4339.888973333333,1112.8910266666667
494,2301.0333413,1274.47414,4053.44074,1026.55926
495,2289.041992933334,1310.8151200000002,3667.6730166666666,978.2269833333335
496,2358.41925421,1203.2495999999999,3024.8303466666666,1155.1696533333334
497,2232.7796179566667,599.01075,2634.1174333333333,1079.9825666666668
498,2244.46040533,616.4870999999999,2226.4252933333332,1053.5746066666668
499,2194.55590666,617.4150500000001,1879.9004433333332,1027.3195566666668
500,2138.4198837933336,672.7029500000001,1735.5003666666667,905.8009333333334
501,2242.90424954,862.70831,1594.61786,935.3395399999999
502,2420.35112625,1454.7534666666666,1290.14914,965.5976599999999
503,2457.9972375066664,1507.4960633333333,1370.0818266666668,950.5011733333332
504,2792.616343333333,1971.959343333333,1432.2179,1050.157
505,2955.5539328933332,2033.1305,1554.0267666666666,1151.9233333333334
506,3102.797279993333,2107.79135,1985.1055700000002,1195.16573
507,3143.508216726667,2088.78998,2287.476063333333,1234.7182366666668
508,3247.0534299533333,2146.826506666667,2742.3987766666664,1280.2269233333334
509,3156.33153539,1943.5647366666665,3425.734,1220.1660000000002
510,3128.3671053733333,1922.59127,3874.2241633333333,1205.7758366666665
511,3084.757407153333,1913.1666066666667,4281.1892,1171.5908
512,3028.76986954,1809.2046599999999,4519.29479,1219.56521
513,2973.0781062300002,1790.8730066666667,4736.4749,1182.2051000000001
514,2998.28213086,1818.47303,4800.1908,1179.8091
515,2722.05662715,1625.0718666666667,4821.69524,1096.98476
516,2923.7409428600004,1613.70954,4428.828596666666,1310.0314033333334
517,2791.7941099933337,1537.4255233333333,4198.411453333333,1254.3685466666668
518,2614.03177572,1440.6863400000002,3906.654613333333,1173.3453866666666
519,2316.5570062066668,1285.62173,3614.9647333333332,1030.9352666666666
520,1966.8095633266666,1066.7104566666667,3279.900913333333,900.0990866666668
521,2034.8661911666668,578.7898399999999,2806.368246666667,907.7317533333334
522,1922.5330499733334,495.32981,2422.97196,857.0280399999999
523,2077.4949175666666,588.56115,2004.7022333333332,902.5178666666667
524,2116.550790426667,699.76445,1822.68536,834.22684
525,2125.1435942066664,782.8987033333333,1637.2114100000001,889.88829
526,2221.4594813333333,1296.6565300000002,1323.70545,924.8029500000001
527,2511.0211291166665,1492.1583033333334,1319.9075733333334,1018.8628266666667
528,2715.3452842066663,1856.817383333333,1394.8233,1088.0279
529,3019.7400533333334,2051.9374533333335,1536.2808,1197.3025
530,3178.0230009166667,2077.0376833333335,1880.8905833333333,1301.2207166666667
531,3268.1151291066667,2132.1726566666666,2234.720926666667,1315.9424733333335
532,3362.6343566333335,2256.1322633333334,2697.3946066666667,1286.5020933333333
533,3519.5228861833334,2210.7550033333337,3272.705516666667,1368.7678833333332
534,3465.3490091433337,2082.78571,3697.4367,1382.5633
535,3393.6082296100003,2029.8707133333332,4089.0424833333336,1363.7375166666666
536,3363.00721288,1988.8402800000001,4364.693066666667,1374.1669333333334
537,3260.2007361700003,1892.5900233333332,4551.069286666667,1367.6107133333335
538,3088.4905975633337,1781.7412566666665,4673.25066,1306.7493400000003
539,2787.414110833334,1607.18479,4738.45068,1180.2293200000001
540,2747.87325242,1517.8892866666667,4508.876033333333,1229.9839666666667
541,2581.2079333666666,1382.76885,4254.340966666667,1198.4390333333333
542,2460.662963726667,1319.3388333333335,3938.67582,1141.32418
543,2147.55540909,1174.5111333333334,3672.8558133333336,973.0441866666666
544,1920.53289752,1035.36227,3294.8293733333335,885.1706266666666
545,2074.2804995499996,651.237,2864.2224000000006,849.8775999999997
546,2123.6111091233333,690.07545,2416.79594,863.2040599999999
547,2015.7003083933332,645.2122,2079.2935933333333,827.9264066666666
548,2085.99480663,694.8676,1857.2005933333337,803.6413066666664
549,2138.7416257833333,811.6648399999999,1689.3052133333333,838.3191866666666
550,2260.1348833666666,1376.2390633333332,1363.33038,883.89582
551,2568.0990153633334,1528.7308799999998,1294.9573633333334,1039.368136666667
552,2863.25379666,1934.8200166666668,1323.45002,1157.93378
553,3068.080582006667,2087.172116666667,1529.5597333333333,1210.4084666666668
554,3279.9132345900002,2168.5991266666665,1896.0441933333332,1311.3533066666669
555,3262.8504182566667,2163.7559466666667,2262.002726666667,1279.094473333333
556,3182.6662162433336,2135.13073,2734.5470133333333,1227.5353866666667
557,3222.606289543334,2024.827076666667,3380.5769866666665,1257.7792133333332
558,3253.40061005,1991.02385,3817.6232400000004,1262.3767599999999
559,3271.80080289,1968.8631800000003,4149.8423766666665,1302.9376233333332
560,3261.94396954,1946.7184766666667,4423.634506666666,1315.2254933333334
561,3212.16122576,1962.7321533333331,4669.250926666667,1249.4290733333335
562,2995.9743057566666,1836.8995166666666,4820.92521,1159.07479
563,2821.6999751066664,1659.5093533333334,4756.48938,1162.1906199999999
564,2518.9159875433334,1450.7361866666668,4670.6802,1068.1798
565,2356.1307753133333,1324.5868066666667,4421.236,1031.544
566,2214.46507045,1209.41163,4074.9466,1005.0534
567,2181.97415579,1145.3164800000002,3609.2422333333334,1036.6577666666667
568,1984.8571371,1078.0642699999999,3273.207033333333,906.7929666666668
569,2220.6622641733334,587.49,2644.7996366666666,1069.3003633333333
570,2211.364899113333,565.3085,2191.9946,1088.0053999999998
571,2106.0468595666666,590.26515,1945.00429,962.21571
572,2122.786012876667,655.67125,1772.7658366666667,884.1935633333331
573,2174.2595304466668,776.4558866666666,1629.0605566666668,910.8947433333333
574,2323.7691613333336,1381.9954933333336,1300.9397333333332,941.7736666666667
575,2513.2344299666665,1464.0047,1284.2742700000001,1049.22973
576,2765.9041817400002,1852.9761133333334,1351.4192333333333,1142.4280666666668
577,2969.1407566433336,2015.6983933333333,1527.6790366666667,1182.9423633333333
578,3298.8952853333335,2179.0286266666667,1871.28774,1319.9543600000002
579,3385.45840999,2230.8237466666665,2212.4361366666667,1334.6345633333333
580,3452.36916845,2299.9122,2675.6657333333333,1332.4569666666669
581,3389.79047488,2197.97605,3377.5464733333333,1251.8144266666666
582,3345.11247663,2079.9736966666665,3814.8612200000002,1265.13878
583,3309.51591962,2031.8801266666665,4175.144206666667,1277.6357933333334
584,3330.5546946566665,2014.6831533333334,4422.98846,1315.8715399999999
585,3296.5746141866666,1967.2465333333332,4589.35192,1329.3280800000002
586,3082.83141667,1840.4859166666665,4737.654500000001,1242.3455
587,2914.7131671266666,1702.0913799999998,4706.058213333334,1212.6217866666668
588,2633.3984966933335,1471.69825,4577.159793333333,1161.7002066666669
589,2484.841662436667,1361.3535466666667,4329.291883333333,1123.4881166666667
590,2397.73937175,1290.04644,3972.3069800000003,1107.69292
591,2070.3342837933333,1132.6469499999998,3708.212666666667,937.6873333333333
592,1923.8879467233332,1112.6812566666665,3368.7933000000003,811.2067
593,2121.4326524400003,603.06538,2738.8687266666666,975.2312733333334
594,2081.2432462066668,565.8836699999999,2325.6422233333333,954.357776666667
595,2079.792977533333,567.08637,1958.4539933333333,948.7660066666667
596,2036.858497576667,594.14226,1803.2800633333331,856.2236366666668
597,2070.087489973333,767.5103700000001,1677.5194800000002,843.0852199999999
598,2295.1510200433336,1285.9933066666667,1242.1403866666667,1009.1577133333333
599,2541.7405900366666,1440.9024399999998,1226.3703500000001,1100.83805
600,2746.299207943333,1839.1819333333333,1351.714426666667,1136.617273333333
601,2966.3228153666664,2050.05112,1571.1037033333334,1145.7716966666667
602,3191.551244166667,2137.8459366666666,1910.6177933333333,1253.6265066666667
603,3219.4527575533334,2119.9547233333333,2249.0635666666667,1279.4980333333333
604,3311.675180906667,2174.5782266666665,2702.2556466666665,1317.0969533333332
605,3309.41051084,2096.2520933333335,3393.6928833333336,1252.2071166666665
606,3253.8517229,1998.9072333333331,3825.05551,1254.9444899999999
607,3312.1263875566665,2006.0843466666665,4146.73796,1306.04204
608,3151.47589669,1877.5673699999998,4464.9514733333335,1273.9085266666666
609,3056.7573537233334,1814.35648,4676.279126666666,1242.4008733333333
610,2913.13163339,1659.1123966666669,4725.980763333333,1254.0192366666665
611,2749.5924999733334,1550.1557666666668,4719.243266666666,1199.4367333333332
612,2460.5389286733334,1419.20078,4697.5218,1041.3382000000001
613,2309.480820033333,1272.85346,4416.1527,1036.6273
614,2143.327483756667,1168.0090733333334,4104.68165,975.3183499999999
615,1962.42021002,1067.79493,3751.27475,894.6252499999999
616,1880.7141937833335,1028.8829600000001,3328.1688666666664,851.8311333333334
617,2306.3024733566667,614.59278,2592.0407066666667,1122.0592933333332
618,2343.69006488,612.6857799999999,2104.2633133333334,1175.7366866666666
619,2304.915563776667,640.36712,1827.0701566666664,1080.1498433333334
620,2223.174630026667,654.22446,1671.35573,985.9075699999999
621,2204.787263853333,801.6937866666667,1599.3514233333335,939.5467766666663
622,2318.04194175,1429.6976733333333,1362.4943333333335,888.3442666666666
623,2620.58620335,1555.41813,1280.9402266666666,1065.1680733333333
624,2929.57489671,1988.61229,1306.0280933333333,1170.4626066666665
625,3119.2031853166663,2110.5576866666665,1484.2998000000002,1238.1454999999999
626,3278.4783933366666,2214.484413333333,1925.7330200000001,1264.06638
627,3254.705780463333,2098.5527933333333,2195.745213333333,1336.1529866666667
628,3335.37083044,2118.91111,2582.61778,1396.4597200000003
629,3231.456367126667,2056.38468,3407.526813333333,1235.0716866666667
630,3144.7520612833337,2011.2256600000003,3946.4736000000003,1133.5264
631,3097.827332,1942.2030333333332,4297.1557,1155.6243
632,2985.96674708,1844.8048466666667,4597.6981,1141.1619
633,2889.8121704333334,1738.85127,4767.7191,1150.9609
634,2703.3530124666668,1585.8502133333332,4862.4972,1117.5028
635,2554.75316046,1459.39816,4823.325,1095.355
636,2284.8747612566667,1296.4763599999999,4750.4615,988.3985
637,2407.51066754,1357.8280333333332,4403.097366666667,1049.6826333333333
638,2483.003080403333,1365.3555133333334,3962.3524833333336,1117.6475166666667
639,2190.3295928766665,1143.9139533333334,3599.4843499999997,1046.41565
640,1929.3139499333333,998.2722333333332,3248.9582833333334,931.0417166666667
641,2315.3388232666666,615.8324200000001,2573.189596666667,1140.9104033333333
642,2195.2216286466664,569.95175,2229.6816200000003,1050.31828
643,2362.5837633266665,657.62334,1775.3013766666668,1131.9186233333332
644,2319.11311663,723.3186000000001,1645.6679833333333,1012.0693166666666
645,2172.57571338,798.1821466666668,1575.8008333333337,943.6104666666664
646,2378.7945275499997,1380.08792,1247.0109933333335,998.7066066666665
647,2520.1409909100003,1512.1007900000002,1316.9337,1008.0402
648,2959.310030843333,2029.0744400000003,1345.9008099999999,1159.7355900000002
649,3163.6994366833333,2168.09055,1488.2892133333335,1225.1088866666664
650,3323.6607133566667,2230.7281066666665,1899.9752933333334,1293.0840066666667
651,3306.4632571266666,2177.3945400000002,2211.6558833333333,1309.0687166666667
652,3363.421310036667,2188.7093133333333,2650.1053033333337,1354.7119966666664
653,3336.217855376667,2058.6295866666665,3326.00033,1319.8996700000002
654,3359.5347266333333,2047.8127899999997,3768.278063333333,1311.7219366666666
655,3130.3661084100004,1885.3423533333334,4207.756246666666,1245.0237533333336
656,3022.3870466333337,1800.89766,4517.3706133333335,1221.4893866666666
657,3030.6541042199997,1786.6619433333333,4674.68784,1243.99216
658,3010.8232475266664,1740.477213333333,4709.653966666667,1270.3460333333333
659,2817.40439248,1586.1711833333334,4687.44679,1231.2332099999999
660,2645.112447796667,1456.8801066666665,4550.627656666667,1188.2323433333336
661,2690.212741316667,1473.17524,4235.74248,1217.0375199999999
662,2505.854956636667,1369.0011733333333,3943.1462766666664,1136.8537233333336
663,2225.872153776667,1203.51817,3623.5460866666667,1022.3539133333334
664,1945.7480262266665,1034.5115133333331,3268.7634766666665,911.2365233333333
665,2129.23356708,610.17016,2738.9950933333334,975.1049066666666
666,2099.6052808766667,590.8819000000001,2321.17512,958.8248799999999
667,2124.1487466933336,578.9110000000001,1911.5510533333331,995.6690466666666
668,2262.015323793333,732.4981,1710.0460766666667,950.1271233333334
669,2176.842150093333,760.1908666666666,1590.1882166666667,926.0218833333333
670,2497.50317709,1475.2887400000002,1229.4113633333332,1022.2144366666668
671,2703.104760423333,1608.85996,1246.6344000000001,1094.2448
672,2975.4933446666664,1968.82406,1242.865716666667,1236.1692833333332
673,3175.373927516667,2173.1501433333333,1502.1587166666666,1231.7237833333334
674,3236.555103373333,2183.7656566666665,1943.8419533333333,1252.8459466666666
675,3271.93929915,2174.1945466666666,2247.8081466666667,1277.744753333333
676,3364.17726247,2226.817493333333,2684.86043,1317.3597699999998
677,3450.9016862300005,2127.7901266666668,3275.82884,1370.0711600000002
678,3345.0778786399997,2051.67632,3786.59844,1293.4015599999998
679,3274.0074095133336,2001.0780233333332,4179.850613333333,1272.9293866666667
680,3127.53667709,1894.3396199999997,4505.662943333333,1233.1970566666669
681,2887.9164800333333,1706.54318,4737.3067,1181.3733
682,2760.7506571833333,1605.4805366666665,4824.72988,1155.27012
683,2564.0494295500002,1487.52943,4842.16,1076.52
684,2450.6370428866667,1312.7256266666666,4600.948583333333,1137.9114166666666
685,2317.9019804199997,1277.8365999999999,4412.7147,1040.0653
686,2054.45969085,1112.0959166666667,4137.636326666667,942.3636733333333
687,1936.8357433433334,1101.73902,3810.803266666667,835.0967333333333
688,2027.6698637700001,1155.6460533333334,3307.9761399999998,872.02386
689,2301.5307013266665,608.89835,2579.7092500000003,1134.3907499999998
690,2323.4995933,656.1526200000001,2160.2237266666666,1119.7762733333334
691,2396.2209133300003,675.7106,1768.2820866666668,1138.9379133333332
692,2292.2352799833334,704.99278,1640.038,1011.9166
693,2044.9770137666667,781.0675799999999,1693.1407666666669,826.3030333333334
694,2275.4124937133333,1375.0316433333335,1348.25925,900.38085
695,2398.6796566666667,1445.4008233333334,1355.1144666666667,953.2788333333334
696,2693.29936799,1878.459,1450.0091333333332,1044.3403666666668
697,2907.811136686667,1988.5125033333334,1596.6159666666667,1148.7986333333333
698,2890.049850903333,1915.319,2017.56785,1174.7427500000001
699,3065.5455433199995,1982.0520933333332,2275.74245,1263.49345
700,3194.78305708,2100.342756666667,2749.4343,1274.4403000000002
701,3153.15396994,1933.7313699999997,3383.2565999999997,1262.6434
702,3273.3033815466665,1993.2129666666665,3799.9096833333333,1280.0903166666665
703,3321.199715363334,2049.8804666666665,4181.46075,1271.3192500000002
704,3266.3909095400004,1995.6345766666666,4468.103666666666,1270.7563333333335
705,3160.123406243333,1843.7350533333333,4602.291646666667,1316.3883533333333
706,3044.2929580000005,1739.1390066666665,4674.84605,1305.1539500000001
707,2876.9218166733335,1632.9335166666667,4674.691699999999,1243.9883
708,2473.962223333333,1400.9813,4665.8790266666665,1072.9809733333334
709,2288.1561862533335,1295.6667566666667,4460.2906,992.4893999999999
710,2166.8969091233334,1231.69254,4144.79554,935.20446
711,1985.03109202,1117.6773733333334,3778.5463,867.3536999999999
712,1895.1225779966667,1059.2203866666666,3344.09781,835.9021899999999
713,1981.0653095233336,553.62176,2845.5801500000002,868.51985
714,2105.4624800366664,560.73676,2316.72388,963.2761199999999
715,2234.4101976033335,623.338,1866.7008033333332,1040.5191966666666
716,2235.338090906667,637.37836,1665.4949699999997,1002.0485300000001
717,2318.8547157733333,890.0902,1520.1408833333332,996.6327166666666
718,2355.0674228566663,1353.6895499999998,1219.6783266666669,1001.3778733333331
719,2637.4296704533335,1530.5336833333333,1221.8086133333334,1106.8959866666667
720,2863.69819336,1931.5626499999998,1319.2399566666668,1161.6355433333333
721,3031.855980423333,1997.7780099999998,1464.38443,1263.57797
722,3220.29524046,2105.4774500000003,1857.7903099999999,1314.7356900000002
723,3364.147160023333,2128.7120999999997,2115.6632400000003,1415.4350599999998
724,3500.545143383333,2216.39705,2509.959706666667,1464.1480933333332
725,3387.63518915,2105.9058499999996,3344.08996,1301.81004
726,3347.82628046,2084.50006,3816.67378,1263.32622
727,3199.4701033133333,1927.2329333333332,4180.542829999999,1272.23717
728,3061.1081095733334,1820.4172966666665,4498.169186666666,1240.6908133333332
729,3037.454986216667,1789.48632,4670.711333333334,1247.9686666666666
730,2950.144042916667,1777.4794066666666,4807.335363333334,1172.6646366666666
731,2848.7065904166666,1677.7723966666667,4747.745806666667,1170.9341933333335
732,2658.7983999766666,1503.1469133333333,4583.208433333333,1155.6514666666667
733,2600.8864791700003,1466.3896066666666,4318.283136666667,1134.4968633333333
734,2533.7549965966664,1441.8279933333333,3988.0730466666664,1091.9270533333333
735,2353.97880203,1315.3981933333334,3607.3195,1038.5805
736,2015.13045044,1139.7305366666667,3304.6001666666666,875.3998333333334
737,2041.27788129,571.7859100000001,2796.5214300000002,917.57857
738,2028.0721690599999,521.72131,2361.3781400000003,918.62186
739,2066.8104500400004,554.2779499999999,1956.3831,950.8368999999999
740,1997.4050870833335,593.0083999999999,1791.9111133333333,847.4171866666667
741,2049.323376646667,699.4699266666667,1642.16735,885.1144500000001
742,2286.36177954,1294.5422466666664,1263.1935666666668,991.8195333333333
743,2483.63282955,1462.8267966666667,1293.3848666666668,1020.8060333333333
744,2762.978263793333,1894.2555,1381.5334366666668,1098.2227633333332
745,3051.2223146566666,2097.1597466666667,1536.6095333333335,1183.5625666666665
746,3198.2525166933333,2140.5031400000003,1913.6372233333334,1257.3468766666667
747,3302.5574837233335,2169.889093333333,2198.0999100000004,1312.6683899999998
748,3402.445987506667,2228.98652,2629.4738333333335,1353.4594666666667
749,3391.0321699666665,2065.715683333333,3303.6736133333334,1342.2263866666667
750,3287.7254608400003,2042.4931266666667,3834.7676666666666,1245.2323333333334
751,3216.698572076667,1943.7532999999999,4179.834726666667,1272.9452733333333
752,3123.0543400166666,1916.3478066666664,4532.153466666667,1206.7065333333335
753,2909.3514324233333,1779.4912333333334,4788.8198,1129.8602
754,2799.15339668,1684.7336966666667,4865.5803,1114.4197
755,2538.4630173733335,1485.2791200000001,4865.4961,1053.1839
756,2523.093203746667,1404.3790033333332,4620.1457,1118.7143
757,2459.2701366833335,1367.28135,4360.791133333333,1091.9888666666666
758,2379.9711342,1350.9861266666667,4051.0152333333335,1028.9847666666665
759,2175.90320796,1226.3245633333333,3696.3214166666667,949.5785833333335
760,1879.6858591300002,1057.10291,3357.4171,822.5829000000001
761,2134.41211,609.75196,2735.29825,978.8017500000002
762,2172.6442938200003,615.3687,2272.3777066666667,1007.6222933333335
763,2185.7920670933336,618.60795,1904.7943833333334,1002.4256166666667
764,2155.657970896667,668.37925,1774.6277799999998,891.4630200000001
765,2044.8082086666668,742.29438,1736.02387,805.41583
766,2116.68205755,1275.4043333333334,1383.0391766666667,841.2777233333334
767,2235.598582846667,1331.24816,1400.5650766666668,904.3503233333332
768,2831.3750891600002,1923.66343,1351.28644,1137.21156
769,3030.1683871533332,2107.9201033333334,1576.6702166666669,1151.7482833333333
770,3076.7327437633335,2109.21909,2001.8820466666668,1167.3634533333334
771,3313.31494664,2220.49701,2265.3235633333334,1272.8179366666668
772,3403.498220436667,2241.3400833333335,2650.0938633333335,1342.158136666667
773,3375.116434206667,2104.4213,3327.7386666666666,1318.1613333333332
774,3205.16974286,2017.7235033333332,3892.55376,1187.44624
775,3143.627063816667,1958.7556633333334,4267.9086,1184.8714
776,3065.9235695400002,1881.99337,4554.9298,1183.9302
777,3385.539170443333,1993.8377266666664,4526.978556666667,1391.7014433333331
778,3163.604205813333,1813.9059266666668,4630.30172,1349.6982799999996
779,3013.1163104133334,1699.2169233333334,4604.780613333333,1313.8993866666667
780,2695.7878733733332,1491.8178633333334,4534.88994,1203.9700599999999
781,2748.2198146600003,1503.4368799999997,4207.997046666666,1244.7829533333334
782,2569.1568453666664,1446.8769733333334,3957.7200666666668,1122.2799333333332
783,2262.28804428,1257.9747866666667,3641.5867933333334,1004.3132066666668
784,2020.39658336,1124.8607133333335,3284.4640799999997,895.53592
785,2128.7181809200006,518.9976,2664.91032,1049.1896800000002
786,2186.54145467,643.2548,2296.4828466666663,983.5171533333335
787,2195.948632,684.1004,1959.0140666666668,948.2059333333332
788,2055.8936033333334,675.5346,1833.3964966666667,821.4871033333334
789,2178.62062666,791.8462299999999,1625.3264033333332,908.8255966666667
790,2283.13939381,1317.9051600000003,1275.4953666666665,965.2341333333334
791,2554.7805911566666,1532.4990266666666,1294.6958333333334,1022.2815666666665
792,2833.8694709166666,1958.50073,1392.99576,1104.86874
793,3062.739167976667,2104.4559133333332,1535.7944466666668,1187.7832533333333
794,3253.819136673333,2189.7862,1931.5674633333335,1264.3462366666665
795,3359.3637275733336,2177.9156166666667,2168.92769,1361.4481099999998
796,3434.1619724233333,2232.7162866666667,2603.3453133333333,1381.4456866666667
797,3471.0193671533334,2129.6955333333335,3272.2947666666664,1373.6052333333332
798,3355.7430267,2025.54225,3749.7992233333334,1330.2007766666668
799,3301.1143891,1995.9655933333333,4147.631203333333,1305.1487966666668
800,3261.3059733233335,1958.41879,4435.972816666666,1302.8871833333333
801,3153.6787795866667,1870.8694233333333,4635.870643333334,1282.8093566666666
802,3019.7763138066666,1784.9240466666668,4745.147733333333,1234.8522666666665
803,2971.9874833433337,1717.3612333333333,4664.05375,1254.62625
804,2769.7109528833334,1597.7471533333332,4566.8961,1171.9638
805,2575.8741109133334,1505.5855066666666,4382.491366666667,1070.2886333333333
806,2388.6194642033333,1365.3311566666666,4056.7115833333332,1023.2884166666668
807,2202.08402824,1240.85945,3684.6754,961.2246
808,2212.0388890966665,1138.0005466666667,3105.9616566666664,1074.0383433333334
809,2312.8698932966668,629.36235,2594.8349566666666,1119.2650433333333
810,2246.88191667,649.94525,2230.6384333333335,1049.3615666666667
811,2295.0525467366665,663.0527999999999,1866.2196533333336,1041.0003466666665
812,2062.82726332,677.50265,1835.959786666667,813.3369133333332
813,2163.76076203,865.81063,1637.6539666666665,869.4242333333334
814,2291.6454570933333,1354.90781,1290.6442533333334,936.7376466666667
815,2507.104262016667,1489.2288800000001,1303.6457166666669,1017.8752833333333
816,2951.52790661,2028.5093800000002,1348.4701733333334,1152.5185266666667
817,3090.0706804733336,2096.8295866666667,1506.7141066666666,1222.7409933333333
818,3165.9834491233332,2142.5380666666665,1949.6801166666667,1223.5452833333334
819,3178.08664663,2051.447916666667,2217.24287,1306.6387300000001
820,3201.8605461800003,2084.45689,2695.6789433333333,1297.4036566666664
821,3313.3426104266664,2046.0428633333331,3362.8195533333333,1283.0804466666668
822,3265.6705895333334,2032.1179266666666,3846.447436666667,1233.5526633333334
823,3206.81537915,2007.069433333333,4253.034053333333,1199.7459466666667
824,3168.37611621,1940.209716666667,4510.6936,1228.1663999999998
825,3089.8459754,1891.1606166666663,4719.99464,1198.68536
826,2920.769535086667,1761.7774933333335,4821.00796,1158.99204
827,2762.57423953,1668.8405599999999,4824.94632,1093.73368
828,2550.56473421,1498.6384333333333,4686.9337,1051.9263
829,2343.14150377,1377.8513033333334,4487.4898,965.2901999999999
830,2216.8981300200003,1281.0618666666667,4144.163766666667,935.8362333333334
831,2094.95928331,1170.5350333333333,3721.47562,924.4243799999999
832,1878.7340124466668,1031.84155,3333.1075666666666,846.8924333333333
833,2208.3180058400003,629.699,2706.446793333333,1007.6532066666671
834,2168.18190378,595.9721999999999,2280.1916966666663,999.8083033333335
835,2240.1597566833334,662.68645,1883.9708933333332,1023.2491066666668
836,2347.6572408866664,677.99825,1604.8988100000001,1066.23079
837,2203.9670946600004,829.1346533333334,1600.0117599999999,924.9743400000001
838,2290.5109941633336,1336.5052433333335,1288.83835,954.0057499999999
839,2465.6272029433335,1435.3520366666667,1299.6574333333333,1030.2750666666668
840,2744.19199087,1886.4957566666667,1415.8208666666667,1087.1962333333333
841,2823.8780317500004,1931.0652966666667,1600.7434666666666,1122.3127333333334
842,2934.89724551,2021.11761,2047.5093666666667,1113.3308333333334
843,3119.874502166667,2049.6913799999998,2289.83648,1250.1831200000001
844,3141.7437008433335,2030.2543,2693.8477,1291.4894000000002
845,3161.67774709,1920.1901566666666,3357.35501,1288.54499
846,3213.0920737466668,1908.7302066666666,3775.6381333333334,1304.3618666666666
847,3183.790632176667,1886.17599,4155.16536,1297.6146399999998
848,3249.3564995399997,1920.15566,4409.65916,1329.2008399999997
849,3162.13315869,1824.0267199999998,4580.57356,1338.10644
850,3042.697036616667,1704.43807,4641.741033333334,1338.2589666666668
851,2833.9218437900004,1565.6215033333333,4650.3796600000005,1268.30034
852,2767.6316908599997,1546.7785,4518.00681,1220.85319
853,2790.49701369,1470.5961333333332,4132.87922,1319.90078
854,2720.26480295,1451.3767466666666,3811.1120033333336,1268.8879966666666
855,2461.620693746667,1322.8031266666667,3507.0824433333332,1138.8175566666666
856,2148.667819506667,1202.97748,3234.30965,945.69035
857,2160.04188375,532.6744999999999,2642.1335166666668,1071.9664833333334
858,2250.7982486733335,626.5818,2207.0781500000003,1072.92185
859,2005.0423033300003,599.0417,2067.1205966666666,840.0994033333335
860,2062.5484828900003,638.8978999999999,1815.8440166666667,840.9785833333335
861,1989.6521404300001,761.0806466666668,1779.7682066666666,754.6285933333334
862,2020.7612204466666,1154.4772066666665,1367.8111866666666,866.2840133333334
863,2291.7557508966665,1305.89305,1341.0307,985.8627
864,2588.60259247,1770.1856733333334,1440.70588,1047.9169200000001
865,2900.8697013,1990.10766,1582.22536,1140.26204
866,3016.703376223333,2055.1715666666664,2012.32709,1161.3426100000001
867,3148.571070456667,2102.4991066666666,2304.4766366666668,1226.0719633333333
868,3292.6379413333334,2204.32868,2696.70084,1268.30926
869,3272.8720074733333,2018.61592,3384.2379133333334,1261.6620866666667
870,3204.281755756667,1936.59773,3812.315973333333,1267.6840266666666
871,2992.959687116667,1803.1488666666667,4262.96918,1189.8108200000001
872,2916.16997466,1755.3931733333334,4578.0832,1160.7768
873,2866.4732896433334,1701.73599,4753.9427,1164.7373
874,2746.67674333,1645.6582433333333,4878.9815,1101.0185
875,2720.4574958499998,1605.1385966666667,4803.3611,1115.3189
876,2619.7678866300002,1540.0025366666666,4659.09465,1079.76535
877,2504.8568979933334,1377.7916866666667,4325.71488,1127.06512
878,2429.91815334,1343.7614333333333,3993.8432900000003,1086.15671
879,2184.7099170933334,1196.9112266666666,3658.10112,987.79888
880,2044.9399496,1102.87006,3237.93006,942.0699400000001
881,2157.39786754,625.7763,2764.117133333333,949.9828666666666
882,2211.06948051,620.62018,2242.5007,1037.4993
883,2245.95472959,620.20836,1849.75153,1057.46847
884,2140.3256824233335,651.6415,1756.3210166666665,909.5219833333335
885,2102.9784295866666,779.8956966666667,1651.3298666666667,862.0275333333334
886,2350.5790191566666,1452.98416,1338.88594,897.5948599999999
887,2469.7972624233334,1519.5851,1360.7719366666665,950.2121633333334
888,2824.9135995666666,1987.6979766666666,1418.5977766666667,1066.7156233333335
889,3079.8401370933334,2098.1384199999998,1505.8827833333332,1211.2017166666667
890,3270.0489320300003,2204.11139,1929.7457566666667,1266.0974433333336
891,3252.921702853333,2130.020163333333,2216.8498600000003,1302.90154
892,3359.5693691100005,2200.8361833333333,2632.063713333333,1338.7331866666668
893,3343.4279929100003,2026.51908,3306.8750866666664,1339.0249133333334
894,3296.198992456667,2005.3816900000002,3789.1826966666667,1290.8173033333333
895,3235.98537003,1983.3701866666668,4200.164816666666,1252.6151833333333
896,3093.1423938233334,1807.8259533333332,4453.54356,1285.31644
897,3023.4534829333334,1718.8017833333333,4614.0283,1304.6517000000001
898,2983.8454475333338,1696.0601933333332,4692.2147466666665,1287.7852533333335
899,2745.9068432766667,1612.7262666666666,4785.499423333333,1133.1805766666666
900,2522.66448624,1503.7522866666666,4719.9478,1018.9122
901,2483.07985375,1420.8311633333335,4390.5313,1062.2487
902,2425.8074762333335,1345.0675933333332,3999.2602166666666,1080.7397833333334
903,2239.0387308433337,1231.9850933333335,3638.846363333333,1007.0536366666668
904,1999.53907803,1088.1393266666666,3268.60034,911.39966
905,2262.450993266667,637.64855,2645.333256666667,1068.7667433333334
906,2257.625474183333,576.9667000000001,2164.7387266666665,1115.2612733333333
907,2311.767617543333,603.5666,1787.8994833333336,1119.3205166666664
908,2225.625866706667,683.0716,1707.4460333333336,955.0865666666665
909,2183.760743346667,911.0423133333333,1725.3494699999999,807.4597300000003
910,2278.59065129,1418.9227466666664,1389.1150966666667,859.6678033333333
911,2340.5809558600004,1296.1441133333333,1299.4235566666666,1044.4368433333334
912,2633.035441156667,1737.30241,1370.6018666666666,1125.2329333333334
913,2808.90351624,1898.07566,1575.7485433333334,1140.3277566666666
914,2799.854096676667,1855.8341966666667,2022.9267,1144.1507000000001
915,2993.4413474733337,1956.0248466666665,2318.6245999999996,1217.4165000000003
916,3102.3363667033336,2037.9760533333333,2726.0459866666665,1244.3603133333336
917,3160.4239467166667,1947.4319066666667,3379.82036,1266.07964
918,3228.5009842166664,1956.5526666666665,3808.0516833333336,1271.9483166666666
919,3108.31154159,1897.5592166666665,4242.027673333333,1210.7523266666667
920,2991.3926291933335,1819.01943,4566.4868,1172.3732
921,2877.4019253300003,1745.8426866666669,4787.12076,1131.55924
922,2888.289188676667,1745.60939,4837.3202,1142.6798
923,2738.2976367133333,1625.0867833333334,4805.469146666666,1113.2108533333335
924,2644.8269584199998,1508.2975466666667,4602.33058,1136.5294199999998
925,2522.9689133,1408.127273333333,4337.9383,1114.8417000000002
926,2359.8324887000003,1367.80106,4087.9684500000003,992.03155
927,2162.0272304,1264.2789,3748.1518,897.7482
928,2235.02503324,1156.9048666666667,3101.8798833333335,1078.1201166666665
929,2205.23475465,585.97054,2647.0768866666667,1067.0231133333334
930,2147.1601600133336,575.97397,2269.48971,1010.51029
931,2247.1851324233335,661.55034,1895.4812066666666,1011.7387933333334
932,2095.5686104166666,641.95251,1763.9486000000002,886.7075
933,2197.6135928766666,873.8197933333333,1700.9163,831.0981
934,2357.5496924266668,1353.7448933333335,1238.8346,1003.8048000000001
935,2742.08728871,1569.6701633333334,1148.7422733333333,1172.4171266666667
936,3136.109170026667,1986.4748,1105.34173,1379.1343699999998
937,3331.5668537966667,2235.8735633333335,1400.6774100000002,1325.19329
938,3391.7530508500004,2221.6123666666667,1803.4776166666666,1369.6876833333333
939,3490.727451996667,2290.80644,2173.327586666667,1379.9210133333331
940,3357.84667665,2240.941483333333,2685.436006666667,1296.9051933333333
941,3294.84714915,2045.4979566666666,3344.392506666667,1301.507493333333
942,3216.4679404233334,1931.7347066666666,3795.2667666666666,1284.7332333333331
943,3033.0079399933334,1755.2829566666667,4175.055016666667,1277.7249833333333
944,2984.92286665,1680.03066,4433.967793333333,1304.8922066666667
945,2997.8976113366666,1705.6803933333333,4626.462783333333,1292.2172166666664
946,2890.8152746566666,1668.1969666666666,4757.381693333334,1222.6183066666665
947,2707.0655754,1572.21889,4783.8333133333335,1134.8466866666665
948,2449.0307971266666,1409.2265666666667,4699.05572,1039.80428
949,2348.5030008933336,1332.07053,4436.34764,1016.43236
950,2220.1474766566666,1242.1848366666666,4102.03744,977.96256
951,2193.52306249,1189.58461,3641.9615466666664,1003.9384533333334
952,1871.8388170966668,999.1867433333332,3307.3479266666664,872.6520733333336
953,1983.1156429166667,551.10939,2838.8210966666666,875.2789033333332
954,2202.834633783333,654.46556,2290.570526666667,989.4294733333332
955,2269.338497093333,632.4252,1837.7169033333334,1069.5030966666666
956,2388.4361350833333,653.68512,1486.7949866666663,1163.7589133333336
957,2350.2816928733337,890.91539,1490.9515966666665,1016.6521033333333
958,2571.96755421,1517.2382333333335,1215.3116799999998,1054.72932
959,2653.2847470799998,1556.8594,1231.3529533333335,1096.4253466666667
960,2984.2803832733334,1948.9322433333334,1205.3891600000002,1264.8481399999998
961,3210.0301949166665,2072.8331866666667,1372.21499,1366.6970099999999
962,3342.95966667,2168.631193333333,1810.500626666667,1374.417173333333
963,3552.5016686999998,2286.146553333333,2107.2974833333337,1446.3551166666664
964,3535.4811428866665,2266.0652133333333,2553.9628700000003,1449.41593
965,3471.6069371533335,2166.981906666667,3315.54577,1330.35423
966,3181.0887791133337,2047.0926800000002,3946.0039,1133.9961
967,3042.0653717166665,1859.6326299999998,4270.3472600000005,1182.43274
968,3032.008499103333,1805.56038,4512.41188,1226.44812
969,2750.9483733166667,1616.0439733333333,4783.7756,1134.9044
970,2742.90084955,1594.0632699999999,4831.162420000001,1148.83758
971,2605.51390796,1513.4269466666667,4826.59304,1092.0869599999999
972,2743.79680997,1528.8091466666667,4523.872386666667,1214.9876133333335
973,2660.6034517933335,1471.9735266666667,4264.150046666667,1188.6299533333336
974,2604.8524037666666,1423.2370133333334,3898.3846399999998,1181.61536
975,2420.704337516667,1315.1524666666664,3540.34812,1105.55188
976,2194.29954421,1127.3552499999998,3113.0557466666664,1066.9442533333333
977,2385.753868696667,634.4681500000002,2528.79558,1185.30442
978,2191.3004980233336,588.45987,2241.5495733333332,1038.4504266666665
979,2394.2945142333333,706.6933600000001,1810.2441466666667,1096.9758533333334
980,2174.646683376667,674.656,1736.8647166666667,918.9383833333335
981,2280.2003376000002,820.2457666666668,1503.60293,1019.4145699999999
982,2404.7346986766665,1382.0566000000001,1235.6075,1022.6781
983,2600.49904422,1495.01836,1242.3639166666667,1105.4805833333332
984,2891.4867413233333,1943.8257533333333,1318.5029133333335,1177.1609866666665
985,3061.2377532633336,2051.90582,1484.1428666666668,1238.8318333333332
986,3229.8805809100004,2148.72062,1901.37914,1280.7072600000001
987,3306.7306562066665,2177.4460066666666,2212.83885,1309.2846499999998
988,3417.52639712,2249.6655,2647.518103333334,1347.8608966666666
989,3422.0564899833334,2145.7086733333335,3301.127383333333,1336.3478166666669
990,3123.3025862766667,1982.07348,3938.7708933333333,1141.2291066666667
991,2948.4580041866666,1779.8253033333333,4284.1473000000005,1168.6326999999999
992,2795.822989983333,1617.34639,4560.3834,1178.4766
993,2773.96572051,1585.1422200000002,4729.8565,1188.8235
994,2742.64236159,1611.2487133333332,4848.60635,1131.39365
995,2704.1461520300004,1627.1579033333333,4841.69175,1076.98825
996,2573.96655709,1504.2980466666666,4669.1915,1069.6685
997,2444.73019338,1408.5820633333333,4416.6317500000005,1036.14825
998,2148.56984,1286.92117,4218.3512,861.6488
999,1946.7773642000002,1154.9560933333335,3854.0788000000002,791.8212
1000,1887.42144465,1080.97807,3373.5566266666665,806.4433733333333
1001,2068.58015294,602.5983,2823.714946666667,890.3850533333334
1002,2033.8610762766666,529.7090000000001,2349.7545233333335,930.2454766666665
1003,2160.8843337866665,562.83375,1894.3500166666665,1012.8700833333334
1004,2264.384921316667,671.9506,1619.6627799999997,1030.7138200000004
1005,2397.0602920333336,919.6846500000001,1484.1654566666666,1035.5178433333333
1006,2482.0046200266665,1471.25504,1224.0138200000001,1010.7495799999999
1007,2744.8826717766665,1621.51949,1204.1586200000002,1123.3631799999998
1008,2908.4996042,1978.34547,1323.2748666666666,1159.6541333333332
1009,3178.8970558166666,2139.1444533333333,1469.5251966666667,1269.2526033333334
1010,3299.9661095466668,2147.6954166666665,1817.5412066666665,1352.1360933333333
1011,3388.051170033333,2208.24658,2172.16031,1359.80459
1012,3484.396149943333,2240.18225,2572.2449,1424.2138999999997
1013,3486.17693961,2153.9493333333335,3256.569793333333,1389.3302066666665
1014,3358.365824626667,2068.4361233333334,3790.0703,1289.9297000000001
1015,3262.960233736667,1985.9086433333332,4175.72841,1277.05159
1016,3239.40215291,1915.2226666666668,4414.680513333334,1324.1794866666667
1017,3076.91524579,1796.2541466666667,4638.0189,1280.6611
1018,2964.49170285,1708.3081633333331,4723.81646,1256.18354
1019,2794.504138383333,1571.6044200000001,4695.7802833333335,1222.8997166666668
1020,2809.5632195666667,1502.22094,4431.51772,1307.34228
1021,2666.4832162466664,1407.1475533333332,4193.444426666667,1259.3355733333333
1022,2501.6559233400003,1278.5455166666666,3856.889553333333,1223.110446666667
1023,2349.1329167266667,1242.2700833333333,3539.037136666667,1106.8628633333333
1024,2081.3886946933335,1147.67215,3246.2834566666666,933.7165433333333
1025,2009.40748752,537.4745600000001,2778.4302733333334,935.6697266666666
1026,2105.44239285,626.06266,2383.045466666667,896.9545333333331
1027,2219.351403763333,673.5426500000001,1939.332846666667,967.8871533333331
1028,2113.10049245,688.6874,1816.7489066666667,847.1316933333333
1029,2266.4560982566663,764.8194866666668,1500.514286666667,1028.6628133333331
1030,2319.04421916,1269.5430900000001,1162.83477,1049.5011299999999
1031,2683.67391863,1505.0437233333332,1136.6807033333332,1178.6300966666668
1032,2880.847789133333,1912.82808,1294.1065899999999,1197.51981
1033,3051.138619516667,2030.72982,1475.7609,1249.9088000000002
1034,3222.55701,2090.10147,1867.86666,1331.6322400000001
1035,3276.7438195033333,2107.168166666667,2193.067846666667,1349.5756533333333
1036,3276.160120416667,2107.422253333333,2649.1263333333336,1348.7378666666666
1037,3376.583760456667,2116.9674066666666,3322.3096466666666,1319.6163533333333
1038,3438.82866,2121.10752,3762.27896,1317.72114
1039,3612.1017795166667,2139.35174,3980.02996,1472.7500400000001
1040,3483.841300023333,2047.5215466666666,4302.5402466666665,1436.3197533333332
1041,3275.1529804433335,1927.551613333333,4571.0786333333335,1347.6013666666668
1042,3170.95741158,1848.2279066666667,4657.270493333333,1322.729506666667
1043,3059.601769606667,1749.3703066666667,4608.448536666667,1310.2314633333335
1044,2869.4796908733338,1569.8402066666667,4439.220516666666,1299.6394833333334
1045,2528.417015106667,1411.49496,4335.8580366666665,1116.9219633333335
1046,2207.1273005099997,1294.2955299999999,4167.1682,912.8317999999999
1047,2022.14523002,1152.80842,3776.5633000000003,869.3367000000001
1048,1878.1239357200002,1068.7302133333333,3370.6062666666667,809.3937333333333
1049,2249.94095091,608.18565,2644.8338,1069.2662
1050,2190.758925333333,608.5350500000001,2261.9581233333333,1018.0418766666666
1051,2275.660854216667,679.6592,1869.8858466666666,1037.3341533333335
1052,2176.34765289,710.65625,1771.2254966666665,884.7570033333334
1053,2060.80082824,708.43098,1633.14425,892.88465
1054,2261.9075191066668,1311.6294333333333,1289.7346133333333,950.2780866666667
1055,2571.72870007,1531.8806200000001,1280.23732,1039.84808
1056,2779.8665128733332,1925.4457533333334,1407.37554,1083.92076
1057,3161.8537871466665,2174.825283333333,1506.5926966666666,1216.5285033333334
1058,3363.59205246,2226.4083233333336,1843.60827,1336.9111300000002
1059,3483.3255009133336,2235.1714533333334,2116.2615533333333,1428.1540466666665
1060,3623.440687153334,2329.009973333333,2529.177186666667,1474.4307133333334
1061,3647.830803346667,2231.92328,3166.4536766666665,1475.9075233333335
1062,3535.0356433166667,2180.3603166666667,3725.3246733333335,1354.6753266666667
1063,3272.832797116667,2076.521656666667,4256.46886,1196.31114
1064,3064.8296475433335,1918.3019666666667,4592.3323199999995,1146.52768
1065,2939.85310585,1822.1826066666665,4801.0095,1117.6705
1066,2873.5164332900004,1750.7894533333333,4857.2730200000005,1122.72698
1067,2750.30326,1641.83588,4810.21262,1108.46738
1068,2530.0736537566668,1483.8472333333334,4692.63346,1046.22654
1069,2408.9200137566663,1400.3750133333333,4444.2348999999995,1008.5450999999999
1070,2255.466352,1310.0688633333334,4134.60254,945.39746
1071,2096.4547157800002,1249.3757866666665,3798.82108,847.07892
1072,1744.6123617066667,1013.1445699999999,3448.53212,731.46788
1073,2101.76033954,629.8472999999999,2802.06106,912.0389400000001
1074,2152.601341323333,577.6329999999999,2274.07856,1005.9214400000001
1075,2203.1355691,631.63315,1886.25268,1020.96742
1076,2122.478345343334,656.7931,1775.1693533333332,882.3270466666669
1077,2197.5633713,768.34466,1578.20909,952.06051
1078,2455.3506991366667,1432.5602866666666,1233.4975866666666,1022.7904133333334
1079,2704.36108496,1528.1479366666667,1140.5596500000001,1176.21305
1080,2919.7664528833334,1962.7714033333334,1279.0063499999999,1186.49505
1081,3194.810296196667,2141.286496666667,1441.2398,1283.0239000000001
1082,3352.0719029300003,2208.7213033333333,1849.4121,1343.8741
1083,3382.7104033066666,2257.401,2225.406296666667,1305.3094033333332
1084,3382.59812663,2267.0059966666668,2715.40627,1295.59213
1085,3353.871623756667,2143.91258,3369.1413566666665,1269.9590433333333
1086,3310.295012453333,2036.7341733333335,3806.43916,1273.56084
1087,3249.7251538,1959.7240866666666,4162.778933333333,1290.0010666666667
1088,3142.72924245,1877.1802633333332,4473.31102,1265.54898
1089,3078.2813132633332,1771.3689466666667,4611.767633333333,1306.9123666666665
1090,2919.4132933733335,1726.2546466666668,4786.841353333333,1193.1586466666668
1091,2746.2760437933334,1650.0422433333333,4822.4462,1096.2338
1092,2529.3533057833333,1490.4044166666667,4699.91106,1038.94894
1093,2442.1083271433336,1368.3272933333335,4378.998866666667,1073.7811333333332
1094,2336.46481,1306.09166,4049.62694,1030.37306
1095,2145.335458,1183.21251,3683.7770033333336,962.1229966666666
1096,1884.1898699966669,1011.6934666666667,3307.5036466666666,872.4963533333333
1097,2131.37134506,643.77095,2796.990006666667,917.1099933333333
1098,2293.2471833833333,602.6222,2155.0103166666668,1124.9896833333332
1099,2315.8781113,641.96295,1815.51124,1091.70876
1100,2178.4001062133334,669.43725,1711.7130433333332,937.6132566666668
1101,2137.9711600266664,886.2627466666667,1736.8466866666668,796.9010133333331
1102,2170.3927500233335,1300.6915633333335,1372.4879133333334,869.7012866666666
1103,2529.578487116667,1511.87933,1326.7628433333332,1017.6991566666668
1104,2768.62790291,1878.1031,1356.1709966666667,1120.0248033333332
1105,3157.07876668,2110.0412866666666,1467.50642,1276.53738
1106,3232.20517754,2055.9591299999997,1811.3670533333334,1376.0286466666666
1107,3328.1671996166665,2063.2676300000003,2095.48393,1444.89957
1108,3217.80322333,2063.845496666667,2637.2455733333336,1333.9577266666665
1109,3295.9835308399997,2030.8639833333332,3336.6075533333333,1309.2924466666668
1110,3272.903829616667,1974.1748866666667,3781.2710566666665,1298.7289433333335
1111,3154.6996523933335,1863.5030733333333,4161.58342,1291.19658
1112,2962.8950408666665,1750.5392733333333,4526.504233333333,1212.3557666666668
1113,2990.281210906667,1731.4036766666666,4659.802466666666,1258.8775333333335
1114,2897.5274728733334,1674.3604400000002,4756.832966666667,1223.1670333333334
1115,2899.5019799333336,1635.7591133333335,4654.937133333333,1263.7428666666667
1116,2669.8318604466667,1493.3269533333332,4562.355093333334,1176.5049066666668
1117,2510.7695258133335,1406.1204266666666,4348.1309,1104.6491
1118,2374.06472871,1339.6497133333335,4045.5848333333333,1034.4151666666664
1119,1949.3554909000002,1105.41497,3801.95932,843.9406800000002
1120,1807.4344366533335,971.0967400000001,3343.6623033333335,836.3376966666666
1121,2063.9555375933332,600.28765,2824.399913333333,889.7000866666667
1122,2137.3909728766666,646.2132,2341.1650266666666,938.8349733333333
1123,2245.4642162233336,661.77395,1886.3338333333334,1020.8861666666669
1124,2259.91720709,663.0917000000001,1643.2055933333334,1014.0014066666665
1125,2234.90119379,872.9258933333333,1605.641,910.3768
1126,2405.6958700366667,1439.0989933333335,1279.1261233333335,966.5967766666665
1127,2557.273653333333,1503.36634,1260.9383866666667,1053.9072133333332
1128,2804.1006066433333,1891.0825733333336,1340.977466666667,1142.5180333333333
1129,3039.9500603933334,2086.8463866666666,1526.2812266666665,1182.6035733333333
1130,3275.1923722,2162.0673566666665,1871.0857866666668,1312.7539133333335
1131,3394.51151871,2235.08058,2206.2420599999996,1339.4309400000002
1132,3407.8580533233335,2243.04326,2661.488606666667,1344.8147933333335
1133,3460.85102624,2140.36576,3281.841933333333,1364.0580666666667
1134,3414.3804695400004,2081.106636666667,3746.7261666666664,1333.2738333333336
1135,3398.9152404133333,2087.6414,4141.50616,1311.27384
1136,3333.1175128733335,2025.0151800000003,4430.757666666666,1308.1023333333333
1137,3066.68144003,1872.3735066666668,4724.372066666667,1194.3079333333333
1138,2999.4122046133334,1841.6086533333332,4822.19645,1157.80355
1139,2665.69029624,1589.8840466666668,4842.87375,1075.8062499999999
1140,2574.01302956,1413.0305733333335,4577.877493333333,1160.982506666667
1141,2383.4926862266666,1330.4614066666666,4399.7487,1053.0312999999999
1142,2271.7088504499998,1283.29975,4091.5909,988.409
1143,2220.42144005,1258.18046,3683.6590499999998,962.2409500000002
1144,1957.46098377,1083.3591333333331,3305.89815,874.1018500000001
1145,2270.45600376,631.53218,2642.7430766666666,1071.3569233333335
1146,2229.63151422,603.6992,2232.4461866666666,1047.5538133333334
1147,2167.2616766833335,636.0989400000001,1942.9721633333334,964.2478366666667
1148,2128.784491303333,644.2914,1731.6542100000001,915.77269
1149,2027.0740166733335,786.6252400000001,1739.1616233333332,790.2239766666668
1150,2144.1174471366667,1301.4901466666668,1404.7061,842.6273
1151,2295.974193743333,1411.8177933333332,1429.7966000000001,884.1564
1152,2738.31633671,1889.7874766666669,1410.51074,1078.02886
1153,2917.08001336,2033.62028,1611.7350666666666,1112.9597333333334
1154,3009.28333669,2052.948226666667,2023.69259,1156.00171
1155,3101.5899428733333,2068.9878999999996,2328.0112566666667,1212.6020433333333
1156,3191.55403089,2107.6003766666668,2714.2206466666667,1263.9536533333332
1157,3277.3502733,2039.8658133333333,3375.3203399999998,1270.5796600000003
1158,3310.991874646667,2043.74806,3812.7561866666665,1267.2438133333333
1159,3246.2664253766666,1964.1098533333331,4170.623426666667,1282.1565733333332
1160,3242.8098274966665,1969.4438466666668,4465.49402,1273.36598
1161,3216.6598479333334,1927.22286,4629.243013333334,1289.4369866666666
1162,3016.2543399833335,1764.09754,4727.8432,1252.1568000000002
1163,2854.539903316667,1656.7429533333334,4720.88305,1197.7969500000002
1164,2691.37062623,1523.7385266666668,4571.2278,1167.6321000000003
1165,2630.2069090866667,1501.4772866666667,4324.050366666666,1128.7296333333334
1166,2556.8379041933335,1462.2451,3985.4072666666666,1094.5927333333334
1167,2382.997261326667,1372.9516600000002,3635.85435,1010.04565
1168,1901.9707437933332,1115.17786,3393.207066666667,786.7929333333332
1169,2372.9588679466665,616.83205,2536.9845833333334,1177.1154166666665
1170,2228.784452433333,576.3521999999999,2192.307046666667,1087.6929533333332
1171,2428.3079766633336,662.66685,1729.3184733333333,1177.9016266666667
1172,2372.0677333466665,702.6508,1586.1237666666668,1077.3726333333334
1173,2131.47214669,801.2269666666666,1626.29072,898.92948
1174,2239.4222395799998,1319.3001733333333,1305.2974333333334,920.1220666666666
1175,2410.969248016667,1422.4582466666666,1324.792,988.511
1176,2587.23078954,1768.42228,1426.83639,1048.30851
1177,2863.73670578,2014.7608566666665,1642.96435,1078.47585
1178,3044.50525337,2044.0883666666664,1996.6068133333335,1200.1168866666665
1179,3080.819970486667,2016.8433933333333,2299.6528233333333,1243.9765766666667
1180,3158.0332724900004,2079.3607666666667,2722.2716933333336,1258.6725066666668
1181,3241.8842775499998,2008.3430466666666,3356.5129699999998,1289.38703
1182,3202.567299516667,1938.9990833333334,3816.4317833333334,1263.5681166666668
1183,3198.6486566900003,1872.1365166666665,4126.26786,1326.5121399999998
1184,3182.38310335,1846.8894766666667,4403.366373333333,1335.4936266666668
1185,3100.07642961,1781.5920633333335,4600.195633333334,1318.4843666666666
1186,2874.4817711666665,1668.0571066666666,4773.575333333333,1206.4246666666666
1187,2719.8844887,1584.56936,4783.36487,1135.31513
1188,2489.41302335,1397.9846933333333,4647.43167,1091.42833
1189,2306.9185628733335,1332.5506800000003,4478.412066666667,974.3679333333333
1190,2130.1915742,1199.9232833333335,4149.73162,930.26838
1191,2021.28935948,1165.9973200000002,3790.60782,855.29218
1192,1779.5790067000003,1027.9829766666667,3428.40396,751.59604
1193,2048.7688250833335,624.11965,2835.076326666667,879.0236733333331
1194,2067.353703826667,602.29225,2356.7166466666667,923.2833533333335
1195,2051.4098137466667,556.3189000000001,1975.9976866666666,931.2223133333334
1196,2219.280613426667,668.1452000000002,1676.5973866666666,975.6896133333335
1197,2271.5806657666667,752.7336433333335,1494.3028766666666,1039.3597233333335
1198,2412.64798663,1382.7889266666666,1212.86474,1029.85906
1199,2956.5877875433334,1738.20288,1102.7589933333334,1218.3849066666667
1200,3142.474045793333,2082.578753333333,1196.3307066666666,1289.3950933333335
1201,3313.901443793334,2210.23287,1390.6193266666664,1333.1685733333334
1202,3501.368819126667,2288.6359133333335,1764.505993333333,1413.405106666667
1203,3595.395350863333,2317.90595,2081.4974,1457.4894
1204,3440.851643783333,2318.3262,2708.6171566666667,1302.5254433333334
1205,3371.779591366667,2100.1972699999997,3340.92218,1304.97782
1206,3342.5075371066664,2010.0007833333332,3747.493346666667,1332.506753333333
1207,3284.4514899833334,2003.26979,4171.5983,1281.1817
1208,3142.241003756667,1858.21632,4454.835316666667,1284.024683333333
1209,3084.56335533,1810.5904866666665,4644.70713,1273.97287
1210,2996.85598957,1746.2070233333334,4729.351033333333,1250.6489666666666
1211,2756.029757506667,1565.7583066666666,4728.40855,1190.27145
1212,2521.9435166333333,1413.0738,4629.990233333334,1108.8697666666667
1213,2493.72041329,1337.66617,4296.725646666667,1156.0543533333334
1214,2518.4014533766667,1418.7392200000002,3980.3376566666666,1099.6623433333332
1215,2348.608542916667,1280.1754866666665,3577.4669833333332,1068.4330166666668
1216,2148.3199404166667,1184.1649200000002,3215.84498,964.1550199999999
1217,2153.65156708,575.71555,2686.4423833333335,1027.6576166666666
1218,2222.0654458266667,641.01205,2259.5134033333334,1020.4865966666666
1219,2130.0382362733335,604.10055,1941.7916133333333,965.4283866666667
1220,2076.874200066667,683.88295,1809.62095,832.1408500000001
1221,2112.599873333333,745.10026,1634.7200866666667,895.5010133333333
1222,2303.17534585,1333.1576466666668,1287.4905,970.0176999999999
1223,2422.6689866766665,1462.70828,1362.3759933333333,959.9607066666667
1224,2585.039012516667,1779.0421333333334,1459.05332,1035.4968800000001
1225,2783.0343137766667,1937.3641533333334,1640.45824,1075.1701600000001
1226,3084.5342171166667,2104.58391,2011.5639933333332,1179.8606066666666
1227,3132.9261187,2084.3801066666665,2304.420886666667,1228.5460133333333
1228,3220.768222013333,2132.8914,2720.094376666667,1267.876823333333
1229,3218.261594266667,1996.1697166666668,3406.0388233333333,1239.8611766666668
1230,3223.65471912,2019.0737733333333,3875.4190533333335,1204.5808466666667
1231,3181.7518562666664,1956.4657766666667,4227.49392,1225.2860799999999
1232,3083.3359309133334,1798.3932766666665,4453.917346666666,1284.9426533333335
1233,2873.63433132,1688.0224966666665,4733.068166666666,1185.6118333333334
1234,2744.97713758,1606.0705866666665,4841.09345,1138.90655
1235,2537.626559606667,1419.8399266666668,4800.893366666667,1117.7866333333332
1236,2546.4570375400003,1446.2919733333333,4638.694936666667,1100.1650633333336
1237,2512.12097002,1400.1291333333334,4340.788363333333,1111.9916366666666
1238,2461.572722436667,1345.5530366666667,3963.9803533333334,1116.0196466666669
1239,2062.9317595433336,1074.1034033333335,3657.071593333333,988.8284066666668
1240,1806.42879915,896.55456,3270.12574,909.87426
1241,2089.7883788433332,585.52225,2774.3019733333335,939.7980266666666
1242,2015.9109320333334,575.80549,2410.8822566666668,869.1177433333334
1243,2035.6624003933332,577.68435,2000.84615,906.37385
1244,2201.4835491000003,697.94536,1724.03871,928.0492899999999
1245,2092.5673700266666,760.51888,1655.50981,873.4535899999998
1246,2379.6436133333336,1322.9729466666668,1191.3980333333334,1056.6706666666669
1247,2561.654830876667,1438.17263,1196.7087000000001,1123.4822
1248,2766.764599586667,1781.6719533333332,1255.2907533333332,1214.5927466666667
1249,2994.7990575833333,2031.68152,1523.0688633333336,1192.6175366666664
1250,3038.1618362433333,2048.6639766666667,1991.80224,1189.88056
1251,3161.537397506667,2112.50447,2317.1834733333335,1229.0329266666665
1252,3095.50097712,2071.4965933333333,2801.382216666667,1204.0043833333334
1253,3097.9330537,1937.21662,3449.8327666666664,1196.0672333333332
1254,3181.75674954,1966.0354166666668,3864.2786666666666,1215.7213333333334
1255,3081.4849137799997,1909.7080133333332,4281.0031,1171.7768999999998
1256,3033.41304421,1853.5151433333333,4558.9621,1179.8979
1257,2976.09288086,1830.9237799999996,4773.5109,1145.1691
1258,3120.9648020333334,1833.6701699999999,4692.705366666667,1287.2946333333334
1259,2989.5710304833333,1789.55032,4718.65929,1200.0207100000002
1260,2802.8817941933335,1645.6203133333333,4581.59854,1157.26146
1261,2701.41393705,1495.1572833333332,4246.523306666667,1206.2566933333335
1262,2624.94431246,1469.7490666666667,3924.8048333333336,1155.1951666666666
1263,2315.10716626,1295.3818733333333,3626.174736666667,1019.7252633333334
1264,2284.6753199933332,1203.1964733333334,3098.5210933333333,1081.4789066666665
1265,2429.90978046,644.3518,2495.04122,1219.0587799999998
1266,2179.53603245,570.69165,2244.0828166666665,1035.9171833333332
1267,2165.3919862166667,621.6653,1938.1486133333333,969.0713866666665
1268,2150.9343628466668,708.5210400000002,1796.8225766666667,860.0129233333332
1269,2244.0682716166666,799.3355933333332,1518.71522,1004.01598
1270,2244.4995267033332,1320.2590666666667,1315.57314,924.24046
1271,2589.991497573333,1483.4288066666666,1224.68261,1106.56279
1272,2828.61681962,1883.617,1303.38048,1174.49982
1273,3002.12256625,2001.3230666666666,1495.41,1230.2995
1274,3153.65567999,2081.23632,1922.26584,1272.5225599999999
1275,3263.419529573333,2116.4303333333332,2224.355503333333,1326.9891966666667
1276,3317.8565500066666,2160.4223766666664,2632.163126666667,1337.4341733333333
1277,3373.30797751,2022.8696133333333,3257.9985366666665,1387.9014633333331
1278,3221.1629258233334,1943.8883266666667,3802.7254,1277.2746000000002
1279,3149.371522836667,1879.6858466666667,4183.094323333333,1269.685676666667
1280,3044.4209237333334,1811.1977333333334,4505.63681,1233.2231899999997
1281,2808.1073747,1683.4649933333333,4794.03762,1124.64238
1282,2776.59706338,1646.0199633333332,4849.4229000000005,1130.5771
1283,2640.88064581,1543.0913966666667,4820.8907500000005,1097.78925
1284,2487.8985995766666,1449.34265,4700.30405,1038.55595
1285,2330.88010331,1329.6485733333332,4451.54845,1001.23155
1286,2257.2331104,1296.94292,4119.7099,960.29
1287,2082.736145826667,1187.8190466666665,3750.98285,894.91715
1288,1941.41703663,1118.6095466666666,3357.1925499999998,822.8074500000001
1289,2294.9879353833335,595.10268,2587.6331433333335,1126.4668566666667
1290,2290.095773326667,579.86062,2144.401246666667,1135.5987533333332
1291,2292.0347737533334,594.2971,1795.4548266666663,1111.7651733333337
1292,2505.684621573333,725.2264,1485.6458766666667,1182.0130233333332
1293,2267.1222362766666,840.7953266666666,1518.68649,998.99821
1294,2417.2440075066665,1401.94152,1225.6406133333332,1015.3024866666667
1295,2550.4342713,1479.46702,1246.91125,1070.9672500000001
1296,2919.4753204500003,1988.3773199999998,1314.1086,1160.5980000000002
1297,3190.5801104300003,2177.51817,1477.86706,1242.56194
1298,3205.394967113333,2122.4968833333332,1895.7437166666668,1282.8528833333332
1299,3264.9650029066665,2102.9943766666665,2188.0546733333335,1341.9706266666662
1300,3344.44998331,2224.05325,2673.456166666667,1300.396733333333
1301,3411.754219053333,2169.0945666666667,3356.3581466666665,1289.5418533333332
1302,3219.6866571433334,2030.5605366666664,3890.87388,1189.1261200000001
1303,3009.924737143333,1818.8444266666665,4261.69969,1191.08031
1304,3004.4528428366666,1778.4643733333332,4512.87153,1225.98847
1305,2821.1045115800002,1664.1267533333335,4761.7022400000005,1156.9777599999998
1306,3156.7706366366665,1815.05287,4638.282233333333,1341.7177666666669
1307,3084.20336596,1759.6270866666666,4594.103723333334,1324.5762766666667
1308,2967.83301579,1594.0156166666666,4365.04265,1373.81735
1309,2770.3704487100003,1461.6303733333334,4144.039973333333,1308.7400266666668
1310,2750.8496129100004,1404.3945833333332,3733.54488,1346.45512
1311,2435.661752396667,1243.7501366666668,3453.9884733333333,1191.9115266666668
1312,2211.65977336,1171.6342866666669,3139.9745333333335,1040.0254666666665
1313,2124.8448029133333,619.78295,2766.273446666667,947.8265533333333
1314,1993.13816541,609.9334799999999,2479.1120133333334,800.8879866666666
1315,2039.1427942100004,615.14449,2054.745496666667,852.4745033333334
1316,2144.7158695866665,657.56508,1742.08601,914.6941899999999
1317,2067.459870413333,810.4028999999999,1719.5594300000002,801.3401699999997
1318,2309.6355258266667,1375.6139333333335,1298.5988066666666,934.0215933333333
1319,2457.2526779933332,1493.16463,1373.2516533333335,964.0880466666667
1320,2740.966140516667,1894.4159333333334,1398.5519933333333,1076.0502066666668
1321,3018.2963995833334,2112.3686,1585.9566,1135.4278
1322,3112.8939529133336,2148.1953166666667,1991.2623633333333,1164.3579366666668
1323,3398.964986236667,2241.133206666667,2210.8569199999997,1337.8317800000002
1324,3328.8756037466665,2143.3107166666664,2634.7797133333333,1365.5648866666668
1325,3472.6633962133333,2124.8655,3243.452403333333,1402.4475966666666
1326,3407.32459284,2081.46076,3754.1361666666667,1325.8638333333333
1327,3265.21363916,2046.0559999999998,4233.62236,1219.15764
1328,3128.6927834,1940.4524433333331,4550.61966,1188.2403399999998
1329,2915.75929956,1745.94282,4748.86352,1169.81648
1330,2941.505249986667,1777.8924900000002,4816.38724,1163.61276
1331,2660.5097904,1602.1565899999998,4860.3268,1058.3532
1332,2359.2786433,1358.4172233333334,4737.9986,1000.8614
1333,2314.1865308733336,1333.68764,4472.281199999999,980.4988
1334,2198.7872533,1247.3560933333333,4128.5687,951.4313
1335,2059.4884234033334,1190.0546133333335,3776.4662,869.4338
1336,2195.824180806667,1165.6378966666666,3149.8137666666667,1030.1862333333333
1337,2255.459157136667,547.88608,2564.742623333333,1149.3573766666668
1338,2271.5581328900003,618.74004,2179.6428066666667,1100.3571933333333
1339,2316.5757957966666,607.32668,1778.8035833333333,1128.4164166666667
1340,2257.62774669,662.7651999999999,1660.6570533333334,1002.5855466666668
1341,2177.9684984166665,825.8271400000001,1597.8755433333336,922.0086566666666
1342,2386.7471366333334,1398.6222166666664,1270.16048,988.12502
1343,2623.109061626667,1561.4794233333332,1259.50636,1061.6296399999999
1344,2897.52435337,1949.2280466666666,1323.5741933333334,1177.7962066666666
1345,3057.3635046333334,2094.45075,1523.6377466666668,1192.412753333333
1346,3164.3573046566667,2157.60442,1988.9151166666668,1206.7675833333333
1347,3234.1177699733335,2178.05444,2281.87167,1236.0633300000002
1348,3336.676127096667,2226.419933333333,2711.4616066666663,1290.2560933333339
1349,3355.5695600066665,2129.8276666666666,3378.6301066666665,1267.2698933333331
1350,3373.1739257900003,2067.6844,3774.5104733333333,1305.489526666667
1351,3349.9908991499997,2045.47884,4148.26794,1304.51206
1352,3228.323746213334,1962.8139166666665,4473.35017,1265.5098300000002
1353,3144.0050261966667,1857.3494933333334,4632.024466666667,1286.6555333333333
1354,3005.75663377,1743.2821966666666,4717.525563333334,1262.4744366666666
1355,2826.594390416667,1676.9929333333332,4769.078543333333,1149.6014566666668
1356,2525.4385995400003,1472.5343400000002,4685.95584,1052.90416
1357,2354.0261800266667,1348.46227,4447.216100000001,1005.5638999999999
1358,2189.65743245,1249.8519233333334,4140.194439999999,939.80556
1359,2038.7707800100002,1100.8859499999999,3708.01518,937.8848200000001
1360,1785.3771283833332,956.2236066666667,3350.84645,829.15355
1361,2153.09224916,552.33045,2682.9093,1031.1907
1362,2196.10738001,590.1423,2234.3862200000003,1045.6137800000001
1363,2044.379662,619.5197000000001,2033.3034366666666,873.9165633333334
1364,2059.1843250933334,664.0205933333333,1824.51567,824.25153
1365,2037.5329337833332,782.9264599999999,1713.9999266666669,797.0690733333332
1366,2380.0189737566666,1345.5656999999999,1214.0843266666666,1034.4533733333333
1367,2553.86747046,1446.0940699999999,1220.6015,1107.7734
1368,2946.6134837833333,1975.0482833333333,1295.5466,1201.0652
1369,3145.19393954,2104.37218,1446.82674,1270.32176
1370,3258.4903504133335,2135.9266366666666,1848.553586666667,1322.3884133333331
1371,3087.965539986667,2113.8100533333336,2363.8811133333334,1154.1554866666668
1372,3148.0571804,2152.49128,2819.0953,1175.5659
1373,3082.8509966366664,1928.8438966666665,3477.5735999999997,1168.3264
1374,3029.14868579,1857.3965466666664,3908.24786,1171.75214
1375,2874.8858382233334,1738.97984,4316.874,1135.906
1376,2862.96463842,1724.7921366666667,4600.6875,1138.1725000000001
1377,2907.7125417800003,1710.85536,4721.82282,1196.85718
1378,2713.5337475,1593.6801466666668,4860.1464000000005,1119.8536
1379,2610.1394224799997,1521.6576833333334,4830.19826,1088.48174
1380,2435.081000466667,1425.49796,4729.27696,1009.58304
1381,2395.60770336,1397.6798133333332,4454.852080000001,997.92792
1382,2302.8052720333335,1335.5650333333333,4112.75978,967.2402199999999
1383,1903.8729124333333,1066.1479833333333,3808.17508,837.72492
1384,1712.8663837233335,948.3917633333334,3415.52533,764.4746700000001
1385,2087.0990529433334,551.88224,2730.4604866666664,983.6395133333335
1386,2058.2494733133335,566.88437,2341.7753966666664,938.2246033333336
1387,2066.33110619,590.76718,2003.0800733333333,904.1399266666667
1388,2025.7564428733335,622.6361099999999,1820.6279666666667,829.9299333333335
1389,2302.2727057966667,834.8712266666666,1514.18842,1011.4110800000001
1390,2368.06405711,1337.59451,1218.0636533333334,1030.4695466666665
1391,2520.6032100700004,1450.58572,1240.76481,1070.0174900000002
1392,2877.874786656667,1969.7260533333335,1338.4806666666666,1137.6487333333334
1393,3054.9330275400002,2088.8491,1511.2069733333333,1195.5839266666667
1394,3276.5940886766666,2201.06155,1922.5372599999998,1275.5382400000003
1395,3393.7548871266667,2249.41997,2210.3443833333336,1324.3349166666667
1396,3427.0641233333336,2333.33398,2713.6328566666666,1273.7301433333334
1397,3401.3781766533334,2102.8458266666667,3339.22125,1306.67875
1398,3325.8521162033335,2063.96883,3818.1167133333333,1261.883286666667
1399,3067.4281200333335,1879.14454,4264.4964199999995,1188.28358
1400,3074.691395726667,1844.5475966666665,4508.7162,1230.1438
1401,2904.08409999,1766.6382999999998,4781.2342,1137.4458
1402,2890.7891620433334,1773.6864633333334,4862.8973000000005,1117.1027
1403,2864.38604044,1598.5648566666666,4652.858816666667,1265.8211833333332
1404,2826.1857846,1568.7051833333333,4481.3794,1257.4805999999999
1405,2625.9712799766667,1390.2893133333332,4217.098033333334,1235.6819666666668
1406,2430.0040687,1299.8370833333333,3949.833083333333,1130.1669166666668
1407,2144.6086104566666,1188.92039,3690.2117,955.6883
1408,1914.0713171066668,1069.8036266666668,3335.7322,844.2678000000002
1409,2204.732673783333,563.252,2645.0573266666665,1069.0426733333334
1410,2198.4222608766668,552.32925,2220.97919,1059.0208100000002
1411,2270.5241838266666,621.03743,1858.8058466666666,1051.5618533333334
1412,2052.4035862533333,683.1070500000001,1857.5164633333331,794.1221366666667
1413,1998.78463714,806.2119533333332,1745.5194166666665,766.2782833333334
1414,2211.18650376,1289.6456633333332,1327.66066,921.5408400000001
1415,2627.563247543333,1559.4370666666666,1242.80072,1068.12618
1416,3038.443234913333,1986.1488166666666,1212.4570800000001,1281.79442
1417,3230.164137516667,2155.0017666666668,1411.49083,1304.66237
1418,3338.6650791566663,2174.61978,1808.1478000000002,1363.6792
1419,3588.40699291,2279.00306,2038.7980666666667,1489.4039333333335
1420,3632.803930876667,2320.26916,2488.01923,1492.53477
1421,3481.1676561833333,2167.5164866666664,3272.52303,1373.37697
1422,3416.44988534,2069.9159766666667,3733.46609,1346.53391
1423,3394.078634216667,2030.4493599999998,4089.1507266666667,1363.6292733333335
1424,3330.02350466,1962.8983533333333,4371.73485,1367.1251500000003
1425,3152.84298713,1901.5886733333332,4667.4256866666665,1251.2543133333334
1426,2875.7725024533333,1762.5252033333331,4866.7527,1113.2473
1427,2651.02940993,1552.72577,4820.37636,1098.30364
1428,2433.4689666933336,1382.4982466666668,4687.8893,1050.9707
1429,2374.54599915,1356.28774,4434.52178,1018.2582199999999
1430,2465.0610904533332,1349.64534,3964.58412,1115.41588
1431,2258.34390421,1243.5665733333333,3631.12264,1014.7773599999999
1432,2219.00186246,1224.4448499999999,3185.4429866666665,994.5570133333334
1433,2385.72718377,665.9772,2568.0625166666664,1146.0374833333335
1434,2286.654329126667,614.2587,2159.4110699999997,1120.5889300000003
1435,2465.87403661,681.9975000000001,1707.2797633333332,1199.9402366666668
1436,2457.3379353333335,767.1333466666667,1569.79551,1095.38229
1437,2473.9976362633333,944.5159899999999,1456.2393533333334,1071.9255466666668
1438,2464.3300404266665,1385.7150333333334,1151.5014933333334,1078.6150066666667
1439,2684.5630300666667,1610.5852633333334,1247.3988333333334,1073.9777666666666
1440,2910.0318504433335,2018.448616666667,1366.1743666666666,1121.0832333333333
1441,3047.7234104533336,2111.2758433333333,1547.8401333333331,1165.9475666666667
1442,3164.4241295799998,2122.681686666667,1933.555156666667,1241.431143333333
1443,3260.9134387233335,2120.7265866666667,2229.9388466666664,1320.1868533333334
1444,3284.3426109033335,2142.0689199999997,2653.75111,1322.2736900000002
1445,3296.1556466700004,2014.7741533333333,3315.9334066666665,1329.9666933333333
1446,3350.4120462133337,1983.62028,3713.2082333333333,1366.7917666666667
1447,3366.15087421,1988.7138333333332,4075.34296,1377.43704
1448,3338.10362999,1972.3146166666668,4373.070986666667,1365.7890133333335
1449,3079.7417608866667,1886.33283,4725.27107,1193.40893
1450,2785.36847622,1696.6077766666667,4891.2394,1088.7606
1451,2637.615202,1591.4902033333335,4872.555,1046.125
1452,2547.33614046,1501.5432700000001,4693.06708,1045.7929199999999
1453,2398.93995761,1379.6323166666668,4433.47232,1019.30768
1454,2251.1140582400003,1266.94077,4095.82664,984.17336
1455,2079.1723104833336,1178.0521800000001,3744.77986,901.12014
1456,1752.28318534,969.1848666666667,3396.90164,783.09836
1457,2083.05442664,615.16196,2795.6582733333335,918.4417266666667
1458,2058.8687975433336,528.1550500000001,2313.2548533333334,966.7451466666666
1459,2175.26765288,556.82421,1866.838056666667,1040.381943333333
1460,2225.6274428833335,543.3901500000001,1575.9076066666667,1088.7092933333333
1461,2413.89291422,837.62076,1417.158846666667,1108.571953333333
1462,2475.6931837133334,1429.77788,1203.4803966666668,1045.9153033333332
1463,2493.204519966667,1514.3948500000001,1331.76633,978.80967
1464,2957.72262962,2032.87969,1336.17496,1154.34294
1465,3164.2639071233334,2183.3759,1515.0237933333333,1210.3880066666666
1466,3275.78359334,2182.6333833333333,1901.36029,1292.59491
1467,3314.5773458233334,2131.4289666666664,2179.03852,1363.14838
1468,3172.12668709,2049.78333,2676.682643333333,1302.3433566666668
1469,3272.2878595133334,2051.49864,3367.12678,1278.77322
1470,3093.20070333,1939.238196666667,3926.0374933333333,1153.9625066666665
1471,3026.635020426667,1860.82186,4286.96684,1165.8131600000002
1472,2914.7932438166667,1760.0271033333333,4584.09386,1154.76614
1473,2901.1589766766665,1737.7667166666665,4755.28774,1163.3922599999999
1474,2764.435980006667,1632.8767799999998,4848.4408,1131.5592
1475,2620.7045554,1535.8847366666666,4833.86018,1084.8198200000002
1476,2521.71843292,1478.7915133333333,4695.93312,1042.92688
1477,2298.1150462166665,1317.1924766666666,4471.85746,980.92254
1478,2192.0443691600003,1267.93253,4155.8881,924.1118999999999
1479,1931.11076385,1095.9896133333334,3810.77876,835.12124
1480,1981.3400155,1118.29694,3316.956906666667,863.0430933333332
1481,2144.3994842133334,547.9587700000002,2686.680786666667,1027.4192133333331
1482,2140.5875570733333,566.72759,2286.690833333333,993.3091666666669
1483,2234.0394837833333,597.8066,1847.5580166666664,1059.6619833333334
1484,2269.8252066699997,724.14038,1700.3178733333334,959.2695266666666
1485,2336.62229826,821.0932700000001,1413.7969699999999,1095.4746300000002
1486,2468.9361961833333,1381.9104766666667,1159.4145800000001,1087.02572
1487,2701.2104900199997,1559.0699900000002,1180.2505,1142.1405
1488,2932.4847942433335,1955.2779466666666,1281.0218533333334,1206.7068466666665
1489,3085.3917000266665,2074.39768,1485.72038,1240.49402
1490,3163.08398293,2102.076813333333,1913.33933,1261.0662699999998
1491,3339.2984971233336,2198.8923266666666,2228.1673299999998,1320.4061700000002
1492,3295.5052642166665,2097.73171,2602.2310466666668,1377.7735533333334
1493,3300.5384937666668,2003.7847733333333,3301.41158,1344.4884200000001
1494,3361.88676414,2011.1485033333333,3729.2617400000004,1350.7382599999999
1495,3380.2453808933333,2036.8011133333334,4109.335733333333,1343.4442666666666
1496,3171.6923162566663,1927.6480333333334,4494.815716666667,1244.0442833333332
1497,3057.7546157533334,1776.67993,4637.6053133333335,1281.0746866666668
1498,2948.141380023333,1711.6222866666667,4743.480906666667,1236.5190933333333
1499,2923.2973133,1649.2771533333334,4644.65984,1274.02016
1500,2659.8742041833334,1465.5887733333334,4544.57457,1194.2854300000001
1501,2596.0555933466667,1497.0761033333333,4353.80037,1098.97963
1502,2356.2091000433334,1299.40462,4023.19552,1056.80448
1503,2114.00322375,1216.3782333333334,3748.2750499999997,897.6249500000001
1504,1848.1850458133333,1060.6275966666667,3392.4425499999998,787.55745
1505,2096.5067733066667,582.23812,2738.3384466666666,975.7615533333333
1506,2200.585637543333,603.1286200000001,2262.3431833333334,1017.6568166666667
1507,2189.3161475099996,604.38844,1906.2542933333336,1000.9657066666664
1508,2166.6975824133333,662.45265,1725.1975666666667,932.1739333333335
1509,2171.603519526667,724.11535,1582.2009300000002,960.74937
1510,2203.6198466966666,1255.31148,1303.8210333333334,948.3083666666666
1511,2510.003628026667,1375.1614,1193.1149733333334,1134.8422266666664
1512,2841.546207056667,1893.1007133333333,1328.6851066666666,1177.9454933333334
1513,3100.6660096100004,2081.08426,1482.51595,1249.08175
1514,3271.9057570666664,2162.8809733333333,1885.176916666667,1309.003883333333
1515,3285.285594646667,2167.0614266666666,2230.2670333333335,1298.2241666666664
1516,3375.12970707,2228.9870566666664,2644.12765,1326.14265
1517,3449.8617258366667,2158.44512,3284.8967933333333,1351.4166066666667
1518,3361.0289904633332,2060.5441733333337,3779.5151833333334,1300.4848166666666
1519,3146.57341038,1971.13111,4277.3377,1175.4423
1520,3023.729906286667,1872.0562066666669,4587.186299999999,1151.6737
1521,2995.8305313,1840.13453,4762.984,1155.696
1522,2800.34117962,1678.11648,4857.7753,1122.2247
1523,2702.79407201,1597.8412733333332,4813.7272,1104.9528
1524,2607.35798329,1509.0516333333335,4640.55365,1098.30635
1525,2712.34664709,1491.0727399999998,4231.506133333333,1221.2738666666667
1526,2484.199390426667,1355.5850533333332,3951.3857333333335,1128.6142666666667
1527,2240.6090558266665,1233.3575633333332,3638.6485666666667,1007.2514333333334
1528,1912.0794849166666,1008.2413533333333,3276.1618666666664,903.8381333333333
1529,2214.0868033566667,577.22666,2647.7610566666663,1066.3389433333334
1530,2173.1739004600004,583.22911,2265.20801,1014.7919900000002
1531,2172.82786006,586.60102,1890.1313599999999,1017.08864
1532,2233.06747619,731.35755,1712.4329733333332,934.1872266666669
1533,2251.9153971166666,766.9317000000001,1530.3848033333331,1006.9923966666668
1534,2445.7490599666667,1457.47513,1256.7974700000002,988.2739300000001
1535,2716.2911408866667,1576.71199,1178.4758499999998,1139.57915
1536,2976.3101670700003,1981.6273266666667,1254.80806,1224.18284
1537,2889.0369433533333,2022.0513433333335,1615.121,1096.4856
1538,3251.582553293333,2188.1486133333333,1913.21656,1263.44904
1539,3385.4058329,2195.4993,2164.296066666667,1369.9065333333335
1540,3340.7293709466667,2170.3643233333332,2624.2786533333333,1350.3650466666668
1541,3287.611797066667,2005.5780733333334,3310.5850766666667,1335.3149233333334
1542,3289.546260393334,1983.4572533333333,3773.9109933333334,1306.0890066666668
1543,3051.22020244,1861.87552,4263.435316666667,1189.3446833333333
1544,2891.7000633633334,1757.9915633333335,4605.1515,1133.7085
1545,2961.5323713266666,1782.84419,4739.991819999999,1178.68818
1546,2727.01714292,1565.6027433333334,4818.5856,1161.4144
1547,2600.32104668,1458.5297266666666,4776.88868,1141.79132
1548,2457.58274335,1418.2726433333332,4699.54998,1039.31002
1549,2349.70775959,1342.11794,4445.19016,1007.58984
1550,2179.03445335,1269.6783633333334,4170.643840000001,909.35616
1551,2190.34527708,1205.9573133333333,3661.5121066666666,984.3878933333334
1552,2204.1327838200004,1247.2295333333334,3223.09678,956.9032200000001
1553,2222.5563404133336,594.6021000000001,2635.58176,1078.51824
1554,2192.7729528933337,599.8945,2232.8808466666665,1047.1191533333335
1555,2209.935253296667,659.10005,1914.9418966666667,992.2781033333333
1556,2204.3208704033336,731.5255000000001,1771.5686299999998,887.1523700000002
1557,2178.97546665,759.6919533333332,1582.0795866666667,949.3262133333334
1558,2322.862504206667,1330.70209,1253.1750866666666,992.1604133333334
1559,2615.7202128833333,1614.8375666666668,1328.5150533333333,1000.8826466666666
1560,2953.9102199766667,1993.0558800000001,1293.96266,1190.35434
1561,3186.242766223334,2125.01524,1436.350173333333,1290.727526666667
1562,3354.803245793333,2241.5796800000003,1866.2325333333333,1312.8060666666668
1563,3486.88396709,2269.85096,2130.8547933333334,1397.0330066666668
1564,3557.4798696433336,2302.04401,2553.8334400000003,1435.4358599999998
1565,3623.8647775433333,2146.45152,3151.485543333333,1494.4144566666666
1566,3713.2820433366664,2144.82645,3511.5444066666664,1568.4555933333336
1567,3549.3721709066667,2124.8179,4028.2257299999997,1424.55427
1568,3250.800772493333,1969.41512,4457.474346666667,1281.3856533333333
1569,3157.0484795666666,1880.0750066666667,4641.706526666667,1276.9734733333335
1570,3023.733692463333,1770.6067933333334,4726.873100000001,1253.1269
1571,2879.9101441999996,1679.9729599999998,4718.742816666667,1199.9371833333332
1572,2619.9851195133333,1523.8471866666666,4642.722066666666,1096.1379333333334
1573,2506.4202295866667,1451.4798966666667,4397.839666666667,1054.9403333333332
1574,2114.210563376667,1239.0148333333332,4204.8042000000005,875.1958
1575,2036.0880433466668,1188.0222266666665,3797.8341333333333,848.0658666666668
1576,1769.7196904833336,1054.650746666667,3464.9310166666664,715.0689833333333
1577,2188.9081237866667,609.1566600000001,2696.5456366666667,1017.5543633333333
1578,2161.7135386966665,614.0049,2288.53766,991.4623399999998
1579,2199.8679467033335,632.4487399999999,1906.9058933333336,1000.3141066666664
1580,2239.04495425,707.87915,1749.1491966666667,924.3513033333334
1581,2156.7052304,805.86842,1621.1668900000002,905.6862100000001
1582,2295.47144465,1330.3797433333334,1300.3698,965.0917000000001
1583,2515.2082562133332,1483.8272566666667,1308.0719000000001,1031.381
1584,2789.0745366066667,1864.07177,1331.116533333333,1154.5027666666667
1585,2907.5680887233334,2017.9068900000002,1590.8541,1119.1612
1586,2987.6996386833334,1994.43509,1990.08805,1193.10215
1587,3030.079074266667,2011.59429,2317.5448166666665,1198.4847833333333
1588,3230.49508004,2125.5864133333334,2698.6821333333332,1284.9086666666667
1589,3306.999301363333,2046.6677066666666,3337.0404066666665,1308.8595933333334
1590,3236.31690002,1986.0112866666668,3829.6943866666666,1250.3056133333334
1591,3182.6553337733335,1937.4808666666668,4207.605533333333,1245.1744666666668
1592,3137.9600450866665,1867.3429933333332,4468.24295,1270.61705
1593,2997.8816062033334,1764.698256666667,4685.49665,1233.1833499999998
1594,2769.0973324933334,1570.9338333333333,4781.8365,1198.1634999999999
1595,2790.8123066666667,1462.7648666666669,4590.63256,1328.04744
1596,2560.0113620166667,1305.2634366666666,4484.112073333334,1254.7479266666667
1597,2428.6482561899998,1205.9125566666667,4230.04431,1222.73569
1598,2245.15343916,1173.2569633333333,4008.1035433333336,1071.8964566666666
1599,1912.7892991600002,967.3132200000001,3700.424,945.4760000000002
1600,1668.8896700100001,875.1966633333332,3386.307033333333,793.6929666666667
1601,2041.5970037166667,574.2032399999998,2818.6546366666666,895.4453633333333
1602,2028.18141913,589.2998,2390.41568,889.5843199999999
1603,2149.3399204533334,561.21096,1893.73264,1013.4873599999999
1604,2104.1259266833335,700.87226,1811.8055333333334,835.1026666666667
1605,2161.85801086,786.87014,1598.8280300000001,917.2352699999999
1606,2468.9666004833334,1439.3330866666668,1202.5238866666666,1029.6335133333332
1607,2649.9769691666665,1545.0073066666666,1212.0526366666666,1104.9696633333333
1608,2806.647816256667,1872.8765566666666,1315.70594,1163.27136
1609,3008.600797576667,2010.2517500000001,1517.0475533333333,1227.8490466666667
1610,3120.018280033333,2110.6289666666667,1974.8528866666668,1209.5589133333333
1611,3107.81761248,2097.1587966666666,2339.322183333333,1190.6588166666666
1612,3162.2369091566666,2112.8972266666665,2773.8256166666665,1229.3396833333331
1613,3221.56546005,1999.7940433333333,3385.015983333333,1260.8840166666669
1614,3169.5992524599997,1932.24352,3842.6442666666667,1237.3557333333333
1615,3120.3514113,1910.7499599999999,4243.1785500000005,1209.6014499999999
1616,3034.1775271533334,1857.1581666666666,4561.84064,1177.01936
1617,2965.409897566667,1764.385876666667,4717.6559799999995,1201.02402
1618,2865.05961332,1703.0591133333335,4817.9995,1162.0005
1619,2741.03264288,1596.9453933333332,4774.59275,1144.08725
1620,2468.7821903900003,1443.4688800000001,4713.54665,1025.31335
1621,2421.236752076667,1384.9208933333332,4416.4642,1036.3158
1622,2467.7082679666664,1336.88734,3949.1789333333336,1130.8210666666666
1623,2346.4941137166666,1300.3183733333333,3599.7241999999997,1046.1758
1624,2151.3130295666665,1145.4567333333332,3174.1437333333333,1005.8562666666667
1625,2252.2510695766664,687.1349399999999,2713.96607,1000.13393
1626,2221.10691285,631.39306,2269.4362466666666,1010.5637533333334
1627,2236.8966282066667,579.95744,1848.3921100000002,1058.8278899999998
1628,2199.7789009433336,687.39965,1749.8125499999999,916.44275
1629,1975.4431163100003,725.18442,1714.8969033333333,818.5987966666669
1630,2061.2228804466667,1222.4405800000002,1391.5908,838.7823000000001
1631,2267.124251256667,1297.3598533333334,1368.2280033333332,969.7643966666667
1632,2546.839080903333,1711.9861799999999,1426.5651,1064.3528999999999
1633,2837.60868584,1922.3516266666668,1586.50234,1144.75706
1634,2989.841105356667,2020.0580366666666,1997.7158299999999,1169.3805700000003
1635,3101.0247253566667,2071.0852,2307.321573333333,1209.9395266666668
1636,3472.5350786900003,2226.8054733333333,2550.105093333333,1425.7296066666668
1637,3554.9301242,2154.7743,3188.955376666667,1456.9446233333335
1638,3613.145689576667,2136.720973333333,3603.575283333333,1476.4247166666669
1639,3272.4872991166667,1997.4354066666665,4177.7281066666665,1275.0518933333335
1640,3097.438612,1910.8597133333335,4552.2811,1186.5789
1641,2853.098207113333,1694.4348466666668,4760.01664,1158.66336
1642,2769.63141335,1623.6900733333334,4834.05866,1145.94134
1643,2649.9557246566665,1579.343663333333,4848.06794,1070.61206
1644,2422.85815752,1439.4826566666666,4755.4845,983.3754
1645,2379.04800996,1361.5569666666665,4435.288866666667,1017.4911333333332
1646,2118.76061414,1190.37102,4151.610416666666,928.3895833333333
1647,1941.87628334,1068.927523333333,3772.95115,872.9488500000001
1648,1836.9090751100002,1017.75408,3360.8450166666667,819.1549833333333
1649,2270.96120956,666.15094,2673.58353,1040.51647
1650,2229.4667682133336,676.9956000000001,2268.57593,1011.4240700000001
1651,2174.8067353733336,628.52945,1915.3271133333333,991.8928866666668
1652,2239.6673508766667,706.65769,1689.10884,960.9036599999998
1653,2370.88289754,871.5140433333333,1478.3118466666665,1039.3651533333334
1654,2646.545029543333,1472.99102,1070.4315900000001,1173.5540099999998
1655,2656.86871956,1498.2151800000001,1155.27316,1158.65354
1656,2955.256587093333,1992.9829200000001,1284.2605333333333,1191.7736666666667
1657,3045.88837332,2110.00524,1546.0810666666666,1165.3831333333333
1658,3203.902259576667,2149.27198,1915.26652,1254.57498
1659,3353.62327421,2194.2680333333333,2214.6073599999995,1339.3552400000003
1660,3328.29333954,2209.64098,2724.63814,1298.65236
1661,3453.7251004333334,2109.150043333333,3274.5125433333333,1371.3874566666668
1662,3603.361229106667,2157.5489866666667,3634.1876566666665,1445.8123433333335
1663,3462.6368112833334,2084.84681,4074.99,1377.79
1664,3182.1034078000002,1910.1045933333335,4466.861183333333,1271.9988166666667
1665,3191.324881963333,1882.9130166666666,4610.268133333333,1308.4118666666666
1666,3108.7534667366667,1826.8144133333335,4698.0609466666665,1281.9390533333333
1667,2875.5460146933333,1649.40534,4692.539326666667,1226.1406733333333
1668,2606.2797586666666,1454.7776133333334,4587.357803333333,1151.5021966666668
1669,2466.6550550833335,1359.3892666666668,4345.514233333333,1107.2657666666667
1670,2419.8782786666666,1376.52943,4036.65118,1043.34882
1671,2250.5349290900003,1264.74027,3660.10545,985.7945499999998
1672,1944.6382520433335,1100.0337266666666,3335.3954733333335,844.6045266666667
1673,2093.9773537833335,572.04342,2745.4405666666667,968.6594333333334
1674,2165.86426337,554.5850899999999,2267.2745266666666,1012.7254733333334
1675,2316.59652626,647.09158,1827.0940533333335,1080.1578466666667
1676,2151.2181246333334,686.0117700000001,1781.9124466666667,878.2233533333333
1677,2223.2698290866665,806.4683066666668,1552.6041766666667,976.5166233333334
1678,2404.47150711,1381.3608733333333,1221.2399666666668,1023.1106333333333
1679,2635.2467375333335,1563.2046333333333,1249.9795966666668,1072.0421033333332
1680,2981.328245336667,2031.0483133333332,1316.7538666666665,1179.7799333333335
1681,3015.7273328733336,2046.1577699999998,1506.1002366666667,1199.0695633333335
1682,3238.184565756667,2178.89214,1931.1731733333334,1259.5028266666668
1683,3280.7706999566667,2144.64692,2211.1700199999996,1316.1237800000004
1684,3277.378422426667,2162.11284,2691.3395166666664,1295.2655833333336
1685,3290.4595158366665,2078.16859,3369.252573333333,1272.2909266666666
1686,3377.1471728666666,2113.71487,3816.5676966666665,1263.4323033333335
1687,3203.8299166300003,1978.9274833333334,4227.877566666667,1224.9024333333332
1688,3017.7034353633335,1852.4250366666668,4573.5815999999995,1165.2784
1689,2887.9636755433335,1745.3778733333334,4776.0942,1142.5858
1690,2750.5810400166665,1653.68194,4883.1009,1096.8991
1691,2526.4116704,1464.77677,4857.0451,1061.6349
1692,2222.9280417933333,1240.25024,4756.1822,982.6777999999999
1693,2420.281967506667,1378.2889,4410.787013333334,1041.9929866666666
1694,2363.725276666667,1288.2491666666665,4004.52382,1075.47628
1695,2198.0215911333335,1176.59098,3624.4694666666664,1021.4305333333336
1696,2003.2450309333333,1070.82715,3247.58212,932.4178800000001
1697,2198.50987421,599.7804,2686.241376666667,1027.8586233333333
1698,2128.432639596667,597.59075,2299.35021,980.6496900000001
1699,2244.073877083333,628.3623500000001,1879.7223733333335,1027.4976266666663
1700,2033.12088949,651.69795,1863.83296,795.47874
1701,2212.9384437666668,865.5663733333334,1662.90513,874.1191699999999
1702,2466.34636007,1409.41008,1194.2576199999999,1056.9362800000001
1703,2562.93254333,1462.4583333333335,1201.21629,1100.47421
1704,2818.852014666667,1899.1808633333333,1330.90255,1149.1711500000001
1705,2979.59969084,2024.81344,1537.8197499999999,1184.28625
1706,3175.0993799899998,2111.41468,1918.0227,1263.2937
1707,3310.9277953566666,2181.524406666667,2227.31351,1309.40339
1708,3379.3193124400004,2240.4121066666667,2663.7450933333334,1318.9071066666666
1709,3297.201550423333,2093.136646666667,3380.3629966666667,1264.0649033333334
1710,3252.277240436667,2019.2648633333333,3846.9876233333334,1233.0123766666668
1711,3220.4552053400002,1947.7915133333336,4180.116306666667,1272.6636933333332
1712,3154.4690995466667,1871.2584266666665,4455.649326666667,1283.2106733333333
1713,3039.5855299433333,1745.4384833333334,4624.532953333333,1294.1470466666667
1714,2928.2946386666667,1711.29171,4762.99707,1217.00293
1715,2626.65673287,1528.9238333333333,4820.9471,1097.7329
1716,2513.7626458,1435.3266266666665,4660.42398,1078.43602
1717,2375.05901422,1323.0308233333335,4400.7519,1052.0281
1718,2249.3858815900003,1276.1696733333333,4106.78356,973.2163400000001
1719,2198.39293756,1225.94795,3673.4550133333337,972.4449866666666
1720,1993.17997375,1115.7795,3302.5995066666665,877.4004933333333
1721,2257.0238146433335,604.0314,2633.1486866666664,1080.9513133333335
1722,2223.3011099933333,640.5527,2261.62569,1018.3743099999999
1723,2219.4263262766667,658.9862,1917.6785733333334,989.5414266666667
1724,2201.3828186733335,686.70865,1732.1086300000002,927.8666699999999
1725,2094.114659993333,754.0674133333332,1625.5350533333333,896.5388466666666
1726,2322.4415300933333,1327.2988033333336,1261.2637733333333,995.1427266666665
1727,2886.7465190799994,1692.4112533333332,1138.1090333333336,1194.3352666666665
1728,2930.81452579,1960.5756266666667,1273.812,1199.7389
1729,3191.0960413233333,2146.8271066666666,1442.9198666666666,1273.7689333333335
1730,3380.6344091566666,2255.2500433333335,1852.2613333333334,1325.1201666666668
1731,3450.505355386667,2271.0001466666668,2183.79019,1359.5052099999998
1732,3440.0923086666667,2205.2668633333333,2577.1219533333333,1414.8254466666667
1733,3363.0239271166665,2072.62838,3310.4399533333335,1335.4600466666666
1734,3336.9120520333336,2022.0002533333331,3765.0882,1314.9118
1735,3226.2047590866664,1985.5879133333333,4212.163153333334,1240.6168466666666
1736,3109.495142006667,1918.5164633333331,4547.8813199999995,1190.9786800000002
1737,2859.00827576,1671.1892766666667,4730.861,1187.819
1738,2750.54297245,1627.8781733333333,4857.3351999999995,1122.6648
1739,2707.51880621,1605.0673466666667,4816.22854,1102.45146
1740,2522.870714683333,1490.216433333333,4706.20562,1032.65428
1741,2409.53667624,1404.1933466666667,4447.43672,1005.3432800000002
1742,2264.5438553066665,1318.0838466666667,4133.53996,946.46004
1743,1987.06217128,1133.5584900000001,3792.39642,853.50358
1744,1943.1369446266667,1100.4021933333331,3337.26518,842.73482
1745,2228.9432999733335,636.04775,2670.68785,1043.41215
1746,2165.3609170500004,668.6111000000001,2317.822883333333,962.177116666667
1747,2073.3335928799997,615.4818,1997.038606666667,910.1813933333332
1748,2240.92366376,688.4785999999999,1662.8094366666667,984.2592633333335
1749,2387.097552926667,853.11225,1497.5173966666666,1029.5603033333334
1750,2566.1662157233336,1543.4705500000002,1219.4522333333332,1022.695666666667
1751,2646.4577358166666,1621.1072833333335,1277.1401466666666,1025.3504533333335
1752,3013.542487966667,2017.5223666666668,1252.57568,1225.5201200000001
1753,3349.9981953233337,2177.036236666667,1323.61724,1402.46196
1754,3521.7413271166665,2257.2776266666665,1718.4014000000002,1464.3651
1755,3677.579196703333,2318.8197,2022.8798033333337,1538.7594966666663
1756,3597.4720367266664,2312.89603,2532.4787933333337,1464.5760066666664
1757,3720.4560762666665,2227.35898,3137.5788033333333,1508.3210966666666
1758,3555.9231391333333,2126.5317,3650.60856,1429.3914399999999
1759,3462.4411759600002,2034.0373833333333,4024.37621,1428.40379
1760,3354.478683296667,1994.0972466666667,4378.478563333333,1360.381436666667
1761,3069.836421973333,1852.1641366666665,4701.007713333333,1217.6722866666667
1762,3065.5787596,1813.1244366666665,4727.545676666667,1252.4543233333334
1763,2803.9460562233335,1628.1542200000001,4742.888163333333,1175.7918366666668
1764,2632.93142622,1492.0061933333334,4597.934766666666,1140.9252333333334
1765,2499.18810863,1407.6368066666666,4361.228736666667,1091.5512633333333
1766,2393.71034666,1324.9187333333334,4011.2082666666665,1068.7916333333333
1767,2097.8989191600003,1186.8448266666667,3734.8458466666666,911.0541533333334
1768,1779.45640199,1011.98164,3412.5252666666665,767.4747333333333
1769,2116.318030056667,580.9172,2728.9157999999998,985.1842000000001
1770,2156.802069166667,618.7831,2298.72023,981.27977
1771,2212.7255095333335,664.5499,1909.31869,997.9013100000001
1772,2203.46350754,613.9748000000001,1645.8350933333331,1009.4568066666669
1773,2289.8852157900005,851.3067500000001,1527.613133333333,986.6094666666668
1774,2395.8140266333335,1454.2097133333334,1309.0366866666666,941.6043133333334
1775,2515.4831395866663,1542.8777799999998,1357.2661400000002,972.6053599999999
1776,2701.303893786667,1828.2622533333333,1379.65966,1102.54164
1777,2946.152874183333,2028.3066333333331,1563.12286,1147.3462399999999
1778,3161.3857658333336,2129.1518333333333,1975.2208666666668,1232.0889333333334
1779,3012.8310608500005,1967.6601533333335,2288.5698933333333,1225.1709066666667
1780,3208.2500170800004,2097.67668,2735.7415633333335,1290.5733366666666
1781,3189.49421825,1974.805223333333,3407.5327033333333,1238.3671966666666
1782,3119.5028167033333,1940.758933333333,3901.2561166666665,1178.7438833333335
1783,3118.02696713,1910.5899733333333,4245.343006666667,1207.4369933333332
1784,3059.2958445900003,1871.9900833333334,4551.55424,1187.3057599999997
1785,3094.6825733766664,1867.2725766666667,4691.270003333333,1227.4099966666668
1786,2906.0984958166664,1737.1470366666667,4811.04854,1168.95146
1787,2878.6177799966667,1697.3864466666666,4737.448666666667,1181.2313333333332
1788,2730.9446570833334,1539.8702033333334,4547.785496666666,1191.0745033333333
1789,2577.8973633233336,1428.71953,4303.602116666667,1149.1778833333333
1790,2404.4071166699996,1325.9665333333332,4001.559276666667,1078.440823333333
1791,2257.65937245,1250.40319,3638.6437266666667,1007.2562733333334
1792,1904.6835775333334,1016.8828333333335,3292.1992766666667,887.8007233333333
1793,2019.1023629066667,613.77295,2822.1119666666664,891.9880333333333
1794,2169.3290782733334,610.6279000000001,2296.94382,983.05618
1795,2251.656349126667,633.3044500000001,1876.7201,1030.5
1796,2234.980513313333,727.48445,1767.315736666667,903.9066633333332
1797,2187.878760066667,734.8994800000002,1569.80422,965.9951800000001
1798,2342.067182033333,1346.6849866666666,1233.8817033333332,995.3820966666668
1799,2520.69337669,1474.4366466666665,1260.6889700000002,1046.25673
1800,2971.1490095133336,1950.9256966666667,1221.2876866666666,1249.7233133333334
1801,3330.1744620233335,2201.6117666666664,1360.6294033333334,1358.0626966666669
1802,3517.45366998,2294.4434,1764.3241299999997,1423.0090700000003
1803,3555.192116206667,2319.10325,2121.2272333333335,1416.0888666666667
1804,3673.8652037399997,2351.94505,2482.9304466666667,1501.9201533333335
1805,3636.9714017833335,2183.4785266666668,3128.1026266666668,1513.4928733333334
1806,3548.2029953633337,2045.04555,3576.842553333333,1503.157446666667
1807,3396.0659995333335,2027.3664866666666,4084.0804866666663,1368.6995133333335
1808,3258.762348383333,1915.5620533333333,4395.659706666666,1343.2002933333333
1809,3183.7147715566666,1844.6027133333332,4579.56794,1339.11206
1810,3049.4051242000005,1784.89114,4715.486016666667,1264.5139833333337
1811,2900.95770245,1624.9462800000001,4642.668576666667,1276.0114233333334
1812,2645.5239075433333,1464.19883,4557.534883333334,1181.3251166666664
1813,2355.4921737133336,1260.3187966666667,4357.606603333334,1095.1733966666668
1814,2246.75598531,1227.1254066666665,4060.36949,1019.63051
1815,2081.1852095333334,1127.7201033333333,3692.4349933333333,953.4650066666668
1816,1894.0172470966668,998.6729866666667,3284.6557399999997,895.3442600000001
1817,2297.82986586,631.7828499999999,2645.3246833333333,1068.7753166666669
1818,2273.0777967100003,619.93435,2225.095953333333,1054.904046666667
1819,2116.5318928166666,565.0799,1905.1185066666665,1002.1015933333335
1820,2109.288041166667,633.43985,1714.1015066666664,933.8218933333335
1821,1981.6043067266667,722.6152500000001,1733.9765433333334,788.5538566666667
1822,2077.99237624,1204.67479,1376.0465133333332,873.3175866666667
1823,2108.1105566833335,1230.2291233333333,1435.0944666666664,877.8814333333335
1824,2697.0090658333334,1846.6599466666664,1417.9153800000001,1079.8491199999999
1825,2982.51848045,2069.8082466666665,1576.8666666666668,1142.2102333333332
1826,3135.93004045,2125.47584,1964.7187,1210.3776
1827,3335.2290413533333,2192.56403,2221.65859,1322.66491
1828,3412.652060493333,2251.97362,2634.26036,1340.6784399999997
1829,3345.468313816667,2064.1701,3316.3038866666666,1329.5961133333333
1830,3416.1935071433336,2079.05788,3742.8643733333333,1337.1356266666667
1831,3380.5469937499997,2043.3879733333333,4115.62098,1337.15902
1832,3133.606981266667,1837.0236833333333,4442.276703333333,1296.5832966666667
1833,3082.23432001,1846.0245466666665,4682.470226666666,1236.2097733333335
1834,2956.16674005,1728.2547866666669,4752.088046666667,1227.9119533333333
1835,2787.03555953,1606.01417,4737.65861,1181.0213899999999
1836,2661.492338,1487.7451500000002,4565.112663333333,1173.7473366666668
1837,2426.6620504366665,1401.2125,4427.33032,1025.4496800000002
1838,2143.9230662200002,1200.7105766666666,4136.7877,943.2122999999999
1839,2178.73469332,1194.2350033333332,3661.4003000000002,984.4997
1840,2234.23002045,1110.8825,3056.6524799999997,1123.34752
1841,2192.236159573333,620.16796,2691.632,1022.4679999999998
1842,2328.90276911,674.81075,2205.72588,1074.27412
1843,2414.4977541766666,675.7613,1742.8251466666668,1164.3948533333335
1844,2421.20917665,718.7999000000001,1546.6644233333336,1114.0311766666666
1845,2285.866182906667,794.35555,1468.6889666666666,1054.1815333333334
1846,2457.7016899433333,1333.42956,1117.57267,1124.27223
1847,2637.1786537766666,1456.66012,1146.9454666666668,1180.5185333333334
1848,2865.011250496667,1929.5645133333333,1310.9586633333333,1164.9467366666668
1849,3066.31638337,2001.8444266666665,1431.7544433333335,1293.9719566666665
1850,3175.6047950866664,2129.9679266666662,1929.7047333333333,1245.7555666666667
1851,3260.7022358266668,2152.4072866666666,2247.31255,1288.29495
1852,3306.56751664,2233.840283333333,2755.707766666667,1252.727233333333
1853,3329.0752470766665,2116.735846666667,3384.5229,1261.3771
1854,3334.751683356667,2061.39535,3806.643666666667,1273.3563333333334
1855,3261.87830754,1961.9593733333334,4152.861066666666,1299.9189333333334
1856,3221.7521384166666,1904.5962866666669,4421.70415,1317.15585
1857,3101.3256187433335,1794.27732,4611.6317,1307.0483
1858,3089.339045543333,1781.63286,4672.293816666666,1307.7061833333335
1859,2853.688532883333,1592.8781000000001,4657.869566666667,1260.810433333333
1860,2814.452236156667,1523.28752,4447.6952833333335,1291.1647166666667
1861,2747.5922495600003,1403.5076733333333,4108.695383333334,1344.0846166666668
1862,2599.0860267000003,1406.5479966666667,3887.46199,1192.53801
1863,2309.943513746667,1263.6346466666669,3599.5911333333333,1046.3088666666665
1864,2173.6174346333337,1214.5457099999999,3220.9283266666666,959.0716733333335
1865,2441.6927004133336,659.6853,2496.6471,1217.4529
1866,2374.45580909,648.8203,2143.5850900000005,1136.4149099999997
1867,2268.1066976,605.1641999999999,1818.1922033333335,1089.0277966666667
1868,2178.838867496667,631.4249,1704.5370333333333,957.4264666666668
1869,2128.46026709,842.3064633333333,1682.8395966666667,856.6606033333333
1870,2388.4992229,1347.2095366666665,1202.6249133333333,1041.2895866666668
1871,2730.1388200066667,1604.9893566666667,1207.7992366666665,1125.1494633333336
1872,2918.99505825,1930.5572,1267.84004,1217.93776
1873,3060.4021890999998,2091.3923066666666,1513.7027166666667,1198.5098833333334
1874,3243.49519999,2124.889183333333,1864.7703833333335,1318.4073166666667
1875,3290.20454954,2181.2267933333333,2247.8945433333333,1288.9776566666667
1876,3394.010044683333,2265.56527,2687.2102266666666,1308.4447733333332
1877,3413.5734412666666,2201.615656666667,3366.2762166666666,1271.9577833333333
1878,3317.1465433533335,2074.0671933333333,3836.92065,1243.0793500000002
1879,3370.3764999699997,2036.3137733333333,4118.717273333334,1334.0627266666665
1880,3291.1719383833333,1941.1476433333332,4388.835706666667,1350.0242933333334
1881,3394.8770875933333,1971.180926666667,4494.98384,1423.69616
1882,3193.3074938166665,1868.4481466666666,4655.140653333334,1324.8593466666666
1883,2978.63246669,1714.73587,4654.783403333334,1263.8965966666665
1884,2700.3257508833335,1515.89804,4554.43229,1184.42771
1885,2593.120799963334,1449.90468,4309.56388,1143.2161200000003
1886,2612.8260991233333,1425.78952,3892.96356,1187.0364399999999
1887,2370.4006104466666,1276.1786466666667,3551.677956666667,1094.2220433333332
1888,2115.488911783333,1132.9929133333335,3197.5040033333335,982.4959966666665
1889,2264.4844879933335,645.7009,2663.086513333333,1051.0134866666667
1890,2225.23190576,624.8942,2250.5606933333333,1029.4393066666667
1891,2100.5444403833335,615.4154,1984.63746,922.5825400000001
1892,2109.4357834033335,670.4886,1800.6843166666665,856.3949833333334
1893,2121.908336683334,859.4517866666666,1701.7730499999998,816.9671500000002
1894,2280.2059037400004,1418.3575333333333,1372.09503,861.8483700000002
1895,2537.5547034033334,1615.4629466666665,1395.9694433333334,922.0916566666667
1896,2853.2423399333334,1958.4246333333333,1371.1362933333332,1124.3177066666667
1897,3087.322960443333,2053.446753333333,1459.6119933333334,1263.3762066666663
1898,3238.6539871433333,2147.203266666667,1875.7383800000002,1291.09702
1899,3377.3608332666668,2216.155193333333,2190.04366,1341.2056400000001
1900,3406.5435395466666,2198.866806666667,2631.7636666666667,1387.6768333333334
1901,3464.19042334,2125.5326566666668,3245.3973333333333,1398.6577666666667
1902,3435.8649108600002,2121.411073333333,3765.5461633333334,1314.4538366666666
1903,3243.40607289,1996.6708733333332,4206.044800000001,1246.7351999999998
1904,3260.6696866233333,1984.8821033333334,4463.072416666667,1275.7875833333333
1905,3218.72275916,1903.9430933333333,4603.900333333333,1314.7796666666668
1906,3153.182922886667,1848.7076566666665,4675.524733333334,1304.4752666666668
1907,2942.8272000066668,1745.8265999999999,4721.6794,1197.0006
1908,2602.9952091466666,1558.4102266666669,4694.274966666667,1044.5850333333335
1909,2358.6112537933336,1409.2957733333333,4503.4646,949.3154
1910,2122.30358914,1236.6274,4194.3237,885.6763
1911,1849.0085195466668,1061.8160299999997,3858.7075999999997,787.1924
1912,1846.1788738199998,1044.6394599999999,3378.4605466666667,801.5394533333333
1913,2152.1333182500002,514.42564,2634.37862,1079.7213800000002
1914,2093.662561336667,542.08206,2284.5407,995.4593000000002
1915,2113.5102357633336,552.95199,1917.6767533333334,989.5433466666667
1916,2124.4728853333336,603.49452,1701.6626333333334,948.3779666666667
1917,2248.7847541833335,850.0399499999999,1595.0213966666665,928.7208033333336
1918,2464.7723966766666,1459.9134633333333,1254.7276666666667,1004.8590333333333
1919,2455.264236736667,1452.5682166666668,1330.92428,1002.69602
1920,2763.1246667,1927.1767866666667,1440.06632,1065.44788
1921,3019.4905471166667,2087.331256666667,1576.3001100000001,1161.6592899999998
1922,3144.989755366667,2097.0358366666665,1934.3799800000002,1248.14312
1923,3217.7403619633333,2119.1948166666666,2238.4164533333333,1278.5455466666667
1924,3283.8457533433334,2159.79453,2701.5611766666666,1304.0512233333334
1925,3283.980349106667,2038.1629566666666,3338.1640066666664,1305.8173933333333
1926,3241.9943662066667,1933.82998,3771.835613333333,1308.1643866666668
1927,3095.0467908500004,1843.3636566666667,4201.096866666667,1251.6831333333334
1928,3046.0830200933333,1789.70542,4482.4824,1256.3775999999998
1929,2999.83997285,1721.04484,4639.884866666666,1278.7951333333335
1930,2979.2057000366667,1681.0189666666668,4681.813266666667,1298.1867333333334
1931,2809.4952857533335,1551.6060533333334,4660.790766666667,1257.8892333333333
1932,2655.7564478333334,1477.7427999999998,4560.84635,1178.0136500000003
1933,2659.9115704566666,1471.1163,4263.98475,1188.7952500000001
1934,2564.9496041766665,1488.50945,4003.559726666667,1076.4402733333332
1935,2249.64214377,1251.17418,3647.4320266666664,998.4679733333335
1936,2152.6509366233336,1165.77879,3193.1278533333334,986.8721466666667
1937,2278.0245971233335,734.29515,2755.150453333333,958.9495466666667
1938,1966.698435826667,592.29885,2450.551813333333,829.4481866666669
1939,1981.6925695233335,617.822,2135.09903,772.1210700000001
1940,2217.7638004833334,704.9262,1760.9580999999998,911.8688
1941,2296.3330379966665,846.9998733333333,1512.0301366666667,1011.8464633333331
1942,2554.4054266933335,1438.3146066666668,1133.40268,1116.09082
1943,2609.7663400433335,1493.1034533333334,1190.926513333333,1116.6627866666668
1944,2881.298912906667,1922.2236533333335,1299.68884,1188.57526
1945,2918.6311642333335,2032.5241633333333,1593.4154999999998,1115.6069000000002
1946,3166.8366562666665,2164.3061733333334,1976.985216666667,1202.633383333333
1947,3379.7672695966667,2245.2694666666666,2225.2813966666668,1314.4978033333334
1948,3264.7486870933335,2252.0243133333333,2789.444726666667,1192.724373333333
1949,3329.9847166433333,2172.40685,3427.0918333333334,1217.5778666666665
1950,3324.3849332966665,2062.374206666667,3817.9892733333336,1262.0107266666666
1951,3190.9893737566667,1936.6922433333334,4198.48287,1254.29713
1952,3143.0779755433337,1945.0602733333333,4540.8423,1198.0176999999999
1953,3026.519043826667,1849.4519033333333,4741.61286,1177.06714
1954,2954.4100262666666,1730.6695099999997,4756.259483333333,1223.7405166666667
1955,2805.5621891266665,1624.7930233333332,4737.910833333333,1180.7691666666665
1956,2591.7672933366666,1492.3183000000001,4639.410966666666,1099.4490333333333
1957,2474.1839515833335,1415.3708333333334,4393.9668,1058.8132
1958,2334.6946166533335,1309.9932333333331,4055.298366666667,1024.7016333333333
1959,2105.8193134033336,1217.5415733333334,3757.6223,888.2777
1960,1831.15586757,1028.5937800000002,3377.437933333333,802.5620666666666
1961,1966.98108754,508.61037999999996,2811.3508933333333,902.7491066666666
1962,2115.2470395633336,635.3679400000001,2380.139,899.861
1963,2080.46266959,646.8456,2034.44583,872.7741700000001
1964,2118.6096366300003,744.5007,1836.4035633333333,812.3483366666667
1965,2170.21093,784.5753266666667,1618.3062966666666,907.8967033333333
1966,2347.525709156667,1384.02676,1296.68725,963.4989500000001
1967,2667.6548986733333,1573.3683333333333,1236.3782333333334,1094.2865666666667
1968,2896.9839362433336,1917.1604966666669,1284.8191599999998,1209.3234400000001
1969,3212.4105682833333,2188.2383,1464.9965300000001,1253.6722699999998
1970,3469.410979056667,2251.2111,1777.2803199999998,1418.9443800000004
1971,3623.6088729166668,2301.7297,2039.6150266666666,1501.8791733333333
1972,3687.8612103833334,2330.9592000000002,2441.10319,1536.9020100000002
1973,3735.006304226667,2193.0503,3052.4951966666667,1593.4048033333333
1974,3560.19439961,2182.7473,3702.5529,1377.4471
1975,3185.1115900333334,2002.7442066666667,4270.4126166666665,1182.3673833333332
1976,3040.4287275166666,1845.1503766666665,4543.58165,1195.27835
1977,2907.9895624833334,1750.4450633333333,4761.1355,1157.5445000000002
1978,2747.8687466066667,1624.7290966666667,4856.86035,1123.13965
1979,2464.4160833200003,1443.5182833333333,4897.7822,1020.8978
1980,2290.1812604833335,1308.1485666666667,4756.827216666667,982.0326833333334
1981,2128.344933266667,1185.4482833333334,4509.8834,942.8966
1982,2040.12111199,1163.5862133333335,4203.465,876.535
1983,1798.44160043,1011.44784,3858.9063,786.9937
1984,1656.0094891333333,934.71999,3458.7105,721.2895
1985,2184.3454408533335,621.5089,2693.57126,1020.52874
1986,2317.479942886667,637.6553500000001,2170.7298066666667,1109.2701933333335
1987,2257.7318733,626.0885000000001,1846.5648266666665,1060.6551733333336
1988,2112.0009200000004,653.07242,1792.4325999999999,869.0906
1989,2188.629386206667,735.4965833333332,1521.2612966666668,1007.1758033333332
1990,2262.0892025033336,1276.4472233333333,1255.98562,985.64188
1991,2447.24557916,1398.7024,1278.60672,1048.5431800000001
1992,2866.21750586,1929.4343466666667,1323.12464,1166.28316
1993,3256.91763379,2158.2555866666667,1391.8480533333336,1328.1621466666666
1994,3434.72127421,2219.0761,1771.5626266666668,1415.3943733333333
1995,3605.093037153333,2289.6464,2037.1602633333332,1495.4466366666668
1996,3731.2421861800003,2345.2666999999997,2429.889113333333,1565.9754866666667
1997,3859.620830486667,2260.5669,3013.11447,1632.78553
1998,3791.470650436667,2215.36384,3503.8931900000002,1576.1068099999998
1999,3692.7973378233332,2212.1202733333334,3972.1029333333336,1480.6770666666664
2000,3503.46643089,2082.0945333333334,4317.488103333333,1421.3718966666665
2001,3299.96956955,1917.61791,4536.32834,1382.3516599999998
2002,3179.4840109066663,1841.86591,4642.3819,1337.6181000000001
2003,2986.57962715,1717.90188,4650.002253333334,1268.6777466666663
2004,2760.01521137,1499.0065599999998,4477.8514,1261.0086
2005,2600.79417086,1396.3870666666667,4248.372886666667,1204.4071133333332
2006,2432.840330056667,1301.3306766666667,3948.4902666666667,1131.5097333333333
2007,2120.7840370933336,1132.8637,3657.979713333333,987.9202866666668
2008,1944.8750775166668,1050.1510166666667,3285.2758400000002,894.72416
2009,1937.439072526667,553.1485,2895.6881266666664,818.4118733333335
2010,1836.112378426667,503.31505000000004,2501.2818733333334,778.7181266666668
2011,1871.4433786966667,546.37796,2144.8914800000002,762.32852
2012,2151.894069566667,635.23315,1772.98338,904.1350200000002
2013,2161.4548542166667,782.40266,1610.7789066666667,918.9792933333333
2014,2244.27063961,1340.9963733333334,1332.4354333333333,903.2742666666668
2015,2433.29048799,1459.6784100000002,1352.4287233333332,973.6120766666668
2016,2804.619990416667,1885.0407233333333,1346.1517333333334,1149.0792666666666
2017,3058.18463239,2096.35795,1518.0233166666667,1191.3266833333332
2018,3255.375404623334,2182.0993200000003,1920.4453166666663,1272.8725833333338
2019,3225.86842796,2188.8701733333332,2316.3281466666663,1216.9982533333334
2020,3305.1423366766667,2203.09496,2701.9942233333336,1282.0473766666667
2021,3156.8863757833337,1964.9854366666668,3394.87396,1251.0260400000002
2022,3311.967619963333,1997.1836466666664,3765.2160266666665,1314.7839733333335
2023,3220.4348803933335,1921.0029533333332,4153.348073333334,1299.4319266666669
2024,3113.065768876667,1837.0314999999998,4462.825733333333,1276.0342666666666
2025,3144.0995899766667,1841.9507766666666,4616.531186666667,1302.1488133333332
2026,3020.8460546566666,1803.9759666666666,4763.129913333333,1216.8700866666666
2027,2764.5538413233335,1639.63563,4793.76179,1124.91821
2028,2529.9148157600002,1379.2296366666665,4588.17482,1150.68518
2029,2296.671706243333,1296.1003766666668,4452.2087200000005,1000.57128
2030,2162.3645775,1212.6632566666667,4130.2985,949.7015000000001
2031,2155.41719,1150.0538900000001,3640.5366799999997,1005.36332
2032,2062.84518715,1091.0392066666666,3208.1940099999997,971.8059900000001
2033,2341.53561337,644.50605,2592.3935966666663,1121.7064033333336
2034,2181.93278667,633.08242,2306.614333333333,973.3856666666668
2035,2205.84949334,644.2141,1925.8701066666665,981.3498933333333
2036,2207.3231280166665,679.6412,1727.9257733333334,935.3743266666665
2037,2125.718722,828.91035,1637.2836266666666,882.9131733333335
2038,2214.8572784266667,1293.5738533333333,1336.6584766666665,921.2833233333333
2039,2375.6022733166665,1425.9918400000001,1377.1628666666668,949.6104333333333
2040,2635.4230908766667,1812.55014,1455.9583499999999,1052.37295
2041,2826.18050954,1945.7592100000002,1602.4473999999998,1109.9213000000002
2042,3136.521124206667,2055.93594,1910.8133166666664,1280.3262833333335
2043,3294.8233891233335,2120.5837166666665,2175.2397266666667,1354.2396733333335
2044,3389.6825003833333,2233.0102033333333,2638.9931033333332,1336.6722966666666
2045,3432.538876233333,2147.07565,3326.5393733333335,1319.3606266666666
2046,3310.0293308066666,2062.6752533333333,3832.6459233333335,1247.3540766666665
2047,3234.5351012833335,2006.7377133333334,4224.982613333334,1227.7973866666666
2048,2963.552983793333,1831.6096833333334,4606.9167,1131.9433
2049,2919.1500799866667,1760.4784399999999,4760.00836,1158.67164
2050,2860.7260833466667,1731.0605233333333,4850.3344400000005,1129.66556
2051,2679.82720954,1574.20999,4813.06278,1105.61722
2052,2480.94034799,1451.6747366666666,4709.59428,1029.2657199999999
2053,2527.34274825,1396.8777566666665,4322.3149066666665,1130.4650933333332
2054,2462.67098379,1389.3481166666666,4006.6771133333336,1073.3228866666666
2055,2150.9400766699996,1210.6426133333334,3705.6025766666667,940.2974233333332
2056,1970.5516237166667,1127.4925666666668,3336.9409133333334,843.0590866666666
2057,2064.27436709,586.9683,2800.151733333333,913.9482666666669
2058,2194.5074737633336,708.7738999999999,2359.7317266666664,920.2683733333337
2059,2166.0353690566667,600.71315,1917.50398,989.71602
2060,2135.5641991033335,639.7976,1760.5715999999998,906.0318000000002
2061,2110.5762466933334,828.7731,1671.1167533333332,843.0295466666669
2062,2250.1027570866668,1347.4953366666666,1347.90748,902.6073199999998
2063,2472.44732382,1421.29281,1273.419886666667,1051.1545133333332
2064,2811.8805633566667,1868.3646166666665,1313.6162533333334,1173.0159466666667
2065,3066.0763003666666,2080.2132933333332,1512.8585933333334,1215.3631066666667
2066,3084.7417342133335,2082.5457533333333,1973.79632,1202.08678
2067,3231.7204361900003,2165.2162799999996,2288.5861433333334,1246.5042566666666
2068,3218.4231667000004,2172.4463066666667,2779.14964,1225.97686
2069,3254.0161737,2106.7917066666664,3439.6870333333336,1206.2129666666665
2070,3244.21095007,2004.529356666667,3840.3184066666668,1239.6815933333332
2071,3315.892192,2018.00052,4154.888326666667,1297.891673333333
2072,3188.2771861799997,1948.6114899999998,4499.194303333334,1239.6656966666665
2073,3222.8130937533333,1941.2642066666665,4637.131113333333,1281.5488866666667
2074,3043.1306437599997,1810.1577333333332,4747.0270900000005,1232.97291
2075,2950.0327446366664,1724.3839233333333,4693.03118,1225.6488200000001
2076,2583.1771550599997,1484.5240399999998,4640.206866666667,1098.6531333333332
2077,2425.1741650500003,1373.88172,4401.487566666667,1051.2924333333333
2078,2402.592370446667,1272.7729166666668,3950.180456666667,1129.8195433333333
2079,2308.9709091233335,1227.51361,3564.44274,1081.45726
2080,2083.7428108866666,1112.84875,3209.1058900000003,970.89411
2081,2044.09336091,586.8742199999999,2793.21286,920.8871399999999
2082,2084.9776933900002,537.5154400000001,2315.4113466666668,964.5886533333332
2083,2013.44611336,533.6449799999999,1991.1138666666666,916.1061333333332
2084,2062.5496962033335,660.1729,1832.6188033333335,822.4391966666666
2085,2157.770582923333,764.4669166666666,1604.1194333333333,922.4661666666666
2086,2237.4113633233337,1287.4190933333334,1287.51013,949.9922700000002
2087,2486.4550599766667,1417.0802933333332,1256.2111333333332,1069.3747666666668
2088,2855.939989096667,1952.1061399999999,1355.80685,1133.3338500000002
2089,2874.2799808933332,1963.4453466666669,1575.5958666666666,1140.3346333333334
2090,3064.33879955,2065.3967599999996,1982.91366,1198.8605400000001
2091,3236.387170013333,2090.973626666667,2221.7610566666667,1325.4135433333333
2092,3090.8714553733334,1979.0431866666668,2698.9684300000004,1291.82827
2093,3151.53951289,1887.9111866666667,3341.569573333333,1304.3304266666667
2094,3076.763835126667,1881.0588266666668,3884.2949933333334,1195.7050066666666
2095,2843.4029467,1700.2903466666667,4309.6674,1143.1126
2096,2720.98196868,1590.61827,4608.4963,1130.3636999999999
2097,2685.7961133333333,1538.5743133333333,4771.4582,1147.2218
2098,2702.1525270800003,1591.0517266666668,4868.8992,1111.1008
2099,2566.0559842000002,1518.9117833333332,4871.5358,1047.1442
2100,2515.42280466,1464.8941333333335,4688.3313,1050.5287
2101,2446.4475300599997,1430.71263,4437.04505,1015.73495
2102,2420.5975237800003,1442.9768133333332,4102.3794,977.6206
2103,2357.53184001,1348.84422,3637.2124,1008.6876000000002
2104,2091.50874001,1211.9437933333334,3300.435033333333,879.5649666666667
2105,2389.72119333,585.3987099999999,2482.741116666667,1231.3588833333333
2106,2189.41295249,528.7134000000001,2202.427846666667,1077.5721533333333
2107,2285.6183499633335,650.97677,1833.1647199999998,1074.0552800000003
2108,2199.9636433333335,665.57967,1687.1534266666665,967.0923733333336
2109,2184.3828632966665,782.6928700000002,1586.4282066666667,936.3775933333333
2110,2325.5300971533334,1365.2254266666669,1299.54133,960.30467
2111,2490.1333491333335,1401.1599299999998,1228.90678,1088.97332
2112,2869.453085306667,1935.62441,1318.7804233333331,1163.3285766666668
2113,3171.0351933700003,2177.6007999999997,1508.5096066666667,1222.9344933333332
2114,3490.514200026667,2282.79702,1769.9969200000003,1407.36688
2115,3581.75133506,2278.5946,2045.0834666666665,1483.1567333333332
2116,3548.3161304633336,2308.00616,2564.8042299999997,1420.3099700000002
2117,3471.7136142366667,2158.1877,3281.5461866666665,1364.3538133333332
2118,3430.3217720000002,2066.9617399999997,3716.6400666666664,1363.3600333333334
2119,3376.049312896667,2028.88888,4105.619566666666,1347.1604333333335
2120,3372.4032924600006,2030.2422933333332,4396.699,1342.161
2121,3387.448562866667,1959.196233333333,4490.42767,1428.2523300000005
2122,3222.71877844,1799.2354466666666,4556.51667,1423.48333
2123,3293.17936,1772.25149,4397.75213,1520.92787
2124,2926.70827245,1651.8991333333333,4464.05086,1274.8091399999998
2125,2670.06953996,1491.8368933333334,4274.547233333333,1178.2327666666667
2126,2502.16974246,1383.275376666667,3961.1056233333334,1118.8943766666666
2127,2270.4832166799997,1228.6792266666666,3604.09601,1041.8039899999999
2128,2038.45663994,1038.6522,3180.19552,999.80448
2129,2185.3827680033332,620.2826,2706.642733333333,1007.4572666666668
2130,2107.51266535,573.26896,2318.4921933333335,961.5078066666667
2131,2283.4784558166666,679.7616,1885.2269433333336,1021.9930566666665
2132,2171.9003857633334,715.58416,1774.1127733333333,879.0394266666668
2133,2167.955722503333,774.0284366666667,1553.1197133333335,955.6454866666666
2134,2365.62298045,1372.74598,1247.2952,992.877
2135,2590.2565242066667,1502.5139733333333,1226.45485,1087.74245
2136,2912.25704796,1935.5485933333334,1267.1052466666665,1206.2084533333334
2137,3147.465799983333,2159.0398266666666,1515.0991266666665,1217.9259733333333
2138,3231.081762003333,2156.497103333333,1904.9466400000001,1274.9364600000001
2139,3222.12582246,2122.7531,2246.6991766666665,1279.3727233333334
2140,3306.52699712,2192.0419033333333,2725.6987066666666,1294.4851933333334
2141,3331.56471753,2111.81221,3375.139393333333,1270.760606666667
2142,3266.3466896066666,1989.9524233333334,3803.6057333333333,1276.3942666666667
2143,3057.0743467266666,1773.7296133333332,4169.435266666666,1283.3447333333334
2144,3139.2854095666667,1847.5618533333334,4447.136443333333,1291.7235566666666
2145,3140.0199170566666,1840.52036,4619.180443333333,1299.4995566666669
2146,3076.6619595566667,1790.7778766666665,4694.115916666667,1285.8840833333334
2147,3034.6868466566666,1750.53124,4634.524393333333,1284.1556066666667
2148,2719.3842050933335,1520.12331,4539.599066666667,1199.2609333333335
2149,2451.5243804433335,1375.5898333333334,4376.845533333333,1075.9344666666666
2150,2257.9486933233334,1254.7005199999999,4076.751666666667,1003.2483333333332
2151,2128.7773217400004,1213.5924300000001,3730.71505,915.18495
2152,1870.7676004966668,1076.47846,3385.7109,794.2891000000001
2153,2278.9009475333337,663.47604,2672.239093333333,1041.860906666667
2154,2109.599262866667,573.81257,2298.2749066666665,981.7250933333333
2155,2102.50331051,582.3034899999999,1959.94898,947.2710200000001
2156,2062.5367179933337,622.3818699999999,1755.4385533333332,883.6215466666669
2157,2095.2148949133334,811.1414000000002,1687.5969033333333,833.8868966666668
2158,2231.0905424833336,1350.0435433333334,1348.0443,881.0471
2159,2493.24829047,1489.60129,1329.5140000000001,1003.6469999999999
2160,2714.5026984166666,1871.4297966666668,1412.2072,1072.5729000000001
2161,2973.2166275166664,2084.515066666667,1601.92984,1118.20156
2162,3153.1391162166665,2127.7590966666667,1956.6492800000003,1225.3704199999997
2163,3497.37902449,2289.0344766666667,2174.26385,1388.3445499999998
2164,3414.36325915,2265.5921266666664,2683.5628666666667,1328.7711333333332
2165,3456.6366057500004,2167.4509399999997,3310.705933333333,1335.194066666667
2166,3272.633770486667,2040.64077,3848.007,1231.993
2167,3246.6028042133335,1960.6534666666666,4166.830663333333,1285.9493366666668
2168,3060.6828862233333,1829.5966200000003,4507.773733333333,1231.0862666666665
2169,3114.2725333,1829.3220966666665,4633.729563333333,1284.9504366666667
2170,2949.6527366633336,1757.6464366666667,4787.9937,1192.0063
2171,2946.79037379,1746.2557666666667,4718.145393333333,1200.5346066666668
2172,2723.91884039,1570.3758733333332,4585.317083333333,1153.5429166666668
2173,2571.1399791233334,1491.6198766666666,4373.259936666666,1079.5200633333334
2174,2365.177913323333,1412.31183,4127.133806666667,952.8661933333333
2175,2211.73197671,1272.13056,3706.2986333333333,939.6013666666666
2176,1983.5808591,1146.9004,3343.31949,836.6805100000001
2177,2141.6113737233336,555.09663,2698.826056666667,1015.2739433333334
2178,2164.9465384066666,618.69568,2298.4410433333333,981.5589566666666
2179,2271.27090331,649.9311,1860.2227966666667,1046.9973033333333
2180,2200.981160906667,728.2301,1786.41184,878.3919600000002
2181,2133.7958786566664,826.1427433333333,1674.3608633333333,850.2558366666666
2182,2255.54955415,1377.19636,1363.4803066666668,878.3532933333333
2183,2388.14596757,1507.4881400000002,1435.7093733333334,880.6578266666668
2184,2700.165978666667,1844.3537000000001,1399.15352,1085.3122799999999
2185,2775.02597488,1957.5869266666666,1669.38475,1046.93905
2186,2891.6757604233335,1961.6488266666665,2053.436366666667,1130.1182333333334
2187,3036.69151,2001.9319266666666,2317.7507166666664,1214.7595833333335
2188,3065.646057516667,1990.93954,2711.4823833333335,1254.7066166666668
2189,3123.02261421,1914.2213133333335,3390.2054000000003,1255.6945999999998
2190,3205.85411706,1943.0667333333333,3817.2126166666667,1262.7873833333333
2191,3105.9545595733334,1908.3910266666667,4255.216466666667,1197.5635333333332
2192,2911.11783158,1771.0466333333331,4598.7888,1140.0711999999999
2193,2906.57374465,1688.50991,4700.616166666667,1218.0638333333334
2194,2979.718527543333,1691.68334,4691.964813333334,1288.0351866666665
2195,2847.402574166667,1579.2609833333333,4650.53841,1268.14159
2196,2631.6797933133334,1391.7999533333334,4498.98016,1239.87984
2197,2446.0463119966666,1281.9554866666667,4288.689183333334,1164.0908166666666
2198,2337.11346666,1208.6448333333333,3951.5314166666667,1128.4685833333333
2199,2257.9347723966666,1215.7443966666667,3603.7095833333333,1042.1904166666666
2200,2039.3027808666666,1130.8005533333333,3271.4977733333335,908.5022266666667
2201,2114.4291633266666,597.03916,2766.5108966666667,947.5891033333335
2202,1938.0225328833333,514.42148,2399.309746666667,880.6902533333332
2203,2140.285963776667,587.87276,1898.4502966666666,1008.7697033333334
2204,2333.92585576,702.09506,1615.1071033333335,1045.0565966666666
2205,2340.1854599733333,841.00322,1520.77116,1010.59664
2206,2649.22746335,1539.7619333333334,1151.68487,1109.46543
2207,2733.9801070900003,1566.80374,1146.5834333333332,1167.1763666666666
2208,3204.92778916,2115.24255,1181.37166,1319.18524
2209,3307.96666914,2220.5379966666665,1410.4134266666667,1316.9286733333333
2210,3349.7157742066665,2244.0528833333333,1866.71751,1305.71469
2211,3475.21434796,2262.38075,2149.0287033333334,1392.8335966666668
2212,3350.4436438033335,2203.096233333333,2675.65449,1327.34741
2213,3278.6648800133335,2016.0811533333333,3318.831473333333,1322.5837266666667
2214,3312.0561033433337,2010.1298233333334,3778.07372,1301.9262800000001
2215,3105.2544200666666,1908.0460600000001,4255.57164,1197.2083599999999
2216,2918.1422553566667,1770.7705566666666,4591.4883,1147.3717
2217,2721.937906283333,1612.6833066666663,4809.4254,1109.2546
2218,2732.0187966333333,1609.6208966666666,4857.6021,1122.3979
2219,2699.03787042,1516.57791,4736.22004,1182.4599600000001
2220,2444.659483733333,1362.1249033333334,4656.32542,1082.53458
2221,2385.4005791,1310.5094333333332,4377.888783333334,1074.8912166666667
2222,2254.97527709,1203.0320466666665,4028.05667,1051.94333
2223,2038.8697590800002,1147.34418,3754.3745,891.5255
2224,1924.6141970933334,1091.5121133333334,3346.8978666666667,833.1021333333334
2225,2161.91022712,589.16618,2714.9516533333335,999.1483466666668
2226,2160.814819993334,611.24587,2287.43695,992.5630500000002
2227,2369.2170171000002,676.3001,1812.5663833333333,1094.653616666667
2228,2212.6716908733333,665.6978833333334,1692.0073933333335,964.7063066666665
2229,2197.1864770233333,809.96751,1571.4605333333332,949.4577666666668
2230,2359.710903296667,1399.8606099999997,1273.9072066666665,959.8502933333334
2231,2639.7581671166668,1581.7217366666666,1278.8575700000001,1058.0364299999999
2232,3007.9936195500004,2082.58602,1324.7021,1154.9076
2233,3182.21601869,2158.7914866666665,1472.2641666666666,1252.9245333333333
2234,3254.9514966799998,2182.2588666666666,1909.74527,1272.81653
2235,3350.286130436667,2232.0679866666665,2238.4019566666666,1298.2181433333335
2236,3334.4068137866666,2234.83008,2710.0273666666667,1279.5767333333333
2237,3299.2555562166663,2088.8806066666666,3382.21745,1263.68255
2238,3286.790066243333,2051.3285533333333,3844.538486666667,1235.4615133333332
2239,3100.7995238266667,1914.7749233333332,4266.7554,1186.0246
2240,2982.2535232966666,1816.0763033333333,4572.68278,1166.17722
2241,2987.3893766566666,1801.3084166666665,4732.59904,1186.08096
2242,2860.79395375,1729.3151733333334,4848.5212200000005,1131.4787800000001
2243,2820.1636866666668,1702.4195266666666,4800.93584,1117.74416
2244,2597.0483742033334,1508.8660533333332,4650.677680000001,1088.18232
2245,2586.1201171133334,1457.3314466666666,4323.99122,1128.7887799999999
2246,2491.65378956,1336.5388699999999,3924.8849200000004,1155.1150799999998
2247,2142.21315505,1179.38949,3683.076266666667,962.8237333333332
2248,1994.1341857533334,1093.8327233333332,3279.6984666666667,900.3015333333333
2249,2264.1093603900003,585.6549,2613.0197399999997,1101.0802600000002
2250,2268.365726286667,610.1841,2187.824173333333,1092.1758266666668
2251,2279.9581467,665.93154,1857.8957933333331,1049.3242066666667
2252,2160.6939723966666,609.32626,1677.5589866666667,974.9640133333332
2253,2301.1663866666668,832.7623733333334,1493.3292866666668,1023.8653133333332
2254,2506.4363870566667,1454.8945366666665,1216.89645,1051.54185
2255,2709.1166162166664,1532.1217966666666,1141.61598,1176.99482
2256,2884.0777795166664,1839.6595966666666,1214.8982166666665,1273.9181833333334
2257,3082.2063395566665,2054.38496,1473.84122,1257.32148
2258,3254.10346176,2129.0489933333333,1859.0829333333336,1325.0711666666666
2259,3291.8461567,2122.50241,2194.011053333333,1349.343746666667
2260,3241.386192456667,2082.79945,2639.7810566666667,1338.586743333333
2261,3254.91061754,1958.9312666666667,3306.5255500000003,1339.3744499999998
2262,3320.9917520433337,2009.86453,3768.8727766666666,1311.1272233333334
2263,3144.1821313033333,1888.0145366666668,4196.612406666667,1256.1675933333331
2264,3184.7910162266667,1890.3755633333333,4444.444546666667,1294.4154533333333
2265,3174.62079994,1865.9501066666667,4610.009306666667,1308.6706933333332
2266,2995.2694412933333,1812.4558166666666,4797.186376666667,1182.8136233333332
2267,2718.23513045,1666.53715,4866.9820199999995,1051.69798
2268,2424.38534666,1418.8289866666667,4733.30364,1005.5562600000001
2269,2460.72552999,1453.79317,4445.847659999999,1006.93234
2270,2229.552170913333,1309.37491,4159.82284,920.17716
2271,2105.38963085,1263.29376,3803.80422,842.09578
2272,1894.4025090999999,1166.45695,3452.05436,727.9456399999999
2273,2315.23655332,580.1097,2549.3280466666665,1164.7719533333332
2274,2177.43303043,521.3001999999999,2156.84377,1123.15623
2275,2348.0898829166663,608.18975,1748.332466666667,1158.887533333333
2276,2315.2357637833334,673.83025,1587.2474866666666,1065.3142133333333
2277,2383.3776650766667,847.9061,1448.5953366666668,1072.7588633333335
2278,2653.404639483333,1505.2213,1124.7002599999998,1148.18334
2279,2754.7841971300004,1601.74415,1165.8572533333333,1153.0400466666667
2280,2874.7755008433332,1976.1985233333335,1349.9263233333334,1128.0769766666667
2281,3126.1688391433336,2125.8546433333336,1497.1304033333336,1229.8141966666665
2282,3382.0040075800002,2274.08477,1869.9449633333334,1307.8940366666668
2283,3586.86618043,2327.25004,2099.99646,1439.61614
2284,3685.922624656667,2366.14505,2486.5974266666667,1499.7775733333333
2285,3693.090929116667,2251.2333,3159.54407,1486.3559300000002
2286,3764.574723796667,2269.2704,3584.6956766666667,1495.3043233333333
2287,3342.4557799666663,2104.2996,4214.62382,1238.1561799999997
2288,3213.07126624,1947.6689000000001,4473.457633333333,1265.4023666666667
2289,3101.9208800300003,1873.0514133333334,4689.810533333333,1228.8694666666665
2290,3079.236953296667,1823.9564366666666,4724.719483333333,1255.2805166666667
2291,2902.4466938,1734.57126,4750.804566666667,1167.8754333333331
2292,2737.4780791266667,1547.1635,4548.54537,1190.31463
2293,2697.1138158166664,1516.7298,4272.396053333334,1180.3839466666666
2294,2381.9591557966664,1370.4231233333335,4068.4639766666664,1011.5360233333333
2295,2073.8655228766665,1175.8843433333334,3747.91876,897.9812400000001
2296,1894.12986045,1059.52883,3345.39894,834.6010600000002
2297,2157.59568128,667.14055,2794.85257,919.2474299999999
2298,2114.9206095766667,635.71526,2347.13505,932.8649500000001
2299,2215.98311666,618.40579,1871.7314733333333,1035.4886266666667
2300,2180.3930229133334,648.5814,1708.1280766666666,948.8951233333335
2301,2225.206607506667,795.5178266666667,1580.6211199999998,954.3919800000001
2302,2460.7024741833334,1472.1167166666667,1249.6945433333333,988.5857566666666
2303,2622.9848295566667,1555.9350633333336,1255.5766333333336,1067.0497666666665
2304,2812.3069395766665,1907.1748266666666,1334.3932866666667,1134.6320133333334
2305,3131.833979576667,2105.06458,1482.3774,1256.2694000000001
2306,3292.61859757,2208.338313333333,1898.3555166666667,1284.5795833333332
2307,3354.1630762500004,2207.80416,2213.803683333333,1326.3589166666668
2308,3292.0528670833332,2160.744553333333,2687.008586666667,1311.3083133333332
2309,3342.5198277966665,2067.6453266666667,3321.432796666667,1324.4672033333331
2310,3295.828463816667,2030.6911966666667,3814.8627333333334,1265.1372666666666
2311,3254.07033424,1971.1872666666666,4169.896933333333,1282.8830666666668
2312,3191.65501712,1891.7798166666666,4438.9848,1299.8752
2313,3064.922640006667,1805.3538700000001,4659.1112299999995,1259.56877
2314,2948.6013958233334,1653.6355466666666,4685.03415,1294.9658499999998
2315,2828.07232871,1543.6264433333333,4634.234113333333,1284.4458866666666
2316,2527.034613306667,1353.6121866666665,4565.437593333333,1173.4224066666668
2317,2441.74483622,1300.7168966666666,4311.752039999999,1141.0279600000001
2318,2311.6068291433335,1231.78684,4000.1799300000002,1079.82007
2319,2062.3419646,1092.79668,3676.3547266666665,969.5452733333333
2320,1889.0422682833332,1056.8117066666666,3347.769436666667,832.2305633333331
2321,2106.5481484066668,606.8471,2770.8712533333332,943.2287466666667
2322,2149.495145343333,617.38715,2307.9826033333334,972.0173966666665
2323,2181.211001333333,604.688,1892.4427,1014.7774
2324,2248.267767996667,683.7117,1656.9024333333332,992.7777666666666
2325,2310.786786276667,935.1474533333334,1599.7686666666666,922.2734333333334
2326,2325.2567733333335,1362.14748,1266.1927066666667,963.1092933333334
2327,2530.5157170833336,1505.6597333333334,1299.7218166666667,1024.8559833333334
2328,2694.4226541900002,1790.16255,1351.6463966666668,1133.7601033333333
2329,2927.4351962166666,1950.0897033333333,1520.2342066666665,1206.8454933333333
2330,3113.4637395866666,2016.29334,1887.8697,1297.4443
2331,3204.0037682566667,2044.6998866666665,2193.4524166666665,1339.3038833333335
2332,3313.6323400666665,2120.8290466666667,2645.451606666667,1372.8032933333332
2333,3373.6614600000003,2059.40516,3297.6582,1348.2418000000002
2334,3378.8574519900003,2091.3638866666665,3792.5065333333337,1287.4935666666665
2335,3305.766646233333,2022.9293,4169.9426533333335,1282.8373466666667
2336,3242.851067976667,1957.52534,4453.534273333334,1285.3257266666665
2337,3172.3335937166667,1916.0396933333332,4662.3861,1256.2939000000001
2338,3069.153466213333,1817.1090333333332,4727.9555666666665,1252.0444333333332
2339,2914.3177453066664,1684.1484799999998,4688.5107333333335,1230.1692666666665
2340,2623.198850423333,1466.4420833333334,4582.103133333334,1156.7567666666666
2341,2417.37666334,1290.5412466666667,4325.944583333333,1126.8354166666668
2342,2309.7889975733333,1238.0484066666666,4008.25925,1071.74075
2343,2126.9620691433333,1117.99145,3636.92935,1008.97065
2344,1832.4265762100001,998.6155366666667,3346.189,833.8110000000001
2345,2011.943666666667,612.65645,2886.1992833333334,827.9007166666669
2346,2060.41391621,563.25348,2351.649663333333,928.3503366666666
2347,2025.2644042133334,635.7194200000001,2064.3652166666666,842.8547833333336
2348,1962.7669862133334,651.2055266666667,1904.65854,742.6359600000001
2349,2164.6583070866664,873.00662,1682.6110133333334,832.4975866666667
2350,2100.3881362166667,1239.4033366666665,1387.5148,860.9848000000001
2351,2417.1010357933333,1464.56052,1366.4822833333333,952.5405166666667
2352,2592.6535862200003,1799.4507666666666,1457.98348,1022.70282
2353,3001.6963458,2047.2327300000002,1543.2711833333333,1183.9636166666667
2354,3233.3379242433334,2151.99534,1909.6954166666665,1281.6142833333336
2355,3320.3436575433334,2194.5570933333333,2227.9848366666665,1305.7865633333336
2356,3322.881120366667,2260.565776666667,2725.8007566666665,1242.3153433333334
2357,3443.85904707,2147.553193333333,3342.3943466666665,1303.5056533333334
2358,3356.93074337,2085.4544433333335,3808.5237,1271.4763
2359,3211.1055471199998,1937.1390299999998,4178.813483333333,1273.9665166666668
2360,3049.3867508499998,1848.79037,4538.26362,1200.59638
2361,2864.121492456667,1676.9049733333331,4731.46348,1187.21652
2362,2832.014052846667,1658.7052133333332,4806.69116,1173.30884
2363,2785.47532624,1703.2870666666665,4836.4917399999995,1082.18826
2364,2657.01145824,1596.44076,4678.2892,1060.5708
2365,2632.142704176667,1555.8856933333334,4376.52294,1076.2570600000001
2366,2507.0815587,1416.0009333333333,3988.9192533333335,1091.0807466666665
2367,2191.63983292,1222.69558,3676.955806666667,968.9441933333335
2368,1871.15540202,1020.3627466666667,3329.2073633333334,850.7926366666666
2369,2198.9938538200004,629.59855,2728.5265966666666,985.5734033333335
2370,2138.5690428800003,597.6575500000001,2291.4047066666662,988.5952933333335
2371,2147.931053736667,621.2819,1946.3359466666666,960.8840533333334
2372,2118.4734491233335,696.5742,1811.03635,843.1186500000001
2373,2172.2595722,838.9268400000001,1642.7629700000002,882.6469299999999
2374,2535.795516633333,1491.2938000000001,1184.7755833333335,1044.5017166666667
2375,2820.682385316667,1638.18,1129.4625133333334,1182.5023866666668
2376,3130.52166086,2075.47604,1197.0465800000002,1284.5456199999999
2377,3311.4179408433333,2225.5545066666664,1404.1746666666668,1315.3634333333332
2378,3409.771262943333,2302.19964,1873.1185766666667,1307.6042233333333
2379,3445.0660786666663,2297.4508133333334,2200.2636333333335,1327.6152666666667
2380,3423.944416253333,2171.4026433333333,2540.1349266666666,1432.5417733333334
2381,3413.723654226667,2005.9503066666666,3223.2341533333333,1422.6658466666668
2382,3456.1169099933336,2023.8700933333332,3647.7531833333333,1432.2468166666667
2383,3394.93143753,2048.00711,4105.8556733333335,1346.924326666667
2384,3367.9744904366667,1965.27037,4336.15588,1402.7041199999999
2385,3168.159202433333,1789.31053,4539.831326666666,1378.8486733333336
2386,3072.2384924233334,1698.3488866666667,4606.110393333333,1373.8896066666666
2387,2860.3707933200003,1589.0209166666668,4647.330123333333,1271.349876666667
2388,2594.080353793334,1392.9098000000001,4537.689446666666,1201.1705533333334
2389,2431.237846246667,1417.5650766666665,4439.107120000001,1013.67288
2390,2106.5939271033335,1165.1238466666666,4138.52994,941.4699600000001
2391,1869.43397711,1014.0727766666666,3790.5389000000005,855.3611
2392,1754.6389537766665,984.9554033333332,3410.3164,769.6835999999998
2393,2023.2515886800002,557.66035,2793.97566,920.1243400000001
2394,2273.5161246266666,642.18335,2247.4361266666665,1032.5637733333333
2395,2191.540856206667,665.5669,1969.8924433333334,937.3275566666665
2396,2079.0530066466667,655.5653933333333,1789.0939866666668,856.8240133333334
2397,2187.1610542666667,798.4043399999999,1583.3052866666667,945.2797133333335
2398,2349.7605542533333,1376.53494,1277.5075866666666,973.2256133333334
2399,2560.09761002,1505.9762933333334,1275.1700833333334,1054.1213166666666
2400,3295.8257537733334,171.0216036666668,2.3341780000000227,3124.804152
2401,3361.2134858,229.15219999999994,85.32172999999977,3132.061286
2402,3481.7464366433333,354.0169513333335,272.65416,3127.729486
2403,3515.8962762399997,253.72753599999996,488.43501000000003,3262.16874
2404,3584.8753833433334,126.38920399999995,721.5138190000001,3458.4861809999998
2405,3514.31470824,0.0,1131.5852909999999,3514.314709
