TaskID,任务类型,源区域,目标区域,到达小时,开工小时,完成小时,等待_h,时延_ms,是否迁移
1,AITraining,RegionD,RegionD,456,456,460.6666666666667,0.0,5.0,False
2,RealTimeInference,RegionB,RegionB,1126,1126,1129.3,0.0,5.0,False
3,RealTimeInference,RegionB,RegionB,914,914,917.7333333333333,0.0,5.0,False
4,RealTimeInference,RegionC,RegionC,419,419,420.6166666666667,0.0,5.0,False
5,AITraining,RegionF,RegionA,2233,2233,2235.6833333333334,0.0,82.0,True
6,RealTimeInference,RegionA,RegionA,1728,1728,1733.3,0.0,5.0,False
7,RealTimeInference,RegionA,RegionA,122,122,127.05,0.0,5.0,False
8,RealTimeInference,RegionA,RegionA,895,895,899.7666666666667,0.0,5.0,False
9,RealTimeInference,RegionB,RegionB,2069,2069,2074.383333333333,0.0,5.0,False
10,AITraining,RegionE,RegionE,108,108,112.08333333333333,0.0,5.0,False
11,AITraining,RegionF,RegionB,814,814,815.1333333333333,0.0,79.0,True
12,AITraining,RegionF,RegionB,2232,2232,2235.2833333333333,0.0,79.0,True
13,BatchInference,RegionA,RegionA,902,902,905.3166666666667,0.0,5.0,False
14,BatchInference,RegionB,RegionB,1139,1139,1140.0,0.0,5.0,False
15,RealTimeInference,RegionB,RegionB,653,653,657.2166666666667,0.0,5.0,False
16,AITraining,RegionE,RegionB,1731,1731,1733.3333333333333,0.0,74.0,True
17,BatchInference,RegionD,RegionD,1138,1138,1140.4,0.0,5.0,False
18,RealTimeInference,RegionC,RegionC,881,881,883.9333333333333,0.0,5.0,False
19,BatchInference,RegionA,RegionA,418,418,419.6333333333333,0.0,5.0,False
20,RealTimeInference,RegionA,RegionA,1556,1556,1560.1833333333334,0.0,5.0,False
21,RealTimeInference,RegionA,RegionA,1470,1470,1475.9166666666667,0.0,5.0,False
22,BatchInference,RegionC,RegionC,1083,1083,1084.6833333333334,0.0,5.0,False
23,RealTimeInference,RegionB,RegionB,1881,1881,1885.55,0.0,5.0,False
24,AITraining,RegionF,RegionF,511,511,514.5833333333334,0.0,5.0,False
25,BatchInference,RegionF,RegionF,322,322,322.98333333333335,0.0,5.0,False
26,AITraining,RegionB,RegionB,1200,1200,1206.65,0.0,5.0,False
27,AITraining,RegionD,RegionD,1481,1481,1485.4833333333333,0.0,5.0,False
28,AITraining,RegionD,RegionD,787,787,790.3333333333334,0.0,5.0,False
29,AITraining,RegionE,RegionA,284,284,286.85,0.0,78.0,True
30,RealTimeInference,RegionC,RegionC,933,933,937.65,0.0,5.0,False
31,BatchInference,RegionE,RegionE,326,326,329.73333333333335,0.0,5.0,False
32,RealTimeInference,RegionA,RegionA,413,413,418.0833333333333,0.0,5.0,False
33,BatchInference,RegionA,RegionA,1138,1138,1143.7833333333333,0.0,5.0,False
34,BatchInference,RegionB,RegionB,1494,1494,1498.8166666666666,0.0,5.0,False
35,RealTimeInference,RegionB,RegionB,1516,1516,1520.35,0.0,5.0,False
36,BatchInference,RegionD,RegionD,858,858,860.7666666666667,0.0,5.0,False
37,AITraining,RegionF,RegionF,1093,1093,1094.2333333333333,0.0,5.0,False
38,AITraining,RegionF,RegionF,292,292,297.8833333333333,0.0,5.0,False
39,AITraining,RegionB,RegionB,700,700,702.4166666666666,0.0,5.0,False
40,AITraining,RegionD,RegionD,1002,1002,1003.5,0.0,5.0,False
41,RealTimeInference,RegionB,RegionB,1893,1893,1897.9666666666667,0.0,5.0,False
42,BatchInference,RegionC,RegionC,1105,1105,1105.8333333333333,0.0,5.0,False
43,AITraining,RegionE,RegionE,2281,2281,2284.5,0.0,5.0,False
44,RealTimeInference,RegionC,RegionC,1328,1328,1328.7,0.0,5.0,False
45,RealTimeInference,RegionF,RegionE,938,938,939.1833333333333,0.0,18.0,True
46,RealTimeInference,RegionA,RegionA,1292,1292,1298.15,0.0,5.0,False
47,BatchInference,RegionB,RegionB,1096,1096,1099.9333333333334,0.0,5.0,False
48,RealTimeInference,RegionB,RegionB,864,864,866.3333333333334,0.0,5.0,False
49,AITraining,RegionE,RegionA,1288,1288,1291.7833333333333,0.0,78.0,True
50,RealTimeInference,RegionC,RegionC,2044,2044,2050.133333333333,0.0,5.0,False
51,BatchInference,RegionF,RegionF,1879,1879,1879.4,0.0,5.0,False
52,RealTimeInference,RegionA,RegionA,1084,1084,1090.4833333333333,0.0,5.0,False
53,RealTimeInference,RegionA,RegionA,1010,1010,1011.2,0.0,5.0,False
54,AITraining,RegionD,RegionD,2299,2299,2303.1666666666665,0.0,5.0,False
55,AITraining,RegionE,RegionA,1076,1076,1077.75,0.0,78.0,True
56,AITraining,RegionE,RegionB,2394,2394,2398.0,0.0,74.0,True
57,BatchInference,RegionE,RegionE,2390,2390,2393.0,0.0,5.0,False
58,BatchInference,RegionF,RegionB,1482,1482,1484.8166666666666,0.0,79.0,True
59,RealTimeInference,RegionA,RegionA,566,566,570.2,0.0,5.0,False
60,AITraining,RegionD,RegionD,2021,2021,2022.25,0.0,5.0,False
61,RealTimeInference,RegionB,RegionB,192,192,193.18333333333334,0.0,5.0,False
62,RealTimeInference,RegionB,RegionB,626,626,630.8833333333333,0.0,5.0,False
63,AITraining,RegionE,RegionE,655,655,655.8833333333333,0.0,5.0,False
64,AITraining,RegionF,RegionA,1729,1729,1734.6666666666667,0.0,82.0,True
65,AITraining,RegionA,RegionA,260,260,264.0,0.0,5.0,False
66,BatchInference,RegionA,RegionA,1563,1563,1569.4333333333334,0.0,5.0,False
67,AITraining,RegionD,RegionD,1917,1917,1919.1666666666667,0.0,5.0,False
68,AITraining,RegionD,RegionD,1029,1029,1033.4666666666667,0.0,5.0,False
69,AITraining,RegionE,RegionA,47,47,49.43333333333333,0.0,78.0,True
70,AITraining,RegionF,RegionF,469,469,472.9,0.0,5.0,False
71,AITraining,RegionF,RegionF,2199,2199,2202.016666666667,0.0,5.0,False
72,BatchInference,RegionA,RegionA,1393,1393,1399.3833333333334,0.0,5.0,False
73,RealTimeInference,RegionA,RegionA,1202,1202,1204.0333333333333,0.0,5.0,False
74,BatchInference,RegionC,RegionC,647,647,648.0166666666667,0.0,5.0,False
75,BatchInference,RegionD,RegionD,13,13,19.583333333333332,0.0,5.0,False
76,AITraining,RegionE,RegionB,1078,1078,1080.0333333333333,0.0,74.0,True
77,AITraining,RegionF,RegionF,731,731,734.2666666666667,0.0,5.0,False
78,AITraining,RegionA,RegionA,435,435,438.81666666666666,0.0,5.0,False
79,AITraining,RegionD,RegionD,1222,1222,1225.8833333333334,0.0,5.0,False
80,AITraining,RegionD,RegionD,2079,2079,2081.25,0.0,5.0,False
81,AITraining,RegionD,RegionD,814,814,817.0166666666667,0.0,5.0,False
82,RealTimeInference,RegionB,RegionB,1531,1531,1534.45,0.0,5.0,False
83,RealTimeInference,RegionC,RegionC,2209,2209,2212.5333333333333,0.0,5.0,False
84,AITraining,RegionF,RegionA,2,3,7.4,1.0,82.0,True
85,AITraining,RegionB,RegionB,1327,1327,1332.5666666666666,0.0,5.0,False
86,BatchInference,RegionB,RegionB,79,79,82.45,0.0,5.0,False
87,RealTimeInference,RegionB,RegionB,1486,1486,1490.15,0.0,5.0,False
88,BatchInference,RegionC,RegionC,980,980,983.5,0.0,5.0,False
89,RealTimeInference,RegionC,RegionC,986,986,991.5833333333334,0.0,5.0,False
90,AITraining,RegionF,RegionF,322,322,324.6166666666667,0.0,5.0,False
91,RealTimeInference,RegionF,RegionE,1990,1990,1995.9166666666667,0.0,18.0,True
92,RealTimeInference,RegionA,RegionA,2181,2181,2183.616666666667,0.0,5.0,False
93,RealTimeInference,RegionA,RegionA,525,525,527.2833333333333,0.0,5.0,False
94,AITraining,RegionD,RegionD,1946,1946,1952.15,0.0,5.0,False
95,AITraining,RegionE,RegionA,676,676,678.6666666666666,0.0,78.0,True
96,BatchInference,RegionE,RegionB,2161,2161,2165.5333333333333,0.0,74.0,True
97,AITraining,RegionF,RegionB,1733,1733,1735.0166666666667,0.0,79.0,True
98,RealTimeInference,RegionA,RegionA,2208,2208,2214.3,0.0,5.0,False
99,AITraining,RegionD,RegionD,823,823,827.3833333333333,0.0,5.0,False
100,AITraining,RegionD,RegionD,1276,1276,1276.7666666666667,0.0,5.0,False
101,BatchInference,RegionC,RegionC,1529,1529,1530.8,0.0,5.0,False
102,BatchInference,RegionD,RegionD,2119,2119,2122.616666666667,0.0,5.0,False
103,BatchInference,RegionE,RegionE,495,495,497.68333333333334,0.0,5.0,False
104,RealTimeInference,RegionF,RegionF,920,920,922.0833333333334,0.0,5.0,False
105,RealTimeInference,RegionA,RegionA,1384,1384,1385.8833333333334,0.0,5.0,False
106,RealTimeInference,RegionA,RegionA,2268,2268,2269.8,0.0,5.0,False
107,RealTimeInference,RegionB,RegionB,902,902,908.55,0.0,5.0,False
108,RealTimeInference,RegionB,RegionB,290,290,293.3833333333333,0.0,5.0,False
109,AITraining,RegionE,RegionA,241,241,244.61666666666667,0.0,78.0,True
110,RealTimeInference,RegionC,RegionC,276,276,278.8333333333333,0.0,5.0,False
111,RealTimeInference,RegionA,RegionA,1353,1353,1357.7666666666667,0.0,5.0,False
112,RealTimeInference,RegionA,RegionA,2105,2105,2107.4,0.0,5.0,False
113,RealTimeInference,RegionB,RegionB,1140,1140,1142.2833333333333,0.0,5.0,False
114,AITraining,RegionE,RegionA,1988,1988,1994.3333333333333,0.0,78.0,True
115,RealTimeInference,RegionC,RegionC,2208,2208,2212.116666666667,0.0,5.0,False
116,RealTimeInference,RegionC,RegionC,2338,2338,2341.983333333333,0.0,5.0,False
117,AITraining,RegionF,RegionA,1936,1936,1940.55,0.0,82.0,True
118,RealTimeInference,RegionA,RegionA,1937,1937,1940.9166666666667,0.0,5.0,False
119,BatchInference,RegionB,RegionB,779,779,785.2666666666667,0.0,5.0,False
120,RealTimeInference,RegionB,RegionB,397,397,402.43333333333334,0.0,5.0,False
121,AITraining,RegionE,RegionE,1765,1765,1765.2166666666667,0.0,5.0,False
122,BatchInference,RegionD,RegionD,1734,1734,1734.9666666666667,0.0,5.0,False
123,BatchInference,RegionE,RegionE,1912,1912,1915.8166666666666,0.0,5.0,False
124,AITraining,RegionA,RegionA,221,221,221.91666666666666,0.0,5.0,False
125,AITraining,RegionD,RegionD,403,403,409.48333333333335,0.0,5.0,False
126,RealTimeInference,RegionA,RegionA,1649,1649,1653.8166666666666,0.0,5.0,False
127,AITraining,RegionD,RegionD,1389,1389,1392.1666666666667,0.0,5.0,False
128,RealTimeInference,RegionB,RegionB,1018,1018,1020.0833333333334,0.0,5.0,False
129,RealTimeInference,RegionC,RegionC,779,779,781.8333333333334,0.0,5.0,False
130,AITraining,RegionF,RegionF,1837,1837,1837.45,0.0,5.0,False
131,RealTimeInference,RegionA,RegionA,1728,1728,1729.1166666666666,0.0,5.0,False
132,RealTimeInference,RegionA,RegionA,1140,1140,1144.8166666666666,0.0,5.0,False
133,BatchInference,RegionB,RegionB,1023,1023,1028.85,0.0,5.0,False
134,RealTimeInference,RegionB,RegionB,1815,1815,1817.2666666666667,0.0,5.0,False
135,AITraining,RegionE,RegionA,401,401,407.5833333333333,0.0,78.0,True
136,RealTimeInference,RegionC,RegionC,2214,2214,2215.883333333333,0.0,5.0,False
137,RealTimeInference,RegionA,RegionA,382,382,387.1333333333333,0.0,5.0,False
138,RealTimeInference,RegionA,RegionA,681,681,681.8,0.0,5.0,False
139,BatchInference,RegionB,RegionB,1989,1989,1989.5833333333333,0.0,5.0,False
140,BatchInference,RegionC,RegionC,875,875,875.3666666666667,0.0,5.0,False
141,BatchInference,RegionD,RegionD,240,240,240.75,0.0,5.0,False
142,RealTimeInference,RegionC,RegionC,1552,1552,1557.5,0.0,5.0,False
143,RealTimeInference,RegionD,RegionD,1599,1599,1601.5166666666667,0.0,5.0,False
144,BatchInference,RegionA,RegionA,1863,1863,1865.5333333333333,0.0,5.0,False
145,BatchInference,RegionB,RegionB,1732,1732,1736.95,0.0,5.0,False
146,AITraining,RegionD,RegionD,2276,2276,2281.85,0.0,5.0,False
147,AITraining,RegionE,RegionA,1993,1993,1996.25,0.0,78.0,True
148,RealTimeInference,RegionC,RegionC,777,777,779.2333333333333,0.0,5.0,False
149,BatchInference,RegionE,RegionB,891,891,893.9833333333333,0.0,74.0,True
150,RealTimeInference,RegionF,RegionF,2372,2372,2373.05,0.0,5.0,False
151,AITraining,RegionC,RegionC,2220,2220,2221.8333333333335,0.0,5.0,False
152,RealTimeInference,RegionA,RegionA,1284,1284,1285.0333333333333,0.0,5.0,False
153,RealTimeInference,RegionB,RegionB,205,205,206.86666666666667,0.0,5.0,False
154,AITraining,RegionE,RegionE,1952,1952,1958.2333333333333,0.0,5.0,False
155,AITraining,RegionF,RegionF,2175,2175,2181.0666666666666,0.0,5.0,False
156,RealTimeInference,RegionD,RegionD,232,232,237.28333333333333,0.0,5.0,False
157,AITraining,RegionB,RegionB,328,328,334.31666666666666,0.0,5.0,False
158,RealTimeInference,RegionA,RegionA,280,280,282.6,0.0,5.0,False
159,AITraining,RegionD,RegionD,278,278,283.46666666666664,0.0,5.0,False
160,AITraining,RegionE,RegionB,963,963,964.1166666666667,0.0,74.0,True
161,BatchInference,RegionD,RegionD,491,491,493.1,0.0,5.0,False
162,AITraining,RegionF,RegionA,1008,1008,1010.2666666666667,0.0,82.0,True
163,AITraining,RegionF,RegionA,162,162,164.3,0.0,82.0,True
164,AITraining,RegionC,RegionC,335,335,335.1666666666667,0.0,5.0,False
165,BatchInference,RegionB,RegionB,2390,2390,2391.75,0.0,5.0,False
166,AITraining,RegionD,RegionD,2141,2141,2145.1,0.0,5.0,False
167,BatchInference,RegionD,RegionD,1068,1068,1071.3,0.0,5.0,False
168,RealTimeInference,RegionC,RegionC,1286,1286,1287.3,0.0,5.0,False
169,RealTimeInference,RegionC,RegionC,1087,1087,1088.4166666666667,0.0,5.0,False
170,BatchInference,RegionA,RegionA,536,536,537.5833333333334,0.0,5.0,False
171,AITraining,RegionD,RegionD,1228,1228,1231.8166666666666,0.0,5.0,False
172,BatchInference,RegionB,RegionB,1295,1295,1296.7166666666667,0.0,5.0,False
173,RealTimeInference,RegionB,RegionB,38,38,41.55,0.0,5.0,False
174,BatchInference,RegionD,RegionD,2306,2306,2311.8333333333335,0.0,5.0,False
175,RealTimeInference,RegionC,RegionC,300,300,304.3833333333333,0.0,5.0,False
176,AITraining,RegionF,RegionF,873,873,873.5333333333333,0.0,5.0,False
177,AITraining,RegionC,RegionC,1086,1086,1091.5666666666666,0.0,5.0,False
178,RealTimeInference,RegionA,RegionA,1429,1429,1432.15,0.0,5.0,False
179,RealTimeInference,RegionB,RegionB,1000,1000,1004.3166666666667,0.0,5.0,False
180,BatchInference,RegionD,RegionD,1167,1167,1168.75,0.0,5.0,False
181,RealTimeInference,RegionC,RegionC,1794,1794,1794.2166666666667,0.0,5.0,False
182,AITraining,RegionF,RegionB,1239,1239,1244.75,0.0,79.0,True
183,AITraining,RegionA,RegionA,2166,2166,2172.55,0.0,5.0,False
184,RealTimeInference,RegionA,RegionA,2271,2271,2273.6833333333334,0.0,5.0,False
185,BatchInference,RegionB,RegionB,424,424,426.8666666666667,0.0,5.0,False
186,RealTimeInference,RegionB,RegionB,1083,1083,1086.1333333333334,0.0,5.0,False
187,RealTimeInference,RegionB,RegionB,438,438,443.53333333333336,0.0,5.0,False
188,AITraining,RegionF,RegionF,2266,2266,2268.95,0.0,5.0,False
189,RealTimeInference,RegionE,RegionE,1115,1115,1115.8833333333334,0.0,5.0,False
190,BatchInference,RegionA,RegionA,862,862,863.7333333333333,0.0,5.0,False
191,AITraining,RegionD,RegionD,1404,1404,1408.3666666666666,0.0,5.0,False
192,RealTimeInference,RegionB,RegionB,1081,1081,1084.7333333333333,0.0,5.0,False
193,AITraining,RegionE,RegionE,2001,2001,2005.55,0.0,5.0,False
194,BatchInference,RegionD,RegionD,208,208,210.06666666666666,0.0,5.0,False
195,RealTimeInference,RegionC,RegionC,1734,1734,1737.4166666666667,0.0,5.0,False
196,BatchInference,RegionA,RegionA,180,180,186.41666666666666,0.0,5.0,False
197,RealTimeInference,RegionA,RegionA,1366,1366,1370.7666666666667,0.0,5.0,False
198,RealTimeInference,RegionA,RegionA,1072,1072,1078.1,0.0,5.0,False
199,RealTimeInference,RegionB,RegionB,1809,1809,1812.35,0.0,5.0,False
200,AITraining,RegionE,RegionE,1751,1751,1751.75,0.0,5.0,False
201,AITraining,RegionF,RegionF,39,39,40.75,0.0,5.0,False
202,RealTimeInference,RegionD,RegionD,308,308,311.8833333333333,0.0,5.0,False
203,AITraining,RegionB,RegionB,610,610,616.3,0.0,5.0,False
204,AITraining,RegionD,RegionD,147,147,151.8,0.0,5.0,False
205,BatchInference,RegionB,RegionB,2385,2385,2389.9166666666665,0.0,5.0,False
206,AITraining,RegionE,RegionE,606,606,607.1833333333333,0.0,5.0,False
207,BatchInference,RegionD,RegionD,522,522,525.7666666666667,0.0,5.0,False
208,RealTimeInference,RegionC,RegionC,1262,1262,1265.2666666666667,0.0,5.0,False
209,BatchInference,RegionF,RegionB,163,163,164.81666666666666,0.0,79.0,True
210,BatchInference,RegionA,RegionA,860,860,864.0333333333333,0.0,5.0,False
211,AITraining,RegionD,RegionD,1022,1022,1026.5666666666666,0.0,5.0,False
212,AITraining,RegionD,RegionD,421,421,424.5833333333333,0.0,5.0,False
213,BatchInference,RegionD,RegionD,2293,2293,2299.266666666667,0.0,5.0,False
214,BatchInference,RegionD,RegionD,633,633,634.3,0.0,5.0,False
215,RealTimeInference,RegionD,RegionD,665,665,665.5666666666667,0.0,5.0,False
216,RealTimeInference,RegionA,RegionA,1688,1688,1689.0333333333333,0.0,5.0,False
217,RealTimeInference,RegionA,RegionA,734,734,735.1,0.0,5.0,False
218,AITraining,RegionD,RegionD,1360,1360,1363.1666666666667,0.0,5.0,False
219,BatchInference,RegionC,RegionC,1016,1016,1019.8666666666667,0.0,5.0,False
220,BatchInference,RegionD,RegionD,652,652,655.7333333333333,0.0,5.0,False
221,AITraining,RegionF,RegionF,442,442,447.6666666666667,0.0,5.0,False
222,BatchInference,RegionF,RegionF,158,158,159.41666666666666,0.0,5.0,False
223,BatchInference,RegionA,RegionA,911,911,915.3666666666667,0.0,5.0,False
224,RealTimeInference,RegionA,RegionA,1885,1885,1888.05,0.0,5.0,False
225,BatchInference,RegionC,RegionC,1250,1250,1252.9833333333333,0.0,5.0,False
226,RealTimeInference,RegionB,RegionB,913,913,917.8666666666667,0.0,5.0,False
227,RealTimeInference,RegionC,RegionC,791,791,791.2333333333333,0.0,5.0,False
228,BatchInference,RegionF,RegionB,1344,1344,1349.8,0.0,79.0,True
229,BatchInference,RegionA,RegionA,284,284,289.5,0.0,5.0,False
230,BatchInference,RegionA,RegionA,1438,1438,1443.6,0.0,5.0,False
231,AITraining,RegionD,RegionD,2086,2086,2088.35,0.0,5.0,False
232,BatchInference,RegionC,RegionC,2196,2196,2200.35,0.0,5.0,False
233,BatchInference,RegionD,RegionD,113,113,119.21666666666667,0.0,5.0,False
234,RealTimeInference,RegionC,RegionC,1069,1069,1070.6666666666667,0.0,5.0,False
235,RealTimeInference,RegionE,RegionE,2378,2378,2378.4666666666667,0.0,5.0,False
236,BatchInference,RegionA,RegionA,156,156,159.03333333333333,0.0,5.0,False
237,RealTimeInference,RegionA,RegionA,1779,1779,1781.6166666666666,0.0,5.0,False
238,BatchInference,RegionC,RegionC,1284,1284,1290.5333333333333,0.0,5.0,False
239,BatchInference,RegionD,RegionD,2094,2094,2094.1666666666665,0.0,5.0,False
240,RealTimeInference,RegionC,RegionC,1577,1577,1582.95,0.0,5.0,False
241,AITraining,RegionF,RegionF,778,778,781.3333333333334,0.0,5.0,False
242,BatchInference,RegionA,RegionA,181,181,186.35,0.0,5.0,False
243,AITraining,RegionD,RegionD,1786,1786,1788.1,0.0,5.0,False
244,RealTimeInference,RegionA,RegionA,2129,2129,2129.883333333333,0.0,5.0,False
245,AITraining,RegionD,RegionD,807,807,812.4333333333333,0.0,5.0,False
246,BatchInference,RegionD,RegionD,1766,1766,1767.4833333333333,0.0,5.0,False
247,RealTimeInference,RegionC,RegionC,1352,1352,1355.5333333333333,0.0,5.0,False
248,AITraining,RegionF,RegionF,1285,1285,1288.9333333333334,0.0,5.0,False
249,AITraining,RegionB,RegionB,510,510,510.93333333333334,0.0,5.0,False
250,AITraining,RegionD,RegionD,1230,1230,1230.3833333333334,0.0,5.0,False
251,AITraining,RegionD,RegionD,1266,1266,1266.1666666666667,0.0,5.0,False
252,AITraining,RegionE,RegionE,1672,1672,1674.55,0.0,5.0,False
253,BatchInference,RegionD,RegionD,1648,1648,1653.65,0.0,5.0,False
254,AITraining,RegionF,RegionF,1211,1211,1217.1166666666666,0.0,5.0,False
255,AITraining,RegionF,RegionB,521,521,527.3666666666667,0.0,79.0,True
256,RealTimeInference,RegionA,RegionA,1722,1722,1723.65,0.0,5.0,False
257,AITraining,RegionD,RegionD,1552,1552,1557.4166666666667,0.0,5.0,False
258,AITraining,RegionD,RegionD,712,712,715.8166666666667,0.0,5.0,False
259,AITraining,RegionE,RegionB,2331,2331,2334.95,0.0,74.0,True
260,BatchInference,RegionE,RegionE,1663,1663,1666.6833333333334,0.0,5.0,False
261,AITraining,RegionF,RegionA,1,3,7.15,2.0,82.0,True
262,BatchInference,RegionA,RegionA,1175,1175,1175.7333333333333,0.0,5.0,False
263,RealTimeInference,RegionA,RegionA,1760,1760,1761.5166666666667,0.0,5.0,False
264,AITraining,RegionD,RegionD,1319,1319,1319.3166666666666,0.0,5.0,False
265,BatchInference,RegionC,RegionC,1809,1809,1815.2333333333333,0.0,5.0,False
266,BatchInference,RegionD,RegionD,875,875,879.9666666666667,0.0,5.0,False
267,AITraining,RegionF,RegionB,1938,1938,1941.8833333333334,0.0,79.0,True
268,AITraining,RegionF,RegionA,695,695,699.6,0.0,82.0,True
269,AITraining,RegionC,RegionC,347,347,350.76666666666665,0.0,5.0,False
270,BatchInference,RegionB,RegionB,2111,2111,2112.7833333333333,0.0,5.0,False
271,AITraining,RegionD,RegionD,1372,1372,1378.5666666666666,0.0,5.0,False
272,RealTimeInference,RegionB,RegionB,962,962,962.25,0.0,5.0,False
273,AITraining,RegionE,RegionB,1271,1271,1274.4333333333334,0.0,74.0,True
274,RealTimeInference,RegionC,RegionC,815,815,821.1166666666667,0.0,5.0,False
275,RealTimeInference,RegionA,RegionA,100,100,100.53333333333333,0.0,5.0,False
276,RealTimeInference,RegionA,RegionA,1002,1002,1004.9,0.0,5.0,False
277,BatchInference,RegionB,RegionB,298,298,299.53333333333336,0.0,5.0,False
278,BatchInference,RegionC,RegionC,1697,1697,1698.45,0.0,5.0,False
279,AITraining,RegionE,RegionE,2357,2357,2357.1666666666665,0.0,5.0,False
280,RealTimeInference,RegionC,RegionC,1572,1572,1575.5666666666666,0.0,5.0,False
281,BatchInference,RegionF,RegionB,1636,1636,1642.3,0.0,79.0,True
282,RealTimeInference,RegionA,RegionA,604,604,604.8,0.0,5.0,False
283,AITraining,RegionD,RegionD,22,22,24.85,0.0,5.0,False
284,RealTimeInference,RegionB,RegionB,1741,1741,1747.4666666666667,0.0,5.0,False
285,RealTimeInference,RegionB,RegionB,720,720,721.05,0.0,5.0,False
286,AITraining,RegionE,RegionE,2121,2121,2124.85,0.0,5.0,False
287,BatchInference,RegionE,RegionE,205,205,209.4,0.0,5.0,False
288,AITraining,RegionA,RegionA,1020,1020,1023.9666666666667,0.0,5.0,False
289,RealTimeInference,RegionA,RegionA,1869,1869,1870.25,0.0,5.0,False
290,RealTimeInference,RegionA,RegionA,1903,1903,1904.8666666666666,0.0,5.0,False
291,AITraining,RegionD,RegionD,2175,2175,2178.9166666666665,0.0,5.0,False
292,AITraining,RegionE,RegionA,1299,1299,1300.7833333333333,0.0,78.0,True
293,BatchInference,RegionE,RegionA,2067,2067,2072.733333333333,0.0,78.0,True
294,BatchInference,RegionF,RegionF,2244,2244,2249.2833333333333,0.0,5.0,False
295,BatchInference,RegionA,RegionA,651,651,656.7333333333333,0.0,5.0,False
296,AITraining,RegionD,RegionD,1944,1944,1945.9166666666667,0.0,5.0,False
297,BatchInference,RegionC,RegionC,1061,1061,1063.3666666666666,0.0,5.0,False
298,RealTimeInference,RegionB,RegionB,1135,1135,1137.45,0.0,5.0,False
299,AITraining,RegionE,RegionB,1984,1984,1989.65,0.0,74.0,True
300,AITraining,RegionF,RegionA,979,979,984.8166666666667,0.0,82.0,True
301,BatchInference,RegionA,RegionA,1801,1801,1805.5166666666667,0.0,5.0,False
302,RealTimeInference,RegionA,RegionA,1170,1170,1173.5666666666666,0.0,5.0,False
303,RealTimeInference,RegionA,RegionA,1112,1112,1116.15,0.0,5.0,False
304,BatchInference,RegionC,RegionC,1309,1309,1311.0,0.0,5.0,False
305,AITraining,RegionE,RegionB,330,330,336.3833333333333,0.0,74.0,True
306,RealTimeInference,RegionC,RegionC,617,617,620.2166666666667,0.0,5.0,False
307,RealTimeInference,RegionD,RegionD,1568,1568,1574.0166666666667,0.0,5.0,False
308,AITraining,RegionB,RegionB,625,625,626.7,0.0,5.0,False
309,AITraining,RegionD,RegionD,876,876,877.1666666666666,0.0,5.0,False
310,RealTimeInference,RegionB,RegionB,1699,1699,1703.7666666666667,0.0,5.0,False
311,BatchInference,RegionC,RegionC,1355,1355,1356.6833333333334,0.0,5.0,False
312,AITraining,RegionE,RegionE,1908,1908,1908.5166666666667,0.0,5.0,False
313,BatchInference,RegionE,RegionE,255,255,257.3666666666667,0.0,5.0,False
314,RealTimeInference,RegionF,RegionF,1720,1720,1725.9166666666667,0.0,5.0,False
315,BatchInference,RegionA,RegionA,2392,2392,2393.45,0.0,5.0,False
316,AITraining,RegionD,RegionD,80,80,81.36666666666666,0.0,5.0,False
317,AITraining,RegionD,RegionD,1558,1558,1558.9333333333334,0.0,5.0,False
318,BatchInference,RegionD,RegionD,24,24,29.983333333333334,0.0,5.0,False
319,BatchInference,RegionE,RegionE,1223,1223,1223.95,0.0,5.0,False
320,BatchInference,RegionF,RegionF,1716,1716,1721.0166666666667,0.0,5.0,False
321,AITraining,RegionB,RegionB,2236,2236,2238.0333333333333,0.0,5.0,False
322,AITraining,RegionD,RegionD,903,903,906.15,0.0,5.0,False
323,BatchInference,RegionB,RegionB,898,898,900.2666666666667,0.0,5.0,False
324,BatchInference,RegionC,RegionC,1785,1785,1785.6166666666666,0.0,5.0,False
325,BatchInference,RegionD,RegionD,118,118,124.58333333333333,0.0,5.0,False
326,BatchInference,RegionE,RegionE,1376,1376,1376.3833333333334,0.0,5.0,False
327,AITraining,RegionF,RegionF,1656,1656,1662.3333333333333,0.0,5.0,False
328,AITraining,RegionC,RegionC,676,676,678.0,0.0,5.0,False
329,BatchInference,RegionB,RegionB,522,522,526.1333333333333,0.0,5.0,False
330,AITraining,RegionD,RegionD,2187,2187,2192.05,0.0,5.0,False
331,RealTimeInference,RegionB,RegionB,1613,1613,1616.35,0.0,5.0,False
332,AITraining,RegionE,RegionE,2311,2311,2311.616666666667,0.0,5.0,False
333,AITraining,RegionF,RegionF,111,111,115.7,0.0,5.0,False
334,RealTimeInference,RegionA,RegionA,1755,1755,1757.25,0.0,5.0,False
335,RealTimeInference,RegionA,RegionA,1891,1891,1893.5666666666666,0.0,5.0,False
336,RealTimeInference,RegionA,RegionA,205,205,205.56666666666666,0.0,5.0,False
337,BatchInference,RegionC,RegionC,1552,1552,1553.2666666666667,0.0,5.0,False
338,BatchInference,RegionD,RegionD,866,866,868.5833333333334,0.0,5.0,False
339,BatchInference,RegionE,RegionA,1338,1338,1340.0,0.0,78.0,True
340,BatchInference,RegionF,RegionF,1552,1552,1556.55,0.0,5.0,False
341,BatchInference,RegionA,RegionA,1726,1726,1730.0833333333333,0.0,5.0,False
342,BatchInference,RegionB,RegionB,335,335,336.8333333333333,0.0,5.0,False
343,BatchInference,RegionC,RegionC,79,79,83.85,0.0,5.0,False
344,AITraining,RegionE,RegionB,2209,2209,2214.4,0.0,74.0,True
345,RealTimeInference,RegionC,RegionC,1433,1433,1436.9666666666667,0.0,5.0,False
346,RealTimeInference,RegionC,RegionC,281,281,283.65,0.0,5.0,False
347,AITraining,RegionA,RegionA,164,164,165.31666666666666,0.0,5.0,False
348,RealTimeInference,RegionA,RegionA,1012,1012,1017.9833333333333,0.0,5.0,False
349,RealTimeInference,RegionA,RegionA,83,83,88.45,0.0,5.0,False
350,AITraining,RegionD,RegionD,624,624,626.6833333333333,0.0,5.0,False
351,RealTimeInference,RegionB,RegionB,517,517,521.2666666666667,0.0,5.0,False
352,BatchInference,RegionE,RegionE,468,468,468.6666666666667,0.0,5.0,False
353,AITraining,RegionF,RegionB,892,892,892.75,0.0,79.0,True
354,BatchInference,RegionA,RegionA,1049,1049,1052.8166666666666,0.0,5.0,False
355,BatchInference,RegionB,RegionB,687,687,692.7333333333333,0.0,5.0,False
356,AITraining,RegionD,RegionD,469,469,475.3,0.0,5.0,False
357,RealTimeInference,RegionB,RegionB,1274,1274,1275.1833333333334,0.0,5.0,False
358,RealTimeInference,RegionC,RegionC,2370,2370,2375.733333333333,0.0,5.0,False
359,RealTimeInference,RegionC,RegionC,1277,1277,1277.5833333333333,0.0,5.0,False
360,AITraining,RegionA,RegionA,1537,1537,1542.15,0.0,5.0,False
361,BatchInference,RegionA,RegionA,812,812,814.1166666666667,0.0,5.0,False
362,RealTimeInference,RegionA,RegionA,994,994,997.6833333333333,0.0,5.0,False
363,RealTimeInference,RegionB,RegionB,1235,1235,1237.0333333333333,0.0,5.0,False
364,AITraining,RegionE,RegionE,495,495,495.1666666666667,0.0,5.0,False
365,AITraining,RegionF,RegionA,168,168,173.48333333333332,0.0,82.0,True
366,BatchInference,RegionF,RegionF,2182,2182,2188.516666666667,0.0,5.0,False
367,BatchInference,RegionA,RegionA,1517,1517,1522.7,0.0,5.0,False
368,RealTimeInference,RegionA,RegionA,2072,2072,2074.8333333333335,0.0,5.0,False
369,AITraining,RegionD,RegionD,1397,1397,1397.3166666666666,0.0,5.0,False
370,RealTimeInference,RegionB,RegionB,1720,1720,1722.45,0.0,5.0,False
371,BatchInference,RegionD,RegionD,432,432,432.3666666666667,0.0,5.0,False
372,BatchInference,RegionE,RegionB,1483,1483,1484.55,0.0,74.0,True
373,AITraining,RegionF,RegionF,1883,1883,1884.8333333333333,0.0,5.0,False
374,AITraining,RegionC,RegionC,626,626,630.5666666666667,0.0,5.0,False
375,BatchInference,RegionB,RegionB,721,721,721.7833333333333,0.0,5.0,False
376,AITraining,RegionD,RegionD,2137,2137,2138.733333333333,0.0,5.0,False
377,AITraining,RegionE,RegionA,1106,1106,1111.45,0.0,78.0,True
378,AITraining,RegionE,RegionA,2204,2204,2209.7166666666667,0.0,78.0,True
379,BatchInference,RegionF,RegionF,1904,1904,1905.4166666666667,0.0,5.0,False
380,BatchInference,RegionA,RegionA,1099,1099,1099.1666666666667,0.0,5.0,False
381,BatchInference,RegionB,RegionB,1005,1005,1006.15,0.0,5.0,False
382,RealTimeInference,RegionB,RegionB,1142,1142,1146.6,0.0,5.0,False
383,BatchInference,RegionC,RegionC,998,998,1002.65,0.0,5.0,False
384,BatchInference,RegionD,RegionD,2334,2334,2336.9,0.0,5.0,False
385,AITraining,RegionF,RegionA,1552,1552,1558.4666666666667,0.0,82.0,True
386,BatchInference,RegionF,RegionB,117,117,118.18333333333334,0.0,79.0,True
387,BatchInference,RegionA,RegionA,1331,1331,1335.1,0.0,5.0,False
388,RealTimeInference,RegionA,RegionA,1997,1997,2002.0833333333333,0.0,5.0,False
389,RealTimeInference,RegionB,RegionB,1453,1453,1457.95,0.0,5.0,False
390,BatchInference,RegionD,RegionD,1394,1394,1400.0333333333333,0.0,5.0,False
391,BatchInference,RegionD,RegionD,1131,1131,1133.5666666666666,0.0,5.0,False
392,AITraining,RegionF,RegionB,41,41,46.3,0.0,79.0,True
393,AITraining,RegionA,RegionA,782,782,782.8,0.0,5.0,False
394,RealTimeInference,RegionA,RegionA,988,988,990.3833333333333,0.0,5.0,False
395,AITraining,RegionD,RegionD,1664,1664,1667.1333333333334,0.0,5.0,False
396,BatchInference,RegionC,RegionC,2274,2274,2274.4,0.0,5.0,False
397,RealTimeInference,RegionB,RegionB,1950,1950,1954.9666666666667,0.0,5.0,False
398,AITraining,RegionF,RegionA,2010,2010,2012.7666666666667,0.0,82.0,True
399,BatchInference,RegionF,RegionC,70,70,71.76666666666667,0.0,76.0,True
400,RealTimeInference,RegionA,RegionA,1205,1205,1209.9666666666667,0.0,5.0,False
401,RealTimeInference,RegionA,RegionA,1656,1656,1657.5833333333333,0.0,5.0,False
402,AITraining,RegionD,RegionD,996,996,998.2,0.0,5.0,False
403,BatchInference,RegionD,RegionD,2382,2382,2384.116666666667,0.0,5.0,False
404,BatchInference,RegionD,RegionD,1938,1938,1940.8,0.0,5.0,False
405,AITraining,RegionF,RegionF,2174,2174,2180.233333333333,0.0,5.0,False
406,BatchInference,RegionA,RegionA,1742,1742,1742.4,0.0,5.0,False
407,AITraining,RegionD,RegionD,2254,2254,2258.5,0.0,5.0,False
408,BatchInference,RegionB,RegionB,1441,1441,1446.6833333333334,0.0,5.0,False
409,AITraining,RegionD,RegionD,1858,1858,1859.7333333333333,0.0,5.0,False
410,BatchInference,RegionD,RegionD,1255,1255,1260.0166666666667,0.0,5.0,False
411,BatchInference,RegionE,RegionE,944,944,945.3,0.0,5.0,False
412,RealTimeInference,RegionE,RegionE,788,788,792.3833333333333,0.0,5.0,False
413,BatchInference,RegionA,RegionA,489,489,489.78333333333336,0.0,5.0,False
414,AITraining,RegionD,RegionD,2194,2194,2194.5333333333333,0.0,5.0,False
415,AITraining,RegionD,RegionD,758,758,763.1833333333333,0.0,5.0,False
416,RealTimeInference,RegionB,RegionB,886,886,889.7833333333333,0.0,5.0,False
417,AITraining,RegionE,RegionE,1983,1983,1986.65,0.0,5.0,False
418,BatchInference,RegionE,RegionE,2148,2148,2149.883333333333,0.0,5.0,False
419,AITraining,RegionA,RegionA,1159,1159,1165.0833333333333,0.0,5.0,False
420,RealTimeInference,RegionA,RegionA,795,795,801.4166666666666,0.0,5.0,False
421,BatchInference,RegionB,RegionB,931,931,933.2666666666667,0.0,5.0,False
422,BatchInference,RegionC,RegionC,734,734,738.9333333333333,0.0,5.0,False
423,BatchInference,RegionD,RegionD,57,57,57.63333333333333,0.0,5.0,False
424,AITraining,RegionF,RegionF,2187,2187,2192.1,0.0,5.0,False
425,RealTimeInference,RegionD,RegionD,1123,1123,1127.4333333333334,0.0,5.0,False
426,RealTimeInference,RegionA,RegionA,223,223,228.91666666666666,0.0,5.0,False
427,AITraining,RegionD,RegionD,1196,1196,1199.1833333333334,0.0,5.0,False
428,AITraining,RegionD,RegionD,517,517,517.1666666666666,0.0,5.0,False
429,AITraining,RegionE,RegionE,2010,2010,2011.0666666666666,0.0,5.0,False
430,RealTimeInference,RegionC,RegionC,50,50,52.63333333333333,0.0,5.0,False
431,AITraining,RegionF,RegionF,1164,1164,1166.4333333333334,0.0,5.0,False
432,BatchInference,RegionF,RegionB,1960,1960,1965.3666666666666,0.0,79.0,True
433,BatchInference,RegionA,RegionA,1395,1395,1396.2,0.0,5.0,False
434,RealTimeInference,RegionA,RegionA,210,210,211.65,0.0,5.0,False
435,BatchInference,RegionC,RegionC,1956,1956,1962.5833333333333,0.0,5.0,False
436,RealTimeInference,RegionB,RegionB,267,267,272.93333333333334,0.0,5.0,False
437,BatchInference,RegionD,RegionD,2014,2014,2020.2166666666667,0.0,5.0,False
438,RealTimeInference,RegionC,RegionC,2363,2363,2366.1833333333334,0.0,5.0,False
439,AITraining,RegionA,RegionA,219,219,222.15,0.0,5.0,False
440,RealTimeInference,RegionA,RegionA,611,611,613.8333333333334,0.0,5.0,False
441,AITraining,RegionD,RegionD,1244,1244,1245.2,0.0,5.0,False
442,RealTimeInference,RegionB,RegionB,1016,1016,1018.7166666666667,0.0,5.0,False
443,RealTimeInference,RegionC,RegionC,2285,2285,2285.9666666666667,0.0,5.0,False
444,BatchInference,RegionE,RegionE,924,924,925.55,0.0,5.0,False
445,AITraining,RegionF,RegionB,1558,1558,1560.6166666666666,0.0,79.0,True
446,BatchInference,RegionA,RegionA,1813,1813,1818.6,0.0,5.0,False
447,BatchInference,RegionB,RegionB,1756,1756,1758.5,0.0,5.0,False
448,BatchInference,RegionC,RegionC,2329,2329,2332.6666666666665,0.0,5.0,False
449,AITraining,RegionE,RegionE,246,246,248.78333333333333,0.0,5.0,False
450,AITraining,RegionE,RegionB,406,406,410.9166666666667,0.0,74.0,True
451,RealTimeInference,RegionC,RegionC,864,864,868.4333333333333,0.0,5.0,False
452,BatchInference,RegionA,RegionA,332,332,335.06666666666666,0.0,5.0,False
453,RealTimeInference,RegionA,RegionA,982,982,984.0333333333333,0.0,5.0,False
454,RealTimeInference,RegionA,RegionA,2260,2260,2265.4666666666667,0.0,5.0,False
455,RealTimeInference,RegionB,RegionB,641,641,645.55,0.0,5.0,False
456,RealTimeInference,RegionB,RegionB,1673,1673,1679.1333333333334,0.0,5.0,False
457,BatchInference,RegionE,RegionE,1924,1924,1928.5833333333333,0.0,5.0,False
458,BatchInference,RegionF,RegionB,133,133,139.25,0.0,79.0,True
459,RealTimeInference,RegionA,RegionA,1180,1180,1181.0666666666666,0.0,5.0,False
460,AITraining,RegionD,RegionD,1158,1158,1161.1166666666666,0.0,5.0,False
461,AITraining,RegionD,RegionD,1859,1859,1864.5,0.0,5.0,False
462,RealTimeInference,RegionB,RegionB,956,956,960.4,0.0,5.0,False
463,BatchInference,RegionD,RegionD,810,810,814.3,0.0,5.0,False
464,BatchInference,RegionE,RegionE,470,470,471.26666666666665,0.0,5.0,False
465,AITraining,RegionA,RegionA,920,920,924.55,0.0,5.0,False
466,AITraining,RegionD,RegionD,610,610,611.6166666666667,0.0,5.0,False
467,BatchInference,RegionB,RegionB,582,582,584.15,0.0,5.0,False
468,RealTimeInference,RegionB,RegionB,244,244,246.9,0.0,5.0,False
469,RealTimeInference,RegionB,RegionB,1259,1259,1262.8666666666666,0.0,5.0,False
470,AITraining,RegionF,RegionB,2331,2331,2331.266666666667,0.0,79.0,True
471,BatchInference,RegionF,RegionB,1798,1798,1800.8333333333333,0.0,79.0,True
472,RealTimeInference,RegionA,RegionA,1919,1919,1921.6,0.0,5.0,False
473,AITraining,RegionD,RegionD,1245,1245,1245.75,0.0,5.0,False
474,AITraining,RegionD,RegionD,1648,1648,1648.1833333333334,0.0,5.0,False
475,BatchInference,RegionC,RegionC,2049,2049,2052.4333333333334,0.0,5.0,False
476,AITraining,RegionE,RegionE,2022,2022,2026.05,0.0,5.0,False
477,BatchInference,RegionE,RegionE,329,329,331.1333333333333,0.0,5.0,False
478,AITraining,RegionF,RegionA,163,163,167.5,0.0,82.0,True
479,BatchInference,RegionA,RegionA,1320,1320,1324.4166666666667,0.0,5.0,False
480,AITraining,RegionD,RegionD,1025,1025,1028.9166666666667,0.0,5.0,False
481,RealTimeInference,RegionB,RegionB,374,374,380.06666666666666,0.0,5.0,False
482,RealTimeInference,RegionB,RegionB,2356,2356,2362.2166666666667,0.0,5.0,False
483,AITraining,RegionF,RegionF,84,84,87.51666666666667,0.0,5.0,False
484,AITraining,RegionF,RegionF,1103,1103,1104.1333333333334,0.0,5.0,False
485,AITraining,RegionB,RegionB,164,164,167.88333333333333,0.0,5.0,False
486,RealTimeInference,RegionA,RegionA,1927,1927,1927.3833333333334,0.0,5.0,False
487,AITraining,RegionD,RegionD,1811,1811,1815.1,0.0,5.0,False
488,BatchInference,RegionC,RegionC,743,743,747.25,0.0,5.0,False
489,AITraining,RegionE,RegionE,1785,1785,1785.2166666666667,0.0,5.0,False
490,AITraining,RegionF,RegionA,2014,2014,2014.6333333333334,0.0,82.0,True
491,RealTimeInference,RegionF,RegionE,1925,1925,1930.0333333333333,0.0,18.0,True
492,BatchInference,RegionA,RegionA,1672,1672,1674.5833333333333,0.0,5.0,False
493,BatchInference,RegionB,RegionB,1315,1315,1315.8333333333333,0.0,5.0,False
494,AITraining,RegionD,RegionD,428,428,428.43333333333334,0.0,5.0,False
495,RealTimeInference,RegionB,RegionB,1350,1350,1356.45,0.0,5.0,False
496,BatchInference,RegionD,RegionD,2029,2029,2031.1,0.0,5.0,False
497,BatchInference,RegionF,RegionF,1640,1640,1640.6,0.0,5.0,False
498,AITraining,RegionA,RegionA,150,150,153.8,0.0,5.0,False
499,BatchInference,RegionA,RegionA,360,360,364.6166666666667,0.0,5.0,False
500,BatchInference,RegionB,RegionB,1033,1033,1036.0333333333333,0.0,5.0,False
501,BatchInference,RegionC,RegionC,474,474,477.31666666666666,0.0,5.0,False
502,BatchInference,RegionD,RegionD,2107,2107,2109.3166666666666,0.0,5.0,False
503,RealTimeInference,RegionC,RegionC,2222,2222,2228.2,0.0,5.0,False
504,BatchInference,RegionF,RegionF,1692,1692,1695.1666666666667,0.0,5.0,False
505,RealTimeInference,RegionA,RegionA,768,768,768.6333333333333,0.0,5.0,False
506,AITraining,RegionD,RegionD,1481,1481,1486.0833333333333,0.0,5.0,False
507,AITraining,RegionD,RegionD,2041,2041,2044.2666666666667,0.0,5.0,False
508,AITraining,RegionE,RegionE,1810,1810,1815.3166666666666,0.0,5.0,False
509,RealTimeInference,RegionC,RegionC,833,833,835.0,0.0,5.0,False
510,BatchInference,RegionE,RegionA,2249,2249,2253.9666666666667,0.0,78.0,True
511,RealTimeInference,RegionA,RegionA,1179,1179,1183.1333333333334,0.0,5.0,False
512,BatchInference,RegionA,RegionA,1985,1985,1988.9333333333334,0.0,5.0,False
513,RealTimeInference,RegionA,RegionA,118,118,124.23333333333333,0.0,5.0,False
514,AITraining,RegionD,RegionD,980,980,983.5,0.0,5.0,False
515,AITraining,RegionE,RegionB,648,648,649.3666666666667,0.0,74.0,True
516,BatchInference,RegionE,RegionA,2256,2256,2256.4333333333334,0.0,78.0,True
517,RealTimeInference,RegionE,RegionE,2262,2262,2263.1666666666665,0.0,5.0,False
518,BatchInference,RegionA,RegionA,381,381,381.85,0.0,5.0,False
519,RealTimeInference,RegionA,RegionA,464,464,469.0,0.0,5.0,False
520,BatchInference,RegionB,RegionB,481,481,482.95,0.0,5.0,False
521,AITraining,RegionE,RegionE,630,630,631.85,0.0,5.0,False
522,BatchInference,RegionD,RegionD,1195,1195,1199.7333333333333,0.0,5.0,False
523,AITraining,RegionF,RegionA,1119,1119,1124.2333333333333,0.0,82.0,True
524,BatchInference,RegionA,RegionA,1976,1976,1977.1,0.0,5.0,False
525,BatchInference,RegionA,RegionA,998,998,998.35,0.0,5.0,False
526,BatchInference,RegionB,RegionB,2257,2257,2262.8,0.0,5.0,False
527,RealTimeInference,RegionB,RegionB,1571,1571,1572.5,0.0,5.0,False
528,RealTimeInference,RegionB,RegionB,2081,2081,2084.45,0.0,5.0,False
529,AITraining,RegionF,RegionF,559,559,563.6166666666667,0.0,5.0,False
530,RealTimeInference,RegionD,RegionD,1131,1131,1137.2333333333333,0.0,5.0,False
531,BatchInference,RegionA,RegionA,1392,1392,1396.5833333333333,0.0,5.0,False
532,AITraining,RegionD,RegionD,1094,1094,1098.85,0.0,5.0,False
533,RealTimeInference,RegionB,RegionB,1158,1158,1162.3166666666666,0.0,5.0,False
534,AITraining,RegionE,RegionE,1222,1222,1227.7333333333333,0.0,5.0,False
535,AITraining,RegionE,RegionB,2375,2375,2381.3333333333335,0.0,74.0,True
536,AITraining,RegionF,RegionF,2005,2005,2010.4,0.0,5.0,False
537,RealTimeInference,RegionF,RegionF,1829,1829,1832.8666666666666,0.0,5.0,False
538,AITraining,RegionC,RegionC,1983,1983,1984.8666666666666,0.0,5.0,False
539,BatchInference,RegionB,RegionB,1361,1361,1363.8,0.0,5.0,False
540,AITraining,RegionD,RegionD,2225,2225,2228.2833333333333,0.0,5.0,False
541,BatchInference,RegionD,RegionD,1865,1865,1867.3333333333333,0.0,5.0,False
542,BatchInference,RegionE,RegionA,772,772,775.2,0.0,78.0,True
543,AITraining,RegionF,RegionF,978,978,978.8,0.0,5.0,False
544,AITraining,RegionB,RegionB,1568,1568,1568.2166666666667,0.0,5.0,False
545,RealTimeInference,RegionA,RegionA,1682,1682,1685.65,0.0,5.0,False
546,RealTimeInference,RegionB,RegionB,1303,1303,1304.95,0.0,5.0,False
547,AITraining,RegionE,RegionE,1937,1937,1940.9333333333334,0.0,5.0,False
548,AITraining,RegionE,RegionB,1561,1561,1565.3333333333333,0.0,74.0,True
549,BatchInference,RegionE,RegionB,623,623,627.7166666666667,0.0,74.0,True
550,BatchInference,RegionF,RegionF,151,151,151.8,0.0,5.0,False
551,RealTimeInference,RegionA,RegionA,2057,2057,2062.45,0.0,5.0,False
552,AITraining,RegionD,RegionD,1359,1359,1363.6833333333334,0.0,5.0,False
553,RealTimeInference,RegionB,RegionB,1803,1803,1809.1333333333334,0.0,5.0,False
554,RealTimeInference,RegionB,RegionB,2154,2154,2155.233333333333,0.0,5.0,False
555,BatchInference,RegionD,RegionD,62,62,64.51666666666667,0.0,5.0,False
556,AITraining,RegionF,RegionF,590,590,595.55,0.0,5.0,False
557,BatchInference,RegionA,RegionA,632,632,637.0333333333333,0.0,5.0,False
558,RealTimeInference,RegionA,RegionA,1923,1923,1926.3666666666666,0.0,5.0,False
559,BatchInference,RegionB,RegionB,1386,1386,1387.3666666666666,0.0,5.0,False
560,AITraining,RegionD,RegionD,1628,1628,1630.4833333333333,0.0,5.0,False
561,AITraining,RegionE,RegionB,328,328,333.03333333333336,0.0,74.0,True
562,BatchInference,RegionE,RegionA,2185,2185,2191.483333333333,0.0,78.0,True
563,BatchInference,RegionF,RegionB,1297,1297,1302.4666666666667,0.0,79.0,True
564,AITraining,RegionC,RegionC,1998,1998,1998.3333333333333,0.0,5.0,False
565,AITraining,RegionD,RegionD,147,147,150.91666666666666,0.0,5.0,False
566,AITraining,RegionD,RegionD,280,280,281.1333333333333,0.0,5.0,False
567,RealTimeInference,RegionB,RegionB,1177,1177,1182.3166666666666,0.0,5.0,False
568,RealTimeInference,RegionC,RegionC,370,370,371.93333333333334,0.0,5.0,False
569,BatchInference,RegionE,RegionA,403,403,406.78333333333336,0.0,78.0,True
570,AITraining,RegionA,RegionA,411,411,415.46666666666664,0.0,5.0,False
571,BatchInference,RegionA,RegionA,681,681,685.5,0.0,5.0,False
572,AITraining,RegionD,RegionD,1226,1226,1229.1,0.0,5.0,False
573,RealTimeInference,RegionB,RegionB,188,188,194.45,0.0,5.0,False
574,BatchInference,RegionD,RegionD,229,229,235.46666666666667,0.0,5.0,False
575,BatchInference,RegionE,RegionA,1468,1468,1471.1166666666666,0.0,78.0,True
576,BatchInference,RegionF,RegionF,1764,1764,1766.5666666666666,0.0,5.0,False
577,RealTimeInference,RegionA,RegionA,1000,1000,1003.9333333333333,0.0,5.0,False
578,AITraining,RegionD,RegionD,1687,1687,1689.15,0.0,5.0,False
579,AITraining,RegionD,RegionD,737,737,742.6333333333333,0.0,5.0,False
580,RealTimeInference,RegionB,RegionB,717,717,723.1,0.0,5.0,False
581,RealTimeInference,RegionC,RegionC,1566,1566,1567.9,0.0,5.0,False
582,AITraining,RegionF,RegionB,986,986,986.6333333333333,0.0,79.0,True
583,BatchInference,RegionA,RegionA,2388,2388,2391.9166666666665,0.0,5.0,False
584,RealTimeInference,RegionA,RegionA,951,951,951.3,0.0,5.0,False
585,BatchInference,RegionB,RegionB,1040,1040,1040.5666666666666,0.0,5.0,False
586,BatchInference,RegionC,RegionC,1045,1045,1048.9166666666667,0.0,5.0,False
587,AITraining,RegionE,RegionE,38,38,38.78333333333333,0.0,5.0,False
588,BatchInference,RegionE,RegionA,1178,1178,1184.6333333333334,0.0,78.0,True
589,AITraining,RegionF,RegionF,2238,2238,2238.766666666667,0.0,5.0,False
590,RealTimeInference,RegionA,RegionA,302,302,306.8833333333333,0.0,5.0,False
591,BatchInference,RegionB,RegionB,1415,1415,1416.5,0.0,5.0,False
592,AITraining,RegionD,RegionD,1225,1225,1228.8833333333334,0.0,5.0,False
593,AITraining,RegionE,RegionE,1737,1737,1739.0666666666666,0.0,5.0,False
594,AITraining,RegionE,RegionE,1024,1024,1025.0833333333333,0.0,5.0,False
595,BatchInference,RegionE,RegionE,1237,1237,1237.8166666666666,0.0,5.0,False
596,RealTimeInference,RegionF,RegionF,1575,1575,1579.1,0.0,5.0,False
597,BatchInference,RegionA,RegionA,436,436,439.75,0.0,5.0,False
598,RealTimeInference,RegionA,RegionA,1562,1562,1564.95,0.0,5.0,False
599,AITraining,RegionD,RegionD,1470,1470,1471.1333333333334,0.0,5.0,False
600,AITraining,RegionE,RegionE,1211,1211,1215.6333333333334,0.0,5.0,False
601,AITraining,RegionE,RegionE,1209,1209,1214.9,0.0,5.0,False
602,RealTimeInference,RegionC,RegionC,1621,1621,1627.0833333333333,0.0,5.0,False
603,BatchInference,RegionA,RegionA,33,33,33.266666666666666,0.0,5.0,False
604,AITraining,RegionD,RegionD,200,200,205.38333333333333,0.0,5.0,False
605,AITraining,RegionD,RegionD,2034,2034,2036.8166666666666,0.0,5.0,False
606,BatchInference,RegionC,RegionC,942,942,944.7833333333333,0.0,5.0,False
607,AITraining,RegionE,RegionA,1443,1443,1444.5166666666667,0.0,78.0,True
608,RealTimeInference,RegionC,RegionC,778,778,781.5833333333334,0.0,5.0,False
609,AITraining,RegionF,RegionF,1026,1026,1026.35,0.0,5.0,False
610,AITraining,RegionC,RegionC,560,560,563.8833333333333,0.0,5.0,False
611,AITraining,RegionD,RegionD,397,397,399.73333333333335,0.0,5.0,False
612,AITraining,RegionD,RegionD,161,161,167.15,0.0,5.0,False
613,BatchInference,RegionD,RegionD,1805,1805,1810.8833333333334,0.0,5.0,False
614,RealTimeInference,RegionC,RegionC,2373,2373,2378.5833333333335,0.0,5.0,False
615,BatchInference,RegionF,RegionF,538,538,539.3833333333333,0.0,5.0,False
616,RealTimeInference,RegionA,RegionA,1208,1208,1209.15,0.0,5.0,False
617,BatchInference,RegionA,RegionA,1701,1701,1701.7666666666667,0.0,5.0,False
618,RealTimeInference,RegionA,RegionA,822,822,825.4166666666666,0.0,5.0,False
619,RealTimeInference,RegionB,RegionB,2209,2209,2212.8,0.0,5.0,False
620,BatchInference,RegionD,RegionD,2174,2174,2180.383333333333,0.0,5.0,False
621,AITraining,RegionF,RegionF,1116,1116,1118.15,0.0,5.0,False
622,RealTimeInference,RegionE,RegionE,1052,1052,1057.25,0.0,5.0,False
623,BatchInference,RegionA,RegionA,1208,1208,1211.0666666666666,0.0,5.0,False
624,AITraining,RegionD,RegionD,1387,1387,1389.8833333333334,0.0,5.0,False
625,RealTimeInference,RegionB,RegionB,1918,1918,1924.5,0.0,5.0,False
626,RealTimeInference,RegionB,RegionB,576,576,576.6333333333333,0.0,5.0,False
627,RealTimeInference,RegionC,RegionC,1627,1627,1629.3833333333334,0.0,5.0,False
628,AITraining,RegionF,RegionF,1498,1498,1499.1166666666666,0.0,5.0,False
629,RealTimeInference,RegionA,RegionA,1616,1616,1619.9166666666667,0.0,5.0,False
630,RealTimeInference,RegionA,RegionA,1083,1083,1084.8,0.0,5.0,False
631,AITraining,RegionD,RegionD,506,506,510.6666666666667,0.0,5.0,False
632,BatchInference,RegionC,RegionC,1509,1509,1513.95,0.0,5.0,False
633,AITraining,RegionE,RegionE,1073,1073,1074.55,0.0,5.0,False
634,AITraining,RegionF,RegionA,1560,1560,1560.6,0.0,82.0,True
635,AITraining,RegionF,RegionF,1521,1521,1527.5166666666667,0.0,5.0,False
636,RealTimeInference,RegionA,RegionA,957,957,958.6833333333333,0.0,5.0,False
637,BatchInference,RegionB,RegionB,102,102,108.1,0.0,5.0,False
638,AITraining,RegionD,RegionD,2299,2299,2303.516666666667,0.0,5.0,False
639,BatchInference,RegionC,RegionC,906,906,912.6,0.0,5.0,False
640,AITraining,RegionE,RegionA,258,258,264.48333333333335,0.0,78.0,True
641,AITraining,RegionF,RegionA,1901,1901,1903.85,0.0,82.0,True
642,AITraining,RegionF,RegionF,1237,1237,1241.8333333333333,0.0,5.0,False
643,AITraining,RegionC,RegionC,1672,1672,1676.6666666666667,0.0,5.0,False
644,RealTimeInference,RegionA,RegionA,572,572,572.6,0.0,5.0,False
645,RealTimeInference,RegionB,RegionB,152,152,154.56666666666666,0.0,5.0,False
646,BatchInference,RegionD,RegionD,2017,2017,2017.6,0.0,5.0,False
647,RealTimeInference,RegionC,RegionC,398,398,401.46666666666664,0.0,5.0,False
648,RealTimeInference,RegionD,RegionD,2201,2201,2204.1666666666665,0.0,5.0,False
649,RealTimeInference,RegionA,RegionA,1591,1591,1591.9166666666667,0.0,5.0,False
650,BatchInference,RegionB,RegionB,1519,1519,1522.85,0.0,5.0,False
651,AITraining,RegionD,RegionD,2212,2212,2216.7,0.0,5.0,False
652,BatchInference,RegionC,RegionC,632,632,635.95,0.0,5.0,False
653,BatchInference,RegionD,RegionD,405,405,410.46666666666664,0.0,5.0,False
654,BatchInference,RegionE,RegionE,1671,1671,1672.35,0.0,5.0,False
655,BatchInference,RegionF,RegionF,134,134,137.56666666666666,0.0,5.0,False
656,AITraining,RegionC,RegionC,1517,1517,1521.7666666666667,0.0,5.0,False
657,RealTimeInference,RegionA,RegionA,1816,1816,1821.7833333333333,0.0,5.0,False
658,BatchInference,RegionC,RegionC,967,967,969.9166666666666,0.0,5.0,False
659,BatchInference,RegionD,RegionD,406,406,409.76666666666665,0.0,5.0,False
660,AITraining,RegionE,RegionE,1504,1504,1505.85,0.0,5.0,False
661,AITraining,RegionF,RegionA,1469,1469,1473.6,0.0,82.0,True
662,RealTimeInference,RegionA,RegionA,1630,1630,1631.6166666666666,0.0,5.0,False
663,BatchInference,RegionA,RegionA,777,777,778.4166666666666,0.0,5.0,False
664,RealTimeInference,RegionB,RegionB,1862,1862,1864.8166666666666,0.0,5.0,False
665,RealTimeInference,RegionB,RegionB,868,868,873.3166666666667,0.0,5.0,False
666,AITraining,RegionE,RegionE,87,87,89.61666666666666,0.0,5.0,False
667,RealTimeInference,RegionC,RegionC,1366,1366,1370.1833333333334,0.0,5.0,False
668,RealTimeInference,RegionE,RegionE,515,515,518.9,0.0,5.0,False
669,AITraining,RegionC,RegionC,840,840,841.4333333333333,0.0,5.0,False
670,RealTimeInference,RegionA,RegionA,2270,2270,2271.866666666667,0.0,5.0,False
671,RealTimeInference,RegionB,RegionB,884,884,890.1333333333333,0.0,5.0,False
672,RealTimeInference,RegionB,RegionB,1345,1345,1347.1833333333334,0.0,5.0,False
673,RealTimeInference,RegionC,RegionC,11,11,12.916666666666666,0.0,5.0,False
674,BatchInference,RegionE,RegionA,592,592,598.15,0.0,78.0,True
675,RealTimeInference,RegionA,RegionA,2212,2212,2214.2,0.0,5.0,False
676,BatchInference,RegionA,RegionA,714,714,718.5166666666667,0.0,5.0,False
677,RealTimeInference,RegionA,RegionA,105,105,105.83333333333333,0.0,5.0,False
678,RealTimeInference,RegionB,RegionB,60,60,64.55,0.0,5.0,False
679,BatchInference,RegionD,RegionD,974,974,979.95,0.0,5.0,False
680,AITraining,RegionF,RegionB,1326,1326,1331.45,0.0,79.0,True
681,RealTimeInference,RegionE,RegionE,713,713,714.55,0.0,5.0,False
682,BatchInference,RegionA,RegionA,214,214,220.65,0.0,5.0,False
683,RealTimeInference,RegionA,RegionA,1724,1724,1730.5333333333333,0.0,5.0,False
684,AITraining,RegionD,RegionD,465,465,468.28333333333336,0.0,5.0,False
685,AITraining,RegionE,RegionA,260,260,260.35,0.0,78.0,True
686,BatchInference,RegionD,RegionD,1836,1836,1836.5666666666666,0.0,5.0,False
687,BatchInference,RegionE,RegionE,2102,2102,2104.1833333333334,0.0,5.0,False
688,AITraining,RegionA,RegionA,446,446,450.1166666666667,0.0,5.0,False
689,BatchInference,RegionA,RegionA,2063,2063,2066.8333333333335,0.0,5.0,False
690,RealTimeInference,RegionA,RegionA,177,177,180.2,0.0,5.0,False
691,AITraining,RegionD,RegionD,2135,2135,2140.15,0.0,5.0,False
692,BatchInference,RegionD,RegionD,1876,1876,1879.6666666666667,0.0,5.0,False
693,AITraining,RegionF,RegionF,127,127,133.01666666666668,0.0,5.0,False
694,RealTimeInference,RegionD,RegionD,1961,1961,1963.3333333333333,0.0,5.0,False
695,BatchInference,RegionA,RegionA,1746,1746,1746.7333333333333,0.0,5.0,False
696,AITraining,RegionD,RegionD,442,442,445.6,0.0,5.0,False
697,BatchInference,RegionB,RegionB,1816,1816,1821.6833333333334,0.0,5.0,False
698,RealTimeInference,RegionB,RegionB,330,330,332.8,0.0,5.0,False
699,BatchInference,RegionD,RegionD,607,607,607.2166666666667,0.0,5.0,False
700,RealTimeInference,RegionC,RegionC,516,516,518.6833333333333,0.0,5.0,False
701,BatchInference,RegionF,RegionB,2397,2397,2398.75,0.0,79.0,True
702,AITraining,RegionC,RegionC,1331,1331,1335.3166666666666,0.0,5.0,False
703,BatchInference,RegionB,RegionB,2173,2173,2174.25,0.0,5.0,False
704,BatchInference,RegionC,RegionC,1858,1858,1862.5166666666667,0.0,5.0,False
705,AITraining,RegionE,RegionE,1762,1762,1766.2,0.0,5.0,False
706,RealTimeInference,RegionC,RegionC,468,468,472.25,0.0,5.0,False
707,AITraining,RegionF,RegionA,2258,2258,2262.1,0.0,82.0,True
708,AITraining,RegionB,RegionB,880,880,880.5,0.0,5.0,False
709,BatchInference,RegionB,RegionB,1849,1849,1855.0666666666666,0.0,5.0,False
710,RealTimeInference,RegionB,RegionB,1694,1694,1695.8166666666666,0.0,5.0,False
711,BatchInference,RegionC,RegionC,1857,1857,1858.6,0.0,5.0,False
712,BatchInference,RegionD,RegionD,1703,1703,1703.3833333333334,0.0,5.0,False
713,AITraining,RegionF,RegionE,389,389,395.4,0.0,18.0,True
714,BatchInference,RegionF,RegionF,1748,1748,1748.8333333333333,0.0,5.0,False
715,BatchInference,RegionA,RegionA,1044,1044,1048.0,0.0,5.0,False
716,BatchInference,RegionB,RegionB,625,625,629.0,0.0,5.0,False
717,AITraining,RegionD,RegionD,1942,1942,1948.4666666666667,0.0,5.0,False
718,RealTimeInference,RegionB,RegionB,373,373,374.25,0.0,5.0,False
719,RealTimeInference,RegionC,RegionC,381,381,383.8833333333333,0.0,5.0,False
720,BatchInference,RegionF,RegionF,395,395,400.2,0.0,5.0,False
721,AITraining,RegionA,RegionA,1526,1526,1526.3166666666666,0.0,5.0,False
722,RealTimeInference,RegionA,RegionA,2278,2278,2279.483333333333,0.0,5.0,False
723,RealTimeInference,RegionA,RegionA,2300,2300,2305.6833333333334,0.0,5.0,False
724,AITraining,RegionD,RegionD,1350,1350,1354.4333333333334,0.0,5.0,False
725,AITraining,RegionE,RegionA,500,500,503.0,0.0,78.0,True
726,BatchInference,RegionE,RegionE,1448,1448,1453.3666666666666,0.0,5.0,False
727,AITraining,RegionF,RegionB,1732,1732,1736.8833333333334,0.0,79.0,True
728,AITraining,RegionC,RegionC,210,210,213.06666666666666,0.0,5.0,False
729,BatchInference,RegionB,RegionB,1279,1279,1281.9,0.0,5.0,False
730,BatchInference,RegionC,RegionC,424,424,424.8833333333333,0.0,5.0,False
731,AITraining,RegionE,RegionE,2078,2078,2084.266666666667,0.0,5.0,False
732,RealTimeInference,RegionC,RegionC,633,633,634.95,0.0,5.0,False
733,AITraining,RegionF,RegionF,1975,1975,1981.3166666666666,0.0,5.0,False
734,RealTimeInference,RegionA,RegionA,443,443,448.03333333333336,0.0,5.0,False
735,BatchInference,RegionA,RegionA,2278,2278,2282.9,0.0,5.0,False
736,BatchInference,RegionB,RegionB,470,470,470.73333333333335,0.0,5.0,False
737,BatchInference,RegionC,RegionC,2351,2351,2352.133333333333,0.0,5.0,False
738,RealTimeInference,RegionB,RegionB,1757,1757,1760.1333333333334,0.0,5.0,False
739,AITraining,RegionF,RegionB,2280,2280,2284.75,0.0,79.0,True
740,RealTimeInference,RegionE,RegionF,1095,1095,1099.3333333333333,0.0,18.0,True
741,RealTimeInference,RegionA,RegionA,738,738,743.25,0.0,5.0,False
742,BatchInference,RegionB,RegionB,1265,1265,1268.2166666666667,0.0,5.0,False
743,BatchInference,RegionB,RegionB,1437,1437,1440.1166666666666,0.0,5.0,False
744,RealTimeInference,RegionB,RegionB,743,743,748.05,0.0,5.0,False
745,RealTimeInference,RegionC,RegionC,2319,2319,2325.55,0.0,5.0,False
746,AITraining,RegionF,RegionF,1641,1641,1646.75,0.0,5.0,False
747,RealTimeInference,RegionA,RegionA,581,581,586.8333333333334,0.0,5.0,False
748,AITraining,RegionD,RegionD,125,125,129.55,0.0,5.0,False
749,RealTimeInference,RegionA,RegionA,2172,2172,2173.5833333333335,0.0,5.0,False
750,RealTimeInference,RegionB,RegionB,1540,1540,1543.3666666666666,0.0,5.0,False
751,BatchInference,RegionD,RegionD,1858,1858,1860.05,0.0,5.0,False
752,BatchInference,RegionE,RegionB,644,644,644.5833333333334,0.0,74.0,True
753,BatchInference,RegionF,RegionC,1276,1276,1280.0166666666667,0.0,76.0,True
754,AITraining,RegionB,RegionB,1328,1328,1333.6166666666666,0.0,5.0,False
755,AITraining,RegionD,RegionD,347,347,351.96666666666664,0.0,5.0,False
756,RealTimeInference,RegionB,RegionB,637,637,641.9333333333333,0.0,5.0,False
757,RealTimeInference,RegionB,RegionB,203,203,208.21666666666667,0.0,5.0,False
758,AITraining,RegionE,RegionA,334,334,335.65,0.0,78.0,True
759,BatchInference,RegionE,RegionE,1814,1814,1815.2,0.0,5.0,False
760,AITraining,RegionF,RegionF,1736,1736,1738.9666666666667,0.0,5.0,False
761,BatchInference,RegionA,RegionA,1810,1810,1811.3666666666666,0.0,5.0,False
762,BatchInference,RegionB,RegionB,1118,1118,1123.55,0.0,5.0,False
763,RealTimeInference,RegionB,RegionB,2098,2098,2099.85,0.0,5.0,False
764,RealTimeInference,RegionB,RegionB,1413,1413,1414.5166666666667,0.0,5.0,False
765,BatchInference,RegionD,RegionD,454,454,459.8,0.0,5.0,False
766,BatchInference,RegionF,RegionB,1993,1993,1995.3,0.0,79.0,True
767,AITraining,RegionB,RegionB,1263,1263,1264.6333333333334,0.0,5.0,False
768,RealTimeInference,RegionA,RegionA,903,903,904.2333333333333,0.0,5.0,False
769,BatchInference,RegionB,RegionB,224,224,226.53333333333333,0.0,5.0,False
770,RealTimeInference,RegionB,RegionB,837,837,842.4166666666666,0.0,5.0,False
771,BatchInference,RegionD,RegionD,865,865,868.8833333333333,0.0,5.0,False
772,RealTimeInference,RegionC,RegionC,1046,1046,1047.85,0.0,5.0,False
773,BatchInference,RegionF,RegionB,1343,1343,1344.9833333333333,0.0,79.0,True
774,RealTimeInference,RegionA,RegionA,31,31,35.56666666666666,0.0,5.0,False
775,BatchInference,RegionB,RegionB,1763,1763,1767.85,0.0,5.0,False
776,RealTimeInference,RegionB,RegionB,529,529,531.1,0.0,5.0,False
777,BatchInference,RegionD,RegionD,2181,2181,2186.2166666666667,0.0,5.0,False
778,AITraining,RegionE,RegionE,942,942,947.15,0.0,5.0,False
779,AITraining,RegionF,RegionF,2288,2288,2288.866666666667,0.0,5.0,False
780,AITraining,RegionA,RegionA,1450,1450,1455.5833333333333,0.0,5.0,False
781,RealTimeInference,RegionA,RegionA,1626,1626,1626.5,0.0,5.0,False
782,AITraining,RegionD,RegionD,173,173,178.75,0.0,5.0,False
783,BatchInference,RegionC,RegionC,76,76,78.21666666666667,0.0,5.0,False
784,BatchInference,RegionD,RegionD,318,318,323.01666666666665,0.0,5.0,False
785,BatchInference,RegionE,RegionE,2358,2358,2362.6666666666665,0.0,5.0,False
786,BatchInference,RegionF,RegionC,2348,2348,2350.5,0.0,76.0,True
787,BatchInference,RegionA,RegionA,1710,1710,1715.7166666666667,0.0,5.0,False
788,BatchInference,RegionB,RegionB,471,471,472.01666666666665,0.0,5.0,False
789,BatchInference,RegionC,RegionC,85,85,87.76666666666667,0.0,5.0,False
790,BatchInference,RegionD,RegionD,703,703,708.0,0.0,5.0,False
791,AITraining,RegionE,RegionE,1884,1884,1886.7833333333333,0.0,5.0,False
792,AITraining,RegionF,RegionF,1482,1482,1483.4333333333334,0.0,5.0,False
793,RealTimeInference,RegionA,RegionA,1788,1788,1793.9,0.0,5.0,False
794,RealTimeInference,RegionA,RegionA,996,996,1000.5333333333333,0.0,5.0,False
795,BatchInference,RegionB,RegionB,1640,1640,1640.8,0.0,5.0,False
796,AITraining,RegionD,RegionD,322,322,323.3333333333333,0.0,5.0,False
797,BatchInference,RegionD,RegionD,1270,1270,1275.1166666666666,0.0,5.0,False
798,AITraining,RegionF,RegionA,1390,1390,1391.55,0.0,82.0,True
799,RealTimeInference,RegionE,RegionF,1364,1364,1369.3166666666666,0.0,18.0,True
800,RealTimeInference,RegionA,RegionA,312,312,318.4166666666667,0.0,5.0,False
801,AITraining,RegionD,RegionD,467,467,467.93333333333334,0.0,5.0,False
802,AITraining,RegionD,RegionD,2088,2088,2091.7166666666667,0.0,5.0,False
803,RealTimeInference,RegionB,RegionB,1431,1431,1431.5833333333333,0.0,5.0,False
804,BatchInference,RegionD,RegionD,604,604,604.3166666666667,0.0,5.0,False
805,RealTimeInference,RegionC,RegionC,421,421,422.35,0.0,5.0,False
806,RealTimeInference,RegionF,RegionE,1048,1048,1053.9333333333334,0.0,18.0,True
807,RealTimeInference,RegionA,RegionA,710,710,710.9833333333333,0.0,5.0,False
808,AITraining,RegionD,RegionD,626,626,627.15,0.0,5.0,False
809,AITraining,RegionD,RegionD,308,308,313.9,0.0,5.0,False
810,RealTimeInference,RegionB,RegionB,2023,2023,2025.8833333333334,0.0,5.0,False
811,BatchInference,RegionE,RegionA,2309,2309,2313.1833333333334,0.0,78.0,True
812,AITraining,RegionF,RegionF,1838,1838,1839.95,0.0,5.0,False
813,AITraining,RegionB,RegionB,2312,2312,2314.133333333333,0.0,5.0,False
814,AITraining,RegionD,RegionD,1323,1323,1328.0333333333333,0.0,5.0,False
815,AITraining,RegionD,RegionD,1294,1294,1296.8166666666666,0.0,5.0,False
816,RealTimeInference,RegionB,RegionB,1801,1801,1802.45,0.0,5.0,False
817,RealTimeInference,RegionC,RegionC,1920,1920,1924.3833333333334,0.0,5.0,False
818,BatchInference,RegionE,RegionB,1240,1240,1245.0,0.0,74.0,True
819,BatchInference,RegionF,RegionF,230,230,232.58333333333334,0.0,5.0,False
820,BatchInference,RegionA,RegionA,2078,2078,2084.383333333333,0.0,5.0,False
821,RealTimeInference,RegionA,RegionA,1271,1271,1275.1666666666667,0.0,5.0,False
822,BatchInference,RegionC,RegionC,1851,1851,1854.2833333333333,0.0,5.0,False
823,RealTimeInference,RegionB,RegionB,233,233,234.28333333333333,0.0,5.0,False
824,BatchInference,RegionD,RegionD,1175,1175,1179.95,0.0,5.0,False
825,RealTimeInference,RegionC,RegionC,369,369,373.01666666666665,0.0,5.0,False
826,AITraining,RegionA,RegionA,2076,2076,2078.883333333333,0.0,5.0,False
827,BatchInference,RegionA,RegionA,1895,1895,1897.4166666666667,0.0,5.0,False
828,AITraining,RegionD,RegionD,2270,2270,2271.3166666666666,0.0,5.0,False
829,AITraining,RegionE,RegionB,168,168,171.41666666666666,0.0,74.0,True
830,BatchInference,RegionD,RegionD,2341,2341,2346.4166666666665,0.0,5.0,False
831,AITraining,RegionF,RegionF,771,771,771.2333333333333,0.0,5.0,False
832,BatchInference,RegionF,RegionB,1948,1948,1950.8166666666666,0.0,79.0,True
833,AITraining,RegionC,RegionC,617,617,620.9833333333333,0.0,5.0,False
834,RealTimeInference,RegionA,RegionA,1845,1845,1850.15,0.0,5.0,False
835,RealTimeInference,RegionB,RegionB,1406,1406,1410.4666666666667,0.0,5.0,False
836,AITraining,RegionE,RegionE,345,345,348.73333333333335,0.0,5.0,False
837,AITraining,RegionE,RegionE,706,706,707.85,0.0,5.0,False
838,RealTimeInference,RegionC,RegionC,1014,1014,1020.05,0.0,5.0,False
839,AITraining,RegionA,RegionA,1793,1793,1795.0833333333333,0.0,5.0,False
840,BatchInference,RegionA,RegionA,2146,2146,2151.15,0.0,5.0,False
841,AITraining,RegionD,RegionD,650,650,655.7,0.0,5.0,False
842,BatchInference,RegionC,RegionC,1527,1527,1530.6166666666666,0.0,5.0,False
843,BatchInference,RegionD,RegionD,1586,1586,1588.7833333333333,0.0,5.0,False
844,BatchInference,RegionE,RegionE,1385,1385,1387.5666666666666,0.0,5.0,False
845,AITraining,RegionF,RegionA,214,214,216.41666666666666,0.0,82.0,True
846,AITraining,RegionB,RegionB,1370,1370,1372.55,0.0,5.0,False
847,RealTimeInference,RegionA,RegionA,1350,1350,1355.95,0.0,5.0,False
848,RealTimeInference,RegionB,RegionB,2285,2285,2291.15,0.0,5.0,False
849,AITraining,RegionE,RegionA,1583,1583,1585.1666666666667,0.0,78.0,True
850,BatchInference,RegionD,RegionD,1032,1032,1036.0,0.0,5.0,False
851,AITraining,RegionF,RegionF,615,615,619.6833333333333,0.0,5.0,False
852,BatchInference,RegionA,RegionA,333,333,336.9166666666667,0.0,5.0,False
853,AITraining,RegionD,RegionD,579,579,581.6666666666666,0.0,5.0,False
854,BatchInference,RegionB,RegionB,1270,1270,1271.25,0.0,5.0,False
855,AITraining,RegionD,RegionD,1605,1605,1609.45,0.0,5.0,False
856,RealTimeInference,RegionB,RegionB,347,347,352.6666666666667,0.0,5.0,False
857,BatchInference,RegionE,RegionE,2289,2289,2292.3166666666666,0.0,5.0,False
858,BatchInference,RegionF,RegionB,1345,1345,1350.3333333333333,0.0,79.0,True
859,RealTimeInference,RegionA,RegionA,2156,2156,2158.5333333333333,0.0,5.0,False
860,RealTimeInference,RegionA,RegionA,1734,1734,1735.8333333333333,0.0,5.0,False
861,AITraining,RegionD,RegionD,1482,1482,1486.1333333333334,0.0,5.0,False
862,RealTimeInference,RegionB,RegionB,1485,1485,1487.9166666666667,0.0,5.0,False
863,BatchInference,RegionD,RegionD,738,738,743.0,0.0,5.0,False
864,RealTimeInference,RegionC,RegionC,1399,1399,1401.7833333333333,0.0,5.0,False
865,BatchInference,RegionF,RegionF,786,786,787.2666666666667,0.0,5.0,False
866,RealTimeInference,RegionA,RegionA,563,563,563.3833333333333,0.0,5.0,False
867,RealTimeInference,RegionA,RegionA,316,316,318.8666666666667,0.0,5.0,False
868,BatchInference,RegionC,RegionC,414,414,416.31666666666666,0.0,5.0,False
869,AITraining,RegionE,RegionB,2210,2210,2214.4166666666665,0.0,74.0,True
870,AITraining,RegionF,RegionB,2156,2156,2160.8333333333335,0.0,79.0,True
871,RealTimeInference,RegionD,RegionD,1379,1379,1383.9666666666667,0.0,5.0,False
872,AITraining,RegionB,RegionB,536,536,540.65,0.0,5.0,False
873,AITraining,RegionD,RegionD,1543,1543,1548.75,0.0,5.0,False
874,RealTimeInference,RegionB,RegionB,664,664,670.6,0.0,5.0,False
875,RealTimeInference,RegionB,RegionB,678,678,684.65,0.0,5.0,False
876,AITraining,RegionE,RegionE,1792,1792,1794.1,0.0,5.0,False
877,RealTimeInference,RegionC,RegionC,1682,1682,1682.5666666666666,0.0,5.0,False
878,BatchInference,RegionF,RegionF,972,972,975.0333333333333,0.0,5.0,False
879,BatchInference,RegionA,RegionA,1167,1167,1169.2833333333333,0.0,5.0,False
880,AITraining,RegionD,RegionD,1838,1838,1840.5,0.0,5.0,False
881,RealTimeInference,RegionB,RegionB,2187,2187,2187.483333333333,0.0,5.0,False
882,RealTimeInference,RegionB,RegionB,1267,1267,1273.65,0.0,5.0,False
883,BatchInference,RegionD,RegionD,794,794,796.3166666666667,0.0,5.0,False
884,BatchInference,RegionF,RegionF,2336,2336,2336.233333333333,0.0,5.0,False
885,BatchInference,RegionA,RegionA,1891,1891,1895.5833333333333,0.0,5.0,False
886,BatchInference,RegionA,RegionA,1564,1564,1568.6,0.0,5.0,False
887,AITraining,RegionD,RegionD,2160,2160,2161.0833333333335,0.0,5.0,False
888,BatchInference,RegionC,RegionC,663,663,664.5333333333333,0.0,5.0,False
889,RealTimeInference,RegionC,RegionC,566,566,571.6333333333333,0.0,5.0,False
890,BatchInference,RegionE,RegionE,213,213,217.53333333333333,0.0,5.0,False
891,AITraining,RegionF,RegionB,1968,1968,1972.35,0.0,79.0,True
892,BatchInference,RegionA,RegionA,2271,2271,2275.483333333333,0.0,5.0,False
893,RealTimeInference,RegionA,RegionA,2113,2113,2117.7,0.0,5.0,False
894,RealTimeInference,RegionB,RegionB,1167,1167,1170.8333333333333,0.0,5.0,False
895,RealTimeInference,RegionB,RegionB,656,656,658.2166666666667,0.0,5.0,False
896,BatchInference,RegionD,RegionD,1840,1840,1843.1166666666666,0.0,5.0,False
897,AITraining,RegionF,RegionA,603,603,605.0833333333334,0.0,82.0,True
898,BatchInference,RegionA,RegionA,375,375,377.73333333333335,0.0,5.0,False
899,RealTimeInference,RegionA,RegionA,1847,1847,1847.3833333333334,0.0,5.0,False
900,BatchInference,RegionB,RegionB,109,109,110.58333333333333,0.0,5.0,False
901,BatchInference,RegionC,RegionC,218,218,224.58333333333334,0.0,5.0,False
902,BatchInference,RegionD,RegionD,2056,2056,2058.633333333333,0.0,5.0,False
903,BatchInference,RegionE,RegionE,965,965,970.3833333333333,0.0,5.0,False
904,BatchInference,RegionF,RegionB,334,334,335.23333333333335,0.0,79.0,True
905,BatchInference,RegionA,RegionA,919,919,923.1833333333333,0.0,5.0,False
906,RealTimeInference,RegionA,RegionA,1305,1305,1308.1666666666667,0.0,5.0,False
907,RealTimeInference,RegionB,RegionB,1373,1373,1375.8166666666666,0.0,5.0,False
908,RealTimeInference,RegionB,RegionB,563,563,566.2833333333333,0.0,5.0,False
909,RealTimeInference,RegionC,RegionC,1175,1175,1180.2833333333333,0.0,5.0,False
910,BatchInference,RegionE,RegionE,568,568,569.0166666666667,0.0,5.0,False
911,AITraining,RegionA,RegionA,1921,1921,1922.5166666666667,0.0,5.0,False
912,BatchInference,RegionA,RegionA,21,21,25.03333333333333,0.0,5.0,False
913,RealTimeInference,RegionA,RegionA,77,77,77.85,0.0,5.0,False
914,BatchInference,RegionC,RegionC,883,883,885.0333333333333,0.0,5.0,False
915,RealTimeInference,RegionB,RegionB,2247,2247,2247.4333333333334,0.0,5.0,False
916,AITraining,RegionF,RegionB,2161,2161,2163.3,0.0,79.0,True
917,BatchInference,RegionF,RegionB,455,455,455.95,0.0,79.0,True
918,BatchInference,RegionA,RegionA,973,973,977.1833333333333,0.0,5.0,False
919,BatchInference,RegionB,RegionB,499,499,503.8833333333333,0.0,5.0,False
920,RealTimeInference,RegionB,RegionB,976,976,980.55,0.0,5.0,False
921,BatchInference,RegionC,RegionC,1872,1872,1873.4666666666667,0.0,5.0,False
922,RealTimeInference,RegionC,RegionC,454,454,459.8666666666667,0.0,5.0,False
923,BatchInference,RegionE,RegionE,2195,2195,2196.3,0.0,5.0,False
924,RealTimeInference,RegionF,RegionE,2110,2110,2111.6,0.0,18.0,True
925,AITraining,RegionC,RegionC,990,990,995.7,0.0,5.0,False
926,AITraining,RegionD,RegionD,588,588,589.6,0.0,5.0,False
927,BatchInference,RegionC,RegionC,1758,1758,1759.9666666666667,0.0,5.0,False
928,RealTimeInference,RegionB,RegionB,1445,1445,1447.6833333333334,0.0,5.0,False
929,RealTimeInference,RegionC,RegionC,2337,2337,2339.616666666667,0.0,5.0,False
930,BatchInference,RegionF,RegionF,767,767,773.25,0.0,5.0,False
931,AITraining,RegionB,RegionB,350,350,353.6666666666667,0.0,5.0,False
932,AITraining,RegionD,RegionD,1477,1477,1477.6166666666666,0.0,5.0,False
933,RealTimeInference,RegionB,RegionB,2154,2154,2158.5,0.0,5.0,False
934,AITraining,RegionE,RegionE,2078,2078,2084.016666666667,0.0,5.0,False
935,AITraining,RegionE,RegionE,2269,2269,2271.45,0.0,5.0,False
936,RealTimeInference,RegionC,RegionC,1599,1599,1602.8666666666666,0.0,5.0,False
937,BatchInference,RegionF,RegionF,178,178,184.15,0.0,5.0,False
938,AITraining,RegionC,RegionC,1584,1584,1584.9666666666667,0.0,5.0,False
939,BatchInference,RegionB,RegionB,1038,1038,1043.55,0.0,5.0,False
940,AITraining,RegionD,RegionD,66,66,68.96666666666667,0.0,5.0,False
941,BatchInference,RegionD,RegionD,276,276,278.6333333333333,0.0,5.0,False
942,BatchInference,RegionD,RegionD,987,987,992.9333333333333,0.0,5.0,False
943,AITraining,RegionF,RegionA,424,424,430.3833333333333,0.0,82.0,True
944,AITraining,RegionA,RegionA,1361,1361,1363.8166666666666,0.0,5.0,False
945,RealTimeInference,RegionA,RegionA,181,181,185.95,0.0,5.0,False
946,BatchInference,RegionB,RegionB,2236,2236,2236.3166666666666,0.0,5.0,False
947,BatchInference,RegionC,RegionC,717,717,720.2,0.0,5.0,False
948,AITraining,RegionE,RegionE,1903,1903,1908.4,0.0,5.0,False
949,AITraining,RegionF,RegionF,1960,1960,1962.05,0.0,5.0,False
950,AITraining,RegionF,RegionB,746,746,749.7,0.0,79.0,True
951,RealTimeInference,RegionA,RegionA,258,258,261.05,0.0,5.0,False
952,AITraining,RegionD,RegionD,1874,1874,1876.1833333333334,0.0,5.0,False
953,RealTimeInference,RegionB,RegionB,1201,1201,1205.6166666666666,0.0,5.0,False
954,RealTimeInference,RegionB,RegionB,179,179,179.45,0.0,5.0,False
955,RealTimeInference,RegionC,RegionC,171,171,173.63333333333333,0.0,5.0,False
956,BatchInference,RegionE,RegionA,1270,1270,1276.15,0.0,78.0,True
957,AITraining,RegionA,RegionA,1631,1631,1633.6666666666667,0.0,5.0,False
958,AITraining,RegionD,RegionD,1939,1939,1942.5333333333333,0.0,5.0,False
959,BatchInference,RegionB,RegionB,149,149,149.51666666666668,0.0,5.0,False
960,AITraining,RegionD,RegionD,782,782,786.6333333333333,0.0,5.0,False
961,BatchInference,RegionD,RegionD,1462,1462,1462.6333333333334,0.0,5.0,False
962,RealTimeInference,RegionC,RegionC,1359,1359,1363.8666666666666,0.0,5.0,False
963,BatchInference,RegionF,RegionF,509,509,510.6166666666667,0.0,5.0,False
964,BatchInference,RegionA,RegionA,1789,1789,1793.7833333333333,0.0,5.0,False
965,BatchInference,RegionB,RegionB,1801,1801,1804.3,0.0,5.0,False
966,BatchInference,RegionB,RegionB,1388,1388,1388.2,0.0,5.0,False
967,RealTimeInference,RegionB,RegionB,2032,2032,2032.5333333333333,0.0,5.0,False
968,AITraining,RegionE,RegionB,2037,2037,2042.0666666666666,0.0,74.0,True
969,BatchInference,RegionE,RegionE,2126,2126,2130.8333333333335,0.0,5.0,False
970,BatchInference,RegionF,RegionB,338,338,340.4166666666667,0.0,79.0,True
971,AITraining,RegionD,RegionD,1738,1738,1739.35,0.0,5.0,False
972,RealTimeInference,RegionA,RegionA,1763,1763,1763.2,0.0,5.0,False
973,AITraining,RegionD,RegionD,739,739,740.8833333333333,0.0,5.0,False
974,AITraining,RegionE,RegionA,1203,1203,1208.4833333333333,0.0,78.0,True
975,BatchInference,RegionE,RegionE,420,420,420.31666666666666,0.0,5.0,False
976,RealTimeInference,RegionD,RegionD,1343,1343,1347.0,0.0,5.0,False
977,AITraining,RegionB,RegionB,1210,1210,1211.25,0.0,5.0,False
978,BatchInference,RegionB,RegionB,1826,1826,1826.3666666666666,0.0,5.0,False
979,AITraining,RegionD,RegionD,1745,1745,1746.5833333333333,0.0,5.0,False
980,RealTimeInference,RegionB,RegionB,1818,1818,1823.3833333333334,0.0,5.0,False
981,BatchInference,RegionD,RegionD,1831,1831,1831.3833333333334,0.0,5.0,False
982,RealTimeInference,RegionC,RegionC,1444,1444,1450.4333333333334,0.0,5.0,False
983,AITraining,RegionF,RegionF,1781,1781,1785.2,0.0,5.0,False
984,BatchInference,RegionA,RegionA,234,234,237.66666666666666,0.0,5.0,False
985,RealTimeInference,RegionA,RegionA,1663,1663,1665.35,0.0,5.0,False
986,BatchInference,RegionC,RegionC,2101,2101,2103.35,0.0,5.0,False
987,AITraining,RegionE,RegionE,655,655,655.55,0.0,5.0,False
988,RealTimeInference,RegionC,RegionC,584,584,589.0333333333333,0.0,5.0,False
989,AITraining,RegionF,RegionB,1794,1794,1799.3166666666666,0.0,79.0,True
990,RealTimeInference,RegionA,RegionA,517,517,520.5166666666667,0.0,5.0,False
991,RealTimeInference,RegionA,RegionA,966,966,970.4833333333333,0.0,5.0,False
992,AITraining,RegionD,RegionD,1500,1500,1500.4833333333333,0.0,5.0,False
993,BatchInference,RegionC,RegionC,1568,1568,1569.3333333333333,0.0,5.0,False
994,AITraining,RegionE,RegionE,132,132,132.38333333333333,0.0,5.0,False
995,AITraining,RegionF,RegionA,628,628,631.25,0.0,82.0,True
996,AITraining,RegionF,RegionB,1842,1842,1848.4166666666667,0.0,79.0,True
997,BatchInference,RegionA,RegionA,1523,1523,1524.5166666666667,0.0,5.0,False
998,BatchInference,RegionB,RegionB,314,314,317.28333333333336,0.0,5.0,False
999,AITraining,RegionD,RegionD,563,563,568.2333333333333,0.0,5.0,False
1000,AITraining,RegionE,RegionE,1503,1503,1506.6666666666667,0.0,5.0,False
1001,BatchInference,RegionD,RegionD,1287,1287,1287.65,0.0,5.0,False
1002,AITraining,RegionF,RegionF,1141,1141,1143.1,0.0,5.0,False
1003,RealTimeInference,RegionA,RegionA,464,464,464.46666666666664,0.0,5.0,False
1004,RealTimeInference,RegionA,RegionA,762,762,764.0333333333333,0.0,5.0,False
1005,BatchInference,RegionB,RegionB,2120,2120,2125.4666666666667,0.0,5.0,False
1006,BatchInference,RegionC,RegionC,2300,2300,2304.3333333333335,0.0,5.0,False
1007,RealTimeInference,RegionB,RegionB,1072,1072,1077.3666666666666,0.0,5.0,False
1008,BatchInference,RegionE,RegionA,1827,1827,1830.45,0.0,78.0,True
1009,RealTimeInference,RegionE,RegionE,1169,1169,1173.15,0.0,5.0,False
1010,AITraining,RegionB,RegionB,2011,2011,2014.45,0.0,5.0,False
1011,RealTimeInference,RegionA,RegionA,502,502,504.21666666666664,0.0,5.0,False
1012,RealTimeInference,RegionB,RegionB,303,303,304.65,0.0,5.0,False
1013,BatchInference,RegionD,RegionD,707,707,708.1666666666666,0.0,5.0,False
1014,AITraining,RegionE,RegionB,1823,1823,1827.4666666666667,0.0,74.0,True
1015,RealTimeInference,RegionC,RegionC,1309,1309,1314.7666666666667,0.0,5.0,False
1016,AITraining,RegionA,RegionA,1423,1423,1427.2333333333333,0.0,5.0,False
1017,AITraining,RegionD,RegionD,265,265,265.73333333333335,0.0,5.0,False
1018,AITraining,RegionD,RegionD,2220,2220,2221.3,0.0,5.0,False
1019,BatchInference,RegionC,RegionC,1228,1228,1228.9666666666667,0.0,5.0,False
1020,RealTimeInference,RegionB,RegionB,713,713,716.35,0.0,5.0,False
1021,BatchInference,RegionE,RegionE,2083,2083,2084.3166666666666,0.0,5.0,False
1022,RealTimeInference,RegionD,RegionD,497,497,499.25,0.0,5.0,False
1023,RealTimeInference,RegionA,RegionA,568,568,570.3,0.0,5.0,False
1024,RealTimeInference,RegionA,RegionA,2023,2023,2028.1,0.0,5.0,False
1025,RealTimeInference,RegionB,RegionB,1478,1478,1483.4166666666667,0.0,5.0,False
1026,AITraining,RegionE,RegionE,2344,2344,2345.1,0.0,5.0,False
1027,BatchInference,RegionD,RegionD,1914,1914,1914.75,0.0,5.0,False
1028,AITraining,RegionF,RegionB,531,531,537.2166666666667,0.0,79.0,True
1029,AITraining,RegionF,RegionF,353,353,358.85,0.0,5.0,False
1030,RealTimeInference,RegionA,RegionA,1266,1266,1268.8666666666666,0.0,5.0,False
1031,BatchInference,RegionB,RegionB,1960,1960,1965.75,0.0,5.0,False
1032,AITraining,RegionD,RegionD,1682,1682,1683.9166666666667,0.0,5.0,False
1033,BatchInference,RegionD,RegionD,2354,2354,2354.883333333333,0.0,5.0,False
1034,RealTimeInference,RegionC,RegionC,513,513,516.95,0.0,5.0,False
1035,BatchInference,RegionF,RegionF,303,303,308.78333333333336,0.0,5.0,False
1036,BatchInference,RegionA,RegionA,1908,1908,1908.5,0.0,5.0,False
1037,AITraining,RegionD,RegionD,2119,2119,2119.266666666667,0.0,5.0,False
1038,BatchInference,RegionB,RegionB,525,525,527.8166666666667,0.0,5.0,False
1039,AITraining,RegionE,RegionA,745,745,747.5333333333333,0.0,78.0,True
1040,RealTimeInference,RegionC,RegionC,1772,1772,1774.7166666666667,0.0,5.0,False
1041,AITraining,RegionF,RegionE,226,226,232.55,0.0,18.0,True
1042,RealTimeInference,RegionF,RegionF,2122,2122,2124.9,0.0,5.0,False
1043,RealTimeInference,RegionA,RegionA,1245,1245,1246.5166666666667,0.0,5.0,False
1044,RealTimeInference,RegionA,RegionA,663,663,664.6,0.0,5.0,False
1045,BatchInference,RegionC,RegionC,923,923,928.2333333333333,0.0,5.0,False
1046,BatchInference,RegionD,RegionD,2125,2125,2130.9,0.0,5.0,False
1047,BatchInference,RegionD,RegionD,323,323,325.8333333333333,0.0,5.0,False
1048,BatchInference,RegionF,RegionF,804,804,807.4166666666666,0.0,5.0,False
1049,AITraining,RegionA,RegionA,2256,2256,2257.5833333333335,0.0,5.0,False
1050,BatchInference,RegionA,RegionA,512,512,514.6833333333333,0.0,5.0,False
1051,AITraining,RegionD,RegionD,1240,1240,1246.05,0.0,5.0,False
1052,AITraining,RegionE,RegionB,2185,2185,2187.9666666666667,0.0,74.0,True
1053,RealTimeInference,RegionC,RegionC,2058,2058,2061.1,0.0,5.0,False
1054,AITraining,RegionF,RegionB,690,690,693.45,0.0,79.0,True
1055,AITraining,RegionF,RegionF,2378,2378,2383.65,0.0,5.0,False
1056,RealTimeInference,RegionA,RegionA,701,701,701.1833333333333,0.0,5.0,False
1057,AITraining,RegionD,RegionD,1382,1382,1383.25,0.0,5.0,False
1058,AITraining,RegionD,RegionD,168,168,170.55,0.0,5.0,False
1059,RealTimeInference,RegionB,RegionB,332,332,333.5833333333333,0.0,5.0,False
1060,RealTimeInference,RegionC,RegionC,2362,2362,2367.05,0.0,5.0,False
1061,BatchInference,RegionE,RegionB,863,863,866.35,0.0,74.0,True
1062,AITraining,RegionA,RegionA,1706,1706,1706.6833333333334,0.0,5.0,False
1063,AITraining,RegionD,RegionD,124,124,124.48333333333333,0.0,5.0,False
1064,BatchInference,RegionB,RegionB,2234,2234,2240.35,0.0,5.0,False
1065,BatchInference,RegionC,RegionC,1237,1237,1241.0166666666667,0.0,5.0,False
1066,BatchInference,RegionD,RegionD,1003,1003,1005.0833333333334,0.0,5.0,False
1067,AITraining,RegionF,RegionF,1663,1663,1669.5,0.0,5.0,False
1068,BatchInference,RegionF,RegionF,1857,1857,1858.1166666666666,0.0,5.0,False
1069,RealTimeInference,RegionA,RegionA,245,245,251.3,0.0,5.0,False
1070,RealTimeInference,RegionA,RegionA,1800,1800,1804.2833333333333,0.0,5.0,False
1071,BatchInference,RegionB,RegionB,1983,1983,1983.8833333333334,0.0,5.0,False
1072,BatchInference,RegionC,RegionC,835,835,838.9333333333333,0.0,5.0,False
1073,BatchInference,RegionD,RegionD,588,588,592.8,0.0,5.0,False
1074,BatchInference,RegionE,RegionE,1307,1307,1310.4333333333334,0.0,5.0,False
1075,AITraining,RegionA,RegionA,1414,1414,1418.6166666666666,0.0,5.0,False
1076,BatchInference,RegionA,RegionA,535,535,540.1,0.0,5.0,False
1077,BatchInference,RegionB,RegionB,2109,2109,2110.35,0.0,5.0,False
1078,AITraining,RegionD,RegionD,434,434,434.93333333333334,0.0,5.0,False
1079,BatchInference,RegionD,RegionD,990,990,994.1166666666667,0.0,5.0,False
1080,BatchInference,RegionE,RegionA,501,501,501.85,0.0,78.0,True
1081,BatchInference,RegionF,RegionB,1841,1841,1845.6166666666666,0.0,79.0,True
1082,RealTimeInference,RegionA,RegionA,577,577,582.75,0.0,5.0,False
1083,RealTimeInference,RegionA,RegionA,207,207,211.86666666666667,0.0,5.0,False
1084,BatchInference,RegionB,RegionB,1573,1573,1573.8166666666666,0.0,5.0,False
1085,AITraining,RegionE,RegionE,1712,1712,1715.8166666666666,0.0,5.0,False
1086,RealTimeInference,RegionC,RegionC,654,654,655.8333333333334,0.0,5.0,False
1087,BatchInference,RegionE,RegionE,2366,2366,2367.8333333333335,0.0,5.0,False
1088,AITraining,RegionF,RegionF,1280,1280,1286.25,0.0,5.0,False
1089,RealTimeInference,RegionA,RegionA,652,652,652.6833333333333,0.0,5.0,False
1090,BatchInference,RegionB,RegionB,2108,2108,2113.1833333333334,0.0,5.0,False
1091,BatchInference,RegionC,RegionC,2042,2042,2043.2,0.0,5.0,False
1092,BatchInference,RegionD,RegionD,2037,2037,2037.5,0.0,5.0,False
1093,RealTimeInference,RegionC,RegionC,368,368,370.85,0.0,5.0,False
1094,BatchInference,RegionF,RegionF,2070,2070,2071.85,0.0,5.0,False
1095,BatchInference,RegionA,RegionA,986,986,988.3333333333334,0.0,5.0,False
1096,RealTimeInference,RegionA,RegionA,2389,2389,2393.8333333333335,0.0,5.0,False
1097,BatchInference,RegionB,RegionB,199,199,201.71666666666667,0.0,5.0,False
1098,RealTimeInference,RegionB,RegionB,1152,1152,1155.9333333333334,0.0,5.0,False
1099,BatchInference,RegionD,RegionD,1927,1927,1929.3833333333334,0.0,5.0,False
1100,BatchInference,RegionE,RegionE,2198,2198,2204.4333333333334,0.0,5.0,False
1101,RealTimeInference,RegionF,RegionF,440,440,446.21666666666664,0.0,5.0,False
1102,BatchInference,RegionA,RegionA,548,548,551.7,0.0,5.0,False
1103,BatchInference,RegionB,RegionB,1498,1498,1500.3333333333333,0.0,5.0,False
1104,BatchInference,RegionC,RegionC,1498,1498,1502.9166666666667,0.0,5.0,False
1105,RealTimeInference,RegionB,RegionB,1640,1640,1642.75,0.0,5.0,False
1106,RealTimeInference,RegionC,RegionC,2335,2335,2337.866666666667,0.0,5.0,False
1107,AITraining,RegionF,RegionA,797,797,797.8333333333334,0.0,82.0,True
1108,BatchInference,RegionA,RegionA,2266,2266,2271.7833333333333,0.0,5.0,False
1109,BatchInference,RegionA,RegionA,301,301,305.8,0.0,5.0,False
1110,BatchInference,RegionB,RegionB,2065,2065,2067.65,0.0,5.0,False
1111,BatchInference,RegionC,RegionC,2252,2252,2253.95,0.0,5.0,False
1112,BatchInference,RegionD,RegionD,486,486,490.6666666666667,0.0,5.0,False
1113,RealTimeInference,RegionC,RegionC,396,396,400.96666666666664,0.0,5.0,False
1114,BatchInference,RegionF,RegionC,1528,1528,1532.6833333333334,0.0,76.0,True
1115,BatchInference,RegionA,RegionA,2284,2284,2288.2833333333333,0.0,5.0,False
1116,BatchInference,RegionB,RegionB,590,590,593.5,0.0,5.0,False
1117,RealTimeInference,RegionB,RegionB,2085,2085,2089.266666666667,0.0,5.0,False
1118,BatchInference,RegionD,RegionD,2048,2048,2053.2,0.0,5.0,False
1119,RealTimeInference,RegionC,RegionC,185,185,188.33333333333334,0.0,5.0,False
1120,RealTimeInference,RegionC,RegionC,561,561,563.1,0.0,5.0,False
1121,AITraining,RegionA,RegionA,1364,1364,1366.5166666666667,0.0,5.0,False
1122,BatchInference,RegionA,RegionA,2127,2127,2127.8,0.0,5.0,False
1123,BatchInference,RegionB,RegionB,610,610,614.35,0.0,5.0,False
1124,AITraining,RegionD,RegionD,2111,2111,2113.0666666666666,0.0,5.0,False
1125,RealTimeInference,RegionB,RegionB,1343,1343,1347.3333333333333,0.0,5.0,False
1126,AITraining,RegionF,RegionF,1304,1304,1305.6666666666667,0.0,5.0,False
1127,RealTimeInference,RegionE,RegionE,1609,1609,1609.7833333333333,0.0,5.0,False
1128,AITraining,RegionB,RegionB,1225,1225,1230.6166666666666,0.0,5.0,False
1129,AITraining,RegionD,RegionD,1377,1377,1379.6,0.0,5.0,False
1130,AITraining,RegionD,RegionD,2087,2087,2092.7166666666667,0.0,5.0,False
1131,AITraining,RegionE,RegionE,2006,2006,2010.8333333333333,0.0,5.0,False
1132,AITraining,RegionE,RegionB,2305,2305,2307.7166666666667,0.0,74.0,True
1133,BatchInference,RegionE,RegionE,1945,1945,1947.65,0.0,5.0,False
1134,RealTimeInference,RegionA,RegionA,1508,1508,1509.9833333333333,0.0,5.0,False
1135,BatchInference,RegionA,RegionA,448,448,452.73333333333335,0.0,5.0,False
1136,BatchInference,RegionB,RegionB,2390,2390,2393.0333333333333,0.0,5.0,False
1137,BatchInference,RegionC,RegionC,109,109,110.2,0.0,5.0,False
1138,AITraining,RegionE,RegionE,1943,1943,1945.2166666666667,0.0,5.0,False
1139,BatchInference,RegionE,RegionE,2369,2369,2371.15,0.0,5.0,False
1140,AITraining,RegionF,RegionA,932,932,937.4333333333333,0.0,82.0,True
1141,AITraining,RegionB,RegionB,210,210,214.91666666666666,0.0,5.0,False
1142,AITraining,RegionD,RegionD,1967,1967,1969.8333333333333,0.0,5.0,False
1143,RealTimeInference,RegionB,RegionB,2147,2147,2149.516666666667,0.0,5.0,False
1144,AITraining,RegionE,RegionB,1557,1557,1560.9333333333334,0.0,74.0,True
1145,RealTimeInference,RegionC,RegionC,992,992,997.7166666666667,0.0,5.0,False
1146,RealTimeInference,RegionC,RegionC,2345,2345,2348.4166666666665,0.0,5.0,False
1147,AITraining,RegionF,RegionA,450,450,454.55,0.0,82.0,True
1148,RealTimeInference,RegionA,RegionA,77,77,79.15,0.0,5.0,False
1149,BatchInference,RegionB,RegionB,1284,1284,1285.1833333333334,0.0,5.0,False
1150,BatchInference,RegionC,RegionC,620,620,622.7833333333333,0.0,5.0,False
1151,BatchInference,RegionD,RegionD,835,835,839.6,0.0,5.0,False
1152,BatchInference,RegionD,RegionD,2055,2055,2059.4,0.0,5.0,False
1153,AITraining,RegionF,RegionF,1931,1931,1936.2166666666667,0.0,5.0,False
1154,AITraining,RegionB,RegionB,255,255,258.01666666666665,0.0,5.0,False
1155,AITraining,RegionD,RegionD,565,565,568.5,0.0,5.0,False
1156,AITraining,RegionD,RegionD,849,849,854.55,0.0,5.0,False
1157,AITraining,RegionE,RegionE,1331,1331,1334.75,0.0,5.0,False
1158,AITraining,RegionE,RegionE,1959,1959,1959.2833333333333,0.0,5.0,False
1159,AITraining,RegionF,RegionF,1543,1543,1548.6833333333334,0.0,5.0,False
1160,BatchInference,RegionF,RegionF,709,709,709.9333333333333,0.0,5.0,False
1161,BatchInference,RegionA,RegionA,2183,2183,2185.6,0.0,5.0,False
1162,BatchInference,RegionB,RegionB,2237,2237,2241.016666666667,0.0,5.0,False
1163,BatchInference,RegionC,RegionC,1082,1082,1086.75,0.0,5.0,False
1164,AITraining,RegionE,RegionE,1983,1983,1985.35,0.0,5.0,False
1165,RealTimeInference,RegionC,RegionC,1009,1009,1014.95,0.0,5.0,False
1166,BatchInference,RegionF,RegionB,2285,2285,2286.4166666666665,0.0,79.0,True
1167,BatchInference,RegionA,RegionA,921,921,926.85,0.0,5.0,False
1168,BatchInference,RegionA,RegionA,1183,1183,1185.85,0.0,5.0,False
1169,AITraining,RegionD,RegionD,849,849,855.1666666666666,0.0,5.0,False
1170,AITraining,RegionD,RegionD,2002,2002,2006.5166666666667,0.0,5.0,False
1171,BatchInference,RegionD,RegionD,1965,1965,1966.1666666666667,0.0,5.0,False
1172,BatchInference,RegionE,RegionE,2295,2295,2298.7833333333333,0.0,5.0,False
1173,AITraining,RegionF,RegionB,1120,1120,1126.4833333333333,0.0,79.0,True
1174,BatchInference,RegionA,RegionA,499,499,500.7,0.0,5.0,False
1175,AITraining,RegionD,RegionD,2224,2224,2230.0666666666666,0.0,5.0,False
1176,BatchInference,RegionC,RegionC,1616,1616,1621.0,0.0,5.0,False
1177,BatchInference,RegionD,RegionD,599,599,604.8166666666667,0.0,5.0,False
1178,BatchInference,RegionD,RegionD,172,172,175.3,0.0,5.0,False
1179,BatchInference,RegionE,RegionE,323,323,328.18333333333334,0.0,5.0,False
1180,BatchInference,RegionA,RegionA,1811,1811,1813.4166666666667,0.0,5.0,False
1181,AITraining,RegionD,RegionD,1050,1050,1056.4833333333333,0.0,5.0,False
1182,AITraining,RegionD,RegionD,1962,1962,1967.0666666666666,0.0,5.0,False
1183,RealTimeInference,RegionB,RegionB,827,827,830.35,0.0,5.0,False
1184,AITraining,RegionE,RegionE,1110,1110,1115.3166666666666,0.0,5.0,False
1185,AITraining,RegionF,RegionF,1112,1112,1117.8833333333334,0.0,5.0,False
1186,RealTimeInference,RegionD,RegionD,447,447,447.8333333333333,0.0,5.0,False
1187,AITraining,RegionB,RegionB,980,980,984.7666666666667,0.0,5.0,False
1188,RealTimeInference,RegionA,RegionA,207,207,210.2,0.0,5.0,False
1189,AITraining,RegionD,RegionD,2175,2175,2178.35,0.0,5.0,False
1190,RealTimeInference,RegionB,RegionB,953,953,958.7,0.0,5.0,False
1191,RealTimeInference,RegionC,RegionC,410,410,410.9,0.0,5.0,False
1192,BatchInference,RegionE,RegionE,1352,1352,1353.95,0.0,5.0,False
1193,AITraining,RegionF,RegionF,1934,1934,1935.35,0.0,5.0,False
1194,RealTimeInference,RegionA,RegionA,563,563,567.15,0.0,5.0,False
1195,RealTimeInference,RegionA,RegionA,2254,2254,2255.65,0.0,5.0,False
1196,RealTimeInference,RegionB,RegionB,1666,1666,1666.2833333333333,0.0,5.0,False
1197,AITraining,RegionE,RegionE,1948,1948,1951.05,0.0,5.0,False
1198,BatchInference,RegionE,RegionB,816,816,819.7333333333333,0.0,74.0,True
1199,BatchInference,RegionF,RegionB,1315,1315,1320.8166666666666,0.0,79.0,True
1200,BatchInference,RegionA,RegionA,242,242,247.55,0.0,5.0,False
1201,RealTimeInference,RegionA,RegionA,2351,2351,2353.266666666667,0.0,5.0,False
1202,RealTimeInference,RegionB,RegionB,2191,2191,2193.6,0.0,5.0,False
1203,AITraining,RegionE,RegionE,152,152,153.55,0.0,5.0,False
1204,RealTimeInference,RegionC,RegionC,1711,1711,1717.45,0.0,5.0,False
1205,RealTimeInference,RegionC,RegionC,148,148,148.83333333333334,0.0,5.0,False
1206,BatchInference,RegionF,RegionF,2029,2029,2033.9,0.0,5.0,False
1207,RealTimeInference,RegionA,RegionA,1185,1185,1190.2666666666667,0.0,5.0,False
1208,RealTimeInference,RegionA,RegionA,37,37,41.583333333333336,0.0,5.0,False
1209,BatchInference,RegionC,RegionC,2326,2326,2327.0,0.0,5.0,False
1210,AITraining,RegionE,RegionE,439,439,443.46666666666664,0.0,5.0,False
1211,BatchInference,RegionD,RegionD,1165,1165,1167.7333333333333,0.0,5.0,False
1212,BatchInference,RegionF,RegionF,2225,2225,2227.9166666666665,0.0,5.0,False
1213,AITraining,RegionA,RegionA,2023,2023,2028.9833333333333,0.0,5.0,False
1214,RealTimeInference,RegionA,RegionA,2065,2065,2069.616666666667,0.0,5.0,False
1215,BatchInference,RegionB,RegionB,1117,1117,1122.5,0.0,5.0,False
1216,RealTimeInference,RegionB,RegionB,461,461,467.1,0.0,5.0,False
1217,BatchInference,RegionD,RegionD,665,665,668.8666666666667,0.0,5.0,False
1218,AITraining,RegionF,RegionF,1879,1879,1884.05,0.0,5.0,False
1219,AITraining,RegionF,RegionB,1053,1053,1054.9333333333334,0.0,79.0,True
1220,AITraining,RegionC,RegionC,762,762,763.8,0.0,5.0,False
1221,RealTimeInference,RegionA,RegionA,1380,1380,1382.1833333333334,0.0,5.0,False
1222,BatchInference,RegionC,RegionC,2325,2325,2329.95,0.0,5.0,False
1223,AITraining,RegionE,RegionA,791,791,793.75,0.0,78.0,True
1224,RealTimeInference,RegionC,RegionC,1660,1660,1660.8333333333333,0.0,5.0,False
1225,BatchInference,RegionE,RegionA,2110,2110,2110.95,0.0,78.0,True
1226,BatchInference,RegionA,RegionA,355,355,357.93333333333334,0.0,5.0,False
1227,BatchInference,RegionA,RegionA,390,390,392.75,0.0,5.0,False
1228,RealTimeInference,RegionA,RegionA,575,575,578.4166666666666,0.0,5.0,False
1229,BatchInference,RegionC,RegionC,1325,1325,1330.5,0.0,5.0,False
1230,RealTimeInference,RegionB,RegionB,27,27,29.616666666666667,0.0,5.0,False
1231,BatchInference,RegionE,RegionE,1571,1571,1574.5166666666667,0.0,5.0,False
1232,RealTimeInference,RegionE,RegionF,1829,1829,1831.25,0.0,18.0,True
1233,BatchInference,RegionA,RegionA,1350,1350,1356.3,0.0,5.0,False
1234,BatchInference,RegionB,RegionB,2385,2385,2390.5666666666666,0.0,5.0,False
1235,AITraining,RegionD,RegionD,2346,2346,2349.0833333333335,0.0,5.0,False
1236,RealTimeInference,RegionB,RegionB,1071,1071,1074.55,0.0,5.0,False
1237,AITraining,RegionE,RegionE,1472,1472,1472.6666666666667,0.0,5.0,False
1238,AITraining,RegionF,RegionF,967,967,973.2333333333333,0.0,5.0,False
1239,RealTimeInference,RegionA,RegionA,484,484,490.4166666666667,0.0,5.0,False
1240,BatchInference,RegionA,RegionA,1256,1256,1256.9,0.0,5.0,False
1241,RealTimeInference,RegionA,RegionA,1660,1660,1662.7333333333333,0.0,5.0,False
1242,AITraining,RegionD,RegionD,2058,2058,2064.2,0.0,5.0,False
1243,AITraining,RegionE,RegionB,1273,1273,1274.0,0.0,74.0,True
1244,AITraining,RegionF,RegionB,480,480,485.4,0.0,79.0,True
1245,AITraining,RegionF,RegionF,1208,1208,1208.65,0.0,5.0,False
1246,BatchInference,RegionA,RegionA,904,904,906.2333333333333,0.0,5.0,False
1247,RealTimeInference,RegionA,RegionA,547,547,549.2166666666667,0.0,5.0,False
1248,BatchInference,RegionB,RegionB,627,627,628.6,0.0,5.0,False
1249,BatchInference,RegionC,RegionC,1530,1530,1534.7166666666667,0.0,5.0,False
1250,BatchInference,RegionD,RegionD,2249,2249,2253.9,0.0,5.0,False
1251,BatchInference,RegionE,RegionE,2201,2201,2203.25,0.0,5.0,False
1252,AITraining,RegionF,RegionF,894,894,897.8833333333333,0.0,5.0,False
1253,RealTimeInference,RegionA,RegionA,335,335,336.3,0.0,5.0,False
1254,AITraining,RegionD,RegionD,1829,1829,1831.85,0.0,5.0,False
1255,AITraining,RegionD,RegionD,1481,1481,1487.4666666666667,0.0,5.0,False
1256,RealTimeInference,RegionB,RegionB,2310,2310,2316.6,0.0,5.0,False
1257,RealTimeInference,RegionC,RegionC,252,252,253.96666666666667,0.0,5.0,False
1258,AITraining,RegionF,RegionF,2070,2070,2075.8333333333335,0.0,5.0,False
1259,RealTimeInference,RegionA,RegionA,2345,2345,2350.15,0.0,5.0,False
1260,AITraining,RegionD,RegionD,613,613,618.55,0.0,5.0,False
1261,RealTimeInference,RegionB,RegionB,1343,1343,1344.6833333333334,0.0,5.0,False
1262,AITraining,RegionE,RegionE,1809,1809,1811.2333333333333,0.0,5.0,False
1263,RealTimeInference,RegionC,RegionC,841,841,843.0,0.0,5.0,False
1264,AITraining,RegionF,RegionF,2388,2388,2392.7,0.0,5.0,False
1265,BatchInference,RegionF,RegionF,372,372,377.78333333333336,0.0,5.0,False
1266,AITraining,RegionC,RegionC,1824,1824,1828.3,0.0,5.0,False
1267,RealTimeInference,RegionA,RegionA,1857,1857,1859.9,0.0,5.0,False
1268,RealTimeInference,RegionB,RegionB,2102,2102,2102.2833333333333,0.0,5.0,False
1269,BatchInference,RegionD,RegionD,1871,1871,1872.8333333333333,0.0,5.0,False
1270,AITraining,RegionE,RegionB,236,236,238.6,0.0,74.0,True
1271,AITraining,RegionF,RegionB,1893,1893,1895.1,0.0,79.0,True
1272,AITraining,RegionA,RegionA,1262,1262,1267.3166666666666,0.0,5.0,False
1273,AITraining,RegionD,RegionD,89,89,91.48333333333333,0.0,5.0,False
1274,BatchInference,RegionB,RegionB,1042,1042,1042.2333333333333,0.0,5.0,False
1275,RealTimeInference,RegionB,RegionB,892,892,892.4833333333333,0.0,5.0,False
1276,AITraining,RegionE,RegionE,299,299,299.35,0.0,5.0,False
1277,RealTimeInference,RegionC,RegionC,1735,1735,1741.3333333333333,0.0,5.0,False
1278,BatchInference,RegionF,RegionB,261,261,266.21666666666664,0.0,79.0,True
1279,AITraining,RegionC,RegionC,246,246,251.28333333333333,0.0,5.0,False
1280,RealTimeInference,RegionA,RegionA,1933,1933,1937.3166666666666,0.0,5.0,False
1281,RealTimeInference,RegionB,RegionB,1175,1175,1178.75,0.0,5.0,False
1282,BatchInference,RegionD,RegionD,737,737,740.5333333333333,0.0,5.0,False
1283,RealTimeInference,RegionC,RegionC,1721,1721,1724.1333333333334,0.0,5.0,False
1284,BatchInference,RegionE,RegionE,1566,1566,1567.5166666666667,0.0,5.0,False
1285,BatchInference,RegionA,RegionA,1546,1546,1550.1333333333334,0.0,5.0,False
1286,BatchInference,RegionA,RegionA,328,328,334.23333333333335,0.0,5.0,False
1287,AITraining,RegionD,RegionD,2208,2208,2213.633333333333,0.0,5.0,False
1288,RealTimeInference,RegionB,RegionB,1424,1424,1429.7666666666667,0.0,5.0,False
1289,RealTimeInference,RegionB,RegionB,731,731,733.6,0.0,5.0,False
1290,AITraining,RegionF,RegionB,1609,1609,1614.5666666666666,0.0,79.0,True
1291,AITraining,RegionF,RegionB,521,521,524.3,0.0,79.0,True
1292,AITraining,RegionB,RegionB,912,912,914.05,0.0,5.0,False
1293,RealTimeInference,RegionA,RegionA,93,93,96.0,0.0,5.0,False
1294,BatchInference,RegionB,RegionB,1896,1896,1901.1166666666666,0.0,5.0,False
1295,AITraining,RegionE,RegionB,2230,2230,2234.766666666667,0.0,74.0,True
1296,BatchInference,RegionD,RegionD,2178,2178,2181.383333333333,0.0,5.0,False
1297,BatchInference,RegionE,RegionB,940,940,940.7333333333333,0.0,74.0,True
1298,RealTimeInference,RegionA,RegionA,1886,1886,1889.85,0.0,5.0,False
1299,BatchInference,RegionA,RegionA,635,635,635.4666666666667,0.0,5.0,False
1300,BatchInference,RegionB,RegionB,772,772,776.85,0.0,5.0,False
1301,AITraining,RegionD,RegionD,462,462,462.65,0.0,5.0,False
1302,RealTimeInference,RegionB,RegionB,1717,1717,1718.2333333333333,0.0,5.0,False
1303,AITraining,RegionF,RegionF,64,64,64.76666666666667,0.0,5.0,False
1304,RealTimeInference,RegionD,RegionD,844,844,844.7666666666667,0.0,5.0,False
1305,RealTimeInference,RegionA,RegionA,413,413,419.6333333333333,0.0,5.0,False
1306,AITraining,RegionD,RegionD,137,137,139.26666666666668,0.0,5.0,False
1307,BatchInference,RegionB,RegionB,199,199,199.73333333333332,0.0,5.0,False
1308,RealTimeInference,RegionB,RegionB,181,181,182.88333333333333,0.0,5.0,False
1309,BatchInference,RegionD,RegionD,1797,1797,1803.55,0.0,5.0,False
1310,RealTimeInference,RegionC,RegionC,2210,2210,2216.116666666667,0.0,5.0,False
1311,RealTimeInference,RegionF,RegionF,231,231,235.46666666666667,0.0,5.0,False
1312,RealTimeInference,RegionA,RegionA,2063,2063,2066.0333333333333,0.0,5.0,False
1313,BatchInference,RegionB,RegionB,959,959,960.1666666666666,0.0,5.0,False
1314,AITraining,RegionD,RegionD,2359,2359,2365.116666666667,0.0,5.0,False
1315,BatchInference,RegionD,RegionD,2365,2365,2367.5666666666666,0.0,5.0,False
1316,AITraining,RegionE,RegionE,1313,1313,1313.3666666666666,0.0,5.0,False
1317,RealTimeInference,RegionD,RegionD,1236,1236,1240.9833333333333,0.0,5.0,False
1318,RealTimeInference,RegionA,RegionA,2135,2135,2138.733333333333,0.0,5.0,False
1319,RealTimeInference,RegionA,RegionA,1693,1693,1693.6,0.0,5.0,False
1320,BatchInference,RegionB,RegionB,1127,1127,1132.0666666666666,0.0,5.0,False
1321,RealTimeInference,RegionB,RegionB,2280,2280,2284.0333333333333,0.0,5.0,False
1322,AITraining,RegionE,RegionE,717,717,721.6333333333333,0.0,5.0,False
1323,AITraining,RegionF,RegionB,1749,1749,1753.7333333333333,0.0,79.0,True
1324,AITraining,RegionF,RegionF,2030,2030,2033.7166666666667,0.0,5.0,False
1325,RealTimeInference,RegionA,RegionA,1410,1410,1413.2,0.0,5.0,False
1326,AITraining,RegionD,RegionD,1561,1561,1562.3833333333334,0.0,5.0,False
1327,AITraining,RegionD,RegionD,1305,1305,1306.05,0.0,5.0,False
1328,AITraining,RegionE,RegionB,1705,1705,1707.8166666666666,0.0,74.0,True
1329,BatchInference,RegionD,RegionD,611,611,614.1166666666667,0.0,5.0,False
1330,BatchInference,RegionF,RegionC,1541,1541,1546.7333333333333,0.0,76.0,True
1331,RealTimeInference,RegionA,RegionA,2203,2203,2206.3333333333335,0.0,5.0,False
1332,BatchInference,RegionA,RegionA,987,987,988.1333333333333,0.0,5.0,False
1333,RealTimeInference,RegionA,RegionA,1231,1231,1231.35,0.0,5.0,False
1334,AITraining,RegionD,RegionD,591,591,595.9833333333333,0.0,5.0,False
1335,BatchInference,RegionD,RegionD,236,236,242.05,0.0,5.0,False
1336,AITraining,RegionF,RegionF,1690,1690,1690.9666666666667,0.0,5.0,False
1337,BatchInference,RegionF,RegionC,2282,2282,2286.1666666666665,0.0,76.0,True
1338,AITraining,RegionC,RegionC,549,549,550.75,0.0,5.0,False
1339,BatchInference,RegionB,RegionB,994,994,999.8666666666667,0.0,5.0,False
1340,BatchInference,RegionC,RegionC,832,832,838.65,0.0,5.0,False
1341,BatchInference,RegionD,RegionD,323,323,329.43333333333334,0.0,5.0,False
1342,BatchInference,RegionD,RegionD,1519,1519,1520.2333333333333,0.0,5.0,False
1343,RealTimeInference,RegionC,RegionC,2193,2193,2195.4333333333334,0.0,5.0,False
1344,AITraining,RegionA,RegionA,780,780,781.8166666666667,0.0,5.0,False
1345,RealTimeInference,RegionA,RegionA,1099,1099,1104.2666666666667,0.0,5.0,False
1346,BatchInference,RegionB,RegionB,161,161,164.1,0.0,5.0,False
1347,RealTimeInference,RegionB,RegionB,770,770,773.1333333333333,0.0,5.0,False
1348,AITraining,RegionE,RegionE,2289,2289,2292.25,0.0,5.0,False
1349,RealTimeInference,RegionC,RegionC,1963,1963,1968.4166666666667,0.0,5.0,False
1350,RealTimeInference,RegionE,RegionF,1363,1363,1365.15,0.0,18.0,True
1351,BatchInference,RegionA,RegionA,62,62,62.53333333333333,0.0,5.0,False
1352,RealTimeInference,RegionA,RegionA,778,778,782.0666666666667,0.0,5.0,False
1353,AITraining,RegionD,RegionD,480,480,480.55,0.0,5.0,False
1354,AITraining,RegionE,RegionA,1961,1961,1965.7,0.0,78.0,True
1355,RealTimeInference,RegionC,RegionC,837,837,841.8333333333334,0.0,5.0,False
1356,BatchInference,RegionE,RegionA,980,980,985.8166666666667,0.0,78.0,True
1357,AITraining,RegionF,RegionA,1317,1317,1319.4833333333333,0.0,82.0,True
1358,BatchInference,RegionA,RegionA,1559,1559,1560.8333333333333,0.0,5.0,False
1359,BatchInference,RegionB,RegionB,2185,2185,2185.616666666667,0.0,5.0,False
1360,AITraining,RegionD,RegionD,1471,1471,1476.2,0.0,5.0,False
1361,BatchInference,RegionD,RegionD,1071,1071,1075.4166666666667,0.0,5.0,False
1362,BatchInference,RegionE,RegionE,2100,2100,2104.0833333333335,0.0,5.0,False
1363,BatchInference,RegionF,RegionF,1908,1908,1908.3666666666666,0.0,5.0,False
1364,RealTimeInference,RegionA,RegionA,1923,1923,1924.8166666666666,0.0,5.0,False
1365,BatchInference,RegionB,RegionB,832,832,834.4333333333333,0.0,5.0,False
1366,BatchInference,RegionB,RegionB,1281,1281,1286.3166666666666,0.0,5.0,False
1367,BatchInference,RegionC,RegionC,187,187,188.96666666666667,0.0,5.0,False
1368,AITraining,RegionE,RegionA,906,906,910.1,0.0,78.0,True
1369,AITraining,RegionF,RegionB,597,597,600.75,0.0,79.0,True
1370,RealTimeInference,RegionF,RegionF,1068,1068,1072.7166666666667,0.0,5.0,False
1371,AITraining,RegionC,RegionC,2392,2392,2397.5833333333335,0.0,5.0,False
1372,AITraining,RegionD,RegionD,1710,1710,1712.6333333333334,0.0,5.0,False
1373,BatchInference,RegionC,RegionC,624,624,625.2333333333333,0.0,5.0,False
1374,RealTimeInference,RegionB,RegionB,1351,1351,1355.35,0.0,5.0,False
1375,RealTimeInference,RegionC,RegionC,1555,1555,1560.3666666666666,0.0,5.0,False
1376,AITraining,RegionF,RegionA,1006,1006,1007.05,0.0,82.0,True
1377,BatchInference,RegionA,RegionA,2255,2255,2255.883333333333,0.0,5.0,False
1378,AITraining,RegionD,RegionD,1382,1382,1383.3833333333334,0.0,5.0,False
1379,BatchInference,RegionB,RegionB,2001,2001,2003.9,0.0,5.0,False
1380,AITraining,RegionE,RegionA,2009,2009,2013.45,0.0,78.0,True
1381,BatchInference,RegionD,RegionD,689,689,691.45,0.0,5.0,False
1382,AITraining,RegionF,RegionB,1442,1442,1444.0,0.0,79.0,True
1383,RealTimeInference,RegionE,RegionE,573,573,577.6166666666667,0.0,5.0,False
1384,AITraining,RegionC,RegionC,2238,2238,2238.55,0.0,5.0,False
1385,BatchInference,RegionB,RegionB,753,753,756.95,0.0,5.0,False
1386,AITraining,RegionD,RegionD,240,240,245.5,0.0,5.0,False
1387,AITraining,RegionE,RegionA,138,138,140.75,0.0,78.0,True
1388,RealTimeInference,RegionC,RegionC,198,198,199.88333333333333,0.0,5.0,False
1389,RealTimeInference,RegionC,RegionC,1689,1689,1693.8666666666666,0.0,5.0,False
1390,RealTimeInference,RegionA,RegionA,947,947,949.9833333333333,0.0,5.0,False
1391,RealTimeInference,RegionA,RegionA,618,618,621.85,0.0,5.0,False
1392,RealTimeInference,RegionA,RegionA,895,895,897.3833333333333,0.0,5.0,False
1393,AITraining,RegionD,RegionD,1867,1867,1870.8833333333334,0.0,5.0,False
1394,BatchInference,RegionD,RegionD,247,247,247.26666666666668,0.0,5.0,False
1395,AITraining,RegionF,RegionF,1979,1979,1979.35,0.0,5.0,False
1396,AITraining,RegionF,RegionA,1998,1998,1998.8666666666666,0.0,82.0,True
1397,RealTimeInference,RegionA,RegionA,27,27,29.4,0.0,5.0,False
1398,AITraining,RegionD,RegionD,2259,2259,2261.8166666666666,0.0,5.0,False
1399,BatchInference,RegionC,RegionC,48,48,51.9,0.0,5.0,False
1400,RealTimeInference,RegionB,RegionB,2168,2168,2168.9,0.0,5.0,False
1401,AITraining,RegionE,RegionA,1125,1125,1127.35,0.0,78.0,True
1402,AITraining,RegionF,RegionA,1174,1174,1176.7666666666667,0.0,82.0,True
1403,RealTimeInference,RegionA,RegionA,2057,2057,2060.5666666666666,0.0,5.0,False
1404,AITraining,RegionD,RegionD,1763,1763,1766.7833333333333,0.0,5.0,False
1405,RealTimeInference,RegionA,RegionA,438,438,439.8833333333333,0.0,5.0,False
1406,RealTimeInference,RegionB,RegionB,2147,2147,2152.35,0.0,5.0,False
1407,RealTimeInference,RegionB,RegionB,987,987,992.6666666666666,0.0,5.0,False
1408,RealTimeInference,RegionC,RegionC,2156,2156,2156.616666666667,0.0,5.0,False
1409,BatchInference,RegionF,RegionF,1451,1451,1452.1333333333334,0.0,5.0,False
1410,BatchInference,RegionA,RegionA,1625,1625,1631.1833333333334,0.0,5.0,False
1411,RealTimeInference,RegionA,RegionA,1528,1528,1528.5666666666666,0.0,5.0,False
1412,BatchInference,RegionB,RegionB,1880,1880,1885.8,0.0,5.0,False
1413,AITraining,RegionE,RegionE,996,996,999.1666666666666,0.0,5.0,False
1414,AITraining,RegionE,RegionE,925,925,926.2833333333333,0.0,5.0,False
1415,BatchInference,RegionE,RegionB,330,330,335.5,0.0,74.0,True
1416,AITraining,RegionF,RegionF,129,129,132.75,0.0,5.0,False
1417,RealTimeInference,RegionA,RegionA,1660,1660,1661.1,0.0,5.0,False
1418,BatchInference,RegionB,RegionB,1544,1544,1547.05,0.0,5.0,False
1419,AITraining,RegionD,RegionD,1949,1949,1955.3166666666666,0.0,5.0,False
1420,RealTimeInference,RegionB,RegionB,38,38,43.28333333333333,0.0,5.0,False
1421,AITraining,RegionF,RegionF,701,701,702.05,0.0,5.0,False
1422,RealTimeInference,RegionD,RegionD,2047,2047,2050.9166666666665,0.0,5.0,False
1423,BatchInference,RegionA,RegionA,1356,1356,1357.1666666666667,0.0,5.0,False
1424,AITraining,RegionD,RegionD,390,390,396.65,0.0,5.0,False
1425,AITraining,RegionD,RegionD,174,174,175.58333333333334,0.0,5.0,False
1426,RealTimeInference,RegionB,RegionB,865,865,866.45,0.0,5.0,False
1427,AITraining,RegionE,RegionA,2321,2321,2324.866666666667,0.0,78.0,True
1428,BatchInference,RegionE,RegionE,1110,1110,1110.25,0.0,5.0,False
1429,RealTimeInference,RegionF,RegionF,304,304,308.06666666666666,0.0,5.0,False
1430,AITraining,RegionC,RegionC,1148,1148,1151.6333333333334,0.0,5.0,False
1431,AITraining,RegionD,RegionD,2308,2308,2313.7,0.0,5.0,False
1432,AITraining,RegionD,RegionD,134,134,140.0,0.0,5.0,False
1433,RealTimeInference,RegionB,RegionB,1288,1288,1290.9666666666667,0.0,5.0,False
1434,RealTimeInference,RegionC,RegionC,848,848,851.2166666666667,0.0,5.0,False
1435,AITraining,RegionF,RegionF,590,590,595.6833333333333,0.0,5.0,False
1436,AITraining,RegionA,RegionA,1631,1631,1632.6333333333334,0.0,5.0,False
1437,RealTimeInference,RegionA,RegionA,1225,1225,1230.3333333333333,0.0,5.0,False
1438,RealTimeInference,RegionA,RegionA,2309,2309,2311.7166666666667,0.0,5.0,False
1439,RealTimeInference,RegionB,RegionB,2321,2321,2322.95,0.0,5.0,False
1440,BatchInference,RegionD,RegionD,2214,2214,2215.133333333333,0.0,5.0,False
1441,BatchInference,RegionE,RegionE,1572,1572,1573.9333333333334,0.0,5.0,False
1442,AITraining,RegionF,RegionA,573,573,578.75,0.0,82.0,True
1443,AITraining,RegionC,RegionC,321,321,325.26666666666665,0.0,5.0,False
1444,AITraining,RegionD,RegionD,1416,1416,1422.1833333333334,0.0,5.0,False
1445,RealTimeInference,RegionB,RegionB,400,400,400.8,0.0,5.0,False
1446,BatchInference,RegionD,RegionD,950,950,951.55,0.0,5.0,False
1447,RealTimeInference,RegionC,RegionC,1395,1395,1396.7,0.0,5.0,False
1448,AITraining,RegionF,RegionF,1624,1624,1626.4333333333334,0.0,5.0,False
1449,BatchInference,RegionA,RegionA,121,121,121.75,0.0,5.0,False
1450,AITraining,RegionD,RegionD,1119,1119,1121.75,0.0,5.0,False
1451,BatchInference,RegionB,RegionB,2009,2009,2012.0,0.0,5.0,False
1452,RealTimeInference,RegionB,RegionB,1457,1457,1459.9833333333333,0.0,5.0,False
1453,AITraining,RegionE,RegionA,1537,1537,1538.0666666666666,0.0,78.0,True
1454,BatchInference,RegionE,RegionE,760,760,761.6666666666666,0.0,5.0,False
1455,AITraining,RegionF,RegionB,2399,2399,2401.733333333333,0.0,79.0,True
1456,AITraining,RegionB,RegionB,1556,1556,1558.5,0.0,5.0,False
1457,RealTimeInference,RegionA,RegionA,1209,1209,1212.95,0.0,5.0,False
1458,RealTimeInference,RegionB,RegionB,301,301,305.28333333333336,0.0,5.0,False
1459,RealTimeInference,RegionB,RegionB,1097,1097,1097.7166666666667,0.0,5.0,False
1460,RealTimeInference,RegionC,RegionC,1556,1556,1558.8166666666666,0.0,5.0,False
1461,AITraining,RegionF,RegionF,631,631,636.6,0.0,5.0,False
1462,AITraining,RegionA,RegionA,1595,1595,1597.1,0.0,5.0,False
1463,BatchInference,RegionA,RegionA,1477,1477,1479.0333333333333,0.0,5.0,False
1464,RealTimeInference,RegionA,RegionA,374,374,377.5833333333333,0.0,5.0,False
1465,RealTimeInference,RegionB,RegionB,1262,1262,1265.0333333333333,0.0,5.0,False
1466,BatchInference,RegionD,RegionD,1474,1474,1477.1666666666667,0.0,5.0,False
1467,BatchInference,RegionE,RegionE,418,418,420.05,0.0,5.0,False
1468,RealTimeInference,RegionD,RegionD,357,357,359.71666666666664,0.0,5.0,False
1469,RealTimeInference,RegionA,RegionA,1765,1765,1767.0833333333333,0.0,5.0,False
1470,BatchInference,RegionB,RegionB,2281,2281,2284.5333333333333,0.0,5.0,False
1471,AITraining,RegionD,RegionD,2098,2098,2104.633333333333,0.0,5.0,False
1472,BatchInference,RegionC,RegionC,423,423,427.78333333333336,0.0,5.0,False
1473,RealTimeInference,RegionC,RegionC,367,367,370.8333333333333,0.0,5.0,False
1474,BatchInference,RegionE,RegionE,2270,2270,2274.4166666666665,0.0,5.0,False
1475,RealTimeInference,RegionF,RegionF,1328,1328,1330.6333333333334,0.0,5.0,False
1476,BatchInference,RegionA,RegionA,50,50,54.85,0.0,5.0,False
1477,BatchInference,RegionB,RegionB,1694,1694,1695.9666666666667,0.0,5.0,False
1478,BatchInference,RegionC,RegionC,346,346,351.6,0.0,5.0,False
1479,AITraining,RegionE,RegionE,2291,2291,2293.366666666667,0.0,5.0,False
1480,RealTimeInference,RegionC,RegionC,2342,2342,2344.35,0.0,5.0,False
1481,AITraining,RegionF,RegionA,694,694,695.55,0.0,82.0,True
1482,AITraining,RegionB,RegionB,1559,1559,1560.9666666666667,0.0,5.0,False
1483,RealTimeInference,RegionA,RegionA,568,568,568.8333333333334,0.0,5.0,False
1484,BatchInference,RegionB,RegionB,1233,1233,1235.0166666666667,0.0,5.0,False
1485,BatchInference,RegionC,RegionC,2019,2019,2024.55,0.0,5.0,False
1486,RealTimeInference,RegionC,RegionC,259,259,265.56666666666666,0.0,5.0,False
1487,RealTimeInference,RegionC,RegionC,1780,1780,1784.8666666666666,0.0,5.0,False
1488,BatchInference,RegionF,RegionB,1724,1724,1727.3,0.0,79.0,True
1489,BatchInference,RegionA,RegionA,1983,1983,1983.55,0.0,5.0,False
1490,RealTimeInference,RegionA,RegionA,1479,1479,1484.5333333333333,0.0,5.0,False
1491,BatchInference,RegionC,RegionC,1010,1010,1013.1666666666666,0.0,5.0,False
1492,AITraining,RegionE,RegionE,2030,2030,2031.3,0.0,5.0,False
1493,AITraining,RegionE,RegionE,800,800,803.1666666666666,0.0,5.0,False
1494,BatchInference,RegionF,RegionF,438,438,442.3,0.0,5.0,False
1495,RealTimeInference,RegionA,RegionA,1247,1247,1252.5833333333333,0.0,5.0,False
1496,RealTimeInference,RegionA,RegionA,1620,1620,1622.45,0.0,5.0,False
1497,BatchInference,RegionB,RegionB,1556,1556,1557.8666666666666,0.0,5.0,False
1498,BatchInference,RegionC,RegionC,1803,1803,1808.4333333333334,0.0,5.0,False
1499,BatchInference,RegionD,RegionD,1763,1763,1769.55,0.0,5.0,False
1500,AITraining,RegionF,RegionF,557,557,562.2,0.0,5.0,False
1501,BatchInference,RegionF,RegionB,1313,1313,1318.6833333333334,0.0,79.0,True
1502,AITraining,RegionC,RegionC,822,822,826.1333333333333,0.0,5.0,False
1503,BatchInference,RegionB,RegionB,1286,1286,1291.8666666666666,0.0,5.0,False
1504,RealTimeInference,RegionB,RegionB,1631,1631,1631.65,0.0,5.0,False
1505,BatchInference,RegionD,RegionD,1193,1193,1195.0166666666667,0.0,5.0,False
1506,AITraining,RegionE,RegionA,2011,2011,2014.2333333333333,0.0,78.0,True
1507,AITraining,RegionF,RegionF,992,992,992.9333333333333,0.0,5.0,False
1508,BatchInference,RegionA,RegionA,1540,1540,1540.4166666666667,0.0,5.0,False
1509,BatchInference,RegionA,RegionA,1609,1609,1613.6833333333334,0.0,5.0,False
1510,BatchInference,RegionB,RegionB,466,466,466.68333333333334,0.0,5.0,False
1511,AITraining,RegionD,RegionD,818,818,822.4,0.0,5.0,False
1512,AITraining,RegionE,RegionA,2234,2234,2236.4666666666667,0.0,78.0,True
1513,RealTimeInference,RegionC,RegionC,2253,2253,2257.7,0.0,5.0,False
1514,RealTimeInference,RegionE,RegionE,1890,1890,1892.0,0.0,5.0,False
1515,AITraining,RegionB,RegionB,858,858,864.1,0.0,5.0,False
1516,BatchInference,RegionB,RegionB,1193,1193,1198.5,0.0,5.0,False
1517,AITraining,RegionD,RegionD,283,283,284.0,0.0,5.0,False
1518,BatchInference,RegionC,RegionC,2045,2045,2051.5333333333333,0.0,5.0,False
1519,RealTimeInference,RegionC,RegionC,1240,1240,1241.75,0.0,5.0,False
1520,RealTimeInference,RegionC,RegionC,1034,1034,1034.1666666666667,0.0,5.0,False
1521,AITraining,RegionF,RegionF,631,631,637.45,0.0,5.0,False
1522,AITraining,RegionD,RegionD,1733,1733,1735.25,0.0,5.0,False
1523,BatchInference,RegionB,RegionB,302,302,306.3333333333333,0.0,5.0,False
1524,BatchInference,RegionC,RegionC,1962,1962,1963.3666666666666,0.0,5.0,False
1525,AITraining,RegionE,RegionE,1641,1641,1645.5166666666667,0.0,5.0,False
1526,AITraining,RegionF,RegionF,2075,2075,2079.233333333333,0.0,5.0,False
1527,AITraining,RegionF,RegionF,1713,1713,1714.2,0.0,5.0,False
1528,AITraining,RegionB,RegionB,150,150,156.28333333333333,0.0,5.0,False
1529,BatchInference,RegionB,RegionB,2199,2199,2202.2,0.0,5.0,False
1530,AITraining,RegionD,RegionD,348,348,353.76666666666665,0.0,5.0,False
1531,RealTimeInference,RegionB,RegionB,1016,1016,1020.6666666666666,0.0,5.0,False
1532,AITraining,RegionE,RegionA,1454,1454,1460.0166666666667,0.0,78.0,True
1533,RealTimeInference,RegionC,RegionC,181,181,187.3,0.0,5.0,False
1534,AITraining,RegionF,RegionA,1636,1636,1642.35,0.0,82.0,True
1535,BatchInference,RegionA,RegionA,1763,1763,1768.3833333333334,0.0,5.0,False
1536,RealTimeInference,RegionA,RegionA,43,43,45.85,0.0,5.0,False
1537,RealTimeInference,RegionB,RegionB,1059,1059,1062.75,0.0,5.0,False
1538,RealTimeInference,RegionB,RegionB,2091,2091,2096.8,0.0,5.0,False
1539,AITraining,RegionE,RegionE,2124,2124,2126.95,0.0,5.0,False
1540,AITraining,RegionF,RegionF,2377,2377,2381.866666666667,0.0,5.0,False
1541,AITraining,RegionA,RegionA,2356,2356,2356.366666666667,0.0,5.0,False
1542,RealTimeInference,RegionA,RegionA,1825,1825,1828.55,0.0,5.0,False
1543,BatchInference,RegionB,RegionB,1602,1602,1602.8666666666666,0.0,5.0,False
1544,BatchInference,RegionC,RegionC,2049,2049,2051.616666666667,0.0,5.0,False
1545,RealTimeInference,RegionC,RegionC,1412,1412,1414.6666666666667,0.0,5.0,False
1546,RealTimeInference,RegionC,RegionC,1977,1977,1983.3333333333333,0.0,5.0,False
1547,RealTimeInference,RegionE,RegionE,1210,1210,1210.2666666666667,0.0,5.0,False
1548,BatchInference,RegionA,RegionA,351,351,357.4,0.0,5.0,False
1549,RealTimeInference,RegionA,RegionA,580,580,581.5333333333333,0.0,5.0,False
1550,BatchInference,RegionC,RegionC,1277,1277,1282.6166666666666,0.0,5.0,False
1551,BatchInference,RegionD,RegionD,1865,1865,1865.35,0.0,5.0,False
1552,RealTimeInference,RegionC,RegionC,2134,2134,2139.6666666666665,0.0,5.0,False
1553,BatchInference,RegionE,RegionE,1426,1426,1428.4833333333333,0.0,5.0,False
1554,BatchInference,RegionA,RegionA,399,399,400.76666666666665,0.0,5.0,False
1555,BatchInference,RegionA,RegionA,1853,1853,1858.7166666666667,0.0,5.0,False
1556,BatchInference,RegionB,RegionB,275,275,281.4166666666667,0.0,5.0,False
1557,BatchInference,RegionC,RegionC,183,183,183.98333333333332,0.0,5.0,False
1558,AITraining,RegionE,RegionE,471,471,471.46666666666664,0.0,5.0,False
1559,RealTimeInference,RegionC,RegionC,1405,1405,1411.4666666666667,0.0,5.0,False
1560,AITraining,RegionF,RegionF,447,447,447.93333333333334,0.0,5.0,False
1561,AITraining,RegionB,RegionB,673,673,677.9666666666667,0.0,5.0,False
1562,AITraining,RegionD,RegionD,999,999,1002.1833333333333,0.0,5.0,False
1563,AITraining,RegionD,RegionD,714,714,714.3833333333333,0.0,5.0,False
1564,AITraining,RegionE,RegionE,655,655,657.2833333333333,0.0,5.0,False
1565,BatchInference,RegionD,RegionD,2293,2293,2297.8166666666666,0.0,5.0,False
1566,BatchInference,RegionE,RegionB,1892,1892,1895.5166666666667,0.0,74.0,True
1567,RealTimeInference,RegionA,RegionA,1659,1659,1662.7833333333333,0.0,5.0,False
1568,AITraining,RegionD,RegionD,755,755,758.5166666666667,0.0,5.0,False
1569,RealTimeInference,RegionA,RegionA,1770,1770,1770.25,0.0,5.0,False
1570,BatchInference,RegionC,RegionC,119,119,124.45,0.0,5.0,False
1571,AITraining,RegionE,RegionE,808,808,809.5166666666667,0.0,5.0,False
1572,BatchInference,RegionE,RegionE,1759,1759,1762.8,0.0,5.0,False
1573,BatchInference,RegionF,RegionF,18,18,19.333333333333332,0.0,5.0,False
1574,AITraining,RegionB,RegionB,879,879,880.7833333333333,0.0,5.0,False
1575,RealTimeInference,RegionA,RegionA,1140,1140,1143.6166666666666,0.0,5.0,False
1576,AITraining,RegionD,RegionD,256,256,260.81666666666666,0.0,5.0,False
1577,AITraining,RegionE,RegionE,416,416,416.51666666666665,0.0,5.0,False
1578,AITraining,RegionE,RegionB,765,765,770.0666666666667,0.0,74.0,True
1579,BatchInference,RegionE,RegionE,1335,1335,1335.4833333333333,0.0,5.0,False
1580,RealTimeInference,RegionF,RegionE,1874,1874,1876.6166666666666,0.0,18.0,True
1581,RealTimeInference,RegionA,RegionA,1074,1074,1075.55,0.0,5.0,False
1582,AITraining,RegionD,RegionD,2004,2004,2009.5166666666667,0.0,5.0,False
1583,AITraining,RegionD,RegionD,1283,1283,1288.5333333333333,0.0,5.0,False
1584,AITraining,RegionE,RegionE,1591,1591,1595.8666666666666,0.0,5.0,False
1585,AITraining,RegionF,RegionA,1607,1607,1613.0166666666667,0.0,82.0,True
1586,AITraining,RegionF,RegionF,467,467,468.81666666666666,0.0,5.0,False
1587,BatchInference,RegionA,RegionA,1441,1441,1442.2333333333333,0.0,5.0,False
1588,BatchInference,RegionB,RegionB,706,706,710.5833333333334,0.0,5.0,False
1589,AITraining,RegionD,RegionD,1218,1218,1218.95,0.0,5.0,False
1590,AITraining,RegionE,RegionE,347,347,351.78333333333336,0.0,5.0,False
1591,AITraining,RegionE,RegionE,548,548,548.5666666666667,0.0,5.0,False
1592,BatchInference,RegionE,RegionB,482,482,488.3,0.0,74.0,True
1593,RealTimeInference,RegionF,RegionF,1250,1250,1250.2666666666667,0.0,5.0,False
1594,RealTimeInference,RegionA,RegionA,749,749,751.8833333333333,0.0,5.0,False
1595,BatchInference,RegionB,RegionB,579,579,581.45,0.0,5.0,False
1596,AITraining,RegionD,RegionD,1591,1591,1595.1,0.0,5.0,False
1597,BatchInference,RegionD,RegionD,564,564,568.95,0.0,5.0,False
1598,AITraining,RegionE,RegionE,1571,1571,1573.9166666666667,0.0,5.0,False
1599,BatchInference,RegionF,RegionF,760,760,766.3166666666667,0.0,5.0,False
1600,BatchInference,RegionA,RegionA,2201,2201,2205.2166666666667,0.0,5.0,False
1601,AITraining,RegionD,RegionD,709,709,715.2666666666667,0.0,5.0,False
1602,AITraining,RegionD,RegionD,683,683,684.7,0.0,5.0,False
1603,BatchInference,RegionC,RegionC,1183,1183,1187.2833333333333,0.0,5.0,False
1604,RealTimeInference,RegionC,RegionC,766,766,766.8666666666667,0.0,5.0,False
1605,BatchInference,RegionE,RegionB,1847,1847,1850.6833333333334,0.0,74.0,True
1606,AITraining,RegionF,RegionA,219,219,219.8,0.0,82.0,True
1607,BatchInference,RegionA,RegionA,39,39,41.666666666666664,0.0,5.0,False
1608,BatchInference,RegionB,RegionB,559,559,559.9333333333333,0.0,5.0,False
1609,RealTimeInference,RegionB,RegionB,1572,1572,1577.1333333333334,0.0,5.0,False
1610,AITraining,RegionE,RegionE,2070,2070,2075.0833333333335,0.0,5.0,False
1611,AITraining,RegionE,RegionE,2027,2027,2032.45,0.0,5.0,False
1612,BatchInference,RegionE,RegionA,2014,2014,2014.4166666666667,0.0,78.0,True
1613,BatchInference,RegionA,RegionA,1818,1818,1823.2166666666667,0.0,5.0,False
1614,BatchInference,RegionA,RegionA,685,685,685.7833333333333,0.0,5.0,False
1615,RealTimeInference,RegionA,RegionA,2315,2315,2317.883333333333,0.0,5.0,False
1616,RealTimeInference,RegionB,RegionB,903,903,904.4333333333333,0.0,5.0,False
1617,BatchInference,RegionD,RegionD,133,133,139.11666666666667,0.0,5.0,False
1618,BatchInference,RegionE,RegionE,920,920,921.6666666666666,0.0,5.0,False
1619,AITraining,RegionF,RegionF,1182,1182,1185.1333333333334,0.0,5.0,False
1620,RealTimeInference,RegionA,RegionA,1873,1873,1874.3666666666666,0.0,5.0,False
1621,AITraining,RegionD,RegionD,2028,2028,2034.3,0.0,5.0,False
1622,AITraining,RegionD,RegionD,2092,2092,2098.0333333333333,0.0,5.0,False
1623,RealTimeInference,RegionB,RegionB,2345,2345,2347.4333333333334,0.0,5.0,False
1624,RealTimeInference,RegionC,RegionC,1097,1097,1100.2666666666667,0.0,5.0,False
1625,AITraining,RegionF,RegionF,1502,1502,1503.1166666666666,0.0,5.0,False
1626,AITraining,RegionA,RegionA,170,170,173.28333333333333,0.0,5.0,False
1627,AITraining,RegionD,RegionD,1807,1807,1809.95,0.0,5.0,False
1628,AITraining,RegionD,RegionD,895,895,899.35,0.0,5.0,False
1629,BatchInference,RegionC,RegionC,419,419,424.73333333333335,0.0,5.0,False
1630,AITraining,RegionE,RegionA,1013,1013,1015.65,0.0,78.0,True
1631,BatchInference,RegionE,RegionE,132,132,135.23333333333332,0.0,5.0,False
1632,BatchInference,RegionF,RegionC,1076,1076,1079.7166666666667,0.0,76.0,True
1633,BatchInference,RegionA,RegionA,356,356,362.2,0.0,5.0,False
1634,BatchInference,RegionB,RegionB,480,480,483.6,0.0,5.0,False
1635,RealTimeInference,RegionB,RegionB,859,859,859.2,0.0,5.0,False
1636,AITraining,RegionE,RegionA,1436,1436,1440.1833333333334,0.0,78.0,True
1637,AITraining,RegionE,RegionE,1753,1753,1753.7833333333333,0.0,5.0,False
1638,RealTimeInference,RegionC,RegionC,570,570,572.3666666666667,0.0,5.0,False
1639,RealTimeInference,RegionF,RegionF,847,847,852.95,0.0,5.0,False
1640,RealTimeInference,RegionA,RegionA,2335,2335,2336.9666666666667,0.0,5.0,False
1641,BatchInference,RegionB,RegionB,2180,2180,2181.5333333333333,0.0,5.0,False
1642,BatchInference,RegionC,RegionC,2206,2206,2207.3,0.0,5.0,False
1643,RealTimeInference,RegionB,RegionB,1325,1325,1327.4833333333333,0.0,5.0,False
1644,AITraining,RegionF,RegionB,1198,1198,1203.35,0.0,79.0,True
1645,BatchInference,RegionF,RegionF,2345,2345,2347.7,0.0,5.0,False
1646,BatchInference,RegionA,RegionA,2107,2107,2109.7,0.0,5.0,False
1647,AITraining,RegionD,RegionD,390,390,395.18333333333334,0.0,5.0,False
1648,RealTimeInference,RegionB,RegionB,1685,1685,1685.75,0.0,5.0,False
1649,RealTimeInference,RegionB,RegionB,1135,1135,1141.1833333333334,0.0,5.0,False
1650,AITraining,RegionE,RegionB,519,519,524.75,0.0,74.0,True
1651,AITraining,RegionF,RegionA,543,543,548.4333333333333,0.0,82.0,True
1652,RealTimeInference,RegionF,RegionE,599,599,600.9666666666667,0.0,18.0,True
1653,AITraining,RegionC,RegionC,1319,1319,1321.1166666666666,0.0,5.0,False
1654,RealTimeInference,RegionA,RegionA,1608,1608,1609.6,0.0,5.0,False
1655,BatchInference,RegionC,RegionC,582,582,587.3666666666667,0.0,5.0,False
1656,AITraining,RegionE,RegionA,1100,1100,1104.9,0.0,78.0,True
1657,AITraining,RegionE,RegionE,1696,1696,1697.6,0.0,5.0,False
1658,BatchInference,RegionF,RegionB,1851,1851,1851.9166666666667,0.0,79.0,True
1659,RealTimeInference,RegionA,RegionA,381,381,381.9,0.0,5.0,False
1660,BatchInference,RegionA,RegionA,2111,2111,2112.883333333333,0.0,5.0,False
1661,AITraining,RegionD,RegionD,1139,1139,1141.3833333333334,0.0,5.0,False
1662,AITraining,RegionD,RegionD,1511,1511,1512.7166666666667,0.0,5.0,False
1663,BatchInference,RegionD,RegionD,1999,1999,2002.6333333333334,0.0,5.0,False
1664,BatchInference,RegionE,RegionE,2383,2383,2385.1833333333334,0.0,5.0,False
1665,RealTimeInference,RegionE,RegionE,381,381,383.85,0.0,5.0,False
1666,AITraining,RegionC,RegionC,1877,1877,1877.6166666666666,0.0,5.0,False
1667,AITraining,RegionD,RegionD,1467,1467,1469.9333333333334,0.0,5.0,False
1668,RealTimeInference,RegionB,RegionB,2189,2189,2193.25,0.0,5.0,False
1669,BatchInference,RegionD,RegionD,892,892,898.5166666666667,0.0,5.0,False
1670,BatchInference,RegionD,RegionD,867,867,869.4333333333333,0.0,5.0,False
1671,BatchInference,RegionE,RegionA,1099,1099,1099.4666666666667,0.0,78.0,True
1672,BatchInference,RegionA,RegionA,1161,1161,1164.0666666666666,0.0,5.0,False
1673,BatchInference,RegionA,RegionA,2241,2241,2247.05,0.0,5.0,False
1674,AITraining,RegionD,RegionD,534,534,535.7,0.0,5.0,False
1675,AITraining,RegionD,RegionD,1987,1987,1990.5666666666666,0.0,5.0,False
1676,BatchInference,RegionD,RegionD,198,198,202.23333333333332,0.0,5.0,False
1677,RealTimeInference,RegionC,RegionC,407,407,412.06666666666666,0.0,5.0,False
1678,AITraining,RegionF,RegionF,1882,1882,1883.3333333333333,0.0,5.0,False
1679,RealTimeInference,RegionA,RegionA,508,508,512.85,0.0,5.0,False
1680,RealTimeInference,RegionA,RegionA,1807,1807,1807.2666666666667,0.0,5.0,False
1681,BatchInference,RegionB,RegionB,2,2,7.3,0.0,5.0,False
1682,BatchInference,RegionC,RegionC,828,828,829.1833333333333,0.0,5.0,False
1683,AITraining,RegionE,RegionE,540,540,540.5666666666667,0.0,5.0,False
1684,AITraining,RegionF,RegionF,1236,1236,1240.85,0.0,5.0,False
1685,RealTimeInference,RegionA,RegionA,1122,1122,1122.5666666666666,0.0,5.0,False
1686,RealTimeInference,RegionA,RegionA,1476,1476,1477.3666666666666,0.0,5.0,False
1687,BatchInference,RegionB,RegionB,337,337,338.5833333333333,0.0,5.0,False
1688,BatchInference,RegionC,RegionC,677,677,683.2166666666667,0.0,5.0,False
1689,RealTimeInference,RegionB,RegionB,1623,1623,1626.5833333333333,0.0,5.0,False
1690,AITraining,RegionF,RegionB,1251,1251,1253.6,0.0,79.0,True
1691,AITraining,RegionF,RegionB,959,959,963.6666666666666,0.0,79.0,True
1692,BatchInference,RegionA,RegionA,373,373,376.1666666666667,0.0,5.0,False
1693,AITraining,RegionD,RegionD,389,389,390.1,0.0,5.0,False
1694,RealTimeInference,RegionB,RegionB,874,874,880.55,0.0,5.0,False
1695,BatchInference,RegionC,RegionC,319,319,322.8833333333333,0.0,5.0,False
1696,RealTimeInference,RegionC,RegionC,926,926,929.55,0.0,5.0,False
1697,AITraining,RegionF,RegionA,1822,1822,1828.15,0.0,82.0,True
1698,RealTimeInference,RegionF,RegionF,33,33,36.81666666666667,0.0,5.0,False
1699,AITraining,RegionC,RegionC,1407,1407,1410.0333333333333,0.0,5.0,False
1700,RealTimeInference,RegionA,RegionA,1729,1729,1734.7,0.0,5.0,False
1701,AITraining,RegionD,RegionD,541,541,541.4833333333333,0.0,5.0,False
1702,BatchInference,RegionD,RegionD,290,290,295.53333333333336,0.0,5.0,False
1703,RealTimeInference,RegionC,RegionC,1569,1569,1572.1833333333334,0.0,5.0,False
1704,RealTimeInference,RegionC,RegionC,419,419,419.81666666666666,0.0,5.0,False
1705,RealTimeInference,RegionA,RegionA,1283,1283,1284.1833333333334,0.0,5.0,False
1706,BatchInference,RegionB,RegionB,1225,1225,1231.35,0.0,5.0,False
1707,RealTimeInference,RegionB,RegionB,1567,1567,1571.0666666666666,0.0,5.0,False
1708,RealTimeInference,RegionB,RegionB,585,585,589.4166666666666,0.0,5.0,False
1709,RealTimeInference,RegionC,RegionC,2172,2172,2177.95,0.0,5.0,False
1710,AITraining,RegionF,RegionF,34,34,39.43333333333334,0.0,5.0,False
1711,AITraining,RegionF,RegionB,672,672,674.4166666666666,0.0,79.0,True
1712,BatchInference,RegionA,RegionA,1438,1438,1443.3833333333334,0.0,5.0,False
1713,AITraining,RegionD,RegionD,872,872,877.45,0.0,5.0,False
1714,AITraining,RegionD,RegionD,620,620,625.3833333333333,0.0,5.0,False
1715,BatchInference,RegionD,RegionD,1812,1812,1818.0666666666666,0.0,5.0,False
1716,RealTimeInference,RegionC,RegionC,355,355,358.35,0.0,5.0,False
1717,RealTimeInference,RegionC,RegionC,573,573,574.1333333333333,0.0,5.0,False
1718,RealTimeInference,RegionA,RegionA,1572,1572,1578.5333333333333,0.0,5.0,False
1719,BatchInference,RegionA,RegionA,1758,1758,1761.7333333333333,0.0,5.0,False
1720,BatchInference,RegionB,RegionB,572,572,573.2166666666667,0.0,5.0,False
1721,RealTimeInference,RegionB,RegionB,1134,1134,1138.2333333333333,0.0,5.0,False
1722,AITraining,RegionE,RegionE,345,345,350.68333333333334,0.0,5.0,False
1723,RealTimeInference,RegionC,RegionC,2266,2266,2270.633333333333,0.0,5.0,False
1724,AITraining,RegionF,RegionF,1167,1167,1167.4166666666667,0.0,5.0,False
1725,AITraining,RegionB,RegionB,109,109,110.13333333333334,0.0,5.0,False
1726,AITraining,RegionD,RegionD,1235,1235,1241.5833333333333,0.0,5.0,False
1727,RealTimeInference,RegionB,RegionB,2120,2120,2122.45,0.0,5.0,False
1728,AITraining,RegionE,RegionE,2087,2087,2090.6,0.0,5.0,False
1729,RealTimeInference,RegionC,RegionC,1604,1604,1604.1833333333334,0.0,5.0,False
1730,BatchInference,RegionE,RegionE,223,223,229.33333333333334,0.0,5.0,False
1731,RealTimeInference,RegionA,RegionA,2027,2027,2029.5833333333333,0.0,5.0,False
1732,BatchInference,RegionA,RegionA,461,461,462.18333333333334,0.0,5.0,False
1733,RealTimeInference,RegionA,RegionA,2046,2046,2048.9166666666665,0.0,5.0,False
1734,AITraining,RegionD,RegionD,290,290,291.1666666666667,0.0,5.0,False
1735,AITraining,RegionE,RegionB,49,49,51.75,0.0,74.0,True
1736,BatchInference,RegionE,RegionB,1296,1296,1302.0833333333333,0.0,74.0,True
1737,RealTimeInference,RegionD,RegionD,1584,1584,1585.3833333333334,0.0,5.0,False
1738,AITraining,RegionB,RegionB,1723,1723,1726.6,0.0,5.0,False
1739,BatchInference,RegionB,RegionB,2237,2237,2241.8,0.0,5.0,False
1740,AITraining,RegionD,RegionD,707,707,712.8166666666667,0.0,5.0,False
1741,BatchInference,RegionC,RegionC,298,298,301.55,0.0,5.0,False
1742,RealTimeInference,RegionC,RegionC,276,276,280.43333333333334,0.0,5.0,False
1743,RealTimeInference,RegionC,RegionC,1073,1073,1073.5166666666667,0.0,5.0,False
1744,RealTimeInference,RegionF,RegionE,163,163,164.75,0.0,18.0,True
1745,RealTimeInference,RegionA,RegionA,1630,1630,1630.2333333333333,0.0,5.0,False
1746,AITraining,RegionD,RegionD,1173,1173,1178.1833333333334,0.0,5.0,False
1747,AITraining,RegionD,RegionD,2052,2052,2058.65,0.0,5.0,False
1748,BatchInference,RegionD,RegionD,1734,1734,1738.0166666666667,0.0,5.0,False
1749,AITraining,RegionF,RegionF,1647,1647,1648.8833333333334,0.0,5.0,False
1750,RealTimeInference,RegionD,RegionD,2197,2197,2201.45,0.0,5.0,False
1751,AITraining,RegionB,RegionB,625,625,628.1833333333333,0.0,5.0,False
1752,BatchInference,RegionB,RegionB,342,342,342.6,0.0,5.0,False
1753,BatchInference,RegionB,RegionB,323,323,328.1333333333333,0.0,5.0,False
1754,AITraining,RegionE,RegionE,832,832,833.1666666666666,0.0,5.0,False
1755,RealTimeInference,RegionC,RegionC,2197,2197,2203.233333333333,0.0,5.0,False
1756,BatchInference,RegionE,RegionE,1600,1600,1602.5333333333333,0.0,5.0,False
1757,AITraining,RegionF,RegionF,270,270,274.6333333333333,0.0,5.0,False
1758,BatchInference,RegionA,RegionA,1791,1791,1794.2666666666667,0.0,5.0,False
1759,AITraining,RegionD,RegionD,977,977,982.2166666666667,0.0,5.0,False
1760,RealTimeInference,RegionB,RegionB,1001,1001,1002.5833333333334,0.0,5.0,False
1761,RealTimeInference,RegionB,RegionB,1779,1779,1781.05,0.0,5.0,False
1762,RealTimeInference,RegionC,RegionC,1857,1857,1860.2,0.0,5.0,False
1763,AITraining,RegionF,RegionF,225,225,229.06666666666666,0.0,5.0,False
1764,BatchInference,RegionA,RegionA,719,719,722.6166666666667,0.0,5.0,False
1765,RealTimeInference,RegionA,RegionA,51,51,53.233333333333334,0.0,5.0,False
1766,AITraining,RegionD,RegionD,562,562,562.5666666666667,0.0,5.0,False
1767,AITraining,RegionE,RegionA,46,46,46.63333333333333,0.0,78.0,True
1768,RealTimeInference,RegionC,RegionC,2033,2033,2036.0,0.0,5.0,False
1769,BatchInference,RegionE,RegionE,2142,2142,2143.1666666666665,0.0,5.0,False
1770,AITraining,RegionF,RegionA,1061,1061,1061.95,0.0,82.0,True
1771,RealTimeInference,RegionA,RegionA,1523,1523,1525.4666666666667,0.0,5.0,False
1772,RealTimeInference,RegionA,RegionA,1100,1100,1100.6166666666666,0.0,5.0,False
1773,AITraining,RegionD,RegionD,483,483,488.4,0.0,5.0,False
1774,RealTimeInference,RegionB,RegionB,1372,1372,1374.6333333333334,0.0,5.0,False
1775,BatchInference,RegionD,RegionD,1114,1114,1120.6166666666666,0.0,5.0,False
1776,AITraining,RegionF,RegionB,261,261,263.9166666666667,0.0,79.0,True
1777,BatchInference,RegionA,RegionA,2361,2361,2365.95,0.0,5.0,False
1778,AITraining,RegionD,RegionD,315,315,317.73333333333335,0.0,5.0,False
1779,BatchInference,RegionB,RegionB,1864,1864,1865.4,0.0,5.0,False
1780,AITraining,RegionD,RegionD,1475,1475,1477.3666666666666,0.0,5.0,False
1781,RealTimeInference,RegionB,RegionB,2046,2046,2047.1333333333334,0.0,5.0,False
1782,AITraining,RegionF,RegionF,683,683,686.1833333333333,0.0,5.0,False
1783,BatchInference,RegionF,RegionC,644,644,649.8,0.0,76.0,True
1784,BatchInference,RegionA,RegionA,421,421,426.6,0.0,5.0,False
1785,AITraining,RegionD,RegionD,472,472,474.53333333333336,0.0,5.0,False
1786,RealTimeInference,RegionB,RegionB,2084,2084,2087.7166666666667,0.0,5.0,False
1787,RealTimeInference,RegionB,RegionB,180,180,183.63333333333333,0.0,5.0,False
1788,RealTimeInference,RegionC,RegionC,1001,1001,1003.5166666666667,0.0,5.0,False
1789,RealTimeInference,RegionC,RegionC,1932,1932,1934.0166666666667,0.0,5.0,False
1790,BatchInference,RegionA,RegionA,1568,1568,1569.1333333333334,0.0,5.0,False
1791,RealTimeInference,RegionA,RegionA,733,733,737.6166666666667,0.0,5.0,False
1792,RealTimeInference,RegionA,RegionA,2264,2264,2267.85,0.0,5.0,False
1793,AITraining,RegionD,RegionD,1717,1717,1719.75,0.0,5.0,False
1794,RealTimeInference,RegionB,RegionB,1318,1318,1323.5166666666667,0.0,5.0,False
1795,RealTimeInference,RegionC,RegionC,1704,1704,1707.9833333333333,0.0,5.0,False
1796,AITraining,RegionF,RegionF,1310,1310,1310.5833333333333,0.0,5.0,False
1797,BatchInference,RegionA,RegionA,319,319,325.21666666666664,0.0,5.0,False
1798,AITraining,RegionD,RegionD,1527,1527,1529.65,0.0,5.0,False
1799,RealTimeInference,RegionB,RegionB,2056,2056,2056.633333333333,0.0,5.0,False
1800,AITraining,RegionE,RegionE,215,215,218.63333333333333,0.0,5.0,False
1801,RealTimeInference,RegionC,RegionC,914,914,916.55,0.0,5.0,False
1802,AITraining,RegionF,RegionA,188,188,192.06666666666666,0.0,82.0,True
1803,BatchInference,RegionF,RegionF,282,282,282.9,0.0,5.0,False
1804,BatchInference,RegionA,RegionA,1156,1156,1158.7333333333333,0.0,5.0,False
1805,BatchInference,RegionB,RegionB,1340,1340,1343.1333333333334,0.0,5.0,False
1806,RealTimeInference,RegionB,RegionB,2265,2265,2269.05,0.0,5.0,False
1807,BatchInference,RegionD,RegionD,32,32,35.86666666666667,0.0,5.0,False
1808,BatchInference,RegionE,RegionE,821,821,822.7333333333333,0.0,5.0,False
1809,BatchInference,RegionF,RegionF,2309,2309,2315.483333333333,0.0,5.0,False
1810,BatchInference,RegionA,RegionA,993,993,995.1333333333333,0.0,5.0,False
1811,BatchInference,RegionB,RegionB,1508,1508,1512.7,0.0,5.0,False
1812,AITraining,RegionD,RegionD,2020,2020,2020.3333333333333,0.0,5.0,False
1813,RealTimeInference,RegionB,RegionB,2238,2238,2239.3333333333335,0.0,5.0,False
1814,RealTimeInference,RegionC,RegionC,616,616,620.9833333333333,0.0,5.0,False
1815,RealTimeInference,RegionC,RegionC,1679,1679,1679.9833333333333,0.0,5.0,False
1816,RealTimeInference,RegionF,RegionF,954,954,955.0166666666667,0.0,5.0,False
1817,AITraining,RegionC,RegionC,1418,1418,1424.6,0.0,5.0,False
1818,AITraining,RegionD,RegionD,39,39,44.083333333333336,0.0,5.0,False
1819,BatchInference,RegionC,RegionC,5,5,9.083333333333332,0.0,5.0,False
1820,AITraining,RegionE,RegionA,1541,1541,1547.15,0.0,78.0,True
1821,AITraining,RegionE,RegionE,1259,1259,1262.35,0.0,5.0,False
1822,RealTimeInference,RegionC,RegionC,840,840,841.15,0.0,5.0,False
1823,AITraining,RegionA,RegionA,975,975,975.6166666666667,0.0,5.0,False
1824,BatchInference,RegionA,RegionA,2015,2015,2017.2333333333333,0.0,5.0,False
1825,RealTimeInference,RegionA,RegionA,583,583,584.8333333333334,0.0,5.0,False
1826,AITraining,RegionD,RegionD,1146,1146,1146.2166666666667,0.0,5.0,False
1827,RealTimeInference,RegionB,RegionB,179,179,181.91666666666666,0.0,5.0,False
1828,RealTimeInference,RegionC,RegionC,2128,2128,2134.5333333333333,0.0,5.0,False
1829,BatchInference,RegionF,RegionB,1525,1525,1531.4,0.0,79.0,True
1830,BatchInference,RegionA,RegionA,347,347,352.18333333333334,0.0,5.0,False
1831,AITraining,RegionD,RegionD,391,391,394.35,0.0,5.0,False
1832,AITraining,RegionD,RegionD,546,546,548.2833333333333,0.0,5.0,False
1833,AITraining,RegionE,RegionE,1615,1615,1621.0666666666666,0.0,5.0,False
1834,RealTimeInference,RegionC,RegionC,2325,2325,2330.866666666667,0.0,5.0,False
1835,RealTimeInference,RegionC,RegionC,1781,1781,1785.2666666666667,0.0,5.0,False
1836,AITraining,RegionA,RegionA,535,535,540.3666666666667,0.0,5.0,False
1837,RealTimeInference,RegionA,RegionA,1194,1194,1197.2166666666667,0.0,5.0,False
1838,BatchInference,RegionB,RegionB,1290,1290,1294.7833333333333,0.0,5.0,False
1839,BatchInference,RegionC,RegionC,1336,1336,1339.0833333333333,0.0,5.0,False
1840,BatchInference,RegionD,RegionD,1854,1854,1855.9166666666667,0.0,5.0,False
1841,BatchInference,RegionE,RegionA,956,956,961.4666666666667,0.0,78.0,True
1842,RealTimeInference,RegionE,RegionE,830,830,830.3666666666667,0.0,5.0,False
1843,RealTimeInference,RegionA,RegionA,2394,2394,2394.8166666666666,0.0,5.0,False
1844,RealTimeInference,RegionA,RegionA,636,636,639.8,0.0,5.0,False
1845,RealTimeInference,RegionB,RegionB,673,673,678.7,0.0,5.0,False
1846,BatchInference,RegionC,RegionC,1908,1908,1913.6833333333334,0.0,5.0,False
1847,BatchInference,RegionD,RegionD,1665,1665,1668.6666666666667,0.0,5.0,False
1848,RealTimeInference,RegionC,RegionC,2195,2195,2199.3,0.0,5.0,False
1849,BatchInference,RegionA,RegionA,850,850,850.45,0.0,5.0,False
1850,BatchInference,RegionA,RegionA,1262,1262,1267.0666666666666,0.0,5.0,False
1851,BatchInference,RegionB,RegionB,1085,1085,1090.9,0.0,5.0,False
1852,RealTimeInference,RegionB,RegionB,370,370,376.23333333333335,0.0,5.0,False
1853,RealTimeInference,RegionB,RegionB,1246,1246,1247.4333333333334,0.0,5.0,False
1854,AITraining,RegionF,RegionA,165,165,169.65,0.0,82.0,True
1855,RealTimeInference,RegionD,RegionD,1342,1342,1344.35,0.0,5.0,False
1856,RealTimeInference,RegionA,RegionA,373,373,374.35,0.0,5.0,False
1857,AITraining,RegionD,RegionD,1016,1016,1018.8166666666667,0.0,5.0,False
1858,BatchInference,RegionB,RegionB,1623,1623,1625.15,0.0,5.0,False
1859,AITraining,RegionE,RegionE,200,200,203.85,0.0,5.0,False
1860,AITraining,RegionE,RegionE,1224,1224,1228.1,0.0,5.0,False
1861,BatchInference,RegionE,RegionE,712,712,713.75,0.0,5.0,False
1862,RealTimeInference,RegionF,RegionF,1656,1656,1659.4833333333333,0.0,5.0,False
1863,BatchInference,RegionA,RegionA,2277,2277,2280.233333333333,0.0,5.0,False
1864,AITraining,RegionD,RegionD,2253,2253,2253.6833333333334,0.0,5.0,False
1865,RealTimeInference,RegionB,RegionB,387,387,393.6,0.0,5.0,False
1866,BatchInference,RegionD,RegionD,417,417,422.4,0.0,5.0,False
1867,RealTimeInference,RegionC,RegionC,497,497,500.31666666666666,0.0,5.0,False
1868,RealTimeInference,RegionD,RegionD,252,252,254.26666666666668,0.0,5.0,False
1869,RealTimeInference,RegionA,RegionA,535,535,539.3833333333333,0.0,5.0,False
1870,RealTimeInference,RegionA,RegionA,1640,1640,1646.5333333333333,0.0,5.0,False
1871,BatchInference,RegionB,RegionB,344,344,344.9,0.0,5.0,False
1872,AITraining,RegionE,RegionB,1060,1060,1063.5666666666666,0.0,74.0,True
1873,RealTimeInference,RegionC,RegionC,89,89,95.56666666666666,0.0,5.0,False
1874,RealTimeInference,RegionC,RegionC,809,809,813.7,0.0,5.0,False
1875,AITraining,RegionF,RegionB,1816,1816,1821.6166666666666,0.0,79.0,True
1876,RealTimeInference,RegionA,RegionA,376,376,379.05,0.0,5.0,False
1877,BatchInference,RegionB,RegionB,501,501,506.4,0.0,5.0,False
1878,RealTimeInference,RegionB,RegionB,1888,1888,1892.6333333333334,0.0,5.0,False
1879,RealTimeInference,RegionB,RegionB,688,688,691.3,0.0,5.0,False
1880,AITraining,RegionE,RegionA,1774,1774,1774.1833333333334,0.0,78.0,True
1881,AITraining,RegionF,RegionF,1617,1617,1621.9166666666667,0.0,5.0,False
1882,BatchInference,RegionA,RegionA,120,120,121.75,0.0,5.0,False
1883,BatchInference,RegionA,RegionA,1747,1747,1751.1166666666666,0.0,5.0,False
1884,RealTimeInference,RegionA,RegionA,1449,1449,1453.6333333333334,0.0,5.0,False
1885,RealTimeInference,RegionB,RegionB,766,766,767.7166666666667,0.0,5.0,False
1886,BatchInference,RegionD,RegionD,1146,1146,1151.7666666666667,0.0,5.0,False
1887,BatchInference,RegionE,RegionE,608,608,610.0833333333334,0.0,5.0,False
1888,RealTimeInference,RegionE,RegionE,1006,1006,1009.15,0.0,5.0,False
1889,AITraining,RegionC,RegionC,1208,1208,1209.0333333333333,0.0,5.0,False
1890,BatchInference,RegionB,RegionB,1687,1687,1692.3666666666666,0.0,5.0,False
1891,AITraining,RegionD,RegionD,1962,1962,1965.1833333333334,0.0,5.0,False
1892,RealTimeInference,RegionB,RegionB,359,359,359.8833333333333,0.0,5.0,False
1893,BatchInference,RegionD,RegionD,1568,1568,1569.7833333333333,0.0,5.0,False
1894,RealTimeInference,RegionC,RegionC,1717,1717,1721.6666666666667,0.0,5.0,False
1895,RealTimeInference,RegionA,RegionA,2153,2153,2154.35,0.0,5.0,False
1896,RealTimeInference,RegionA,RegionA,2226,2226,2230.616666666667,0.0,5.0,False
1897,RealTimeInference,RegionA,RegionA,1566,1566,1569.3166666666666,0.0,5.0,False
1898,AITraining,RegionD,RegionD,1470,1470,1473.0,0.0,5.0,False
1899,BatchInference,RegionD,RegionD,2230,2230,2233.8333333333335,0.0,5.0,False
1900,BatchInference,RegionE,RegionA,1409,1409,1410.0833333333333,0.0,78.0,True
1901,AITraining,RegionF,RegionF,2057,2057,2058.85,0.0,5.0,False
1902,BatchInference,RegionA,RegionA,1590,1590,1595.3166666666666,0.0,5.0,False
1903,BatchInference,RegionB,RegionB,736,736,739.9333333333333,0.0,5.0,False
1904,RealTimeInference,RegionB,RegionB,1306,1306,1311.8833333333334,0.0,5.0,False
1905,AITraining,RegionE,RegionE,897,897,899.0666666666667,0.0,5.0,False
1906,RealTimeInference,RegionC,RegionC,1150,1150,1151.8833333333334,0.0,5.0,False
1907,RealTimeInference,RegionC,RegionC,1932,1932,1936.7,0.0,5.0,False
1908,AITraining,RegionF,RegionA,1464,1464,1467.2166666666667,0.0,82.0,True
1909,AITraining,RegionD,RegionD,953,953,953.7833333333333,0.0,5.0,False
1910,RealTimeInference,RegionA,RegionA,410,410,416.3333333333333,0.0,5.0,False
1911,RealTimeInference,RegionB,RegionB,987,987,990.7166666666667,0.0,5.0,False
1912,BatchInference,RegionD,RegionD,2185,2185,2187.883333333333,0.0,5.0,False
1913,AITraining,RegionF,RegionF,229,229,234.28333333333333,0.0,5.0,False
1914,RealTimeInference,RegionD,RegionD,2358,2358,2359.9,0.0,5.0,False
1915,BatchInference,RegionA,RegionA,1453,1453,1456.2833333333333,0.0,5.0,False
1916,RealTimeInference,RegionA,RegionA,721,721,724.25,0.0,5.0,False
1917,RealTimeInference,RegionB,RegionB,1302,1302,1306.8833333333334,0.0,5.0,False
1918,AITraining,RegionE,RegionB,1469,1469,1472.65,0.0,74.0,True
1919,AITraining,RegionE,RegionE,115,115,118.61666666666666,0.0,5.0,False
1920,AITraining,RegionF,RegionB,1440,1440,1442.4333333333334,0.0,79.0,True
1921,AITraining,RegionF,RegionB,2308,2308,2311.2166666666667,0.0,79.0,True
1922,RealTimeInference,RegionA,RegionA,2306,2306,2312.4,0.0,5.0,False
1923,RealTimeInference,RegionA,RegionA,2016,2016,2020.9833333333333,0.0,5.0,False
1924,AITraining,RegionD,RegionD,1265,1265,1267.1166666666666,0.0,5.0,False
1925,RealTimeInference,RegionB,RegionB,2008,2008,2012.85,0.0,5.0,False
1926,RealTimeInference,RegionC,RegionC,369,369,375.15,0.0,5.0,False
1927,RealTimeInference,RegionC,RegionC,952,952,957.5333333333333,0.0,5.0,False
1928,AITraining,RegionA,RegionA,896,896,899.4,0.0,5.0,False
1929,RealTimeInference,RegionA,RegionA,2156,2156,2158.0333333333333,0.0,5.0,False
1930,BatchInference,RegionB,RegionB,2,2,3.9,0.0,5.0,False
1931,BatchInference,RegionC,RegionC,825,825,828.0666666666667,0.0,5.0,False
1932,RealTimeInference,RegionC,RegionC,1395,1395,1401.0,0.0,5.0,False
1933,AITraining,RegionF,RegionF,726,726,728.35,0.0,5.0,False
1934,BatchInference,RegionF,RegionC,243,243,249.28333333333333,0.0,76.0,True
1935,RealTimeInference,RegionA,RegionA,605,605,606.25,0.0,5.0,False
1936,AITraining,RegionD,RegionD,580,580,586.45,0.0,5.0,False
1937,RealTimeInference,RegionB,RegionB,2155,2155,2160.8166666666666,0.0,5.0,False
1938,BatchInference,RegionD,RegionD,297,297,300.71666666666664,0.0,5.0,False
1939,BatchInference,RegionD,RegionD,1620,1620,1625.05,0.0,5.0,False
1940,AITraining,RegionF,RegionB,413,413,419.25,0.0,79.0,True
1941,BatchInference,RegionA,RegionA,1236,1236,1241.1833333333334,0.0,5.0,False
1942,BatchInference,RegionA,RegionA,558,558,560.0333333333333,0.0,5.0,False
1943,RealTimeInference,RegionA,RegionA,1789,1789,1790.6666666666667,0.0,5.0,False
1944,AITraining,RegionD,RegionD,1995,1995,1998.9333333333334,0.0,5.0,False
1945,AITraining,RegionE,RegionA,1299,1299,1301.6666666666667,0.0,78.0,True
1946,RealTimeInference,RegionC,RegionC,2301,2301,2305.1833333333334,0.0,5.0,False
1947,AITraining,RegionF,RegionA,1461,1461,1464.15,0.0,82.0,True
1948,RealTimeInference,RegionA,RegionA,718,718,721.5333333333333,0.0,5.0,False
1949,BatchInference,RegionB,RegionB,1256,1256,1260.1,0.0,5.0,False
1950,AITraining,RegionD,RegionD,1206,1206,1206.7666666666667,0.0,5.0,False
1951,RealTimeInference,RegionB,RegionB,727,727,728.3666666666667,0.0,5.0,False
1952,AITraining,RegionE,RegionE,7,7,7.183333333333334,0.0,5.0,False
1953,AITraining,RegionF,RegionA,2346,2346,2349.2833333333333,0.0,82.0,True
1954,BatchInference,RegionA,RegionA,2324,2324,2328.6,0.0,5.0,False
1955,RealTimeInference,RegionA,RegionA,745,745,746.65,0.0,5.0,False
1956,AITraining,RegionD,RegionD,1303,1303,1309.5,0.0,5.0,False
1957,AITraining,RegionD,RegionD,904,904,910.45,0.0,5.0,False
1958,AITraining,RegionE,RegionE,2316,2316,2317.866666666667,0.0,5.0,False
1959,RealTimeInference,RegionC,RegionC,2032,2032,2035.2166666666667,0.0,5.0,False
1960,RealTimeInference,RegionD,RegionD,1356,1356,1360.2666666666667,0.0,5.0,False
1961,AITraining,RegionB,RegionB,318,318,323.9,0.0,5.0,False
1962,RealTimeInference,RegionA,RegionA,1420,1420,1424.7833333333333,0.0,5.0,False
1963,BatchInference,RegionB,RegionB,687,687,689.0,0.0,5.0,False
1964,AITraining,RegionE,RegionA,363,363,367.3,0.0,78.0,True
1965,AITraining,RegionE,RegionE,1375,1375,1380.7333333333333,0.0,5.0,False
1966,BatchInference,RegionE,RegionA,46,46,48.916666666666664,0.0,78.0,True
1967,BatchInference,RegionF,RegionF,858,858,858.2833333333333,0.0,5.0,False
1968,RealTimeInference,RegionA,RegionA,277,277,281.7,0.0,5.0,False
1969,BatchInference,RegionB,RegionB,1051,1051,1053.5,0.0,5.0,False
1970,RealTimeInference,RegionB,RegionB,5,5,10.766666666666666,0.0,5.0,False
1971,RealTimeInference,RegionB,RegionB,1580,1580,1584.5166666666667,0.0,5.0,False
1972,BatchInference,RegionE,RegionE,1718,1718,1718.3833333333334,0.0,5.0,False
1973,RealTimeInference,RegionD,RegionD,1695,1695,1697.5333333333333,0.0,5.0,False
1974,BatchInference,RegionA,RegionA,1551,1551,1555.2333333333333,0.0,5.0,False
1975,BatchInference,RegionB,RegionB,2236,2236,2236.25,0.0,5.0,False
1976,BatchInference,RegionB,RegionB,415,415,416.1166666666667,0.0,5.0,False
1977,BatchInference,RegionC,RegionC,2367,2367,2370.766666666667,0.0,5.0,False
1978,AITraining,RegionE,RegionE,923,923,928.2,0.0,5.0,False
1979,RealTimeInference,RegionC,RegionC,1848,1848,1848.4833333333333,0.0,5.0,False
1980,RealTimeInference,RegionF,RegionF,136,136,137.13333333333333,0.0,5.0,False
1981,BatchInference,RegionA,RegionA,82,82,88.61666666666666,0.0,5.0,False
1982,BatchInference,RegionB,RegionB,1069,1069,1069.3833333333334,0.0,5.0,False
1983,RealTimeInference,RegionB,RegionB,303,303,309.55,0.0,5.0,False
1984,BatchInference,RegionD,RegionD,696,696,696.4666666666667,0.0,5.0,False
1985,BatchInference,RegionD,RegionD,659,659,664.7666666666667,0.0,5.0,False
1986,AITraining,RegionF,RegionF,307,307,308.81666666666666,0.0,5.0,False
1987,AITraining,RegionA,RegionA,381,381,381.8833333333333,0.0,5.0,False
1988,BatchInference,RegionA,RegionA,1977,1977,1982.4333333333334,0.0,5.0,False
1989,AITraining,RegionD,RegionD,126,126,132.2,0.0,5.0,False
1990,BatchInference,RegionC,RegionC,675,675,681.0666666666667,0.0,5.0,False
1991,AITraining,RegionE,RegionB,1778,1778,1783.3833333333334,0.0,74.0,True
1992,RealTimeInference,RegionC,RegionC,219,219,225.28333333333333,0.0,5.0,False
1993,RealTimeInference,RegionE,RegionE,1356,1356,1361.0833333333333,0.0,5.0,False
1994,RealTimeInference,RegionA,RegionA,778,778,781.8166666666667,0.0,5.0,False
1995,BatchInference,RegionB,RegionB,2269,2269,2275.616666666667,0.0,5.0,False
1996,AITraining,RegionD,RegionD,2212,2212,2218.016666666667,0.0,5.0,False
1997,BatchInference,RegionD,RegionD,1153,1153,1157.9333333333334,0.0,5.0,False
1998,BatchInference,RegionD,RegionD,972,972,974.4166666666666,0.0,5.0,False
1999,RealTimeInference,RegionC,RegionC,203,203,205.8,0.0,5.0,False
2000,BatchInference,RegionA,RegionA,2341,2341,2345.55,0.0,5.0,False
2001,AITraining,RegionD,RegionD,2010,2010,2016.2166666666667,0.0,5.0,False
2002,RealTimeInference,RegionA,RegionA,223,223,227.91666666666666,0.0,5.0,False
2003,BatchInference,RegionC,RegionC,15,15,17.583333333333332,0.0,5.0,False
2004,BatchInference,RegionD,RegionD,358,358,364.3666666666667,0.0,5.0,False
2005,BatchInference,RegionE,RegionB,1967,1967,1968.7833333333333,0.0,74.0,True
2006,RealTimeInference,RegionE,RegionE,397,397,399.6666666666667,0.0,5.0,False
2007,RealTimeInference,RegionA,RegionA,847,847,849.1833333333333,0.0,5.0,False
2008,RealTimeInference,RegionA,RegionA,1195,1195,1196.7,0.0,5.0,False
2009,RealTimeInference,RegionB,RegionB,1939,1939,1943.95,0.0,5.0,False
2010,RealTimeInference,RegionB,RegionB,1263,1263,1267.6666666666667,0.0,5.0,False
2011,BatchInference,RegionD,RegionD,1928,1928,1929.75,0.0,5.0,False
2012,BatchInference,RegionE,RegionA,1085,1085,1088.5166666666667,0.0,78.0,True
2013,RealTimeInference,RegionA,RegionA,2228,2228,2230.016666666667,0.0,5.0,False
2014,BatchInference,RegionA,RegionA,757,757,759.4666666666667,0.0,5.0,False
2015,BatchInference,RegionB,RegionB,1562,1562,1563.75,0.0,5.0,False
2016,BatchInference,RegionC,RegionC,764,764,769.7666666666667,0.0,5.0,False
2017,BatchInference,RegionD,RegionD,182,182,188.63333333333333,0.0,5.0,False
2018,BatchInference,RegionE,RegionA,1801,1801,1801.5166666666667,0.0,78.0,True
2019,BatchInference,RegionF,RegionC,1078,1078,1080.65,0.0,76.0,True
2020,RealTimeInference,RegionA,RegionA,1100,1100,1104.3333333333333,0.0,5.0,False
2021,AITraining,RegionD,RegionD,252,252,257.4166666666667,0.0,5.0,False
2022,RealTimeInference,RegionB,RegionB,396,396,400.65,0.0,5.0,False
2023,RealTimeInference,RegionB,RegionB,1408,1408,1410.0333333333333,0.0,5.0,False
2024,AITraining,RegionE,RegionE,1695,1695,1699.8,0.0,5.0,False
2025,AITraining,RegionF,RegionA,931,931,933.2333333333333,0.0,82.0,True
2026,AITraining,RegionF,RegionF,249,249,249.93333333333334,0.0,5.0,False
2027,BatchInference,RegionA,RegionA,2140,2140,2143.733333333333,0.0,5.0,False
2028,BatchInference,RegionB,RegionB,2193,2193,2197.2833333333333,0.0,5.0,False
2029,AITraining,RegionD,RegionD,1944,1944,1944.5666666666666,0.0,5.0,False
2030,AITraining,RegionE,RegionE,965,965,970.3833333333333,0.0,5.0,False
2031,BatchInference,RegionD,RegionD,1224,1224,1229.7166666666667,0.0,5.0,False
2032,RealTimeInference,RegionD,RegionD,1617,1617,1620.9166666666667,0.0,5.0,False
2033,AITraining,RegionB,RegionB,142,142,142.33333333333334,0.0,5.0,False
2034,AITraining,RegionD,RegionD,2339,2339,2342.7166666666667,0.0,5.0,False
2035,AITraining,RegionD,RegionD,2340,2340,2343.633333333333,0.0,5.0,False
2036,AITraining,RegionE,RegionA,603,603,604.2166666666667,0.0,78.0,True
2037,RealTimeInference,RegionC,RegionC,1839,1839,1841.1666666666667,0.0,5.0,False
2038,RealTimeInference,RegionC,RegionC,684,684,685.05,0.0,5.0,False
2039,RealTimeInference,RegionE,RegionE,789,789,793.6833333333333,0.0,5.0,False
2040,RealTimeInference,RegionA,RegionA,174,174,177.26666666666668,0.0,5.0,False
2041,BatchInference,RegionB,RegionB,320,320,326.21666666666664,0.0,5.0,False
2042,AITraining,RegionD,RegionD,1783,1783,1787.1333333333334,0.0,5.0,False
2043,RealTimeInference,RegionB,RegionB,605,605,608.2833333333333,0.0,5.0,False
2044,AITraining,RegionE,RegionA,1056,1056,1060.25,0.0,78.0,True
2045,BatchInference,RegionF,RegionF,274,274,279.4,0.0,5.0,False
2046,RealTimeInference,RegionA,RegionA,1589,1589,1590.4666666666667,0.0,5.0,False
2047,AITraining,RegionD,RegionD,1627,1627,1633.4,0.0,5.0,False
2048,AITraining,RegionD,RegionD,1335,1335,1341.4833333333333,0.0,5.0,False
2049,BatchInference,RegionC,RegionC,2128,2128,2132.383333333333,0.0,5.0,False
2050,BatchInference,RegionD,RegionD,50,50,51.2,0.0,5.0,False
2051,AITraining,RegionF,RegionA,2140,2140,2145.016666666667,0.0,82.0,True
2052,BatchInference,RegionF,RegionB,460,460,461.65,0.0,79.0,True
2053,BatchInference,RegionA,RegionA,612,612,616.8833333333333,0.0,5.0,False
2054,RealTimeInference,RegionA,RegionA,2320,2320,2321.4166666666665,0.0,5.0,False
2055,AITraining,RegionD,RegionD,2386,2386,2388.6666666666665,0.0,5.0,False
2056,RealTimeInference,RegionB,RegionB,432,432,433.3333333333333,0.0,5.0,False
2057,AITraining,RegionE,RegionB,413,413,419.5,0.0,74.0,True
2058,BatchInference,RegionE,RegionE,2193,2193,2196.4,0.0,5.0,False
2059,BatchInference,RegionA,RegionA,1683,1683,1687.7333333333333,0.0,5.0,False
2060,BatchInference,RegionA,RegionA,1568,1568,1568.5,0.0,5.0,False
2061,AITraining,RegionD,RegionD,1988,1988,1988.6,0.0,5.0,False
2062,AITraining,RegionD,RegionD,1937,1937,1939.6166666666666,0.0,5.0,False
2063,RealTimeInference,RegionB,RegionB,705,705,710.4666666666667,0.0,5.0,False
2064,BatchInference,RegionE,RegionA,1650,1650,1653.8833333333334,0.0,78.0,True
2065,RealTimeInference,RegionE,RegionE,1645,1645,1651.0833333333333,0.0,5.0,False
2066,RealTimeInference,RegionA,RegionA,1621,1621,1625.7333333333333,0.0,5.0,False
2067,BatchInference,RegionB,RegionB,973,973,978.45,0.0,5.0,False
2068,RealTimeInference,RegionB,RegionB,1946,1946,1949.15,0.0,5.0,False
2069,BatchInference,RegionC,RegionC,1525,1525,1530.6333333333334,0.0,5.0,False
2070,RealTimeInference,RegionC,RegionC,1383,1383,1383.7833333333333,0.0,5.0,False
2071,BatchInference,RegionE,RegionA,1273,1273,1277.1333333333334,0.0,78.0,True
2072,BatchInference,RegionF,RegionB,2013,2013,2015.6166666666666,0.0,79.0,True
2073,AITraining,RegionD,RegionD,402,402,408.6166666666667,0.0,5.0,False
2074,RealTimeInference,RegionA,RegionA,550,550,550.2333333333333,0.0,5.0,False
2075,BatchInference,RegionC,RegionC,1814,1814,1816.25,0.0,5.0,False
2076,BatchInference,RegionD,RegionD,1103,1103,1107.7833333333333,0.0,5.0,False
2077,AITraining,RegionF,RegionA,1707,1707,1712.15,0.0,82.0,True
2078,AITraining,RegionF,RegionF,365,365,367.43333333333334,0.0,5.0,False
2079,RealTimeInference,RegionA,RegionA,1809,1809,1810.2833333333333,0.0,5.0,False
2080,RealTimeInference,RegionA,RegionA,1667,1667,1673.55,0.0,5.0,False
2081,AITraining,RegionD,RegionD,1984,1984,1989.8333333333333,0.0,5.0,False
2082,AITraining,RegionE,RegionB,1531,1531,1536.8,0.0,74.0,True
2083,RealTimeInference,RegionC,RegionC,2110,2110,2114.95,0.0,5.0,False
2084,RealTimeInference,RegionC,RegionC,268,268,274.35,0.0,5.0,False
2085,BatchInference,RegionF,RegionF,2075,2075,2078.383333333333,0.0,5.0,False
2086,BatchInference,RegionA,RegionA,555,555,557.55,0.0,5.0,False
2087,AITraining,RegionD,RegionD,2329,2329,2333.233333333333,0.0,5.0,False
2088,RealTimeInference,RegionB,RegionB,711,711,713.3,0.0,5.0,False
2089,RealTimeInference,RegionB,RegionB,822,822,822.2166666666667,0.0,5.0,False
2090,RealTimeInference,RegionC,RegionC,1021,1021,1027.2666666666667,0.0,5.0,False
2091,RealTimeInference,RegionC,RegionC,1869,1869,1870.7333333333333,0.0,5.0,False
2092,RealTimeInference,RegionA,RegionA,1476,1476,1481.95,0.0,5.0,False
2093,AITraining,RegionD,RegionD,815,815,815.9333333333333,0.0,5.0,False
2094,BatchInference,RegionB,RegionB,1508,1508,1514.5833333333333,0.0,5.0,False
2095,BatchInference,RegionC,RegionC,2068,2068,2072.483333333333,0.0,5.0,False
2096,BatchInference,RegionD,RegionD,507,507,512.0833333333334,0.0,5.0,False
2097,AITraining,RegionF,RegionA,125,125,130.66666666666666,0.0,82.0,True
2098,RealTimeInference,RegionE,RegionE,1525,1525,1525.35,0.0,5.0,False
2099,BatchInference,RegionA,RegionA,1827,1827,1833.3,0.0,5.0,False
2100,RealTimeInference,RegionA,RegionA,1943,1943,1948.2333333333333,0.0,5.0,False
2101,AITraining,RegionD,RegionD,2258,2258,2263.4166666666665,0.0,5.0,False
2102,BatchInference,RegionD,RegionD,1410,1410,1414.8833333333334,0.0,5.0,False
2103,RealTimeInference,RegionC,RegionC,1059,1059,1064.1166666666666,0.0,5.0,False
2104,AITraining,RegionF,RegionF,370,370,375.7,0.0,5.0,False
2105,BatchInference,RegionA,RegionA,112,112,112.85,0.0,5.0,False
2106,BatchInference,RegionA,RegionA,203,203,207.25,0.0,5.0,False
2107,RealTimeInference,RegionA,RegionA,2343,2343,2346.233333333333,0.0,5.0,False
2108,RealTimeInference,RegionB,RegionB,906,906,906.8333333333334,0.0,5.0,False
2109,AITraining,RegionE,RegionE,922,922,924.8166666666667,0.0,5.0,False
2110,AITraining,RegionF,RegionF,846,846,851.5166666666667,0.0,5.0,False
2111,BatchInference,RegionF,RegionC,1677,1677,1678.3666666666666,0.0,76.0,True
2112,AITraining,RegionB,RegionB,82,82,85.5,0.0,5.0,False
2113,AITraining,RegionD,RegionD,36,36,39.916666666666664,0.0,5.0,False
2114,BatchInference,RegionC,RegionC,541,541,541.8,0.0,5.0,False
2115,AITraining,RegionE,RegionE,709,709,714.5,0.0,5.0,False
2116,AITraining,RegionE,RegionE,34,34,40.583333333333336,0.0,5.0,False
2117,RealTimeInference,RegionC,RegionC,1033,1033,1034.45,0.0,5.0,False
2118,AITraining,RegionA,RegionA,1251,1251,1251.35,0.0,5.0,False
2119,AITraining,RegionD,RegionD,1127,1127,1133.1333333333334,0.0,5.0,False
2120,BatchInference,RegionB,RegionB,1542,1542,1547.7166666666667,0.0,5.0,False
2121,BatchInference,RegionC,RegionC,1880,1880,1883.75,0.0,5.0,False
2122,BatchInference,RegionD,RegionD,893,893,895.2833333333333,0.0,5.0,False
2123,BatchInference,RegionE,RegionE,1237,1237,1237.75,0.0,5.0,False
2124,AITraining,RegionF,RegionA,2132,2132,2132.516666666667,0.0,82.0,True
2125,AITraining,RegionB,RegionB,1626,1626,1631.75,0.0,5.0,False
2126,AITraining,RegionD,RegionD,419,419,422.76666666666665,0.0,5.0,False
2127,RealTimeInference,RegionB,RegionB,2095,2095,2097.883333333333,0.0,5.0,False
2128,AITraining,RegionE,RegionA,1532,1532,1535.4,0.0,78.0,True
2129,AITraining,RegionE,RegionA,1157,1157,1163.2333333333333,0.0,78.0,True
2130,BatchInference,RegionE,RegionE,442,442,444.6333333333333,0.0,5.0,False
2131,BatchInference,RegionF,RegionB,261,261,265.0,0.0,79.0,True
2132,BatchInference,RegionA,RegionA,1132,1132,1137.7666666666667,0.0,5.0,False
2133,AITraining,RegionD,RegionD,1331,1331,1336.4333333333334,0.0,5.0,False
2134,BatchInference,RegionC,RegionC,1069,1069,1073.95,0.0,5.0,False
2135,AITraining,RegionE,RegionE,1223,1223,1225.9666666666667,0.0,5.0,False
2136,RealTimeInference,RegionC,RegionC,614,614,615.7833333333333,0.0,5.0,False
2137,AITraining,RegionF,RegionA,984,984,988.8666666666667,0.0,82.0,True
2138,RealTimeInference,RegionA,RegionA,1655,1655,1656.8833333333334,0.0,5.0,False
2139,AITraining,RegionD,RegionD,1309,1309,1309.8666666666666,0.0,5.0,False
2140,AITraining,RegionD,RegionD,573,573,577.9333333333333,0.0,5.0,False
2141,AITraining,RegionE,RegionE,104,104,105.53333333333333,0.0,5.0,False
2142,AITraining,RegionE,RegionA,2037,2037,2041.95,0.0,78.0,True
2143,BatchInference,RegionE,RegionE,1062,1062,1066.3333333333333,0.0,5.0,False
2144,BatchInference,RegionF,RegionF,1657,1657,1659.3666666666666,0.0,5.0,False
2145,BatchInference,RegionA,RegionA,144,144,149.58333333333334,0.0,5.0,False
2146,AITraining,RegionD,RegionD,2343,2343,2348.5666666666666,0.0,5.0,False
2147,RealTimeInference,RegionB,RegionB,1405,1405,1406.35,0.0,5.0,False
2148,AITraining,RegionE,RegionB,910,910,911.75,0.0,74.0,True
2149,AITraining,RegionE,RegionA,2189,2189,2190.05,0.0,78.0,True
2150,AITraining,RegionF,RegionB,1948,1948,1949.05,0.0,79.0,True
2151,AITraining,RegionA,RegionA,1468,1468,1469.8,0.0,5.0,False
2152,AITraining,RegionD,RegionD,1229,1229,1232.3666666666666,0.0,5.0,False
2153,RealTimeInference,RegionA,RegionA,2286,2286,2288.0,0.0,5.0,False
2154,RealTimeInference,RegionB,RegionB,1203,1203,1206.3833333333334,0.0,5.0,False
2155,RealTimeInference,RegionC,RegionC,1928,1928,1933.5833333333333,0.0,5.0,False
2156,RealTimeInference,RegionC,RegionC,1059,1059,1061.8333333333333,0.0,5.0,False
2157,AITraining,RegionF,RegionF,2289,2289,2291.866666666667,0.0,5.0,False
2158,RealTimeInference,RegionA,RegionA,1374,1374,1377.6833333333334,0.0,5.0,False
2159,AITraining,RegionD,RegionD,365,365,366.3666666666667,0.0,5.0,False
2160,RealTimeInference,RegionB,RegionB,1455,1455,1459.2,0.0,5.0,False
2161,RealTimeInference,RegionB,RegionB,1257,1257,1258.85,0.0,5.0,False
2162,BatchInference,RegionD,RegionD,1357,1357,1359.5,0.0,5.0,False
2163,BatchInference,RegionE,RegionE,1067,1067,1068.5833333333333,0.0,5.0,False
2164,AITraining,RegionA,RegionA,1204,1204,1206.0,0.0,5.0,False
2165,BatchInference,RegionA,RegionA,482,482,482.8666666666667,0.0,5.0,False
2166,BatchInference,RegionB,RegionB,219,219,222.48333333333332,0.0,5.0,False
2167,AITraining,RegionD,RegionD,2390,2390,2394.15,0.0,5.0,False
2168,AITraining,RegionE,RegionA,291,291,296.1333333333333,0.0,78.0,True
2169,BatchInference,RegionE,RegionA,796,796,798.4333333333333,0.0,78.0,True
2170,AITraining,RegionF,RegionF,490,490,493.6666666666667,0.0,5.0,False
2171,AITraining,RegionB,RegionB,1563,1563,1567.6166666666666,0.0,5.0,False
2172,AITraining,RegionD,RegionD,1222,1222,1226.6,0.0,5.0,False
2173,BatchInference,RegionB,RegionB,221,221,221.33333333333334,0.0,5.0,False
2174,RealTimeInference,RegionB,RegionB,562,562,566.7333333333333,0.0,5.0,False
2175,RealTimeInference,RegionC,RegionC,1403,1403,1409.35,0.0,5.0,False
2176,BatchInference,RegionE,RegionB,2332,2332,2335.8166666666666,0.0,74.0,True
2177,BatchInference,RegionA,RegionA,586,586,590.0166666666667,0.0,5.0,False
2178,BatchInference,RegionA,RegionA,738,738,739.0166666666667,0.0,5.0,False
2179,RealTimeInference,RegionA,RegionA,1997,1997,2003.4166666666667,0.0,5.0,False
2180,BatchInference,RegionC,RegionC,724,724,730.1333333333333,0.0,5.0,False
2181,BatchInference,RegionD,RegionD,237,237,239.71666666666667,0.0,5.0,False
2182,RealTimeInference,RegionC,RegionC,1851,1851,1852.0,0.0,5.0,False
2183,BatchInference,RegionF,RegionB,857,857,862.3,0.0,79.0,True
2184,RealTimeInference,RegionA,RegionA,2360,2360,2361.633333333333,0.0,5.0,False
2185,RealTimeInference,RegionA,RegionA,2005,2005,2007.0833333333333,0.0,5.0,False
2186,RealTimeInference,RegionB,RegionB,530,530,531.4,0.0,5.0,False
2187,AITraining,RegionE,RegionA,1776,1776,1776.2666666666667,0.0,78.0,True
2188,AITraining,RegionE,RegionE,1758,1758,1758.3333333333333,0.0,5.0,False
2189,BatchInference,RegionE,RegionE,1757,1757,1761.8,0.0,5.0,False
2190,BatchInference,RegionF,RegionF,1570,1570,1574.0666666666666,0.0,5.0,False
2191,RealTimeInference,RegionA,RegionA,154,154,154.58333333333334,0.0,5.0,False
2192,AITraining,RegionD,RegionD,816,816,816.6333333333333,0.0,5.0,False
2193,AITraining,RegionD,RegionD,1528,1528,1533.7166666666667,0.0,5.0,False
2194,RealTimeInference,RegionB,RegionB,1319,1319,1324.95,0.0,5.0,False
2195,AITraining,RegionF,RegionF,780,780,783.6166666666667,0.0,5.0,False
2196,RealTimeInference,RegionD,RegionD,16,16,17.7,0.0,5.0,False
2197,AITraining,RegionB,RegionB,1019,1019,1020.9833333333333,0.0,5.0,False
2198,RealTimeInference,RegionA,RegionA,1410,1410,1416.1166666666666,0.0,5.0,False
2199,BatchInference,RegionB,RegionB,528,528,531.1666666666666,0.0,5.0,False
2200,RealTimeInference,RegionB,RegionB,1571,1571,1576.4833333333333,0.0,5.0,False
2201,AITraining,RegionE,RegionE,1253,1253,1253.2666666666667,0.0,5.0,False
2202,RealTimeInference,RegionC,RegionC,267,267,270.65,0.0,5.0,False
2203,RealTimeInference,RegionF,RegionE,1221,1221,1226.65,0.0,18.0,True
2204,BatchInference,RegionA,RegionA,1867,1867,1873.5,0.0,5.0,False
2205,AITraining,RegionD,RegionD,2131,2131,2136.2833333333333,0.0,5.0,False
2206,AITraining,RegionD,RegionD,2146,2146,2150.0833333333335,0.0,5.0,False
2207,BatchInference,RegionD,RegionD,1776,1776,1778.35,0.0,5.0,False
2208,AITraining,RegionE,RegionA,548,548,551.7833333333333,0.0,78.0,True
2209,BatchInference,RegionF,RegionF,2007,2007,2008.3333333333333,0.0,5.0,False
2210,BatchInference,RegionA,RegionA,771,771,774.3,0.0,5.0,False
2211,RealTimeInference,RegionA,RegionA,1652,1652,1656.3666666666666,0.0,5.0,False
2212,RealTimeInference,RegionA,RegionA,935,935,939.2166666666667,0.0,5.0,False
2213,RealTimeInference,RegionB,RegionB,537,537,541.8666666666667,0.0,5.0,False
2214,RealTimeInference,RegionB,RegionB,89,89,91.75,0.0,5.0,False
2215,AITraining,RegionF,RegionB,2066,2066,2072.0666666666666,0.0,79.0,True
2216,RealTimeInference,RegionE,RegionF,504,504,504.6666666666667,0.0,18.0,True
2217,BatchInference,RegionA,RegionA,153,153,153.43333333333334,0.0,5.0,False
2218,BatchInference,RegionB,RegionB,1047,1047,1047.8,0.0,5.0,False
2219,AITraining,RegionD,RegionD,199,199,199.65,0.0,5.0,False
2220,AITraining,RegionE,RegionE,196,196,199.53333333333333,0.0,5.0,False
2221,AITraining,RegionE,RegionE,442,442,446.6166666666667,0.0,5.0,False
2222,AITraining,RegionF,RegionF,80,80,80.45,0.0,5.0,False
2223,RealTimeInference,RegionA,RegionA,474,474,478.4,0.0,5.0,False
2224,BatchInference,RegionA,RegionA,1819,1819,1823.4333333333334,0.0,5.0,False
2225,BatchInference,RegionB,RegionB,506,506,507.31666666666666,0.0,5.0,False
2226,AITraining,RegionD,RegionD,1035,1035,1037.6833333333334,0.0,5.0,False
2227,BatchInference,RegionD,RegionD,627,627,628.7333333333333,0.0,5.0,False
2228,RealTimeInference,RegionC,RegionC,38,38,42.3,0.0,5.0,False
2229,BatchInference,RegionF,RegionB,1723,1723,1726.9666666666667,0.0,79.0,True
2230,AITraining,RegionB,RegionB,413,413,415.73333333333335,0.0,5.0,False
2231,AITraining,RegionD,RegionD,2131,2131,2135.25,0.0,5.0,False
2232,BatchInference,RegionB,RegionB,561,561,561.6333333333333,0.0,5.0,False
2233,BatchInference,RegionC,RegionC,429,429,432.31666666666666,0.0,5.0,False
2234,AITraining,RegionE,RegionB,482,482,485.15,0.0,74.0,True
2235,BatchInference,RegionE,RegionE,466,466,469.01666666666665,0.0,5.0,False
2236,RealTimeInference,RegionA,RegionA,2038,2038,2042.4666666666667,0.0,5.0,False
2237,RealTimeInference,RegionA,RegionA,818,818,821.65,0.0,5.0,False
2238,BatchInference,RegionB,RegionB,2142,2142,2145.25,0.0,5.0,False
2239,RealTimeInference,RegionB,RegionB,1466,1466,1467.7333333333333,0.0,5.0,False
2240,AITraining,RegionE,RegionA,1678,1678,1684.4666666666667,0.0,78.0,True
2241,BatchInference,RegionE,RegionE,656,656,662.3,0.0,5.0,False
2242,RealTimeInference,RegionD,RegionD,2245,2245,2245.516666666667,0.0,5.0,False
2243,BatchInference,RegionA,RegionA,850,850,856.5333333333333,0.0,5.0,False
2244,AITraining,RegionD,RegionD,1968,1968,1968.5666666666666,0.0,5.0,False
2245,BatchInference,RegionB,RegionB,960,960,962.9333333333333,0.0,5.0,False
2246,RealTimeInference,RegionB,RegionB,52,52,54.13333333333333,0.0,5.0,False
2247,AITraining,RegionE,RegionA,364,364,366.65,0.0,78.0,True
2248,RealTimeInference,RegionC,RegionC,2351,2351,2354.4333333333334,0.0,5.0,False
2249,AITraining,RegionF,RegionF,2023,2023,2028.65,0.0,5.0,False
2250,RealTimeInference,RegionA,RegionA,368,368,374.45,0.0,5.0,False
2251,AITraining,RegionD,RegionD,307,307,309.2,0.0,5.0,False
2252,AITraining,RegionD,RegionD,414,414,419.8,0.0,5.0,False
2253,BatchInference,RegionD,RegionD,946,946,946.6333333333333,0.0,5.0,False
2254,BatchInference,RegionD,RegionD,1212,1212,1212.25,0.0,5.0,False
2255,BatchInference,RegionF,RegionB,1901,1901,1906.05,0.0,79.0,True
2256,RealTimeInference,RegionA,RegionA,408,408,409.26666666666665,0.0,5.0,False
2257,RealTimeInference,RegionA,RegionA,161,161,164.06666666666666,0.0,5.0,False
2258,BatchInference,RegionB,RegionB,1475,1475,1476.5666666666666,0.0,5.0,False
2259,AITraining,RegionE,RegionE,1280,1280,1282.4166666666667,0.0,5.0,False
2260,BatchInference,RegionD,RegionD,474,474,477.4,0.0,5.0,False
2261,RealTimeInference,RegionC,RegionC,187,187,192.71666666666667,0.0,5.0,False
2262,RealTimeInference,RegionE,RegionE,566,566,566.4,0.0,5.0,False
2263,AITraining,RegionC,RegionC,698,698,701.9166666666666,0.0,5.0,False
2264,BatchInference,RegionB,RegionB,1464,1464,1466.0333333333333,0.0,5.0,False
2265,BatchInference,RegionC,RegionC,1098,1098,1098.1666666666667,0.0,5.0,False
2266,AITraining,RegionE,RegionA,380,380,383.6166666666667,0.0,78.0,True
2267,BatchInference,RegionD,RegionD,1403,1403,1409.3,0.0,5.0,False
2268,RealTimeInference,RegionC,RegionC,466,466,466.35,0.0,5.0,False
2269,BatchInference,RegionA,RegionA,1639,1639,1641.7166666666667,0.0,5.0,False
2270,BatchInference,RegionA,RegionA,1113,1113,1118.7166666666667,0.0,5.0,False
2271,BatchInference,RegionB,RegionB,1958,1958,1964.4333333333334,0.0,5.0,False
2272,BatchInference,RegionC,RegionC,683,683,683.5666666666667,0.0,5.0,False
2273,RealTimeInference,RegionB,RegionB,542,542,544.5,0.0,5.0,False
2274,AITraining,RegionF,RegionF,240,240,244.88333333333333,0.0,5.0,False
2275,RealTimeInference,RegionE,RegionF,424,424,429.46666666666664,0.0,18.0,True
2276,BatchInference,RegionA,RegionA,1977,1977,1979.7333333333333,0.0,5.0,False
2277,AITraining,RegionD,RegionD,1794,1794,1796.4333333333334,0.0,5.0,False
2278,RealTimeInference,RegionB,RegionB,1555,1555,1560.1833333333334,0.0,5.0,False
2279,BatchInference,RegionD,RegionD,118,118,118.25,0.0,5.0,False
2280,AITraining,RegionE,RegionE,535,535,536.7166666666667,0.0,5.0,False
2281,BatchInference,RegionE,RegionE,1999,1999,2002.4333333333334,0.0,5.0,False
2282,RealTimeInference,RegionA,RegionA,1684,1684,1686.1166666666666,0.0,5.0,False
2283,BatchInference,RegionA,RegionA,188,188,193.78333333333333,0.0,5.0,False
2284,RealTimeInference,RegionA,RegionA,1071,1071,1076.1666666666667,0.0,5.0,False
2285,AITraining,RegionD,RegionD,1287,1287,1288.4166666666667,0.0,5.0,False
2286,RealTimeInference,RegionB,RegionB,2149,2149,2151.05,0.0,5.0,False
2287,AITraining,RegionF,RegionF,2361,2361,2364.5333333333333,0.0,5.0,False
2288,AITraining,RegionF,RegionF,2314,2314,2319.3,0.0,5.0,False
2289,RealTimeInference,RegionA,RegionA,1385,1385,1391.3833333333334,0.0,5.0,False
2290,AITraining,RegionD,RegionD,2142,2142,2145.75,0.0,5.0,False
2291,AITraining,RegionD,RegionD,390,390,391.0,0.0,5.0,False
2292,BatchInference,RegionC,RegionC,1018,1018,1021.7166666666667,0.0,5.0,False
2293,BatchInference,RegionD,RegionD,1416,1416,1417.4166666666667,0.0,5.0,False
2294,AITraining,RegionF,RegionF,1576,1576,1581.95,0.0,5.0,False
2295,RealTimeInference,RegionF,RegionE,2286,2286,2290.9666666666667,0.0,18.0,True
2296,AITraining,RegionC,RegionC,223,223,229.46666666666667,0.0,5.0,False
2297,RealTimeInference,RegionA,RegionA,642,642,642.7666666666667,0.0,5.0,False
2298,AITraining,RegionD,RegionD,1922,1922,1923.7833333333333,0.0,5.0,False
2299,BatchInference,RegionD,RegionD,677,677,678.4833333333333,0.0,5.0,False
2300,RealTimeInference,RegionC,RegionC,2013,2013,2015.25,0.0,5.0,False
2301,BatchInference,RegionF,RegionC,986,986,989.0333333333333,0.0,76.0,True
2302,BatchInference,RegionA,RegionA,1139,1139,1143.0833333333333,0.0,5.0,False
2303,RealTimeInference,RegionA,RegionA,2076,2076,2077.5666666666666,0.0,5.0,False
2304,RealTimeInference,RegionB,RegionB,2254,2254,2255.233333333333,0.0,5.0,False
2305,AITraining,RegionE,RegionE,1550,1550,1552.0666666666666,0.0,5.0,False
2306,BatchInference,RegionD,RegionA,962,962,968.0166666666667,0.0,65.0,True
2307,RealTimeInference,RegionC,RegionC,1880,1880,1882.5833333333333,0.0,5.0,False
2308,BatchInference,RegionF,RegionC,2347,2347,2352.366666666667,0.0,76.0,True
2309,BatchInference,RegionA,RegionA,360,360,365.93333333333334,0.0,5.0,False
2310,BatchInference,RegionB,RegionB,1831,1831,1832.6166666666666,0.0,5.0,False
2311,BatchInference,RegionC,RegionC,486,486,488.95,0.0,5.0,False
2312,BatchInference,RegionD,RegionD,72,72,74.4,0.0,5.0,False
2313,RealTimeInference,RegionC,RegionC,1652,1652,1657.8166666666666,0.0,5.0,False
2314,BatchInference,RegionF,RegionB,146,146,148.43333333333334,0.0,79.0,True
2315,AITraining,RegionA,RegionA,2249,2249,2250.65,0.0,5.0,False
2316,RealTimeInference,RegionA,RegionA,372,372,375.1,0.0,5.0,False
2317,AITraining,RegionD,RegionD,1247,1247,1248.8333333333333,0.0,5.0,False
2318,AITraining,RegionE,RegionB,2303,2303,2303.616666666667,0.0,74.0,True
2319,RealTimeInference,RegionC,RegionC,1868,1868,1868.5666666666666,0.0,5.0,False
2320,BatchInference,RegionE,RegionB,1488,1488,1490.3833333333334,0.0,74.0,True
2321,RealTimeInference,RegionE,RegionF,913,913,919.65,0.0,18.0,True
2322,BatchInference,RegionA,RegionA,1359,1359,1361.5166666666667,0.0,5.0,False
2323,AITraining,RegionD,RegionD,1937,1937,1941.4666666666667,0.0,5.0,False
2324,AITraining,RegionD,RegionD,1488,1488,1490.6833333333334,0.0,5.0,False
2325,AITraining,RegionE,RegionB,1853,1853,1857.1666666666667,0.0,74.0,True
2326,RealTimeInference,RegionC,RegionC,399,399,403.1,0.0,5.0,False
2327,AITraining,RegionF,RegionF,908,908,908.1666666666666,0.0,5.0,False
2328,RealTimeInference,RegionA,RegionA,1398,1398,1400.25,0.0,5.0,False
2329,BatchInference,RegionA,RegionA,1195,1195,1198.9166666666667,0.0,5.0,False
2330,AITraining,RegionD,RegionD,2138,2138,2141.6666666666665,0.0,5.0,False
2331,BatchInference,RegionC,RegionC,435,435,440.6333333333333,0.0,5.0,False
2332,RealTimeInference,RegionB,RegionB,672,672,677.75,0.0,5.0,False
2333,BatchInference,RegionE,RegionB,575,575,575.7166666666667,0.0,74.0,True
2334,AITraining,RegionF,RegionB,1676,1676,1678.3833333333334,0.0,79.0,True
2335,RealTimeInference,RegionA,RegionA,1041,1041,1047.0166666666667,0.0,5.0,False
2336,AITraining,RegionD,RegionD,802,802,802.8,0.0,5.0,False
2337,RealTimeInference,RegionB,RegionB,494,494,494.65,0.0,5.0,False
2338,BatchInference,RegionD,RegionD,883,883,884.6166666666667,0.0,5.0,False
2339,BatchInference,RegionD,RegionD,780,780,785.6333333333333,0.0,5.0,False
2340,AITraining,RegionF,RegionF,1384,1384,1384.2166666666667,0.0,5.0,False
2341,RealTimeInference,RegionA,RegionA,1697,1697,1697.3,0.0,5.0,False
2342,RealTimeInference,RegionA,RegionA,504,504,506.71666666666664,0.0,5.0,False
2343,BatchInference,RegionB,RegionB,1873,1873,1877.6833333333334,0.0,5.0,False
2344,AITraining,RegionD,RegionD,2065,2065,2070.2833333333333,0.0,5.0,False
2345,RealTimeInference,RegionB,RegionB,2043,2043,2047.75,0.0,5.0,False
2346,RealTimeInference,RegionC,RegionC,2172,2172,2174.0,0.0,5.0,False
2347,AITraining,RegionF,RegionF,198,198,198.36666666666667,0.0,5.0,False
2348,AITraining,RegionB,RegionB,1772,1772,1773.9666666666667,0.0,5.0,False
2349,AITraining,RegionD,RegionD,1978,1978,1979.7333333333333,0.0,5.0,False
2350,AITraining,RegionD,RegionD,725,725,726.2666666666667,0.0,5.0,False
2351,AITraining,RegionE,RegionA,2369,2369,2375.25,0.0,78.0,True
2352,RealTimeInference,RegionC,RegionC,525,525,526.8,0.0,5.0,False
2353,RealTimeInference,RegionC,RegionC,1586,1586,1588.8833333333334,0.0,5.0,False
2354,AITraining,RegionF,RegionA,1318,1318,1318.7666666666667,0.0,82.0,True
2355,AITraining,RegionC,RegionC,1575,1575,1576.3666666666666,0.0,5.0,False
2356,BatchInference,RegionB,RegionB,1016,1016,1018.3166666666667,0.0,5.0,False
2357,BatchInference,RegionC,RegionC,1629,1629,1634.4833333333333,0.0,5.0,False
2358,BatchInference,RegionD,RegionD,1204,1204,1206.6666666666667,0.0,5.0,False
2359,BatchInference,RegionE,RegionE,546,546,549.1333333333333,0.0,5.0,False
2360,RealTimeInference,RegionD,RegionD,1690,1690,1694.9333333333334,0.0,5.0,False
2361,AITraining,RegionB,RegionB,2098,2098,2102.0833333333335,0.0,5.0,False
2362,BatchInference,RegionB,RegionB,2243,2243,2245.7,0.0,5.0,False
2363,BatchInference,RegionB,RegionB,2267,2267,2273.133333333333,0.0,5.0,False
2364,AITraining,RegionE,RegionB,890,890,896.4,0.0,74.0,True
2365,RealTimeInference,RegionC,RegionC,858,858,861.25,0.0,5.0,False
2366,AITraining,RegionF,RegionF,1190,1190,1191.4,0.0,5.0,False
2367,AITraining,RegionF,RegionB,1414,1414,1419.5666666666666,0.0,79.0,True
2368,AITraining,RegionC,RegionC,543,543,548.4,0.0,5.0,False
2369,AITraining,RegionD,RegionD,728,728,734.5166666666667,0.0,5.0,False
2370,AITraining,RegionD,RegionD,2222,2222,2224.55,0.0,5.0,False
2371,AITraining,RegionE,RegionA,1320,1320,1325.55,0.0,78.0,True
2372,AITraining,RegionE,RegionE,472,472,472.73333333333335,0.0,5.0,False
2373,BatchInference,RegionF,RegionC,2303,2303,2309.116666666667,0.0,76.0,True
2374,BatchInference,RegionA,RegionA,2387,2387,2387.65,0.0,5.0,False
2375,AITraining,RegionD,RegionD,1709,1709,1711.55,0.0,5.0,False
2376,AITraining,RegionD,RegionD,2186,2186,2190.016666666667,0.0,5.0,False
2377,BatchInference,RegionC,RegionC,1730,1730,1733.65,0.0,5.0,False
2378,RealTimeInference,RegionB,RegionB,2141,2141,2142.5333333333333,0.0,5.0,False
2379,RealTimeInference,RegionC,RegionC,103,103,106.33333333333333,0.0,5.0,False
2380,BatchInference,RegionF,RegionF,595,595,595.2666666666667,0.0,5.0,False
2381,RealTimeInference,RegionA,RegionA,231,231,231.71666666666667,0.0,5.0,False
2382,RealTimeInference,RegionA,RegionA,1093,1093,1093.25,0.0,5.0,False
2383,RealTimeInference,RegionB,RegionB,1173,1173,1175.3833333333334,0.0,5.0,False
2384,AITraining,RegionE,RegionA,1026,1026,1031.7666666666667,0.0,78.0,True
2385,RealTimeInference,RegionC,RegionC,254,254,259.6666666666667,0.0,5.0,False
2386,AITraining,RegionF,RegionF,1208,1208,1210.0666666666666,0.0,5.0,False
2387,RealTimeInference,RegionA,RegionA,2216,2216,2222.6,0.0,5.0,False
2388,RealTimeInference,RegionA,RegionA,1469,1469,1472.3,0.0,5.0,False
2389,BatchInference,RegionB,RegionB,419,419,420.65,0.0,5.0,False
2390,AITraining,RegionD,RegionD,2301,2301,2302.05,0.0,5.0,False
2391,RealTimeInference,RegionB,RegionB,2298,2298,2303.616666666667,0.0,5.0,False
2392,BatchInference,RegionE,RegionE,973,973,975.0166666666667,0.0,5.0,False
2393,AITraining,RegionF,RegionB,1178,1178,1179.1333333333334,0.0,79.0,True
2394,AITraining,RegionB,RegionB,192,192,198.56666666666666,0.0,5.0,False
2395,BatchInference,RegionB,RegionB,1587,1587,1590.4166666666667,0.0,5.0,False
2396,BatchInference,RegionB,RegionB,1280,1280,1286.6,0.0,5.0,False
2397,AITraining,RegionE,RegionE,220,220,220.26666666666668,0.0,5.0,False
2398,RealTimeInference,RegionC,RegionC,1029,1029,1032.8,0.0,5.0,False
2399,RealTimeInference,RegionC,RegionC,1814,1814,1817.0166666666667,0.0,5.0,False
2400,RealTimeInference,RegionA,RegionA,1506,1506,1508.2,0.0,5.0,False
2401,AITraining,RegionD,RegionD,2238,2238,2244.366666666667,0.0,5.0,False
2402,AITraining,RegionD,RegionD,804,804,805.2,0.0,5.0,False
2403,AITraining,RegionD,RegionD,792,792,795.2666666666667,0.0,5.0,False
2404,BatchInference,RegionD,RegionD,1838,1838,1844.6333333333334,0.0,5.0,False
2405,RealTimeInference,RegionC,RegionC,305,305,306.8,0.0,5.0,False
2406,RealTimeInference,RegionD,RegionD,711,711,717.2833333333333,0.0,5.0,False
2407,AITraining,RegionB,RegionB,2104,2104,2105.733333333333,0.0,5.0,False
2408,RealTimeInference,RegionA,RegionA,1545,1545,1547.0833333333333,0.0,5.0,False
2409,RealTimeInference,RegionB,RegionB,1755,1755,1755.9833333333333,0.0,5.0,False
2410,BatchInference,RegionC,RegionC,2279,2279,2280.4666666666667,0.0,5.0,False
2411,BatchInference,RegionD,RegionD,532,532,536.6666666666666,0.0,5.0,False
2412,RealTimeInference,RegionC,RegionC,2392,2392,2396.266666666667,0.0,5.0,False
2413,BatchInference,RegionF,RegionB,23,23,29.6,0.0,79.0,True
2414,BatchInference,RegionA,RegionA,1910,1910,1916.1666666666667,0.0,5.0,False
2415,AITraining,RegionD,RegionD,634,634,640.0166666666667,0.0,5.0,False
2416,RealTimeInference,RegionB,RegionB,629,629,633.4166666666666,0.0,5.0,False
2417,BatchInference,RegionD,RegionD,208,208,212.63333333333333,0.0,5.0,False
2418,AITraining,RegionE,RegionE,1233,1233,1234.4666666666667,0.0,5.0,False
2419,BatchInference,RegionF,RegionC,2345,2345,2351.4333333333334,0.0,76.0,True
2420,AITraining,RegionB,RegionB,1466,1466,1469.35,0.0,5.0,False
2421,RealTimeInference,RegionA,RegionA,1301,1301,1301.7833333333333,0.0,5.0,False
2422,AITraining,RegionD,RegionD,900,900,905.9333333333333,0.0,5.0,False
2423,RealTimeInference,RegionB,RegionB,2132,2132,2135.633333333333,0.0,5.0,False
2424,RealTimeInference,RegionC,RegionC,2069,2069,2070.633333333333,0.0,5.0,False
2425,RealTimeInference,RegionC,RegionC,1703,1703,1704.5666666666666,0.0,5.0,False
2426,AITraining,RegionF,RegionF,2199,2199,2199.516666666667,0.0,5.0,False
2427,BatchInference,RegionA,RegionA,376,376,381.25,0.0,5.0,False
2428,BatchInference,RegionB,RegionB,906,906,910.7,0.0,5.0,False
2429,RealTimeInference,RegionB,RegionB,1359,1359,1361.35,0.0,5.0,False
2430,BatchInference,RegionD,RegionD,1477,1477,1483.65,0.0,5.0,False
2431,BatchInference,RegionD,RegionD,894,894,899.5666666666667,0.0,5.0,False
2432,AITraining,RegionF,RegionF,2172,2172,2172.4166666666665,0.0,5.0,False
2433,BatchInference,RegionA,RegionA,2299,2299,2301.9,0.0,5.0,False
2434,AITraining,RegionD,RegionD,36,36,39.43333333333333,0.0,5.0,False
2435,RealTimeInference,RegionA,RegionA,1417,1417,1422.5166666666667,0.0,5.0,False
2436,BatchInference,RegionC,RegionC,984,984,985.8166666666667,0.0,5.0,False
2437,AITraining,RegionE,RegionE,998,998,1000.7666666666667,0.0,5.0,False
2438,RealTimeInference,RegionC,RegionC,1314,1314,1319.6,0.0,5.0,False
2439,BatchInference,RegionF,RegionF,464,464,465.76666666666665,0.0,5.0,False
2440,BatchInference,RegionA,RegionA,1050,1050,1052.35,0.0,5.0,False
2441,AITraining,RegionD,RegionD,1158,1158,1159.5166666666667,0.0,5.0,False
2442,RealTimeInference,RegionB,RegionB,2117,2117,2118.133333333333,0.0,5.0,False
2443,BatchInference,RegionD,RegionD,2106,2106,2107.9166666666665,0.0,5.0,False
2444,AITraining,RegionE,RegionA,1825,1825,1828.95,0.0,78.0,True
2445,BatchInference,RegionE,RegionE,179,179,183.98333333333332,0.0,5.0,False
2446,BatchInference,RegionA,RegionA,788,788,789.0833333333334,0.0,5.0,False
2447,BatchInference,RegionA,RegionA,2104,2104,2104.45,0.0,5.0,False
2448,RealTimeInference,RegionA,RegionA,393,393,395.03333333333336,0.0,5.0,False
2449,RealTimeInference,RegionB,RegionB,2203,2203,2208.0666666666666,0.0,5.0,False
2450,AITraining,RegionE,RegionE,30,30,31.466666666666665,0.0,5.0,False
2451,AITraining,RegionF,RegionB,268,268,271.18333333333334,0.0,79.0,True
2452,RealTimeInference,RegionE,RegionE,873,873,877.3166666666667,0.0,5.0,False
2453,AITraining,RegionB,RegionB,1737,1737,1740.4166666666667,0.0,5.0,False
2454,RealTimeInference,RegionA,RegionA,842,842,846.2833333333333,0.0,5.0,False
2455,AITraining,RegionD,RegionD,1782,1782,1786.5333333333333,0.0,5.0,False
2456,AITraining,RegionE,RegionE,295,295,298.3666666666667,0.0,5.0,False
2457,AITraining,RegionE,RegionE,629,629,630.0166666666667,0.0,5.0,False
2458,RealTimeInference,RegionC,RegionC,1880,1880,1885.7166666666667,0.0,5.0,False
2459,AITraining,RegionF,RegionF,1358,1358,1363.6833333333334,0.0,5.0,False
2460,RealTimeInference,RegionA,RegionA,358,358,361.21666666666664,0.0,5.0,False
2461,RealTimeInference,RegionA,RegionA,222,222,224.28333333333333,0.0,5.0,False
2462,RealTimeInference,RegionB,RegionB,1031,1031,1036.6166666666666,0.0,5.0,False
2463,AITraining,RegionE,RegionB,288,288,294.3,0.0,74.0,True
2464,AITraining,RegionF,RegionA,932,932,933.5333333333333,0.0,82.0,True
2465,BatchInference,RegionF,RegionF,1669,1669,1673.9166666666667,0.0,5.0,False
2466,BatchInference,RegionA,RegionA,1847,1847,1849.25,0.0,5.0,False
2467,AITraining,RegionD,RegionD,1656,1656,1656.85,0.0,5.0,False
2468,BatchInference,RegionB,RegionB,1295,1295,1295.6666666666667,0.0,5.0,False
2469,RealTimeInference,RegionB,RegionB,1595,1595,1599.2666666666667,0.0,5.0,False
2470,AITraining,RegionE,RegionB,484,484,487.6,0.0,74.0,True
2471,AITraining,RegionF,RegionA,24,24,25.083333333333332,0.0,82.0,True
2472,AITraining,RegionF,RegionA,259,259,264.0,0.0,82.0,True
2473,AITraining,RegionC,RegionC,2398,2398,2403.8333333333335,0.0,5.0,False
2474,RealTimeInference,RegionA,RegionA,297,297,302.5,0.0,5.0,False
2475,BatchInference,RegionC,RegionC,2059,2059,2062.8,0.0,5.0,False
2476,RealTimeInference,RegionB,RegionB,1187,1187,1187.4166666666667,0.0,5.0,False
2477,AITraining,RegionE,RegionE,1234,1234,1235.05,0.0,5.0,False
2478,AITraining,RegionF,RegionF,354,354,355.23333333333335,0.0,5.0,False
2479,BatchInference,RegionA,RegionA,1792,1792,1795.35,0.0,5.0,False
2480,BatchInference,RegionA,RegionA,1618,1618,1624.4333333333334,0.0,5.0,False
2481,AITraining,RegionD,RegionD,126,126,129.16666666666666,0.0,5.0,False
2482,BatchInference,RegionC,RegionC,640,640,645.7333333333333,0.0,5.0,False
2483,AITraining,RegionE,RegionE,900,900,903.5833333333334,0.0,5.0,False
2484,RealTimeInference,RegionC,RegionC,1601,1601,1606.6,0.0,5.0,False
2485,AITraining,RegionF,RegionF,1208,1208,1208.1833333333334,0.0,5.0,False
2486,AITraining,RegionC,RegionC,590,590,592.2333333333333,0.0,5.0,False
2487,BatchInference,RegionB,RegionB,1528,1528,1533.5833333333333,0.0,5.0,False
2488,RealTimeInference,RegionB,RegionB,2267,2267,2273.1666666666665,0.0,5.0,False
2489,AITraining,RegionE,RegionB,579,579,583.1333333333333,0.0,74.0,True
2490,RealTimeInference,RegionC,RegionC,171,171,174.45,0.0,5.0,False
2491,RealTimeInference,RegionC,RegionC,2345,2345,2351.65,0.0,5.0,False
2492,AITraining,RegionA,RegionA,1614,1614,1618.8,0.0,5.0,False
2493,AITraining,RegionD,RegionD,2242,2242,2247.733333333333,0.0,5.0,False
2494,RealTimeInference,RegionA,RegionA,1248,1248,1252.85,0.0,5.0,False
2495,RealTimeInference,RegionB,RegionB,1408,1408,1408.75,0.0,5.0,False
2496,RealTimeInference,RegionB,RegionB,1690,1690,1693.35,0.0,5.0,False
2497,AITraining,RegionF,RegionF,2099,2099,2100.3,0.0,5.0,False
2498,RealTimeInference,RegionE,RegionE,659,659,660.0666666666667,0.0,5.0,False
2499,RealTimeInference,RegionA,RegionA,904,904,905.6,0.0,5.0,False
2500,AITraining,RegionD,RegionD,1035,1035,1040.7166666666667,0.0,5.0,False
2501,RealTimeInference,RegionB,RegionB,469,469,469.73333333333335,0.0,5.0,False
2502,RealTimeInference,RegionB,RegionB,2323,2323,2328.866666666667,0.0,5.0,False
2503,RealTimeInference,RegionC,RegionC,2248,2248,2249.766666666667,0.0,5.0,False
2504,BatchInference,RegionE,RegionA,2251,2251,2253.6666666666665,0.0,78.0,True
2505,RealTimeInference,RegionA,RegionA,1190,1190,1195.3833333333334,0.0,5.0,False
2506,AITraining,RegionD,RegionD,275,275,276.51666666666665,0.0,5.0,False
2507,BatchInference,RegionB,RegionB,402,402,403.9,0.0,5.0,False
2508,RealTimeInference,RegionB,RegionB,2378,2378,2382.65,0.0,5.0,False
2509,BatchInference,RegionD,RegionD,1355,1355,1355.25,0.0,5.0,False
2510,BatchInference,RegionE,RegionA,525,525,526.3333333333334,0.0,78.0,True
2511,AITraining,RegionF,RegionB,960,960,962.7833333333333,0.0,79.0,True
2512,RealTimeInference,RegionA,RegionA,1167,1167,1169.25,0.0,5.0,False
2513,AITraining,RegionD,RegionD,285,285,286.3833333333333,0.0,5.0,False
2514,RealTimeInference,RegionB,RegionB,1301,1301,1303.9833333333333,0.0,5.0,False
2515,BatchInference,RegionC,RegionC,1845,1845,1848.55,0.0,5.0,False
2516,BatchInference,RegionD,RegionD,1252,1252,1252.6833333333334,0.0,5.0,False
2517,AITraining,RegionF,RegionF,2392,2392,2394.733333333333,0.0,5.0,False
2518,RealTimeInference,RegionF,RegionF,2316,2316,2321.483333333333,0.0,5.0,False
2519,AITraining,RegionC,RegionC,1492,1492,1494.3166666666666,0.0,5.0,False
2520,BatchInference,RegionB,RegionB,1754,1754,1757.4666666666667,0.0,5.0,False
2521,RealTimeInference,RegionB,RegionB,19,19,20.633333333333333,0.0,5.0,False
2522,BatchInference,RegionD,RegionD,1008,1008,1009.3833333333333,0.0,5.0,False
2523,RealTimeInference,RegionC,RegionC,1786,1786,1788.1,0.0,5.0,False
2524,BatchInference,RegionF,RegionF,1472,1472,1477.8833333333334,0.0,5.0,False
2525,RealTimeInference,RegionA,RegionA,1358,1358,1361.75,0.0,5.0,False
2526,BatchInference,RegionB,RegionB,1895,1895,1897.3166666666666,0.0,5.0,False
2527,BatchInference,RegionB,RegionB,1469,1469,1474.7666666666667,0.0,5.0,False
2528,BatchInference,RegionC,RegionC,1994,1994,1999.25,0.0,5.0,False
2529,AITraining,RegionE,RegionE,445,445,447.95,0.0,5.0,False
2530,RealTimeInference,RegionC,RegionC,335,335,340.8333333333333,0.0,5.0,False
2531,BatchInference,RegionF,RegionB,573,573,575.6833333333333,0.0,79.0,True
2532,AITraining,RegionC,RegionC,804,804,808.7166666666667,0.0,5.0,False
2533,BatchInference,RegionB,RegionB,313,313,314.8333333333333,0.0,5.0,False
2534,AITraining,RegionD,RegionD,308,308,308.43333333333334,0.0,5.0,False
2535,RealTimeInference,RegionB,RegionB,2077,2077,2079.766666666667,0.0,5.0,False
2536,AITraining,RegionE,RegionE,127,127,132.78333333333333,0.0,5.0,False
2537,AITraining,RegionF,RegionF,2371,2371,2372.9333333333334,0.0,5.0,False
2538,BatchInference,RegionA,RegionA,871,871,874.5666666666667,0.0,5.0,False
2539,RealTimeInference,RegionA,RegionA,2259,2259,2263.6666666666665,0.0,5.0,False
2540,BatchInference,RegionB,RegionB,2226,2226,2226.4666666666667,0.0,5.0,False
2541,AITraining,RegionD,RegionD,1933,1933,1933.5833333333333,0.0,5.0,False
2542,AITraining,RegionE,RegionE,608,608,610.7166666666667,0.0,5.0,False
2543,BatchInference,RegionE,RegionB,1607,1607,1612.7833333333333,0.0,74.0,True
2544,RealTimeInference,RegionE,RegionE,1191,1191,1196.1166666666666,0.0,5.0,False
2545,RealTimeInference,RegionA,RegionA,1903,1903,1904.4166666666667,0.0,5.0,False
2546,AITraining,RegionD,RegionD,2090,2090,2095.4666666666667,0.0,5.0,False
2547,RealTimeInference,RegionB,RegionB,1625,1625,1626.0666666666666,0.0,5.0,False
2548,BatchInference,RegionD,RegionD,2056,2056,2061.2833333333333,0.0,5.0,False
2549,RealTimeInference,RegionC,RegionC,978,978,978.9166666666666,0.0,5.0,False
2550,AITraining,RegionF,RegionF,679,679,682.3,0.0,5.0,False
2551,AITraining,RegionA,RegionA,574,574,576.3,0.0,5.0,False
2552,BatchInference,RegionA,RegionA,652,652,656.5833333333334,0.0,5.0,False
2553,RealTimeInference,RegionA,RegionA,2319,2319,2321.55,0.0,5.0,False
2554,AITraining,RegionD,RegionD,598,598,603.95,0.0,5.0,False
2555,AITraining,RegionE,RegionE,1980,1980,1982.6166666666666,0.0,5.0,False
2556,BatchInference,RegionE,RegionA,165,165,169.03333333333333,0.0,78.0,True
2557,RealTimeInference,RegionE,RegionE,1997,1997,1999.7166666666667,0.0,5.0,False
2558,RealTimeInference,RegionA,RegionA,257,257,260.46666666666664,0.0,5.0,False
2559,BatchInference,RegionB,RegionB,1513,1513,1515.1666666666667,0.0,5.0,False
2560,RealTimeInference,RegionB,RegionB,175,175,176.2,0.0,5.0,False
2561,AITraining,RegionE,RegionA,846,846,847.2833333333333,0.0,78.0,True
2562,AITraining,RegionE,RegionE,1479,1479,1479.1833333333334,0.0,5.0,False
2563,BatchInference,RegionE,RegionE,1923,1923,1927.9166666666667,0.0,5.0,False
2564,BatchInference,RegionA,RegionA,190,190,193.78333333333333,0.0,5.0,False
2565,RealTimeInference,RegionA,RegionA,1327,1327,1331.6333333333334,0.0,5.0,False
2566,RealTimeInference,RegionA,RegionA,2135,2135,2141.516666666667,0.0,5.0,False
2567,AITraining,RegionD,RegionD,1120,1120,1124.85,0.0,5.0,False
2568,AITraining,RegionE,RegionB,1078,1078,1079.25,0.0,74.0,True
2569,AITraining,RegionF,RegionB,2229,2229,2230.6,0.0,79.0,True
2570,AITraining,RegionF,RegionA,712,712,716.8,0.0,82.0,True
2571,BatchInference,RegionA,RegionA,1550,1550,1555.2166666666667,0.0,5.0,False
2572,BatchInference,RegionB,RegionB,318,318,322.75,0.0,5.0,False
2573,AITraining,RegionD,RegionD,1030,1030,1033.2,0.0,5.0,False
2574,BatchInference,RegionC,RegionC,912,912,917.5166666666667,0.0,5.0,False
2575,AITraining,RegionE,RegionE,1662,1662,1666.6833333333334,0.0,5.0,False
2576,BatchInference,RegionE,RegionB,1413,1413,1413.8833333333334,0.0,74.0,True
2577,BatchInference,RegionF,RegionF,1974,1974,1977.35,0.0,5.0,False
2578,AITraining,RegionC,RegionC,27,27,27.45,0.0,5.0,False
2579,AITraining,RegionD,RegionD,569,569,571.2,0.0,5.0,False
2580,BatchInference,RegionC,RegionC,678,678,678.95,0.0,5.0,False
2581,RealTimeInference,RegionB,RegionB,315,315,316.55,0.0,5.0,False
2582,AITraining,RegionE,RegionB,1150,1150,1155.2166666666667,0.0,74.0,True
2583,RealTimeInference,RegionD,RegionD,615,615,616.3,0.0,5.0,False
2584,RealTimeInference,RegionA,RegionA,644,644,647.35,0.0,5.0,False
2585,BatchInference,RegionB,RegionB,484,484,485.3,0.0,5.0,False
2586,AITraining,RegionD,RegionD,943,943,948.0333333333333,0.0,5.0,False
2587,BatchInference,RegionC,RegionC,1352,1352,1358.6,0.0,5.0,False
2588,AITraining,RegionE,RegionE,464,464,464.43333333333334,0.0,5.0,False
2589,BatchInference,RegionE,RegionA,1961,1961,1967.4333333333334,0.0,78.0,True
2590,BatchInference,RegionF,RegionB,863,863,868.6166666666667,0.0,79.0,True
2591,AITraining,RegionC,RegionC,660,660,666.5,0.0,5.0,False
2592,AITraining,RegionD,RegionD,1683,1683,1683.3833333333334,0.0,5.0,False
2593,RealTimeInference,RegionB,RegionB,998,998,1002.5833333333334,0.0,5.0,False
2594,RealTimeInference,RegionB,RegionB,523,523,529.2166666666667,0.0,5.0,False
2595,AITraining,RegionE,RegionE,659,659,661.9666666666667,0.0,5.0,False
2596,RealTimeInference,RegionC,RegionC,2099,2099,2101.5666666666666,0.0,5.0,False
2597,RealTimeInference,RegionA,RegionA,2344,2344,2347.866666666667,0.0,5.0,False
2598,RealTimeInference,RegionA,RegionA,229,229,233.61666666666667,0.0,5.0,False
2599,RealTimeInference,RegionA,RegionA,1057,1057,1063.05,0.0,5.0,False
2600,RealTimeInference,RegionB,RegionB,2116,2116,2119.7166666666667,0.0,5.0,False
2601,BatchInference,RegionD,RegionD,2308,2308,2311.4333333333334,0.0,5.0,False
2602,AITraining,RegionF,RegionA,76,76,76.35,0.0,82.0,True
2603,AITraining,RegionF,RegionF,1161,1161,1167.05,0.0,5.0,False
2604,RealTimeInference,RegionA,RegionA,887,887,889.2333333333333,0.0,5.0,False
2605,BatchInference,RegionB,RegionB,1930,1930,1936.5333333333333,0.0,5.0,False
2606,BatchInference,RegionC,RegionC,698,698,698.1833333333333,0.0,5.0,False
2607,RealTimeInference,RegionB,RegionB,1682,1682,1684.2166666666667,0.0,5.0,False
2608,AITraining,RegionE,RegionE,584,584,584.3166666666667,0.0,5.0,False
2609,AITraining,RegionF,RegionB,744,744,746.0166666666667,0.0,79.0,True
2610,AITraining,RegionA,RegionA,2092,2092,2096.366666666667,0.0,5.0,False
2611,BatchInference,RegionA,RegionA,686,686,690.1833333333333,0.0,5.0,False
2612,AITraining,RegionD,RegionD,1403,1403,1405.6333333333334,0.0,5.0,False
2613,BatchInference,RegionC,RegionC,281,281,283.93333333333334,0.0,5.0,False
2614,RealTimeInference,RegionB,RegionB,1549,1549,1554.8666666666666,0.0,5.0,False
2615,BatchInference,RegionE,RegionE,541,541,543.3,0.0,5.0,False
2616,RealTimeInference,RegionE,RegionE,67,67,72.05,0.0,5.0,False
2617,RealTimeInference,RegionA,RegionA,2141,2141,2141.883333333333,0.0,5.0,False
2618,AITraining,RegionD,RegionD,1719,1719,1724.65,0.0,5.0,False
2619,RealTimeInference,RegionB,RegionB,394,394,400.45,0.0,5.0,False
2620,RealTimeInference,RegionB,RegionB,1949,1949,1950.0,0.0,5.0,False
2621,AITraining,RegionE,RegionE,159,159,160.0,0.0,5.0,False
2622,AITraining,RegionF,RegionA,2061,2061,2062.3166666666666,0.0,82.0,True
2623,RealTimeInference,RegionF,RegionE,381,381,387.51666666666665,0.0,18.0,True
2624,BatchInference,RegionA,RegionA,533,533,537.9666666666667,0.0,5.0,False
2625,AITraining,RegionD,RegionD,2208,2208,2211.8166666666666,0.0,5.0,False
2626,RealTimeInference,RegionB,RegionB,1767,1767,1772.2166666666667,0.0,5.0,False
2627,AITraining,RegionE,RegionE,1723,1723,1724.3833333333334,0.0,5.0,False
2628,BatchInference,RegionE,RegionE,177,177,177.68333333333334,0.0,5.0,False
2629,AITraining,RegionF,RegionF,2170,2170,2170.5666666666666,0.0,5.0,False
2630,BatchInference,RegionA,RegionA,939,939,942.9166666666666,0.0,5.0,False
2631,BatchInference,RegionB,RegionB,1561,1561,1567.5166666666667,0.0,5.0,False
2632,BatchInference,RegionB,RegionB,2359,2359,2363.9666666666667,0.0,5.0,False
2633,RealTimeInference,RegionB,RegionB,1742,1742,1742.45,0.0,5.0,False
2634,RealTimeInference,RegionC,RegionC,1042,1042,1045.9666666666667,0.0,5.0,False
2635,BatchInference,RegionE,RegionA,952,952,957.0,0.0,78.0,True
2636,RealTimeInference,RegionF,RegionF,1160,1160,1161.9833333333333,0.0,5.0,False
2637,AITraining,RegionC,RegionC,2227,2227,2227.65,0.0,5.0,False
2638,BatchInference,RegionB,RegionB,1055,1055,1060.8666666666666,0.0,5.0,False
2639,RealTimeInference,RegionB,RegionB,22,22,24.46666666666667,0.0,5.0,False
2640,AITraining,RegionE,RegionA,29,29,32.78333333333333,0.0,78.0,True
2641,AITraining,RegionE,RegionE,2140,2140,2140.366666666667,0.0,5.0,False
2642,RealTimeInference,RegionC,RegionC,2128,2128,2128.85,0.0,5.0,False
2643,RealTimeInference,RegionA,RegionA,1536,1536,1539.9666666666667,0.0,5.0,False
2644,AITraining,RegionD,RegionD,841,841,845.8,0.0,5.0,False
2645,AITraining,RegionD,RegionD,1293,1293,1298.5,0.0,5.0,False
2646,BatchInference,RegionC,RegionC,1483,1483,1483.7166666666667,0.0,5.0,False
2647,RealTimeInference,RegionC,RegionC,633,633,633.45,0.0,5.0,False
2648,BatchInference,RegionE,RegionB,2397,2397,2400.1833333333334,0.0,74.0,True
2649,BatchInference,RegionF,RegionF,1070,1070,1074.9,0.0,5.0,False
2650,AITraining,RegionC,RegionC,1734,1734,1735.8833333333334,0.0,5.0,False
2651,AITraining,RegionD,RegionD,1497,1497,1501.4,0.0,5.0,False
2652,AITraining,RegionD,RegionD,1128,1128,1129.95,0.0,5.0,False
2653,AITraining,RegionE,RegionB,1627,1627,1631.45,0.0,74.0,True
2654,RealTimeInference,RegionC,RegionC,1692,1692,1696.85,0.0,5.0,False
2655,AITraining,RegionF,RegionA,2283,2283,2286.55,0.0,82.0,True
2656,BatchInference,RegionA,RegionA,732,732,736.3833333333333,0.0,5.0,False
2657,BatchInference,RegionA,RegionA,2290,2290,2294.6666666666665,0.0,5.0,False
2658,AITraining,RegionD,RegionD,1981,1981,1981.2333333333333,0.0,5.0,False
2659,BatchInference,RegionC,RegionC,1256,1256,1261.2833333333333,0.0,5.0,False
2660,AITraining,RegionE,RegionA,1410,1410,1413.1666666666667,0.0,78.0,True
2661,AITraining,RegionF,RegionB,1630,1630,1632.5333333333333,0.0,79.0,True
2662,AITraining,RegionF,RegionF,565,565,567.2666666666667,0.0,5.0,False
2663,AITraining,RegionB,RegionB,487,487,493.06666666666666,0.0,5.0,False
2664,AITraining,RegionD,RegionD,941,941,944.95,0.0,5.0,False
2665,BatchInference,RegionC,RegionC,662,662,668.6166666666667,0.0,5.0,False
2666,RealTimeInference,RegionB,RegionB,878,878,880.6666666666666,0.0,5.0,False
2667,AITraining,RegionE,RegionE,1640,1640,1644.1,0.0,5.0,False
2668,BatchInference,RegionE,RegionA,2255,2255,2257.6666666666665,0.0,78.0,True
2669,AITraining,RegionA,RegionA,213,213,216.3,0.0,5.0,False
2670,RealTimeInference,RegionA,RegionA,1593,1593,1594.8833333333334,0.0,5.0,False
2671,AITraining,RegionD,RegionD,21,21,26.15,0.0,5.0,False
2672,RealTimeInference,RegionB,RegionB,595,595,601.1,0.0,5.0,False
2673,BatchInference,RegionD,RegionD,1783,1783,1786.8166666666666,0.0,5.0,False
2674,RealTimeInference,RegionC,RegionC,262,262,267.56666666666666,0.0,5.0,False
2675,BatchInference,RegionF,RegionF,908,908,912.8833333333333,0.0,5.0,False
2676,BatchInference,RegionA,RegionA,327,327,333.25,0.0,5.0,False
2677,AITraining,RegionD,RegionD,154,154,155.86666666666667,0.0,5.0,False
2678,AITraining,RegionD,RegionD,1574,1574,1580.2833333333333,0.0,5.0,False
2679,BatchInference,RegionC,RegionC,2134,2134,2134.85,0.0,5.0,False
2680,BatchInference,RegionD,RegionD,235,235,238.16666666666666,0.0,5.0,False
2681,RealTimeInference,RegionC,RegionC,2024,2024,2025.0833333333333,0.0,5.0,False
2682,BatchInference,RegionF,RegionF,43,43,44.833333333333336,0.0,5.0,False
2683,RealTimeInference,RegionA,RegionA,2122,2122,2125.0,0.0,5.0,False
2684,BatchInference,RegionB,RegionB,797,797,801.5,0.0,5.0,False
2685,RealTimeInference,RegionB,RegionB,2091,2091,2094.1833333333334,0.0,5.0,False
2686,AITraining,RegionE,RegionE,948,948,948.2166666666667,0.0,5.0,False
2687,AITraining,RegionF,RegionB,694,694,699.75,0.0,79.0,True
2688,AITraining,RegionF,RegionA,147,147,151.83333333333334,0.0,82.0,True
2689,BatchInference,RegionA,RegionA,979,979,980.8333333333334,0.0,5.0,False
2690,AITraining,RegionD,RegionB,1,1,6.3,0.0,60.0,True
2691,RealTimeInference,RegionB,RegionB,355,355,356.2,0.0,5.0,False
2692,BatchInference,RegionC,RegionC,1636,1636,1640.4833333333333,0.0,5.0,False
2693,BatchInference,RegionD,RegionD,1618,1618,1621.6,0.0,5.0,False
2694,BatchInference,RegionE,RegionE,820,820,821.4166666666666,0.0,5.0,False
2695,AITraining,RegionF,RegionF,62,62,66.05,0.0,5.0,False
2696,AITraining,RegionC,RegionC,281,281,284.78333333333336,0.0,5.0,False
2697,RealTimeInference,RegionA,RegionA,2251,2251,2254.05,0.0,5.0,False
2698,BatchInference,RegionC,RegionC,2290,2290,2291.65,0.0,5.0,False
2699,AITraining,RegionE,RegionE,1425,1425,1430.05,0.0,5.0,False
2700,BatchInference,RegionD,RegionD,1132,1132,1133.1333333333334,0.0,5.0,False
2701,RealTimeInference,RegionC,RegionC,796,796,799.4666666666667,0.0,5.0,False
2702,BatchInference,RegionA,RegionA,1654,1654,1658.0166666666667,0.0,5.0,False
2703,AITraining,RegionD,RegionD,19,19,25.266666666666666,0.0,5.0,False
2704,BatchInference,RegionB,RegionB,716,716,717.0,0.0,5.0,False
2705,BatchInference,RegionC,RegionC,2073,2073,2076.75,0.0,5.0,False
2706,RealTimeInference,RegionC,RegionC,2288,2288,2289.483333333333,0.0,5.0,False
2707,RealTimeInference,RegionC,RegionC,2060,2060,2060.6,0.0,5.0,False
2708,BatchInference,RegionF,RegionB,1392,1392,1395.4,0.0,79.0,True
2709,RealTimeInference,RegionA,RegionA,2102,2102,2104.05,0.0,5.0,False
2710,BatchInference,RegionB,RegionB,2203,2203,2208.233333333333,0.0,5.0,False
2711,AITraining,RegionD,RegionD,1024,1024,1029.35,0.0,5.0,False
2712,AITraining,RegionE,RegionE,1813,1813,1813.8833333333334,0.0,5.0,False
2713,BatchInference,RegionD,RegionD,2306,2306,2308.6666666666665,0.0,5.0,False
2714,BatchInference,RegionE,RegionE,996,996,998.5666666666667,0.0,5.0,False
2715,BatchInference,RegionA,RegionA,1879,1879,1884.7,0.0,5.0,False
2716,AITraining,RegionD,RegionD,1887,1887,1887.9,0.0,5.0,False
2717,AITraining,RegionD,RegionD,112,112,113.18333333333334,0.0,5.0,False
2718,BatchInference,RegionC,RegionC,476,476,481.28333333333336,0.0,5.0,False
2719,BatchInference,RegionD,RegionD,276,276,281.15,0.0,5.0,False
2720,BatchInference,RegionE,RegionE,902,902,904.1,0.0,5.0,False
2721,AITraining,RegionF,RegionA,941,941,944.3833333333333,0.0,82.0,True
2722,BatchInference,RegionA,RegionA,1689,1689,1693.5833333333333,0.0,5.0,False
2723,BatchInference,RegionB,RegionB,2115,2115,2119.0,0.0,5.0,False
2724,AITraining,RegionD,RegionD,39,39,39.31666666666667,0.0,5.0,False
2725,AITraining,RegionE,RegionB,1078,1078,1080.2833333333333,0.0,74.0,True
2726,RealTimeInference,RegionC,RegionC,1176,1176,1179.3666666666666,0.0,5.0,False
2727,RealTimeInference,RegionC,RegionC,1634,1634,1635.5666666666666,0.0,5.0,False
2728,AITraining,RegionA,RegionA,1400,1400,1404.5666666666666,0.0,5.0,False
2729,RealTimeInference,RegionA,RegionA,2271,2271,2272.116666666667,0.0,5.0,False
2730,RealTimeInference,RegionA,RegionA,1951,1951,1956.2833333333333,0.0,5.0,False
2731,BatchInference,RegionC,RegionC,1448,1448,1451.0,0.0,5.0,False
2732,RealTimeInference,RegionB,RegionB,2349,2349,2354.25,0.0,5.0,False
2733,BatchInference,RegionE,RegionB,748,748,753.7166666666667,0.0,74.0,True
2734,AITraining,RegionF,RegionF,778,778,781.8333333333334,0.0,5.0,False
2735,BatchInference,RegionA,RegionA,817,817,822.0166666666667,0.0,5.0,False
2736,RealTimeInference,RegionA,RegionA,991,991,992.7333333333333,0.0,5.0,False
2737,BatchInference,RegionB,RegionB,846,846,852.5666666666667,0.0,5.0,False
2738,RealTimeInference,RegionB,RegionB,830,830,833.8,0.0,5.0,False
2739,RealTimeInference,RegionC,RegionC,1458,1458,1463.35,0.0,5.0,False
2740,RealTimeInference,RegionC,RegionC,436,436,442.35,0.0,5.0,False
2741,RealTimeInference,RegionF,RegionF,321,321,321.56666666666666,0.0,5.0,False
2742,AITraining,RegionC,RegionC,2017,2017,2019.15,0.0,5.0,False
2743,AITraining,RegionD,RegionD,27,27,30.45,0.0,5.0,False
2744,AITraining,RegionD,RegionD,173,173,173.46666666666667,0.0,5.0,False
2745,BatchInference,RegionD,RegionD,1520,1520,1524.1,0.0,5.0,False
2746,AITraining,RegionF,RegionA,1291,1291,1295.7666666666667,0.0,82.0,True
2747,BatchInference,RegionF,RegionB,2353,2353,2353.8166666666666,0.0,79.0,True
2748,BatchInference,RegionA,RegionA,2010,2010,2012.2666666666667,0.0,5.0,False
2749,RealTimeInference,RegionA,RegionA,2093,2093,2096.016666666667,0.0,5.0,False
2750,BatchInference,RegionB,RegionB,1629,1629,1632.2166666666667,0.0,5.0,False
2751,RealTimeInference,RegionB,RegionB,2362,2362,2365.45,0.0,5.0,False
2752,RealTimeInference,RegionC,RegionC,221,221,222.6,0.0,5.0,False
2753,AITraining,RegionF,RegionF,1733,1733,1738.5166666666667,0.0,5.0,False
2754,BatchInference,RegionF,RegionF,2214,2214,2216.116666666667,0.0,5.0,False
2755,RealTimeInference,RegionA,RegionA,2058,2058,2058.85,0.0,5.0,False
2756,BatchInference,RegionB,RegionB,1612,1612,1612.4333333333334,0.0,5.0,False
2757,AITraining,RegionD,RegionD,715,715,719.45,0.0,5.0,False
2758,BatchInference,RegionD,RegionD,493,493,493.43333333333334,0.0,5.0,False
2759,AITraining,RegionE,RegionE,2122,2122,2128.366666666667,0.0,5.0,False
2760,BatchInference,RegionF,RegionB,1292,1292,1292.8,0.0,79.0,True
2761,AITraining,RegionA,RegionA,34,34,40.61666666666667,0.0,5.0,False
2762,RealTimeInference,RegionA,RegionA,863,863,866.4333333333333,0.0,5.0,False
2763,BatchInference,RegionB,RegionB,2379,2379,2382.75,0.0,5.0,False
2764,RealTimeInference,RegionB,RegionB,1332,1332,1335.4166666666667,0.0,5.0,False
2765,BatchInference,RegionD,RegionD,1063,1063,1063.3833333333334,0.0,5.0,False
2766,RealTimeInference,RegionC,RegionC,2246,2246,2247.1,0.0,5.0,False
2767,BatchInference,RegionF,RegionF,971,971,974.65,0.0,5.0,False
2768,BatchInference,RegionA,RegionA,1930,1930,1935.8833333333334,0.0,5.0,False
2769,AITraining,RegionD,RegionD,1405,1405,1409.8,0.0,5.0,False
2770,BatchInference,RegionC,RegionC,753,753,758.7333333333333,0.0,5.0,False
2771,BatchInference,RegionD,RegionD,1736,1736,1739.2833333333333,0.0,5.0,False
2772,RealTimeInference,RegionC,RegionC,1716,1716,1719.7166666666667,0.0,5.0,False
2773,AITraining,RegionF,RegionF,1524,1524,1525.4166666666667,0.0,5.0,False
2774,BatchInference,RegionA,RegionA,1640,1640,1643.7,0.0,5.0,False
2775,BatchInference,RegionA,RegionA,1846,1846,1848.3,0.0,5.0,False
2776,RealTimeInference,RegionA,RegionA,2340,2340,2346.4666666666667,0.0,5.0,False
2777,RealTimeInference,RegionB,RegionB,2358,2358,2359.866666666667,0.0,5.0,False
2778,AITraining,RegionE,RegionB,936,936,942.2833333333333,0.0,74.0,True
2779,RealTimeInference,RegionC,RegionC,1105,1105,1105.6,0.0,5.0,False
2780,RealTimeInference,RegionE,RegionE,2274,2274,2276.9333333333334,0.0,5.0,False
2781,BatchInference,RegionA,RegionA,1560,1560,1561.5166666666667,0.0,5.0,False
2782,RealTimeInference,RegionA,RegionA,597,597,602.3166666666667,0.0,5.0,False
2783,AITraining,RegionD,RegionD,612,612,614.85,0.0,5.0,False
2784,BatchInference,RegionC,RegionC,39,39,39.78333333333333,0.0,5.0,False
2785,RealTimeInference,RegionC,RegionC,1726,1726,1729.5,0.0,5.0,False
2786,BatchInference,RegionE,RegionA,550,550,554.4,0.0,78.0,True
2787,AITraining,RegionA,RegionA,2117,2117,2118.516666666667,0.0,5.0,False
2788,AITraining,RegionD,RegionD,1293,1293,1296.8166666666666,0.0,5.0,False
2789,BatchInference,RegionB,RegionB,1228,1228,1231.55,0.0,5.0,False
2790,BatchInference,RegionC,RegionC,2302,2302,2305.5833333333335,0.0,5.0,False
2791,AITraining,RegionE,RegionE,195,195,199.8,0.0,5.0,False
2792,BatchInference,RegionE,RegionB,405,405,411.5,0.0,74.0,True
2793,AITraining,RegionF,RegionB,669,669,670.2833333333333,0.0,79.0,True
2794,RealTimeInference,RegionA,RegionA,882,882,885.7666666666667,0.0,5.0,False
2795,BatchInference,RegionB,RegionB,1951,1951,1954.2333333333333,0.0,5.0,False
2796,AITraining,RegionD,RegionD,394,394,395.9166666666667,0.0,5.0,False
2797,BatchInference,RegionC,RegionC,1370,1370,1373.1166666666666,0.0,5.0,False
2798,BatchInference,RegionD,RegionD,1478,1478,1484.4833333333333,0.0,5.0,False
2799,BatchInference,RegionE,RegionE,2295,2295,2297.5833333333335,0.0,5.0,False
2800,AITraining,RegionF,RegionB,1055,1055,1056.95,0.0,79.0,True
2801,BatchInference,RegionA,RegionA,81,81,86.6,0.0,5.0,False
2802,BatchInference,RegionB,RegionB,496,496,500.35,0.0,5.0,False
2803,BatchInference,RegionC,RegionC,814,814,816.85,0.0,5.0,False
2804,AITraining,RegionE,RegionE,2358,2358,2358.9,0.0,5.0,False
2805,AITraining,RegionE,RegionA,2205,2205,2211.516666666667,0.0,78.0,True
2806,RealTimeInference,RegionC,RegionC,1165,1165,1169.6666666666667,0.0,5.0,False
2807,BatchInference,RegionA,RegionA,1331,1331,1334.1166666666666,0.0,5.0,False
2808,AITraining,RegionD,RegionD,2090,2090,2090.2,0.0,5.0,False
2809,BatchInference,RegionB,RegionB,1830,1830,1831.2666666666667,0.0,5.0,False
2810,RealTimeInference,RegionB,RegionB,1560,1560,1561.7,0.0,5.0,False
2811,AITraining,RegionE,RegionA,1173,1173,1173.2666666666667,0.0,78.0,True
2812,BatchInference,RegionE,RegionA,593,593,598.5166666666667,0.0,78.0,True
2813,RealTimeInference,RegionE,RegionE,1381,1381,1385.0,0.0,5.0,False
2814,BatchInference,RegionA,RegionA,2341,2341,2343.383333333333,0.0,5.0,False
2815,BatchInference,RegionB,RegionB,292,292,295.8,0.0,5.0,False
2816,RealTimeInference,RegionB,RegionB,663,663,667.7666666666667,0.0,5.0,False
2817,BatchInference,RegionD,RegionD,934,934,936.6833333333333,0.0,5.0,False
2818,BatchInference,RegionD,RegionD,1297,1297,1302.55,0.0,5.0,False
2819,AITraining,RegionF,RegionB,1193,1193,1196.0833333333333,0.0,79.0,True
2820,AITraining,RegionA,RegionA,1095,1095,1096.0833333333333,0.0,5.0,False
2821,AITraining,RegionD,RegionD,1619,1619,1624.0833333333333,0.0,5.0,False
2822,BatchInference,RegionB,RegionB,1822,1822,1827.1833333333334,0.0,5.0,False
2823,BatchInference,RegionC,RegionC,2133,2133,2135.733333333333,0.0,5.0,False
2824,BatchInference,RegionD,RegionD,1695,1695,1699.0166666666667,0.0,5.0,False
2825,RealTimeInference,RegionC,RegionC,753,753,757.45,0.0,5.0,False
2826,RealTimeInference,RegionE,RegionE,512,512,515.15,0.0,5.0,False
2827,AITraining,RegionB,RegionB,961,961,966.95,0.0,5.0,False
2828,AITraining,RegionD,RegionD,1030,1030,1030.5166666666667,0.0,5.0,False
2829,AITraining,RegionD,RegionD,327,327,332.53333333333336,0.0,5.0,False
2830,RealTimeInference,RegionB,RegionB,683,683,686.75,0.0,5.0,False
2831,BatchInference,RegionD,RegionD,421,421,422.8666666666667,0.0,5.0,False
2832,RealTimeInference,RegionC,RegionC,261,261,266.1,0.0,5.0,False
2833,BatchInference,RegionA,RegionA,2246,2246,2246.366666666667,0.0,5.0,False
2834,RealTimeInference,RegionA,RegionA,107,107,107.81666666666666,0.0,5.0,False
2835,BatchInference,RegionB,RegionB,2146,2146,2149.0333333333333,0.0,5.0,False
2836,RealTimeInference,RegionB,RegionB,425,425,431.4166666666667,0.0,5.0,False
2837,BatchInference,RegionD,RegionD,636,636,636.3333333333334,0.0,5.0,False
2838,RealTimeInference,RegionC,RegionC,1596,1596,1598.1,0.0,5.0,False
2839,BatchInference,RegionF,RegionC,939,939,941.0833333333334,0.0,76.0,True
2840,RealTimeInference,RegionA,RegionA,1163,1163,1166.4833333333333,0.0,5.0,False
2841,BatchInference,RegionB,RegionB,517,517,522.6,0.0,5.0,False
2842,RealTimeInference,RegionB,RegionB,2157,2157,2158.3166666666666,0.0,5.0,False
2843,RealTimeInference,RegionB,RegionB,117,117,117.48333333333333,0.0,5.0,False
2844,RealTimeInference,RegionC,RegionC,1461,1461,1464.4666666666667,0.0,5.0,False
2845,BatchInference,RegionE,RegionE,1950,1950,1950.9,0.0,5.0,False
2846,BatchInference,RegionF,RegionF,2214,2214,2220.5,0.0,5.0,False
2847,BatchInference,RegionA,RegionA,2246,2246,2248.9166666666665,0.0,5.0,False
2848,BatchInference,RegionB,RegionB,553,553,558.8166666666667,0.0,5.0,False
2849,AITraining,RegionD,RegionD,2208,2208,2212.35,0.0,5.0,False
2850,RealTimeInference,RegionB,RegionB,1870,1870,1872.9,0.0,5.0,False
2851,AITraining,RegionF,RegionF,2310,2310,2314.9666666666667,0.0,5.0,False
2852,BatchInference,RegionF,RegionF,2144,2144,2146.366666666667,0.0,5.0,False
2853,AITraining,RegionB,RegionB,2186,2186,2188.9166666666665,0.0,5.0,False
2854,BatchInference,RegionB,RegionB,1422,1422,1426.2,0.0,5.0,False
2855,BatchInference,RegionB,RegionB,2210,2210,2212.983333333333,0.0,5.0,False
2856,RealTimeInference,RegionB,RegionB,366,366,371.15,0.0,5.0,False
2857,BatchInference,RegionD,RegionD,1261,1261,1264.9,0.0,5.0,False
2858,BatchInference,RegionE,RegionE,1688,1688,1694.1166666666666,0.0,5.0,False
2859,BatchInference,RegionF,RegionF,637,637,639.75,0.0,5.0,False
2860,BatchInference,RegionA,RegionA,43,43,45.96666666666667,0.0,5.0,False
2861,RealTimeInference,RegionA,RegionA,2143,2143,2149.4,0.0,5.0,False
2862,RealTimeInference,RegionB,RegionB,1408,1408,1412.0,0.0,5.0,False
2863,BatchInference,RegionD,RegionD,1921,1921,1925.8166666666666,0.0,5.0,False
2864,AITraining,RegionE,RegionE,34,34,39.983333333333334,0.0,5.0,False
2865,AITraining,RegionF,RegionA,2014,2014,2016.2833333333333,0.0,82.0,True
2866,BatchInference,RegionA,RegionA,1227,1227,1227.9333333333334,0.0,5.0,False
2867,RealTimeInference,RegionA,RegionA,1763,1763,1763.7833333333333,0.0,5.0,False
2868,BatchInference,RegionB,RegionB,947,947,950.9166666666666,0.0,5.0,False
2869,RealTimeInference,RegionB,RegionB,2245,2245,2248.883333333333,0.0,5.0,False
2870,BatchInference,RegionD,RegionD,772,772,774.6,0.0,5.0,False
2871,BatchInference,RegionE,RegionB,2296,2296,2301.9666666666667,0.0,74.0,True
2872,BatchInference,RegionF,RegionF,1616,1616,1620.4833333333333,0.0,5.0,False
2873,RealTimeInference,RegionA,RegionA,668,668,669.2166666666667,0.0,5.0,False
2874,AITraining,RegionD,RegionD,1596,1596,1596.3333333333333,0.0,5.0,False
2875,BatchInference,RegionC,RegionC,903,903,906.5333333333333,0.0,5.0,False
2876,BatchInference,RegionD,RegionD,324,324,324.8,0.0,5.0,False
2877,BatchInference,RegionD,RegionD,981,981,982.25,0.0,5.0,False
2878,AITraining,RegionF,RegionF,1113,1113,1115.0,0.0,5.0,False
2879,BatchInference,RegionA,RegionA,2178,2178,2181.366666666667,0.0,5.0,False
2880,BatchInference,RegionA,RegionA,1691,1691,1693.8,0.0,5.0,False
2881,RealTimeInference,RegionA,RegionA,280,280,284.8333333333333,0.0,5.0,False
2882,RealTimeInference,RegionB,RegionB,559,559,562.3333333333334,0.0,5.0,False
2883,BatchInference,RegionD,RegionD,452,452,455.65,0.0,5.0,False
2884,AITraining,RegionF,RegionF,1865,1865,1866.3,0.0,5.0,False
2885,AITraining,RegionF,RegionF,1854,1854,1857.2833333333333,0.0,5.0,False
2886,BatchInference,RegionA,RegionA,2015,2015,2015.3166666666666,0.0,5.0,False
2887,RealTimeInference,RegionA,RegionA,1313,1313,1315.8833333333334,0.0,5.0,False
2888,RealTimeInference,RegionB,RegionB,623,623,623.9666666666667,0.0,5.0,False
2889,RealTimeInference,RegionB,RegionB,2191,2191,2194.1,0.0,5.0,False
2890,RealTimeInference,RegionC,RegionC,761,761,767.6333333333333,0.0,5.0,False
2891,RealTimeInference,RegionC,RegionC,1155,1155,1158.3,0.0,5.0,False
2892,BatchInference,RegionA,RegionA,512,512,515.9833333333333,0.0,5.0,False
2893,AITraining,RegionD,RegionD,1795,1795,1799.5,0.0,5.0,False
2894,AITraining,RegionD,RegionD,33,33,35.55,0.0,5.0,False
2895,RealTimeInference,RegionB,RegionB,369,369,373.46666666666664,0.0,5.0,False
2896,RealTimeInference,RegionB,RegionB,60,60,66.0,0.0,5.0,False
2897,BatchInference,RegionE,RegionA,889,889,892.6166666666667,0.0,78.0,True
2898,BatchInference,RegionF,RegionB,1721,1721,1726.5166666666667,0.0,79.0,True
2899,BatchInference,RegionA,RegionA,2041,2041,2044.25,0.0,5.0,False
2900,BatchInference,RegionB,RegionB,1899,1899,1902.7666666666667,0.0,5.0,False
2901,AITraining,RegionD,RegionD,129,129,133.55,0.0,5.0,False
2902,BatchInference,RegionC,RegionC,328,328,331.46666666666664,0.0,5.0,False
2903,RealTimeInference,RegionC,RegionC,229,229,232.48333333333332,0.0,5.0,False
2904,BatchInference,RegionE,RegionA,1607,1607,1612.8333333333333,0.0,78.0,True
2905,RealTimeInference,RegionF,RegionF,2224,2224,2225.116666666667,0.0,5.0,False
2906,BatchInference,RegionA,RegionA,743,743,747.3,0.0,5.0,False
2907,RealTimeInference,RegionA,RegionA,1024,1024,1028.6666666666667,0.0,5.0,False
2908,BatchInference,RegionC,RegionC,51,51,52.483333333333334,0.0,5.0,False
2909,RealTimeInference,RegionB,RegionB,1019,1019,1025.2333333333333,0.0,5.0,False
2910,BatchInference,RegionE,RegionA,1814,1814,1819.6,0.0,78.0,True
2911,RealTimeInference,RegionD,RegionD,137,137,141.01666666666668,0.0,5.0,False
2912,RealTimeInference,RegionA,RegionA,1887,1887,1888.85,0.0,5.0,False
2913,AITraining,RegionD,RegionD,384,384,386.9166666666667,0.0,5.0,False
2914,AITraining,RegionD,RegionD,853,853,859.3666666666667,0.0,5.0,False
2915,BatchInference,RegionC,RegionC,1593,1593,1597.3,0.0,5.0,False
2916,AITraining,RegionE,RegionA,1278,1278,1279.65,0.0,78.0,True
2917,BatchInference,RegionE,RegionB,649,649,652.8166666666667,0.0,74.0,True
2918,AITraining,RegionF,RegionB,172,172,175.83333333333334,0.0,79.0,True
2919,AITraining,RegionC,RegionC,2251,2251,2251.85,0.0,5.0,False
2920,AITraining,RegionD,RegionD,500,500,501.1166666666667,0.0,5.0,False
2921,BatchInference,RegionC,RegionC,1971,1971,1971.5666666666666,0.0,5.0,False
2922,AITraining,RegionE,RegionE,1223,1223,1225.3,0.0,5.0,False
2923,RealTimeInference,RegionC,RegionC,1476,1476,1478.7,0.0,5.0,False
2924,RealTimeInference,RegionC,RegionC,892,892,892.25,0.0,5.0,False
2925,RealTimeInference,RegionA,RegionA,966,966,971.5833333333334,0.0,5.0,False
2926,AITraining,RegionD,RegionD,1778,1778,1783.3833333333334,0.0,5.0,False
2927,BatchInference,RegionB,RegionB,61,61,61.18333333333333,0.0,5.0,False
2928,RealTimeInference,RegionB,RegionB,1130,1130,1135.0333333333333,0.0,5.0,False
2929,AITraining,RegionE,RegionE,490,490,496.28333333333336,0.0,5.0,False
2930,BatchInference,RegionE,RegionE,995,995,998.6333333333333,0.0,5.0,False
2931,RealTimeInference,RegionE,RegionF,172,172,174.1,0.0,18.0,True
2932,AITraining,RegionC,RegionC,1946,1946,1947.9,0.0,5.0,False
2933,AITraining,RegionD,RegionD,634,634,639.3333333333334,0.0,5.0,False
2934,BatchInference,RegionC,RegionC,366,366,371.1666666666667,0.0,5.0,False
2935,RealTimeInference,RegionB,RegionB,645,645,645.55,0.0,5.0,False
2936,BatchInference,RegionD,RegionD,374,374,374.55,0.0,5.0,False
2937,AITraining,RegionF,RegionF,1386,1386,1386.4166666666667,0.0,5.0,False
2938,AITraining,RegionA,RegionA,245,245,249.2,0.0,5.0,False
2939,RealTimeInference,RegionA,RegionA,1456,1456,1460.6666666666667,0.0,5.0,False
2940,AITraining,RegionD,RegionD,630,630,633.3666666666667,0.0,5.0,False
2941,AITraining,RegionD,RegionD,2196,2196,2198.0666666666666,0.0,5.0,False
2942,RealTimeInference,RegionB,RegionB,515,515,520.5666666666667,0.0,5.0,False
2943,BatchInference,RegionE,RegionE,953,953,954.4,0.0,5.0,False
2944,BatchInference,RegionF,RegionF,2287,2287,2292.1,0.0,5.0,False
2945,AITraining,RegionB,RegionB,1422,1422,1425.7333333333333,0.0,5.0,False
2946,BatchInference,RegionB,RegionB,790,790,790.8,0.0,5.0,False
2947,RealTimeInference,RegionB,RegionB,1547,1547,1547.2666666666667,0.0,5.0,False
2948,BatchInference,RegionC,RegionC,551,551,553.8333333333334,0.0,5.0,False
2949,BatchInference,RegionD,RegionD,161,161,162.46666666666667,0.0,5.0,False
2950,BatchInference,RegionE,RegionE,1792,1792,1794.35,0.0,5.0,False
2951,AITraining,RegionA,RegionA,1207,1207,1209.1,0.0,5.0,False
2952,AITraining,RegionD,RegionD,2007,2007,2007.6166666666666,0.0,5.0,False
2953,RealTimeInference,RegionA,RegionA,2321,2321,2324.2833333333333,0.0,5.0,False
2954,RealTimeInference,RegionB,RegionB,2226,2226,2231.3166666666666,0.0,5.0,False
2955,BatchInference,RegionD,RegionD,1325,1325,1328.7666666666667,0.0,5.0,False
2956,AITraining,RegionF,RegionB,1918,1918,1919.5333333333333,0.0,79.0,True
2957,BatchInference,RegionF,RegionF,2271,2271,2273.2833333333333,0.0,5.0,False
2958,RealTimeInference,RegionA,RegionA,282,282,285.75,0.0,5.0,False
2959,AITraining,RegionD,RegionD,634,634,640.35,0.0,5.0,False
2960,BatchInference,RegionB,RegionB,1211,1211,1217.0833333333333,0.0,5.0,False
2961,BatchInference,RegionC,RegionC,2218,2218,2223.016666666667,0.0,5.0,False
2962,BatchInference,RegionD,RegionD,1859,1859,1861.9666666666667,0.0,5.0,False
2963,RealTimeInference,RegionC,RegionC,2072,2072,2073.25,0.0,5.0,False
2964,BatchInference,RegionF,RegionF,759,759,764.15,0.0,5.0,False
2965,RealTimeInference,RegionA,RegionA,1491,1491,1491.8,0.0,5.0,False
2966,AITraining,RegionD,RegionD,978,978,979.65,0.0,5.0,False
2967,BatchInference,RegionC,RegionC,259,259,262.28333333333336,0.0,5.0,False
2968,AITraining,RegionE,RegionB,2207,2207,2208.366666666667,0.0,74.0,True
2969,BatchInference,RegionD,RegionD,777,777,778.8333333333334,0.0,5.0,False
2970,AITraining,RegionF,RegionB,2037,2037,2040.0833333333333,0.0,79.0,True
2971,AITraining,RegionB,RegionB,631,631,637.1333333333333,0.0,5.0,False
2972,AITraining,RegionD,RegionD,1159,1159,1159.1833333333334,0.0,5.0,False
2973,BatchInference,RegionB,RegionB,1678,1678,1681.6666666666667,0.0,5.0,False
2974,AITraining,RegionE,RegionB,1319,1319,1321.55,0.0,74.0,True
2975,RealTimeInference,RegionC,RegionC,394,394,394.6333333333333,0.0,5.0,False
2976,AITraining,RegionF,RegionF,273,273,277.26666666666665,0.0,5.0,False
2977,RealTimeInference,RegionE,RegionF,531,531,536.7666666666667,0.0,18.0,True
2978,RealTimeInference,RegionA,RegionA,128,128,129.38333333333333,0.0,5.0,False
2979,RealTimeInference,RegionA,RegionA,438,438,439.3,0.0,5.0,False
2980,BatchInference,RegionC,RegionC,784,784,786.4333333333333,0.0,5.0,False
2981,RealTimeInference,RegionB,RegionB,130,130,131.81666666666666,0.0,5.0,False
2982,AITraining,RegionE,RegionE,1591,1591,1592.1833333333334,0.0,5.0,False
2983,AITraining,RegionF,RegionA,2006,2006,2012.5,0.0,82.0,True
2984,AITraining,RegionA,RegionA,1048,1048,1050.5333333333333,0.0,5.0,False
2985,RealTimeInference,RegionA,RegionA,1500,1500,1502.7666666666667,0.0,5.0,False
2986,RealTimeInference,RegionA,RegionA,290,290,291.51666666666665,0.0,5.0,False
2987,RealTimeInference,RegionB,RegionB,854,854,857.0166666666667,0.0,5.0,False
2988,AITraining,RegionE,RegionA,2012,2012,2013.4,0.0,78.0,True
2989,RealTimeInference,RegionC,RegionC,1917,1917,1919.05,0.0,5.0,False
2990,AITraining,RegionF,RegionF,248,248,253.48333333333332,0.0,5.0,False
2991,BatchInference,RegionA,RegionA,2285,2285,2291.1833333333334,0.0,5.0,False
2992,AITraining,RegionD,RegionD,1703,1703,1703.4833333333333,0.0,5.0,False
2993,BatchInference,RegionC,RegionC,238,238,243.36666666666667,0.0,5.0,False
2994,AITraining,RegionE,RegionE,1088,1088,1091.4166666666667,0.0,5.0,False
2995,AITraining,RegionE,RegionB,166,166,167.68333333333334,0.0,74.0,True
2996,AITraining,RegionF,RegionB,288,288,288.28333333333336,0.0,79.0,True
2997,BatchInference,RegionA,RegionA,319,319,323.0833333333333,0.0,5.0,False
2998,RealTimeInference,RegionA,RegionA,2127,2127,2127.9,0.0,5.0,False
2999,RealTimeInference,RegionA,RegionA,414,414,418.96666666666664,0.0,5.0,False
3000,AITraining,RegionD,RegionD,946,946,948.05,0.0,5.0,False
3001,AITraining,RegionE,RegionA,1578,1578,1580.3333333333333,0.0,78.0,True
3002,RealTimeInference,RegionC,RegionC,791,791,795.3666666666667,0.0,5.0,False
3003,AITraining,RegionF,RegionF,1018,1018,1024.5833333333333,0.0,5.0,False
3004,AITraining,RegionB,RegionB,732,732,733.2833333333333,0.0,5.0,False
3005,AITraining,RegionD,RegionD,2286,2286,2288.5,0.0,5.0,False
3006,BatchInference,RegionB,RegionB,432,432,434.8666666666667,0.0,5.0,False
3007,AITraining,RegionE,RegionE,2361,2361,2363.3166666666666,0.0,5.0,False
3008,BatchInference,RegionD,RegionD,1878,1878,1879.2166666666667,0.0,5.0,False
3009,AITraining,RegionF,RegionA,1749,1749,1751.3166666666666,0.0,82.0,True
3010,RealTimeInference,RegionF,RegionF,683,683,684.9833333333333,0.0,5.0,False
3011,RealTimeInference,RegionA,RegionA,2252,2252,2253.9166666666665,0.0,5.0,False
3012,BatchInference,RegionB,RegionB,2067,2067,2071.4166666666665,0.0,5.0,False
3013,BatchInference,RegionC,RegionC,647,647,649.85,0.0,5.0,False
3014,AITraining,RegionE,RegionE,1814,1814,1815.3333333333333,0.0,5.0,False
3015,BatchInference,RegionE,RegionA,1290,1290,1291.0666666666666,0.0,78.0,True
3016,AITraining,RegionF,RegionF,1329,1329,1329.2,0.0,5.0,False
3017,BatchInference,RegionA,RegionA,1688,1688,1691.2833333333333,0.0,5.0,False
3018,AITraining,RegionD,RegionD,1763,1763,1766.55,0.0,5.0,False
3019,AITraining,RegionD,RegionD,1324,1324,1324.3333333333333,0.0,5.0,False
3020,AITraining,RegionE,RegionA,985,985,987.5833333333334,0.0,78.0,True
3021,AITraining,RegionE,RegionA,2234,2234,2235.883333333333,0.0,78.0,True
3022,RealTimeInference,RegionC,RegionC,1536,1536,1536.8833333333334,0.0,5.0,False
3023,AITraining,RegionF,RegionF,1040,1040,1043.2666666666667,0.0,5.0,False
3024,BatchInference,RegionA,RegionA,1853,1853,1859.5,0.0,5.0,False
3025,BatchInference,RegionB,RegionB,1626,1626,1631.3666666666666,0.0,5.0,False
3026,RealTimeInference,RegionB,RegionB,141,141,143.06666666666666,0.0,5.0,False
3027,BatchInference,RegionD,RegionD,66,66,70.73333333333333,0.0,5.0,False
3028,AITraining,RegionE,RegionA,553,553,558.6166666666667,0.0,78.0,True
3029,BatchInference,RegionF,RegionC,26,26,26.816666666666666,0.0,76.0,True
3030,BatchInference,RegionA,RegionA,908,908,910.9833333333333,0.0,5.0,False
3031,RealTimeInference,RegionA,RegionA,1289,1289,1292.2833333333333,0.0,5.0,False
3032,RealTimeInference,RegionB,RegionB,1130,1130,1133.9666666666667,0.0,5.0,False
3033,AITraining,RegionE,RegionE,2094,2094,2094.4166666666665,0.0,5.0,False
3034,AITraining,RegionE,RegionE,2337,2337,2337.5833333333335,0.0,5.0,False
3035,AITraining,RegionF,RegionF,633,633,634.35,0.0,5.0,False
3036,RealTimeInference,RegionE,RegionE,154,154,157.1,0.0,5.0,False
3037,BatchInference,RegionA,RegionA,1456,1456,1460.6333333333334,0.0,5.0,False
3038,RealTimeInference,RegionA,RegionA,566,566,567.9333333333333,0.0,5.0,False
3039,BatchInference,RegionC,RegionC,1503,1503,1503.45,0.0,5.0,False
3040,AITraining,RegionE,RegionE,1023,1023,1026.5666666666666,0.0,5.0,False
3041,RealTimeInference,RegionC,RegionC,1049,1049,1051.7166666666667,0.0,5.0,False
3042,BatchInference,RegionE,RegionA,376,376,380.1666666666667,0.0,78.0,True
3043,AITraining,RegionA,RegionA,1637,1637,1643.3,0.0,5.0,False
3044,AITraining,RegionD,RegionD,890,890,890.9833333333333,0.0,5.0,False
3045,AITraining,RegionD,RegionD,316,316,319.75,0.0,5.0,False
3046,AITraining,RegionD,RegionD,1329,1329,1330.35,0.0,5.0,False
3047,BatchInference,RegionD,RegionD,708,708,712.2666666666667,0.0,5.0,False
3048,BatchInference,RegionE,RegionE,2360,2360,2362.65,0.0,5.0,False
3049,RealTimeInference,RegionE,RegionE,1230,1230,1230.5833333333333,0.0,5.0,False
3050,RealTimeInference,RegionA,RegionA,2360,2360,2361.8,0.0,5.0,False
3051,BatchInference,RegionB,RegionB,321,321,322.0,0.0,5.0,False
3052,RealTimeInference,RegionB,RegionB,1369,1369,1370.8833333333334,0.0,5.0,False
3053,BatchInference,RegionD,RegionD,1778,1778,1780.5,0.0,5.0,False
3054,BatchInference,RegionD,RegionD,493,493,496.2,0.0,5.0,False
3055,RealTimeInference,RegionC,RegionC,46,46,47.46666666666667,0.0,5.0,False
3056,AITraining,RegionA,RegionA,1566,1566,1570.6333333333334,0.0,5.0,False
3057,RealTimeInference,RegionA,RegionA,1248,1248,1251.25,0.0,5.0,False
3058,AITraining,RegionD,RegionD,168,168,171.98333333333332,0.0,5.0,False
3059,BatchInference,RegionC,RegionC,2211,2211,2216.5833333333335,0.0,5.0,False
3060,AITraining,RegionE,RegionE,612,612,617.5333333333333,0.0,5.0,False
3061,BatchInference,RegionE,RegionA,2057,2057,2062.633333333333,0.0,78.0,True
3062,AITraining,RegionF,RegionF,904,904,909.5333333333333,0.0,5.0,False
3063,RealTimeInference,RegionA,RegionA,206,206,208.3,0.0,5.0,False
3064,AITraining,RegionD,RegionD,1609,1609,1610.2,0.0,5.0,False
3065,BatchInference,RegionB,RegionB,2356,2356,2361.7,0.0,5.0,False
3066,AITraining,RegionE,RegionE,368,368,373.03333333333336,0.0,5.0,False
3067,RealTimeInference,RegionC,RegionC,1769,1769,1769.55,0.0,5.0,False
3068,BatchInference,RegionE,RegionE,1615,1615,1621.0833333333333,0.0,5.0,False
3069,RealTimeInference,RegionF,RegionF,541,541,544.05,0.0,5.0,False
3070,BatchInference,RegionA,RegionA,338,338,343.4166666666667,0.0,5.0,False
3071,BatchInference,RegionB,RegionB,2340,2340,2343.616666666667,0.0,5.0,False
3072,AITraining,RegionD,RegionD,201,201,204.35,0.0,5.0,False
3073,AITraining,RegionE,RegionA,1635,1635,1639.2,0.0,78.0,True
3074,BatchInference,RegionE,RegionE,348,348,351.73333333333335,0.0,5.0,False
3075,BatchInference,RegionF,RegionF,2055,2055,2055.6666666666665,0.0,5.0,False
3076,BatchInference,RegionA,RegionA,534,534,538.85,0.0,5.0,False
3077,RealTimeInference,RegionA,RegionA,1969,1969,1974.7166666666667,0.0,5.0,False
3078,AITraining,RegionD,RegionD,811,811,816.5333333333333,0.0,5.0,False
3079,BatchInference,RegionC,RegionC,1619,1619,1624.05,0.0,5.0,False
3080,AITraining,RegionE,RegionE,2340,2340,2344.3,0.0,5.0,False
3081,RealTimeInference,RegionC,RegionC,2298,2298,2302.866666666667,0.0,5.0,False
3082,AITraining,RegionF,RegionF,2147,2147,2150.45,0.0,5.0,False
3083,RealTimeInference,RegionA,RegionA,992,992,998.0833333333334,0.0,5.0,False
3084,RealTimeInference,RegionA,RegionA,1090,1090,1090.4333333333334,0.0,5.0,False
3085,BatchInference,RegionC,RegionC,1324,1324,1330.6,0.0,5.0,False
3086,AITraining,RegionE,RegionE,2359,2359,2362.55,0.0,5.0,False
3087,RealTimeInference,RegionC,RegionC,460,460,463.71666666666664,0.0,5.0,False
3088,AITraining,RegionF,RegionF,1694,1694,1695.3,0.0,5.0,False
3089,BatchInference,RegionA,RegionA,1496,1496,1500.6,0.0,5.0,False
3090,BatchInference,RegionA,RegionA,780,780,785.9333333333333,0.0,5.0,False
3091,BatchInference,RegionB,RegionB,1411,1411,1414.75,0.0,5.0,False
3092,AITraining,RegionD,RegionD,99,99,100.71666666666667,0.0,5.0,False
3093,BatchInference,RegionD,RegionD,693,693,695.0666666666667,0.0,5.0,False
3094,BatchInference,RegionE,RegionE,1811,1811,1817.4333333333334,0.0,5.0,False
3095,AITraining,RegionF,RegionA,597,597,598.9,0.0,82.0,True
3096,BatchInference,RegionA,RegionA,183,183,189.13333333333333,0.0,5.0,False
3097,RealTimeInference,RegionA,RegionA,817,817,818.1166666666667,0.0,5.0,False
3098,AITraining,RegionD,RegionD,1531,1531,1536.8333333333333,0.0,5.0,False
3099,RealTimeInference,RegionB,RegionB,351,351,355.4,0.0,5.0,False
3100,RealTimeInference,RegionC,RegionC,223,223,225.61666666666667,0.0,5.0,False
3101,RealTimeInference,RegionC,RegionC,604,604,610.5833333333334,0.0,5.0,False
3102,BatchInference,RegionA,RegionA,56,56,61.53333333333333,0.0,5.0,False
3103,BatchInference,RegionA,RegionA,455,455,460.26666666666665,0.0,5.0,False
3104,BatchInference,RegionB,RegionB,1843,1843,1843.95,0.0,5.0,False
3105,BatchInference,RegionC,RegionC,93,93,98.68333333333334,0.0,5.0,False
3106,BatchInference,RegionD,RegionD,856,856,862.1333333333333,0.0,5.0,False
3107,AITraining,RegionF,RegionB,2203,2203,2206.0666666666666,0.0,79.0,True
3108,RealTimeInference,RegionE,RegionE,834,834,840.4833333333333,0.0,5.0,False
3109,AITraining,RegionB,RegionB,2143,2143,2144.3,0.0,5.0,False
3110,BatchInference,RegionB,RegionB,2247,2247,2249.8333333333335,0.0,5.0,False
3111,BatchInference,RegionB,RegionB,578,578,581.6833333333333,0.0,5.0,False
3112,AITraining,RegionE,RegionE,75,75,81.35,0.0,5.0,False
3113,BatchInference,RegionD,RegionD,2387,2387,2393.233333333333,0.0,5.0,False
3114,AITraining,RegionF,RegionA,2157,2157,2158.633333333333,0.0,82.0,True
3115,RealTimeInference,RegionA,RegionA,1046,1046,1052.2833333333333,0.0,5.0,False
3116,RealTimeInference,RegionA,RegionA,246,246,248.43333333333334,0.0,5.0,False
3117,BatchInference,RegionB,RegionB,822,822,828.55,0.0,5.0,False
3118,AITraining,RegionD,RegionD,1111,1111,1114.2833333333333,0.0,5.0,False
3119,RealTimeInference,RegionB,RegionB,1904,1904,1909.0166666666667,0.0,5.0,False
3120,AITraining,RegionF,RegionF,34,34,37.61666666666667,0.0,5.0,False
3121,RealTimeInference,RegionD,RegionD,1591,1591,1595.8166666666666,0.0,5.0,False
3122,AITraining,RegionB,RegionB,1111,1111,1113.5833333333333,0.0,5.0,False
3123,AITraining,RegionD,RegionD,1475,1475,1476.65,0.0,5.0,False
3124,RealTimeInference,RegionB,RegionB,78,78,83.33333333333333,0.0,5.0,False
3125,BatchInference,RegionC,RegionC,1583,1583,1583.6333333333334,0.0,5.0,False
3126,RealTimeInference,RegionC,RegionC,1559,1559,1560.4666666666667,0.0,5.0,False
3127,AITraining,RegionF,RegionB,407,407,411.76666666666665,0.0,79.0,True
3128,BatchInference,RegionF,RegionF,1985,1985,1986.1,0.0,5.0,False
3129,AITraining,RegionC,RegionC,2177,2177,2178.7,0.0,5.0,False
3130,RealTimeInference,RegionA,RegionA,763,763,767.7333333333333,0.0,5.0,False
3131,RealTimeInference,RegionB,RegionB,2050,2050,2051.4333333333334,0.0,5.0,False
3132,BatchInference,RegionD,RegionD,2296,2296,2300.116666666667,0.0,5.0,False
3133,AITraining,RegionE,RegionE,88,88,89.36666666666666,0.0,5.0,False
3134,RealTimeInference,RegionD,RegionD,1013,1013,1016.3,0.0,5.0,False
3135,AITraining,RegionB,RegionB,1248,1248,1248.4666666666667,0.0,5.0,False
3136,BatchInference,RegionB,RegionB,2006,2006,2007.8333333333333,0.0,5.0,False
3137,BatchInference,RegionB,RegionB,643,643,646.4166666666666,0.0,5.0,False
3138,RealTimeInference,RegionB,RegionB,1420,1420,1425.8833333333334,0.0,5.0,False
3139,AITraining,RegionE,RegionA,1441,1441,1444.7833333333333,0.0,78.0,True
3140,BatchInference,RegionE,RegionE,1238,1238,1238.2666666666667,0.0,5.0,False
3141,RealTimeInference,RegionE,RegionE,2053,2053,2053.35,0.0,5.0,False
3142,BatchInference,RegionA,RegionA,253,253,253.5,0.0,5.0,False
3143,AITraining,RegionD,RegionD,1055,1055,1059.7,0.0,5.0,False
3144,BatchInference,RegionC,RegionC,120,120,124.86666666666666,0.0,5.0,False
3145,AITraining,RegionE,RegionB,1147,1147,1149.4333333333334,0.0,74.0,True
3146,RealTimeInference,RegionC,RegionC,621,621,626.4333333333333,0.0,5.0,False
3147,BatchInference,RegionF,RegionC,1609,1609,1610.8666666666666,0.0,76.0,True
3148,AITraining,RegionA,RegionA,562,562,563.8333333333334,0.0,5.0,False
3149,RealTimeInference,RegionA,RegionA,1565,1565,1568.9166666666667,0.0,5.0,False
3150,AITraining,RegionD,RegionD,931,931,935.1,0.0,5.0,False
3151,BatchInference,RegionC,RegionC,984,984,987.4666666666667,0.0,5.0,False
3152,AITraining,RegionE,RegionB,625,625,627.1833333333333,0.0,74.0,True
3153,BatchInference,RegionE,RegionE,1279,1279,1283.7,0.0,5.0,False
3154,AITraining,RegionF,RegionA,1348,1348,1352.4166666666667,0.0,82.0,True
3155,BatchInference,RegionA,RegionA,2220,2220,2221.9666666666667,0.0,5.0,False
3156,RealTimeInference,RegionA,RegionA,846,846,849.2666666666667,0.0,5.0,False
3157,AITraining,RegionD,RegionD,567,567,573.25,0.0,5.0,False
3158,AITraining,RegionE,RegionE,2217,2217,2221.85,0.0,5.0,False
3159,AITraining,RegionE,RegionE,828,828,831.9333333333333,0.0,5.0,False
3160,RealTimeInference,RegionC,RegionC,1265,1265,1271.1833333333334,0.0,5.0,False
3161,AITraining,RegionA,RegionA,2145,2145,2146.0333333333333,0.0,5.0,False
3162,RealTimeInference,RegionA,RegionA,1761,1761,1765.6,0.0,5.0,False
3163,RealTimeInference,RegionA,RegionA,2313,2313,2314.8166666666666,0.0,5.0,False
3164,RealTimeInference,RegionB,RegionB,1300,1300,1300.4,0.0,5.0,False
3165,RealTimeInference,RegionB,RegionB,2282,2282,2283.8333333333335,0.0,5.0,False
3166,AITraining,RegionF,RegionB,484,484,484.6333333333333,0.0,79.0,True
3167,RealTimeInference,RegionE,RegionE,1300,1300,1306.2166666666667,0.0,5.0,False
3168,RealTimeInference,RegionA,RegionA,120,120,124.66666666666667,0.0,5.0,False
3169,BatchInference,RegionB,RegionB,1695,1695,1698.7166666666667,0.0,5.0,False
3170,BatchInference,RegionB,RegionB,1242,1242,1246.8,0.0,5.0,False
3171,BatchInference,RegionC,RegionC,1121,1121,1124.3833333333334,0.0,5.0,False
3172,RealTimeInference,RegionC,RegionC,769,769,771.4666666666667,0.0,5.0,False
3173,RealTimeInference,RegionC,RegionC,538,538,538.9833333333333,0.0,5.0,False
3174,RealTimeInference,RegionF,RegionF,107,107,110.33333333333333,0.0,5.0,False
3175,AITraining,RegionD,RegionD,1093,1093,1098.5333333333333,0.0,5.0,False
3176,AITraining,RegionD,RegionD,2322,2322,2323.45,0.0,5.0,False
3177,AITraining,RegionD,RegionD,945,945,946.4,0.0,5.0,False
3178,AITraining,RegionE,RegionE,951,951,954.0,0.0,5.0,False
3179,RealTimeInference,RegionC,RegionC,106,106,106.95,0.0,5.0,False
3180,BatchInference,RegionF,RegionF,325,325,330.25,0.0,5.0,False
3181,AITraining,RegionB,RegionB,1952,1952,1953.3,0.0,5.0,False
3182,RealTimeInference,RegionA,RegionA,2057,2057,2057.3,0.0,5.0,False
3183,AITraining,RegionD,RegionD,1920,1920,1922.6333333333334,0.0,5.0,False
3184,AITraining,RegionE,RegionB,1531,1531,1537.0333333333333,0.0,74.0,True
3185,RealTimeInference,RegionC,RegionC,1587,1587,1587.8666666666666,0.0,5.0,False
3186,BatchInference,RegionE,RegionE,1940,1940,1943.7166666666667,0.0,5.0,False
3187,RealTimeInference,RegionF,RegionE,670,670,671.8166666666667,0.0,18.0,True
3188,RealTimeInference,RegionA,RegionA,926,926,930.45,0.0,5.0,False
3189,RealTimeInference,RegionA,RegionA,1673,1673,1678.7666666666667,0.0,5.0,False
3190,RealTimeInference,RegionB,RegionB,1105,1105,1107.5166666666667,0.0,5.0,False
3191,BatchInference,RegionD,RegionD,911,911,916.5833333333334,0.0,5.0,False
3192,AITraining,RegionE,RegionE,830,830,834.8666666666667,0.0,5.0,False
3193,RealTimeInference,RegionC,RegionC,270,270,273.96666666666664,0.0,5.0,False
3194,RealTimeInference,RegionA,RegionA,1799,1799,1801.95,0.0,5.0,False
3195,AITraining,RegionD,RegionD,2006,2006,2009.5333333333333,0.0,5.0,False
3196,AITraining,RegionD,RegionD,1330,1330,1330.55,0.0,5.0,False
3197,BatchInference,RegionC,RegionC,1010,1010,1010.8833333333333,0.0,5.0,False
3198,BatchInference,RegionD,RegionD,1658,1658,1664.2,0.0,5.0,False
3199,RealTimeInference,RegionC,RegionC,1558,1558,1560.85,0.0,5.0,False
3200,AITraining,RegionF,RegionF,1281,1281,1283.8666666666666,0.0,5.0,False
3201,BatchInference,RegionA,RegionA,2342,2342,2342.85,0.0,5.0,False
3202,AITraining,RegionD,RegionD,2196,2196,2199.65,0.0,5.0,False
3203,AITraining,RegionD,RegionD,157,157,160.81666666666666,0.0,5.0,False
3204,AITraining,RegionE,RegionE,447,447,449.1166666666667,0.0,5.0,False
3205,BatchInference,RegionD,RegionD,1871,1871,1877.6166666666666,0.0,5.0,False
3206,RealTimeInference,RegionC,RegionC,1006,1006,1011.2333333333333,0.0,5.0,False
3207,AITraining,RegionA,RegionA,2203,2203,2208.616666666667,0.0,5.0,False
3208,BatchInference,RegionA,RegionA,160,160,163.06666666666666,0.0,5.0,False
3209,AITraining,RegionD,RegionD,1586,1586,1591.0333333333333,0.0,5.0,False
3210,AITraining,RegionD,RegionD,201,201,203.26666666666668,0.0,5.0,False
3211,RealTimeInference,RegionB,RegionB,1192,1192,1195.3166666666666,0.0,5.0,False
3212,BatchInference,RegionE,RegionA,1630,1630,1631.0333333333333,0.0,78.0,True
3213,BatchInference,RegionF,RegionB,1171,1171,1177.2166666666667,0.0,79.0,True
3214,BatchInference,RegionA,RegionA,681,681,681.2666666666667,0.0,5.0,False
3215,BatchInference,RegionB,RegionB,1205,1205,1208.4333333333334,0.0,5.0,False
3216,AITraining,RegionD,RegionD,223,223,226.86666666666667,0.0,5.0,False
3217,AITraining,RegionE,RegionB,2117,2117,2121.3166666666666,0.0,74.0,True
3218,RealTimeInference,RegionC,RegionC,1898,1898,1902.15,0.0,5.0,False
3219,AITraining,RegionF,RegionA,1850,1850,1855.5333333333333,0.0,82.0,True
3220,RealTimeInference,RegionA,RegionA,2050,2050,2053.3,0.0,5.0,False
3221,RealTimeInference,RegionA,RegionA,736,736,742.1833333333333,0.0,5.0,False
3222,AITraining,RegionD,RegionD,2238,2238,2238.3,0.0,5.0,False
3223,RealTimeInference,RegionB,RegionB,1610,1610,1610.8333333333333,0.0,5.0,False
3224,BatchInference,RegionD,RegionD,1324,1324,1328.05,0.0,5.0,False
3225,BatchInference,RegionE,RegionE,102,102,103.95,0.0,5.0,False
3226,RealTimeInference,RegionD,RegionD,1858,1858,1858.8,0.0,5.0,False
3227,AITraining,RegionB,RegionB,827,827,827.6,0.0,5.0,False
3228,BatchInference,RegionB,RegionB,369,369,372.3333333333333,0.0,5.0,False
3229,BatchInference,RegionB,RegionB,1327,1327,1331.4,0.0,5.0,False
3230,AITraining,RegionE,RegionB,671,671,673.2,0.0,74.0,True
3231,AITraining,RegionE,RegionA,506,506,510.15,0.0,78.0,True
3232,RealTimeInference,RegionC,RegionC,467,467,471.9166666666667,0.0,5.0,False
3233,AITraining,RegionF,RegionB,1840,1840,1846.1,0.0,79.0,True
3234,AITraining,RegionC,RegionC,1486,1486,1490.45,0.0,5.0,False
3235,RealTimeInference,RegionA,RegionA,2145,2145,2149.516666666667,0.0,5.0,False
3236,AITraining,RegionD,RegionD,1573,1573,1576.8333333333333,0.0,5.0,False
3237,AITraining,RegionE,RegionE,2095,2095,2098.5,0.0,5.0,False
3238,AITraining,RegionF,RegionF,654,654,657.9,0.0,5.0,False
3239,BatchInference,RegionF,RegionB,2254,2254,2258.0833333333335,0.0,79.0,True
3240,BatchInference,RegionA,RegionA,179,179,183.25,0.0,5.0,False
3241,RealTimeInference,RegionA,RegionA,1372,1372,1376.0833333333333,0.0,5.0,False
3242,AITraining,RegionD,RegionD,614,614,616.7333333333333,0.0,5.0,False
3243,RealTimeInference,RegionB,RegionB,592,592,592.8166666666667,0.0,5.0,False
3244,RealTimeInference,RegionC,RegionC,210,210,216.51666666666668,0.0,5.0,False
3245,BatchInference,RegionE,RegionE,1261,1261,1266.1166666666666,0.0,5.0,False
3246,BatchInference,RegionF,RegionC,1827,1827,1833.4166666666667,0.0,76.0,True
3247,BatchInference,RegionA,RegionA,740,740,743.4666666666667,0.0,5.0,False
3248,RealTimeInference,RegionA,RegionA,538,538,543.3166666666667,0.0,5.0,False
3249,RealTimeInference,RegionB,RegionB,14,14,19.53333333333333,0.0,5.0,False
3250,AITraining,RegionE,RegionA,1036,1036,1038.6833333333334,0.0,78.0,True
3251,RealTimeInference,RegionC,RegionC,1878,1878,1882.7833333333333,0.0,5.0,False
3252,BatchInference,RegionF,RegionC,2042,2042,2042.2833333333333,0.0,76.0,True
3253,AITraining,RegionA,RegionA,23,23,25.866666666666667,0.0,5.0,False
3254,AITraining,RegionD,RegionD,2021,2021,2021.7833333333333,0.0,5.0,False
3255,RealTimeInference,RegionA,RegionA,888,888,891.8,0.0,5.0,False
3256,AITraining,RegionE,RegionE,1948,1948,1948.7166666666667,0.0,5.0,False
3257,BatchInference,RegionD,RegionD,1679,1679,1685.5333333333333,0.0,5.0,False
3258,BatchInference,RegionE,RegionE,325,325,328.06666666666666,0.0,5.0,False
3259,AITraining,RegionF,RegionB,26,26,32.38333333333333,0.0,79.0,True
3260,RealTimeInference,RegionA,RegionA,2241,2241,2245.9666666666667,0.0,5.0,False
3261,BatchInference,RegionB,RegionB,2283,2283,2286.5666666666666,0.0,5.0,False
3262,RealTimeInference,RegionB,RegionB,200,200,205.83333333333334,0.0,5.0,False
3263,RealTimeInference,RegionB,RegionB,607,607,611.5166666666667,0.0,5.0,False
3264,RealTimeInference,RegionC,RegionC,1429,1429,1430.2333333333333,0.0,5.0,False
3265,RealTimeInference,RegionC,RegionC,595,595,599.1333333333333,0.0,5.0,False
3266,RealTimeInference,RegionA,RegionA,2367,2367,2367.3166666666666,0.0,5.0,False
3267,AITraining,RegionD,RegionD,1222,1222,1226.0333333333333,0.0,5.0,False
3268,BatchInference,RegionB,RegionB,359,359,359.35,0.0,5.0,False
3269,RealTimeInference,RegionB,RegionB,446,446,449.1,0.0,5.0,False
3270,BatchInference,RegionD,RegionD,730,730,730.3333333333334,0.0,5.0,False
3271,RealTimeInference,RegionC,RegionC,1164,1164,1164.8,0.0,5.0,False
3272,AITraining,RegionF,RegionF,2344,2344,2347.5833333333335,0.0,5.0,False
3273,AITraining,RegionB,RegionB,726,726,732.15,0.0,5.0,False
3274,BatchInference,RegionB,RegionB,2371,2371,2373.116666666667,0.0,5.0,False
3275,BatchInference,RegionB,RegionB,146,146,150.91666666666666,0.0,5.0,False
3276,RealTimeInference,RegionB,RegionB,1225,1225,1230.7,0.0,5.0,False
3277,BatchInference,RegionD,RegionD,1509,1509,1515.1166666666666,0.0,5.0,False
3278,BatchInference,RegionE,RegionE,277,277,280.4166666666667,0.0,5.0,False
3279,BatchInference,RegionA,RegionA,2254,2254,2256.4,0.0,5.0,False
3280,RealTimeInference,RegionA,RegionA,1199,1199,1202.9,0.0,5.0,False
3281,BatchInference,RegionB,RegionB,551,551,551.2666666666667,0.0,5.0,False
3282,RealTimeInference,RegionB,RegionB,1124,1124,1128.0,0.0,5.0,False
3283,BatchInference,RegionD,RegionD,2158,2158,2162.15,0.0,5.0,False
3284,BatchInference,RegionE,RegionE,2148,2148,2152.0333333333333,0.0,5.0,False
3285,RealTimeInference,RegionD,RegionD,856,856,862.4,0.0,5.0,False
3286,AITraining,RegionB,RegionB,238,238,240.68333333333334,0.0,5.0,False
3287,RealTimeInference,RegionA,RegionA,2340,2340,2342.3166666666666,0.0,5.0,False
3288,AITraining,RegionD,RegionD,2166,2166,2167.7,0.0,5.0,False
3289,RealTimeInference,RegionB,RegionB,1981,1981,1983.5333333333333,0.0,5.0,False
3290,AITraining,RegionE,RegionA,1176,1176,1176.7,0.0,78.0,True
3291,BatchInference,RegionE,RegionB,1296,1296,1298.4833333333333,0.0,74.0,True
3292,BatchInference,RegionF,RegionF,2152,2152,2152.5333333333333,0.0,5.0,False
3293,AITraining,RegionC,RegionC,1449,1449,1453.65,0.0,5.0,False
3294,RealTimeInference,RegionA,RegionA,2304,2304,2309.7,0.0,5.0,False
3295,BatchInference,RegionC,RegionC,2128,2128,2131.9666666666667,0.0,5.0,False
3296,AITraining,RegionE,RegionA,2038,2038,2044.2,0.0,78.0,True
3297,BatchInference,RegionE,RegionE,736,736,738.75,0.0,5.0,False
3298,AITraining,RegionF,RegionA,953,953,959.3333333333334,0.0,82.0,True
3299,AITraining,RegionB,RegionB,1189,1189,1194.6,0.0,5.0,False
3300,RealTimeInference,RegionA,RegionA,6,6,7.183333333333334,0.0,5.0,False
3301,RealTimeInference,RegionB,RegionB,98,98,98.76666666666667,0.0,5.0,False
3302,BatchInference,RegionC,RegionC,483,483,489.51666666666665,0.0,5.0,False
3303,AITraining,RegionE,RegionE,849,849,850.6666666666666,0.0,5.0,False
3304,AITraining,RegionF,RegionB,1698,1698,1703.7666666666667,0.0,79.0,True
3305,BatchInference,RegionF,RegionC,186,186,192.28333333333333,0.0,76.0,True
3306,BatchInference,RegionA,RegionA,1432,1432,1434.7333333333333,0.0,5.0,False
3307,AITraining,RegionD,RegionD,869,869,875.1833333333333,0.0,5.0,False
3308,RealTimeInference,RegionB,RegionB,824,824,826.2,0.0,5.0,False
3309,AITraining,RegionE,RegionA,1153,1153,1153.4833333333333,0.0,78.0,True
3310,BatchInference,RegionD,RegionD,277,277,280.6166666666667,0.0,5.0,False
3311,BatchInference,RegionF,RegionB,1229,1229,1231.9166666666667,0.0,79.0,True
3312,AITraining,RegionA,RegionA,2252,2252,2253.9,0.0,5.0,False
3313,BatchInference,RegionA,RegionA,25,25,30.15,0.0,5.0,False
3314,RealTimeInference,RegionA,RegionA,1365,1365,1366.4666666666667,0.0,5.0,False
3315,BatchInference,RegionC,RegionC,1622,1622,1625.0833333333333,0.0,5.0,False
3316,AITraining,RegionE,RegionB,2330,2330,2335.9,0.0,74.0,True
3317,AITraining,RegionF,RegionA,119,119,122.88333333333334,0.0,82.0,True
3318,RealTimeInference,RegionE,RegionE,794,794,796.0833333333334,0.0,5.0,False
3319,BatchInference,RegionA,RegionA,1384,1384,1387.9833333333333,0.0,5.0,False
3320,AITraining,RegionD,RegionD,1962,1962,1965.65,0.0,5.0,False
3321,BatchInference,RegionC,RegionC,145,145,150.9,0.0,5.0,False
3322,AITraining,RegionE,RegionB,556,556,561.9166666666666,0.0,74.0,True
3323,BatchInference,RegionD,RegionD,636,636,639.2166666666667,0.0,5.0,False
3324,AITraining,RegionF,RegionF,1886,1886,1887.6833333333334,0.0,5.0,False
3325,AITraining,RegionA,RegionA,1372,1372,1374.3666666666666,0.0,5.0,False
3326,BatchInference,RegionA,RegionA,1695,1695,1698.2666666666667,0.0,5.0,False
3327,AITraining,RegionD,RegionD,229,229,229.91666666666666,0.0,5.0,False
3328,AITraining,RegionD,RegionD,1226,1226,1226.2833333333333,0.0,5.0,False
3329,AITraining,RegionE,RegionB,1292,1292,1297.7166666666667,0.0,74.0,True
3330,AITraining,RegionF,RegionF,2194,2194,2197.116666666667,0.0,5.0,False
3331,RealTimeInference,RegionE,RegionE,853,853,859.3833333333333,0.0,5.0,False
3332,AITraining,RegionB,RegionB,1358,1358,1362.9333333333334,0.0,5.0,False
3333,BatchInference,RegionB,RegionB,271,271,275.18333333333334,0.0,5.0,False
3334,RealTimeInference,RegionB,RegionB,1148,1148,1148.5333333333333,0.0,5.0,False
3335,RealTimeInference,RegionB,RegionB,1389,1389,1391.4,0.0,5.0,False
3336,BatchInference,RegionD,RegionD,2188,2188,2191.6833333333334,0.0,5.0,False
3337,RealTimeInference,RegionC,RegionC,2338,2338,2340.2833333333333,0.0,5.0,False
3338,AITraining,RegionA,RegionA,1595,1595,1599.7,0.0,5.0,False
3339,RealTimeInference,RegionA,RegionA,478,478,484.06666666666666,0.0,5.0,False
3340,BatchInference,RegionB,RegionB,1288,1288,1288.9,0.0,5.0,False
3341,AITraining,RegionD,RegionD,129,129,134.45,0.0,5.0,False
3342,BatchInference,RegionD,RegionD,1695,1695,1698.3333333333333,0.0,5.0,False
3343,RealTimeInference,RegionC,RegionC,2035,2035,2039.6,0.0,5.0,False
3344,RealTimeInference,RegionD,RegionD,1522,1522,1528.4666666666667,0.0,5.0,False
3345,BatchInference,RegionA,RegionA,1239,1239,1242.0666666666666,0.0,5.0,False
3346,RealTimeInference,RegionA,RegionA,2150,2150,2154.016666666667,0.0,5.0,False
3347,BatchInference,RegionB,RegionB,716,716,719.55,0.0,5.0,False
3348,RealTimeInference,RegionB,RegionB,1532,1532,1536.7333333333333,0.0,5.0,False
3349,RealTimeInference,RegionC,RegionC,827,827,830.1666666666666,0.0,5.0,False
3350,RealTimeInference,RegionC,RegionC,1817,1817,1818.5333333333333,0.0,5.0,False
3351,AITraining,RegionF,RegionA,102,102,106.68333333333334,0.0,82.0,True
3352,BatchInference,RegionA,RegionA,2048,2048,2051.15,0.0,5.0,False
3353,RealTimeInference,RegionA,RegionA,779,779,782.1,0.0,5.0,False
3354,BatchInference,RegionC,RegionC,1980,1980,1984.1,0.0,5.0,False
3355,AITraining,RegionE,RegionE,2144,2144,2150.25,0.0,5.0,False
3356,BatchInference,RegionD,RegionD,1340,1340,1342.8833333333334,0.0,5.0,False
3357,RealTimeInference,RegionC,RegionC,402,402,404.0833333333333,0.0,5.0,False
3358,AITraining,RegionB,RegionB,543,543,543.5666666666667,0.0,5.0,False
3359,RealTimeInference,RegionA,RegionA,149,149,150.7,0.0,5.0,False
3360,BatchInference,RegionB,RegionB,1587,1587,1593.45,0.0,5.0,False
3361,AITraining,RegionE,RegionE,2139,2139,2144.633333333333,0.0,5.0,False
3362,RealTimeInference,RegionC,RegionC,16,16,19.95,0.0,5.0,False
3363,BatchInference,RegionE,RegionE,180,180,181.53333333333333,0.0,5.0,False
3364,AITraining,RegionF,RegionF,356,356,361.8833333333333,0.0,5.0,False
3365,BatchInference,RegionA,RegionA,1912,1912,1916.9833333333333,0.0,5.0,False
3366,RealTimeInference,RegionA,RegionA,422,422,424.8,0.0,5.0,False
3367,AITraining,RegionD,RegionD,1279,1279,1282.3166666666666,0.0,5.0,False
3368,RealTimeInference,RegionB,RegionB,2365,2365,2371.5833333333335,0.0,5.0,False
3369,BatchInference,RegionD,RegionD,859,859,864.3666666666667,0.0,5.0,False
3370,BatchInference,RegionE,RegionE,821,821,827.1333333333333,0.0,5.0,False
3371,RealTimeInference,RegionA,RegionA,1173,1173,1173.6333333333334,0.0,5.0,False
3372,BatchInference,RegionA,RegionA,2180,2180,2181.4333333333334,0.0,5.0,False
3373,BatchInference,RegionB,RegionB,1806,1806,1808.2166666666667,0.0,5.0,False
3374,AITraining,RegionD,RegionD,481,481,482.85,0.0,5.0,False
3375,BatchInference,RegionD,RegionD,611,611,614.9666666666667,0.0,5.0,False
3376,RealTimeInference,RegionC,RegionC,1120,1120,1123.5333333333333,0.0,5.0,False
3377,RealTimeInference,RegionE,RegionE,62,62,62.583333333333336,0.0,5.0,False
3378,AITraining,RegionB,RegionB,2292,2292,2293.866666666667,0.0,5.0,False
3379,AITraining,RegionD,RegionD,419,419,425.2,0.0,5.0,False
3380,RealTimeInference,RegionB,RegionB,2222,2222,2226.733333333333,0.0,5.0,False
3381,BatchInference,RegionD,RegionD,2250,2250,2255.5833333333335,0.0,5.0,False
3382,BatchInference,RegionD,RegionD,1110,1110,1112.9,0.0,5.0,False
3383,RealTimeInference,RegionC,RegionC,1160,1160,1162.7,0.0,5.0,False
3384,AITraining,RegionA,RegionA,1002,1002,1005.3666666666667,0.0,5.0,False
3385,RealTimeInference,RegionA,RegionA,291,291,291.45,0.0,5.0,False
3386,BatchInference,RegionB,RegionB,1387,1387,1389.4666666666667,0.0,5.0,False
3387,AITraining,RegionD,RegionD,1817,1817,1822.7,0.0,5.0,False
3388,RealTimeInference,RegionB,RegionB,532,532,533.0166666666667,0.0,5.0,False
3389,RealTimeInference,RegionC,RegionC,1928,1928,1931.5833333333333,0.0,5.0,False
3390,AITraining,RegionF,RegionA,206,206,212.25,0.0,82.0,True
3391,RealTimeInference,RegionA,RegionA,1571,1571,1576.3,0.0,5.0,False
3392,RealTimeInference,RegionA,RegionA,352,352,354.7,0.0,5.0,False
3393,BatchInference,RegionB,RegionB,1605,1605,1611.6333333333334,0.0,5.0,False
3394,RealTimeInference,RegionB,RegionB,1826,1826,1826.25,0.0,5.0,False
3395,AITraining,RegionE,RegionE,1456,1456,1458.1166666666666,0.0,5.0,False
3396,BatchInference,RegionE,RegionE,1361,1361,1363.7166666666667,0.0,5.0,False
3397,RealTimeInference,RegionF,RegionF,2185,2185,2187.8333333333335,0.0,5.0,False
3398,RealTimeInference,RegionA,RegionA,1907,1907,1910.95,0.0,5.0,False
3399,AITraining,RegionD,RegionD,539,539,539.9166666666666,0.0,5.0,False
3400,RealTimeInference,RegionB,RegionB,1918,1918,1920.15,0.0,5.0,False
3401,RealTimeInference,RegionB,RegionB,1866,1866,1869.8166666666666,0.0,5.0,False
3402,BatchInference,RegionE,RegionE,1906,1906,1912.6,0.0,5.0,False
3403,BatchInference,RegionF,RegionF,949,949,950.25,0.0,5.0,False
3404,RealTimeInference,RegionA,RegionA,588,588,590.2166666666667,0.0,5.0,False
3405,AITraining,RegionD,RegionD,1056,1056,1058.65,0.0,5.0,False
3406,BatchInference,RegionB,RegionB,1605,1605,1606.6666666666667,0.0,5.0,False
3407,RealTimeInference,RegionB,RegionB,1353,1353,1359.6333333333334,0.0,5.0,False
3408,BatchInference,RegionD,RegionD,1856,1856,1862.4333333333334,0.0,5.0,False
3409,BatchInference,RegionE,RegionE,123,123,128.53333333333333,0.0,5.0,False
3410,RealTimeInference,RegionF,RegionE,1946,1946,1952.3,0.0,18.0,True
3411,RealTimeInference,RegionA,RegionA,1439,1439,1442.3333333333333,0.0,5.0,False
3412,BatchInference,RegionB,RegionB,1889,1889,1891.75,0.0,5.0,False
3413,RealTimeInference,RegionB,RegionB,1156,1156,1161.0833333333333,0.0,5.0,False
3414,BatchInference,RegionD,RegionD,2353,2353,2354.1,0.0,5.0,False
3415,RealTimeInference,RegionC,RegionC,2080,2080,2083.5333333333333,0.0,5.0,False
3416,RealTimeInference,RegionC,RegionC,1661,1661,1666.65,0.0,5.0,False
3417,AITraining,RegionA,RegionA,438,438,444.0833333333333,0.0,5.0,False
3418,BatchInference,RegionA,RegionA,2277,2277,2283.4,0.0,5.0,False
3419,AITraining,RegionD,RegionD,290,290,293.25,0.0,5.0,False
3420,BatchInference,RegionC,RegionC,2182,2182,2184.383333333333,0.0,5.0,False
3421,BatchInference,RegionD,RegionD,1641,1641,1641.5166666666667,0.0,5.0,False
3422,AITraining,RegionF,RegionF,1693,1693,1695.7,0.0,5.0,False
3423,RealTimeInference,RegionE,RegionE,998,998,1003.9166666666666,0.0,5.0,False
3424,AITraining,RegionC,RegionC,651,651,654.75,0.0,5.0,False
3425,BatchInference,RegionB,RegionB,1572,1572,1576.3666666666666,0.0,5.0,False
3426,RealTimeInference,RegionB,RegionB,1395,1395,1400.4166666666667,0.0,5.0,False
3427,RealTimeInference,RegionB,RegionB,1765,1765,1768.55,0.0,5.0,False
3428,BatchInference,RegionD,RegionD,2323,2323,2327.616666666667,0.0,5.0,False
3429,BatchInference,RegionE,RegionB,2230,2230,2232.4666666666667,0.0,74.0,True
3430,AITraining,RegionA,RegionA,967,967,971.9333333333333,0.0,5.0,False
3431,RealTimeInference,RegionA,RegionA,319,319,321.5833333333333,0.0,5.0,False
3432,AITraining,RegionD,RegionD,2351,2351,2354.2166666666667,0.0,5.0,False
3433,BatchInference,RegionC,RegionC,468,468,472.93333333333334,0.0,5.0,False
3434,AITraining,RegionE,RegionB,1896,1896,1900.5833333333333,0.0,74.0,True
3435,BatchInference,RegionE,RegionE,2273,2273,2277.6666666666665,0.0,5.0,False
3436,RealTimeInference,RegionE,RegionF,1823,1823,1826.45,0.0,18.0,True
3437,RealTimeInference,RegionA,RegionA,1261,1261,1266.4666666666667,0.0,5.0,False
3438,BatchInference,RegionB,RegionB,285,285,286.96666666666664,0.0,5.0,False
3439,AITraining,RegionD,RegionD,445,445,450.2,0.0,5.0,False
3440,AITraining,RegionE,RegionE,1552,1552,1553.3333333333333,0.0,5.0,False
3441,BatchInference,RegionD,RegionD,2024,2024,2025.5166666666667,0.0,5.0,False
3442,AITraining,RegionF,RegionF,251,251,251.18333333333334,0.0,5.0,False
3443,RealTimeInference,RegionA,RegionA,891,891,893.7166666666667,0.0,5.0,False
3444,RealTimeInference,RegionA,RegionA,2378,2378,2379.7166666666667,0.0,5.0,False
3445,AITraining,RegionD,RegionB,0,0,1.2333333333333334,0.0,60.0,True
3446,RealTimeInference,RegionB,RegionB,611,611,617.5833333333334,0.0,5.0,False
3447,BatchInference,RegionD,RegionD,2176,2176,2178.633333333333,0.0,5.0,False
3448,BatchInference,RegionE,RegionE,1597,1597,1601.7833333333333,0.0,5.0,False
3449,AITraining,RegionF,RegionF,2367,2367,2369.3,0.0,5.0,False
3450,BatchInference,RegionA,RegionA,801,801,805.65,0.0,5.0,False
3451,RealTimeInference,RegionA,RegionA,1296,1296,1299.5333333333333,0.0,5.0,False
3452,BatchInference,RegionB,RegionB,2335,2335,2339.8166666666666,0.0,5.0,False
3453,AITraining,RegionE,RegionA,1247,1247,1247.5833333333333,0.0,78.0,True
3454,BatchInference,RegionD,RegionD,1410,1410,1414.1166666666666,0.0,5.0,False
3455,RealTimeInference,RegionC,RegionC,2386,2386,2388.866666666667,0.0,5.0,False
3456,RealTimeInference,RegionF,RegionE,2090,2090,2092.9,0.0,18.0,True
3457,BatchInference,RegionA,RegionA,522,522,523.05,0.0,5.0,False
3458,BatchInference,RegionB,RegionB,255,255,259.9,0.0,5.0,False
3459,BatchInference,RegionC,RegionC,2248,2248,2250.45,0.0,5.0,False
3460,RealTimeInference,RegionB,RegionB,3,3,6.55,0.0,5.0,False
3461,AITraining,RegionF,RegionF,2293,2293,2297.95,0.0,5.0,False
3462,BatchInference,RegionF,RegionF,449,449,449.5833333333333,0.0,5.0,False
3463,BatchInference,RegionA,RegionA,127,127,128.08333333333334,0.0,5.0,False
3464,RealTimeInference,RegionA,RegionA,1768,1768,1773.7666666666667,0.0,5.0,False
3465,AITraining,RegionD,RegionD,1614,1614,1618.0,0.0,5.0,False
3466,AITraining,RegionE,RegionE,1303,1303,1304.6666666666667,0.0,5.0,False
3467,AITraining,RegionE,RegionE,1567,1567,1568.9833333333333,0.0,5.0,False
3468,BatchInference,RegionE,RegionB,1562,1562,1563.3666666666666,0.0,74.0,True
3469,BatchInference,RegionF,RegionC,2232,2232,2238.0833333333335,0.0,76.0,True
3470,RealTimeInference,RegionA,RegionA,710,710,710.9,0.0,5.0,False
3471,BatchInference,RegionB,RegionB,569,569,570.9,0.0,5.0,False
3472,RealTimeInference,RegionB,RegionB,2275,2275,2278.55,0.0,5.0,False
3473,BatchInference,RegionD,RegionD,1475,1475,1477.9333333333334,0.0,5.0,False
3474,BatchInference,RegionD,RegionD,631,631,634.6666666666666,0.0,5.0,False
3475,BatchInference,RegionF,RegionF,514,514,518.1333333333333,0.0,5.0,False
3476,RealTimeInference,RegionA,RegionA,47,47,51.68333333333334,0.0,5.0,False
3477,RealTimeInference,RegionA,RegionA,64,64,67.66666666666667,0.0,5.0,False
3478,RealTimeInference,RegionA,RegionA,1993,1993,1995.2333333333333,0.0,5.0,False
3479,AITraining,RegionD,RegionD,1788,1788,1791.7833333333333,0.0,5.0,False
3480,RealTimeInference,RegionB,RegionB,346,346,351.6166666666667,0.0,5.0,False
3481,RealTimeInference,RegionC,RegionC,1703,1703,1704.25,0.0,5.0,False
3482,BatchInference,RegionF,RegionF,1743,1743,1746.2833333333333,0.0,5.0,False
3483,AITraining,RegionC,RegionC,736,736,739.5166666666667,0.0,5.0,False
3484,BatchInference,RegionB,RegionB,2086,2086,2088.35,0.0,5.0,False
3485,BatchInference,RegionC,RegionC,2261,2261,2265.366666666667,0.0,5.0,False
3486,BatchInference,RegionD,RegionD,1575,1575,1575.7,0.0,5.0,False
3487,BatchInference,RegionD,RegionD,924,924,924.6166666666667,0.0,5.0,False
3488,RealTimeInference,RegionC,RegionC,1739,1739,1744.5,0.0,5.0,False
3489,AITraining,RegionA,RegionA,30,30,33.28333333333333,0.0,5.0,False
3490,AITraining,RegionD,RegionD,2040,2040,2045.5666666666666,0.0,5.0,False
3491,AITraining,RegionD,RegionD,969,969,974.4833333333333,0.0,5.0,False
3492,AITraining,RegionD,RegionD,2055,2055,2056.3333333333335,0.0,5.0,False
3493,BatchInference,RegionD,RegionD,1682,1682,1683.9,0.0,5.0,False
3494,AITraining,RegionF,RegionF,2360,2360,2363.3333333333335,0.0,5.0,False
3495,BatchInference,RegionF,RegionB,137,137,143.5,0.0,79.0,True
3496,RealTimeInference,RegionA,RegionA,2327,2327,2330.2833333333333,0.0,5.0,False
3497,BatchInference,RegionB,RegionB,1509,1509,1513.9333333333334,0.0,5.0,False
3498,RealTimeInference,RegionB,RegionB,2376,2376,2377.1833333333334,0.0,5.0,False
3499,BatchInference,RegionC,RegionC,327,327,331.23333333333335,0.0,5.0,False
3500,RealTimeInference,RegionC,RegionC,2156,2156,2158.7166666666667,0.0,5.0,False
3501,BatchInference,RegionE,RegionE,1904,1904,1905.5666666666666,0.0,5.0,False
3502,AITraining,RegionA,RegionA,320,320,323.6166666666667,0.0,5.0,False
3503,AITraining,RegionD,RegionD,362,362,367.26666666666665,0.0,5.0,False
3504,RealTimeInference,RegionA,RegionA,1935,1935,1936.8333333333333,0.0,5.0,False
3505,AITraining,RegionD,RegionD,319,319,319.31666666666666,0.0,5.0,False
3506,AITraining,RegionE,RegionA,2208,2208,2212.4333333333334,0.0,78.0,True
3507,AITraining,RegionF,RegionF,1279,1279,1280.2333333333333,0.0,5.0,False
3508,AITraining,RegionF,RegionB,216,216,219.28333333333333,0.0,79.0,True
3509,BatchInference,RegionA,RegionA,2191,2191,2196.866666666667,0.0,5.0,False
3510,RealTimeInference,RegionA,RegionA,1920,1920,1926.4833333333333,0.0,5.0,False
3511,BatchInference,RegionB,RegionB,2099,2099,2099.7,0.0,5.0,False
3512,BatchInference,RegionC,RegionC,2350,2350,2355.4333333333334,0.0,5.0,False
3513,AITraining,RegionE,RegionE,1357,1357,1362.8166666666666,0.0,5.0,False
3514,BatchInference,RegionE,RegionA,1445,1445,1445.1666666666667,0.0,78.0,True
3515,BatchInference,RegionF,RegionF,1184,1184,1188.6666666666667,0.0,5.0,False
3516,RealTimeInference,RegionA,RegionA,144,144,147.86666666666667,0.0,5.0,False
3517,AITraining,RegionD,RegionD,1245,1245,1246.9666666666667,0.0,5.0,False
3518,AITraining,RegionD,RegionD,2308,2308,2310.4666666666667,0.0,5.0,False
3519,BatchInference,RegionD,RegionD,251,251,252.8,0.0,5.0,False
3520,AITraining,RegionE,RegionE,1938,1938,1943.4833333333333,0.0,5.0,False
3521,AITraining,RegionF,RegionB,692,692,692.3166666666667,0.0,79.0,True
3522,AITraining,RegionB,RegionB,211,211,214.56666666666666,0.0,5.0,False
3523,AITraining,RegionD,RegionD,1195,1195,1198.45,0.0,5.0,False
3524,AITraining,RegionD,RegionD,111,111,111.48333333333333,0.0,5.0,False
3525,BatchInference,RegionC,RegionC,1985,1985,1987.3166666666666,0.0,5.0,False
3526,RealTimeInference,RegionC,RegionC,519,519,521.35,0.0,5.0,False
3527,AITraining,RegionF,RegionA,314,314,320.45,0.0,82.0,True
3528,BatchInference,RegionF,RegionB,1032,1032,1035.7333333333333,0.0,79.0,True
3529,RealTimeInference,RegionA,RegionA,1150,1150,1154.9833333333333,0.0,5.0,False
3530,BatchInference,RegionB,RegionB,1052,1052,1057.9833333333333,0.0,5.0,False
3531,RealTimeInference,RegionB,RegionB,456,456,460.18333333333334,0.0,5.0,False
3532,AITraining,RegionE,RegionE,715,715,718.3833333333333,0.0,5.0,False
3533,AITraining,RegionE,RegionB,619,619,622.55,0.0,74.0,True
3534,AITraining,RegionF,RegionA,1829,1829,1830.35,0.0,82.0,True
3535,BatchInference,RegionA,RegionA,718,718,718.4,0.0,5.0,False
3536,BatchInference,RegionA,RegionA,967,967,972.65,0.0,5.0,False
3537,BatchInference,RegionB,RegionB,740,740,742.05,0.0,5.0,False
3538,AITraining,RegionD,RegionD,135,135,137.91666666666666,0.0,5.0,False
3539,BatchInference,RegionD,RegionD,345,345,350.1333333333333,0.0,5.0,False
3540,RealTimeInference,RegionC,RegionC,631,631,635.7666666666667,0.0,5.0,False
3541,BatchInference,RegionF,RegionF,1691,1691,1694.1166666666666,0.0,5.0,False
3542,BatchInference,RegionA,RegionA,974,974,976.7166666666667,0.0,5.0,False
3543,AITraining,RegionD,RegionD,1802,1802,1808.25,0.0,5.0,False
3544,AITraining,RegionD,RegionD,685,685,689.2666666666667,0.0,5.0,False
3545,RealTimeInference,RegionB,RegionB,2366,2366,2371.5833333333335,0.0,5.0,False
3546,AITraining,RegionE,RegionA,1413,1413,1414.65,0.0,78.0,True
3547,RealTimeInference,RegionC,RegionC,1082,1082,1086.7333333333333,0.0,5.0,False
3548,RealTimeInference,RegionA,RegionA,215,215,219.16666666666666,0.0,5.0,False
3549,RealTimeInference,RegionA,RegionA,1900,1900,1905.6666666666667,0.0,5.0,False
3550,BatchInference,RegionB,RegionB,1950,1950,1952.7,0.0,5.0,False
3551,BatchInference,RegionC,RegionC,1950,1950,1952.2833333333333,0.0,5.0,False
3552,AITraining,RegionE,RegionA,2181,2181,2185.7833333333333,0.0,78.0,True
3553,RealTimeInference,RegionC,RegionC,1555,1555,1557.8,0.0,5.0,False
3554,AITraining,RegionF,RegionF,1597,1597,1597.5333333333333,0.0,5.0,False
3555,BatchInference,RegionA,RegionA,1075,1075,1078.7666666666667,0.0,5.0,False
3556,RealTimeInference,RegionA,RegionA,2172,2172,2174.55,0.0,5.0,False
3557,BatchInference,RegionB,RegionB,48,48,49.43333333333333,0.0,5.0,False
3558,BatchInference,RegionC,RegionC,1838,1838,1842.9333333333334,0.0,5.0,False
3559,BatchInference,RegionD,RegionD,1293,1293,1298.4,0.0,5.0,False
3560,AITraining,RegionF,RegionA,168,168,171.98333333333332,0.0,82.0,True
3561,RealTimeInference,RegionF,RegionF,2176,2176,2182.45,0.0,5.0,False
3562,AITraining,RegionD,RegionD,1449,1449,1450.9,0.0,5.0,False
3563,BatchInference,RegionB,RegionB,1116,1116,1118.35,0.0,5.0,False
3564,BatchInference,RegionC,RegionC,1107,1107,1109.45,0.0,5.0,False
3565,BatchInference,RegionD,RegionD,402,402,406.65,0.0,5.0,False
3566,BatchInference,RegionE,RegionE,2392,2392,2392.9,0.0,5.0,False
3567,BatchInference,RegionF,RegionF,1888,1888,1890.8666666666666,0.0,5.0,False
3568,AITraining,RegionB,RegionB,990,990,994.3666666666667,0.0,5.0,False
3569,AITraining,RegionD,RegionD,798,798,802.9,0.0,5.0,False
3570,AITraining,RegionD,RegionD,1382,1382,1386.1333333333334,0.0,5.0,False
3571,AITraining,RegionE,RegionA,736,736,741.3166666666667,0.0,78.0,True
3572,BatchInference,RegionD,RegionD,2243,2243,2246.25,0.0,5.0,False
3573,RealTimeInference,RegionC,RegionC,34,34,38.833333333333336,0.0,5.0,False
3574,RealTimeInference,RegionF,RegionE,48,48,51.483333333333334,0.0,18.0,True
3575,BatchInference,RegionA,RegionA,400,400,400.2,0.0,5.0,False
3576,AITraining,RegionD,RegionD,425,425,430.85,0.0,5.0,False
3577,AITraining,RegionD,RegionD,1826,1826,1828.5166666666667,0.0,5.0,False
3578,BatchInference,RegionD,RegionD,898,898,901.3166666666667,0.0,5.0,False
3579,AITraining,RegionE,RegionE,1160,1160,1162.4666666666667,0.0,5.0,False
3580,BatchInference,RegionF,RegionB,790,790,791.0333333333333,0.0,79.0,True
3581,RealTimeInference,RegionA,RegionA,97,97,99.41666666666667,0.0,5.0,False
3582,AITraining,RegionD,RegionD,376,376,379.01666666666665,0.0,5.0,False
3583,RealTimeInference,RegionB,RegionB,888,888,889.7166666666667,0.0,5.0,False
3584,AITraining,RegionE,RegionA,498,498,502.15,0.0,78.0,True
3585,AITraining,RegionE,RegionE,491,491,496.81666666666666,0.0,5.0,False
3586,RealTimeInference,RegionC,RegionC,532,532,534.4666666666667,0.0,5.0,False
3587,BatchInference,RegionF,RegionF,2318,2318,2319.366666666667,0.0,5.0,False
3588,RealTimeInference,RegionA,RegionA,454,454,459.6333333333333,0.0,5.0,False
3589,AITraining,RegionD,RegionD,754,754,758.4166666666666,0.0,5.0,False
3590,BatchInference,RegionC,RegionC,1206,1206,1211.7,0.0,5.0,False
3591,BatchInference,RegionD,RegionD,310,310,315.3833333333333,0.0,5.0,False
3592,AITraining,RegionE,RegionE,1857,1857,1860.6666666666667,0.0,5.0,False
3593,BatchInference,RegionE,RegionE,1748,1748,1749.4333333333334,0.0,5.0,False
3594,AITraining,RegionA,RegionA,1324,1324,1328.2333333333333,0.0,5.0,False
3595,BatchInference,RegionA,RegionA,663,663,669.5166666666667,0.0,5.0,False
3596,RealTimeInference,RegionA,RegionA,1135,1135,1136.1166666666666,0.0,5.0,False
3597,RealTimeInference,RegionB,RegionB,1567,1567,1573.5,0.0,5.0,False
3598,BatchInference,RegionD,RegionD,1362,1362,1364.5333333333333,0.0,5.0,False
3599,RealTimeInference,RegionC,RegionC,1057,1057,1059.6833333333334,0.0,5.0,False
3600,BatchInference,RegionF,RegionF,728,728,732.3333333333334,0.0,5.0,False
3601,BatchInference,RegionA,RegionA,284,284,286.55,0.0,5.0,False
3602,BatchInference,RegionB,RegionB,821,821,824.8833333333333,0.0,5.0,False
3603,AITraining,RegionD,RegionD,1608,1608,1612.2166666666667,0.0,5.0,False
3604,RealTimeInference,RegionB,RegionB,2015,2015,2016.55,0.0,5.0,False
3605,RealTimeInference,RegionC,RegionC,589,589,590.1333333333333,0.0,5.0,False
3606,AITraining,RegionF,RegionF,1766,1766,1766.9666666666667,0.0,5.0,False
3607,RealTimeInference,RegionA,RegionA,435,435,439.9166666666667,0.0,5.0,False
3608,BatchInference,RegionA,RegionA,1060,1060,1065.7833333333333,0.0,5.0,False
3609,RealTimeInference,RegionA,RegionA,142,142,145.58333333333334,0.0,5.0,False
3610,RealTimeInference,RegionB,RegionB,288,288,293.45,0.0,5.0,False
3611,AITraining,RegionE,RegionA,1026,1026,1030.6666666666667,0.0,78.0,True
3612,BatchInference,RegionE,RegionE,76,76,76.91666666666667,0.0,5.0,False
3613,BatchInference,RegionF,RegionF,609,609,613.3,0.0,5.0,False
3614,AITraining,RegionB,RegionB,3,3,5.766666666666667,0.0,5.0,False
3615,RealTimeInference,RegionA,RegionA,1599,1599,1600.0166666666667,0.0,5.0,False
3616,BatchInference,RegionB,RegionB,620,620,622.65,0.0,5.0,False
3617,AITraining,RegionE,RegionE,1350,1350,1355.6166666666666,0.0,5.0,False
3618,BatchInference,RegionD,RegionD,2353,2353,2359.05,0.0,5.0,False
3619,RealTimeInference,RegionC,RegionC,2111,2111,2113.366666666667,0.0,5.0,False
3620,AITraining,RegionF,RegionA,2009,2009,2014.9,0.0,82.0,True
3621,BatchInference,RegionA,RegionA,1786,1786,1790.25,0.0,5.0,False
3622,BatchInference,RegionB,RegionB,287,287,292.43333333333334,0.0,5.0,False
3623,AITraining,RegionD,RegionD,925,925,927.65,0.0,5.0,False
3624,RealTimeInference,RegionB,RegionB,1574,1574,1578.65,0.0,5.0,False
3625,AITraining,RegionF,RegionF,1974,1974,1980.1666666666667,0.0,5.0,False
3626,RealTimeInference,RegionD,RegionD,2323,2323,2323.3166666666666,0.0,5.0,False
3627,AITraining,RegionB,RegionB,1470,1470,1472.0,0.0,5.0,False
3628,BatchInference,RegionB,RegionB,1240,1240,1241.1,0.0,5.0,False
3629,BatchInference,RegionB,RegionB,226,226,228.36666666666667,0.0,5.0,False
3630,AITraining,RegionE,RegionE,371,371,372.1,0.0,5.0,False
3631,BatchInference,RegionD,RegionD,2189,2189,2195.1,0.0,5.0,False
3632,BatchInference,RegionE,RegionE,329,329,329.48333333333335,0.0,5.0,False
3633,BatchInference,RegionF,RegionF,1187,1187,1192.6333333333334,0.0,5.0,False
3634,AITraining,RegionC,RegionC,831,831,833.3166666666667,0.0,5.0,False
3635,RealTimeInference,RegionA,RegionA,2271,2271,2275.3333333333335,0.0,5.0,False
3636,RealTimeInference,RegionB,RegionB,1573,1573,1573.3,0.0,5.0,False
3637,AITraining,RegionE,RegionE,782,782,787.2666666666667,0.0,5.0,False
3638,BatchInference,RegionD,RegionD,1597,1597,1597.7833333333333,0.0,5.0,False
3639,RealTimeInference,RegionC,RegionC,1471,1471,1474.3333333333333,0.0,5.0,False
3640,BatchInference,RegionA,RegionA,347,347,349.5,0.0,5.0,False
3641,AITraining,RegionD,RegionD,1793,1793,1796.6,0.0,5.0,False
3642,AITraining,RegionD,RegionD,776,776,779.4166666666666,0.0,5.0,False
3643,RealTimeInference,RegionB,RegionB,146,146,150.2,0.0,5.0,False
3644,RealTimeInference,RegionC,RegionC,103,103,109.08333333333333,0.0,5.0,False
3645,AITraining,RegionF,RegionA,976,976,982.2333333333333,0.0,82.0,True
3646,BatchInference,RegionF,RegionF,1592,1592,1594.4833333333333,0.0,5.0,False
3647,RealTimeInference,RegionA,RegionA,2214,2214,2215.7166666666667,0.0,5.0,False
3648,AITraining,RegionD,RegionD,1260,1260,1263.9666666666667,0.0,5.0,False
3649,BatchInference,RegionC,RegionC,2187,2187,2191.616666666667,0.0,5.0,False
3650,BatchInference,RegionD,RegionD,67,67,70.5,0.0,5.0,False
3651,RealTimeInference,RegionC,RegionC,1389,1389,1392.3166666666666,0.0,5.0,False
3652,RealTimeInference,RegionC,RegionC,1383,1383,1389.0666666666666,0.0,5.0,False
3653,AITraining,RegionA,RegionA,175,175,175.38333333333333,0.0,5.0,False
3654,BatchInference,RegionA,RegionA,484,484,488.8333333333333,0.0,5.0,False
3655,RealTimeInference,RegionA,RegionA,2142,2142,2147.5666666666666,0.0,5.0,False
3656,BatchInference,RegionC,RegionC,2197,2197,2199.6,0.0,5.0,False
3657,RealTimeInference,RegionB,RegionB,2373,2373,2375.116666666667,0.0,5.0,False
3658,RealTimeInference,RegionC,RegionC,295,295,297.55,0.0,5.0,False
3659,RealTimeInference,RegionE,RegionE,579,579,579.3833333333333,0.0,5.0,False
3660,BatchInference,RegionA,RegionA,78,78,83.91666666666667,0.0,5.0,False
3661,BatchInference,RegionB,RegionB,187,187,192.91666666666666,0.0,5.0,False
3662,RealTimeInference,RegionB,RegionB,534,534,538.65,0.0,5.0,False
3663,RealTimeInference,RegionB,RegionB,705,705,707.0,0.0,5.0,False
3664,AITraining,RegionE,RegionE,204,204,209.8,0.0,5.0,False
3665,BatchInference,RegionE,RegionB,398,398,404.5833333333333,0.0,74.0,True
3666,BatchInference,RegionA,RegionA,699,699,702.7333333333333,0.0,5.0,False
3667,AITraining,RegionD,RegionD,261,261,261.53333333333336,0.0,5.0,False
3668,RealTimeInference,RegionA,RegionA,467,467,473.3666666666667,0.0,5.0,False
3669,BatchInference,RegionC,RegionC,903,903,908.5,0.0,5.0,False
3670,RealTimeInference,RegionB,RegionB,830,830,833.8833333333333,0.0,5.0,False
3671,BatchInference,RegionE,RegionE,1381,1381,1386.9166666666667,0.0,5.0,False
3672,AITraining,RegionF,RegionF,1646,1646,1648.8166666666666,0.0,5.0,False
3673,BatchInference,RegionA,RegionA,494,494,498.6333333333333,0.0,5.0,False
3674,AITraining,RegionD,RegionD,2359,2359,2361.6833333333334,0.0,5.0,False
3675,AITraining,RegionD,RegionD,562,562,562.3333333333334,0.0,5.0,False
3676,BatchInference,RegionC,RegionC,873,873,878.1,0.0,5.0,False
3677,RealTimeInference,RegionC,RegionC,710,710,711.3666666666667,0.0,5.0,False
3678,BatchInference,RegionE,RegionE,258,258,258.6166666666667,0.0,5.0,False
3679,RealTimeInference,RegionF,RegionE,1121,1121,1127.0,0.0,18.0,True
3680,RealTimeInference,RegionA,RegionA,1700,1700,1705.4666666666667,0.0,5.0,False
3681,RealTimeInference,RegionA,RegionA,1515,1515,1520.05,0.0,5.0,False
3682,AITraining,RegionD,RegionD,675,675,676.3166666666667,0.0,5.0,False
3683,BatchInference,RegionD,RegionD,997,997,998.0333333333333,0.0,5.0,False
3684,AITraining,RegionE,RegionB,166,166,171.65,0.0,74.0,True
3685,RealTimeInference,RegionD,RegionD,409,409,414.73333333333335,0.0,5.0,False
3686,AITraining,RegionB,RegionB,1540,1540,1541.1166666666666,0.0,5.0,False
3687,RealTimeInference,RegionA,RegionA,64,64,64.31666666666666,0.0,5.0,False
3688,BatchInference,RegionB,RegionB,330,330,335.06666666666666,0.0,5.0,False
3689,RealTimeInference,RegionB,RegionB,29,29,29.766666666666666,0.0,5.0,False
3690,RealTimeInference,RegionC,RegionC,365,365,369.18333333333334,0.0,5.0,False
3691,AITraining,RegionF,RegionF,1162,1162,1165.7,0.0,5.0,False
3692,BatchInference,RegionF,RegionF,1949,1949,1950.0833333333333,0.0,5.0,False
3693,AITraining,RegionC,RegionC,519,519,523.0,0.0,5.0,False
3694,RealTimeInference,RegionA,RegionA,586,586,587.9666666666667,0.0,5.0,False
3695,AITraining,RegionD,RegionD,1109,1109,1114.15,0.0,5.0,False
3696,AITraining,RegionE,RegionA,1844,1844,1847.7833333333333,0.0,78.0,True
3697,BatchInference,RegionD,RegionD,979,979,983.7833333333333,0.0,5.0,False
3698,RealTimeInference,RegionC,RegionC,154,154,155.18333333333334,0.0,5.0,False
3699,AITraining,RegionA,RegionA,737,737,742.6,0.0,5.0,False
3700,AITraining,RegionD,RegionD,2047,2047,2052.5833333333335,0.0,5.0,False
3701,AITraining,RegionD,RegionD,360,360,364.95,0.0,5.0,False
3702,AITraining,RegionD,RegionD,1233,1233,1237.0666666666666,0.0,5.0,False
3703,BatchInference,RegionD,RegionD,1715,1715,1719.9333333333334,0.0,5.0,False
3704,RealTimeInference,RegionC,RegionC,2284,2284,2288.633333333333,0.0,5.0,False
3705,RealTimeInference,RegionE,RegionE,786,786,791.0,0.0,5.0,False
3706,RealTimeInference,RegionA,RegionA,2171,2171,2176.483333333333,0.0,5.0,False
3707,RealTimeInference,RegionA,RegionA,1482,1482,1486.9833333333333,0.0,5.0,False
3708,AITraining,RegionD,RegionD,2078,2078,2080.866666666667,0.0,5.0,False
3709,RealTimeInference,RegionB,RegionB,1901,1901,1907.2333333333333,0.0,5.0,False
3710,AITraining,RegionE,RegionE,852,852,856.95,0.0,5.0,False
3711,BatchInference,RegionE,RegionE,217,217,220.9,0.0,5.0,False
3712,RealTimeInference,RegionA,RegionA,461,461,463.1166666666667,0.0,5.0,False
3713,RealTimeInference,RegionA,RegionA,1943,1943,1944.4666666666667,0.0,5.0,False
3714,BatchInference,RegionB,RegionB,722,722,723.9333333333333,0.0,5.0,False
3715,RealTimeInference,RegionB,RegionB,176,176,182.65,0.0,5.0,False
3716,RealTimeInference,RegionB,RegionB,1491,1491,1497.1,0.0,5.0,False
3717,BatchInference,RegionE,RegionE,858,858,858.5833333333334,0.0,5.0,False
3718,BatchInference,RegionF,RegionB,1029,1029,1031.2333333333333,0.0,79.0,True
3719,BatchInference,RegionA,RegionA,1856,1856,1858.2,0.0,5.0,False
3720,RealTimeInference,RegionA,RegionA,427,427,430.26666666666665,0.0,5.0,False
3721,AITraining,RegionD,RegionD,214,214,219.95,0.0,5.0,False
3722,AITraining,RegionE,RegionE,720,720,724.3666666666667,0.0,5.0,False
3723,RealTimeInference,RegionC,RegionC,119,119,120.41666666666667,0.0,5.0,False
3724,BatchInference,RegionE,RegionB,2109,2109,2111.633333333333,0.0,74.0,True
3725,RealTimeInference,RegionF,RegionF,290,290,294.81666666666666,0.0,5.0,False
3726,RealTimeInference,RegionA,RegionA,1821,1821,1823.75,0.0,5.0,False
3727,AITraining,RegionD,RegionD,2374,2374,2375.516666666667,0.0,5.0,False
3728,BatchInference,RegionC,RegionC,1716,1716,1720.7,0.0,5.0,False
3729,RealTimeInference,RegionB,RegionB,1334,1334,1335.1666666666667,0.0,5.0,False
3730,RealTimeInference,RegionC,RegionC,451,451,456.65,0.0,5.0,False
3731,BatchInference,RegionF,RegionB,932,932,936.45,0.0,79.0,True
3732,RealTimeInference,RegionA,RegionA,971,971,974.45,0.0,5.0,False
3733,AITraining,RegionD,RegionD,1689,1689,1690.8,0.0,5.0,False
3734,RealTimeInference,RegionB,RegionB,1538,1538,1540.5833333333333,0.0,5.0,False
3735,RealTimeInference,RegionB,RegionB,301,301,304.3,0.0,5.0,False
3736,BatchInference,RegionD,RegionD,2396,2396,2402.6,0.0,5.0,False
3737,BatchInference,RegionE,RegionE,222,222,224.9,0.0,5.0,False
3738,BatchInference,RegionF,RegionF,593,593,593.2833333333333,0.0,5.0,False
3739,RealTimeInference,RegionA,RegionA,1863,1863,1864.0833333333333,0.0,5.0,False
3740,RealTimeInference,RegionA,RegionA,1586,1586,1592.1333333333334,0.0,5.0,False
3741,BatchInference,RegionC,RegionC,558,558,563.7166666666667,0.0,5.0,False
3742,BatchInference,RegionD,RegionD,795,795,800.8,0.0,5.0,False
3743,AITraining,RegionE,RegionA,1468,1468,1474.4,0.0,78.0,True
3744,BatchInference,RegionF,RegionF,828,828,832.9333333333333,0.0,5.0,False
3745,BatchInference,RegionA,RegionA,521,521,525.0,0.0,5.0,False
3746,RealTimeInference,RegionA,RegionA,2329,2329,2329.95,0.0,5.0,False
3747,RealTimeInference,RegionB,RegionB,1149,1149,1149.25,0.0,5.0,False
3748,RealTimeInference,RegionB,RegionB,455,455,461.0833333333333,0.0,5.0,False
3749,BatchInference,RegionD,RegionD,1878,1878,1883.3666666666666,0.0,5.0,False
3750,BatchInference,RegionE,RegionA,701,701,706.6,0.0,78.0,True
3751,BatchInference,RegionF,RegionF,900,900,901.4666666666667,0.0,5.0,False
3752,BatchInference,RegionA,RegionA,642,642,648.4833333333333,0.0,5.0,False
3753,AITraining,RegionD,RegionD,696,696,701.95,0.0,5.0,False
3754,AITraining,RegionD,RegionD,2264,2264,2265.366666666667,0.0,5.0,False
3755,RealTimeInference,RegionB,RegionB,354,354,356.03333333333336,0.0,5.0,False
3756,BatchInference,RegionD,RegionD,2137,2137,2137.866666666667,0.0,5.0,False
3757,BatchInference,RegionE,RegionB,886,886,891.9666666666667,0.0,74.0,True
3758,AITraining,RegionA,RegionA,1939,1939,1939.3166666666666,0.0,5.0,False
3759,BatchInference,RegionA,RegionA,1143,1143,1143.6666666666667,0.0,5.0,False
3760,RealTimeInference,RegionA,RegionA,1753,1753,1757.3,0.0,5.0,False
3761,AITraining,RegionD,RegionD,1010,1010,1014.65,0.0,5.0,False
3762,RealTimeInference,RegionB,RegionB,1340,1340,1340.1833333333334,0.0,5.0,False
3763,BatchInference,RegionE,RegionB,2373,2373,2376.4666666666667,0.0,74.0,True
3764,RealTimeInference,RegionE,RegionE,610,610,612.7333333333333,0.0,5.0,False
3765,AITraining,RegionB,RegionB,20,20,23.85,0.0,5.0,False
3766,BatchInference,RegionB,RegionB,181,181,184.6,0.0,5.0,False
3767,RealTimeInference,RegionB,RegionB,1927,1927,1933.4166666666667,0.0,5.0,False
3768,AITraining,RegionE,RegionA,2065,2065,2069.3,0.0,78.0,True
3769,RealTimeInference,RegionC,RegionC,1743,1743,1749.25,0.0,5.0,False
3770,AITraining,RegionF,RegionF,1615,1615,1616.3833333333334,0.0,5.0,False
3771,BatchInference,RegionA,RegionA,401,401,402.0833333333333,0.0,5.0,False
3772,BatchInference,RegionA,RegionA,2028,2028,2032.15,0.0,5.0,False
3773,RealTimeInference,RegionA,RegionA,340,340,344.56666666666666,0.0,5.0,False
3774,AITraining,RegionD,RegionD,50,50,51.31666666666667,0.0,5.0,False
3775,AITraining,RegionE,RegionE,1665,1665,1668.45,0.0,5.0,False
3776,RealTimeInference,RegionC,RegionC,543,543,544.0833333333334,0.0,5.0,False
3777,BatchInference,RegionF,RegionF,1211,1211,1216.9333333333334,0.0,5.0,False
3778,RealTimeInference,RegionA,RegionA,371,371,373.28333333333336,0.0,5.0,False
3779,RealTimeInference,RegionA,RegionA,1965,1965,1970.0166666666667,0.0,5.0,False
3780,AITraining,RegionD,RegionD,1248,1248,1249.2166666666667,0.0,5.0,False
3781,RealTimeInference,RegionB,RegionB,1881,1881,1881.95,0.0,5.0,False
3782,AITraining,RegionE,RegionE,2390,2390,2395.766666666667,0.0,5.0,False
3783,RealTimeInference,RegionC,RegionC,1863,1863,1864.15,0.0,5.0,False
3784,BatchInference,RegionF,RegionF,567,567,568.2333333333333,0.0,5.0,False
3785,AITraining,RegionC,RegionC,1660,1660,1660.5666666666666,0.0,5.0,False
3786,RealTimeInference,RegionA,RegionA,1517,1517,1518.1333333333334,0.0,5.0,False
3787,AITraining,RegionD,RegionD,1901,1901,1907.1,0.0,5.0,False
3788,AITraining,RegionE,RegionB,5,5,5.95,0.0,74.0,True
3789,AITraining,RegionF,RegionB,289,289,290.0833333333333,0.0,79.0,True
3790,BatchInference,RegionF,RegionF,1363,1363,1364.3,0.0,5.0,False
3791,AITraining,RegionB,RegionB,133,133,139.65,0.0,5.0,False
3792,BatchInference,RegionB,RegionB,1744,1744,1748.4333333333334,0.0,5.0,False
3793,BatchInference,RegionB,RegionB,2221,2221,2223.3333333333335,0.0,5.0,False
3794,AITraining,RegionE,RegionE,848,848,853.4166666666666,0.0,5.0,False
3795,AITraining,RegionE,RegionE,331,331,331.18333333333334,0.0,5.0,False
3796,AITraining,RegionF,RegionF,1375,1375,1377.5666666666666,0.0,5.0,False
3797,AITraining,RegionF,RegionF,224,224,225.16666666666666,0.0,5.0,False
3798,AITraining,RegionC,RegionC,1490,1490,1495.6833333333334,0.0,5.0,False
3799,RealTimeInference,RegionA,RegionA,454,454,456.3333333333333,0.0,5.0,False
3800,BatchInference,RegionC,RegionC,1497,1497,1497.9833333333333,0.0,5.0,False
3801,BatchInference,RegionD,RegionD,167,167,170.11666666666667,0.0,5.0,False
3802,BatchInference,RegionD,RegionD,1500,1500,1502.9833333333333,0.0,5.0,False
3803,RealTimeInference,RegionC,RegionC,2288,2288,2293.75,0.0,5.0,False
3804,AITraining,RegionA,RegionA,274,274,276.6166666666667,0.0,5.0,False
3805,AITraining,RegionD,RegionD,838,838,840.2333333333333,0.0,5.0,False
3806,RealTimeInference,RegionA,RegionA,1371,1371,1372.7166666666667,0.0,5.0,False
3807,RealTimeInference,RegionB,RegionB,2210,2210,2211.616666666667,0.0,5.0,False
3808,RealTimeInference,RegionC,RegionC,1959,1959,1962.55,0.0,5.0,False
3809,AITraining,RegionF,RegionF,2376,2376,2377.633333333333,0.0,5.0,False
3810,AITraining,RegionF,RegionB,859,859,863.6666666666666,0.0,79.0,True
3811,AITraining,RegionC,RegionC,923,923,923.6,0.0,5.0,False
3812,BatchInference,RegionB,RegionB,1444,1444,1447.25,0.0,5.0,False
3813,BatchInference,RegionC,RegionC,2062,2062,2062.6833333333334,0.0,5.0,False
3814,AITraining,RegionE,RegionA,1732,1732,1736.1,0.0,78.0,True
3815,BatchInference,RegionD,RegionD,223,223,228.43333333333334,0.0,5.0,False
3816,RealTimeInference,RegionC,RegionC,1527,1527,1528.4833333333333,0.0,5.0,False
3817,BatchInference,RegionA,RegionA,1853,1853,1858.2833333333333,0.0,5.0,False
3818,BatchInference,RegionA,RegionA,2053,2053,2058.016666666667,0.0,5.0,False
3819,AITraining,RegionD,RegionD,502,502,504.1333333333333,0.0,5.0,False
3820,BatchInference,RegionC,RegionC,2178,2178,2181.9333333333334,0.0,5.0,False
3821,AITraining,RegionE,RegionB,2182,2182,2184.1,0.0,74.0,True
3822,BatchInference,RegionE,RegionB,1851,1851,1853.0666666666666,0.0,74.0,True
3823,AITraining,RegionF,RegionA,1507,1507,1512.1833333333334,0.0,82.0,True
3824,AITraining,RegionB,RegionB,268,268,273.75,0.0,5.0,False
3825,RealTimeInference,RegionA,RegionA,1875,1875,1881.4333333333334,0.0,5.0,False
3826,RealTimeInference,RegionB,RegionB,328,328,330.18333333333334,0.0,5.0,False
3827,BatchInference,RegionC,RegionC,732,732,734.7166666666667,0.0,5.0,False
3828,BatchInference,RegionD,RegionD,315,315,321.0833333333333,0.0,5.0,False
3829,RealTimeInference,RegionC,RegionC,674,674,679.5166666666667,0.0,5.0,False
3830,BatchInference,RegionA,RegionA,458,458,460.9166666666667,0.0,5.0,False
3831,AITraining,RegionD,RegionD,606,606,608.4333333333333,0.0,5.0,False
3832,BatchInference,RegionB,RegionB,616,616,619.3,0.0,5.0,False
3833,RealTimeInference,RegionB,RegionB,2132,2132,2133.9166666666665,0.0,5.0,False
3834,AITraining,RegionE,RegionB,92,92,94.25,0.0,74.0,True
3835,BatchInference,RegionE,RegionA,1706,1706,1711.3666666666666,0.0,78.0,True
3836,AITraining,RegionF,RegionF,2217,2217,2220.4,0.0,5.0,False
3837,RealTimeInference,RegionA,RegionA,1941,1941,1945.7333333333333,0.0,5.0,False
3838,BatchInference,RegionB,RegionB,1720,1720,1721.05,0.0,5.0,False
3839,BatchInference,RegionB,RegionB,87,87,92.78333333333333,0.0,5.0,False
3840,BatchInference,RegionC,RegionC,774,774,778.1833333333333,0.0,5.0,False
3841,RealTimeInference,RegionC,RegionC,90,90,94.96666666666667,0.0,5.0,False
3842,RealTimeInference,RegionC,RegionC,2128,2128,2128.3333333333335,0.0,5.0,False
3843,AITraining,RegionF,RegionF,1375,1375,1381.55,0.0,5.0,False
3844,BatchInference,RegionA,RegionA,2370,2370,2374.9333333333334,0.0,5.0,False
3845,BatchInference,RegionB,RegionB,1336,1336,1336.9333333333334,0.0,5.0,False
3846,BatchInference,RegionC,RegionC,2171,2171,2172.9333333333334,0.0,5.0,False
3847,AITraining,RegionE,RegionA,1823,1823,1825.2,0.0,78.0,True
3848,BatchInference,RegionE,RegionA,1245,1245,1250.2333333333333,0.0,78.0,True
3849,AITraining,RegionF,RegionF,540,540,545.7666666666667,0.0,5.0,False
3850,BatchInference,RegionA,RegionA,703,703,704.05,0.0,5.0,False
3851,BatchInference,RegionB,RegionB,928,928,929.1333333333333,0.0,5.0,False
3852,BatchInference,RegionB,RegionB,1523,1523,1528.3833333333334,0.0,5.0,False
3853,BatchInference,RegionC,RegionC,193,193,194.65,0.0,5.0,False
3854,RealTimeInference,RegionC,RegionC,1446,1446,1446.9,0.0,5.0,False
3855,BatchInference,RegionE,RegionE,1867,1867,1867.5,0.0,5.0,False
3856,RealTimeInference,RegionF,RegionF,658,658,659.0166666666667,0.0,5.0,False
3857,AITraining,RegionC,RegionC,2192,2192,2193.266666666667,0.0,5.0,False
3858,BatchInference,RegionB,RegionB,746,746,748.8166666666667,0.0,5.0,False
3859,RealTimeInference,RegionB,RegionB,628,628,632.0166666666667,0.0,5.0,False
3860,RealTimeInference,RegionB,RegionB,974,974,975.2833333333333,0.0,5.0,False
3861,RealTimeInference,RegionC,RegionB,168,168,170.08333333333334,0.0,14.0,True
3862,BatchInference,RegionF,RegionC,2353,2353,2357.483333333333,0.0,76.0,True
3863,RealTimeInference,RegionA,RegionA,1805,1805,1806.95,0.0,5.0,False
3864,BatchInference,RegionA,RegionA,1514,1514,1517.0666666666666,0.0,5.0,False
3865,RealTimeInference,RegionA,RegionA,840,840,840.5333333333333,0.0,5.0,False
3866,AITraining,RegionD,RegionD,142,142,147.0,0.0,5.0,False
3867,AITraining,RegionE,RegionB,1298,1298,1301.25,0.0,74.0,True
3868,BatchInference,RegionE,RegionE,605,605,607.3333333333334,0.0,5.0,False
3869,BatchInference,RegionF,RegionF,1836,1836,1840.9,0.0,5.0,False
3870,AITraining,RegionC,RegionC,665,665,666.8166666666667,0.0,5.0,False
3871,AITraining,RegionD,RegionD,1235,1235,1241.45,0.0,5.0,False
3872,RealTimeInference,RegionB,RegionB,102,102,106.16666666666667,0.0,5.0,False
3873,BatchInference,RegionD,RegionD,2045,2045,2048.0833333333335,0.0,5.0,False
3874,RealTimeInference,RegionC,RegionC,1876,1876,1881.8333333333333,0.0,5.0,False
3875,BatchInference,RegionE,RegionE,639,639,643.7666666666667,0.0,5.0,False
3876,RealTimeInference,RegionA,RegionA,2237,2237,2240.866666666667,0.0,5.0,False
3877,AITraining,RegionD,RegionD,1356,1356,1356.8333333333333,0.0,5.0,False
3878,AITraining,RegionD,RegionD,1210,1210,1211.6166666666666,0.0,5.0,False
3879,BatchInference,RegionC,RegionC,1187,1187,1191.2666666666667,0.0,5.0,False
3880,AITraining,RegionE,RegionB,602,602,606.2166666666667,0.0,74.0,True
3881,AITraining,RegionF,RegionF,1810,1810,1812.6,0.0,5.0,False
3882,BatchInference,RegionF,RegionB,460,460,464.78333333333336,0.0,79.0,True
3883,AITraining,RegionB,RegionB,1961,1961,1967.4666666666667,0.0,5.0,False
3884,RealTimeInference,RegionA,RegionA,571,571,573.55,0.0,5.0,False
3885,AITraining,RegionD,RegionD,2256,2256,2257.0666666666666,0.0,5.0,False
3886,RealTimeInference,RegionB,RegionB,1261,1261,1263.8333333333333,0.0,5.0,False
3887,RealTimeInference,RegionC,RegionC,1645,1645,1648.45,0.0,5.0,False
3888,AITraining,RegionF,RegionF,902,902,902.6666666666666,0.0,5.0,False
3889,BatchInference,RegionA,RegionA,1463,1463,1469.0333333333333,0.0,5.0,False
3890,RealTimeInference,RegionA,RegionA,1336,1336,1338.45,0.0,5.0,False
3891,RealTimeInference,RegionA,RegionA,799,799,800.4333333333333,0.0,5.0,False
3892,AITraining,RegionD,RegionD,2156,2156,2162.3166666666666,0.0,5.0,False
3893,RealTimeInference,RegionB,RegionB,1138,1138,1139.6,0.0,5.0,False
3894,RealTimeInference,RegionC,RegionC,92,92,95.9,0.0,5.0,False
3895,RealTimeInference,RegionD,RegionD,2205,2205,2207.15,0.0,5.0,False
3896,BatchInference,RegionA,RegionA,357,357,362.6,0.0,5.0,False
3897,AITraining,RegionD,RegionD,1615,1615,1618.3,0.0,5.0,False
3898,RealTimeInference,RegionB,RegionB,2008,2008,2009.75,0.0,5.0,False
3899,BatchInference,RegionC,RegionC,2095,2095,2097.0333333333333,0.0,5.0,False
3900,RealTimeInference,RegionC,RegionC,1478,1478,1480.35,0.0,5.0,False
3901,BatchInference,RegionE,RegionE,605,605,607.1666666666666,0.0,5.0,False
3902,AITraining,RegionF,RegionA,1751,1751,1753.1833333333334,0.0,82.0,True
3903,BatchInference,RegionA,RegionA,1581,1581,1581.8,0.0,5.0,False
3904,BatchInference,RegionB,RegionB,49,49,52.483333333333334,0.0,5.0,False
3905,BatchInference,RegionC,RegionC,1412,1412,1415.0333333333333,0.0,5.0,False
3906,BatchInference,RegionD,RegionD,1261,1261,1265.9333333333334,0.0,5.0,False
3907,BatchInference,RegionD,RegionD,2297,2297,2297.35,0.0,5.0,False
3908,RealTimeInference,RegionC,RegionC,883,883,885.3333333333334,0.0,5.0,False
3909,AITraining,RegionB,RegionB,1819,1819,1820.9166666666667,0.0,5.0,False
3910,AITraining,RegionD,RegionD,1702,1702,1706.1833333333334,0.0,5.0,False
3911,BatchInference,RegionB,RegionB,1182,1182,1188.6,0.0,5.0,False
3912,RealTimeInference,RegionB,RegionB,1736,1736,1738.5,0.0,5.0,False
3913,AITraining,RegionE,RegionE,1696,1696,1698.0166666666667,0.0,5.0,False
3914,RealTimeInference,RegionC,RegionC,352,352,354.6,0.0,5.0,False
3915,RealTimeInference,RegionE,RegionE,851,851,854.5333333333333,0.0,5.0,False
3916,BatchInference,RegionA,RegionA,1944,1944,1945.5666666666666,0.0,5.0,False
3917,AITraining,RegionD,RegionD,1373,1373,1374.35,0.0,5.0,False
3918,RealTimeInference,RegionB,RegionB,1539,1539,1543.8333333333333,0.0,5.0,False
3919,RealTimeInference,RegionB,RegionB,27,27,31.733333333333334,0.0,5.0,False
3920,BatchInference,RegionD,RegionD,1119,1119,1123.0333333333333,0.0,5.0,False
3921,BatchInference,RegionE,RegionE,716,716,721.5833333333334,0.0,5.0,False
3922,AITraining,RegionA,RegionA,1892,1892,1893.6333333333334,0.0,5.0,False
3923,AITraining,RegionD,RegionD,2326,2326,2331.983333333333,0.0,5.0,False
3924,RealTimeInference,RegionA,RegionA,816,816,817.6,0.0,5.0,False
3925,RealTimeInference,RegionB,RegionB,1563,1563,1565.7166666666667,0.0,5.0,False
3926,BatchInference,RegionD,RegionD,2268,2268,2272.55,0.0,5.0,False
3927,BatchInference,RegionE,RegionB,172,172,174.16666666666666,0.0,74.0,True
3928,BatchInference,RegionF,RegionB,2397,2397,2400.0333333333333,0.0,79.0,True
3929,BatchInference,RegionA,RegionA,2023,2023,2025.2833333333333,0.0,5.0,False
3930,AITraining,RegionD,RegionD,1898,1898,1899.9833333333333,0.0,5.0,False
3931,RealTimeInference,RegionB,RegionB,109,109,110.33333333333333,0.0,5.0,False
3932,RealTimeInference,RegionB,RegionB,630,630,636.5,0.0,5.0,False
3933,BatchInference,RegionD,RegionD,1229,1229,1234.8833333333334,0.0,5.0,False
3934,AITraining,RegionF,RegionF,1935,1935,1937.9166666666667,0.0,5.0,False
3935,RealTimeInference,RegionA,RegionA,1178,1178,1178.4666666666667,0.0,5.0,False
3936,BatchInference,RegionA,RegionA,734,734,737.2166666666667,0.0,5.0,False
3937,BatchInference,RegionB,RegionB,1002,1002,1002.3166666666667,0.0,5.0,False
3938,RealTimeInference,RegionB,RegionB,488,488,493.95,0.0,5.0,False
3939,BatchInference,RegionD,RegionD,2019,2019,2020.1333333333334,0.0,5.0,False
3940,RealTimeInference,RegionC,RegionC,1481,1481,1483.6333333333334,0.0,5.0,False
3941,AITraining,RegionF,RegionA,1968,1968,1968.3,0.0,82.0,True
3942,AITraining,RegionB,RegionB,1786,1786,1790.7,0.0,5.0,False
3943,BatchInference,RegionB,RegionB,1949,1949,1949.2833333333333,0.0,5.0,False
3944,AITraining,RegionD,RegionD,489,489,491.23333333333335,0.0,5.0,False
3945,BatchInference,RegionC,RegionC,2099,2099,2102.55,0.0,5.0,False
3946,AITraining,RegionE,RegionE,2356,2356,2356.233333333333,0.0,5.0,False
3947,RealTimeInference,RegionC,RegionC,1063,1063,1067.7166666666667,0.0,5.0,False
3948,RealTimeInference,RegionF,RegionF,2382,2382,2387.5,0.0,5.0,False
3949,RealTimeInference,RegionA,RegionA,598,598,600.4166666666666,0.0,5.0,False
3950,BatchInference,RegionB,RegionB,1888,1888,1893.5666666666666,0.0,5.0,False
3951,AITraining,RegionD,RegionD,554,554,559.7833333333333,0.0,5.0,False
3952,BatchInference,RegionD,RegionD,668,668,669.7333333333333,0.0,5.0,False
3953,RealTimeInference,RegionC,RegionC,1116,1116,1122.5,0.0,5.0,False
3954,BatchInference,RegionF,RegionF,1718,1718,1723.75,0.0,5.0,False
3955,AITraining,RegionB,RegionB,1458,1458,1460.4,0.0,5.0,False
3956,RealTimeInference,RegionA,RegionA,1187,1187,1192.4666666666667,0.0,5.0,False
3957,BatchInference,RegionB,RegionB,2169,2169,2171.8166666666666,0.0,5.0,False
3958,AITraining,RegionE,RegionB,314,314,319.28333333333336,0.0,74.0,True
3959,AITraining,RegionE,RegionA,793,793,794.4166666666666,0.0,78.0,True
3960,AITraining,RegionF,RegionF,750,750,751.2166666666667,0.0,5.0,False
3961,RealTimeInference,RegionF,RegionF,684,684,688.6333333333333,0.0,5.0,False
3962,AITraining,RegionC,RegionC,1321,1321,1325.6166666666666,0.0,5.0,False
3963,BatchInference,RegionB,RegionB,1233,1233,1236.9333333333334,0.0,5.0,False
3964,BatchInference,RegionC,RegionC,1484,1484,1487.7166666666667,0.0,5.0,False
3965,RealTimeInference,RegionB,RegionB,2188,2188,2191.65,0.0,5.0,False
3966,AITraining,RegionE,RegionB,1440,1440,1440.8,0.0,74.0,True
3967,RealTimeInference,RegionC,RegionC,52,52,52.43333333333333,0.0,5.0,False
3968,RealTimeInference,RegionA,RegionA,2122,2122,2123.266666666667,0.0,5.0,False
3969,BatchInference,RegionA,RegionA,1527,1527,1532.5333333333333,0.0,5.0,False
3970,BatchInference,RegionB,RegionB,1687,1687,1691.1833333333334,0.0,5.0,False
3971,BatchInference,RegionC,RegionC,667,667,668.05,0.0,5.0,False
3972,RealTimeInference,RegionC,RegionC,892,892,897.7,0.0,5.0,False
3973,RealTimeInference,RegionC,RegionC,2061,2061,2063.2833333333333,0.0,5.0,False
3974,RealTimeInference,RegionE,RegionF,771,771,772.5833333333334,0.0,18.0,True
3975,AITraining,RegionC,RegionC,2153,2153,2159.383333333333,0.0,5.0,False
3976,AITraining,RegionD,RegionD,2257,2257,2261.45,0.0,5.0,False
3977,AITraining,RegionD,RegionD,466,466,470.23333333333335,0.0,5.0,False
3978,BatchInference,RegionD,RegionD,1886,1886,1888.4166666666667,0.0,5.0,False
3979,RealTimeInference,RegionC,RegionC,477,477,481.6166666666667,0.0,5.0,False
3980,RealTimeInference,RegionC,RegionC,71,71,72.73333333333333,0.0,5.0,False
3981,BatchInference,RegionA,RegionA,1426,1426,1430.3833333333334,0.0,5.0,False
3982,BatchInference,RegionA,RegionA,1485,1485,1488.75,0.0,5.0,False
3983,RealTimeInference,RegionA,RegionA,1810,1810,1811.3,0.0,5.0,False
3984,AITraining,RegionD,RegionD,2142,2142,2143.366666666667,0.0,5.0,False
3985,BatchInference,RegionD,RegionD,705,705,708.6166666666667,0.0,5.0,False
3986,AITraining,RegionF,RegionB,1247,1247,1251.5833333333333,0.0,79.0,True
3987,RealTimeInference,RegionE,RegionF,485,485,490.7,0.0,18.0,True
3988,RealTimeInference,RegionA,RegionA,527,527,527.9333333333333,0.0,5.0,False
3989,AITraining,RegionD,RegionD,583,583,586.65,0.0,5.0,False
3990,AITraining,RegionD,RegionD,928,928,928.3166666666667,0.0,5.0,False
3991,BatchInference,RegionD,RegionD,513,513,517.5,0.0,5.0,False
3992,RealTimeInference,RegionC,RegionC,533,533,535.3333333333334,0.0,5.0,False
3993,RealTimeInference,RegionC,RegionC,1740,1740,1743.95,0.0,5.0,False
3994,AITraining,RegionA,RegionA,457,457,461.01666666666665,0.0,5.0,False
3995,RealTimeInference,RegionA,RegionA,77,77,83.13333333333334,0.0,5.0,False
3996,BatchInference,RegionB,RegionB,1766,1766,1771.4166666666667,0.0,5.0,False
3997,RealTimeInference,RegionB,RegionB,804,804,809.65,0.0,5.0,False
3998,RealTimeInference,RegionB,RegionB,134,134,138.46666666666667,0.0,5.0,False
3999,AITraining,RegionF,RegionA,2103,2103,2107.0666666666666,0.0,82.0,True
4000,AITraining,RegionF,RegionB,242,242,245.61666666666667,0.0,79.0,True
4001,BatchInference,RegionA,RegionA,487,487,488.43333333333334,0.0,5.0,False
4002,BatchInference,RegionB,RegionB,177,177,178.45,0.0,5.0,False
4003,RealTimeInference,RegionB,RegionB,1235,1235,1239.65,0.0,5.0,False
4004,AITraining,RegionE,RegionB,42,42,47.8,0.0,74.0,True
4005,RealTimeInference,RegionC,RegionC,507,507,513.6166666666667,0.0,5.0,False
4006,AITraining,RegionF,RegionA,841,841,842.7333333333333,0.0,82.0,True
4007,AITraining,RegionF,RegionB,819,819,820.0333333333333,0.0,79.0,True
4008,RealTimeInference,RegionA,RegionA,1439,1439,1444.4166666666667,0.0,5.0,False
4009,RealTimeInference,RegionA,RegionA,371,371,376.65,0.0,5.0,False
4010,RealTimeInference,RegionB,RegionB,1136,1136,1140.8,0.0,5.0,False
4011,AITraining,RegionE,RegionE,1424,1424,1427.7833333333333,0.0,5.0,False
4012,BatchInference,RegionE,RegionE,657,657,660.3,0.0,5.0,False
4013,AITraining,RegionF,RegionF,990,990,995.25,0.0,5.0,False
4014,AITraining,RegionB,RegionB,2335,2335,2340.0833333333335,0.0,5.0,False
4015,RealTimeInference,RegionA,RegionA,405,405,405.81666666666666,0.0,5.0,False
4016,AITraining,RegionD,RegionD,57,57,60.2,0.0,5.0,False
4017,AITraining,RegionE,RegionB,888,888,891.2,0.0,74.0,True
4018,AITraining,RegionE,RegionE,784,784,787.2833333333333,0.0,5.0,False
4019,BatchInference,RegionE,RegionE,703,703,708.55,0.0,5.0,False
4020,AITraining,RegionF,RegionA,17,17,22.916666666666668,0.0,82.0,True
4021,AITraining,RegionC,RegionC,404,404,405.73333333333335,0.0,5.0,False
4022,RealTimeInference,RegionA,RegionA,2065,2065,2066.65,0.0,5.0,False
4023,AITraining,RegionD,RegionD,1944,1944,1944.6166666666666,0.0,5.0,False
4024,BatchInference,RegionD,RegionD,758,758,758.55,0.0,5.0,False
4025,BatchInference,RegionD,RegionD,439,439,440.0833333333333,0.0,5.0,False
4026,RealTimeInference,RegionC,RegionC,1453,1453,1457.95,0.0,5.0,False
4027,BatchInference,RegionA,RegionA,1737,1737,1741.8333333333333,0.0,5.0,False
4028,RealTimeInference,RegionA,RegionA,2106,2106,2107.25,0.0,5.0,False
4029,RealTimeInference,RegionA,RegionA,1669,1669,1673.3,0.0,5.0,False
4030,RealTimeInference,RegionB,RegionB,1287,1287,1289.8833333333334,0.0,5.0,False
4031,RealTimeInference,RegionB,RegionB,1908,1908,1910.9833333333333,0.0,5.0,False
4032,RealTimeInference,RegionC,RegionC,2128,2128,2133.9,0.0,5.0,False
4033,RealTimeInference,RegionE,RegionE,2030,2030,2031.3166666666666,0.0,5.0,False
4034,BatchInference,RegionA,RegionA,1180,1180,1181.4833333333333,0.0,5.0,False
4035,AITraining,RegionD,RegionD,166,166,170.63333333333333,0.0,5.0,False
4036,RealTimeInference,RegionB,RegionB,1343,1343,1346.2833333333333,0.0,5.0,False
4037,BatchInference,RegionD,RegionD,473,473,477.95,0.0,5.0,False
4038,BatchInference,RegionD,RegionD,1161,1161,1165.6333333333334,0.0,5.0,False
4039,BatchInference,RegionE,RegionA,1277,1277,1282.45,0.0,78.0,True
4040,AITraining,RegionA,RegionA,1818,1818,1818.5166666666667,0.0,5.0,False
4041,RealTimeInference,RegionA,RegionA,2268,2268,2268.95,0.0,5.0,False
4042,BatchInference,RegionB,RegionB,1190,1190,1192.8666666666666,0.0,5.0,False
4043,BatchInference,RegionC,RegionC,773,773,774.8333333333334,0.0,5.0,False
4044,RealTimeInference,RegionB,RegionB,1948,1948,1950.8666666666666,0.0,5.0,False
4045,AITraining,RegionF,RegionF,1505,1505,1507.45,0.0,5.0,False
4046,RealTimeInference,RegionE,RegionE,52,52,57.61666666666667,0.0,5.0,False
4047,AITraining,RegionB,RegionB,2013,2013,2016.0166666666667,0.0,5.0,False
4048,AITraining,RegionD,RegionD,430,430,430.81666666666666,0.0,5.0,False
4049,BatchInference,RegionB,RegionB,1794,1794,1796.6666666666667,0.0,5.0,False
4050,AITraining,RegionE,RegionE,348,348,349.5833333333333,0.0,5.0,False
4051,RealTimeInference,RegionC,RegionC,587,587,591.4333333333333,0.0,5.0,False
4052,BatchInference,RegionE,RegionE,1640,1640,1640.7,0.0,5.0,False
4053,AITraining,RegionA,RegionA,416,416,416.2,0.0,5.0,False
4054,AITraining,RegionD,RegionD,691,691,694.9333333333333,0.0,5.0,False
4055,RealTimeInference,RegionA,RegionA,1489,1489,1494.3666666666666,0.0,5.0,False
4056,RealTimeInference,RegionB,RegionB,1387,1387,1391.3833333333334,0.0,5.0,False
4057,RealTimeInference,RegionB,RegionB,1655,1655,1655.55,0.0,5.0,False
4058,RealTimeInference,RegionC,RegionC,953,953,957.05,0.0,5.0,False
4059,BatchInference,RegionF,RegionC,2044,2044,2049.6833333333334,0.0,76.0,True
4060,BatchInference,RegionA,RegionA,2383,2383,2385.8,0.0,5.0,False
4061,AITraining,RegionD,RegionD,1118,1118,1122.9166666666667,0.0,5.0,False
4062,AITraining,RegionD,RegionD,1639,1639,1641.7333333333333,0.0,5.0,False
4063,BatchInference,RegionC,RegionC,1948,1948,1954.4333333333334,0.0,5.0,False
4064,AITraining,RegionE,RegionA,1656,1656,1662.3333333333333,0.0,78.0,True
4065,BatchInference,RegionE,RegionE,2094,2094,2097.766666666667,0.0,5.0,False
4066,BatchInference,RegionF,RegionB,603,603,609.4833333333333,0.0,79.0,True
4067,BatchInference,RegionA,RegionA,442,442,446.06666666666666,0.0,5.0,False
4068,RealTimeInference,RegionA,RegionA,1026,1026,1026.45,0.0,5.0,False
4069,BatchInference,RegionC,RegionC,2036,2036,2038.9333333333334,0.0,5.0,False
4070,RealTimeInference,RegionB,RegionB,551,551,555.2333333333333,0.0,5.0,False
4071,RealTimeInference,RegionC,RegionC,407,407,407.73333333333335,0.0,5.0,False
4072,AITraining,RegionF,RegionA,216,216,221.15,0.0,82.0,True
4073,RealTimeInference,RegionA,RegionA,2040,2040,2040.5666666666666,0.0,5.0,False
4074,AITraining,RegionD,RegionD,109,109,110.55,0.0,5.0,False
4075,RealTimeInference,RegionB,RegionB,1567,1567,1569.9166666666667,0.0,5.0,False
4076,AITraining,RegionE,RegionA,1339,1339,1345.6,0.0,78.0,True
4077,RealTimeInference,RegionC,RegionC,1240,1240,1241.1833333333334,0.0,5.0,False
4078,AITraining,RegionF,RegionF,394,394,400.51666666666665,0.0,5.0,False
4079,RealTimeInference,RegionE,RegionE,2129,2129,2134.0,0.0,5.0,False
4080,BatchInference,RegionA,RegionA,1908,1908,1908.8666666666666,0.0,5.0,False
4081,RealTimeInference,RegionA,RegionA,1202,1202,1204.0,0.0,5.0,False
4082,AITraining,RegionD,RegionD,2039,2039,2043.4166666666667,0.0,5.0,False
4083,BatchInference,RegionD,RegionD,2067,2067,2069.55,0.0,5.0,False
4084,BatchInference,RegionD,RegionD,2221,2221,2226.1666666666665,0.0,5.0,False
4085,BatchInference,RegionF,RegionF,2214,2214,2219.116666666667,0.0,5.0,False
4086,AITraining,RegionA,RegionA,72,72,76.66666666666667,0.0,5.0,False
4087,RealTimeInference,RegionA,RegionA,1762,1762,1766.0666666666666,0.0,5.0,False
4088,RealTimeInference,RegionA,RegionA,1571,1571,1575.05,0.0,5.0,False
4089,BatchInference,RegionC,RegionC,1288,1288,1293.7,0.0,5.0,False
4090,BatchInference,RegionD,RegionD,1812,1812,1813.9333333333334,0.0,5.0,False
4091,BatchInference,RegionE,RegionA,147,147,153.5,0.0,78.0,True
4092,RealTimeInference,RegionE,RegionE,724,724,726.3833333333333,0.0,5.0,False
4093,AITraining,RegionC,RegionC,1241,1241,1247.2166666666667,0.0,5.0,False
4094,AITraining,RegionD,RegionD,672,672,677.55,0.0,5.0,False
4095,BatchInference,RegionC,RegionC,1764,1764,1766.05,0.0,5.0,False
4096,RealTimeInference,RegionB,RegionB,1279,1279,1279.8333333333333,0.0,5.0,False
4097,AITraining,RegionE,RegionE,1593,1593,1596.3833333333334,0.0,5.0,False
4098,BatchInference,RegionE,RegionE,448,448,451.8333333333333,0.0,5.0,False
4099,AITraining,RegionA,RegionA,2009,2009,2009.2166666666667,0.0,5.0,False
4100,AITraining,RegionD,RegionD,2268,2268,2268.5833333333335,0.0,5.0,False
4101,AITraining,RegionD,RegionD,2209,2209,2209.4333333333334,0.0,5.0,False
4102,AITraining,RegionD,RegionD,1924,1924,1924.6666666666667,0.0,5.0,False
4103,BatchInference,RegionD,RegionD,2302,2302,2305.6,0.0,5.0,False
4104,RealTimeInference,RegionC,RegionC,2075,2075,2081.266666666667,0.0,5.0,False
4105,RealTimeInference,RegionE,RegionE,1603,1603,1609.2833333333333,0.0,5.0,False
4106,BatchInference,RegionA,RegionA,2026,2026,2030.2666666666667,0.0,5.0,False
4107,AITraining,RegionD,RegionD,1547,1547,1547.7333333333333,0.0,5.0,False
4108,AITraining,RegionD,RegionD,1444,1444,1450.5,0.0,5.0,False
4109,BatchInference,RegionC,RegionC,1312,1312,1312.5,0.0,5.0,False
4110,RealTimeInference,RegionC,RegionC,115,115,116.76666666666667,0.0,5.0,False
4111,AITraining,RegionF,RegionF,184,184,185.06666666666666,0.0,5.0,False
4112,RealTimeInference,RegionF,RegionF,1500,1500,1502.2666666666667,0.0,5.0,False
4113,BatchInference,RegionA,RegionA,2391,2391,2395.2,0.0,5.0,False
4114,RealTimeInference,RegionA,RegionA,1397,1397,1402.75,0.0,5.0,False
4115,BatchInference,RegionC,RegionC,398,398,402.06666666666666,0.0,5.0,False
4116,BatchInference,RegionD,RegionD,1413,1413,1416.4,0.0,5.0,False
4117,BatchInference,RegionE,RegionE,1687,1687,1689.4,0.0,5.0,False
4118,BatchInference,RegionF,RegionF,231,231,232.75,0.0,5.0,False
4119,AITraining,RegionB,RegionB,1000,1000,1000.5833333333334,0.0,5.0,False
4120,RealTimeInference,RegionA,RegionA,961,961,965.0666666666667,0.0,5.0,False
4121,AITraining,RegionD,RegionD,1278,1278,1284.1166666666666,0.0,5.0,False
4122,AITraining,RegionE,RegionE,347,347,353.0,0.0,5.0,False
4123,AITraining,RegionE,RegionE,268,268,274.4,0.0,5.0,False
4124,BatchInference,RegionE,RegionE,468,468,468.75,0.0,5.0,False
4125,BatchInference,RegionF,RegionC,695,695,701.3166666666667,0.0,76.0,True
4126,RealTimeInference,RegionA,RegionA,2205,2205,2207.516666666667,0.0,5.0,False
4127,BatchInference,RegionB,RegionB,153,153,154.96666666666667,0.0,5.0,False
4128,BatchInference,RegionC,RegionC,1730,1730,1732.8333333333333,0.0,5.0,False
4129,AITraining,RegionE,RegionB,2108,2108,2111.5666666666666,0.0,74.0,True
4130,BatchInference,RegionD,RegionD,1092,1092,1096.8166666666666,0.0,5.0,False
4131,RealTimeInference,RegionC,RegionC,1923,1923,1926.1833333333334,0.0,5.0,False
4132,AITraining,RegionA,RegionA,91,91,95.08333333333333,0.0,5.0,False
4133,BatchInference,RegionA,RegionA,1547,1547,1550.0166666666667,0.0,5.0,False
4134,AITraining,RegionD,RegionD,1598,1598,1603.3333333333333,0.0,5.0,False
4135,BatchInference,RegionC,RegionC,2345,2345,2349.45,0.0,5.0,False
4136,RealTimeInference,RegionC,RegionC,2000,2000,2002.7166666666667,0.0,5.0,False
4137,RealTimeInference,RegionC,RegionC,843,843,845.3333333333334,0.0,5.0,False
4138,BatchInference,RegionF,RegionC,2034,2034,2037.6166666666666,0.0,76.0,True
4139,AITraining,RegionC,RegionC,1390,1390,1395.95,0.0,5.0,False
4140,RealTimeInference,RegionA,RegionA,1226,1226,1230.3166666666666,0.0,5.0,False
4141,BatchInference,RegionC,RegionC,1785,1785,1785.55,0.0,5.0,False
4142,RealTimeInference,RegionB,RegionB,2035,2035,2040.55,0.0,5.0,False
4143,AITraining,RegionE,RegionB,308,308,310.3666666666667,0.0,74.0,True
4144,AITraining,RegionF,RegionF,876,876,878.7833333333333,0.0,5.0,False
4145,BatchInference,RegionA,RegionA,1086,1086,1091.0333333333333,0.0,5.0,False
4146,RealTimeInference,RegionA,RegionA,1217,1217,1219.7833333333333,0.0,5.0,False
4147,AITraining,RegionD,RegionD,1646,1646,1651.1333333333334,0.0,5.0,False
4148,RealTimeInference,RegionB,RegionB,376,376,382.43333333333334,0.0,5.0,False
4149,AITraining,RegionE,RegionA,2368,2368,2374.1833333333334,0.0,78.0,True
4150,RealTimeInference,RegionC,RegionC,1379,1379,1381.2666666666667,0.0,5.0,False
4151,BatchInference,RegionF,RegionF,275,275,276.6666666666667,0.0,5.0,False
4152,AITraining,RegionB,RegionB,2175,2175,2175.6833333333334,0.0,5.0,False
4153,BatchInference,RegionB,RegionB,1749,1749,1753.6333333333334,0.0,5.0,False
4154,RealTimeInference,RegionB,RegionB,1422,1422,1423.1666666666667,0.0,5.0,False
4155,RealTimeInference,RegionB,RegionB,1236,1236,1240.9,0.0,5.0,False
4156,AITraining,RegionE,RegionE,1228,1228,1230.6333333333334,0.0,5.0,False
4157,BatchInference,RegionE,RegionA,2211,2211,2211.1833333333334,0.0,78.0,True
4158,BatchInference,RegionA,RegionA,819,819,822.3833333333333,0.0,5.0,False
4159,BatchInference,RegionA,RegionA,1647,1647,1652.75,0.0,5.0,False
4160,BatchInference,RegionB,RegionB,2110,2110,2115.866666666667,0.0,5.0,False
4161,BatchInference,RegionC,RegionC,2242,2242,2244.7,0.0,5.0,False
4162,RealTimeInference,RegionB,RegionB,76,76,82.18333333333334,0.0,5.0,False
4163,AITraining,RegionF,RegionB,2114,2114,2118.7,0.0,79.0,True
4164,RealTimeInference,RegionD,RegionD,2362,2362,2367.2166666666667,0.0,5.0,False
4165,BatchInference,RegionA,RegionA,872,872,873.6166666666667,0.0,5.0,False
4166,AITraining,RegionD,RegionD,1914,1914,1916.3166666666666,0.0,5.0,False
4167,BatchInference,RegionB,RegionB,2182,2182,2186.1666666666665,0.0,5.0,False
4168,AITraining,RegionE,RegionB,1776,1776,1778.8666666666666,0.0,74.0,True
4169,AITraining,RegionE,RegionE,245,245,247.28333333333333,0.0,5.0,False
4170,AITraining,RegionF,RegionA,821,821,821.6666666666666,0.0,82.0,True
4171,BatchInference,RegionF,RegionB,1894,1894,1898.05,0.0,79.0,True
4172,RealTimeInference,RegionA,RegionA,984,984,986.3333333333334,0.0,5.0,False
4173,RealTimeInference,RegionA,RegionA,1229,1229,1229.6333333333334,0.0,5.0,False
4174,BatchInference,RegionC,RegionC,1680,1680,1686.3333333333333,0.0,5.0,False
4175,BatchInference,RegionD,RegionD,263,263,269.1,0.0,5.0,False
4176,AITraining,RegionF,RegionF,833,833,835.2333333333333,0.0,5.0,False
4177,BatchInference,RegionF,RegionF,1093,1093,1098.5833333333333,0.0,5.0,False
4178,BatchInference,RegionA,RegionA,657,657,661.2,0.0,5.0,False
4179,BatchInference,RegionB,RegionB,967,967,970.8333333333334,0.0,5.0,False
4180,BatchInference,RegionB,RegionB,976,976,977.5166666666667,0.0,5.0,False
4181,RealTimeInference,RegionB,RegionB,614,614,614.35,0.0,5.0,False
4182,RealTimeInference,RegionC,RegionC,113,113,116.35,0.0,5.0,False
4183,RealTimeInference,RegionC,RegionC,1271,1271,1275.6666666666667,0.0,5.0,False
4184,BatchInference,RegionF,RegionB,1988,1988,1989.1833333333334,0.0,79.0,True
4185,AITraining,RegionC,RegionC,1786,1786,1787.7333333333333,0.0,5.0,False
4186,BatchInference,RegionB,RegionB,151,151,152.41666666666666,0.0,5.0,False
4187,RealTimeInference,RegionB,RegionB,652,652,652.5666666666667,0.0,5.0,False
4188,BatchInference,RegionD,RegionD,558,558,563.7,0.0,5.0,False
4189,RealTimeInference,RegionC,RegionC,1058,1058,1063.5833333333333,0.0,5.0,False
4190,BatchInference,RegionF,RegionB,2255,2255,2257.366666666667,0.0,79.0,True
4191,RealTimeInference,RegionA,RegionA,172,172,177.06666666666666,0.0,5.0,False
4192,AITraining,RegionD,RegionD,1990,1990,1993.15,0.0,5.0,False
4193,RealTimeInference,RegionA,RegionA,226,226,230.33333333333334,0.0,5.0,False
4194,RealTimeInference,RegionB,RegionB,1285,1285,1286.9,0.0,5.0,False
4195,AITraining,RegionE,RegionE,1220,1220,1224.5333333333333,0.0,5.0,False
4196,RealTimeInference,RegionC,RegionC,1667,1667,1669.5666666666666,0.0,5.0,False
4197,BatchInference,RegionF,RegionF,369,369,374.8666666666667,0.0,5.0,False
4198,BatchInference,RegionA,RegionA,575,575,579.9833333333333,0.0,5.0,False
4199,RealTimeInference,RegionA,RegionA,458,458,459.25,0.0,5.0,False
4200,AITraining,RegionD,RegionD,2049,2049,2049.8333333333335,0.0,5.0,False
4201,RealTimeInference,RegionB,RegionB,2137,2137,2143.05,0.0,5.0,False
4202,AITraining,RegionE,RegionB,2377,2377,2381.6666666666665,0.0,74.0,True
4203,AITraining,RegionF,RegionA,1031,1031,1034.2333333333333,0.0,82.0,True
4204,BatchInference,RegionA,RegionA,369,369,373.56666666666666,0.0,5.0,False
4205,RealTimeInference,RegionA,RegionA,500,500,505.01666666666665,0.0,5.0,False
4206,BatchInference,RegionB,RegionB,1348,1348,1349.7666666666667,0.0,5.0,False
4207,AITraining,RegionD,RegionD,1597,1597,1598.3833333333334,0.0,5.0,False
4208,AITraining,RegionE,RegionE,966,966,970.25,0.0,5.0,False
4209,BatchInference,RegionE,RegionB,892,892,898.35,0.0,74.0,True
4210,RealTimeInference,RegionE,RegionF,437,437,442.6666666666667,0.0,18.0,True
4211,RealTimeInference,RegionA,RegionA,876,876,881.2833333333333,0.0,5.0,False
4212,BatchInference,RegionB,RegionB,1800,1800,1803.2833333333333,0.0,5.0,False
4213,BatchInference,RegionB,RegionB,1041,1041,1045.0666666666666,0.0,5.0,False
4214,AITraining,RegionE,RegionE,229,229,234.9,0.0,5.0,False
4215,BatchInference,RegionD,RegionD,2185,2185,2190.55,0.0,5.0,False
4216,BatchInference,RegionE,RegionE,462,462,464.06666666666666,0.0,5.0,False
4217,BatchInference,RegionA,RegionA,2235,2235,2240.9166666666665,0.0,5.0,False
4218,BatchInference,RegionA,RegionA,1945,1945,1945.4166666666667,0.0,5.0,False
4219,AITraining,RegionD,RegionD,1009,1009,1009.85,0.0,5.0,False
4220,BatchInference,RegionC,RegionC,593,593,597.7833333333333,0.0,5.0,False
4221,BatchInference,RegionD,RegionD,1946,1946,1947.25,0.0,5.0,False
4222,AITraining,RegionF,RegionB,1506,1506,1511.3166666666666,0.0,79.0,True
4223,BatchInference,RegionF,RegionB,86,86,92.36666666666666,0.0,79.0,True
4224,AITraining,RegionB,RegionB,142,142,143.9,0.0,5.0,False
4225,AITraining,RegionD,RegionD,223,223,225.2,0.0,5.0,False
4226,AITraining,RegionD,RegionD,981,981,982.8166666666667,0.0,5.0,False
4227,BatchInference,RegionC,RegionC,2263,2263,2266.55,0.0,5.0,False
4228,BatchInference,RegionD,RegionD,1266,1266,1269.4333333333334,0.0,5.0,False
4229,AITraining,RegionF,RegionA,1486,1486,1491.85,0.0,82.0,True
4230,AITraining,RegionF,RegionF,499,499,504.55,0.0,5.0,False
4231,AITraining,RegionC,RegionC,968,968,970.65,0.0,5.0,False
4232,BatchInference,RegionB,RegionB,1591,1591,1593.2333333333333,0.0,5.0,False
4233,RealTimeInference,RegionB,RegionB,1609,1609,1614.2666666666667,0.0,5.0,False
4234,BatchInference,RegionD,RegionD,1232,1232,1237.45,0.0,5.0,False
4235,RealTimeInference,RegionC,RegionC,964,964,970.45,0.0,5.0,False
4236,BatchInference,RegionF,RegionB,861,861,867.4666666666667,0.0,79.0,True
4237,RealTimeInference,RegionA,RegionA,1797,1797,1803.2666666666667,0.0,5.0,False
4238,AITraining,RegionD,RegionD,1299,1299,1304.2666666666667,0.0,5.0,False
4239,AITraining,RegionD,RegionD,1664,1664,1666.35,0.0,5.0,False
4240,RealTimeInference,RegionB,RegionB,1122,1122,1126.95,0.0,5.0,False
4241,RealTimeInference,RegionC,RegionC,2013,2013,2014.8,0.0,5.0,False
4242,BatchInference,RegionE,RegionE,1691,1691,1692.3166666666666,0.0,5.0,False
4243,BatchInference,RegionF,RegionC,1730,1730,1734.6833333333334,0.0,76.0,True
4244,RealTimeInference,RegionA,RegionA,656,656,656.4666666666667,0.0,5.0,False
4245,AITraining,RegionD,RegionD,1068,1068,1074.3,0.0,5.0,False
4246,AITraining,RegionD,RegionD,271,271,274.06666666666666,0.0,5.0,False
4247,BatchInference,RegionD,RegionD,1723,1723,1726.2,0.0,5.0,False
4248,AITraining,RegionE,RegionE,2243,2243,2248.45,0.0,5.0,False
4249,AITraining,RegionF,RegionA,1338,1338,1343.5,0.0,82.0,True
4250,BatchInference,RegionA,RegionA,112,112,116.71666666666667,0.0,5.0,False
4251,RealTimeInference,RegionA,RegionA,752,752,757.3333333333334,0.0,5.0,False
4252,AITraining,RegionD,RegionD,1816,1816,1818.3,0.0,5.0,False
4253,AITraining,RegionD,RegionD,557,557,558.0,0.0,5.0,False
4254,RealTimeInference,RegionB,RegionB,1641,1641,1645.8333333333333,0.0,5.0,False
4255,RealTimeInference,RegionC,RegionC,1251,1251,1254.35,0.0,5.0,False
4256,BatchInference,RegionF,RegionF,2358,2358,2359.7,0.0,5.0,False
4257,RealTimeInference,RegionA,RegionA,453,453,458.35,0.0,5.0,False
4258,RealTimeInference,RegionA,RegionA,1022,1022,1024.15,0.0,5.0,False
4259,AITraining,RegionD,RegionD,532,532,536.3666666666667,0.0,5.0,False
4260,AITraining,RegionE,RegionB,1680,1680,1686.4833333333333,0.0,74.0,True
4261,BatchInference,RegionD,RegionD,1849,1849,1854.4166666666667,0.0,5.0,False
4262,BatchInference,RegionE,RegionB,546,546,551.25,0.0,74.0,True
4263,BatchInference,RegionA,RegionA,710,710,713.7833333333333,0.0,5.0,False
4264,AITraining,RegionD,RegionD,1341,1341,1344.75,0.0,5.0,False
4265,BatchInference,RegionB,RegionB,813,813,816.75,0.0,5.0,False
4266,RealTimeInference,RegionB,RegionB,1697,1697,1703.4666666666667,0.0,5.0,False
4267,BatchInference,RegionD,RegionD,745,745,745.45,0.0,5.0,False
4268,BatchInference,RegionE,RegionE,1545,1545,1548.5166666666667,0.0,5.0,False
4269,AITraining,RegionF,RegionF,919,919,925.25,0.0,5.0,False
4270,RealTimeInference,RegionA,RegionA,94,94,94.16666666666667,0.0,5.0,False
4271,AITraining,RegionD,RegionD,936,936,936.7166666666667,0.0,5.0,False
4272,RealTimeInference,RegionB,RegionB,1894,1894,1896.2833333333333,0.0,5.0,False
4273,RealTimeInference,RegionB,RegionB,1072,1072,1077.35,0.0,5.0,False
4274,AITraining,RegionE,RegionA,691,691,695.35,0.0,78.0,True
4275,RealTimeInference,RegionC,RegionC,1642,1642,1647.2166666666667,0.0,5.0,False
4276,AITraining,RegionF,RegionA,1756,1756,1758.0166666666667,0.0,82.0,True
4277,AITraining,RegionD,RegionD,1065,1065,1069.6166666666666,0.0,5.0,False
4278,RealTimeInference,RegionA,RegionA,364,364,369.43333333333334,0.0,5.0,False
4279,BatchInference,RegionC,RegionC,696,696,702.2333333333333,0.0,5.0,False
4280,AITraining,RegionE,RegionB,480,480,483.93333333333334,0.0,74.0,True
4281,RealTimeInference,RegionC,RegionC,2153,2153,2157.3333333333335,0.0,5.0,False
4282,BatchInference,RegionF,RegionF,1858,1858,1862.3333333333333,0.0,5.0,False
4283,AITraining,RegionB,RegionB,2024,2024,2027.6,0.0,5.0,False
4284,RealTimeInference,RegionA,RegionA,919,919,921.1666666666666,0.0,5.0,False
4285,AITraining,RegionD,RegionD,832,832,836.3833333333333,0.0,5.0,False
4286,RealTimeInference,RegionB,RegionB,1090,1090,1091.3,0.0,5.0,False
4287,BatchInference,RegionD,RegionD,2024,2024,2028.7166666666667,0.0,5.0,False
4288,BatchInference,RegionE,RegionA,533,533,535.05,0.0,78.0,True
4289,BatchInference,RegionF,RegionF,846,846,851.45,0.0,5.0,False
4290,AITraining,RegionC,RegionC,882,882,885.4333333333333,0.0,5.0,False
4291,BatchInference,RegionB,RegionB,775,775,780.0333333333333,0.0,5.0,False
4292,BatchInference,RegionC,RegionC,738,738,743.0,0.0,5.0,False
4293,BatchInference,RegionD,RegionD,597,597,603.4833333333333,0.0,5.0,False
4294,RealTimeInference,RegionC,RegionC,1188,1188,1194.45,0.0,5.0,False
4295,BatchInference,RegionF,RegionB,964,964,966.7166666666667,0.0,79.0,True
4296,AITraining,RegionA,RegionA,1847,1847,1851.7,0.0,5.0,False
4297,RealTimeInference,RegionA,RegionA,1514,1514,1514.2833333333333,0.0,5.0,False
4298,AITraining,RegionD,RegionD,1876,1876,1877.1333333333334,0.0,5.0,False
4299,RealTimeInference,RegionB,RegionB,42,42,45.083333333333336,0.0,5.0,False
4300,BatchInference,RegionD,RegionD,545,545,546.3833333333333,0.0,5.0,False
4301,BatchInference,RegionE,RegionB,1628,1628,1634.1,0.0,74.0,True
4302,AITraining,RegionF,RegionA,869,869,874.6,0.0,82.0,True
4303,AITraining,RegionC,RegionC,1570,1570,1575.7166666666667,0.0,5.0,False
4304,AITraining,RegionD,RegionD,1733,1733,1733.6333333333334,0.0,5.0,False
4305,AITraining,RegionD,RegionD,1049,1049,1055.0833333333333,0.0,5.0,False
4306,RealTimeInference,RegionB,RegionB,390,390,393.21666666666664,0.0,5.0,False
4307,AITraining,RegionE,RegionA,240,240,242.43333333333334,0.0,78.0,True
4308,RealTimeInference,RegionC,RegionC,1363,1363,1367.5666666666666,0.0,5.0,False
4309,RealTimeInference,RegionA,RegionA,1928,1928,1928.4666666666667,0.0,5.0,False
4310,BatchInference,RegionA,RegionA,186,186,188.05,0.0,5.0,False
4311,RealTimeInference,RegionA,RegionA,1038,1038,1040.2333333333333,0.0,5.0,False
4312,AITraining,RegionD,RegionD,1560,1560,1565.1166666666666,0.0,5.0,False
4313,BatchInference,RegionD,RegionD,1616,1616,1620.4,0.0,5.0,False
4314,AITraining,RegionF,RegionF,1519,1519,1519.4833333333333,0.0,5.0,False
4315,RealTimeInference,RegionE,RegionE,2291,2291,2292.6833333333334,0.0,5.0,False
4316,RealTimeInference,RegionA,RegionA,2377,2377,2381.366666666667,0.0,5.0,False
4317,RealTimeInference,RegionA,RegionA,1066,1066,1072.0666666666666,0.0,5.0,False
4318,RealTimeInference,RegionB,RegionB,2063,2063,2064.05,0.0,5.0,False
4319,BatchInference,RegionD,RegionD,1389,1389,1394.1,0.0,5.0,False
4320,BatchInference,RegionD,RegionD,540,540,541.9166666666666,0.0,5.0,False
4321,RealTimeInference,RegionC,RegionC,1299,1299,1301.2833333333333,0.0,5.0,False
4322,AITraining,RegionA,RegionA,2172,2172,2172.233333333333,0.0,5.0,False
4323,BatchInference,RegionA,RegionA,580,580,585.15,0.0,5.0,False
4324,BatchInference,RegionB,RegionB,478,478,482.73333333333335,0.0,5.0,False
4325,BatchInference,RegionC,RegionC,180,180,182.06666666666666,0.0,5.0,False
4326,RealTimeInference,RegionB,RegionB,2044,2044,2046.9833333333333,0.0,5.0,False
4327,BatchInference,RegionE,RegionE,1476,1476,1478.5,0.0,5.0,False
4328,BatchInference,RegionF,RegionF,1158,1158,1160.1833333333334,0.0,5.0,False
4329,BatchInference,RegionA,RegionA,1080,1080,1081.6333333333334,0.0,5.0,False
4330,AITraining,RegionD,RegionD,1282,1282,1283.2,0.0,5.0,False
4331,BatchInference,RegionB,RegionB,675,675,681.5166666666667,0.0,5.0,False
4332,BatchInference,RegionC,RegionC,2012,2012,2018.25,0.0,5.0,False
4333,RealTimeInference,RegionC,RegionC,2276,2276,2281.75,0.0,5.0,False
4334,AITraining,RegionF,RegionB,1802,1802,1808.0833333333333,0.0,79.0,True
4335,RealTimeInference,RegionF,RegionF,773,773,777.3833333333333,0.0,5.0,False
4336,RealTimeInference,RegionA,RegionA,223,223,227.23333333333332,0.0,5.0,False
4337,RealTimeInference,RegionA,RegionA,750,750,753.1166666666667,0.0,5.0,False
4338,RealTimeInference,RegionB,RegionB,1926,1926,1927.35,0.0,5.0,False
4339,BatchInference,RegionD,RegionD,669,669,675.3166666666667,0.0,5.0,False
4340,AITraining,RegionF,RegionB,1913,1913,1916.7833333333333,0.0,79.0,True
4341,BatchInference,RegionF,RegionB,475,475,478.03333333333336,0.0,79.0,True
4342,BatchInference,RegionA,RegionA,167,167,170.78333333333333,0.0,5.0,False
4343,BatchInference,RegionB,RegionB,1460,1460,1466.2833333333333,0.0,5.0,False
4344,AITraining,RegionD,RegionD,2297,2297,2298.95,0.0,5.0,False
4345,BatchInference,RegionC,RegionC,1874,1874,1875.95,0.0,5.0,False
4346,BatchInference,RegionD,RegionD,460,460,463.0,0.0,5.0,False
4347,AITraining,RegionF,RegionF,606,606,607.5,0.0,5.0,False
4348,RealTimeInference,RegionF,RegionF,1431,1431,1435.0666666666666,0.0,5.0,False
4349,RealTimeInference,RegionA,RegionA,834,834,836.7666666666667,0.0,5.0,False
4350,BatchInference,RegionB,RegionB,739,739,744.9,0.0,5.0,False
4351,RealTimeInference,RegionB,RegionB,2083,2083,2083.55,0.0,5.0,False
4352,BatchInference,RegionD,RegionD,2307,2307,2308.483333333333,0.0,5.0,False
4353,AITraining,RegionE,RegionB,2398,2398,2401.7,0.0,74.0,True
4354,RealTimeInference,RegionC,RegionC,2390,2390,2395.95,0.0,5.0,False
4355,RealTimeInference,RegionA,RegionA,2154,2154,2155.3333333333335,0.0,5.0,False
4356,AITraining,RegionD,RegionD,739,739,740.2333333333333,0.0,5.0,False
4357,BatchInference,RegionB,RegionB,314,314,318.9166666666667,0.0,5.0,False
4358,RealTimeInference,RegionB,RegionB,2040,2040,2041.8,0.0,5.0,False
4359,AITraining,RegionE,RegionA,386,386,388.46666666666664,0.0,78.0,True
4360,BatchInference,RegionE,RegionE,106,106,107.35,0.0,5.0,False
4361,BatchInference,RegionF,RegionF,499,499,500.43333333333334,0.0,5.0,False
4362,BatchInference,RegionA,RegionA,1530,1530,1536.3333333333333,0.0,5.0,False
4363,AITraining,RegionD,RegionD,434,434,437.85,0.0,5.0,False
4364,BatchInference,RegionC,RegionC,629,629,632.35,0.0,5.0,False
4365,RealTimeInference,RegionB,RegionB,332,332,338.21666666666664,0.0,5.0,False
4366,BatchInference,RegionD,RegionD,1965,1965,1967.4,0.0,5.0,False
4367,BatchInference,RegionE,RegionA,1103,1103,1107.8166666666666,0.0,78.0,True
4368,AITraining,RegionA,RegionA,23,23,26.95,0.0,5.0,False
4369,BatchInference,RegionA,RegionA,179,179,181.01666666666668,0.0,5.0,False
4370,AITraining,RegionD,RegionD,1855,1855,1858.8333333333333,0.0,5.0,False
4371,BatchInference,RegionC,RegionC,2331,2331,2336.5666666666666,0.0,5.0,False
4372,RealTimeInference,RegionB,RegionB,865,865,867.9833333333333,0.0,5.0,False
4373,RealTimeInference,RegionC,RegionC,1158,1158,1164.5,0.0,5.0,False
4374,BatchInference,RegionF,RegionF,227,227,229.76666666666668,0.0,5.0,False
4375,AITraining,RegionB,RegionB,289,289,289.76666666666665,0.0,5.0,False
4376,AITraining,RegionD,RegionD,1562,1562,1562.7833333333333,0.0,5.0,False
4377,RealTimeInference,RegionB,RegionB,1633,1633,1636.4166666666667,0.0,5.0,False
4378,BatchInference,RegionC,RegionC,729,729,734.2,0.0,5.0,False
4379,RealTimeInference,RegionC,RegionC,1633,1633,1636.8,0.0,5.0,False
4380,RealTimeInference,RegionC,RegionC,84,84,89.28333333333333,0.0,5.0,False
4381,RealTimeInference,RegionA,RegionA,667,667,671.4166666666666,0.0,5.0,False
4382,BatchInference,RegionA,RegionA,1648,1648,1650.3333333333333,0.0,5.0,False
4383,BatchInference,RegionB,RegionB,631,631,633.5166666666667,0.0,5.0,False
4384,RealTimeInference,RegionB,RegionB,1222,1222,1224.0,0.0,5.0,False
4385,BatchInference,RegionD,RegionD,1770,1770,1773.25,0.0,5.0,False
4386,AITraining,RegionF,RegionB,1270,1270,1271.0,0.0,79.0,True
4387,AITraining,RegionF,RegionF,537,537,539.8166666666667,0.0,5.0,False
4388,BatchInference,RegionA,RegionA,393,393,396.56666666666666,0.0,5.0,False
4389,BatchInference,RegionB,RegionB,2099,2099,2099.2833333333333,0.0,5.0,False
4390,RealTimeInference,RegionB,RegionB,2005,2005,2005.6833333333334,0.0,5.0,False
4391,BatchInference,RegionC,RegionC,1589,1589,1592.95,0.0,5.0,False
4392,BatchInference,RegionD,RegionD,1099,1099,1102.6,0.0,5.0,False
4393,AITraining,RegionF,RegionF,1732,1732,1736.2333333333333,0.0,5.0,False
4394,RealTimeInference,RegionF,RegionF,1730,1730,1734.05,0.0,5.0,False
4395,BatchInference,RegionA,RegionA,763,763,765.5166666666667,0.0,5.0,False
4396,BatchInference,RegionB,RegionB,1744,1744,1746.5166666666667,0.0,5.0,False
4397,RealTimeInference,RegionB,RegionB,165,165,166.51666666666668,0.0,5.0,False
4398,AITraining,RegionE,RegionE,1399,1399,1403.2,0.0,5.0,False
4399,BatchInference,RegionE,RegionE,918,918,919.0833333333334,0.0,5.0,False
4400,AITraining,RegionF,RegionF,635,635,636.6166666666667,0.0,5.0,False
4401,BatchInference,RegionA,RegionA,2159,2159,2159.2833333333333,0.0,5.0,False
4402,AITraining,RegionD,RegionD,2149,2149,2152.0333333333333,0.0,5.0,False
4403,RealTimeInference,RegionB,RegionB,1190,1190,1193.1833333333334,0.0,5.0,False
4404,BatchInference,RegionC,RegionC,1791,1791,1795.2333333333333,0.0,5.0,False
4405,RealTimeInference,RegionC,RegionC,1956,1956,1960.0,0.0,5.0,False
4406,BatchInference,RegionE,RegionE,608,608,610.0666666666667,0.0,5.0,False
4407,RealTimeInference,RegionF,RegionE,1230,1230,1235.15,0.0,18.0,True
4408,RealTimeInference,RegionA,RegionA,2142,2142,2142.35,0.0,5.0,False
4409,BatchInference,RegionB,RegionB,1210,1210,1213.35,0.0,5.0,False
4410,AITraining,RegionD,RegionD,195,195,198.78333333333333,0.0,5.0,False
4411,AITraining,RegionE,RegionB,313,313,318.2,0.0,74.0,True
4412,RealTimeInference,RegionC,RegionC,2102,2102,2107.1666666666665,0.0,5.0,False
4413,RealTimeInference,RegionC,RegionC,2091,2091,2091.55,0.0,5.0,False
4414,BatchInference,RegionA,RegionA,1691,1691,1691.3666666666666,0.0,5.0,False
4415,RealTimeInference,RegionA,RegionA,1903,1903,1909.1,0.0,5.0,False
4416,AITraining,RegionD,RegionD,2328,2328,2334.45,0.0,5.0,False
4417,BatchInference,RegionC,RegionC,1455,1455,1461.35,0.0,5.0,False
4418,BatchInference,RegionD,RegionD,2398,2398,2402.233333333333,0.0,5.0,False
4419,RealTimeInference,RegionC,RegionC,2062,2062,2066.4333333333334,0.0,5.0,False
4420,RealTimeInference,RegionE,RegionE,466,466,467.28333333333336,0.0,5.0,False
4421,AITraining,RegionC,RegionC,1895,1895,1897.8333333333333,0.0,5.0,False
4422,RealTimeInference,RegionA,RegionA,746,746,750.4666666666667,0.0,5.0,False
4423,BatchInference,RegionC,RegionC,185,185,190.73333333333332,0.0,5.0,False
4424,RealTimeInference,RegionB,RegionB,1704,1704,1708.25,0.0,5.0,False
4425,AITraining,RegionE,RegionE,1219,1219,1222.2666666666667,0.0,5.0,False
4426,BatchInference,RegionE,RegionE,1863,1863,1867.7,0.0,5.0,False
4427,AITraining,RegionA,RegionA,1842,1842,1844.2333333333333,0.0,5.0,False
4428,AITraining,RegionD,RegionD,1085,1085,1086.0,0.0,5.0,False
4429,BatchInference,RegionB,RegionB,766,766,771.6,0.0,5.0,False
4430,RealTimeInference,RegionB,RegionB,758,758,759.3,0.0,5.0,False
4431,RealTimeInference,RegionB,RegionB,1062,1062,1068.5,0.0,5.0,False
4432,AITraining,RegionF,RegionA,435,435,440.78333333333336,0.0,82.0,True
4433,BatchInference,RegionF,RegionF,2188,2188,2188.4,0.0,5.0,False
4434,RealTimeInference,RegionA,RegionA,23,23,26.133333333333333,0.0,5.0,False
4435,BatchInference,RegionB,RegionB,477,477,479.1333333333333,0.0,5.0,False
4436,RealTimeInference,RegionB,RegionB,703,703,705.3833333333333,0.0,5.0,False
4437,AITraining,RegionE,RegionE,1954,1954,1954.2833333333333,0.0,5.0,False
4438,BatchInference,RegionD,RegionD,1659,1659,1659.2166666666667,0.0,5.0,False
4439,AITraining,RegionF,RegionB,1993,1993,1993.5666666666666,0.0,79.0,True
4440,BatchInference,RegionA,RegionA,1477,1477,1481.2333333333333,0.0,5.0,False
4441,AITraining,RegionD,RegionD,1617,1617,1617.8666666666666,0.0,5.0,False
4442,BatchInference,RegionB,RegionB,358,358,361.23333333333335,0.0,5.0,False
4443,RealTimeInference,RegionB,RegionB,553,553,554.6833333333333,0.0,5.0,False
4444,RealTimeInference,RegionB,RegionB,781,781,786.55,0.0,5.0,False
4445,RealTimeInference,RegionC,RegionC,65,65,65.71666666666667,0.0,5.0,False
4446,AITraining,RegionF,RegionF,770,770,773.4333333333333,0.0,5.0,False
4447,RealTimeInference,RegionA,RegionA,857,857,858.6166666666667,0.0,5.0,False
4448,BatchInference,RegionB,RegionB,594,594,594.2666666666667,0.0,5.0,False
4449,AITraining,RegionD,RegionD,990,990,991.0166666666667,0.0,5.0,False
4450,BatchInference,RegionC,RegionC,2206,2206,2209.8333333333335,0.0,5.0,False
4451,RealTimeInference,RegionC,RegionC,352,352,357.96666666666664,0.0,5.0,False
4452,BatchInference,RegionE,RegionB,1898,1898,1904.5166666666667,0.0,74.0,True
4453,RealTimeInference,RegionF,RegionE,1941,1941,1945.6666666666667,0.0,18.0,True
4454,BatchInference,RegionA,RegionA,89,89,89.4,0.0,5.0,False
4455,RealTimeInference,RegionA,RegionA,680,680,683.4166666666666,0.0,5.0,False
4456,RealTimeInference,RegionB,RegionB,1823,1823,1824.7,0.0,5.0,False
4457,BatchInference,RegionD,RegionD,1931,1931,1932.0166666666667,0.0,5.0,False
4458,RealTimeInference,RegionC,RegionC,1841,1841,1844.1666666666667,0.0,5.0,False
4459,AITraining,RegionF,RegionF,993,993,999.2,0.0,5.0,False
4460,RealTimeInference,RegionA,RegionA,1207,1207,1213.3666666666666,0.0,5.0,False
4461,AITraining,RegionD,RegionD,1604,1604,1607.4333333333334,0.0,5.0,False
4462,RealTimeInference,RegionB,RegionB,1367,1367,1371.4,0.0,5.0,False
4463,RealTimeInference,RegionB,RegionB,420,420,420.8333333333333,0.0,5.0,False
4464,AITraining,RegionE,RegionE,1768,1768,1768.1833333333334,0.0,5.0,False
4465,BatchInference,RegionE,RegionE,2030,2030,2034.1833333333334,0.0,5.0,False
4466,AITraining,RegionF,RegionF,2370,2370,2375.133333333333,0.0,5.0,False
4467,AITraining,RegionC,RegionC,2270,2270,2273.6833333333334,0.0,5.0,False
4468,BatchInference,RegionB,RegionB,151,151,153.33333333333334,0.0,5.0,False
4469,BatchInference,RegionC,RegionC,1637,1637,1641.4166666666667,0.0,5.0,False
4470,BatchInference,RegionD,RegionD,2102,2102,2103.2,0.0,5.0,False
4471,AITraining,RegionE,RegionA,1998,1998,2002.9833333333333,0.0,78.0,True
4472,RealTimeInference,RegionC,RegionC,248,248,248.4,0.0,5.0,False
4473,AITraining,RegionA,RegionA,77,77,80.66666666666667,0.0,5.0,False
4474,BatchInference,RegionA,RegionA,2360,2360,2364.483333333333,0.0,5.0,False
4475,BatchInference,RegionB,RegionB,2266,2266,2271.1666666666665,0.0,5.0,False
4476,RealTimeInference,RegionB,RegionB,1097,1097,1099.9,0.0,5.0,False
4477,AITraining,RegionE,RegionB,1708,1708,1714.3833333333334,0.0,74.0,True
4478,BatchInference,RegionE,RegionB,478,478,482.85,0.0,74.0,True
4479,BatchInference,RegionF,RegionB,1420,1420,1423.7666666666667,0.0,79.0,True
4480,BatchInference,RegionA,RegionA,1786,1786,1787.9,0.0,5.0,False
4481,RealTimeInference,RegionA,RegionA,660,660,662.6166666666667,0.0,5.0,False
4482,BatchInference,RegionC,RegionC,787,787,788.6,0.0,5.0,False
4483,BatchInference,RegionD,RegionD,1408,1408,1413.3833333333334,0.0,5.0,False
4484,BatchInference,RegionD,RegionD,950,950,951.35,0.0,5.0,False
4485,AITraining,RegionF,RegionF,899,899,899.6,0.0,5.0,False
4486,AITraining,RegionA,RegionA,1389,1389,1392.05,0.0,5.0,False
4487,AITraining,RegionD,RegionD,1918,1918,1919.9333333333334,0.0,5.0,False
4488,RealTimeInference,RegionA,RegionA,1201,1201,1205.4666666666667,0.0,5.0,False
4489,AITraining,RegionD,RegionD,1598,1598,1599.15,0.0,5.0,False
4490,BatchInference,RegionD,RegionD,1475,1475,1476.6333333333334,0.0,5.0,False
4491,BatchInference,RegionE,RegionE,663,663,667.7333333333333,0.0,5.0,False
4492,AITraining,RegionF,RegionF,848,848,852.7833333333333,0.0,5.0,False
4493,BatchInference,RegionA,RegionA,353,353,355.28333333333336,0.0,5.0,False
4494,AITraining,RegionD,RegionD,1977,1977,1982.0,0.0,5.0,False
4495,RealTimeInference,RegionB,RegionB,709,709,714.8,0.0,5.0,False
4496,RealTimeInference,RegionB,RegionB,640,640,642.0,0.0,5.0,False
4497,AITraining,RegionE,RegionB,2015,2015,2019.8166666666666,0.0,74.0,True
4498,RealTimeInference,RegionC,RegionC,1703,1703,1703.3666666666666,0.0,5.0,False
4499,BatchInference,RegionF,RegionB,1243,1243,1244.7833333333333,0.0,79.0,True
4500,RealTimeInference,RegionA,RegionA,857,857,860.4666666666667,0.0,5.0,False
4501,AITraining,RegionD,RegionD,192,192,196.31666666666666,0.0,5.0,False
4502,RealTimeInference,RegionB,RegionB,1469,1469,1469.8833333333334,0.0,5.0,False
4503,BatchInference,RegionD,RegionD,1462,1462,1463.95,0.0,5.0,False
4504,AITraining,RegionF,RegionB,649,649,653.8333333333334,0.0,79.0,True
4505,RealTimeInference,RegionD,RegionD,2062,2062,2068.35,0.0,5.0,False
4506,RealTimeInference,RegionA,RegionA,260,260,262.55,0.0,5.0,False
4507,BatchInference,RegionB,RegionB,1763,1763,1766.3833333333334,0.0,5.0,False
4508,RealTimeInference,RegionB,RegionB,928,928,934.65,0.0,5.0,False
4509,RealTimeInference,RegionB,RegionB,2301,2301,2305.2,0.0,5.0,False
4510,RealTimeInference,RegionC,RegionC,1992,1992,1994.9166666666667,0.0,5.0,False
4511,BatchInference,RegionE,RegionA,1393,1393,1393.5333333333333,0.0,78.0,True
4512,BatchInference,RegionF,RegionC,191,191,191.61666666666667,0.0,76.0,True
4513,AITraining,RegionC,RegionC,1095,1095,1095.2166666666667,0.0,5.0,False
4514,RealTimeInference,RegionA,RegionA,2111,2111,2112.266666666667,0.0,5.0,False
4515,AITraining,RegionD,RegionD,426,426,426.6666666666667,0.0,5.0,False
4516,AITraining,RegionE,RegionE,206,206,211.76666666666668,0.0,5.0,False
4517,BatchInference,RegionD,RegionD,1872,1872,1872.4833333333333,0.0,5.0,False
4518,RealTimeInference,RegionC,RegionC,433,433,433.8666666666667,0.0,5.0,False
4519,AITraining,RegionA,RegionA,417,417,422.25,0.0,5.0,False
4520,AITraining,RegionD,RegionD,171,171,175.48333333333332,0.0,5.0,False
4521,AITraining,RegionD,RegionD,431,431,437.4,0.0,5.0,False
4522,RealTimeInference,RegionB,RegionB,483,483,487.98333333333335,0.0,5.0,False
4523,RealTimeInference,RegionC,RegionC,1481,1481,1483.9833333333333,0.0,5.0,False
4524,RealTimeInference,RegionC,RegionC,1196,1196,1198.3166666666666,0.0,5.0,False
4525,AITraining,RegionF,RegionF,1808,1808,1813.85,0.0,5.0,False
4526,AITraining,RegionC,RegionC,2041,2041,2045.0833333333333,0.0,5.0,False
4527,AITraining,RegionD,RegionD,406,406,411.68333333333334,0.0,5.0,False
4528,RealTimeInference,RegionB,RegionB,1489,1489,1494.95,0.0,5.0,False
4529,BatchInference,RegionD,RegionD,564,564,565.5833333333334,0.0,5.0,False
4530,RealTimeInference,RegionC,RegionC,826,826,829.7166666666667,0.0,5.0,False
4531,BatchInference,RegionE,RegionB,1702,1702,1703.6666666666667,0.0,74.0,True
4532,RealTimeInference,RegionA,RegionA,1004,1004,1007.85,0.0,5.0,False
4533,BatchInference,RegionA,RegionA,1398,1398,1399.8333333333333,0.0,5.0,False
4534,BatchInference,RegionB,RegionB,2068,2068,2069.15,0.0,5.0,False
4535,RealTimeInference,RegionB,RegionB,349,349,351.1,0.0,5.0,False
4536,BatchInference,RegionD,RegionD,1525,1525,1525.7,0.0,5.0,False
4537,AITraining,RegionF,RegionB,1699,1699,1701.9,0.0,79.0,True
4538,BatchInference,RegionF,RegionB,1005,1005,1010.0166666666667,0.0,79.0,True
4539,RealTimeInference,RegionA,RegionA,2169,2169,2175.5833333333335,0.0,5.0,False
4540,BatchInference,RegionB,RegionB,934,934,938.9166666666666,0.0,5.0,False
4541,RealTimeInference,RegionB,RegionB,1756,1756,1756.35,0.0,5.0,False
4542,BatchInference,RegionD,RegionD,1676,1676,1680.2166666666667,0.0,5.0,False
4543,BatchInference,RegionD,RegionD,2114,2114,2115.6666666666665,0.0,5.0,False
4544,AITraining,RegionF,RegionB,1481,1481,1485.4166666666667,0.0,79.0,True
4545,RealTimeInference,RegionA,RegionA,1812,1812,1817.6333333333334,0.0,5.0,False
4546,RealTimeInference,RegionA,RegionA,40,40,44.88333333333333,0.0,5.0,False
4547,AITraining,RegionD,RegionD,2119,2119,2119.2833333333333,0.0,5.0,False
4548,RealTimeInference,RegionB,RegionB,347,347,349.0,0.0,5.0,False
4549,BatchInference,RegionD,RegionD,1289,1289,1294.1833333333334,0.0,5.0,False
4550,BatchInference,RegionE,RegionB,673,673,674.1666666666666,0.0,74.0,True
4551,BatchInference,RegionF,RegionF,251,251,256.48333333333335,0.0,5.0,False
4552,BatchInference,RegionA,RegionA,151,151,156.56666666666666,0.0,5.0,False
4553,AITraining,RegionD,RegionD,618,618,621.0666666666667,0.0,5.0,False
4554,AITraining,RegionD,RegionD,236,236,239.01666666666668,0.0,5.0,False
4555,AITraining,RegionE,RegionE,2129,2129,2134.7166666666667,0.0,5.0,False
4556,BatchInference,RegionD,RegionD,1717,1717,1718.85,0.0,5.0,False
4557,BatchInference,RegionE,RegionE,2267,2267,2267.9333333333334,0.0,5.0,False
4558,BatchInference,RegionF,RegionF,1284,1284,1288.0666666666666,0.0,5.0,False
4559,BatchInference,RegionA,RegionA,32,32,33.43333333333333,0.0,5.0,False
4560,BatchInference,RegionB,RegionB,2161,2161,2161.9333333333334,0.0,5.0,False
4561,AITraining,RegionD,RegionD,601,601,602.05,0.0,5.0,False
4562,AITraining,RegionE,RegionA,1654,1654,1654.25,0.0,78.0,True
4563,BatchInference,RegionE,RegionA,840,840,844.5,0.0,78.0,True
4564,AITraining,RegionF,RegionF,1811,1811,1815.65,0.0,5.0,False
4565,AITraining,RegionB,RegionB,1414,1414,1415.0166666666667,0.0,5.0,False
4566,AITraining,RegionD,RegionD,1656,1656,1656.4666666666667,0.0,5.0,False
4567,RealTimeInference,RegionB,RegionB,1235,1235,1239.8,0.0,5.0,False
4568,RealTimeInference,RegionB,RegionB,151,151,156.3,0.0,5.0,False
4569,AITraining,RegionE,RegionB,1370,1370,1373.25,0.0,74.0,True
4570,BatchInference,RegionE,RegionE,516,516,520.7,0.0,5.0,False
4571,AITraining,RegionF,RegionF,2215,2215,2218.883333333333,0.0,5.0,False
4572,BatchInference,RegionA,RegionA,875,875,877.0166666666667,0.0,5.0,False
4573,RealTimeInference,RegionA,RegionA,2095,2095,2097.0,0.0,5.0,False
4574,AITraining,RegionD,RegionD,1278,1278,1279.1166666666666,0.0,5.0,False
4575,AITraining,RegionE,RegionB,1395,1395,1399.0166666666667,0.0,74.0,True
4576,AITraining,RegionE,RegionE,655,655,656.8666666666667,0.0,5.0,False
4577,RealTimeInference,RegionC,RegionC,114,114,115.61666666666666,0.0,5.0,False
4578,AITraining,RegionA,RegionA,1059,1059,1059.3833333333334,0.0,5.0,False
4579,RealTimeInference,RegionA,RegionA,1244,1244,1249.0833333333333,0.0,5.0,False
4580,AITraining,RegionD,RegionD,1731,1731,1736.1666666666667,0.0,5.0,False
4581,AITraining,RegionD,RegionD,452,452,453.3333333333333,0.0,5.0,False
4582,AITraining,RegionE,RegionE,245,245,246.45,0.0,5.0,False
4583,BatchInference,RegionE,RegionE,1063,1063,1063.7,0.0,5.0,False
4584,AITraining,RegionF,RegionA,2078,2078,2084.266666666667,0.0,82.0,True
4585,BatchInference,RegionA,RegionA,507,507,509.81666666666666,0.0,5.0,False
4586,RealTimeInference,RegionA,RegionA,510,510,510.55,0.0,5.0,False
4587,BatchInference,RegionC,RegionC,1220,1220,1223.75,0.0,5.0,False
4588,AITraining,RegionE,RegionA,21,21,26.05,0.0,78.0,True
4589,BatchInference,RegionD,RegionD,1388,1388,1391.5333333333333,0.0,5.0,False
4590,RealTimeInference,RegionC,RegionC,2382,2382,2385.45,0.0,5.0,False
4591,AITraining,RegionA,RegionA,2184,2184,2189.3,0.0,5.0,False
4592,AITraining,RegionD,RegionB,957,957,960.2166666666667,0.0,60.0,True
4593,BatchInference,RegionB,RegionB,1225,1225,1229.7166666666667,0.0,5.0,False
4594,BatchInference,RegionC,RegionC,2346,2346,2351.7,0.0,5.0,False
4595,AITraining,RegionE,RegionA,573,573,577.2333333333333,0.0,78.0,True
4596,AITraining,RegionF,RegionF,1546,1546,1552.0833333333333,0.0,5.0,False
4597,AITraining,RegionF,RegionA,1014,1014,1014.5666666666667,0.0,82.0,True
4598,RealTimeInference,RegionA,RegionA,1342,1342,1342.2333333333333,0.0,5.0,False
4599,AITraining,RegionD,RegionD,2385,2385,2387.1666666666665,0.0,5.0,False
4600,RealTimeInference,RegionB,RegionB,1479,1479,1479.7666666666667,0.0,5.0,False
4601,BatchInference,RegionC,RegionC,401,401,401.3666666666667,0.0,5.0,False
4602,RealTimeInference,RegionC,RegionC,1743,1743,1747.5666666666666,0.0,5.0,False
4603,BatchInference,RegionE,RegionA,335,335,335.9166666666667,0.0,78.0,True
4604,RealTimeInference,RegionA,RegionA,254,254,254.46666666666667,0.0,5.0,False
4605,BatchInference,RegionA,RegionA,532,532,533.7166666666667,0.0,5.0,False
4606,BatchInference,RegionB,RegionB,879,879,883.3166666666667,0.0,5.0,False
4607,BatchInference,RegionC,RegionC,319,319,325.3833333333333,0.0,5.0,False
4608,BatchInference,RegionD,RegionD,2155,2155,2155.383333333333,0.0,5.0,False
4609,BatchInference,RegionE,RegionE,2289,2289,2289.616666666667,0.0,5.0,False
4610,AITraining,RegionF,RegionF,1617,1617,1622.7,0.0,5.0,False
4611,BatchInference,RegionA,RegionA,2393,2393,2395.05,0.0,5.0,False
4612,BatchInference,RegionB,RegionB,1734,1734,1738.3166666666666,0.0,5.0,False
4613,BatchInference,RegionB,RegionB,2005,2005,2009.1333333333334,0.0,5.0,False
4614,AITraining,RegionE,RegionA,1707,1707,1708.7333333333333,0.0,78.0,True
4615,RealTimeInference,RegionC,RegionC,591,591,596.7166666666667,0.0,5.0,False
4616,AITraining,RegionF,RegionA,520,520,525.9,0.0,82.0,True
4617,BatchInference,RegionF,RegionC,1874,1874,1879.7333333333333,0.0,76.0,True
4618,RealTimeInference,RegionA,RegionA,2102,2102,2108.4166666666665,0.0,5.0,False
4619,AITraining,RegionD,RegionD,483,483,484.95,0.0,5.0,False
4620,AITraining,RegionD,RegionD,870,870,874.4833333333333,0.0,5.0,False
4621,BatchInference,RegionD,RegionD,1938,1938,1939.7333333333333,0.0,5.0,False
4622,RealTimeInference,RegionC,RegionC,642,642,645.3333333333334,0.0,5.0,False
4623,AITraining,RegionF,RegionB,1512,1512,1517.7166666666667,0.0,79.0,True
4624,RealTimeInference,RegionA,RegionA,1673,1673,1673.5,0.0,5.0,False
4625,RealTimeInference,RegionA,RegionA,495,495,501.5833333333333,0.0,5.0,False
4626,BatchInference,RegionB,RegionB,2341,2341,2345.3333333333335,0.0,5.0,False
4627,BatchInference,RegionC,RegionA,164,164,170.33333333333334,0.0,15.0,True
4628,AITraining,RegionE,RegionB,627,627,628.45,0.0,74.0,True
4629,RealTimeInference,RegionC,RegionC,1521,1521,1523.4166666666667,0.0,5.0,False
4630,BatchInference,RegionF,RegionC,1533,1533,1537.85,0.0,76.0,True
4631,BatchInference,RegionA,RegionA,1204,1204,1209.3333333333333,0.0,5.0,False
4632,BatchInference,RegionB,RegionB,114,114,118.65,0.0,5.0,False
4633,RealTimeInference,RegionB,RegionB,582,582,585.7666666666667,0.0,5.0,False
4634,AITraining,RegionE,RegionA,1727,1727,1731.6166666666666,0.0,78.0,True
4635,RealTimeInference,RegionC,RegionC,1249,1249,1251.6,0.0,5.0,False
4636,BatchInference,RegionF,RegionB,883,883,884.6333333333333,0.0,79.0,True
4637,RealTimeInference,RegionA,RegionA,2002,2002,2007.0333333333333,0.0,5.0,False
4638,RealTimeInference,RegionA,RegionA,501,501,503.9166666666667,0.0,5.0,False
4639,AITraining,RegionD,RegionD,1428,1428,1429.6,0.0,5.0,False
4640,RealTimeInference,RegionB,RegionB,183,183,187.8,0.0,5.0,False
4641,BatchInference,RegionD,RegionD,1970,1970,1972.5,0.0,5.0,False
4642,AITraining,RegionF,RegionB,1268,1268,1271.9166666666667,0.0,79.0,True
4643,AITraining,RegionF,RegionB,1852,1852,1857.05,0.0,79.0,True
4644,BatchInference,RegionA,RegionA,1545,1545,1548.15,0.0,5.0,False
4645,BatchInference,RegionB,RegionB,543,543,546.3,0.0,5.0,False
4646,RealTimeInference,RegionB,RegionB,2067,2067,2071.0833333333335,0.0,5.0,False
4647,AITraining,RegionE,RegionE,1887,1887,1890.2833333333333,0.0,5.0,False
4648,BatchInference,RegionD,RegionD,1839,1839,1839.5166666666667,0.0,5.0,False
4649,RealTimeInference,RegionC,RegionC,1332,1332,1335.0333333333333,0.0,5.0,False
4650,RealTimeInference,RegionA,RegionA,1677,1677,1678.5833333333333,0.0,5.0,False
4651,BatchInference,RegionA,RegionA,953,953,953.3666666666667,0.0,5.0,False
4652,BatchInference,RegionB,RegionB,1388,1388,1393.45,0.0,5.0,False
4653,AITraining,RegionD,RegionD,187,187,191.81666666666666,0.0,5.0,False
4654,AITraining,RegionE,RegionA,1814,1814,1819.0333333333333,0.0,78.0,True
4655,AITraining,RegionF,RegionF,1136,1136,1138.9833333333333,0.0,5.0,False
4656,AITraining,RegionF,RegionF,362,362,365.1166666666667,0.0,5.0,False
4657,RealTimeInference,RegionA,RegionA,101,101,105.35,0.0,5.0,False
4658,AITraining,RegionD,RegionD,1265,1265,1271.4666666666667,0.0,5.0,False
4659,AITraining,RegionD,RegionD,507,507,511.31666666666666,0.0,5.0,False
4660,AITraining,RegionE,RegionE,2291,2291,2293.233333333333,0.0,5.0,False
4661,RealTimeInference,RegionC,RegionC,788,788,790.4333333333333,0.0,5.0,False
4662,AITraining,RegionF,RegionF,2219,2219,2221.65,0.0,5.0,False
4663,AITraining,RegionF,RegionA,216,216,217.28333333333333,0.0,82.0,True
4664,AITraining,RegionD,RegionD,2137,2137,2142.5,0.0,5.0,False
4665,RealTimeInference,RegionA,RegionA,1949,1949,1954.9666666666667,0.0,5.0,False
4666,AITraining,RegionD,RegionD,76,76,77.81666666666666,0.0,5.0,False
4667,RealTimeInference,RegionB,RegionB,2178,2178,2179.4333333333334,0.0,5.0,False
4668,RealTimeInference,RegionC,RegionC,77,77,80.03333333333333,0.0,5.0,False
4669,BatchInference,RegionF,RegionB,842,842,845.7666666666667,0.0,79.0,True
4670,RealTimeInference,RegionA,RegionA,2373,2373,2377.9333333333334,0.0,5.0,False
4671,BatchInference,RegionB,RegionB,346,346,347.45,0.0,5.0,False
4672,AITraining,RegionD,RegionD,1312,1312,1317.25,0.0,5.0,False
4673,BatchInference,RegionC,RegionC,184,184,190.56666666666666,0.0,5.0,False
4674,BatchInference,RegionD,RegionD,95,95,97.35,0.0,5.0,False
4675,BatchInference,RegionE,RegionE,1790,1790,1795.6833333333334,0.0,5.0,False
4676,RealTimeInference,RegionF,RegionE,1699,1699,1700.9666666666667,0.0,18.0,True
4677,RealTimeInference,RegionA,RegionA,2162,2162,2165.15,0.0,5.0,False
4678,BatchInference,RegionB,RegionB,1564,1564,1565.1666666666667,0.0,5.0,False
4679,BatchInference,RegionC,RegionC,372,372,375.6,0.0,5.0,False
4680,RealTimeInference,RegionB,RegionB,406,406,406.43333333333334,0.0,5.0,False
4681,AITraining,RegionE,RegionE,688,688,688.4833333333333,0.0,5.0,False
4682,BatchInference,RegionF,RegionF,589,589,590.3,0.0,5.0,False
4683,RealTimeInference,RegionA,RegionA,1046,1046,1047.85,0.0,5.0,False
4684,RealTimeInference,RegionA,RegionA,631,631,632.1,0.0,5.0,False
4685,BatchInference,RegionB,RegionB,1668,1668,1672.6333333333334,0.0,5.0,False
4686,AITraining,RegionE,RegionB,693,693,696.2666666666667,0.0,74.0,True
4687,RealTimeInference,RegionC,RegionC,1332,1332,1334.45,0.0,5.0,False
4688,RealTimeInference,RegionC,RegionC,111,111,112.0,0.0,5.0,False
4689,AITraining,RegionF,RegionB,239,239,240.28333333333333,0.0,79.0,True
4690,BatchInference,RegionA,RegionA,1597,1597,1597.85,0.0,5.0,False
4691,RealTimeInference,RegionA,RegionA,1310,1310,1313.9166666666667,0.0,5.0,False
4692,RealTimeInference,RegionB,RegionB,1690,1690,1691.1833333333334,0.0,5.0,False
4693,BatchInference,RegionD,RegionD,1056,1056,1060.3666666666666,0.0,5.0,False
4694,BatchInference,RegionD,RegionD,495,495,495.5833333333333,0.0,5.0,False
4695,RealTimeInference,RegionC,RegionC,829,829,833.5666666666667,0.0,5.0,False
4696,RealTimeInference,RegionA,RegionA,968,968,969.9166666666666,0.0,5.0,False
4697,BatchInference,RegionA,RegionA,2083,2083,2087.25,0.0,5.0,False
4698,AITraining,RegionD,RegionD,1577,1577,1577.3166666666666,0.0,5.0,False
4699,RealTimeInference,RegionB,RegionB,1103,1103,1107.55,0.0,5.0,False
4700,RealTimeInference,RegionB,RegionB,1303,1303,1307.7166666666667,0.0,5.0,False
4701,BatchInference,RegionE,RegionE,2265,2265,2268.016666666667,0.0,5.0,False
4702,BatchInference,RegionF,RegionC,268,268,273.31666666666666,0.0,76.0,True
4703,BatchInference,RegionA,RegionA,118,118,118.71666666666667,0.0,5.0,False
4704,BatchInference,RegionB,RegionB,957,957,962.2166666666667,0.0,5.0,False
4705,RealTimeInference,RegionB,RegionB,1102,1102,1104.95,0.0,5.0,False
4706,AITraining,RegionE,RegionE,415,415,419.23333333333335,0.0,5.0,False
4707,RealTimeInference,RegionC,RegionC,2272,2272,2273.1833333333334,0.0,5.0,False
4708,AITraining,RegionF,RegionF,514,514,515.8,0.0,5.0,False
4709,BatchInference,RegionA,RegionA,2327,2327,2328.0333333333333,0.0,5.0,False
4710,BatchInference,RegionA,RegionA,1826,1826,1832.15,0.0,5.0,False
4711,RealTimeInference,RegionA,RegionA,2049,2049,2052.383333333333,0.0,5.0,False
4712,RealTimeInference,RegionB,RegionB,583,583,584.95,0.0,5.0,False
4713,BatchInference,RegionD,RegionD,2213,2213,2217.983333333333,0.0,5.0,False
4714,RealTimeInference,RegionC,RegionC,1004,1004,1006.9,0.0,5.0,False
4715,AITraining,RegionF,RegionF,1735,1735,1741.3333333333333,0.0,5.0,False
4716,AITraining,RegionB,RegionB,1850,1850,1854.9833333333333,0.0,5.0,False
4717,RealTimeInference,RegionA,RegionA,4,4,7.6,0.0,5.0,False
4718,BatchInference,RegionB,RegionB,1184,1184,1186.5,0.0,5.0,False
4719,AITraining,RegionE,RegionE,685,685,686.75,0.0,5.0,False
4720,RealTimeInference,RegionC,RegionC,246,246,251.2,0.0,5.0,False
4721,BatchInference,RegionE,RegionB,1119,1119,1125.4333333333334,0.0,74.0,True
4722,AITraining,RegionF,RegionF,1027,1027,1027.2333333333333,0.0,5.0,False
4723,AITraining,RegionC,RegionC,1557,1557,1557.5,0.0,5.0,False
4724,BatchInference,RegionB,RegionB,871,871,876.3166666666667,0.0,5.0,False
4725,AITraining,RegionD,RegionD,2090,2090,2096.15,0.0,5.0,False
4726,BatchInference,RegionD,RegionD,186,186,188.08333333333334,0.0,5.0,False
4727,RealTimeInference,RegionC,RegionC,2187,2187,2191.3333333333335,0.0,5.0,False
4728,AITraining,RegionF,RegionB,286,286,288.85,0.0,79.0,True
4729,BatchInference,RegionA,RegionA,367,367,373.0,0.0,5.0,False
4730,BatchInference,RegionB,RegionB,503,503,508.1166666666667,0.0,5.0,False
4731,RealTimeInference,RegionB,RegionB,2279,2279,2279.1833333333334,0.0,5.0,False
4732,BatchInference,RegionC,RegionC,1769,1769,1770.2333333333333,0.0,5.0,False
4733,RealTimeInference,RegionC,RegionC,2067,2067,2069.1666666666665,0.0,5.0,False
4734,BatchInference,RegionE,RegionE,1403,1403,1407.2666666666667,0.0,5.0,False
4735,AITraining,RegionF,RegionF,1070,1070,1074.6166666666666,0.0,5.0,False
4736,AITraining,RegionC,RegionC,1854,1854,1856.0166666666667,0.0,5.0,False
4737,BatchInference,RegionB,RegionB,1007,1007,1012.2166666666667,0.0,5.0,False
4738,AITraining,RegionD,RegionD,1317,1317,1322.15,0.0,5.0,False
4739,BatchInference,RegionD,RegionD,862,862,864.4166666666666,0.0,5.0,False
4740,BatchInference,RegionD,RegionD,1345,1345,1349.45,0.0,5.0,False
4741,RealTimeInference,RegionC,RegionC,547,547,549.8166666666667,0.0,5.0,False
4742,AITraining,RegionA,RegionA,8,8,12.6,0.0,5.0,False
4743,AITraining,RegionD,RegionD,1951,1951,1956.9166666666667,0.0,5.0,False
4744,RealTimeInference,RegionA,RegionA,39,39,42.63333333333333,0.0,5.0,False
4745,AITraining,RegionD,RegionD,710,710,712.3666666666667,0.0,5.0,False
4746,BatchInference,RegionD,RegionD,2276,2276,2278.45,0.0,5.0,False
4747,AITraining,RegionF,RegionF,2002,2002,2003.7666666666667,0.0,5.0,False
4748,BatchInference,RegionF,RegionC,2204,2204,2207.2,0.0,76.0,True
4749,RealTimeInference,RegionA,RegionA,317,317,321.9,0.0,5.0,False
4750,AITraining,RegionD,RegionD,126,126,132.15,0.0,5.0,False
4751,AITraining,RegionD,RegionD,1823,1823,1827.3166666666666,0.0,5.0,False
4752,AITraining,RegionE,RegionB,505,505,511.31666666666666,0.0,74.0,True
4753,BatchInference,RegionD,RegionD,1541,1541,1542.7333333333333,0.0,5.0,False
4754,AITraining,RegionF,RegionB,1466,1466,1469.9666666666667,0.0,79.0,True
4755,BatchInference,RegionA,RegionA,725,725,731.3,0.0,5.0,False
4756,AITraining,RegionD,RegionD,34,34,36.85,0.0,5.0,False
4757,RealTimeInference,RegionA,RegionA,1895,1895,1901.0333333333333,0.0,5.0,False
4758,BatchInference,RegionC,RegionC,790,790,795.6666666666666,0.0,5.0,False
4759,BatchInference,RegionD,RegionD,38,38,42.5,0.0,5.0,False
4760,RealTimeInference,RegionC,RegionC,81,81,83.21666666666667,0.0,5.0,False
4761,BatchInference,RegionF,RegionC,1465,1465,1468.5,0.0,76.0,True
4762,RealTimeInference,RegionA,RegionA,368,368,372.73333333333335,0.0,5.0,False
4763,AITraining,RegionD,RegionD,1241,1241,1244.2833333333333,0.0,5.0,False
4764,AITraining,RegionD,RegionD,905,905,905.85,0.0,5.0,False
4765,RealTimeInference,RegionB,RegionB,2022,2022,2023.2333333333333,0.0,5.0,False
4766,BatchInference,RegionD,RegionD,150,150,152.4,0.0,5.0,False
4767,BatchInference,RegionE,RegionB,2018,2018,2018.55,0.0,74.0,True
4768,AITraining,RegionA,RegionA,856,856,860.7,0.0,5.0,False
4769,RealTimeInference,RegionA,RegionA,803,803,803.2,0.0,5.0,False
4770,AITraining,RegionD,RegionD,1622,1622,1627.2666666666667,0.0,5.0,False
4771,RealTimeInference,RegionB,RegionB,1136,1136,1136.2,0.0,5.0,False
4772,AITraining,RegionE,RegionE,2049,2049,2055.1666666666665,0.0,5.0,False
4773,BatchInference,RegionE,RegionA,698,698,698.7166666666667,0.0,78.0,True
4774,AITraining,RegionF,RegionB,793,793,795.15,0.0,79.0,True
4775,AITraining,RegionB,RegionB,2317,2317,2322.7,0.0,5.0,False
4776,AITraining,RegionD,RegionD,2314,2314,2318.483333333333,0.0,5.0,False
4777,RealTimeInference,RegionB,RegionB,267,267,270.15,0.0,5.0,False
4778,AITraining,RegionE,RegionB,525,525,531.4333333333333,0.0,74.0,True
4779,AITraining,RegionE,RegionB,266,266,270.28333333333336,0.0,74.0,True
4780,RealTimeInference,RegionC,RegionC,1063,1063,1066.0833333333333,0.0,5.0,False
4781,AITraining,RegionF,RegionB,933,933,934.3833333333333,0.0,79.0,True
4782,AITraining,RegionC,RegionC,1123,1123,1128.0166666666667,0.0,5.0,False
4783,RealTimeInference,RegionA,RegionA,94,94,96.33333333333333,0.0,5.0,False
4784,AITraining,RegionD,RegionD,2182,2182,2183.266666666667,0.0,5.0,False
4785,AITraining,RegionE,RegionA,1035,1035,1038.9333333333334,0.0,78.0,True
4786,AITraining,RegionE,RegionE,2294,2294,2299.5666666666666,0.0,5.0,False
4787,BatchInference,RegionF,RegionF,8,8,14.55,0.0,5.0,False
4788,BatchInference,RegionA,RegionA,212,212,216.95,0.0,5.0,False
4789,BatchInference,RegionB,RegionB,1771,1771,1771.55,0.0,5.0,False
4790,BatchInference,RegionB,RegionB,1122,1122,1127.5833333333333,0.0,5.0,False
4791,RealTimeInference,RegionB,RegionB,2122,2122,2125.3166666666666,0.0,5.0,False
4792,BatchInference,RegionD,RegionD,2029,2029,2032.4166666666667,0.0,5.0,False
4793,BatchInference,RegionE,RegionE,2118,2118,2123.35,0.0,5.0,False
4794,RealTimeInference,RegionE,RegionE,919,919,921.6,0.0,5.0,False
4795,RealTimeInference,RegionA,RegionA,1138,1138,1138.3333333333333,0.0,5.0,False
4796,BatchInference,RegionB,RegionB,2180,2180,2183.8,0.0,5.0,False
4797,BatchInference,RegionC,RegionC,1295,1295,1301.1833333333334,0.0,5.0,False
4798,RealTimeInference,RegionB,RegionB,1605,1605,1606.55,0.0,5.0,False
4799,RealTimeInference,RegionC,RegionC,1370,1370,1373.0833333333333,0.0,5.0,False
4800,RealTimeInference,RegionC,RegionC,2342,2342,2343.9333333333334,0.0,5.0,False
4801,RealTimeInference,RegionA,RegionA,924,924,930.0166666666667,0.0,5.0,False
4802,AITraining,RegionD,RegionD,1735,1735,1739.0833333333333,0.0,5.0,False
4803,RealTimeInference,RegionA,RegionA,1023,1023,1028.85,0.0,5.0,False
4804,RealTimeInference,RegionB,RegionB,673,673,676.7166666666667,0.0,5.0,False
4805,BatchInference,RegionD,RegionD,1273,1273,1275.8,0.0,5.0,False
4806,RealTimeInference,RegionC,RegionC,396,396,400.76666666666665,0.0,5.0,False
4807,RealTimeInference,RegionE,RegionE,1965,1965,1970.9333333333334,0.0,5.0,False
4808,BatchInference,RegionA,RegionA,98,98,100.21666666666667,0.0,5.0,False
4809,AITraining,RegionD,RegionD,1369,1369,1371.0,0.0,5.0,False
4810,BatchInference,RegionC,RegionC,1012,1012,1014.0666666666667,0.0,5.0,False
4811,RealTimeInference,RegionB,RegionB,1939,1939,1939.7833333333333,0.0,5.0,False
4812,RealTimeInference,RegionC,RegionC,1395,1395,1398.7666666666667,0.0,5.0,False
4813,RealTimeInference,RegionC,RegionC,1366,1366,1369.8333333333333,0.0,5.0,False
4814,AITraining,RegionA,RegionA,969,969,973.4666666666667,0.0,5.0,False
4815,RealTimeInference,RegionA,RegionA,1796,1796,1798.15,0.0,5.0,False
4816,RealTimeInference,RegionA,RegionA,1828,1828,1828.3333333333333,0.0,5.0,False
4817,AITraining,RegionD,RegionD,511,511,516.4833333333333,0.0,5.0,False
4818,RealTimeInference,RegionB,RegionB,248,248,248.98333333333332,0.0,5.0,False
4819,RealTimeInference,RegionC,RegionC,1545,1545,1546.3,0.0,5.0,False
4820,BatchInference,RegionF,RegionB,266,266,266.4166666666667,0.0,79.0,True
4821,RealTimeInference,RegionA,RegionA,253,253,259.1,0.0,5.0,False
4822,BatchInference,RegionB,RegionB,224,224,224.95,0.0,5.0,False
4823,BatchInference,RegionB,RegionB,1768,1768,1773.5833333333333,0.0,5.0,False
4824,RealTimeInference,RegionB,RegionB,417,417,423.1,0.0,5.0,False
4825,AITraining,RegionE,RegionE,228,228,228.95,0.0,5.0,False
4826,AITraining,RegionF,RegionA,213,213,213.75,0.0,82.0,True
4827,BatchInference,RegionF,RegionB,1562,1562,1562.8833333333334,0.0,79.0,True
4828,BatchInference,RegionA,RegionA,392,392,395.95,0.0,5.0,False
4829,AITraining,RegionD,RegionD,1683,1683,1686.05,0.0,5.0,False
4830,RealTimeInference,RegionB,RegionB,43,43,47.766666666666666,0.0,5.0,False
4831,BatchInference,RegionD,RegionD,1572,1572,1573.3,0.0,5.0,False
4832,BatchInference,RegionE,RegionE,1753,1753,1754.2666666666667,0.0,5.0,False
4833,AITraining,RegionF,RegionF,414,414,414.75,0.0,5.0,False
4834,BatchInference,RegionA,RegionA,106,106,108.63333333333334,0.0,5.0,False
4835,BatchInference,RegionB,RegionB,2118,2118,2119.8333333333335,0.0,5.0,False
4836,BatchInference,RegionB,RegionB,788,788,792.7833333333333,0.0,5.0,False
4837,RealTimeInference,RegionB,RegionB,420,420,421.93333333333334,0.0,5.0,False
4838,RealTimeInference,RegionC,RegionC,276,276,281.05,0.0,5.0,False
4839,AITraining,RegionF,RegionA,793,793,793.1666666666666,0.0,82.0,True
4840,AITraining,RegionF,RegionF,516,516,519.15,0.0,5.0,False
4841,AITraining,RegionC,RegionC,2084,2084,2088.0666666666666,0.0,5.0,False
4842,BatchInference,RegionB,RegionB,1455,1455,1455.6,0.0,5.0,False
4843,BatchInference,RegionC,RegionC,1971,1971,1972.6666666666667,0.0,5.0,False
4844,AITraining,RegionE,RegionB,1821,1821,1826.5166666666667,0.0,74.0,True
4845,RealTimeInference,RegionC,RegionC,995,995,1001.6,0.0,5.0,False
4846,RealTimeInference,RegionC,RegionC,180,180,181.31666666666666,0.0,5.0,False
4847,RealTimeInference,RegionA,RegionA,522,522,527.25,0.0,5.0,False
4848,BatchInference,RegionB,RegionB,2394,2394,2397.6,0.0,5.0,False
4849,BatchInference,RegionB,RegionB,2101,2101,2103.016666666667,0.0,5.0,False
4850,AITraining,RegionE,RegionA,1465,1465,1470.9333333333334,0.0,78.0,True
4851,BatchInference,RegionD,RegionD,2390,2390,2393.8333333333335,0.0,5.0,False
4852,AITraining,RegionF,RegionA,596,596,598.1,0.0,82.0,True
4853,RealTimeInference,RegionE,RegionE,1923,1923,1924.3166666666666,0.0,5.0,False
4854,BatchInference,RegionA,RegionA,1404,1404,1406.35,0.0,5.0,False
4855,BatchInference,RegionB,RegionB,1510,1510,1513.7833333333333,0.0,5.0,False
4856,RealTimeInference,RegionB,RegionB,2120,2120,2121.1,0.0,5.0,False
4857,AITraining,RegionE,RegionE,592,592,594.55,0.0,5.0,False
4858,RealTimeInference,RegionC,RegionC,972,972,975.7833333333333,0.0,5.0,False
4859,AITraining,RegionF,RegionF,2291,2291,2295.4333333333334,0.0,5.0,False
4860,RealTimeInference,RegionA,RegionA,1728,1728,1729.0333333333333,0.0,5.0,False
4861,BatchInference,RegionA,RegionA,800,800,803.2666666666667,0.0,5.0,False
4862,RealTimeInference,RegionA,RegionA,824,824,828.55,0.0,5.0,False
4863,RealTimeInference,RegionB,RegionB,1398,1398,1403.1166666666666,0.0,5.0,False
4864,RealTimeInference,RegionB,RegionB,1948,1948,1951.6666666666667,0.0,5.0,False
4865,AITraining,RegionF,RegionB,1914,1914,1919.8333333333333,0.0,79.0,True
4866,AITraining,RegionF,RegionF,1356,1356,1360.35,0.0,5.0,False
4867,AITraining,RegionB,RegionB,2318,2318,2324.266666666667,0.0,5.0,False
4868,BatchInference,RegionB,RegionB,1227,1227,1228.0333333333333,0.0,5.0,False
4869,BatchInference,RegionC,RegionC,1346,1346,1349.0833333333333,0.0,5.0,False
4870,RealTimeInference,RegionB,RegionB,429,429,429.85,0.0,5.0,False
4871,BatchInference,RegionD,RegionD,172,172,177.7,0.0,5.0,False
4872,BatchInference,RegionE,RegionE,898,898,902.85,0.0,5.0,False
4873,RealTimeInference,RegionA,RegionA,913,913,914.9833333333333,0.0,5.0,False
4874,AITraining,RegionD,RegionD,943,943,949.0833333333334,0.0,5.0,False
4875,BatchInference,RegionB,RegionB,873,873,875.7333333333333,0.0,5.0,False
4876,RealTimeInference,RegionB,RegionB,1969,1969,1974.5,0.0,5.0,False
4877,AITraining,RegionE,RegionE,1357,1357,1358.3333333333333,0.0,5.0,False
4878,AITraining,RegionF,RegionB,1539,1539,1540.2666666666667,0.0,79.0,True
4879,RealTimeInference,RegionD,RegionD,1639,1639,1643.1833333333334,0.0,5.0,False
4880,RealTimeInference,RegionA,RegionA,27,27,30.166666666666668,0.0,5.0,False
4881,BatchInference,RegionB,RegionB,40,40,41.6,0.0,5.0,False
4882,RealTimeInference,RegionB,RegionB,1465,1465,1471.1333333333334,0.0,5.0,False
4883,RealTimeInference,RegionB,RegionB,2272,2272,2278.3,0.0,5.0,False
4884,RealTimeInference,RegionC,RegionC,583,583,585.6666666666666,0.0,5.0,False
4885,BatchInference,RegionE,RegionA,1803,1803,1807.4666666666667,0.0,78.0,True
4886,RealTimeInference,RegionF,RegionE,2398,2398,2401.3333333333335,0.0,18.0,True
4887,BatchInference,RegionA,RegionA,179,179,181.45,0.0,5.0,False
4888,RealTimeInference,RegionA,RegionA,815,815,820.9833333333333,0.0,5.0,False
4889,RealTimeInference,RegionB,RegionB,1163,1163,1169.0833333333333,0.0,5.0,False
4890,RealTimeInference,RegionB,RegionB,896,896,899.9833333333333,0.0,5.0,False
4891,BatchInference,RegionE,RegionE,713,713,718.3166666666667,0.0,5.0,False
4892,BatchInference,RegionF,RegionF,2271,2271,2271.9666666666667,0.0,5.0,False
4893,RealTimeInference,RegionA,RegionA,731,731,731.6333333333333,0.0,5.0,False
4894,RealTimeInference,RegionA,RegionA,88,88,88.2,0.0,5.0,False
4895,RealTimeInference,RegionB,RegionB,1072,1072,1073.7166666666667,0.0,5.0,False
4896,RealTimeInference,RegionB,RegionB,85,85,90.16666666666667,0.0,5.0,False
4897,AITraining,RegionE,RegionE,562,562,568.5333333333333,0.0,5.0,False
4898,BatchInference,RegionE,RegionA,454,454,454.56666666666666,0.0,78.0,True
4899,BatchInference,RegionF,RegionB,861,861,865.75,0.0,79.0,True
4900,BatchInference,RegionA,RegionA,1868,1868,1871.65,0.0,5.0,False
4901,RealTimeInference,RegionA,RegionA,1514,1514,1515.1,0.0,5.0,False
4902,BatchInference,RegionC,RegionC,701,701,704.6333333333333,0.0,5.0,False
4903,AITraining,RegionE,RegionA,1776,1776,1781.85,0.0,78.0,True
4904,AITraining,RegionE,RegionB,267,267,271.35,0.0,74.0,True
4905,RealTimeInference,RegionC,RegionC,591,591,596.2166666666667,0.0,5.0,False
4906,RealTimeInference,RegionA,RegionA,776,776,779.3333333333334,0.0,5.0,False
4907,RealTimeInference,RegionA,RegionA,2181,2181,2185.8,0.0,5.0,False
4908,BatchInference,RegionB,RegionB,1532,1532,1537.2,0.0,5.0,False
4909,BatchInference,RegionC,RegionC,1759,1759,1761.8166666666666,0.0,5.0,False
4910,AITraining,RegionE,RegionE,1001,1001,1001.3833333333333,0.0,5.0,False
4911,RealTimeInference,RegionC,RegionC,774,774,778.55,0.0,5.0,False
4912,AITraining,RegionF,RegionB,1204,1204,1206.65,0.0,79.0,True
4913,RealTimeInference,RegionA,RegionA,1342,1342,1346.3666666666666,0.0,5.0,False
4914,RealTimeInference,RegionA,RegionA,218,218,218.66666666666666,0.0,5.0,False
4915,AITraining,RegionD,RegionD,1147,1147,1148.5,0.0,5.0,False
4916,RealTimeInference,RegionB,RegionB,2081,2081,2085.05,0.0,5.0,False
4917,AITraining,RegionE,RegionE,2002,2002,2002.75,0.0,5.0,False
4918,RealTimeInference,RegionC,RegionC,333,333,338.55,0.0,5.0,False
4919,BatchInference,RegionA,RegionA,265,265,265.65,0.0,5.0,False
4920,RealTimeInference,RegionA,RegionA,2083,2083,2083.2166666666667,0.0,5.0,False
4921,BatchInference,RegionB,RegionB,2085,2085,2085.5333333333333,0.0,5.0,False
4922,BatchInference,RegionC,RegionC,2042,2042,2043.35,0.0,5.0,False
4923,AITraining,RegionE,RegionA,1901,1901,1904.9833333333333,0.0,78.0,True
4924,RealTimeInference,RegionC,RegionC,1318,1318,1324.6333333333334,0.0,5.0,False
4925,AITraining,RegionF,RegionA,1531,1531,1532.0,0.0,82.0,True
4926,AITraining,RegionB,RegionB,1979,1979,1984.7833333333333,0.0,5.0,False
4927,AITraining,RegionD,RegionD,2026,2026,2029.0666666666666,0.0,5.0,False
4928,BatchInference,RegionB,RegionB,1099,1099,1103.5833333333333,0.0,5.0,False
4929,AITraining,RegionE,RegionE,1642,1642,1647.2166666666667,0.0,5.0,False
4930,AITraining,RegionE,RegionE,2391,2391,2396.866666666667,0.0,5.0,False
4931,AITraining,RegionF,RegionA,149,149,153.11666666666667,0.0,82.0,True
4932,RealTimeInference,RegionA,RegionA,899,899,904.3,0.0,5.0,False
4933,RealTimeInference,RegionA,RegionA,1851,1851,1855.1333333333334,0.0,5.0,False
4934,RealTimeInference,RegionA,RegionA,1621,1621,1621.25,0.0,5.0,False
4935,RealTimeInference,RegionB,RegionB,1253,1253,1258.0666666666666,0.0,5.0,False
4936,BatchInference,RegionD,RegionD,1544,1544,1545.9333333333334,0.0,5.0,False
4937,AITraining,RegionF,RegionB,643,643,645.95,0.0,79.0,True
4938,BatchInference,RegionF,RegionF,1042,1042,1043.5166666666667,0.0,5.0,False
4939,AITraining,RegionB,RegionB,347,347,347.35,0.0,5.0,False
4940,RealTimeInference,RegionA,RegionA,344,344,350.25,0.0,5.0,False
4941,BatchInference,RegionB,RegionB,1820,1820,1820.2666666666667,0.0,5.0,False
4942,AITraining,RegionE,RegionA,1440,1440,1446.1,0.0,78.0,True
4943,RealTimeInference,RegionC,RegionC,2391,2391,2394.0,0.0,5.0,False
4944,RealTimeInference,RegionC,RegionC,1905,1905,1909.4,0.0,5.0,False
4945,AITraining,RegionF,RegionF,1377,1377,1380.6333333333334,0.0,5.0,False
4946,BatchInference,RegionA,RegionA,1847,1847,1847.3166666666666,0.0,5.0,False
4947,BatchInference,RegionB,RegionB,1771,1771,1773.0833333333333,0.0,5.0,False
4948,BatchInference,RegionC,RegionC,1505,1505,1505.9333333333334,0.0,5.0,False
4949,BatchInference,RegionD,RegionD,1298,1298,1299.6666666666667,0.0,5.0,False
4950,BatchInference,RegionE,RegionE,1566,1566,1566.8833333333334,0.0,5.0,False
4951,RealTimeInference,RegionD,RegionD,735,735,741.1,0.0,5.0,False
4952,BatchInference,RegionA,RegionA,957,957,958.1166666666667,0.0,5.0,False
4953,BatchInference,RegionB,RegionB,310,310,310.73333333333335,0.0,5.0,False
4954,BatchInference,RegionB,RegionB,337,337,341.96666666666664,0.0,5.0,False
4955,BatchInference,RegionC,RegionC,2055,2055,2060.633333333333,0.0,5.0,False
4956,AITraining,RegionE,RegionE,2239,2239,2243.5666666666666,0.0,5.0,False
4957,AITraining,RegionF,RegionF,320,320,321.26666666666665,0.0,5.0,False
4958,BatchInference,RegionF,RegionB,932,932,938.4,0.0,79.0,True
4959,RealTimeInference,RegionA,RegionA,485,485,489.3833333333333,0.0,5.0,False
4960,RealTimeInference,RegionA,RegionA,1475,1475,1478.3333333333333,0.0,5.0,False
4961,RealTimeInference,RegionB,RegionB,2236,2236,2242.4,0.0,5.0,False
4962,RealTimeInference,RegionB,RegionB,1367,1367,1368.9166666666667,0.0,5.0,False
4963,RealTimeInference,RegionC,RegionC,1348,1348,1348.4666666666667,0.0,5.0,False
4964,BatchInference,RegionF,RegionF,1239,1239,1241.5833333333333,0.0,5.0,False
4965,AITraining,RegionA,RegionA,1124,1124,1125.25,0.0,5.0,False
4966,RealTimeInference,RegionA,RegionA,564,564,565.7166666666667,0.0,5.0,False
4967,AITraining,RegionD,RegionD,2224,2224,2229.8333333333335,0.0,5.0,False
4968,BatchInference,RegionC,RegionC,34,34,34.28333333333333,0.0,5.0,False
4969,BatchInference,RegionD,RegionD,1154,1154,1158.6166666666666,0.0,5.0,False
4970,BatchInference,RegionE,RegionA,1654,1654,1658.9666666666667,0.0,78.0,True
4971,BatchInference,RegionF,RegionF,2375,2375,2378.366666666667,0.0,5.0,False
4972,AITraining,RegionC,RegionC,48,48,50.05,0.0,5.0,False
4973,BatchInference,RegionB,RegionB,2099,2099,2100.0666666666666,0.0,5.0,False
4974,RealTimeInference,RegionB,RegionB,1628,1628,1631.0166666666667,0.0,5.0,False
4975,RealTimeInference,RegionB,RegionB,929,929,935.1833333333333,0.0,5.0,False
4976,AITraining,RegionE,RegionB,859,859,862.6333333333333,0.0,74.0,True
4977,BatchInference,RegionE,RegionA,957,957,960.25,0.0,78.0,True
4978,AITraining,RegionA,RegionA,2263,2263,2265.383333333333,0.0,5.0,False
4979,BatchInference,RegionA,RegionA,1889,1889,1892.0,0.0,5.0,False
4980,BatchInference,RegionB,RegionB,351,351,356.3833333333333,0.0,5.0,False
4981,BatchInference,RegionC,RegionC,769,769,769.8166666666667,0.0,5.0,False
4982,BatchInference,RegionD,RegionD,1710,1710,1711.25,0.0,5.0,False
4983,RealTimeInference,RegionC,RegionC,1796,1796,1801.7666666666667,0.0,5.0,False
4984,BatchInference,RegionF,RegionF,2287,2287,2290.733333333333,0.0,5.0,False
4985,RealTimeInference,RegionA,RegionA,1534,1534,1540.45,0.0,5.0,False
4986,RealTimeInference,RegionA,RegionA,2365,2365,2371.4166666666665,0.0,5.0,False
4987,RealTimeInference,RegionB,RegionB,1251,1251,1252.4166666666667,0.0,5.0,False
4988,AITraining,RegionE,RegionB,39,39,44.06666666666666,0.0,74.0,True
4989,BatchInference,RegionD,RegionD,1452,1452,1458.6333333333334,0.0,5.0,False
4990,BatchInference,RegionE,RegionE,923,923,929.6166666666667,0.0,5.0,False
4991,BatchInference,RegionA,RegionA,1743,1743,1745.1833333333334,0.0,5.0,False
4992,AITraining,RegionD,RegionD,1652,1652,1652.2833333333333,0.0,5.0,False
4993,AITraining,RegionD,RegionD,2202,2202,2206.233333333333,0.0,5.0,False
4994,BatchInference,RegionC,RegionC,1335,1335,1338.3666666666666,0.0,5.0,False
4995,AITraining,RegionE,RegionB,95,95,101.1,0.0,74.0,True
4996,AITraining,RegionF,RegionF,131,131,135.85,0.0,5.0,False
4997,RealTimeInference,RegionD,RegionD,629,629,629.8,0.0,5.0,False
4998,BatchInference,RegionA,RegionA,2327,2327,2330.0833333333335,0.0,5.0,False
4999,AITraining,RegionD,RegionD,2350,2350,2356.6,0.0,5.0,False
5000,BatchInference,RegionB,RegionB,1561,1561,1564.0833333333333,0.0,5.0,False
