阶段,轮次,事件,活动列数,Benders切数,LP目标值,theta_CNY,真实能源成本_CNY,Benders违反_CNY,最大区域违反_CNY,theta_A_CNY,theta_B_CNY,theta_C_CNY,theta_D_CNY,theta_E_CNY,theta_F_CNY,真实能源成本_A_CNY,真实能源成本_B_CNY,真实能源成本_C_CNY,真实能源成本_D_CNY,真实能源成本_E_CNY,真实能源成本_F_CNY,区域违反_A_CNY,区域违反_B_CNY,区域违反_C_CNY,区域违反_D_CNY,区域违反_E_CNY,区域违反_F_CNY,新增列数,最小缺失列约化成本,根节点闭合,MIP状态,MIP目标值,当前RSS_GiB,累计分钟
Wait阶段,1,added_region_benders_cuts,51260,8,377179.93075674464,-459597007.30938077,-459161483.7134063,435523.59597444534,254488.33863264322,-0.0,-0.0,-0.0,-142783279.19999963,-154303838.82599697,-162509889.28338423,0.0,0.0,0.0,-142783279.19999963,-154122803.56865653,-162255400.9447516,0.0,0.0,0.0,0.0,181035.2573404312,254488.33863264322,0,nan,False,,,0.22755050659179688,0.18121754725774128
Wait阶段,2,added_region_benders_cuts,51260,10,377179.93075674464,-459560729.4792594,-459315073.07890433,245656.40035504103,138037.27754852176,-0.0,-0.0,-0.0,-142783279.19999963,-154301912.40171114,-162475537.87754858,0.0,0.0,0.0,-142783279.19999963,-154194293.27890593,-162337500.60000005,0.0,0.0,0.0,0.0,107619.12280520797,138037.27754852176,0,nan,False,,,0.23473739624023438,0.23308927218119305
Wait阶段,3,added_region_benders_cuts,51260,11,377179.93075674464,-459315073.0789056,-459296292.0676681,18781.011237502098,18781.011236160994,-0.0,-0.0,-0.0,-142783279.19999963,-154194293.2789059,-162337500.60000005,0.0,0.0,0.0,-142783279.19999963,-154194293.27890593,-162318719.5887639,0.0,0.0,0.0,0.0,-2.9802322387695312e-08,18781.011236160994,0,nan,False,,,0.23678970336914062,0.28905065059661866
Wait阶段,4,added_columns,66856,11,377179.93075674464,-459315073.0789056,-459315073.07890433,1.2516975402832031e-06,0.0,-0.0,-0.0,-0.0,-142783279.19999963,-154194293.2789059,-162337500.60000005,0.0,0.0,0.0,-142783279.19999963,-154194293.27890593,-162337500.60000005,0.0,0.0,0.0,0.0,-2.9802322387695312e-08,0.0,15596,-2449.4222222222224,False,,,0.244720458984375,0.5392918745676677
Wait阶段,5,added_region_benders_cuts,66856,13,32171.761845414494,-459309375.48623323,-459282779.2676364,26596.218596816063,21792.685907036066,-0.0,-0.0,-0.0,-142783279.19999963,-154188595.68623352,-162337500.60000005,0.0,0.0,0.0,-142783279.19999963,-154166803.00032648,-162332697.06731153,0.0,0.0,0.0,0.0,21792.685907036066,4803.532688528299,0,nan,False,,,0.2502899169921875,0.6030089775721232
Wait阶段,6,added_columns,78374,13,32171.76184541449,-459309375.48623323,-459309375.486232,1.2516975402832031e-06,0.0,-0.0,-0.0,-0.0,-142783279.19999963,-154188595.68623352,-162337500.60000005,0.0,0.0,0.0,-142783279.19999963,-154188595.68623352,-162337500.60000005,0.0,0.0,0.0,0.0,0.0,0.0,11518,-7819.24040665217,False,,,0.25152587890625,0.8668954968452454
Wait阶段,7,added_region_benders_cuts,78374,16,0.0,-459321725.0326556,-458849799.7702976,471925.2623580098,426955.65907254815,-0.0,-0.0,-0.0,-142783279.19999963,-154200945.23265588,-162337500.60000005,0.0,0.0,0.0,-142356323.54092708,-154156402.26417407,-162337073.96519777,0.0,0.0,0.0,426955.65907254815,44542.9684818089,426.63480228185654,0,nan,False,,,0.25789642333984375,0.9436228752136231
Wait阶段,8,added_region_benders_cuts,78374,18,0.0,-459321644.42181885,-459321028.0463689,616.3754499554634,613.754895478487,-0.0,-0.0,-0.0,-142783279.19999963,-154200864.62181917,-162337500.60000005,0.0,0.0,0.0,-142782665.44510415,-154200862.00126594,-162337500.60000005,0.0,0.0,0.0,613.754895478487,2.6205532252788544,0.0,0,nan,False,,,0.2565116882324219,1.0278058926264444
Wait阶段,9,added_region_benders_cuts,78374,19,0.0,-459321641.8012656,-459294611.95884824,27029.842417359352,27029.842416107655,-0.0,-0.0,-0.0,-142783279.19999963,-154200862.00126594,-162337500.60000005,0.0,0.0,0.0,-142756249.35758352,-154200862.00126594,-162337500.60000005,0.0,0.0,0.0,27029.842416107655,0.0,0.0,0,nan,False,,,0.2579689025878906,1.1197135011355082
Wait阶段,10,added_region_benders_cuts,78374,20,0.0,-459320951.7470056,-459294091.5111076,26860.23589795828,26860.235896646976,-0.0,-0.0,-0.0,-142783279.19999963,-154200171.94700587,-162337500.60000005,0.0,0.0,0.0,-142783279.19999963,-154173311.71110922,-162337500.60000005,0.0,0.0,0.0,0.0,26860.235896646976,0.0,0,nan,False,,,0.2599372863769531,1.213843329747518
Wait阶段,11,root_lp_closed,78374,20,0.0,-459319362.6231055,-459319362.6231043,1.2516975402832031e-06,0.0,-0.0,-0.0,-0.0,-142783279.19999963,-154198582.82310587,-162337500.60000005,0.0,0.0,0.0,-142783279.19999963,-154198582.82310587,-162337500.60000005,0.0,0.0,0.0,0.0,0.0,0.0,0,0.0,True,,,0.26251220703125,1.5086021701494852
Wait阶段,11,integer_added_region_benders_cuts,78374,20,0.0,-459319362.6231055,-459188838.05173194,86108.52006983757,47390.11333373189,0.0,0.0,0.0,-142783279.19999963,-154154166.77180213,-162337500.60000005,0.0,0.0,0.0,-142735889.0866659,-154142151.67265058,-162310797.2924167,0.0,0.0,0.0,47390.11333373189,12015.099151551723,26703.307583361864,0,0.0,False,需要继续,32.0,0.26251220703125,1.5086021701494852
Wait阶段,12,root_lp_closed,78374,23,0.0,-459321468.5286094,-459321468.52860814,1.2516975402832031e-06,0.0,-0.0,-0.0,-0.0,-142783279.19999963,-154200688.72860974,-162337500.60000005,0.0,0.0,0.0,-142783279.19999963,-154200688.72860974,-162337500.60000005,0.0,0.0,0.0,0.0,0.0,0.0,0,0.0,True,,,0.2667503356933594,2.047103162606557
Wait阶段,12,integer_added_region_benders_cuts,78374,23,0.0,-459321468.5286094,-459104985.378615,169961.19318675995,123840.7593177259,0.0,0.0,0.0,-142783279.19999963,-154194583.8437059,-162297083.52809626,0.0,0.0,0.0,-142659438.4406819,-154136955.1152384,-162308591.8226959,0.0,0.0,0.0,123840.7593177259,57628.72846749425,-11508.29459965229,0,0.0,False,需要继续,32.0,0.2667503356933594,2.047103162606557
Wait阶段,13,root_lp_closed,78374,25,0.0,-459321641.8012656,-459321641.80126435,1.2516975402832031e-06,0.0,-0.0,-0.0,-0.0,-142783279.19999963,-154200862.00126594,-162337500.60000005,0.0,0.0,0.0,-142783279.19999963,-154200862.00126594,-162337500.60000005,0.0,0.0,0.0,0.0,0.0,0.0,0,0.0,True,,,0.2700386047363281,2.600548549493154
Wait阶段,13,integer_added_region_benders_cuts,78374,25,0.0,-459321641.8012656,-459240456.51795477,34490.053847014904,50428.7534160614,0.0,0.0,0.0,-142783279.19999963,-154154166.77180213,-162337500.60000005,0.0,0.0,0.0,-142732850.44658357,-154170668.36047304,-162336937.71089935,0.0,0.0,0.0,50428.7534160614,-16501.588670909405,562.8891007006168,0,0.0,False,需要继续,32.0,0.2700386047363281,2.600548549493154
Wait阶段,14,added_region_benders_cuts,78374,28,0.0,-459321641.8012656,-459312400.7309544,9241.070311188698,9241.070309996605,-0.0,-0.0,-0.0,-142783279.19999963,-154200862.00126594,-162337500.60000005,0.0,0.0,0.0,-142783279.19999963,-154191620.93095595,-162337500.60000005,0.0,0.0,0.0,0.0,9241.070309996605,0.0,0,nan,False,,,0.3840141296386719,2.9069619377454123
Wait阶段,15,root_lp_closed,78374,28,0.0,-459321641.8012656,-459321641.80126435,1.2516975402832031e-06,0.0,-0.0,-0.0,-0.0,-142783279.19999963,-154200862.00126594,-162337500.60000005,0.0,0.0,0.0,-142783279.19999963,-154200862.00126594,-162337500.60000005,0.0,0.0,0.0,0.0,0.0,0.0,0,0.0,True,,,0.3001289367675781,3.2184555530548096
Wait阶段,15,integer_added_region_benders_cuts,78374,28,0.0,-459321641.8012656,-459268526.829406,6419.742395758629,19726.45687559247,0.0,0.0,0.0,-142783279.19999963,-154157319.48232546,-162334347.8894767,0.0,0.0,0.0,-142763552.74312404,-154170626.19680655,-162334347.8894767,0.0,0.0,0.0,19726.45687559247,-13306.714481085539,0.0,0,0.0,False,需要继续,32.0,0.3001289367675781,3.2184555530548096
Wait阶段,16,root_lp_closed,78374,29,0.0,-459320379.8679055,-459320379.8679043,1.1920928955078125e-06,0.0,-0.0,-0.0,-0.0,-142783279.19999963,-154199600.06790587,-162337500.60000005,0.0,0.0,0.0,-142783279.19999963,-154199600.0679059,-162337500.60000005,0.0,0.0,0.0,0.0,-2.9802322387695312e-08,0.0,0,0.0,True,,,0.3027534484863281,3.6767879923184714
Wait阶段,16,integer_added_region_benders_cuts,78374,29,0.0,-459320379.8679055,-459278062.0739396,33324.87619262934,26517.25440815091,0.0,0.0,0.0,-142783279.1999996,-154193759.86065593,-162334347.8894767,0.0,0.0,0.0,-142776471.57821634,-154167242.60624778,-162334347.8894767,0.0,0.0,0.0,6807.621783256531,26517.25440815091,0.0,0,0.0,False,需要继续,32.0,0.3027534484863281,3.6767879923184714
Wait阶段,17,root_lp_closed,78374,31,0.0,-459321556.37830555,-459321556.3783043,1.2516975402832031e-06,0.0,-0.0,-0.0,-0.0,-142783279.19999963,-154200776.57830587,-162337500.60000005,0.0,0.0,0.0,-142783279.19999963,-154200776.5783059,-162337500.60000005,0.0,0.0,0.0,0.0,-2.9802322387695312e-08,0.0,0,0.0,True,,,0.3054008483886719,4.512852374712626
Wait阶段,17,integer_added_region_benders_cuts,78374,31,0.0,-459321556.37830555,-459300574.5717773,14274.347827613354,9179.52631688118,0.0,0.0,0.0,-142783279.19999963,-154194632.00870588,-162336937.71089935,0.0,0.0,0.0,-142778522.95987153,-154185452.482389,-162336599.129518,0.0,0.0,0.0,4756.240128099918,9179.52631688118,338.5813813507557,0,0.0,False,需要继续,32.0,0.3054008483886719,4.512852374712626
Wait阶段,18,root_lp_closed,78374,34,0.0,-459321641.8012656,-459321641.80126435,1.2516975402832031e-06,0.0,-0.0,-0.0,-0.0,-142783279.19999963,-154200862.00126594,-162337500.60000005,0.0,0.0,0.0,-142783279.19999963,-154200862.00126594,-162337500.60000005,0.0,0.0,0.0,0.0,0.0,0.0,0,0.0,True,,,0.3083229064941406,5.093707529703776
Wait阶段,18,stage_completed,78374,34,0.0,-459321641.8012656,-459299940.3301806,-24993.75837880373,0.0,-0.0,-0.0,-0.0,-142783279.19999963,-154200862.00126594,-162337500.60000005,0.0,0.0,0.0,-142783279.19999963,-154200862.00126594,-162337500.60000005,0.0,0.0,0.0,0.0,0.0,0.0,0,0.0,True,restricted_mip_completed,32.0,0.3083229064941406,5.093707529703776
Latency阶段,1,added_region_benders_cuts,78374,37,1330942.8142346574,-459274946.5718018,-459006362.2616941,268584.310107708,117517.95222842693,-0.0,-0.0,-0.0,-142749573.2214627,-154189907.0720309,-162335466.27830818,0.0,0.0,0.0,-142632055.26923427,-154076173.9503434,-162298133.04211763,0.0,0.0,0.0,117517.95222842693,113733.12168750167,37333.23619055748,0,nan,False,,,0.41265869140625,5.42212495803833
Latency阶段,2,added_region_benders_cuts,78374,40,1331206.8680314224,-459274946.5718018,-459043937.7544934,231008.8173083663,111798.23790898919,-0.0,-0.0,-0.0,-142749366.6913394,-154189907.0720309,-162335672.80843148,0.0,0.0,0.0,-142637568.4534304,-154082747.05582538,-162323622.24523887,0.0,0.0,0.0,111798.23790898919,107160.01620551944,12050.563192605972,0,nan,False,,,0.4167366027832031,5.565069556236267
Latency阶段,3,added_region_benders_cuts,78374,43,1331309.5076360826,-459274946.5718018,-459149818.15247947,125128.41932231188,70586.66473990679,-0.0,-0.0,-0.0,-142749366.6913394,-154189907.0720309,-162335672.80843148,0.0,0.0,0.0,-142678780.0265995,-154143618.1486525,-162327419.9772287,0.0,0.0,0.0,70586.66473990679,46288.923378407955,8252.83120277524,0,nan,False,,,0.4185829162597656,5.718102383613586
Latency阶段,4,added_region_benders_cuts,78374,46,1331343.323183035,-459274946.5718018,-459154408.6023095,120537.96949225664,57794.05382925272,-0.0,-0.0,-0.0,-142757615.674858,-154189907.0720309,-162327423.82491288,0.0,0.0,0.0,-142703123.20318088,-154132113.01820165,-162319172.38092828,0.0,0.0,0.0,54492.4716771245,57794.05382925272,8251.443984597921,0,nan,False,,,0.42020416259765625,5.87932596206665
Latency阶段,5,added_region_benders_cuts,78374,49,1331372.7852660264,-459274946.5718018,-459167677.23606473,107269.33573704958,56365.29761227965,-0.0,-0.0,-0.0,-142749366.6913394,-154189907.0720309,-162335672.80843148,0.0,0.0,0.0,-142698467.57414776,-154133541.77441862,-162335667.88749957,0.0,0.0,0.0,50899.11719164252,56365.29761227965,4.920931905508041,0,nan,False,,,0.4214286804199219,6.049350261688232
Latency阶段,6,added_region_benders_cuts,78374,51,1331390.4410454852,-459274946.5718018,-459195620.1932126,79326.37858915329,58192.461457014084,-0.0,-0.0,-0.0,-142749366.6913394,-154189907.0720309,-162335672.80843148,0.0,0.0,0.0,-142691174.2298824,-154168773.15490004,-162335672.80843142,0.0,0.0,0.0,58192.461457014084,21133.917130857706,5.960464477539063e-08,0,nan,False,,,0.4217071533203125,6.22792638540268
Latency阶段,7,added_region_benders_cuts,78374,53,1331405.2492229026,-459274946.5718018,-459197741.2725616,77205.29924017191,50270.524197399616,-0.0,-0.0,-0.0,-142749366.6913394,-154189907.0720309,-162335672.80843148,0.0,0.0,0.0,-142699096.167142,-154162972.2969895,-162335672.80843142,0.0,0.0,0.0,50270.524197399616,26934.775041401386,5.960464477539063e-08,0,nan,False,,,0.42179107666015625,6.412905605634053
Latency阶段,8,added_region_benders_cuts,78374,55,1331411.2116036918,-459274946.5718018,-459218222.7749193,56723.796882510185,39944.618331849575,-0.0,-0.0,-0.0,-142749366.6913394,-154189907.0720309,-162335672.80843148,0.0,0.0,0.0,-142709422.07300755,-154173127.89348155,-162335672.80843142,0.0,0.0,0.0,39944.618331849575,16779.178549349308,5.960464477539063e-08,0,nan,False,,,0.4219551086425781,6.602778518199921
Latency阶段,9,added_region_benders_cuts,78374,57,1331415.542071588,-459274946.5718018,-459216291.2180685,58655.35373330116,46377.91345009208,-0.0,-0.0,-0.0,-142749366.6913394,-154189907.0720309,-162335672.80843148,0.0,0.0,0.0,-142702988.7778893,-154177629.631749,-162335672.80843142,0.0,0.0,0.0,46377.91345009208,12277.440281897783,5.960464477539063e-08,0,nan,False,,,0.4221038818359375,6.802304335435232
Latency阶段,10,added_region_benders_cuts,78374,59,1331418.8131977695,-459274946.5718018,-459235721.52133554,39225.05046623945,29333.83667218685,-0.0,-0.0,-0.0,-142749366.6913394,-154189907.0720309,-162335672.80843148,0.0,0.0,0.0,-142720032.85466722,-154180015.8582382,-162335672.80843142,0.0,0.0,0.0,29333.83667218685,9891.213792711496,5.960464477539063e-08,0,nan,False,,,0.42293548583984375,7.0014498392740885
Latency阶段,11,added_region_benders_cuts,78374,61,1331419.7095081136,-459274946.5718018,-459239495.4154225,35451.156379282475,28054.745411336422,-0.0,-0.0,-0.0,-142749366.6913394,-154189907.0720309,-162335672.80843148,0.0,0.0,0.0,-142721311.94592807,-154182510.66106427,-162335672.80843142,0.0,0.0,0.0,28054.745411336422,7396.41096663475,5.960464477539063e-08,0,nan,False,,,0.3249092102050781,7.207360414663951
Latency阶段,12,added_region_benders_cuts,78374,63,1331422.1437383534,-459274946.5718018,-459229287.97457606,45658.59722572565,38085.97434934974,-0.0,-0.0,-0.0,-142749366.6913394,-154189907.0720309,-162335672.80843148,0.0,0.0,0.0,-142711280.71699005,-154182334.44915584,-162335672.80843142,0.0,0.0,0.0,38085.97434934974,7572.622875064611,5.960464477539063e-08,0,nan,False,,,0.4162940979003906,7.422675228118896
Latency阶段,13,added_region_benders_cuts,78374,65,1331425.8778809286,-459274946.5718018,-459245604.2191169,29342.35268485546,22244.453534185886,-0.0,-0.0,-0.0,-142749366.6913394,-154189907.0720309,-162335672.80843148,0.0,0.0,0.0,-142727122.23780522,-154182809.17288157,-162335672.80843142,0.0,0.0,0.0,22244.453534185886,7097.89914932847,5.960464477539063e-08,0,nan,False,,,0.4178047180175781,7.636666782697042
Latency阶段,14,added_region_benders_cuts,78374,67,1331426.7745069957,-459274946.5718018,-459251960.92642,22985.64538180828,19399.792192280293,-0.0,-0.0,-0.0,-142749366.6913394,-154189907.0720309,-162335672.80843148,0.0,0.0,0.0,-142729966.89914712,-154186321.2188427,-162335672.80843142,0.0,0.0,0.0,19399.792192280293,3585.8531882166862,5.960464477539063e-08,0,nan,False,,,0.41841888427734375,7.863857571283976
Latency阶段,15,added_region_benders_cuts,78374,69,1331427.4180706656,-459274946.5718018,-459247934.01571035,27012.556091427803,21114.755378603935,-0.0,-0.0,-0.0,-142749366.6913394,-154189907.0720309,-162335672.80843148,0.0,0.0,0.0,-142728251.9359608,-154184009.27131936,-162335672.80843142,0.0,0.0,0.0,21114.755378603935,5897.800711542368,5.960464477539063e-08,0,nan,False,,,0.41861724853515625,8.0904660820961
Latency阶段,16,added_region_benders_cuts,78374,71,1331428.216952482,-459274946.5718018,-459248163.6858341,26782.88596767187,23818.93830782175,-0.0,-0.0,-0.0,-142749366.6913394,-154189907.0720309,-162335672.80843148,0.0,0.0,0.0,-142725547.75303158,-154186943.12437233,-162335672.80843142,0.0,0.0,0.0,23818.93830782175,2963.9476585686207,5.960464477539063e-08,0,nan,False,,,0.41973876953125,8.323975185553232
Latency阶段,17,added_region_benders_cuts,78374,73,1331429.656731261,-459274946.5718018,-459264826.3253168,10120.246484994888,6374.5911820828915,-0.0,-0.0,-0.0,-142749366.6913394,-154189907.0720309,-162335672.80843148,0.0,0.0,0.0,-142742992.10015732,-154186161.4167293,-162335672.80843142,0.0,0.0,0.0,6374.5911820828915,3745.6553016006947,5.960464477539063e-08,0,nan,False,,,0.41943359375,8.571811902523041
Latency阶段,18,added_region_benders_cuts,78374,75,1331430.0274486342,-459274946.5718018,-459269592.44240427,5354.129397511482,2738.418733984232,-0.0,-0.0,-0.0,-142749366.6913394,-154189907.0720309,-162335672.80843148,0.0,0.0,0.0,-142746628.27260542,-154187291.36136872,-162335672.80843142,0.0,0.0,0.0,2738.418733984232,2615.710662186146,5.960464477539063e-08,0,nan,False,,,0.4205169677734375,8.822767512003582
Latency阶段,19,added_region_benders_cuts,78374,77,1331431.0695612272,-459274946.5718018,-459270767.69875705,4178.873044729233,4175.214420825243,-0.0,-0.0,-0.0,-142749366.6913394,-154189907.0720309,-162335672.80843148,0.0,0.0,0.0,-142745191.47691858,-154189903.41340828,-162335672.80843142,0.0,0.0,0.0,4175.214420825243,3.658622622489929,5.960464477539063e-08,0,nan,False,,,0.42070770263671875,9.076579495271046
Latency阶段,20,added_region_benders_cuts,78374,79,1331432.562455268,-459274946.5718018,-459268525.2436316,6421.328170180321,6416.767127305269,-0.0,-0.0,-0.0,-142749366.6913394,-154189907.0720309,-162335672.80843148,0.0,0.0,0.0,-142742949.9242121,-154189902.51098934,-162335672.80843142,0.0,0.0,0.0,6416.767127305269,4.561041563749313,5.960464477539063e-08,0,nan,False,,,0.4207649230957031,9.335422539710999
Latency阶段,21,added_region_benders_cuts,78374,81,1331432.8839018985,-459274946.5718018,-459267734.24682236,7212.324979424477,7204.63934096694,-0.0,-0.0,-0.0,-142749366.6913394,-154189907.0720309,-162335672.80843148,0.0,0.0,0.0,-142742162.05199844,-154189899.38639376,-162335672.80843142,0.0,0.0,0.0,7204.63934096694,7.685637146234512,5.960464477539063e-08,0,nan,False,,,0.4216117858886719,9.600044417381287
Latency阶段,22,added_region_benders_cuts,78374,83,1331433.4815131607,-459274946.5718018,-459271759.2371293,3187.334672510624,3183.7061901688576,-0.0,-0.0,-0.0,-142749366.6913394,-154189907.0720309,-162335672.80843148,0.0,0.0,0.0,-142746182.98514923,-154189903.4435499,-162335672.80843142,0.0,0.0,0.0,3183.7061901688576,3.62848100066185,5.960464477539063e-08,0,nan,False,,,0.42162322998046875,9.873224055767059
Latency阶段,23,added_region_benders_cuts,78374,85,1331433.8425825804,-459274946.5718018,-459271267.94330525,3678.628496527672,3674.7779047489166,-0.0,-0.0,-0.0,-142749366.6913394,-154189907.0720309,-162335672.80843148,0.0,0.0,0.0,-142745691.91343465,-154189903.22144043,-162335672.80843142,0.0,0.0,0.0,3674.7779047489166,3.850590467453003,5.960464477539063e-08,0,nan,False,,,0.4221839904785156,10.14955765803655
Latency阶段,24,added_region_benders_cuts,78374,87,1331433.9964334643,-459274946.5718018,-459272924.43705714,2022.134744644165,2015.470342963934,-0.0,-0.0,-0.0,-142749366.6913394,-154189907.0720309,-162335672.80843148,0.0,0.0,0.0,-142747351.22099644,-154189900.40763047,-162335672.80843142,0.0,0.0,0.0,2015.470342963934,6.664400428533554,5.960464477539063e-08,0,nan,False,,,0.4232444763183594,10.435166827837627
Latency阶段,25,added_region_benders_cuts,78374,89,1331434.0527987804,-459274946.5718018,-459274936.5734843,9.99831748008728,9.368904411792755,-0.0,-0.0,-0.0,-142749366.6913394,-154189907.0720309,-162335672.80843148,0.0,0.0,0.0,-142749357.322435,-154189906.4426192,-162335672.80843142,0.0,0.0,0.0,9.368904411792755,0.6294116973876953,5.960464477539063e-08,0,nan,False,,,0.4233665466308594,10.77673411766688
Latency阶段,26,added_region_benders_cuts,78374,91,1331434.0531911014,-459274946.5718018,-459274939.4223052,7.149496555328369,4.87356773018837,-0.0,-0.0,-0.0,-142749366.6913394,-154189907.0720309,-162335672.80843148,0.0,0.0,0.0,-142749361.81777167,-154189904.79610336,-162335672.80843142,0.0,0.0,0.0,4.87356773018837,2.2759275436401367,5.960464477539063e-08,0,nan,False,,,0.4241828918457031,11.15668817361196
Latency阶段,27,added_region_benders_cuts,78374,93,1331434.0533976504,-459274946.5718018,-459274938.0865258,8.485275983810425,8.125773400068283,-0.0,-0.0,-0.0,-142749366.6913394,-154189907.0720309,-162335672.80843148,0.0,0.0,0.0,-142749358.565566,-154189906.71252963,-162335672.80843142,0.0,0.0,0.0,8.125773400068283,0.35950127243995667,5.960464477539063e-08,0,nan,False,,,0.42423248291015625,11.547066442171733
Latency阶段,28,added_region_benders_cuts,78374,94,1331434.053444299,-459274946.5718018,-459274946.3328786,0.23892319202423096,0.2389219105243683,-0.0,-0.0,-0.0,-142749366.6913394,-154189907.0720309,-162335672.80843148,0.0,0.0,0.0,-142749366.4524175,-154189907.07203093,-162335672.80843142,0.0,0.0,0.0,0.2389219105243683,-2.9802322387695312e-08,5.960464477539063e-08,0,nan,False,,,0.4241981506347656,11.932525340716044
Latency阶段,29,added_region_benders_cuts,78374,95,1331434.0534615263,-459274946.5718018,-459274942.9637894,3.60801237821579,3.608011096715927,-0.0,-0.0,-0.0,-142749366.6913394,-154189907.0720309,-162335672.80843148,0.0,0.0,0.0,-142749363.0833283,-154189907.07203093,-162335672.80843142,0.0,0.0,0.0,3.608011096715927,-2.9802322387695312e-08,5.960464477539063e-08,0,nan,False,,,0.4244804382324219,12.313955680529277
Latency阶段,30,added_columns,135889,95,1331434.0534894888,-459274946.5718018,-459274946.5718002,1.6093254089355469e-06,1.7881393432617188e-07,-0.0,-0.0,-0.0,-142749366.69133928,-154189907.072031,-162335672.80843148,0.0,0.0,0.0,-142749366.6913391,-154189907.07203093,-162335672.80843142,0.0,0.0,0.0,1.7881393432617188e-07,5.960464477539063e-08,5.960464477539063e-08,57515,-1400.3317307692314,False,,,0.3285865783691406,12.96596196492513
Latency阶段,31,added_region_benders_cuts,135889,97,253631.89926285497,-459281685.0933042,-458563566.6683697,718118.4249345064,579209.1529124975,-0.0,-0.0,-0.0,-142783279.19999963,-154191500.95866454,-162306904.93464005,0.0,0.0,0.0,-142783279.19999963,-153612291.80575204,-162167995.66261938,0.0,0.0,0.0,0.0,579209.1529124975,138909.2720206678,0,nan,False,,,0.43416595458984375,13.501627870400746
Latency阶段,32,added_region_benders_cuts,135889,99,253804.69022580923,-459274946.5718018,-458816326.33018917,458620.2416126132,289582.0694926083,-0.0,-0.0,-0.0,-142783279.19999963,-154209743.37608087,-162281923.99572128,0.0,0.0,0.0,-142783279.19999963,-154040705.20396233,-161992341.92622867,0.0,0.0,0.0,0.0,169038.17211854458,289582.0694926083,0,nan,False,,,0.43547821044921875,14.043481572469075
Latency阶段,33,added_region_benders_cuts,135889,101,253906.67722259712,-459274946.5718018,-458788269.4820035,486677.08979827166,288036.83708003163,-0.0,-0.0,-0.0,-142783279.19999963,-154178745.9290021,-162312921.44280005,0.0,0.0,0.0,-142783279.19999963,-153980105.67628527,-162024884.60572,0.0,0.0,0.0,0.0,198640.2527168393,288036.83708003163,0,nan,False,,,0.4384956359863281,14.604127585887909
Latency阶段,34,added_region_benders_cuts,135889,104,253956.59752077083,-459274946.5718018,-459005504.5865388,269441.98526299,154951.34468245506,-0.0,-0.0,-0.0,-142783279.19999963,-154159624.97156212,-162332042.40024003,0.0,0.0,0.0,-142780863.76537862,-154047549.7656038,-162177091.05555758,0.0,0.0,0.0,2415.4346210062504,112075.20595830679,154951.34468245506,0,nan,False,,,0.4405937194824219,15.173405361175536
Latency阶段,35,added_region_benders_cuts,135889,107,253985.55581283604,-459274946.5718018,-459045066.37736475,229880.19443702698,138311.77905744314,-0.0,-0.0,-0.0,-142783279.19999963,-154161408.4610788,-162330258.91072336,0.0,0.0,0.0,-142782946.33659244,-154070172.9091076,-162191947.13166592,0.0,0.0,0.0,332.8634071946144,91235.55197119713,138311.77905744314,0,nan,False,,,0.4418144226074219,15.754471484820048
Latency阶段,36,added_region_benders_cuts,135889,109,253995.99886580036,-459274946.5718018,-459046651.64060736,228294.93119442463,125480.0500651896,-0.0,-0.0,-0.0,-142783279.19999963,-154161715.6823921,-162329951.68941006,0.0,0.0,0.0,-142783279.19999963,-154058900.80126408,-162204471.63934487,0.0,0.0,0.0,0.0,102814.88112801313,125480.0500651896,0,nan,False,,,0.443145751953125,16.345290283362072
Latency阶段,37,added_region_benders_cuts,135889,111,254007.72467921372,-459274946.5718018,-459075695.4345574,199251.13724440336,100704.32183390856,-0.0,-0.0,-0.0,-142783279.19999963,-154161715.6823921,-162329951.68941006,0.0,0.0,0.0,-142783279.19999963,-154061011.36055818,-162231404.87400073,0.0,0.0,0.0,0.0,100704.32183390856,98546.81540933251,0,nan,False,,,0.4432868957519531,16.953815444310507
Latency阶段,38,added_region_benders_cuts,135889,113,254012.24657099808,-459274946.5718018,-459105678.6824312,169267.88937056065,85621.78984341025,-0.0,-0.0,-0.0,-142783279.19999963,-154161715.6823921,-162329951.68941006,0.0,0.0,0.0,-142783279.19999963,-154078069.58286613,-162244329.89956665,0.0,0.0,0.0,0.0,83646.0995259583,85621.78984341025,0,nan,False,,,0.44354248046875,17.570113201936085
Latency阶段,39,added_region_benders_cuts,135889,115,254016.7020021152,-459274946.5718018,-459100142.96689296,174803.60490882397,89669.45135399699,-0.0,-0.0,-0.0,-142783279.19999963,-154161715.6823921,-162329951.68941006,0.0,0.0,0.0,-142783279.19999963,-154076581.5288385,-162240282.23805606,0.0,0.0,0.0,0.0,85134.15355360508,89669.45135399699,0,nan,False,,,0.443756103515625,18.202398105462393
Latency阶段,40,added_region_benders_cuts,135889,117,254018.2576608465,-459274946.5718018,-459112788.3573047,162158.2144970894,91055.11923313141,-0.0,-0.0,-0.0,-142783279.19999963,-154161715.6823921,-162329951.68941006,0.0,0.0,0.0,-142783279.19999963,-154090612.58712938,-162238896.57017693,0.0,0.0,0.0,0.0,71103.09526270628,91055.11923313141,0,nan,False,,,0.4450416564941406,18.83688391049703
Latency阶段,41,added_region_benders_cuts,135889,119,254021.93355805308,-459274946.5718018,-459136646.26052755,138300.31127423048,73843.58245748281,-0.0,-0.0,-0.0,-142783279.19999963,-154161715.6823921,-162329951.68941006,0.0,0.0,0.0,-142783279.19999963,-154097258.9535766,-162256108.10695258,0.0,0.0,0.0,0.0,64456.72881549597,73843.58245748281,0,nan,False,,,0.4451026916503906,19.48651623725891
Latency阶段,42,added_region_benders_cuts,135889,121,254022.86511024155,-459274946.5718018,-459142217.3275796,132729.24422216415,75091.97706618905,-0.0,-0.0,-0.0,-142783279.19999963,-154161715.6823921,-162329951.68941006,0.0,0.0,0.0,-142783279.19999963,-154104078.41523722,-162254859.71234387,0.0,0.0,0.0,0.0,57637.26715487242,75091.97706618905,0,nan,False,,,0.44512176513671875,20.148440357049306
Latency阶段,43,added_region_benders_cuts,135889,123,254026.090052206,-459274946.5718018,-459106583.4267722,168363.14502960443,91185.33381253481,-0.0,-0.0,-0.0,-142783279.19999963,-154161715.6823921,-162329951.68941006,0.0,0.0,0.0,-142783279.19999963,-154084537.87117618,-162238766.35559753,0.0,0.0,0.0,0.0,77177.81121590734,91185.33381253481,0,nan,False,,,0.4452934265136719,20.81385052204132
Latency阶段,44,added_region_benders_cuts,135889,125,254029.53229226926,-459274946.5718018,-459133370.03066134,141576.54114043713,86749.68677595258,-0.0,-0.0,-0.0,-142783279.19999963,-154161715.6823921,-162329951.68941006,0.0,0.0,0.0,-142783279.19999963,-154106888.82802877,-162243202.0026341,0.0,0.0,0.0,0.0,54826.85436332226,86749.68677595258,0,nan,False,,,0.4453468322753906,21.510401598612468
Latency阶段,45,added_region_benders_cuts,135889,127,254033.4981568877,-459274946.5718018,-459165251.73365766,109694.83814412355,64119.561710864305,-0.0,-0.0,-0.0,-142783279.19999963,-154161715.6823921,-162329951.68941006,0.0,0.0,0.0,-142783279.19999963,-154116140.40596005,-162265832.1276992,0.0,0.0,0.0,0.0,45575.27643203735,64119.561710864305,0,nan,False,,,0.44537353515625,22.207507407665254
Latency阶段,46,added_region_benders_cuts,135889,129,254034.87906545322,-459274946.5718018,-459169832.5952707,105113.97653108835,62143.13247966766,-0.0,-0.0,-0.0,-142783279.19999963,-154161715.6823921,-162329951.68941006,0.0,0.0,0.0,-142783279.19999963,-154118744.838342,-162267808.5569304,0.0,0.0,0.0,0.0,42970.844050079584,62143.13247966766,0,nan,False,,,0.4454612731933594,22.90407338539759
Latency阶段,47,added_region_benders_cuts,135889,131,254036.59751032418,-459274946.5718018,-459176131.5539625,98815.01783925295,50151.80999696255,-0.0,-0.0,-0.0,-142783279.19999963,-154161715.6823921,-162329951.68941006,0.0,0.0,0.0,-142783279.19999963,-154113052.4745513,-162279799.8794131,0.0,0.0,0.0,0.0,48663.207840800285,50151.80999696255,0,nan,False,,,0.4454917907714844,23.608040050665537
Latency阶段,48,added_region_benders_cuts,135889,133,254037.25419641307,-459274946.5718018,-459176006.74316996,98939.8286318183,58398.4189722836,-0.0,-0.0,-0.0,-142783279.19999963,-154161715.6823921,-162329951.68941006,0.0,0.0,0.0,-142783279.19999963,-154121174.2727338,-162271553.27043778,0.0,0.0,0.0,0.0,40541.409658282995,58398.4189722836,0,nan,False,,,0.44561004638671875,24.33304507335027
Latency阶段,49,added_region_benders_cuts,135889,135,254037.9332462768,-459274946.5718018,-459165511.919541,109434.65226078033,73850.85510960221,-0.0,-0.0,-0.0,-142783279.19999963,-154161715.6823921,-162329951.68941006,0.0,0.0,0.0,-142783279.19999963,-154126131.88524216,-162256100.83430046,0.0,0.0,0.0,0.0,35583.797149926424,73850.85510960221,0,nan,False,,,0.44542694091796875,25.076639060179392
Latency阶段,50,added_region_benders_cuts,135889,137,254038.5747684186,-459274946.5718018,-459201001.89482385,73944.67697793245,41696.75674313307,-0.0,-0.0,-0.0,-142783279.19999963,-154161715.6823921,-162329951.68941006,0.0,0.0,0.0,-142783279.19999963,-154129467.76215842,-162288254.93266693,0.0,0.0,0.0,0.0,32247.920233666897,41696.75674313307,0,nan,False,,,0.4457283020019531,25.816962452729545
Latency阶段,51,added_region_benders_cuts,135889,139,254039.1037658862,-459274946.5718018,-459205253.6348847,69692.93691706657,44778.596204817295,-0.0,-0.0,-0.0,-142783279.19999963,-154161715.6823921,-162329951.68941006,0.0,0.0,0.0,-142783279.19999963,-154136801.34168112,-162285173.09320524,0.0,0.0,0.0,0.0,24914.34071096778,44778.596204817295,0,nan,False,,,0.4457817077636719,26.572176067034402
Latency阶段,52,added_region_benders_cuts,135889,141,254039.412021257,-459274946.5718018,-459218529.515592,56417.05620980263,28897.12592175603,-0.0,-0.0,-0.0,-142783279.19999963,-154161715.6823921,-162329951.68941006,0.0,0.0,0.0,-142783279.19999963,-154132818.55647033,-162302431.75912333,0.0,0.0,0.0,0.0,28897.12592175603,27519.930286735296,0,nan,False,,,0.4383659362792969,27.346667249997456
Latency阶段,53,added_region_benders_cuts,135889,143,254039.79129531444,-459274946.5718018,-459201668.04888016,73278.5229216218,38031.37620681524,-0.0,-0.0,-0.0,-142783279.19999963,-154161715.6823921,-162329951.68941006,0.0,0.0,0.0,-142783279.19999963,-154123684.30618528,-162294704.54269648,0.0,0.0,0.0,0.0,38031.37620681524,35247.14671358466,0,nan,False,,,0.44189453125,28.113314255078635
Latency阶段,54,added_region_benders_cuts,135889,145,254040.0829226828,-459274946.5718018,-459214897.81508464,60048.75671714544,32802.365062236786,-0.0,-0.0,-0.0,-142783279.19999963,-154161715.6823921,-162329951.68941006,0.0,0.0,0.0,-142783279.19999963,-154134469.29073843,-162297149.32434782,0.0,0.0,0.0,0.0,27246.39165365696,32802.365062236786,0,nan,False,,,0.443634033203125,28.89714025259018
Latency阶段,55,added_region_benders_cuts,135889,147,254040.42115142557,-459274946.5718018,-459194240.1130767,80706.4587250948,42909.09191650152,-0.0,-0.0,-0.0,-142783279.19999963,-154161715.6823921,-162329951.68941006,0.0,0.0,0.0,-142783279.19999963,-154123918.31558472,-162287042.59749356,0.0,0.0,0.0,0.0,37797.36680737138,42909.09191650152,0,nan,False,,,0.4447212219238281,29.695316723982494
Latency阶段,56,added_region_benders_cuts,135889,149,254041.42617556086,-459274946.5718018,-459201269.8368146,73676.7349871993,49675.83223032951,-0.0,-0.0,-0.0,-142783279.19999963,-154161715.6823921,-162329951.68941006,0.0,0.0,0.0,-142783279.19999963,-154137714.7796365,-162280275.85717973,0.0,0.0,0.0,0.0,24000.902755588293,49675.83223032951,0,nan,False,,,0.4451904296875,30.495216282208762
Latency阶段,57,added_region_benders_cuts,135889,151,254042.78169586117,-459274946.5718018,-459213948.00622946,60998.565572321415,35121.63481372595,-0.0,-0.0,-0.0,-142783279.19999963,-154161715.6823921,-162329951.68941006,0.0,0.0,0.0,-142783279.19999963,-154126594.04757836,-162304074.75865257,0.0,0.0,0.0,0.0,35121.63481372595,25876.93075749278,0,nan,False,,,0.445465087890625,31.30595551331838
Latency阶段,58,added_region_benders_cuts,135889,153,254043.171538145,-459274946.5718018,-459224880.45127046,50066.12053132057,30998.50030618906,-0.0,-0.0,-0.0,-142783279.19999963,-154161715.6823921,-162329951.68941006,0.0,0.0,0.0,-142783279.19999963,-154142648.0621683,-162298953.18910387,0.0,0.0,0.0,0.0,19067.620223790407,30998.50030618906,0,nan,False,,,0.4455413818359375,32.12339299917221
Latency阶段,59,added_region_benders_cuts,135889,155,254043.6827026705,-459274946.5718018,-459208245.4420207,66701.12978106737,35763.5391523242,-0.0,-0.0,-0.0,-142783279.19999963,-154161715.6823921,-162329951.68941006,0.0,0.0,0.0,-142783279.19999963,-154130778.09176445,-162294188.15025774,0.0,0.0,0.0,0.0,30937.590627640486,35763.5391523242,0,nan,False,,,0.4456977844238281,32.95176971753438
Latency阶段,60,added_region_benders_cuts,135889,157,254044.81457966275,-459274946.5718018,-459224536.5786575,50409.99314427376,27717.49633142352,-0.0,-0.0,-0.0,-142783279.19999963,-154161715.6823921,-162329951.68941006,0.0,0.0,0.0,-142783279.19999963,-154139023.1855804,-162302234.19307864,0.0,0.0,0.0,0.0,22692.496811687946,27717.49633142352,0,nan,False,,,0.4467926025390625,33.7984894990921
Latency阶段,61,added_region_benders_cuts,135889,159,254045.55719445515,-459274946.5718018,-459233984.03457963,40962.53722214699,26851.844520807266,-0.0,-0.0,-0.0,-142783279.19999963,-154161715.6823921,-162329951.68941006,0.0,0.0,0.0,-142783279.19999963,-154134863.83787128,-162315840.9967098,0.0,0.0,0.0,0.0,26851.844520807266,14110.692700266838,0,nan,False,,,0.2587852478027344,0.8983627994855244
Latency阶段,62,added_region_benders_cuts,135889,161,254046.05366984222,-459274946.5718018,-459221025.9867891,53920.58501267433,36936.10411542654,-0.0,-0.0,-0.0,-142783279.19999963,-154161715.6823921,-162329951.68941006,0.0,0.0,0.0,-142783279.19999963,-154124779.57827666,-162312967.20851392,0.0,0.0,0.0,0.0,36936.10411542654,16984.480896145105,0,nan,False,,,0.26528167724609375,1.7402846773465475
Latency阶段,63,added_region_benders_cuts,135889,163,254046.2915279181,-459274946.5718018,-459245467.17237324,29479.39942854643,16113.573593765497,-0.0,-0.0,-0.0,-142783279.19999963,-154161715.6823921,-162329951.68941006,0.0,0.0,0.0,-142783279.19999963,-154145602.10879833,-162316585.86357638,0.0,0.0,0.0,0.0,16113.573593765497,13365.825833678246,0,nan,False,,,0.2630958557128906,2.6038904468218487
Latency阶段,64,added_region_benders_cuts,135889,165,254046.48208511854,-459274946.5718018,-459236311.56603277,38635.00576901436,27224.47231885791,-0.0,-0.0,-0.0,-142783279.19999963,-154167238.54168785,-162324428.8301143,0.0,0.0,0.0,-142783279.19999963,-154140014.069369,-162313018.29666537,0.0,0.0,0.0,0.0,27224.47231885791,11410.533448934555,0,nan,False,,,0.2707633972167969,3.679303475220998
Latency阶段,65,added_region_benders_cuts,135889,167,254047.30134262942,-459274946.5718018,-459228478.15435463,46468.41744714975,26049.816999942064,-0.0,-0.0,-0.0,-142783279.19999963,-154163050.84982654,-162328616.5219756,0.0,0.0,0.0,-142783279.19999963,-154142632.24938068,-162302566.70497566,0.0,0.0,0.0,0.0,20418.600445866585,26049.816999942064,0,nan,False,,,0.2741851806640625,4.81133713722229
Latency阶段,66,added_region_benders_cuts,135889,169,254047.81759466516,-459274946.5718018,-459242625.8197553,32320.752046465874,18381.110523164272,-0.0,-0.0,-0.0,-142783279.19999963,-154170581.89908612,-162321085.47271603,0.0,0.0,0.0,-142783279.19999963,-154156642.25756398,-162302704.36219287,0.0,0.0,0.0,0.0,13939.64152213931,18381.110523164272,0,nan,False,,,0.2762489318847656,5.962023210525513
Latency阶段,67,added_region_benders_cuts,135889,171,254048.1037526208,-459274946.5718018,-459244686.102719,30260.46908277273,21669.835985392332,-0.0,-0.0,-0.0,-142783279.19999963,-154169920.80197763,-162321746.56982452,0.0,0.0,0.0,-142783279.19999963,-154161330.16888142,-162300076.73383912,0.0,0.0,0.0,0.0,8590.63309621811,21669.835985392332,0,nan,False,,,0.2781333923339844,7.105629575252533
Latency阶段,68,added_region_benders_cuts,135889,173,254048.53882071865,-459274946.5718018,-459243151.4029052,31795.1688965559,17320.2261249125,-0.0,-0.0,-0.0,-142783279.19999963,-154161715.6823921,-162329951.68941006,0.0,0.0,0.0,-142783279.19999963,-154144395.45626718,-162315476.74663958,0.0,0.0,0.0,0.0,17320.2261249125,14474.94277048111,0,nan,False,,,0.2794532775878906,8.269028639793396
Latency阶段,69,added_region_benders_cuts,135889,175,254048.96243131696,-459274946.5718018,-459242166.1703548,32780.40144699812,16742.908134043217,-0.0,-0.0,-0.0,-142783279.19999963,-154165140.0346481,-162326527.33715406,0.0,0.0,0.0,-142783279.19999963,-154149102.5413364,-162309784.42902002,0.0,0.0,0.0,0.0,16037.493311703205,16742.908134043217,0,nan,False,,,0.3237419128417969,9.459819904963176
Latency阶段,70,added_region_benders_cuts,135889,177,254049.0569893047,-459274946.5718018,-459245701.3274267,29245.244375109673,18412.600256085396,-0.0,-0.0,-0.0,-142783279.19999963,-154161715.6823921,-162329951.68941006,0.0,0.0,0.0,-142783279.19999963,-154150883.03827432,-162311539.08915398,0.0,0.0,0.0,0.0,10832.64411777258,18412.600256085396,0,nan,False,,,0.3289947509765625,10.657051583131155
Latency阶段,71,added_region_benders_cuts,135889,179,254049.22327195073,-459274946.5718018,-459252377.89060265,22568.681199133396,12399.841147363186,-0.0,-0.0,-0.0,-142783279.19999963,-154174320.4927849,-162317346.87901726,0.0,0.0,0.0,-142783279.19999963,-154161920.65163752,-162307178.03896675,0.0,0.0,0.0,0.0,12399.841147363186,10168.840050518513,0,nan,False,,,0.33791351318359375,11.719492415587107
Latency阶段,72,added_region_benders_cuts,135889,181,254049.58756687937,-459274946.5718018,-459250769.3586185,24177.213183283806,12601.171834677458,-0.0,-0.0,-0.0,-142783279.19999963,-154168482.50529978,-162323184.86650237,0.0,0.0,0.0,-142783279.19999963,-154155881.3334651,-162311608.82515514,0.0,0.0,0.0,0.0,12601.171834677458,11576.041347235441,0,nan,False,,,0.3382720947265625,12.663932092984517
Latency阶段,73,added_region_benders_cuts,135889,183,254049.92858919076,-459274946.5718018,-459258401.20291466,16545.368887126446,8273.858412027359,-0.0,-0.0,-0.0,-142783279.19999963,-154161715.6823921,-162329951.68941006,0.0,0.0,0.0,-142783279.19999963,-154153441.82398006,-162321680.1789362,0.0,0.0,0.0,0.0,8273.858412027359,8271.51047384739,0,nan,False,,,0.3404998779296875,13.62290319999059
Latency阶段,74,added_region_benders_cuts,135889,185,254050.0570636807,-459274946.5718018,-459258163.5497424,16783.022059381008,10413.309585779905,-0.0,-0.0,-0.0,-142783279.19999963,-154163298.38387632,-162328368.98792583,0.0,0.0,0.0,-142783279.19999963,-154152885.07429054,-162321999.27545342,0.0,0.0,0.0,0.0,10413.309585779905,6369.71247240901,0,nan,False,,,0.34317779541015625,14.598590866724651
Latency阶段,75,added_region_benders_cuts,135889,187,254050.19388052972,-459274946.5718018,-459260011.068555,14935.50324678421,10013.393195092678,-0.0,-0.0,-0.0,-142783279.19999963,-154161715.6823921,-162329951.68941006,0.0,0.0,0.0,-142783279.19999963,-154151702.289197,-162325029.57935938,0.0,0.0,0.0,0.0,10013.393195092678,4922.110050678253,0,nan,False,,,0.3437767028808594,15.574384065469106
Latency阶段,76,added_region_benders_cuts,135889,189,254050.28000212106,-459274946.5718018,-459257486.6987083,17459.873093485832,9699.904165178537,-0.0,-0.0,-0.0,-142783279.19999963,-154161715.6823921,-162329951.68941006,0.0,0.0,0.0,-142783279.19999963,-154153955.7134651,-162320251.78524488,0.0,0.0,0.0,0.0,7759.968926995993,9699.904165178537,0,nan,False,,,0.3463592529296875,16.561955134073894
Latency阶段,77,added_region_benders_cuts,135889,191,254050.36270647027,-459274946.5718018,-459265785.37125075,9161.20055103302,5151.103292226791,-0.0,-0.0,-0.0,-142783279.19999963,-154163157.2459176,-162328510.12588456,0.0,0.0,0.0,-142783279.19999963,-154159147.14866003,-162323359.02259234,0.0,0.0,0.0,0.0,4010.097257554531,5151.103292226791,0,nan,False,,,0.3477783203125,17.557559474309286
Latency阶段,78,added_region_benders_cuts,135889,193,254050.41511331408,-459274946.5718018,-459266862.22321606,8084.348585724831,4805.311814785004,-0.0,-0.0,-0.0,-142783279.19999963,-154162955.83003756,-162328711.5417646,0.0,0.0,0.0,-142783279.19999963,-154158150.51822278,-162325432.50499457,0.0,0.0,0.0,0.0,4805.311814785004,3279.036770015955,0,nan,False,,,0.35100555419921875,18.570251897970834
Latency阶段,79,added_region_benders_cuts,135889,195,254050.4830758537,-459274946.5718018,-459267727.94838065,7218.6234211325645,4647.662331789732,-0.0,-0.0,-0.0,-142783279.19999963,-154161715.6823921,-162329951.68941006,0.0,0.0,0.0,-142783279.19999963,-154159144.72130415,-162325304.02707827,0.0,0.0,0.0,0.0,2570.9610879421234,4647.662331789732,0,nan,False,,,0.303131103515625,19.5917329231898
Latency阶段,80,added_region_benders_cuts,135889,197,254050.5417774033,-459274946.5718018,-459266979.27452034,7967.297281444073,4979.0063364207745,-0.0,-0.0,-0.0,-142783279.19999963,-154161715.6823921,-162329951.68941006,0.0,0.0,0.0,-142783279.19999963,-154158727.3914483,-162324972.68307364,0.0,0.0,0.0,0.0,2988.290943801403,4979.0063364207745,0,nan,False,,,0.3527870178222656,20.616499996185304
Latency阶段,81,added_region_benders_cuts,135889,199,254050.63970599553,-459274946.5718018,-459264158.68851984,10787.883281946182,5575.770400583744,-0.0,-0.0,-0.0,-142783279.19999963,-154164548.30628315,-162327119.065519,0.0,0.0,0.0,-142783279.19999963,-154158972.53588256,-162321906.95263872,0.0,0.0,0.0,0.0,5575.770400583744,5212.112880289555,0,nan,False,,,0.35918426513671875,21.65053746700287
Latency阶段,82,added_region_benders_cuts,135889,201,254050.75591680701,-459274946.5718018,-459268917.6338367,6028.937965095043,3410.484941124916,-0.0,-0.0,-0.0,-142783279.19999963,-154162218.08451182,-162329449.28729033,0.0,0.0,0.0,-142783279.19999963,-154159599.63148907,-162326038.8023492,0.0,0.0,0.0,0.0,2618.453022748232,3410.484941124916,0,nan,False,,,0.36322784423828125,22.688470153013863
Latency阶段,83,added_region_benders_cuts,135889,203,254050.80277283318,-459274946.5718018,-459269606.23746467,5340.334337115288,3387.5161258280277,-0.0,-0.0,-0.0,-142783279.19999963,-154162461.50666147,-162329205.86514068,0.0,0.0,0.0,-142783279.19999963,-154160508.68845138,-162325818.34901485,0.0,0.0,0.0,0.0,1952.8182100951672,3387.5161258280277,0,nan,False,,,0.3593254089355469,23.791842766602834
Latency阶段,84,added_region_benders_cuts,135889,205,254050.82912801608,-459274946.5718018,-459269267.2786063,5679.293195486069,3518.9102816581726,-0.0,-0.0,-0.0,-142783279.19999963,-154162123.0932119,-162329544.27859026,0.0,0.0,0.0,-142783279.19999963,-154159962.71029934,-162326025.3683086,0.0,0.0,0.0,0.0,2160.3829125463963,3518.9102816581726,0,nan,False,,,0.36273956298828125,25.156901824474335
Latency阶段,85,added_region_benders_cuts,135889,207,254050.9365523796,-459274946.5718018,-459271776.5840264,3169.98777538538,1875.6635798811913,-0.0,-0.0,-0.0,-142783279.19999963,-154162340.08551908,-162329327.28628308,0.0,0.0,0.0,-142783279.19999963,-154160464.4219392,-162328032.96208888,0.0,0.0,0.0,0.0,1875.6635798811913,1294.3241941928864,0,nan,False,,,0.3586463928222656,26.5088116923968
Latency阶段,86,added_region_benders_cuts,135889,209,254051.00232636335,-459274946.5718018,-459269737.101318,5209.470483779907,2711.213105261326,-0.0,-0.0,-0.0,-142783279.19999963,-154162570.17738235,-162329097.1944198,0.0,0.0,0.0,-142783279.19999963,-154159858.9642771,-162326598.93704233,0.0,0.0,0.0,0.0,2711.213105261326,2498.2573774755,0,nan,False,,,0.3640937805175781,27.90618945757548
Latency阶段,87,added_region_benders_cuts,135889,211,254051.04955390535,-459274946.5718018,-459270571.8111243,4374.760677456856,2426.8626139461994,-0.0,-0.0,-0.0,-142783279.19999963,-154163522.80425787,-162328144.56754428,0.0,0.0,0.0,-142783279.19999963,-154161574.9061956,-162325717.70493034,0.0,0.0,0.0,0.0,1947.8980622589588,2426.8626139461994,0,nan,False,,,0.36408233642578125,29.297037212053933
Latency阶段,88,added_region_benders_cuts,135889,213,254051.15216606032,-459274946.5718018,-459270232.3123639,4714.259437859058,2618.9705504477024,-0.0,-0.0,-0.0,-142783279.19999963,-154161777.9927139,-162329889.37908825,0.0,0.0,0.0,-142783279.19999963,-154159159.02216345,-162327794.09020206,0.0,0.0,0.0,0.0,2618.9705504477024,2095.2888861894608,0,nan,False,,,0.3665962219238281,30.675496153036754
Latency阶段,89,added_region_benders_cuts,135889,215,254051.18497174254,-459274946.5718018,-459271163.6184969,3782.953304886818,2545.4875222742558,-0.0,-0.0,-0.0,-142783279.19999963,-154163077.06958616,-162328590.302216,0.0,0.0,0.0,-142783279.19999963,-154161839.60380498,-162326044.81469372,0.0,0.0,0.0,0.0,1237.4657811820507,2545.4875222742558,0,nan,False,,,0.3707923889160156,31.788776127497353
Latency阶段,90,added_region_benders_cuts,135889,217,254051.24360919266,-459274946.5718018,-459272057.75080174,2888.8210000395775,1636.4724223017693,-0.0,-0.0,-0.0,-142783279.19999963,-154162311.1442776,-162329356.22752455,0.0,0.0,0.0,-142783279.19999963,-154161058.7957011,-162327719.75510225,0.0,0.0,0.0,0.0,1252.348576515913,1636.4724223017693,0,nan,False,,,0.3694419860839844,32.91153993209203
Latency阶段,91,added_region_benders_cuts,135889,219,254051.26210376524,-459274946.5718018,-459273602.97732747,1343.5944743156433,787.0651559829712,-0.0,-0.0,-0.0,-142783279.19999963,-154162196.1215073,-162329471.25029486,0.0,0.0,0.0,-142783279.19999963,-154161409.0563513,-162328914.7209778,0.0,0.0,0.0,0.0,787.0651559829712,556.5293170511723,0,nan,False,,,0.36594390869140625,34.260977097352345
Latency阶段,92,added_region_benders_cuts,135889,221,254051.2686922226,-459274946.5718018,-459273538.2152227,1408.3565790653229,1253.4547680914402,-0.0,-0.0,-0.0,-142783279.19999963,-154161715.6823921,-162329951.68941006,0.0,0.0,0.0,-142783279.19999963,-154160462.227624,-162329796.7876005,0.0,0.0,0.0,0.0,1253.4547680914402,154.90180957317352,0,nan,False,,,0.3673439025878906,35.57174710830053
Latency阶段,93,added_region_benders_cuts,135889,223,254051.27378089054,-459274946.5718018,-459274495.7251057,450.8466960787773,375.1511781513691,-0.0,-0.0,-0.0,-142783279.19999963,-154161722.43171483,-162329944.94008732,0.0,0.0,0.0,-142783279.19999963,-154161347.28053668,-162329869.24457067,0.0,0.0,0.0,0.0,375.1511781513691,75.69551664590836,0,nan,False,,,0.36594390869140625,36.74024764299393
Latency阶段,94,added_region_benders_cuts,135889,225,254051.27662744487,-459274946.5718018,-459274107.1005921,839.471209704876,662.591216892004,-0.0,-0.0,-0.0,-142783279.19999963,-154161734.80432647,-162329932.56747568,0.0,0.0,0.0,-142783279.19999963,-154161072.21310958,-162329755.68748417,0.0,0.0,0.0,0.0,662.591216892004,176.87999150156975,0,nan,False,,,0.3688621520996094,37.90968441168467
Latency阶段,95,added_region_benders_cuts,135889,227,254051.28026105106,-459274946.5718018,-459274175.98999184,770.581809937954,561.338113129139,-0.0,-0.0,-0.0,-142783279.19999963,-154162000.91304013,-162329666.45876202,0.0,0.0,0.0,-142783279.19999963,-154161439.574927,-162329457.2150664,0.0,0.0,0.0,0.0,561.338113129139,209.2436956167221,0,nan,False,,,0.3533973693847656,39.093149538834886
Latency阶段,96,added_region_benders_cuts,135889,229,254051.28930907062,-459274946.5718018,-459273854.09255975,1092.4792420268059,1047.8802118599415,-0.0,-0.0,-0.0,-142783279.19999963,-154161715.6823921,-162329951.68941006,0.0,0.0,0.0,-142783279.19999963,-154160667.80218023,-162329907.09038132,0.0,0.0,0.0,0.0,1047.8802118599415,44.59902873635292,0,nan,False,,,0.29407501220703125,40.426200199127194
Latency阶段,97,added_region_benders_cuts,135889,231,254051.30843985296,-459274946.5718018,-459274064.2225507,882.3492510914803,827.4530699253082,-0.0,-0.0,-0.0,-142783279.19999963,-154161728.4722646,-162329938.89953756,0.0,0.0,0.0,-142783279.19999963,-154160901.01919466,-162329884.00335783,0.0,0.0,0.0,0.0,827.4530699253082,54.89617973566055,0,nan,False,,,0.3561515808105469,41.99832446575165
Latency阶段,98,added_region_benders_cuts,135889,233,254051.318187216,-459274946.5718018,-459274221.3004031,725.2713986635208,693.966652661562,-0.0,-0.0,-0.0,-142783279.19999963,-154161715.6823921,-162329951.68941006,0.0,0.0,0.0,-142783279.19999963,-154161021.71573943,-162329920.3846654,0.0,0.0,0.0,0.0,693.966652661562,31.30474466085434,0,nan,False,,,0.3580169677734375,43.548682725429536
Latency阶段,99,added_region_benders_cuts,135889,235,254051.3260505617,-459274946.5718018,-459274379.496056,567.0757457613945,530.3205352425575,-0.0,-0.0,-0.0,-142783279.19999963,-154161724.76463437,-162329942.60716778,0.0,0.0,0.0,-142783279.19999963,-154161194.44409913,-162329905.85195863,0.0,0.0,0.0,0.0,530.3205352425575,36.755209147930145,0,nan,False,,,0.35494232177734375,45.15894068876902
Latency阶段,100,added_region_benders_cuts,135889,237,254051.3286566785,-459274946.5718018,-459274675.2584242,271.313377559185,264.3383457958698,-0.0,-0.0,-0.0,-142783279.19999963,-154161715.6823921,-162329951.68941006,0.0,0.0,0.0,-142783279.19999963,-154161451.3440463,-162329944.71437946,0.0,0.0,0.0,0.0,264.3383457958698,6.975030601024628,0,nan,False,,,0.35935211181640625,46.821149082978565
Latency阶段,101,added_region_benders_cuts,135889,239,254051.33492291562,-459274946.5718018,-459274482.5695418,464.0022599697113,449.93805891275406,-0.0,-0.0,-0.0,-142783279.19999963,-154161717.92322257,-162329949.44857958,0.0,0.0,0.0,-142783279.19999963,-154161267.98516366,-162329935.3843799,0.0,0.0,0.0,0.0,449.93805891275406,14.064199686050415,0,nan,False,,,0.35943603515625,48.45821790297826
Latency阶段,102,added_region_benders_cuts,135889,241,254051.33890638305,-459274946.5718018,-459274924.60985005,21.961951732635498,11.71359333395958,-0.0,-0.0,-0.0,-142783279.19999963,-154161721.7442008,-162329945.62760136,0.0,0.0,0.0,-142783279.19999963,-154161711.49584377,-162329933.91400802,0.0,0.0,0.0,0.0,10.248357027769089,11.71359333395958,0,nan,False,,,0.3587684631347656,50.15048480828603
Latency阶段,103,added_region_benders_cuts,135889,243,254051.33903704456,-459274946.5718018,-459274928.6123395,17.95946228504181,10.75073555111885,-0.0,-0.0,-0.0,-142783279.19999963,-154161715.6823921,-162329951.68941006,0.0,0.0,0.0,-142783279.19999963,-154161708.47366667,-162329940.9386745,0.0,0.0,0.0,0.0,7.208725422620773,10.75073555111885,0,nan,False,,,0.36077117919921875,52.02314944267273
Latency阶段,104,added_region_benders_cuts,135889,245,254051.33908338883,-459274946.5718018,-459274937.39616185,9.175639927387238,8.208233177661896,-0.0,-0.0,-0.0,-142783279.19999963,-154161715.9916869,-162329951.38011524,0.0,0.0,0.0,-142783279.19999963,-154161707.78345373,-162329950.4127099,0.0,0.0,0.0,0.0,8.208233177661896,0.9674053490161896,0,nan,False,,,0.3586883544921875,53.76387120485306
Latency阶段,105,added_region_benders_cuts,135889,247,254051.3391359307,-459274946.5718018,-459274936.10393834,10.46786344051361,8.960044652223587,-0.0,-0.0,-0.0,-142783279.19999963,-154161716.53684083,-162329950.83496132,0.0,0.0,0.0,-142783279.19999963,-154161707.57679617,-162329949.32714382,0.0,0.0,0.0,0.0,8.960044652223587,1.5078175067901611,0,nan,False,,,0.34867095947265625,55.55438214143117
Latency阶段,106,added_region_benders_cuts,135889,249,254051.3393521552,-459274946.5718018,-459274919.0871972,27.484604597091675,26.022037148475647,-0.0,-0.0,-0.0,-142783279.19999963,-154161715.83602569,-162329951.53577647,0.0,0.0,0.0,-142783279.19999963,-154161689.81398854,-162329950.07321018,0.0,0.0,0.0,0.0,26.022037148475647,1.4625662863254547,0,nan,False,,,0.35167694091796875,57.29331042369207
Latency阶段,107,added_region_benders_cuts,135889,250,254051.33939949263,-459274946.5718018,-459274930.9557708,15.616030991077423,15.616030484437943,-0.0,-0.0,-0.0,-142783279.19999963,-154161715.68239287,-162329951.6894093,0.0,0.0,0.0,-142783279.19999963,-154161700.06636238,-162329951.6894101,0.0,0.0,0.0,0.0,15.616030484437943,-8.046627044677734e-07,0,nan,False,,,0.3488044738769531,59.01989522775014
Latency阶段,108,added_region_benders_cuts,135889,251,254051.3395246989,-459274946.5718018,-459274941.73917484,4.832626938819885,4.832625895738602,-0.0,-0.0,-0.0,-142783279.19999963,-154161715.68239242,-162329951.68940973,0.0,0.0,0.0,-142783279.19999963,-154161710.84976652,-162329951.68941006,0.0,0.0,0.0,0.0,4.832625895738602,-3.2782554626464844e-07,0,nan,False,,,0.3485450744628906,60.80119187831879
Latency阶段,109,added_region_benders_cuts,135889,252,254051.33985104176,-459274946.5718018,-459274930.0627857,16.50901609659195,16.509015798568726,-0.0,-0.0,-0.0,-142783279.19999963,-154161715.6823931,-162329951.68940905,0.0,0.0,0.0,-142783279.19999963,-154161699.1733773,-162329951.68940997,0.0,0.0,0.0,0.0,16.509015798568726,-9.238719940185547e-07,0,nan,False,,,0.34937286376953125,62.560307228565215
Latency阶段,110,added_region_benders_cuts,135889,253,254051.34020073328,-459274946.5718018,-459274945.5490747,1.0227270722389221,1.0227270722389221,-0.0,-0.0,-0.0,-142783279.19999963,-154161715.68239358,-162329951.68940857,0.0,0.0,0.0,-142783279.19999963,-154161714.6596665,-162329951.68940985,0.0,0.0,0.0,0.0,1.0227270722389221,-1.2814998626708984e-06,0,nan,False,,,0.3537483215332031,64.27158226172129
Latency阶段,111,added_columns,137025,253,254051.34020160668,-459274946.5718018,-459274946.5718012,5.960464477539062e-07,5.960464477539063e-08,-0.0,-0.0,-0.0,-142783279.19999963,-154161715.68239287,-162329951.6894093,0.0,0.0,0.0,-142783279.19999963,-154161715.6823928,-162329951.68940997,0.0,0.0,0.0,0.0,5.960464477539063e-08,-6.854534149169922e-07,1136,-60.0,False,,,0.2934112548828125,66.20718773206075
Latency阶段,112,added_region_benders_cuts,137025,255,250070.9079385987,-459310106.1238406,-459223474.1760167,86631.9478238821,51968.59896939993,-0.0,-0.0,-0.0,-142783279.19999963,-154209743.37608087,-162317083.54776004,0.0,0.0,0.0,-142783279.19999963,-154175080.02722767,-162265114.94879064,0.0,0.0,0.0,0.0,34663.348853200674,51968.59896939993,0,nan,False,,,0.3541297912597656,67.97185937166213
Latency阶段,113,added_region_benders_cuts,137025,257,250079.5877354387,-459274946.5718018,-459230503.7030278,44442.86877399683,29768.23219075799,-0.0,-0.0,-0.0,-142783279.19999963,-154193797.57859883,-162297869.79320332,0.0,0.0,0.0,-142783279.19999963,-154179122.9420168,-162268101.56101257,0.0,0.0,0.0,0.0,14674.636582016945,29768.23219075799,0,nan,False,,,0.29912567138671875,69.7266371925672
Latency阶段,114,added_region_benders_cuts,137025,259,250085.63505277754,-459274946.5718018,-459263342.65790945,11603.91389232874,8264.100828647614,-0.0,-0.0,-0.0,-142783279.19999963,-154197349.32353228,-162294318.04826987,0.0,0.0,0.0,-142783279.19999963,-154189085.22270364,-162290978.23520744,0.0,0.0,0.0,0.0,8264.100828647614,3339.813062429428,0,nan,False,,,0.3580169677734375,71.3653178135554
Latency阶段,115,added_region_benders_cuts,137025,260,250085.70959966618,-459274946.5718018,-459269075.21620905,5871.355592727661,5871.355591356754,-0.0,-0.0,-0.0,-142783279.19999963,-154189085.22270367,-162302582.1490985,0.0,0.0,0.0,-142783279.19999963,-154189085.22270364,-162296710.79350713,0.0,0.0,0.0,0.0,2.9802322387695312e-08,5871.355591356754,0,nan,False,,,0.35820770263671875,72.95215617418289
Latency阶段,116,added_region_benders_cuts,137025,262,250085.74079933358,-459274946.5718018,-459265823.9090128,9122.66278898716,7161.266251653433,-0.0,-0.0,-0.0,-142783279.19999963,-154192252.23153284,-162299415.1402693,0.0,0.0,0.0,-142783279.19999963,-154190290.83499673,-162292253.87401766,0.0,0.0,0.0,0.0,1961.3965361118317,7161.266251653433,0,nan,False,,,0.35834503173828125,74.61852262417476
Latency阶段,117,added_region_benders_cuts,137025,263,250085.8016242873,-459274946.5718018,-459271695.1618723,3251.4099294543266,3251.409928202629,-0.0,-0.0,-0.0,-142783279.19999963,-154190290.83499673,-162301376.53680542,0.0,0.0,0.0,-142783279.19999963,-154190290.83499673,-162298125.12687722,0.0,0.0,0.0,0.0,0.0,3251.409928202629,0,nan,False,,,0.35675048828125,76.32827474673589
Latency阶段,118,added_region_benders_cuts,137025,264,250085.87858614582,-459274946.5718018,-459274003.78564066,942.7861611247063,942.7861597239971,-0.0,-0.0,-0.0,-142783279.19999963,-154190381.3674275,-162301286.00437465,0.0,0.0,0.0,-142783279.19999963,-154190381.36742747,-162300343.21821493,0.0,0.0,0.0,0.0,2.9802322387695312e-08,942.7861597239971,0,nan,False,,,0.35765838623046875,78.03348539272945
Latency阶段,119,added_region_benders_cuts,137025,265,250085.898213503,-459274946.5718018,-459273707.6595892,1238.9122126102448,1238.912211239338,-0.0,-0.0,-0.0,-142783279.19999963,-154190420.6542252,-162301246.71757695,0.0,0.0,0.0,-142783279.19999963,-154190420.65422517,-162300007.8053657,0.0,0.0,0.0,0.0,2.9802322387695312e-08,1238.912211239338,0,nan,False,,,0.35878753662109375,79.74322450558344
Latency阶段,120,added_region_benders_cuts,137025,266,250085.9036935608,-459274946.5718018,-459273707.65958935,1238.9122124314308,1238.912211060524,-0.0,-0.0,-0.0,-142783279.19999963,-154190431.62329853,-162301235.74850363,0.0,0.0,0.0,-142783279.19999963,-154190431.6232985,-162299996.83629256,0.0,0.0,0.0,0.0,2.9802322387695312e-08,1238.912211060524,0,nan,False,,,0.35948944091796875,81.3952337940534
Latency阶段,121,added_region_benders_cuts,137025,267,250085.91212249701,-459274946.5718018,-459274314.02667004,632.5451317429543,632.5451303422451,-0.0,-0.0,-0.0,-142783279.19999963,-154190448.49494898,-162301218.87685317,0.0,0.0,0.0,-142783279.19999963,-154190448.49494895,-162300586.33172283,0.0,0.0,0.0,0.0,2.9802322387695312e-08,632.5451303422451,0,nan,False,,,0.2719917297363281,1.8193892280260722
Latency阶段,122,added_region_benders_cuts,137025,268,250085.91389358186,-459274946.5718018,-459274327.1156947,619.4561070799828,619.4561057984829,-0.0,-0.0,-0.0,-142783279.19999963,-154191081.04007894,-162300586.3317232,0.0,0.0,0.0,-142783279.19999963,-154191081.0400789,-162299966.8756174,0.0,0.0,0.0,0.0,2.9802322387695312e-08,619.4561057984829,0,nan,False,,,0.2752037048339844,3.553113528092702
Latency阶段,123,added_region_benders_cuts,137025,269,250086.00146988023,-459274946.5718018,-459274928.74273103,17.82907074689865,17.829069435596466,-0.0,-0.0,-0.0,-142783279.19999963,-154190078.27365032,-162301589.09815183,0.0,0.0,0.0,-142783279.19999963,-154190078.2736503,-162301571.2690824,0.0,0.0,0.0,0.0,2.9802322387695312e-08,17.829069435596466,0,nan,False,,,0.280426025390625,5.261405309041341
Latency阶段,124,added_region_benders_cuts,137025,270,250086.00159118025,-459274946.5718018,-459274928.74273086,17.829070925712585,17.8290696144104,-0.0,-0.0,-0.0,-142783279.19999963,-154190078.51644868,-162301588.85535347,0.0,0.0,0.0,-142783279.19999963,-154190078.51644865,-162301571.02628386,0.0,0.0,0.0,0.0,2.9802322387695312e-08,17.8290696144104,0,nan,False,,,0.2828865051269531,6.9918368577957155
Latency阶段,125,added_region_benders_cuts,137025,271,250086.00167004322,-459274946.5718018,-459274928.74273103,17.82907074689865,17.829069405794144,-0.0,-0.0,-0.0,-142783279.19999963,-154190078.67430356,-162301588.6974986,0.0,0.0,0.0,-142783279.19999963,-154190078.67430353,-162301570.86842918,0.0,0.0,0.0,0.0,2.9802322387695312e-08,17.829069405794144,0,nan,False,,,0.2899971008300781,8.79257989724477
Latency阶段,126,added_region_benders_cuts,137025,272,250086.00179134327,-459274946.5718018,-459274928.7427308,17.82907098531723,17.829069584608078,-0.0,-0.0,-0.0,-142783279.19999963,-154190078.91710195,-162301588.4547002,0.0,0.0,0.0,-142783279.19999963,-154190078.91710192,-162301570.62563062,0.0,0.0,0.0,0.0,2.9802322387695312e-08,17.829069584608078,0,nan,False,,,0.29161834716796875,10.551165576775869
Latency阶段,127,added_region_benders_cuts,137025,273,250086.00204121703,-459274946.5718018,-459274928.7427309,17.82907086610794,17.82906949520111,-0.0,-0.0,-0.0,-142783279.19999963,-154190079.41725793,-162301587.95454422,0.0,0.0,0.0,-142783279.19999963,-154190079.4172579,-162301570.12547472,0.0,0.0,0.0,0.0,2.9802322387695312e-08,17.82906949520111,0,nan,False,,,0.2916755676269531,12.385558247566223
Latency阶段,128,added_region_benders_cuts,137025,274,250086.00216251702,-459274946.5718018,-459274928.74273074,17.829071044921875,17.829069644212723,-0.0,-0.0,-0.0,-142783279.19999963,-154190079.66005623,-162301587.71174592,0.0,0.0,0.0,-142783279.19999963,-154190079.6600562,-162301569.88267627,0.0,0.0,0.0,0.0,2.9802322387695312e-08,17.829069644212723,0,nan,False,,,0.3339653015136719,14.28069228331248
Latency阶段,129,added_region_benders_cuts,137025,275,250086.00224138005,-459274946.5718018,-459274928.742731,17.829070806503296,17.82906946539879,-0.0,-0.0,-0.0,-142783279.19999963,-154190079.81791112,-162301587.55389103,0.0,0.0,0.0,-142783279.19999963,-154190079.8179111,-162301569.72482157,0.0,0.0,0.0,0.0,2.9802322387695312e-08,17.82906946539879,0,nan,False,,,0.3393058776855469,16.056089719136555
Latency阶段,130,added_region_benders_cuts,137025,276,250086.00227824514,-459274946.5718018,-459274928.74273103,17.82907074689865,17.82906946539879,-0.0,-0.0,-0.0,-142783279.19999963,-154190079.89170155,-162301587.4801006,0.0,0.0,0.0,-142783279.19999963,-154190079.89170152,-162301569.65103114,0.0,0.0,0.0,0.0,2.9802322387695312e-08,17.82906946539879,0,nan,False,,,0.3358917236328125,17.893643967310588
Latency阶段,131,added_region_benders_cuts,137025,277,250086.00230639015,-459274946.5718018,-459274928.7427308,17.82907098531723,17.829069674015045,-0.0,-0.0,-0.0,-142783279.19999963,-154190079.94803753,-162301587.42376462,0.0,0.0,0.0,-142783279.19999963,-154190079.9480375,-162301569.59469494,0.0,0.0,0.0,0.0,2.9802322387695312e-08,17.829069674015045,0,nan,False,,,0.3467445373535156,19.724215920766195
Latency阶段,132,added_region_benders_cuts,137025,278,250086.00651018354,-459274946.5718018,-459274925.53990424,21.03189754486084,21.031896233558655,-0.0,-0.0,-0.0,-142783279.19999963,-154190069.72063047,-162301597.65117168,0.0,0.0,0.0,-142783279.19999963,-154190069.72063044,-162301576.61927545,0.0,0.0,0.0,0.0,2.9802322387695312e-08,21.031896233558655,0,nan,False,,,0.3478965759277344,21.501753524939218
Latency阶段,133,added_region_benders_cuts,137025,279,250086.00655998496,-459274946.5718018,-459274915.023956,31.547845780849457,31.54784443974495,-0.0,-0.0,-0.0,-142783279.19999963,-154190069.8203148,-162301597.55148736,0.0,0.0,0.0,-142783279.19999963,-154190069.82031476,-162301566.00364292,0.0,0.0,0.0,0.0,2.9802322387695312e-08,31.54784443974495,0,nan,False,,,0.3433113098144531,23.232231458028156
Latency阶段,134,added_region_benders_cuts,137025,280,250086.00675483068,-459274946.5718018,-459274928.7427311,17.829070687294006,17.829069405794144,-0.0,-0.0,-0.0,-142783279.19999963,-154190088.85219014,-162301578.519612,0.0,0.0,0.0,-142783279.19999963,-154190088.8521901,-162301560.6905426,0.0,0.0,0.0,0.0,2.9802322387695312e-08,17.829069405794144,0,nan,False,,,0.3459587097167969,24.932994612058003
Latency阶段,135,added_region_benders_cuts,137025,281,250086.00687613068,-459274946.5718018,-459274928.7427309,17.82907086610794,17.829069525003433,-0.0,-0.0,-0.0,-142783279.19999963,-154190089.09498844,-162301578.27681372,0.0,0.0,0.0,-142783279.19999963,-154190089.0949884,-162301560.4477442,0.0,0.0,0.0,0.0,2.9802322387695312e-08,17.829069525003433,0,nan,False,,,0.34925079345703125,26.746955625216167
Latency阶段,136,added_region_benders_cuts,137025,282,250086.0069549937,-459274946.5718018,-459274928.74273115,17.82907062768936,17.82906937599182,-0.0,-0.0,-0.0,-142783279.19999963,-154190089.25284335,-162301578.1189588,0.0,0.0,0.0,-142783279.19999963,-154190089.25284332,-162301560.28988943,0.0,0.0,0.0,0.0,2.9802322387695312e-08,17.82906937599182,0,nan,False,,,0.3557090759277344,28.56654787460963
Latency阶段,137,added_region_benders_cuts,137025,283,250086.0070080895,-459274946.5718018,-459274915.62619096,30.9456108212471,30.945609480142593,-0.0,-0.0,-0.0,-142783279.19999963,-154190103.07362187,-162301564.29818028,0.0,0.0,0.0,-142783279.19999963,-154190103.07362184,-162301533.3525708,0.0,0.0,0.0,0.0,2.9802322387695312e-08,30.945609480142593,0,nan,False,,,0.3509788513183594,30.39078160524368
Latency阶段,138,added_region_benders_cuts,137025,284,250086.00716900246,-459274946.5718018,-459274904.508008,42.063793778419495,42.063792407512665,-0.0,-0.0,-0.0,-142783279.19999963,-154190071.03934526,-162301596.3324569,0.0,0.0,0.0,-142783279.19999963,-154190071.03934523,-162301554.26866448,0.0,0.0,0.0,0.0,2.9802322387695312e-08,42.063792407512665,0,nan,False,,,0.35524749755859375,32.22140206495921
Latency阶段,139,added_region_benders_cuts,137025,285,250086.00741949517,-459274946.5718018,-459274915.626191,30.945610761642456,30.945609509944916,-0.0,-0.0,-0.0,-142783279.19999963,-154190103.89710566,-162301563.4746965,0.0,0.0,0.0,-142783279.19999963,-154190103.89710563,-162301532.52908698,0.0,0.0,0.0,0.0,2.9802322387695312e-08,30.945609509944916,0,nan,False,,,0.3531455993652344,34.087960195541385
Latency阶段,140,added_region_benders_cuts,137025,286,250086.00790161538,-459274946.5718018,-459274904.5080081,42.063793659210205,42.063792407512665,-0.0,-0.0,-0.0,-142783279.19999963,-154190072.50576872,-162301594.86603343,0.0,0.0,0.0,-142783279.19999963,-154190072.5057687,-162301552.80224103,0.0,0.0,0.0,0.0,2.9802322387695312e-08,42.063792407512665,0,nan,False,,,0.3557395935058594,35.96193083524704
Latency阶段,141,added_region_benders_cuts,137025,287,250086.0079584659,-459274946.5718018,-459274915.6261911,30.94561070203781,30.94560942053795,-0.0,-0.0,-0.0,-142783279.19999963,-154190104.97592825,-162301562.3958739,0.0,0.0,0.0,-142783279.19999963,-154190104.97592822,-162301531.45026448,0.0,0.0,0.0,0.0,2.9802322387695312e-08,30.94560942053795,0,nan,False,,,0.35672760009765625,37.8932880560557
Latency阶段,142,added_columns,137125,287,250086.0081166999,-459274946.5718018,-459274946.5718003,1.4901161193847656e-06,2.384185791015625e-07,-0.0,-0.0,-0.0,-142783279.19999963,-154190195.35120553,-162301472.02059662,0.0,0.0,0.0,-142783279.19999963,-154190195.3512055,-162301472.02059639,0.0,0.0,0.0,0.0,2.9802322387695312e-08,2.384185791015625e-07,100,-10.33049772204977,False,,,0.31207275390625,40.03281261523565
Latency阶段,143,added_region_benders_cuts,137125,289,250033.01932213997,-459274946.5718018,-459241477.4794366,33469.09236520529,23573.34545299411,-0.0,-0.0,-0.0,-142783279.19999963,-154200225.9720809,-162291441.39972126,0.0,0.0,0.0,-142783279.19999963,-154176652.6266279,-162281545.6528103,0.0,0.0,0.0,0.0,23573.34545299411,9895.746910959482,0,nan,False,,,0.3625907897949219,41.68507067759832
Latency阶段,144,added_region_benders_cuts,137125,291,250033.96460001642,-459274946.5718018,-459262128.89379305,12817.67800873518,8213.844257354736,-0.0,-0.0,-0.0,-142783279.19999963,-154179567.81870368,-162312099.55309847,0.0,0.0,0.0,-142783279.19999963,-154174963.98495352,-162303885.70884112,0.0,0.0,0.0,0.0,4603.833750158548,8213.844257354736,0,nan,False,,,0.3463020324707031,43.22809422810872
Latency阶段,145,added_region_benders_cuts,137125,293,250034.38808978107,-459274946.5718018,-459270167.36362416,4779.208177626133,4399.305488705635,-0.0,-0.0,-0.0,-142783279.19999963,-154184612.17275226,-162307055.1990499,0.0,0.0,0.0,-142783279.19999963,-154180212.86726356,-162306675.29636225,0.0,0.0,0.0,0.0,4399.305488705635,379.90268763899803,0,nan,False,,,0.34272003173828125,44.78184077342351
Latency阶段,146,added_region_benders_cuts,137125,295,250034.56283602028,-459274946.5718018,-459272910.9342208,2035.6375809907913,1679.9245515167713,-0.0,-0.0,-0.0,-142783279.19999963,-154184280.4874041,-162307386.88439804,0.0,0.0,0.0,-142783279.19999963,-154182600.5628526,-162307031.17136988,0.0,0.0,0.0,0.0,1679.9245515167713,355.7130281627178,0,nan,False,,,0.3462028503417969,46.3439509789149
Latency阶段,147,added_region_benders_cuts,137125,296,250034.64129745,-459274946.5718018,-459274590.8587723,355.7130295038223,355.71302819252014,-0.0,-0.0,-0.0,-142783279.19999963,-154184171.65245366,-162307495.7193485,0.0,0.0,0.0,-142783279.19999963,-154184171.65245363,-162307140.0063203,0.0,0.0,0.0,0.0,2.9802322387695312e-08,355.71302819252014,0,nan,False,,,0.34310150146484375,47.96454511880874
Latency阶段,148,added_region_benders_cuts,137125,297,250034.64621905296,-459274946.5718018,-459274590.85877234,355.7130294442177,355.7130281329155,-0.0,-0.0,-0.0,-142783279.19999963,-154184171.65245363,-162307495.71934852,0.0,0.0,0.0,-142783279.19999963,-154184171.65245363,-162307140.0063204,0.0,0.0,0.0,0.0,0.0,355.7130281329155,0,nan,False,,,0.34698486328125,49.92539305289586
Latency阶段,149,added_region_benders_cuts,137125,298,250034.64977105218,-459274946.5718018,-459274590.8587722,355.71302956342697,355.71302822232246,-0.0,-0.0,-0.0,-142783279.19999963,-154184171.65245363,-162307495.71934852,0.0,0.0,0.0,-142783279.19999963,-154184171.65245363,-162307140.0063203,0.0,0.0,0.0,0.0,0.0,355.71302822232246,0,nan,False,,,0.3492164611816406,51.844070704778034
Latency阶段,150,added_region_benders_cuts,137125,299,250034.6549706403,-459274946.5718018,-459274590.8587722,355.71302956342697,355.71302822232246,-0.0,-0.0,-0.0,-142783279.19999963,-154184171.65245363,-162307495.71934852,0.0,0.0,0.0,-142783279.19999963,-154184171.65245363,-162307140.0063203,0.0,0.0,0.0,0.0,0.0,355.71302822232246,0,nan,False,,,0.3496360778808594,53.778108398119606
Latency阶段,151,added_region_benders_cuts,137125,300,250034.65653627037,-459274946.5718018,-459274590.8587722,355.71302956342697,355.7130282819271,-0.0,-0.0,-0.0,-142783279.19999963,-154184417.447658,-162307249.92414415,0.0,0.0,0.0,-142783279.19999963,-154184417.44765797,-162306894.21111587,0.0,0.0,0.0,0.0,2.9802322387695312e-08,355.7130282819271,0,nan,False,,,0.3526802062988281,55.728888154029846
Latency阶段,152,added_region_benders_cuts,137125,301,250034.65748380453,-459274946.5718018,-459274590.8587723,355.7130295038223,355.71302819252014,-0.0,-0.0,-0.0,-142783279.19999963,-154184633.88278392,-162307033.48901823,0.0,0.0,0.0,-142783279.19999963,-154184633.8827839,-162306677.77599004,0.0,0.0,0.0,0.0,2.9802322387695312e-08,355.71302819252014,0,nan,False,,,0.35034942626953125,57.67519503037135
Latency阶段,153,added_region_benders_cuts,137125,302,250034.74805799653,-459274946.5718018,-459274915.62619096,30.9456108212471,30.945609539747238,-0.0,-0.0,-0.0,-142783279.19999963,-154184171.65245363,-162307495.71934852,0.0,0.0,0.0,-142783279.19999963,-154184171.65245363,-162307464.77373898,0.0,0.0,0.0,0.0,0.0,30.945609539747238,0,nan,False,,,0.3468170166015625,59.60238649447759
Latency阶段,154,added_region_benders_cuts,137125,303,250034.74821462226,-459274946.5718018,-459274915.62619096,30.9456108212471,30.945609539747238,-0.0,-0.0,-0.0,-142783279.19999963,-154184171.65245366,-162307495.7193485,0.0,0.0,0.0,-142783279.19999963,-154184171.65245363,-162307464.77373895,0.0,0.0,0.0,0.0,2.9802322387695312e-08,30.945609539747238,0,nan,False,,,0.34712982177734375,61.567604915301004
Latency阶段,155,added_region_benders_cuts,137125,304,250034.7486427821,-459274946.5718018,-459274915.62619096,30.9456108212471,30.945609480142593,-0.0,-0.0,-0.0,-142783279.19999963,-154184171.65245363,-162307495.71934852,0.0,0.0,0.0,-142783279.19999963,-154184171.65245363,-162307464.77373904,0.0,0.0,0.0,0.0,0.0,30.945609480142593,0,nan,False,,,0.3428955078125,63.50819485584895
Latency阶段,156,added_region_benders_cuts,137125,305,250034.7487994079,-459274946.5718018,-459274915.62619096,30.9456108212471,30.945609480142593,-0.0,-0.0,-0.0,-142783279.19999963,-154184171.65245363,-162307495.71934852,0.0,0.0,0.0,-142783279.19999963,-154184171.65245363,-162307464.77373904,0.0,0.0,0.0,0.0,0.0,30.945609480142593,0,nan,False,,,0.3416023254394531,65.45185256401697
Latency阶段,157,added_region_benders_cuts,137125,306,250034.75177370894,-459274946.5718018,-459274925.539904,21.03189778327942,21.031896382570267,-0.0,-0.0,-0.0,-142783279.19999963,-154184171.65245363,-162307495.71934852,0.0,0.0,0.0,-142783279.19999963,-154184171.65245363,-162307474.68745214,0.0,0.0,0.0,0.0,0.0,21.031896382570267,0,nan,False,,,0.3424186706542969,67.42148310343424
Latency阶段,158,added_region_benders_cuts,137125,307,250034.75186568534,-459274946.5718018,-459274915.023956,31.547845780849457,31.547844409942627,-0.0,-0.0,-0.0,-142783279.19999963,-154184171.65245363,-162307495.71934852,0.0,0.0,0.0,-142783279.19999963,-154184171.65245363,-162307464.1715041,0.0,0.0,0.0,0.0,0.0,31.547844409942627,0,nan,False,,,0.277099609375,1.9882669607798258
Latency阶段,159,added_region_benders_cuts,137125,308,250034.7525975428,-459274946.5718018,-459274904.50800806,42.06379371881485,42.06379243731499,-0.0,-0.0,-0.0,-142783279.19999963,-154184171.65245363,-162307495.71934852,0.0,0.0,0.0,-142783279.19999963,-154184171.65245363,-162307453.65555608,0.0,0.0,0.0,0.0,0.0,42.06379243731499,0,nan,False,,,0.2844734191894531,3.934236538410187
Latency阶段,160,added_region_benders_cuts,137125,309,250034.75312717777,-459274946.5718018,-459274928.7427308,17.82907098531723,17.829069584608078,-0.0,-0.0,-0.0,-142783279.19999963,-154184171.65245363,-162307495.71934852,0.0,0.0,0.0,-142783279.19999963,-154184171.65245363,-162307477.89027894,0.0,0.0,0.0,0.0,0.0,17.829069584608078,0,nan,False,,,0.2859344482421875,5.89126292069753
Latency阶段,161,added_region_benders_cuts,137125,310,250034.75321039834,-459274946.5718018,-459274927.2733021,19.298499703407288,19.298498392105103,-0.0,-0.0,-0.0,-142783279.19999963,-154184171.65245363,-162307495.71934852,0.0,0.0,0.0,-142783279.19999963,-154184171.65245363,-162307476.42085013,0.0,0.0,0.0,0.0,0.0,19.298498392105103,0,nan,False,,,0.2914695739746094,7.870213707288106
Latency阶段,162,added_region_benders_cuts,137125,311,250034.75321741644,-459274946.5718018,-459274928.7427308,17.82907098531723,17.829069644212723,-0.0,-0.0,-0.0,-142783279.19999963,-154184171.65245363,-162307495.71934852,0.0,0.0,0.0,-142783279.19999963,-154184171.65245363,-162307477.89027888,0.0,0.0,0.0,0.0,0.0,17.829069644212723,0,nan,False,,,0.2942924499511719,9.86727284193039
Latency阶段,163,added_region_benders_cuts,137125,312,250034.75330807435,-459274946.5718018,-459274927.2733021,19.298499703407288,19.29849836230278,-0.0,-0.0,-0.0,-142783279.19999963,-154184171.65245363,-162307495.71934852,0.0,0.0,0.0,-142783279.19999963,-154184171.65245363,-162307476.42085016,0.0,0.0,0.0,0.0,0.0,19.29849836230278,0,nan,False,,,0.2944145202636719,11.859592707951863
Latency阶段,164,added_region_benders_cuts,137125,313,250034.7534640973,-459274946.5718018,-459274928.742731,17.829070806503296,17.82906949520111,-0.0,-0.0,-0.0,-142783279.19999963,-154184171.65245363,-162307495.71934852,0.0,0.0,0.0,-142783279.19999963,-154184171.65245363,-162307477.89027902,0.0,0.0,0.0,0.0,0.0,17.82906949520111,0,nan,False,,,0.2947578430175781,13.802452731132508
Latency阶段,165,added_region_benders_cuts,137125,314,250034.75355433603,-459274946.5718018,-459274928.742731,17.829070806503296,17.829069554805756,-0.0,-0.0,-0.0,-142783279.19999963,-154184171.65245363,-162307495.71934852,0.0,0.0,0.0,-142783279.19999963,-154184171.65245363,-162307477.89027897,0.0,0.0,0.0,0.0,0.0,17.829069554805756,0,nan,False,,,0.3390998840332031,15.76985205411911
Latency阶段,166,added_region_benders_cuts,137125,315,250034.75357508604,-459274946.5718018,-459274927.2733021,19.298499703407288,19.298498392105103,-0.0,-0.0,-0.0,-142783279.19999963,-154184171.65245363,-162307495.71934852,0.0,0.0,0.0,-142783279.19999963,-154184171.65245363,-162307476.42085013,0.0,0.0,0.0,0.0,0.0,19.298498392105103,0,nan,False,,,0.3386039733886719,17.76898720661799
Latency阶段,167,added_region_benders_cuts,137125,316,250034.753672762,-459274946.5718018,-459274927.27330214,19.298499643802643,19.298498392105103,-0.0,-0.0,-0.0,-142783279.19999963,-154184171.65245363,-162307495.71934852,0.0,0.0,0.0,-142783279.19999963,-154184171.65245363,-162307476.42085013,0.0,0.0,0.0,0.0,0.0,19.298498392105103,0,nan,False,,,0.302001953125,19.7765949010849
Latency阶段,168,added_columns,137139,316,250034.75580229354,-459274946.5718018,-459274946.5718002,1.6093254089355469e-06,2.384185791015625e-07,-0.0,-0.0,-0.0,-142783279.19999963,-154184171.65245363,-162307495.71934852,0.0,0.0,0.0,-142783279.19999963,-154184171.65245363,-162307495.71934828,0.0,0.0,0.0,0.0,0.0,2.384185791015625e-07,14,-3.995637514956517,False,,,0.30025482177734375,22.015629490216572
Latency阶段,169,root_lp_closed,137139,316,250030.86280260983,-459274946.5718018,-459274946.5718002,1.6093254089355469e-06,2.086162567138672e-07,-0.0,-0.0,-0.0,-142783279.19999963,-154191123.25357485,-162300544.1182273,0.0,0.0,0.0,-142783279.19999963,-154191123.25357482,-162300544.1182271,0.0,0.0,0.0,0.0,2.9802322387695312e-08,2.086162567138672e-07,0,0.0,True,,,0.30480194091796875,24.250466811656953
Latency阶段,169,integer_added_region_benders_cuts,137139,316,250030.86280260983,-459274946.5718018,-459238359.29697603,39019.037535369396,20519.75188228488,0.0,0.0,0.0,-142783279.19999963,-154197579.77001673,-162296519.36449504,0.0,0.0,0.0,-142783279.19999963,-154177060.01813444,-162278020.0788432,0.0,0.0,0.0,0.0,20519.75188228488,18499.28565183282,0,0.0,False,需要继续,250136.99999999974,0.30480194091796875,24.250466811656953
Latency阶段,170,root_lp_closed,137139,318,250030.8628026099,-459274946.5718018,-459274946.5718001,1.6689300537109375e-06,2.682209014892578e-07,-0.0,-0.0,-0.0,-142783279.19999963,-154191123.2535748,-162300544.11822736,0.0,0.0,0.0,-142783279.19999963,-154191123.25357476,-162300544.1182271,0.0,0.0,0.0,0.0,2.9802322387695312e-08,2.682209014892578e-07,0,0.0,True,,,0.34319305419921875,29.059859097003937
Latency阶段,170,integer_added_region_benders_cuts,137139,318,250030.8628026099,-459274946.5718018,-459230533.49506176,45432.563990831375,28254.660939633846,0.0,0.0,0.0,-142783279.19999963,-154197279.77813447,-162295407.0809185,0.0,0.0,0.0,-142783279.19999963,-154180101.87508446,-162267152.41997886,0.0,0.0,0.0,0.0,17177.903050005436,28254.660939633846,0,0.0,False,需要继续,250137.00000000015,0.34319305419921875,29.059859097003937
Latency阶段,171,root_lp_closed,137139,320,250030.8628026099,-459274946.5718018,-459274946.5718001,1.6689300537109375e-06,2.682209014892578e-07,-0.0,-0.0,-0.0,-142783279.19999963,-154191123.2535748,-162300544.11822736,0.0,0.0,0.0,-142783279.19999963,-154191123.25357476,-162300544.1182271,0.0,0.0,0.0,0.0,2.9802322387695312e-08,2.682209014892578e-07,0,0.0,True,,,0.3380393981933594,35.884603969256084
Latency阶段,171,integer_added_region_benders_cuts,137139,320,250030.8628026099,-459274946.5718018,-459247632.3099096,30238.42867833376,16167.381615757942,0.0,0.0,0.0,-142783279.19999963,-154197579.77001673,-162297011.76857156,0.0,0.0,0.0,-142783279.19999963,-154181412.38840097,-162282940.7215103,0.0,0.0,0.0,0.0,16167.381615757942,14071.047061264515,0,0.0,False,需要继续,250143.0,0.3380393981933594,35.884603969256084
Latency阶段,172,root_lp_closed,137139,322,250030.86280260983,-459274946.5718018,-459274946.5718002,1.6093254089355469e-06,2.086162567138672e-07,-0.0,-0.0,-0.0,-142783279.19999963,-154191123.25357485,-162300544.1182273,0.0,0.0,0.0,-142783279.19999963,-154191123.25357482,-162300544.1182271,0.0,0.0,0.0,0.0,2.9802322387695312e-08,2.086162567138672e-07,0,0.0,True,,,0.3370933532714844,42.06782281796138
Latency阶段,172,integer_added_region_benders_cuts,137139,322,250030.86280260983,-459274946.5718018,-459238241.691804,38482.37756174803,26130.165912538767,0.0,0.0,0.0,-142783279.19999963,-154197579.77001673,-162295865.09934938,0.0,0.0,0.0,-142783279.19999963,-154171449.6041042,-162283512.88770136,0.0,0.0,0.0,0.0,26130.165912538767,12352.211648017168,0,0.0,False,需要继续,250142.99999999965,0.3370933532714844,42.06782281796138
Latency阶段,173,root_lp_closed,137139,324,250030.8628026099,-459274946.5718018,-459274946.5718002,1.6093254089355469e-06,2.384185791015625e-07,-0.0,-0.0,-0.0,-142783279.19999963,-154191123.25357485,-162300544.1182273,0.0,0.0,0.0,-142783279.19999963,-154191123.25357482,-162300544.11822706,0.0,0.0,0.0,0.0,2.9802322387695312e-08,2.384185791015625e-07,0,0.0,True,,,0.337310791015625,49.27805385192235
Latency阶段,173,integer_added_region_benders_cuts,137139,324,250030.8628026099,-459274946.5718018,-459246638.95277697,31231.785810768604,18106.261143743992,0.0,0.0,0.0,-142783279.19999963,-154197579.7700168,-162297011.76857135,0.0,0.0,0.0,-142783279.19999963,-154184454.24535096,-162278905.5074276,0.0,0.0,0.0,0.0,13125.52466583252,18106.261143743992,0,0.0,False,需要继续,250143.00000000012,0.337310791015625,49.27805385192235
Latency阶段,174,root_lp_closed,137139,326,250030.8628026099,-459274946.5718018,-459274946.5718002,1.6093254089355469e-06,2.384185791015625e-07,-0.0,-0.0,-0.0,-142783279.19999963,-154191123.25357485,-162300544.1182273,0.0,0.0,0.0,-142783279.19999963,-154191123.25357482,-162300544.11822706,0.0,0.0,0.0,0.0,2.9802322387695312e-08,2.384185791015625e-07,0,0.0,True,,,0.337127685546875,55.70165520509084
Latency阶段,174,integer_added_region_benders_cuts,137139,326,250030.8628026099,-459274946.5718018,-459249649.8338956,25296.73790615797,20944.36763855815,0.0,0.0,0.0,-142783279.19999963,-154169605.53801674,-162322061.8337854,0.0,0.0,0.0,-142783279.19999963,-154165253.1677503,-162301117.46614686,0.0,0.0,0.0,0.0,4352.3702664375305,20944.36763855815,0,0.0,False,需要继续,250145.9999999999,0.337127685546875,55.70165520509084
Latency阶段,175,root_lp_closed,137139,328,250030.86280260983,-459274946.5718018,-459274946.5718002,1.6093254089355469e-06,2.086162567138672e-07,-0.0,-0.0,-0.0,-142783279.19999963,-154191123.25357485,-162300544.1182273,0.0,0.0,0.0,-142783279.19999963,-154191123.25357482,-162300544.1182271,0.0,0.0,0.0,0.0,2.9802322387695312e-08,2.086162567138672e-07,0,0.0,True,,,0.337310791015625,64.13948382933934
Latency阶段,175,integer_added_region_benders_cuts,137139,328,250030.86280260983,-459274946.5718018,-459212876.322893,62083.11432778835,35834.308513730764,0.0,0.0,0.0,-142783279.19999963,-154197311.4196062,-162294368.81761497,0.0,0.0,0.0,-142783279.19999963,-154171062.61379337,-162258534.50910124,0.0,0.0,0.0,0.0,26248.805812835693,35834.308513730764,0,0.0,False,需要继续,250146.0,0.337310791015625,64.13948382933934
Latency阶段,176,root_lp_closed,137139,330,250030.86280260983,-459274946.5718018,-459274946.5718002,1.6093254089355469e-06,2.086162567138672e-07,-0.0,-0.0,-0.0,-142783279.19999963,-154191123.25357485,-162300544.1182273,0.0,0.0,0.0,-142783279.19999963,-154191123.25357482,-162300544.1182271,0.0,0.0,0.0,0.0,2.9802322387695312e-08,2.086162567138672e-07,0,0.0,True,,,0.338958740234375,71.70366652011872
Latency阶段,176,integer_added_region_benders_cuts,137139,330,250030.86280260983,-459274946.5718018,-459260523.94564927,14446.218975305557,10161.816309571266,0.0,0.0,0.0,-142783279.19999963,-154200225.97208086,-162291464.99254408,0.0,0.0,0.0,-142783279.19999963,-154190064.1557713,-162287180.58987957,0.0,0.0,0.0,0.0,10161.816309571266,4284.402664512396,0,0.0,False,需要继续,250150.0,0.338958740234375,71.70366652011872
Latency阶段,177,root_lp_closed,137139,332,250030.86280260983,-459274946.5718018,-459274946.5718002,1.6093254089355469e-06,2.086162567138672e-07,-0.0,-0.0,-0.0,-142783279.19999963,-154191123.25357485,-162300544.1182273,0.0,0.0,0.0,-142783279.19999963,-154191123.25357482,-162300544.1182271,0.0,0.0,0.0,0.0,2.9802322387695312e-08,2.086162567138672e-07,0,0.0,True,,,0.33929443359375,78.77823808590571
Latency阶段,177,integer_added_region_benders_cuts,137139,332,250030.86280260983,-459274946.5718018,-459225536.3774901,49410.19431167841,36358.15330016613,0.0,0.0,0.0,-142783279.19999963,-154179485.64570054,-162312181.7261016,0.0,0.0,0.0,-142783279.19999963,-154166433.60469034,-162275823.57280144,0.0,0.0,0.0,0.0,13052.041010200977,36358.15330016613,0,0.0,False,需要继续,250150.0,0.33929443359375,78.77823808590571
Latency阶段,178,root_lp_closed,137139,334,250030.8628026099,-459274946.5718018,-459274946.5718001,1.6689300537109375e-06,2.682209014892578e-07,-0.0,-0.0,-0.0,-142783279.19999963,-154191123.2535748,-162300544.11822736,0.0,0.0,0.0,-142783279.19999963,-154191123.25357476,-162300544.1182271,0.0,0.0,0.0,0.0,2.9802322387695312e-08,2.682209014892578e-07,0,0.0,True,,,0.3424263000488281,86.15610171556473
Latency阶段,178,integer_added_region_benders_cuts,137139,334,250030.8628026099,-459274946.5718018,-459239797.4914187,35347.62345588207,27953.3962379992,0.0,0.0,0.0,-142783279.19999963,-154179567.81870362,-162312298.09617135,0.0,0.0,0.0,-142783279.19999963,-154172173.5914871,-162284344.69993335,0.0,0.0,0.0,0.0,7394.227216511965,27953.3962379992,0,0.0,False,需要继续,250151.99999999677,0.3424263000488281,86.15610171556473
Latency阶段,179,root_lp_closed,137139,336,250030.86280260983,-459274946.5718018,-459274946.5718002,1.6093254089355469e-06,2.086162567138672e-07,-0.0,-0.0,-0.0,-142783279.19999963,-154191123.25357485,-162300544.1182273,0.0,0.0,0.0,-142783279.19999963,-154191123.25357482,-162300544.1182271,0.0,0.0,0.0,0.0,2.9802322387695312e-08,2.086162567138672e-07,0,0.0,True,,,0.343475341796875,92.29028977950414
Latency阶段,179,integer_added_region_benders_cuts,137139,336,250030.86280260983,-459274946.5718018,-459207904.2815575,67233.49874025583,35642.90805527568,0.0,0.0,0.0,-142783279.19999963,-154198223.7309968,-162293634.84930134,0.0,0.0,0.0,-142783279.19999963,-154166633.14031312,-162257991.94124606,0.0,0.0,0.0,0.0,31590.590683668852,35642.90805527568,0,0.0,False,需要继续,250151.9999999997,0.343475341796875,92.29028977950414
Latency阶段,180,root_lp_closed,137139,338,250030.86280260983,-459274946.5718018,-459274946.5718002,1.6093254089355469e-06,2.086162567138672e-07,-0.0,-0.0,-0.0,-142783279.19999963,-154191123.25357485,-162300544.1182273,0.0,0.0,0.0,-142783279.19999963,-154191123.25357482,-162300544.1182271,0.0,0.0,0.0,0.0,2.9802322387695312e-08,2.086162567138672e-07,0,0.0,True,,,0.34405517578125,98.44557377894719
Latency阶段,180,integer_added_region_benders_cuts,137139,338,250030.86280260983,-459274946.5718018,-459235884.2086678,39623.27808588743,35270.90781801939,0.0,0.0,0.0,-142783279.19999963,-154179567.81870377,-162312660.4680503,0.0,0.0,0.0,-142783279.19999963,-154175215.44843712,-162277389.56023228,0.0,0.0,0.0,0.0,4352.370266646147,35270.90781801939,0,0.0,False,需要继续,250151.9999999993,0.34405517578125,98.44557377894719
Wait阶段,1,added_region_benders_cuts,137139,343,0.0,-459343492.0037055,-457195509.897456,2147982.1062495112,1133227.7823143303,-0.0,-0.0,-0.0,-142783279.19999963,-154222712.20370588,-162337500.60000005,0.0,0.0,0.0,-141650051.4176853,-153559308.8528907,-161986149.62688103,0.0,0.0,0.0,1133227.7823143303,663403.350815177,351350.97311902046,0,nan,False,,,0.283599853515625,2.220968949794769
Wait阶段,2,added_region_benders_cuts,137139,346,0.0,-459343492.0037055,-458170380.7716254,1173111.232080102,708351.3068974316,-0.0,-0.0,-0.0,-142783279.19999963,-154222712.20370588,-162337500.60000005,0.0,0.0,0.0,-142699757.2776586,-153841474.2008655,-161629149.29310262,0.0,0.0,0.0,83521.92234101892,381238.00284036994,708351.3068974316,0,nan,False,,,0.28803253173828125,4.44424127737681
Wait阶段,3,added_region_benders_cuts,137139,349,0.0,-459343492.0037055,-458856919.87453824,486572.12916725874,411352.61362186074,-0.0,-0.0,-0.0,-142783279.19999963,-154222712.20370588,-162337500.60000005,0.0,0.0,0.0,-142763556.67546254,-153811359.59008402,-162282003.60899296,0.0,0.0,0.0,19722.524537086487,411352.61362186074,55496.991007089615,0,nan,False,,,0.2983741760253906,6.648261861006419
Wait阶段,4,added_region_benders_cuts,137139,351,0.0,-459343492.0037055,-459179913.17733127,163578.82637423277,130941.79737916589,-0.0,-0.0,-0.0,-142783279.19999963,-154222712.20370588,-162337500.60000005,0.0,0.0,0.0,-142783279.19999963,-154091770.4063267,-162304863.57100627,0.0,0.0,0.0,0.0,130941.79737916589,32637.02899378538,0,nan,False,,,0.3017234802246094,8.82630515495936
Wait阶段,5,added_region_benders_cuts,137139,354,0.0,-459343492.0037055,-459204019.13672864,139472.86697685719,117883.66643881798,-0.0,-0.0,-0.0,-142783279.19999963,-154222712.20370588,-162337500.60000005,0.0,0.0,0.0,-142782031.12881634,-154104828.53726706,-162317159.47064638,0.0,0.0,0.0,1248.0711832940578,117883.66643881798,20341.129353672266,0,nan,False,,,0.3028068542480469,11.100261890888214
Wait阶段,6,added_region_benders_cuts,137139,357,0.0,-459343492.0037055,-459225882.30390704,117609.69979846478,85390.72393649817,-0.0,-0.0,-0.0,-142783279.19999963,-154222712.20370588,-162337500.60000005,0.0,0.0,0.0,-142782235.68683767,-154137321.47976938,-162306325.13730118,0.0,0.0,0.0,1043.513161957264,85390.72393649817,31175.462698876858,0,nan,False,,,0.3042716979980469,13.32991719643275
Wait阶段,7,added_region_benders_cuts,137139,360,0.0,-459343492.0037055,-459211678.65902007,131813.3446854353,83410.59532177448,-0.0,-0.0,-0.0,-142783279.19999963,-154222712.20370588,-162337500.60000005,0.0,0.0,0.0,-142773036.71110266,-154184551.94324037,-162254090.00467828,0.0,0.0,0.0,10242.48889696598,38160.26046550274,83410.59532177448,0,nan,False,,,0.3055305480957031,15.621788934866588
Wait阶段,8,added_region_benders_cuts,137139,362,0.0,-459343492.0037055,-459173016.09721106,170475.90649443865,119917.18018057942,-0.0,-0.0,-0.0,-142783279.19999963,-154222712.20370588,-162337500.60000005,0.0,0.0,0.0,-142783279.19999963,-154172153.4773932,-162217583.41981947,0.0,0.0,0.0,0.0,50558.72631266713,119917.18018057942,0,nan,False,,,0.34467315673828125,17.967698979377747
Wait阶段,9,added_region_benders_cuts,137139,364,0.0,-459343492.0037055,-459286953.72577184,56538.27793365717,51067.01481291652,-0.0,-0.0,-0.0,-142783279.19999963,-154222712.20370588,-162337500.60000005,0.0,0.0,0.0,-142783279.19999963,-154171645.18889296,-162332029.33688053,0.0,0.0,0.0,0.0,51067.01481291652,5471.263119518757,0,nan,False,,,0.3100395202636719,20.256786684195202
Wait阶段,10,added_region_benders_cuts,137139,366,0.0,-459343492.0037055,-459305586.58736473,37905.41634076834,24934.075078219175,-0.0,-0.0,-0.0,-142783279.19999963,-154222712.20370588,-162337500.60000005,0.0,0.0,0.0,-142783279.19999963,-154197778.12862766,-162324529.25873873,0.0,0.0,0.0,0.0,24934.075078219175,12971.341261327267,0,nan,False,,,0.35357666015625,22.653805263837178
Wait阶段,11,added_region_benders_cuts,137139,369,0.0,-459343492.0037055,-459211424.30414313,132067.69956237078,98386.85754477978,-0.0,-0.0,-0.0,-142783279.19999963,-154222712.20370588,-162337500.60000005,0.0,0.0,0.0,-142777501.67999735,-154124325.3461611,-162309597.27798587,0.0,0.0,0.0,5777.520002275705,98386.85754477978,27903.322014182806,0,nan,False,,,0.3182373046875,25.06195618311564
Wait阶段,12,added_region_benders_cuts,137139,372,0.0,-459343492.0037055,-459202634.10619485,140857.89751064777,105417.93570792675,-0.0,-0.0,-0.0,-142783279.19999963,-154222712.20370588,-162337500.60000005,0.0,0.0,0.0,-142764297.2914569,-154117294.26799795,-162321042.5467412,0.0,0.0,0.0,18981.908542722464,105417.93570792675,16458.05325886607,0,nan,False,,,0.31572723388671875,27.444590902328493
Wait阶段,13,added_region_benders_cuts,137139,375,0.0,-459343492.0037055,-459197564.36767566,145927.63602983952,94932.60036242008,-0.0,-0.0,-0.0,-142783279.19999963,-154222712.20370588,-162337500.60000005,0.0,0.0,0.0,-142781052.4476834,-154173943.9203559,-162242567.99963763,0.0,0.0,0.0,2226.752316236496,48768.283349990845,94932.60036242008,0,nan,False,,,0.3637123107910156,29.886439772446952
Wait阶段,14,added_region_benders_cuts,137139,378,0.0,-459343492.0037055,-459192109.1277099,151382.87599557638,122239.68201601505,-0.0,-0.0,-0.0,-142783279.19999963,-154222712.20370588,-162337500.60000005,0.0,0.0,0.0,-142775443.78363606,-154100472.52168986,-162316192.82238528,0.0,0.0,0.0,7835.416363567114,122239.68201601505,21307.77761477232,0,nan,False,,,0.36333465576171875,32.24956732590993
Wait阶段,15,added_region_benders_cuts,137139,381,0.0,-459343492.0037055,-459229553.33655024,113938.66715526581,105320.79197892547,-0.0,-0.0,-0.0,-142783279.19999963,-154222712.20370588,-162337500.60000005,0.0,0.0,0.0,-142782484.5346991,-154117391.41172695,-162329677.39012533,0.0,0.0,0.0,794.6653005182743,105320.79197892547,7823.209874719381,0,nan,False,,,0.35263824462890625,34.7678449511528
Wait阶段,16,added_region_benders_cuts,137139,383,0.0,-459343492.0037055,-459179631.8069725,163860.1967329979,147329.9304715991,-0.0,-0.0,-0.0,-142783279.19999963,-154222712.20370588,-162337500.60000005,0.0,0.0,0.0,-142783279.19999963,-154075382.27323428,-162320970.33373997,0.0,0.0,0.0,0.0,147329.9304715991,16530.26626008749,0,nan,False,,,0.35199737548828125,37.03272187312444
Wait阶段,17,added_region_benders_cuts,137139,385,0.0,-459343492.0037055,-459178719.9615807,164772.04212480783,132819.9125200212,-0.0,-0.0,-0.0,-142783279.19999963,-154222712.20370588,-162337500.60000005,0.0,0.0,0.0,-142783279.19999963,-154089892.29118586,-162305548.47039634,0.0,0.0,0.0,0.0,132819.9125200212,31952.12960371375,0,nan,False,,,0.3001899719238281,39.123504253228504
Wait阶段,18,added_region_benders_cuts,137139,387,0.0,-459343492.0037055,-459271506.6070287,71985.3966767788,58074.68270802498,-0.0,-0.0,-0.0,-142783279.19999963,-154222712.20370588,-162337500.60000005,0.0,0.0,0.0,-142783279.19999963,-154164637.52099785,-162323589.88603252,0.0,0.0,0.0,0.0,58074.68270802498,13910.71396753192,0,nan,False,,,0.3599128723144531,41.21159073114395
Wait阶段,19,added_region_benders_cuts,137139,389,0.0,-459343492.0037055,-459272688.2587905,70803.74491500854,62157.29911541939,-0.0,-0.0,-0.0,-142783279.19999963,-154222712.20370588,-162337500.60000005,0.0,0.0,0.0,-142783279.19999963,-154160554.90459046,-162328854.1542016,0.0,0.0,0.0,0.0,62157.29911541939,8646.445798456669,0,nan,False,,,0.363311767578125,43.32239471673965
Wait阶段,20,added_region_benders_cuts,137139,392,0.0,-459343492.0037055,-459243737.8097686,99754.1939368844,65865.77049422264,-0.0,-0.0,-0.0,-142783279.19999963,-154222712.20370588,-162337500.60000005,0.0,0.0,0.0,-142782646.03937846,-154156846.43321165,-162304245.3371798,0.0,0.0,0.0,633.1606211662292,65865.77049422264,33255.262820243835,0,nan,False,,,0.3638877868652344,45.43748667240143
Wait阶段,21,added_region_benders_cuts,137139,394,0.0,-459343492.0037055,-459223164.9645092,120327.03919631243,74557.90859165788,-0.0,-0.0,-0.0,-142783279.19999963,-154222712.20370588,-162337500.60000005,0.0,0.0,0.0,-142783279.19999963,-154148154.29511422,-162291731.46939656,0.0,0.0,0.0,0.0,74557.90859165788,45769.13060349226,0,nan,False,,,0.364715576171875,47.565435926119484
Wait阶段,22,added_region_benders_cuts,137139,396,0.0,-459343492.0037055,-459262316.66872156,81175.3349839449,70514.22927358747,-0.0,-0.0,-0.0,-142783279.19999963,-154222712.20370588,-162337500.60000005,0.0,0.0,0.0,-142783279.19999963,-154152197.9744323,-162326839.49429083,0.0,0.0,0.0,0.0,70514.22927358747,10661.10570922494,0,nan,False,,,0.3686065673828125,50.17942380507787
Wait阶段,23,added_region_benders_cuts,137139,398,0.0,-459343492.0037055,-459239452.5947024,104039.40900307894,70639.11523091793,-0.0,-0.0,-0.0,-142783279.19999963,-154222712.20370588,-162337500.60000005,0.0,0.0,0.0,-142783279.19999963,-154152073.08847496,-162304100.30622905,0.0,0.0,0.0,0.0,70639.11523091793,33400.293770998716,0,nan,False,,,0.36700439453125,52.84468964735667
Wait阶段,24,added_region_benders_cuts,137139,400,0.0,-459343492.0037055,-459294492.03840387,48999.96530163288,35377.933623194695,-0.0,-0.0,-0.0,-142783279.19999963,-154222712.20370588,-162337500.60000005,0.0,0.0,0.0,-142783279.19999963,-154187334.27008268,-162323878.56832272,0.0,0.0,0.0,0.0,35377.933623194695,13622.0316773355,0,nan,False,,,0.3545341491699219,55.43015353679657
Wait阶段,25,added_region_benders_cuts,137139,402,0.0,-459343492.0037055,-459288907.507023,54584.49668252468,38526.383073717356,-0.0,-0.0,-0.0,-142783279.19999963,-154222712.20370588,-162337500.60000005,0.0,0.0,0.0,-142783279.19999963,-154184185.82063216,-162321442.48639256,0.0,0.0,0.0,0.0,38526.383073717356,16058.113607496023,0,nan,False,,,0.3589630126953125,58.1019055445989
Wait阶段,26,added_region_benders_cuts,137139,404,0.0,-459343492.0037055,-459317430.41837484,26061.58533066511,20481.38316437602,-0.0,-0.0,-0.0,-142783279.19999963,-154222712.20370588,-162337500.60000005,0.0,0.0,0.0,-142783279.19999963,-154202230.8205415,-162331920.39783502,0.0,0.0,0.0,0.0,20481.38316437602,5580.202165037394,0,nan,False,,,0.35993194580078125,60.74987303813298
Wait阶段,27,added_region_benders_cuts,137139,407,0.0,-459343492.0037055,-459263250.6341122,80241.36959332228,45628.948644816875,-0.0,-0.0,-0.0,-142783279.19999963,-154222712.20370588,-162337500.60000005,0.0,0.0,0.0,-142780971.68212655,-154177083.25506106,-162305195.69692594,0.0,0.0,0.0,2307.5178730785847,45628.948644816875,32304.903074115515,0,nan,False,,,0.354461669921875,63.45350733200709
Wait阶段,28,added_region_benders_cuts,137139,409,0.0,-459343492.0037055,-459290164.3197769,53327.683928608894,41737.63593861461,-0.0,-0.0,-0.0,-142783279.19999963,-154222712.20370588,-162337500.60000005,0.0,0.0,0.0,-142783279.19999963,-154180974.56776726,-162325910.5520112,0.0,0.0,0.0,0.0,41737.63593861461,11590.0479888618,0,nan,False,,,0.354400634765625,68.04354749123256
Wait阶段,29,added_region_benders_cuts,137139,411,0.0,-459343492.0037055,-459316151.9769957,27340.026709794998,19704.77240216732,-0.0,-0.0,-0.0,-142783279.19999963,-154222712.20370588,-162337500.60000005,0.0,0.0,0.0,-142783279.19999963,-154203007.4313037,-162329865.34569365,0.0,0.0,0.0,0.0,19704.77240216732,7635.254306405783,0,nan,False,,,0.35800933837890625,71.03084194660187
Wait阶段,30,added_region_benders_cuts,137139,413,0.0,-459343492.0037055,-459285861.625519,57630.378186523914,55497.36840996146,-0.0,-0.0,-0.0,-142783279.19999963,-154222712.20370588,-162337500.60000005,0.0,0.0,0.0,-142783279.19999963,-154167214.83529592,-162335367.59022474,0.0,0.0,0.0,0.0,55497.36840996146,2133.009775310755,0,nan,False,,,0.3576087951660156,73.27608542442321
Wait阶段,31,added_region_benders_cuts,137139,415,0.0,-459343492.0037055,-459290648.93473417,52843.06897133589,29612.893672943115,-0.0,-0.0,-0.0,-142783279.19999963,-154222712.20370588,-162337500.60000005,0.0,0.0,0.0,-142783279.19999963,-154193099.31003293,-162314270.42470288,0.0,0.0,0.0,0.0,29612.893672943115,23230.175297170877,0,nan,False,,,0.35501861572265625,75.52769817113877
Wait阶段,32,added_region_benders_cuts,137139,417,0.0,-459343492.0037055,-459325352.1717035,18139.83200198412,12900.7659098804,-0.0,-0.0,-0.0,-142783279.19999963,-154222712.20370588,-162337500.60000005,0.0,0.0,0.0,-142783279.19999963,-154217473.13761503,-162324599.83409017,0.0,0.0,0.0,0.0,5239.066090852022,12900.7659098804,0,nan,False,,,0.3577995300292969,77.76798075040182
Wait阶段,33,added_region_benders_cuts,137139,419,0.0,-459343492.0037055,-459281277.24710596,62214.75659954548,62213.757359951735,-0.0,-0.0,-0.0,-142783279.19999963,-154222712.20370588,-162337500.60000005,0.0,0.0,0.0,-142783279.19999963,-154160498.44634593,-162337499.60076153,0.0,0.0,0.0,0.0,62213.757359951735,0.999238520860672,0,nan,False,,,0.35846710205078125,80.02084566354752
Wait阶段,34,added_region_benders_cuts,137139,421,0.0,-459343492.0037055,-459297062.9030477,46429.1006578207,37954.30495518446,-0.0,-0.0,-0.0,-142783279.19999963,-154222712.20370588,-162337500.60000005,0.0,0.0,0.0,-142783279.19999963,-154184757.8987507,-162329025.80429858,0.0,0.0,0.0,0.0,37954.30495518446,8474.795701473951,0,nan,False,,,0.3565635681152344,82.28554213841757
Wait阶段,35,added_region_benders_cuts,137139,423,0.0,-459343492.0037055,-459282426.5130367,61065.49066877365,54447.110085487366,-0.0,-0.0,-0.0,-142783279.19999963,-154222712.20370588,-162337500.60000005,0.0,0.0,0.0,-142783279.19999963,-154168265.0936204,-162330882.21941802,0.0,0.0,0.0,0.0,54447.110085487366,6618.380582034588,0,nan,False,,,0.3599739074707031,84.57388250033061
Wait阶段,36,added_region_benders_cuts,137139,425,0.0,-459343492.0037055,-459314129.1202076,29362.88349789381,23782.967810839415,-0.0,-0.0,-0.0,-142783279.19999963,-154222712.20370588,-162337500.60000005,0.0,0.0,0.0,-142783279.19999963,-154198929.23589504,-162331920.6843141,0.0,0.0,0.0,0.0,23782.967810839415,5579.91568595171,0,nan,False,,,0.36220550537109375,86.86095627943675
Wait阶段,37,added_region_benders_cuts,137139,426,0.0,-459343492.0037055,-459294772.63917154,48719.36453396082,48719.36453279853,-0.0,-0.0,-0.0,-142783279.19999963,-154222712.20370588,-162337500.60000005,0.0,0.0,0.0,-142783279.19999963,-154173992.83917308,-162337500.60000005,0.0,0.0,0.0,0.0,48719.36453279853,0.0,0,nan,False,,,0.3617820739746094,89.15783530473709
Wait阶段,38,added_region_benders_cuts,137139,428,0.0,-459343492.0037055,-459320211.6603474,23280.34335809946,19096.271195441484,-0.0,-0.0,-0.0,-142783279.19999963,-154222712.20370588,-162337500.60000005,0.0,0.0,0.0,-142783279.19999963,-154203615.93251044,-162333316.52783847,0.0,0.0,0.0,0.0,19096.271195441484,4184.0721615850925,0,nan,False,,,0.3564491271972656,91.46139337221781
Wait阶段,39,added_region_benders_cuts,137139,430,0.0,-459343492.0037055,-459303360.51914954,40131.4845559597,28614.0129417181,-0.0,-0.0,-0.0,-142783279.19999963,-154222712.20370588,-162337500.60000005,0.0,0.0,0.0,-142783279.19999963,-154194098.19076416,-162325983.12838706,0.0,0.0,0.0,0.0,28614.0129417181,11517.471612989902,0,nan,False,,,0.36040496826171875,93.79881209929785
Wait阶段,40,added_region_benders_cuts,137139,431,0.0,-459343492.0037055,-459286450.03949785,57041.96420764923,57041.96420639753,-0.0,-0.0,-0.0,-142783279.19999963,-154222712.20370588,-162337500.60000005,0.0,0.0,0.0,-142783279.19999963,-154165670.23949948,-162337500.60000005,0.0,0.0,0.0,0.0,57041.96420639753,0.0,0,nan,False,,,0.3633842468261719,96.12125171820323
Wait阶段,41,added_region_benders_cuts,137139,433,0.0,-459343492.0037055,-459254810.7664283,88681.23727720976,50023.495833814144,-0.0,-0.0,-0.0,-142783279.19999963,-154222712.20370588,-162337500.60000005,0.0,0.0,0.0,-142783279.19999963,-154172688.70787206,-162298842.85855773,0.0,0.0,0.0,0.0,50023.495833814144,38657.74144232273,0,nan,False,,,0.3636360168457031,98.76448204517365
Wait阶段,42,added_region_benders_cuts,137139,435,0.0,-459343492.0037055,-459312744.55891657,30747.4447889328,24249.699740111828,-0.0,-0.0,-0.0,-142783279.19999963,-154222712.20370588,-162337500.60000005,0.0,0.0,0.0,-142783279.19999963,-154198462.50396577,-162331002.8549524,0.0,0.0,0.0,0.0,24249.699740111828,6497.745047658682,0,nan,False,,,0.3618736267089844,101.11633904774983
Wait阶段,43,added_region_benders_cuts,137139,437,0.0,-459343492.0037055,-459301076.8246287,42415.17907679081,40119.700401932,-0.0,-0.0,-0.0,-142783279.19999963,-154222712.20370588,-162337500.60000005,0.0,0.0,0.0,-142783279.19999963,-154182592.50330395,-162335205.12132642,0.0,0.0,0.0,0.0,40119.700401932,2295.4786736369133,0,nan,False,,,0.3645477294921875,103.4710959037145
Wait阶段,44,added_region_benders_cuts,137139,439,0.0,-459343492.0037055,-459240518.27401125,102973.72969424725,52471.11093983054,-0.0,-0.0,-0.0,-142783279.19999963,-154222712.20370588,-162337500.60000005,0.0,0.0,0.0,-142783279.19999963,-154172209.58495247,-162285029.48906022,0.0,0.0,0.0,0.0,50502.618753403425,52471.11093983054,0,nan,False,,,0.3636474609375,105.83385958274205
Wait阶段,45,added_region_benders_cuts,137139,441,0.0,-459343492.0037055,-459266612.32282305,76879.68088245392,55887.77172729373,-0.0,-0.0,-0.0,-142783279.19999963,-154222712.20370588,-162337500.60000005,0.0,0.0,0.0,-142783279.19999963,-154166824.43197858,-162316508.69084615,0.0,0.0,0.0,0.0,55887.77172729373,20991.90915390849,0,nan,False,,,0.3573646545410156,108.20868860085805
Wait阶段,46,added_region_benders_cuts,137139,443,0.0,-459343492.0037055,-459302844.93345094,40647.070254564285,29352.270143389702,-0.0,-0.0,-0.0,-142783279.19999963,-154222712.20370588,-162337500.60000005,0.0,0.0,0.0,-142783279.19999963,-154193359.9335625,-162326205.7998901,0.0,0.0,0.0,0.0,29352.270143389702,11294.800109952688,0,nan,False,,,0.3609123229980469,110.62144309282303
Wait阶段,47,added_region_benders_cuts,137139,445,0.0,-459343492.0037055,-459316727.70471793,26764.298987567425,24202.26824912429,-0.0,-0.0,-0.0,-142783279.19999963,-154222712.20370588,-162337500.60000005,0.0,0.0,0.0,-142783279.19999963,-154198509.93545675,-162334938.5692628,0.0,0.0,0.0,0.0,24202.26824912429,2562.0307372510433,0,nan,False,,,0.3646278381347656,113.02372444073359
Wait阶段,48,added_region_benders_cuts,137139,447,0.0,-459343492.0037055,-459317571.7332058,25920.27049970627,25728.34148183465,-0.0,-0.0,-0.0,-142783279.19999963,-154222712.20370588,-162337500.60000005,0.0,0.0,0.0,-142783279.19999963,-154196983.86222404,-162337308.6709835,0.0,0.0,0.0,0.0,25728.34148183465,191.9290165603161,0,nan,False,,,0.3672904968261719,115.44417635599773
Wait阶段,49,added_region_benders_cuts,137139,449,0.0,-459343492.0037055,-459324260.361706,19231.64199948311,13246.066171079874,-0.0,-0.0,-0.0,-142783279.19999963,-154222712.20370588,-162337500.60000005,0.0,0.0,0.0,-142783279.19999963,-154209466.1375348,-162331515.02417272,0.0,0.0,0.0,0.0,13246.066171079874,5985.575827330351,0,nan,False,,,0.3680458068847656,117.86851103305817
Wait阶段,50,added_region_benders_cuts,137139,450,0.0,-459343492.0037055,-459323637.08192354,19854.92178195715,19854.921780735254,-0.0,-0.0,-0.0,-142783279.19999963,-154222712.20370588,-162337500.60000005,0.0,0.0,0.0,-142783279.19999963,-154202857.28192514,-162337500.60000005,0.0,0.0,0.0,0.0,19854.921780735254,0.0,0,nan,False,,,0.36949920654296875,120.29428893327713
Wait阶段,51,added_region_benders_cuts,137139,452,0.0,-459343492.0037055,-459331329.1415449,12162.862160623074,10070.86708149314,-0.0,-0.0,-0.0,-142783279.19999963,-154222712.20370588,-162337500.60000005,0.0,0.0,0.0,-142783279.19999963,-154212641.33662438,-162335408.60492218,0.0,0.0,0.0,0.0,10070.86708149314,2091.9950778782368,0,nan,False,,,0.37364959716796875,122.72884667714438
Wait阶段,52,added_region_benders_cuts,137139,454,0.0,-459343492.0037055,-459312090.8511181,31401.152587413788,22151.71040406823,-0.0,-0.0,-0.0,-142783279.19999963,-154222712.20370588,-162337500.60000005,0.0,0.0,0.0,-142783279.19999963,-154200560.4933018,-162328251.15781796,0.0,0.0,0.0,0.0,22151.71040406823,9249.442182093859,0,nan,False,,,0.3046150207519531,125.17108107407888
Wait阶段,53,added_region_benders_cuts,137139,455,0.0,-459343492.0037055,-459307928.1713515,35563.83235400915,35563.83235281706,-0.0,-0.0,-0.0,-142783279.19999963,-154222712.20370588,-162337500.60000005,0.0,0.0,0.0,-142783279.19999963,-154187148.37135306,-162337500.60000005,0.0,0.0,0.0,0.0,35563.83235281706,0.0,0,nan,False,,,0.3675880432128906,128.4998674750328
Wait阶段,54,added_region_benders_cuts,137139,457,0.0,-459343492.0037055,-459321782.10974646,21709.89395904541,21704.63521054387,-0.0,-0.0,-0.0,-142783279.19999963,-154222712.20370588,-162337500.60000005,0.0,0.0,0.0,-142783279.19999963,-154201007.56849533,-162337495.34125277,0.0,0.0,0.0,0.0,21704.63521054387,5.2587472796440125,0,nan,False,,,0.3709564208984375,136.87929238875708
Wait阶段,55,added_region_benders_cuts,137139,459,0.0,-459343492.0037055,-459328091.54719347,15400.45651203394,8873.860656440258,-0.0,-0.0,-0.0,-142783279.19999963,-154222712.20370588,-162337500.60000005,0.0,0.0,0.0,-142783279.19999963,-154216185.60785156,-162328626.7393436,0.0,0.0,0.0,0.0,6526.5958543121815,8873.860656440258,0,nan,False,,,0.37294769287109375,145.08808301289875
Wait阶段,56,added_region_benders_cuts,137139,461,0.0,-459343492.0037055,-459320212.3366359,23279.667069613934,13970.116156041622,-0.0,-0.0,-0.0,-142783279.19999963,-154222712.20370588,-162337500.60000005,0.0,0.0,0.0,-142783279.19999963,-154208742.08754984,-162328191.04908764,0.0,0.0,0.0,0.0,13970.116156041622,9309.55091241002,0,nan,False,,,0.3718719482421875,153.32099651098252
Wait阶段,57,added_region_benders_cuts,137139,462,0.0,-459343492.0037055,-459331117.64730763,12374.356397867203,12374.35639667511,-0.0,-0.0,-0.0,-142783279.19999963,-154222712.20370588,-162337500.60000005,0.0,0.0,0.0,-142783279.19999963,-154210337.8473092,-162337500.60000005,0.0,0.0,0.0,0.0,12374.35639667511,0.0,0,nan,False,,,0.3732490539550781,159.65977425575255
Wait阶段,58,added_region_benders_cuts,137139,464,0.0,-459343492.0037055,-459327804.45333695,15687.55036854744,15673.693308204412,-0.0,-0.0,-0.0,-142783279.19999963,-154222712.20370588,-162337500.60000005,0.0,0.0,0.0,-142783279.19999963,-154207038.51039767,-162337486.74294084,0.0,0.0,0.0,0.0,15673.693308204412,13.857059210538864,0,nan,False,,,0.370361328125,162.19547621011733
Wait阶段,59,added_region_benders_cuts,137139,465,0.0,-459343492.0037055,-459306262.2658319,37229.737873613834,37229.73787239194,-0.0,-0.0,-0.0,-142783279.19999963,-154222712.20370588,-162337500.60000005,0.0,0.0,0.0,-142783279.19999963,-154185482.4658335,-162337500.60000005,0.0,0.0,0.0,0.0,37229.73787239194,0.0,0,nan,False,,,0.3731117248535156,164.70681393146515
Wait阶段,60,added_region_benders_cuts,137139,467,0.0,-459343492.0037055,-459294507.1166661,48984.88703942299,33618.16389152408,-0.0,-0.0,-0.0,-142783279.19999963,-154222712.20370588,-162337500.60000005,0.0,0.0,0.0,-142783279.19999963,-154189094.03981435,-162322133.8768533,0.0,0.0,0.0,0.0,33618.16389152408,15366.723146766424,0,nan,False,,,0.3736419677734375,168.2834395368894
Wait阶段,61,added_region_benders_cuts,137139,469,0.0,-459343492.0037055,-459314074.3976031,29417.60610240698,21628.444612145424,-0.0,-0.0,-0.0,-142783279.19999963,-154222712.20370588,-162337500.60000005,0.0,0.0,0.0,-142783279.19999963,-154201083.75909373,-162329711.43851092,0.0,0.0,0.0,0.0,21628.444612145424,7789.1614891290665,0,nan,False,,,0.3716926574707031,170.7648125767708
Wait阶段,62,added_region_benders_cuts,137139,470,0.0,-459343492.0037055,-459320699.88642716,22792.11727833748,22792.11727705598,-0.0,-0.0,-0.0,-142783279.19999963,-154222712.20370588,-162337500.60000005,0.0,0.0,0.0,-142783279.19999963,-154199920.08642882,-162337500.60000005,0.0,0.0,0.0,0.0,22792.11727705598,0.0,0,nan,False,,,0.3733978271484375,174.14543320337933
Wait阶段,63,added_region_benders_cuts,137139,471,0.0,-459343492.0037055,-459320102.8615104,23389.142195105553,23389.142193883657,-0.0,-0.0,-0.0,-142783279.19999963,-154222712.20370588,-162337500.60000005,0.0,0.0,0.0,-142783279.19999963,-154199323.061512,-162337500.60000005,0.0,0.0,0.0,0.0,23389.142193883657,0.0,0,nan,False,,,0.3751029968261719,176.66269939343135
Wait阶段,64,added_region_benders_cuts,137139,472,0.0,-459343492.0037055,-459311275.7202931,32216.283412396908,32216.283411175013,-0.0,-0.0,-0.0,-142783279.19999963,-154222712.20370588,-162337500.60000005,0.0,0.0,0.0,-142783279.19999963,-154190495.9202947,-162337500.60000005,0.0,0.0,0.0,0.0,32216.283411175013,0.0,0,nan,False,,,0.3757514953613281,179.18341006040572
Wait阶段,65,added_region_benders_cuts,137139,473,0.0,-459343492.0037055,-459340175.76698714,3316.2367183566093,3316.2367171943188,-0.0,-0.0,-0.0,-142783279.19999963,-154222712.20370588,-162337500.60000005,0.0,0.0,0.0,-142783279.19999963,-154219395.96698868,-162337500.60000005,0.0,0.0,0.0,0.0,3316.2367171943188,0.0,0,nan,False,,,0.3732643127441406,181.6962749282519
Wait阶段,66,added_region_benders_cuts,137139,475,0.0,-459343492.0037055,-459333183.495133,10308.508572518826,5510.50753724575,-0.0,-0.0,-0.0,-142783279.19999963,-154222712.20370588,-162337500.60000005,0.0,0.0,0.0,-142783279.19999963,-154217201.69616863,-162332702.598966,0.0,0.0,0.0,0.0,5510.50753724575,4798.00103405118,0,nan,False,,,0.3745689392089844,184.23781179587047
Wait阶段,67,added_region_benders_cuts,137139,477,0.0,-459343492.0037055,-459323526.24524,19965.758465528488,15758.395727276802,-0.0,-0.0,-0.0,-142783279.19999963,-154222712.20370588,-162337500.60000005,0.0,0.0,0.0,-142783279.19999963,-154218504.8409689,-162321742.20427278,0.0,0.0,0.0,0.0,4207.362736970186,15758.395727276802,0,nan,False,,,0.37590789794921875,186.77830738623936
Wait阶段,68,added_region_benders_cuts,137139,478,0.0,-459343492.0037055,-459330940.605638,12551.398067474365,12551.398066312075,-0.0,-0.0,-0.0,-142783279.19999963,-154222712.20370588,-162337500.60000005,0.0,0.0,0.0,-142783279.19999963,-154210160.80563956,-162337500.60000005,0.0,0.0,0.0,0.0,12551.398066312075,0.0,0,nan,False,,,0.3741798400878906,189.3120547771454
Wait阶段,69,added_region_benders_cuts,137139,480,0.0,-459343492.0037055,-459329945.74942106,13546.254284441471,12754.436315983534,-0.0,-0.0,-0.0,-142783279.19999963,-154222712.20370588,-162337500.60000005,0.0,0.0,0.0,-142783279.19999963,-154209957.7673899,-162336708.7820328,0.0,0.0,0.0,0.0,12754.436315983534,791.8179672658443,0,nan,False,,,0.37630462646484375,191.89624722401302
Wait阶段,70,added_region_benders_cuts,137139,481,0.0,-459343492.0037055,-459340688.8007043,2803.203001201153,2803.2029999792576,-0.0,-0.0,-0.0,-142783279.19999963,-154222712.20370588,-162337500.60000005,0.0,0.0,0.0,-142783279.19999963,-154219909.0007059,-162337500.60000005,0.0,0.0,0.0,0.0,2803.2029999792576,0.0,0,nan,False,,,0.37337493896484375,194.48590993483862
Wait阶段,71,added_region_benders_cuts,137139,483,0.0,-459340688.80070555,-459318872.56232697,21816.238378584385,20556.2162669003,-0.0,-0.0,-0.0,-142783279.19999963,-154219909.0007059,-162337500.60000005,0.0,0.0,0.0,-142783279.19999963,-154199352.784439,-162336240.57788953,0.0,0.0,0.0,0.0,20556.2162669003,1260.0221105217934,0,nan,False,,,0.3748779296875,197.02699721654255
Wait阶段,72,added_region_benders_cuts,137139,485,0.0,-459340688.80070555,-459315412.26025426,25276.540451288223,20239.300336271524,-0.0,-0.0,-0.0,-142783279.19999963,-154219909.0007059,-162337500.60000005,0.0,0.0,0.0,-142783279.19999963,-154214871.760592,-162317261.29966378,0.0,0.0,0.0,0.0,5037.240113884211,20239.300336271524,0,nan,False,,,0.3737640380859375,199.5878697514534
Wait阶段,73,added_region_benders_cuts,137139,487,0.0,-459340688.80070555,-459326575.2159535,14113.58475202322,7421.378874719143,-0.0,-0.0,-0.0,-142783279.19999963,-154219909.0007059,-162337500.60000005,0.0,0.0,0.0,-142783279.19999963,-154212487.62183118,-162330808.39412397,0.0,0.0,0.0,0.0,7421.378874719143,6692.205876082182,0,nan,False,,,0.37767791748046875,202.17055711746215
Wait阶段,74,added_region_benders_cuts,137139,489,0.0,-459340688.80070555,-459332922.48401403,7766.31669151783,7351.112535357475,-0.0,-0.0,-0.0,-142783279.19999963,-154219909.0007059,-162337500.60000005,0.0,0.0,0.0,-142783279.19999963,-154219493.796551,-162330149.4874647,0.0,0.0,0.0,0.0,415.2041549086571,7351.112535357475,0,nan,False,,,0.3748512268066406,204.77040162086487
Wait阶段,75,added_region_benders_cuts,137139,491,0.0,-459340688.80070555,-459321830.4770515,18858.323654055595,16739.794892698526,-0.0,-0.0,-0.0,-142783279.19999963,-154219909.0007059,-162337500.60000005,0.0,0.0,0.0,-142783279.19999963,-154203169.2058132,-162335382.07123995,0.0,0.0,0.0,0.0,16739.794892698526,2118.5287601053715,0,nan,False,,,0.3781585693359375,207.3685144106547
Wait阶段,76,added_region_benders_cuts,137139,493,0.0,-459340688.80070555,-459327104.582655,13584.218050539494,11568.517744034529,-0.0,-0.0,-0.0,-142783279.19999963,-154219909.0007059,-162337500.60000005,0.0,0.0,0.0,-142783279.19999963,-154208340.48296186,-162335484.89969477,0.0,0.0,0.0,0.0,11568.517744034529,2015.7003052830696,0,nan,False,,,0.3775596618652344,209.98205619255702
Wait=32可行端点恢复,1,added_region_benders_cuts,137139,495,-459340688.80070555,-459340688.80070555,-459144870.713248,195818.08745753765,177953.92243129015,-0.0,-0.0,-0.0,-142783279.19999963,-154219909.0007059,-162337500.60000005,0.0,0.0,0.0,-142783279.19999963,-154202044.835681,-162159546.67756876,0.0,0.0,0.0,0.0,17864.165024906397,177953.92243129015,0,nan,False,,,0.24127578735351562,0.3769789695739746
Wait=32可行端点恢复,2,added_region_benders_cuts,137139,497,-459340688.80070555,-459340688.80070555,-459166940.5533415,173748.2473640442,102932.69663307071,-0.0,-0.0,-0.0,-142783279.19999963,-154219909.0007059,-162337500.60000005,0.0,0.0,0.0,-142783279.19999963,-154149093.44997597,-162234567.90336698,0.0,0.0,0.0,0.0,70815.5507299304,102932.69663307071,0,nan,False,,,0.2502174377441406,0.5204207936922709
Wait=32可行端点恢复,3,added_region_benders_cuts,137139,499,-459340688.80070555,-459340688.80070555,-459292120.78718436,48568.01352119446,32521.302175998688,-0.0,-0.0,-0.0,-142783279.19999963,-154219909.0007059,-162337500.60000005,0.0,0.0,0.0,-142783279.19999963,-154203862.28936192,-162304979.29782405,0.0,0.0,0.0,0.0,16046.711343973875,32521.302175998688,0,nan,False,,,0.25662994384765625,0.6538894136746725
Wait=32可行端点恢复,4,added_region_benders_cuts,137139,501,-459340688.80070555,-459340688.80070555,-459183767.62515366,156921.17555189133,98569.40013816953,-0.0,-0.0,-0.0,-142783279.19999963,-154219909.0007059,-162337500.60000005,0.0,0.0,0.0,-142783279.19999963,-154161557.22529364,-162238931.19986188,0.0,0.0,0.0,0.0,58351.775412261486,98569.40013816953,0,nan,False,,,0.263763427734375,0.7870861013730367
Wait=32可行端点恢复,5,added_region_benders_cuts,137139,503,-459340688.80070555,-459340688.80070555,-459201631.498638,139057.30206757784,85510.27119192481,-0.0,-0.0,-0.0,-142783279.19999963,-154219909.0007059,-162337500.60000005,0.0,0.0,0.0,-142783279.19999963,-154134398.72951397,-162283953.56912577,0.0,0.0,0.0,0.0,85510.27119192481,53547.03087428212,0,nan,False,,,0.2660484313964844,0.9217650095621744
Wait=32可行端点恢复,6,added_region_benders_cuts,137139,505,-459340688.80070555,-459340688.80070555,-459299321.49506366,41367.30564188957,22582.889570474625,-0.0,-0.0,-0.0,-142783279.19999963,-154219909.0007059,-162337500.60000005,0.0,0.0,0.0,-142783279.19999963,-154197326.11113542,-162318716.18392992,0.0,0.0,0.0,0.0,22582.889570474625,18784.416070133448,0,nan,False,,,0.27126312255859375,1.0534235040346782
Wait=32可行端点恢复,7,added_region_benders_cuts,137139,507,-459340688.80070555,-459340688.80070555,-459233534.5658049,107154.23490065336,79622.86660978198,-0.0,-0.0,-0.0,-142783279.19999963,-154219909.0007059,-162337500.60000005,0.0,0.0,0.0,-142783279.19999963,-154192377.63241625,-162257877.73339027,0.0,0.0,0.0,0.0,27531.368289649487,79622.86660978198,0,nan,False,,,0.2776908874511719,1.1868911782900493
Wait=32可行端点恢复,8,added_region_benders_cuts,137139,509,-459340688.80070555,-459340688.80070555,-459251570.7487982,89118.05190736055,56007.90662410855,-0.0,-0.0,-0.0,-142783279.19999963,-154219909.0007059,-162337500.60000005,0.0,0.0,0.0,-142783279.19999963,-154186798.85542396,-162281492.69337595,0.0,0.0,0.0,0.0,33110.1452819407,56007.90662410855,0,nan,False,,,0.2782707214355469,1.324262543519338
Wait=32可行端点恢复,9,added_region_benders_cuts,137139,511,-459340688.80070555,-459340688.80070555,-459275429.28312165,65259.51758390665,54159.47936576605,-0.0,-0.0,-0.0,-142783279.19999963,-154219909.0007059,-162337500.60000005,0.0,0.0,0.0,-142783279.19999963,-154208808.962489,-162283341.1206343,0.0,0.0,0.0,0.0,11100.038216888905,54159.47936576605,0,nan,False,,,0.2758903503417969,1.4578798731168112
Wait=32可行端点恢复,10,added_region_benders_cuts,137139,513,-459340688.80070555,-459340688.80070555,-459216814.338929,123874.46177655458,104974.1834218204,-0.0,-0.0,-0.0,-142783279.19999963,-154219909.0007059,-162337500.60000005,0.0,0.0,0.0,-142783279.19999963,-154201008.72235236,-162232526.41657823,0.0,0.0,0.0,0.0,18900.27835354209,104974.1834218204,0,nan,False,,,0.3225440979003906,1.5909231662750245
Wait=32可行端点恢复,11,added_region_benders_cuts,137139,515,-459340688.80070555,-459340688.80070555,-459279654.8680693,61033.932636260986,38580.806703686714,-0.0,-0.0,-0.0,-142783279.19999963,-154219909.0007059,-162337500.60000005,0.0,0.0,0.0,-142783279.19999963,-154197455.87477458,-162298919.79329637,0.0,0.0,0.0,0.0,22453.125931322575,38580.806703686714,0,nan,False,,,0.3253211975097656,1.7256618857383728
Wait=32可行端点恢复,12,added_region_benders_cuts,137139,517,-459340688.80070555,-459340688.80070555,-459239195.51750576,101493.28319978714,91567.79588660598,-0.0,-0.0,-0.0,-142783279.19999963,-154219909.0007059,-162337500.60000005,0.0,0.0,0.0,-142783279.19999963,-154209983.51339403,-162245932.80411345,0.0,0.0,0.0,0.0,9925.48731186986,91567.79588660598,0,nan,False,,,0.3262367248535156,1.868457849820455
Wait=32可行端点恢复,13,added_region_benders_cuts,137139,520,-459340688.80070555,-459340688.80070555,-459272941.99532676,67746.80537879467,45600.690874278545,-0.0,-0.0,-0.0,-142783279.19999963,-154219909.0007059,-162337500.60000005,0.0,0.0,0.0,-142782787.60733247,-154198254.47886986,-162291899.90912578,0.0,0.0,0.0,491.59266716241837,21654.521836042404,45600.690874278545,0,nan,False,,,0.3210411071777344,2.0033827225367227
Wait=32可行端点恢复,14,added_region_benders_cuts,137139,522,-459340688.80070555,-459340688.80070555,-459164229.30139196,176459.4993135929,152474.08022904396,-0.0,-0.0,-0.0,-142783279.19999963,-154219909.0007059,-162337500.60000005,0.0,0.0,0.0,-142783279.19999963,-154195923.5816227,-162185026.519771,0.0,0.0,0.0,0.0,23985.419083207846,152474.08022904396,0,nan,False,,,0.3269538879394531,2.146364625295003
Wait=32可行端点恢复,15,added_region_benders_cuts,137139,524,-459340688.80070555,-459340688.80070555,-459227969.62922436,112719.17148119211,69446.79288649559,-0.0,-0.0,-0.0,-142783279.19999963,-154219909.0007059,-162337500.60000005,0.0,0.0,0.0,-142783279.19999963,-154150462.2078194,-162294228.2214067,0.0,0.0,0.0,0.0,69446.79288649559,43272.37859335542,0,nan,False,,,0.32738494873046875,2.295860242843628
Wait=32可行端点恢复,16,added_region_benders_cuts,137139,526,-459340688.80070555,-459340688.80070555,-459275645.61882067,65043.181884884834,58496.48097586632,-0.0,-0.0,-0.0,-142783279.19999963,-154219909.0007059,-162337500.60000005,0.0,0.0,0.0,-142783279.19999963,-154213362.299798,-162279004.1190242,0.0,0.0,0.0,0.0,6546.700907886028,58496.48097586632,0,nan,False,,,0.3319664001464844,2.431799817085266
Wait=32可行端点恢复,17,added_region_benders_cuts,137139,528,-459340688.80070555,-459340688.80070555,-459177557.74127096,163131.05943459272,98548.93269702792,-0.0,-0.0,-0.0,-142783279.19999963,-154219909.0007059,-162337500.60000005,0.0,0.0,0.0,-142783279.19999963,-154155326.87396955,-162238951.66730303,0.0,0.0,0.0,0.0,64582.12673634291,98548.93269702792,0,nan,False,,,0.3316459655761719,2.565503990650177
Wait=32可行端点恢复,18,added_region_benders_cuts,137139,530,-459340688.80070555,-459340688.80070555,-459243822.02558196,96866.77512359619,78706.9003213346,-0.0,-0.0,-0.0,-142783279.19999963,-154219909.0007059,-162337500.60000005,0.0,0.0,0.0,-142783279.19999963,-154201749.12590498,-162258793.69967872,0.0,0.0,0.0,0.0,18159.874800920486,78706.9003213346,0,nan,False,,,0.3326568603515625,2.700079635779063
Wait=32可行端点恢复,19,added_region_benders_cuts,137139,532,-459340688.80070555,-459340688.80070555,-459265853.3741564,74835.42654913664,37901.57982581854,-0.0,-0.0,-0.0,-142783279.19999963,-154219909.0007059,-162337500.60000005,0.0,0.0,0.0,-142783279.19999963,-154182007.42088008,-162300566.75327802,0.0,0.0,0.0,0.0,37901.57982581854,36933.8467220366,0,nan,False,,,0.34320068359375,2.835903596878052
Wait=32可行端点恢复,20,added_region_benders_cuts,137139,534,-459340688.80070555,-459340688.80070555,-459279920.9400404,60767.860665142536,44818.12083631754,-0.0,-0.0,-0.0,-142783279.19999963,-154219909.0007059,-162337500.60000005,0.0,0.0,0.0,-142783279.19999963,-154203959.2608783,-162292682.47916374,0.0,0.0,0.0,0.0,15949.739827603102,44818.12083631754,0,nan,False,,,0.3386268615722656,2.9719357013702394
Wait=32可行端点恢复,21,added_region_benders_cuts,137139,536,-459340688.80070555,-459340688.80070555,-459305666.22197217,35022.57873338461,20974.83828213811,-0.0,-0.0,-0.0,-142783279.19999963,-154219909.0007059,-162337500.60000005,0.0,0.0,0.0,-142783279.19999963,-154205861.2602558,-162316525.76171792,0.0,0.0,0.0,0.0,14047.74045008421,20974.83828213811,0,nan,False,,,0.3401069641113281,3.110527499516805
Wait=32可行端点恢复,22,added_region_benders_cuts,137139,538,-459340688.80070555,-459340688.80070555,-459294295.31244236,46393.48826318979,45518.753225535154,-0.0,-0.0,-0.0,-142783279.19999963,-154219909.0007059,-162337500.60000005,0.0,0.0,0.0,-142783279.19999963,-154219034.26566952,-162291981.84677452,0.0,0.0,0.0,0.0,874.7350363731384,45518.753225535154,0,nan,False,,,0.3425712585449219,3.2567448655764264
Wait=32可行端点恢复,23,added_region_benders_cuts,137139,540,-459340688.80070555,-459340688.80070555,-459306466.9896193,34221.81108623743,20331.224511563778,-0.0,-0.0,-0.0,-142783279.19999963,-154219909.0007059,-162337500.60000005,0.0,0.0,0.0,-142783279.19999963,-154199577.77619433,-162323610.01342654,0.0,0.0,0.0,0.0,20331.224511563778,13890.586573511362,0,nan,False,,,0.34722900390625,3.392359991868337
Wait=32可行端点恢复,24,added_region_benders_cuts,137139,542,-459340688.80070555,-459340688.80070555,-459283208.08688676,57480.71381878853,31423.454587191343,-0.0,-0.0,-0.0,-142783279.19999963,-154219909.0007059,-162337500.60000005,0.0,0.0,0.0,-142783279.19999963,-154193851.74147546,-162306077.14541286,0.0,0.0,0.0,0.0,26057.259230434895,31423.454587191343,0,nan,False,,,0.34574127197265625,3.533439016342163
Wait=32可行端点恢复,25,added_region_benders_cuts,137139,544,-459340688.80070555,-459340688.80070555,-459293740.84601843,46947.95468711853,34048.00142839551,-0.0,-0.0,-0.0,-142783279.19999963,-154219909.0007059,-162337500.60000005,0.0,0.0,0.0,-142783279.19999963,-154185860.9992775,-162324600.6467426,0.0,0.0,0.0,0.0,34048.00142839551,12899.95325744152,0,nan,False,,,0.3510704040527344,3.6682106018066407
Wait=32可行端点恢复,26,added_region_benders_cuts,137139,546,-459340688.80070555,-459340688.80070555,-459250926.2210078,89762.57969772816,60649.19715949893,-0.0,-0.0,-0.0,-142783279.19999963,-154219909.0007059,-162337500.60000005,0.0,0.0,0.0,-142783279.19999963,-154159259.8035464,-162308387.21746305,0.0,0.0,0.0,0.0,60649.19715949893,29113.382537007332,0,nan,False,,,0.3457069396972656,3.801943830649058
Wait=32可行端点恢复,27,added_region_benders_cuts,137139,548,-459340688.80070555,-459340688.80070555,-459269789.88502294,70898.91568261385,48592.17141956091,-0.0,-0.0,-0.0,-142783279.19999963,-154219909.0007059,-162337500.60000005,0.0,0.0,0.0,-142783279.19999963,-154197602.25644404,-162288908.4285805,0.0,0.0,0.0,0.0,22306.744261860847,48592.17141956091,0,nan,False,,,0.3492546081542969,3.9366247415542603
Wait=32可行端点恢复,28,added_region_benders_cuts,137139,550,-459340688.80070555,-459340688.80070555,-459281118.55535513,59570.245350420475,36399.32879328728,-0.0,-0.0,-0.0,-142783279.19999963,-154219909.0007059,-162337500.60000005,0.0,0.0,0.0,-142783279.19999963,-154196738.08415008,-162301101.27120677,0.0,0.0,0.0,0.0,23170.916555821896,36399.32879328728,0,nan,False,,,0.35042572021484375,4.071463239192963
Wait=32可行端点恢复,29,added_region_benders_cuts,137139,552,-459340688.80070555,-459340688.80070555,-459314442.39957696,26246.401128590107,18622.828346848488,-0.0,-0.0,-0.0,-142783279.19999963,-154219909.0007059,-162337500.60000005,0.0,0.0,0.0,-142783279.19999963,-154212285.42792538,-162318877.7716532,0.0,0.0,0.0,0.0,7623.572780519724,18622.828346848488,0,nan,False,,,0.29415130615234375,4.213680946826935
Wait=32可行端点恢复,30,added_region_benders_cuts,137139,554,-459340688.80070555,-459340688.80070555,-459302977.754241,37711.046464562416,22028.129211068153,-0.0,-0.0,-0.0,-142783279.19999963,-154219909.0007059,-162337500.60000005,0.0,0.0,0.0,-142783279.19999963,-154204226.08345363,-162315472.470789,0.0,0.0,0.0,0.0,15682.917252272367,22028.129211068153,0,nan,False,,,0.3547706604003906,4.3595765948295595
Wait=32可行端点恢复,31,added_region_benders_cuts,137139,556,-459340688.80070555,-459340688.80070555,-459286998.6449003,53690.15580523014,41090.5248105824,-0.0,-0.0,-0.0,-142783279.19999963,-154219909.0007059,-162337500.60000005,0.0,0.0,0.0,-142783279.19999963,-154207309.36971247,-162296410.07518947,0.0,0.0,0.0,0.0,12599.630993425846,41090.5248105824,0,nan,False,,,0.35430908203125,4.493169482549032
Wait=32可行端点恢复,32,added_region_benders_cuts,137139,558,-459340688.80070555,-459340688.80070555,-459298245.68577343,42443.114932119846,22878.962366342545,-0.0,-0.0,-0.0,-142783279.19999963,-154219909.0007059,-162337500.60000005,0.0,0.0,0.0,-142783279.19999963,-154200344.84814137,-162314621.6376337,0.0,0.0,0.0,0.0,19564.152564525604,22878.962366342545,0,nan,False,,,0.35636138916015625,4.6269336104393
Wait=32可行端点恢复,33,added_region_benders_cuts,137139,560,-459340688.80070555,-459340688.80070555,-459294571.9091421,46116.89156347513,33409.32026061416,-0.0,-0.0,-0.0,-142783279.19999963,-154219909.0007059,-162337500.60000005,0.0,0.0,0.0,-142783279.19999963,-154186499.68044528,-162324793.0286984,0.0,0.0,0.0,0.0,33409.32026061416,12707.57130163908,0,nan,False,,,0.35781097412109375,4.757733960946401
Wait=32可行端点恢复,34,added_region_benders_cuts,137139,562,-459340688.80070555,-459340688.80070555,-459316625.0066001,24063.79410547018,21172.928937077522,-0.0,-0.0,-0.0,-142783279.19999963,-154219909.0007059,-162337500.60000005,0.0,0.0,0.0,-142783279.19999963,-154217018.1355388,-162316327.67106298,0.0,0.0,0.0,0.0,2890.8651671111584,21172.928937077522,0,nan,False,,,0.3589324951171875,4.894542038440704
Wait=32可行端点恢复,35,added_region_benders_cuts,137139,564,-459340688.80070555,-459340688.80070555,-459304947.95736116,35740.84334439039,21735.81830868125,-0.0,-0.0,-0.0,-142783279.19999963,-154219909.0007059,-162337500.60000005,0.0,0.0,0.0,-142783279.19999963,-154205903.97567147,-162315764.78169137,0.0,0.0,0.0,0.0,14005.025034427643,21735.81830868125,0,nan,False,,,0.29596710205078125,5.0296114683151245
Wait=32可行端点恢复,36,added_region_benders_cuts,137139,566,-459340688.80070555,-459340688.80070555,-459287530.06289285,53158.73781269789,32274.472290366888,-0.0,-0.0,-0.0,-142783279.19999963,-154219909.0007059,-162337500.60000005,0.0,0.0,0.0,-142783279.19999963,-154199024.7351848,-162305226.1277097,0.0,0.0,0.0,0.0,20884.265521109104,32274.472290366888,0,nan,False,,,0.3560905456542969,5.165098055203756
Wait=32可行端点恢复,37,added_region_benders_cuts,137139,568,-459340688.80070555,-459340688.80070555,-459309956.96769893,30731.833006620407,24956.96861049533,-0.0,-0.0,-0.0,-142783279.19999963,-154219909.0007059,-162337500.60000005,0.0,0.0,0.0,-142783279.19999963,-154214134.13631094,-162312543.63138956,0.0,0.0,0.0,0.0,5774.864394962788,24956.96861049533,0,nan,False,,,0.35797882080078125,5.3075831770896915
Wait=32可行端点恢复,38,added_region_benders_cuts,137139,570,-459340688.80070555,-459340688.80070555,-459311719.9509256,28968.849779963493,16074.116631627083,-0.0,-0.0,-0.0,-142783279.19999963,-154219909.0007059,-162337500.60000005,0.0,0.0,0.0,-142783279.19999963,-154203834.88407427,-162324605.86685294,0.0,0.0,0.0,0.0,16074.116631627083,12894.733147114515,0,nan,False,,,0.36096954345703125,5.454103167851766
Wait=32可行端点恢复,39,added_region_benders_cuts,137139,572,-459340688.80070555,-459340688.80070555,-459284398.9282559,56289.87244963646,38332.13263717294,-0.0,-0.0,-0.0,-142783279.19999963,-154219909.0007059,-162337500.60000005,0.0,0.0,0.0,-142783279.19999963,-154201951.26089472,-162299168.46736288,0.0,0.0,0.0,0.0,17957.739811182022,38332.13263717294,0,nan,False,,,0.36260223388671875,5.596252806981405
Wait=32可行端点恢复,40,added_region_benders_cuts,137139,574,-459340688.80070555,-459340688.80070555,-459278330.32984406,62358.47086149454,43050.99775916338,-0.0,-0.0,-0.0,-142783279.19999963,-154219909.0007059,-162337500.60000005,0.0,0.0,0.0,-142783279.19999963,-154200601.52760488,-162294449.6022409,0.0,0.0,0.0,0.0,19307.47310101986,43050.99775916338,0,nan,False,,,0.360260009765625,5.737310286362966
Wait=32可行端点恢复,41,added_region_benders_cuts,137139,576,-459340688.80070555,-459340688.80070555,-459307028.62568915,33660.1750164032,20927.019240617752,-0.0,-0.0,-0.0,-142783279.19999963,-154219909.0007059,-162337500.60000005,0.0,0.0,0.0,-142783279.19999963,-154207175.84493148,-162316573.58075944,0.0,0.0,0.0,0.0,12733.15577441454,20927.019240617752,0,nan,False,,,0.3618583679199219,5.874670978387197
Wait=32可行端点恢复,42,added_region_benders_cuts,137139,578,-459340688.80070555,-459340688.80070555,-459288293.19627625,52395.6044293046,32202.40369811654,-0.0,-0.0,-0.0,-142783279.19999963,-154219909.0007059,-162337500.60000005,0.0,0.0,0.0,-142783279.19999963,-154199715.79997593,-162305298.19630194,0.0,0.0,0.0,0.0,20193.200729966164,32202.40369811654,0,nan,False,,,0.3611488342285156,6.006081056594849
Wait=32可行端点恢复,43,added_region_benders_cuts,137139,580,-459340688.80070555,-459340688.80070555,-459314629.43840677,26059.36229878664,13770.93658965826,-0.0,-0.0,-0.0,-142783279.19999963,-154219909.0007059,-162337500.60000005,0.0,0.0,0.0,-142783279.19999963,-154207620.57499814,-162323729.6634104,0.0,0.0,0.0,0.0,12288.425707757473,13770.93658965826,0,nan,False,,,0.3629875183105469,6.1410104910532635
Wait=32可行端点恢复,44,added_region_benders_cuts,137139,582,-459340688.80070555,-459340688.80070555,-459321663.12868714,19025.672018408775,15092.424101501703,-0.0,-0.0,-0.0,-142783279.19999963,-154219909.0007059,-162337500.60000005,0.0,0.0,0.0,-142783279.19999963,-154215975.7527902,-162322408.17589855,0.0,0.0,0.0,0.0,3933.247915685177,15092.424101501703,0,nan,False,,,0.3653564453125,6.277830239137014
Wait=32可行端点恢复,45,added_region_benders_cuts,137139,584,-459340688.80070555,-459340688.80070555,-459321060.64464664,19628.15605890751,17772.499350637197,-0.0,-0.0,-0.0,-142783279.19999963,-154219909.0007059,-162337500.60000005,0.0,0.0,0.0,-142783279.19999963,-154218053.3439988,-162319728.10064942,0.0,0.0,0.0,0.0,1855.6567071080208,17772.499350637197,0,nan,False,,,0.364898681640625,6.414333474636078
Wait=32可行端点恢复,46,added_region_benders_cuts,137139,586,-459340688.80070555,-459340688.80070555,-459306742.4627039,33946.33800166845,20364.532884210348,-0.0,-0.0,-0.0,-142783279.19999963,-154219909.0007059,-162337500.60000005,0.0,0.0,0.0,-142783279.19999963,-154206327.1955897,-162317136.06711584,0.0,0.0,0.0,0.0,13581.805116206408,20364.532884210348,0,nan,False,,,0.35976409912109375,6.548398260275523
Wait=32可行端点恢复,47,added_region_benders_cuts,137139,588,-459340688.80070555,-459340688.80070555,-459303475.35445416,37213.446251392365,31723.206898599863,-0.0,-0.0,-0.0,-142783279.19999963,-154219909.0007059,-162337500.60000005,0.0,0.0,0.0,-142783279.19999963,-154214418.76135436,-162305777.39310145,0.0,0.0,0.0,0.0,5490.239351540804,31723.206898599863,0,nan,False,,,0.36309814453125,6.686898819605509
Wait=32可行端点恢复,48,added_region_benders_cuts,137139,590,-459340688.80070555,-459340688.80070555,-459333668.7319279,7020.068777680397,4570.453612208366,-0.0,-0.0,-0.0,-142783279.19999963,-154219909.0007059,-162337500.60000005,0.0,0.0,0.0,-142783279.19999963,-154217459.38554168,-162332930.14638785,0.0,0.0,0.0,0.0,2449.615164220333,4570.453612208366,0,nan,False,,,0.36566162109375,6.822074635823568
Wait=32可行端点恢复,49,added_region_benders_cuts,137139,592,-459340688.80070555,-459340688.80070555,-459300841.6207658,39847.17993974686,39427.833038419485,-0.0,-0.0,-0.0,-142783279.19999963,-154219909.0007059,-162337500.60000005,0.0,0.0,0.0,-142783279.19999963,-154219489.65380588,-162298072.76696163,0.0,0.0,0.0,0.0,419.3469000160694,39427.833038419485,0,nan,False,,,0.3671112060546875,6.9556902885437015
Wait=32可行端点恢复,50,added_region_benders_cuts,137139,594,-459340688.80070555,-459340688.80070555,-459329536.3146615,11152.486044049263,6267.119886636734,-0.0,-0.0,-0.0,-142783279.19999963,-154219909.0007059,-162337500.60000005,0.0,0.0,0.0,-142783279.19999963,-154215023.63454974,-162331233.48011342,0.0,0.0,0.0,0.0,4885.366156160831,6267.119886636734,0,nan,False,,,0.3664512634277344,7.092409825325012
Wait=32可行端点恢复,51,added_region_benders_cuts,137139,596,-459340688.80070555,-459340688.80070555,-459287613.4603595,53075.34034603834,48075.24503391981,-0.0,-0.0,-0.0,-142783279.19999963,-154219909.0007059,-162337500.60000005,0.0,0.0,0.0,-142783279.19999963,-154214908.9053949,-162289425.35496613,0.0,0.0,0.0,0.0,5000.095310986042,48075.24503391981,0,nan,False,,,0.36382293701171875,7.2288325190544125
Wait=32可行端点恢复,52,added_region_benders_cuts,137139,598,-459340688.80070555,-459340688.80070555,-459317821.8042677,22866.996437847614,21023.650841116905,-0.0,-0.0,-0.0,-142783279.19999963,-154219909.0007059,-162337500.60000005,0.0,0.0,0.0,-142783279.19999963,-154218065.6551104,-162316476.94915894,0.0,0.0,0.0,0.0,1843.3455955088139,21023.650841116905,0,nan,False,,,0.3658180236816406,7.369465935230255
Wait=32可行端点恢复,53,added_region_benders_cuts,137139,600,-459340688.80070555,-459340688.80070555,-459321506.2443434,19182.5563621521,14749.441328674555,-0.0,-0.0,-0.0,-142783279.19999963,-154219909.0007059,-162337500.60000005,0.0,0.0,0.0,-142783279.19999963,-154215475.8856737,-162322751.15867138,0.0,0.0,0.0,0.0,4433.115032196045,14749.441328674555,0,nan,False,,,0.3052215576171875,7.50977650086085
Wait=32可行端点恢复,54,added_region_benders_cuts,137139,602,-459340688.80070555,-459340688.80070555,-459330791.4337123,9897.366993248463,9550.738726645708,-0.0,-0.0,-0.0,-142783279.19999963,-154219909.0007059,-162337500.60000005,0.0,0.0,0.0,-142783279.19999963,-154210358.26197925,-162337153.9717347,0.0,0.0,0.0,0.0,9550.738726645708,346.62826535105705,0,nan,False,,,0.3651771545410156,7.646732529004415
Wait=32可行端点恢复,55,added_region_benders_cuts,137139,604,-459340688.80070555,-459340688.80070555,-459298352.32543117,42336.47527438402,32245.704346597195,-0.0,-0.0,-0.0,-142783279.19999963,-154219909.0007059,-162337500.60000005,0.0,0.0,0.0,-142783279.19999963,-154187663.2963593,-162327409.8290735,0.0,0.0,0.0,0.0,32245.704346597195,10090.770926564932,0,nan,False,,,0.3676605224609375,7.784586640199025
Wait=32可行端点恢复,56,added_region_benders_cuts,137139,606,-459340688.80070555,-459340688.80070555,-459299696.3975747,40992.403130829334,25495.24789738655,-0.0,-0.0,-0.0,-142783279.19999963,-154219909.0007059,-162337500.60000005,0.0,0.0,0.0,-142783279.19999963,-154194413.7528085,-162322003.44476786,0.0,0.0,0.0,0.0,25495.24789738655,15497.155232191086,0,nan,False,,,0.36653900146484375,7.922715934117635
Wait=32可行端点恢复,57,added_region_benders_cuts,137139,608,-459340688.80070555,-459340688.80070555,-459305624.08979195,35064.71091359854,21759.574181079865,-0.0,-0.0,-0.0,-142783279.19999963,-154219909.0007059,-162337500.60000005,0.0,0.0,0.0,-142783279.19999963,-154206603.8639747,-162315741.02581897,0.0,0.0,0.0,0.0,13305.13673120737,21759.574181079865,0,nan,False,,,0.3687705993652344,8.060217348734538
Wait=32可行端点恢复,58,added_region_benders_cuts,137139,610,-459340688.80070555,-459340688.80070555,-459322522.56684136,18166.233864188194,10556.736744821072,-0.0,-0.0,-0.0,-142783279.19999963,-154219909.0007059,-162337500.60000005,0.0,0.0,0.0,-142783279.19999963,-154212299.50358784,-162326943.86325523,0.0,0.0,0.0,0.0,7609.4971180558205,10556.736744821072,0,nan,False,,,0.370391845703125,8.19707670211792
Wait=32可行端点恢复,59,added_region_benders_cuts,137139,612,-459340688.80070555,-459340688.80070555,-459318580.6759839,22108.12472164631,17119.01125523448,-0.0,-0.0,-0.0,-142783279.19999963,-154219909.0007059,-162337500.60000005,0.0,0.0,0.0,-142783279.19999963,-154214919.8872407,-162320381.58874482,0.0,0.0,0.0,0.0,4989.113465189934,17119.01125523448,0,nan,False,,,0.305084228515625,8.33490757147471
Wait=32可行端点恢复,60,added_region_benders_cuts,137139,614,-459340688.80070555,-459340688.80070555,-459271956.7189406,68732.08176493645,35876.924739569426,-0.0,-0.0,-0.0,-142783279.19999963,-154219909.0007059,-162337500.60000005,0.0,0.0,0.0,-142783279.19999963,-154187053.84368172,-162301623.67526048,0.0,0.0,0.0,0.0,32855.15702417493,35876.924739569426,0,nan,False,,,0.3714027404785156,8.488610172271729
Wait=32可行端点恢复,61,added_region_benders_cuts,137139,616,-459340688.80070555,-459340688.80070555,-459324625.27194625,16063.528759300709,13660.6338737607,-0.0,-0.0,-0.0,-142783279.19999963,-154219909.0007059,-162337500.60000005,0.0,0.0,0.0,-142783279.19999963,-154217506.10582167,-162323839.9661263,0.0,0.0,0.0,0.0,2402.8948842287064,13660.6338737607,0,nan,False,,,0.3692054748535156,8.643322817484538
Wait=32可行端点恢复,62,added_region_benders_cuts,137139,618,-459340688.80070555,-459340688.80070555,-459333529.54302466,7159.257680892944,6841.738226175308,-0.0,-0.0,-0.0,-142783279.19999963,-154219909.0007059,-162337500.60000005,0.0,0.0,0.0,-142783279.19999963,-154219591.4812525,-162330658.86177388,0.0,0.0,0.0,0.0,317.5194534063339,6841.738226175308,0,nan,False,,,0.3729400634765625,8.786382933457693
Wait=32可行端点恢复,63,added_region_benders_cuts,137139,620,-459340688.80070555,-459340688.80070555,-459315982.5088932,24706.291812360287,22152.789991229773,-0.0,-0.0,-0.0,-142783279.19999963,-154219909.0007059,-162337500.60000005,0.0,0.0,0.0,-142783279.19999963,-154217355.49888605,-162315347.81000882,0.0,0.0,0.0,0.0,2553.5018198490143,22152.789991229773,0,nan,False,,,0.36992645263671875,8.925761695702871
Wait=32可行端点恢复,64,added_region_benders_cuts,137139,622,-459340688.80070555,-459340688.80070555,-459331311.6047119,9377.19599366188,5538.612538844347,-0.0,-0.0,-0.0,-142783279.19999963,-154219909.0007059,-162337500.60000005,0.0,0.0,0.0,-142783279.19999963,-154216070.41725233,-162331961.9874612,0.0,0.0,0.0,0.0,3838.583453565836,5538.612538844347,0,nan,False,,,0.37264251708984375,9.063229576746624
Wait=32可行端点恢复,65,added_region_benders_cuts,137139,624,-459340688.80070555,-459340688.80070555,-459321661.36222947,19027.438476085663,10325.728785276413,-0.0,-0.0,-0.0,-142783279.19999963,-154219909.0007059,-162337500.60000005,0.0,0.0,0.0,-142783279.19999963,-154209583.27192062,-162328798.89031053,0.0,0.0,0.0,0.0,10325.728785276413,8701.70968952775,0,nan,False,,,0.3071708679199219,9.201798621813456
Wait=32可行端点恢复,66,added_region_benders_cuts,137139,626,-459340688.80070555,-459340688.80070555,-459320004.0086924,20684.792013168335,18108.138862997293,-0.0,-0.0,-0.0,-142783279.19999963,-154219909.0007059,-162337500.60000005,0.0,0.0,0.0,-142783279.19999963,-154217332.34755698,-162319392.46113706,0.0,0.0,0.0,0.0,2576.653148919344,18108.138862997293,0,nan,False,,,0.37427520751953125,9.336919542153677
Wait=32可行端点恢复,67,added_region_benders_cuts,137139,628,-459340688.80070555,-459340688.80070555,-459330385.82438534,10302.976320207119,9129.677295565605,-0.0,-0.0,-0.0,-142783279.19999963,-154219909.0007059,-162337500.60000005,0.0,0.0,0.0,-142783279.19999963,-154218735.70168254,-162328370.9227045,0.0,0.0,0.0,0.0,1173.299023360014,9129.677295565605,0,nan,False,,,0.3731117248535156,9.475116352240244
Wait=32可行端点恢复,68,added_region_benders_cuts,137139,630,-459340688.80070555,-459340688.80070555,-459312794.3694412,27894.431264340878,22450.204317986965,-0.0,-0.0,-0.0,-142783279.19999963,-154219909.0007059,-162337500.60000005,0.0,0.0,0.0,-142783279.19999963,-154214464.7737609,-162315050.39568207,0.0,0.0,0.0,0.0,5444.2269449830055,22450.204317986965,0,nan,False,,,0.3742332458496094,9.61331604719162
Wait=32可行端点恢复,69,added_region_benders_cuts,137139,632,-459340688.80070555,-459340688.80070555,-459309716.54024816,30972.260457396507,21430.86786735058,-0.0,-0.0,-0.0,-142783279.19999963,-154219909.0007059,-162337500.60000005,0.0,0.0,0.0,-142783279.19999963,-154210367.6081172,-162316069.7321327,0.0,0.0,0.0,0.0,9541.392588704824,21430.86786735058,0,nan,False,,,0.3753204345703125,9.749864455064138
Wait=32可行端点恢复,70,added_region_benders_cuts,137139,634,-459340688.80070555,-459340688.80070555,-459324233.2554985,16455.54520702362,15256.39677542448,-0.0,-0.0,-0.0,-142783279.19999963,-154219909.0007059,-162337500.60000005,0.0,0.0,0.0,-142783279.19999963,-154218709.8522755,-162322244.20322463,0.0,0.0,0.0,0.0,1199.1484304070473,15256.39677542448,0,nan,False,,,0.37451934814453125,9.889745887120565
Wait=32可行端点恢复,71,added_region_benders_cuts,137139,636,-459340688.80070555,-459340688.80070555,-459323021.17473286,17667.625972688198,11466.975172162056,-0.0,-0.0,-0.0,-142783279.19999963,-154219909.0007059,-162337500.60000005,0.0,0.0,0.0,-142783279.19999963,-154213708.34990656,-162326033.6248279,0.0,0.0,0.0,0.0,6200.650799334049,11466.975172162056,0,nan,False,,,0.3109779357910156,10.026873445510864
Wait=32可行端点恢复,72,added_region_benders_cuts,137139,638,-459340688.80070555,-459340688.80070555,-459316586.8547116,24101.945993959904,23582.861406117678,-0.0,-0.0,-0.0,-142783279.19999963,-154219909.0007059,-162337500.60000005,0.0,0.0,0.0,-142783279.19999963,-154219389.91611928,-162313917.73859394,0.0,0.0,0.0,0.0,519.0845866203308,23582.861406117678,0,nan,False,,,0.37918853759765625,10.163099857171376
Wait=32可行端点恢复,73,added_region_benders_cuts,137139,640,-459340688.80070555,-459340688.80070555,-459338316.60194397,2372.1987615823746,2012.4444496929646,-0.0,-0.0,-0.0,-142783279.19999963,-154219909.0007059,-162337500.60000005,0.0,0.0,0.0,-142783279.19999963,-154217896.5562562,-162337140.84568936,0.0,0.0,0.0,0.0,2012.4444496929646,359.7543106973171,0,nan,False,,,0.37702178955078125,10.302188773949942
Wait=32可行端点恢复,74,added_region_benders_cuts,137139,642,-459340688.80070555,-459340688.80070555,-459285864.322543,54824.478162527084,51454.50220736861,-0.0,-0.0,-0.0,-142783279.19999963,-154219909.0007059,-162337500.60000005,0.0,0.0,0.0,-142783279.19999963,-154216539.02475205,-162286046.09779269,0.0,0.0,0.0,0.0,3369.97595384717,51454.50220736861,0,nan,False,,,0.3763008117675781,10.441693997383117
Wait=32可行端点恢复,75,added_region_benders_cuts,137139,644,-459340688.80070555,-459340688.80070555,-459329852.45008564,10836.350619912148,5602.347205370665,-0.0,-0.0,-0.0,-142783279.19999963,-154219909.0007059,-162337500.60000005,0.0,0.0,0.0,-142783279.19999963,-154214674.99729258,-162331898.25279468,0.0,0.0,0.0,0.0,5234.003413319588,5602.347205370665,0,nan,False,,,0.3826713562011719,10.58149321079254
Wait=32可行端点恢复,76,added_region_benders_cuts,137139,646,-459340688.80070555,-459340688.80070555,-459318308.2690785,22380.531627058983,11958.5395860672,-0.0,-0.0,-0.0,-142783279.19999963,-154219909.0007059,-162337500.60000005,0.0,0.0,0.0,-142783279.19999963,-154207950.46111983,-162327078.60796034,0.0,0.0,0.0,0.0,11958.5395860672,10421.992039710283,0,nan,False,,,0.37715911865234375,10.71908753712972
Wait=32可行端点恢复,77,added_region_benders_cuts,137139,648,-459340688.80070555,-459340688.80070555,-459325933.1222659,14755.678439676762,9399.140865534544,-0.0,-0.0,-0.0,-142783279.19999963,-154219909.0007059,-162337500.60000005,0.0,0.0,0.0,-142783279.19999963,-154214552.4631331,-162328101.45913452,0.0,0.0,0.0,0.0,5356.537572801113,9399.140865534544,0,nan,False,,,0.3110809326171875,10.85497720638911
Wait=32可行端点恢复,78,added_region_benders_cuts,137139,650,-459340688.80070555,-459340688.80070555,-459311240.218996,29448.581709563732,16112.35524174571,-0.0,-0.0,-0.0,-142783279.19999963,-154219909.0007059,-162337500.60000005,0.0,0.0,0.0,-142783279.19999963,-154206572.77423933,-162321388.2447583,0.0,0.0,0.0,0.0,13336.226466566324,16112.35524174571,0,nan,False,,,0.3768501281738281,10.994391910235088
Wait=32可行端点恢复,79,added_region_benders_cuts,137139,652,-459340688.80070555,-459340688.80070555,-459315064.67268944,25624.128016114235,18958.34449738264,-0.0,-0.0,-0.0,-142783279.19999963,-154219909.0007059,-162337500.60000005,0.0,0.0,0.0,-142783279.19999963,-154213243.21718848,-162318542.25550267,0.0,0.0,0.0,0.0,6665.783517420292,18958.34449738264,0,nan,False,,,0.3797149658203125,11.150078757603962
Wait=32可行端点恢复,80,added_region_benders_cuts,137139,654,-459340688.80070555,-459340688.80070555,-459319471.7517054,21217.049000144005,20553.810366928577,-0.0,-0.0,-0.0,-142783279.19999963,-154219909.0007059,-162337500.60000005,0.0,0.0,0.0,-142783279.19999963,-154219245.76207405,-162316946.78963313,0.0,0.0,0.0,0.0,663.2386318445206,20553.810366928577,0,nan,False,,,0.3811492919921875,11.288310408592224
Wait=32可行端点恢复,81,added_region_benders_cuts,137139,656,-459340688.80070555,-459340688.80070555,-459311402.1763654,29286.624340176582,24209.29823422432,-0.0,-0.0,-0.0,-142783279.19999963,-154219909.0007059,-162337500.60000005,0.0,0.0,0.0,-142783279.19999963,-154195699.70247167,-162332423.27389544,0.0,0.0,0.0,0.0,24209.29823422432,5077.326104611158,0,nan,False,,,0.37767791748046875,11.428192138671875
Wait=32可行端点恢复,82,added_region_benders_cuts,137139,657,-459340688.80070555,-459340688.80070555,-459329539.17435485,11149.626350700855,11149.626349389553,-0.0,-0.0,-0.0,-142783279.19999963,-154219909.0007059,-162337500.60000005,0.0,0.0,0.0,-142783279.19999963,-154219909.0007059,-162326350.97365066,0.0,0.0,0.0,0.0,0.0,11149.626349389553,0,nan,False,,,0.37970733642578125,11.564782031377156
Wait=32可行端点恢复,83,added_region_benders_cuts,137139,659,-459340688.80070555,-459340688.80070555,-459325877.0163673,14811.784338235855,11815.435563534498,-0.0,-0.0,-0.0,-142783279.19999963,-154219909.0007059,-162337500.60000005,0.0,0.0,0.0,-142783279.19999963,-154216912.65193242,-162325685.16443652,0.0,0.0,0.0,0.0,2996.3487734794617,11815.435563534498,0,nan,False,,,0.3802146911621094,11.702077484130859
Wait=32可行端点恢复,84,added_region_benders_cuts,137139,661,-459340688.80070555,-459340688.80070555,-459311055.85814,29632.94256556034,24146.260072410107,-0.0,-0.0,-0.0,-142783279.19999963,-154219909.0007059,-162337500.60000005,0.0,0.0,0.0,-142783279.19999963,-154214422.318214,-162313354.33992764,0.0,0.0,0.0,0.0,5486.682491898537,24146.260072410107,0,nan,False,,,0.3831596374511719,11.83926484187444
Wait=32可行端点恢复,85,added_region_benders_cuts,137139,663,-459340688.80070555,-459340688.80070555,-459334299.9318527,6388.868852853775,6322.031762063503,-0.0,-0.0,-0.0,-142783279.19999963,-154219909.0007059,-162337500.60000005,0.0,0.0,0.0,-142783279.19999963,-154219842.1636163,-162331178.568238,0.0,0.0,0.0,0.0,66.83708959817886,6322.031762063503,0,nan,False,,,0.3826484680175781,11.97860194047292
Wait=32可行端点恢复,86,added_region_benders_cuts,137139,665,-459340688.80070555,-459340688.80070555,-459333352.34370947,7336.45699608326,4023.228762924671,-0.0,-0.0,-0.0,-142783279.19999963,-154219909.0007059,-162337500.60000005,0.0,0.0,0.0,-142783279.19999963,-154216595.77247393,-162333477.37123713,0.0,0.0,0.0,0.0,3313.2282319664955,4023.228762924671,0,nan,False,,,0.3829841613769531,12.114209500948588
Wait=32可行端点恢复,87,added_region_benders_cuts,137139,667,-459340688.80070555,-459340688.80070555,-459298715.0820776,41973.71862792969,28093.966572374105,-0.0,-0.0,-0.0,-142783279.19999963,-154219909.0007059,-162337500.60000005,0.0,0.0,0.0,-142783279.19999963,-154206029.24865156,-162309406.63342768,0.0,0.0,0.0,0.0,13879.752054333687,28093.966572374105,0,nan,False,,,0.3841056823730469,12.251821537812551
Wait=32可行端点恢复,88,added_region_benders_cuts,137139,668,-459340688.80070555,-459340688.80070555,-459334834.9224847,5853.87822085619,5853.878219664097,-0.0,-0.0,-0.0,-142783279.19999963,-154219909.0007059,-162337500.60000005,0.0,0.0,0.0,-142783279.19999963,-154219909.0007059,-162331646.7217804,0.0,0.0,0.0,0.0,0.0,5853.878219664097,0,nan,False,,,0.3840980529785156,12.390324354171753
Wait=32可行端点恢复,89,added_region_benders_cuts,137139,670,-459340688.80070555,-459340688.80070555,-459312844.9183033,27843.88240224123,18622.3796710968,-0.0,-0.0,-0.0,-142783279.19999963,-154219909.0007059,-162337500.60000005,0.0,0.0,0.0,-142783279.19999963,-154210687.49797606,-162318878.22032896,0.0,0.0,0.0,0.0,9221.502729833126,18622.3796710968,0,nan,False,,,0.3844146728515625,12.527401820818584
Wait=32可行端点恢复,90,added_region_benders_cuts,137139,672,-459340688.80070555,-459340688.80070555,-459336106.7753087,4582.025396823883,3899.201605618,-0.0,-0.0,-0.0,-142783279.19999963,-154219909.0007059,-162337500.60000005,0.0,0.0,0.0,-142783279.19999963,-154216009.79910028,-162336817.77621004,0.0,0.0,0.0,0.0,3899.201605618,682.8237900137901,0,nan,False,,,0.3862113952636719,12.67861105600993
Wait=32可行端点恢复,91,added_region_benders_cuts,137139,674,-459340688.80070555,-459340688.80070555,-459321579.22225046,19109.578455090523,14578.459135442972,-0.0,-0.0,-0.0,-142783279.19999963,-154219909.0007059,-162337500.60000005,0.0,0.0,0.0,-142783279.19999963,-154215377.8813876,-162322922.1408646,0.0,0.0,0.0,0.0,4531.119318306446,14578.459135442972,0,nan,False,,,0.3855552673339844,12.814923652013142
Wait=32可行端点恢复,92,added_region_benders_cuts,137139,676,-459340688.80070555,-459340688.80070555,-459318039.3928523,22649.407853245735,16994.161832749844,-0.0,-0.0,-0.0,-142783279.19999963,-154219909.0007059,-162337500.60000005,0.0,0.0,0.0,-142783279.19999963,-154202914.83887315,-162331845.3539808,0.0,0.0,0.0,0.0,16994.161832749844,5655.246019244194,0,nan,False,,,0.3855552673339844,12.951662695407867
Wait=32可行端点恢复,93,added_region_benders_cuts,137139,678,-459340688.80070555,-459340688.80070555,-459325460.1089086,15228.691796958447,8982.544989198446,-0.0,-0.0,-0.0,-142783279.19999963,-154219909.0007059,-162337500.60000005,0.0,0.0,0.0,-142783279.19999963,-154213662.85389936,-162328518.05501086,0.0,0.0,0.0,0.0,6246.146806538105,8982.544989198446,0,nan,False,,,0.3856964111328125,13.086967345078786
Wait=32可行端点恢复,94,added_region_benders_cuts,137139,680,-459340688.80070555,-459340688.80070555,-459335718.0583291,4970.742376446724,4800.995175182819,-0.0,-0.0,-0.0,-142783279.19999963,-154219909.0007059,-162337500.60000005,0.0,0.0,0.0,-142783279.19999963,-154219739.2535059,-162332699.60482487,0.0,0.0,0.0,0.0,169.74720001220703,4800.995175182819,0,nan,False,,,0.3863868713378906,13.223639861742656
Wait=32可行端点恢复,95,added_region_benders_cuts,137139,682,-459340688.80070555,-459340688.80070555,-459319466.4906547,21222.310050845146,10780.334748268127,-0.0,-0.0,-0.0,-142783279.19999963,-154219909.0007059,-162337500.60000005,0.0,0.0,0.0,-142783279.19999963,-154209128.66595763,-162327058.62469876,0.0,0.0,0.0,0.0,10780.334748268127,10441.975301295519,0,nan,False,,,0.3847465515136719,13.358333166440328
Wait=32可行端点恢复,96,added_region_benders_cuts,137139,683,-459340688.80070555,-459340688.80070555,-459310300.55064005,30388.250065505505,30388.250064224005,-0.0,-0.0,-0.0,-142783279.19999963,-154219909.0007059,-162337500.60000005,0.0,0.0,0.0,-142783279.19999963,-154219909.0007059,-162307112.34993583,0.0,0.0,0.0,0.0,0.0,30388.250064224005,0,nan,False,,,0.3818855285644531,13.496392754713694
Wait=32可行端点恢复,97,added_region_benders_cuts,137139,685,-459340688.80070555,-459340688.80070555,-459313643.9699127,27044.830792844296,26422.19887033105,-0.0,-0.0,-0.0,-142783279.19999963,-154219909.0007059,-162337500.60000005,0.0,0.0,0.0,-142783279.19999963,-154219286.36878452,-162311078.40112972,0.0,0.0,0.0,0.0,622.6319213807583,26422.19887033105,0,nan,False,,,0.3836250305175781,13.63143398364385
Wait=32可行端点恢复,98,added_region_benders_cuts,137139,688,-459340688.80070555,-459340688.80070555,-459316815.50849557,23873.292209982872,16379.384450554848,-0.0,-0.0,-0.0,-142783279.19999963,-154219909.0007059,-162337500.60000005,0.0,0.0,0.0,-142776383.19650364,-154219311.09644368,-162321121.2155495,0.0,0.0,0.0,6896.00349599123,597.9042622148991,16379.384450554848,0,nan,False,,,0.3876152038574219,13.769083344936371
Wait=32可行端点恢复,99,added_region_benders_cuts,137139,690,-459340688.80070555,-459340688.80070555,-459337140.08721787,3548.7134876847267,3541.211298197508,-0.0,-0.0,-0.0,-142783279.19999963,-154219909.0007059,-162337500.60000005,0.0,0.0,0.0,-142783279.19999963,-154219901.49851763,-162333959.38870186,0.0,0.0,0.0,0.0,7.502188265323639,3541.211298197508,0,nan,False,,,0.3858489990234375,13.90752290089925
Wait=32可行端点恢复,100,added_region_benders_cuts,137139,692,-459340688.80070555,-459340688.80070555,-459330541.3885256,10147.4121799469,5119.5930043160915,-0.0,-0.0,-0.0,-142783279.19999963,-154219909.0007059,-162337500.60000005,0.0,0.0,0.0,-142783279.19999963,-154214881.1815315,-162332381.00699574,0.0,0.0,0.0,0.0,5027.819174408913,5119.5930043160915,0,nan,False,,,0.3859367370605469,14.044620088736217
Wait=32可行端点恢复,101,added_region_benders_cuts,137139,694,-459340688.80070555,-459340688.80070555,-459334879.6403788,5809.160326778889,3927.7906563282013,-0.0,-0.0,-0.0,-142783279.19999963,-154219909.0007059,-162337500.60000005,0.0,0.0,0.0,-142783279.19999963,-154218027.63103664,-162333572.80934373,0.0,0.0,0.0,0.0,1881.3696692585945,3927.7906563282013,0,nan,False,,,0.3875846862792969,14.183459448814393
Wait=32可行端点恢复,102,added_region_benders_cuts,137139,696,-459340688.80070555,-459340688.80070555,-459335142.05217206,5546.74853348732,4470.567457199097,-0.0,-0.0,-0.0,-142783279.19999963,-154219909.0007059,-162337500.60000005,0.0,0.0,0.0,-142783279.19999963,-154218832.81963086,-162333030.03254285,0.0,0.0,0.0,0.0,1076.1810750365257,4470.567457199097,0,nan,False,,,0.3854331970214844,14.323344691594441
Wait=32可行端点恢复,103,added_region_benders_cuts,137139,698,-459340688.80070555,-459340688.80070555,-459314891.0649181,25797.735787451267,24341.044469445944,-0.0,-0.0,-0.0,-142783279.19999963,-154219909.0007059,-162337500.60000005,0.0,0.0,0.0,-142783279.19999963,-154218452.3093892,-162313159.5555306,0.0,0.0,0.0,0.0,1456.6913166940212,24341.044469445944,0,nan,False,,,0.38751220703125,14.473994080225626
Wait=32可行端点恢复,104,added_region_benders_cuts,137139,700,-459340688.80070555,-459340688.80070555,-459339390.2900269,1298.5106786489487,823.2599801421165,-0.0,-0.0,-0.0,-142783279.19999963,-154219909.0007059,-162337500.60000005,0.0,0.0,0.0,-142783279.19999963,-154219085.74072576,-162337025.3493028,0.0,0.0,0.0,0.0,823.2599801421165,475.2506972551346,0,nan,False,,,0.38767242431640625,14.613530719280243
Wait=32可行端点恢复,105,added_region_benders_cuts,137139,702,-459340688.80070555,-459340688.80070555,-459336794.7389062,3894.0617993474007,2953.6531046032906,-0.0,-0.0,-0.0,-142783279.19999963,-154219909.0007059,-162337500.60000005,0.0,0.0,0.0,-142783279.19999963,-154216955.3476013,-162336560.1913065,0.0,0.0,0.0,0.0,2953.6531046032906,940.4086935520172,0,nan,False,,,0.3874778747558594,14.752226301034291
Wait=32可行端点恢复,106,added_region_benders_cuts,137139,704,-459340688.80070555,-459340688.80070555,-459316523.957088,24164.84361755848,12795.62274363637,-0.0,-0.0,-0.0,-142783279.19999963,-154219909.0007059,-162337500.60000005,0.0,0.0,0.0,-142783279.19999963,-154208539.77983326,-162324704.97725642,0.0,0.0,0.0,0.0,11369.22087264061,12795.62274363637,0,nan,False,,,0.38819122314453125,14.889565614859263
Wait=32可行端点恢复,107,added_region_benders_cuts,137139,706,-459340688.80070555,-459340688.80070555,-459317107.8013454,23580.99936014414,13131.302478313446,-0.0,-0.0,-0.0,-142783279.19999963,-154219909.0007059,-162337500.60000005,0.0,0.0,0.0,-142783279.19999963,-154209459.30382535,-162324369.29752174,0.0,0.0,0.0,0.0,10449.696880549192,13131.302478313446,0,nan,False,,,0.38703155517578125,15.028346967697143
Wait=32可行端点恢复,108,added_region_benders_cuts,137139,708,-459340688.80070555,-459340688.80070555,-459330270.8500524,10417.950653135777,8931.723325908184,-0.0,-0.0,-0.0,-142783279.19999963,-154219909.0007059,-162337500.60000005,0.0,0.0,0.0,-142783279.19999963,-154210977.27738,-162336014.37267408,0.0,0.0,0.0,0.0,8931.723325908184,1486.227325975895,0,nan,False,,,0.3888092041015625,15.168563624223074
Wait=32可行端点恢复,109,added_region_benders_cuts,137139,710,-459340688.80070555,-459340688.80070555,-459321549.00963193,19139.79107362032,10205.21646013856,-0.0,-0.0,-0.0,-142783279.19999963,-154219909.0007059,-162337500.60000005,0.0,0.0,0.0,-142783279.19999963,-154210974.42609364,-162327295.38353992,0.0,0.0,0.0,0.0,8934.574612259865,10205.21646013856,0,nan,False,,,0.38823699951171875,15.311143390337627
Wait=32可行端点恢复,110,added_region_benders_cuts,137139,712,-459340688.80070555,-459340688.80070555,-459324815.98722845,15872.813477098942,8811.665180265903,-0.0,-0.0,-0.0,-142783279.19999963,-154219909.0007059,-162337500.60000005,0.0,0.0,0.0,-142783279.19999963,-154211097.33552563,-162330439.4517046,0.0,0.0,0.0,0.0,8811.665180265903,7061.1482954621315,0,nan,False,,,0.3904304504394531,15.455393401781718
Wait=32可行端点恢复,111,added_region_benders_cuts,137139,714,-459340688.80070555,-459340688.80070555,-459334444.5439632,6244.256742358208,4937.567271053791,-0.0,-0.0,-0.0,-142783279.19999963,-154219909.0007059,-162337500.60000005,0.0,0.0,0.0,-142783279.19999963,-154218602.3112358,-162332563.032729,0.0,0.0,0.0,0.0,1306.6894701123238,4937.567271053791,0,nan,False,,,0.38849639892578125,15.61105154355367
Wait=32可行端点恢复,112,added_region_benders_cuts,137139,716,-459340688.80070555,-459340688.80070555,-459333863.8346896,6824.966015934944,6524.943082362413,-0.0,-0.0,-0.0,-142783279.19999963,-154219909.0007059,-162337500.60000005,0.0,0.0,0.0,-142783279.19999963,-154219608.97777355,-162330975.6569177,0.0,0.0,0.0,0.0,300.02293235063553,6524.943082362413,0,nan,False,,,0.38946533203125,15.794867579142252
Wait=32可行端点恢复,113,added_region_benders_cuts,137139,718,-459340688.80070555,-459340688.80070555,-459330222.72600263,10466.07470291853,6898.202592432499,-0.0,-0.0,-0.0,-142783279.19999963,-154219909.0007059,-162337500.60000005,0.0,0.0,0.0,-142783279.19999963,-154216341.12859666,-162330602.39740762,0.0,0.0,0.0,0.0,3567.872109234333,6898.202592432499,0,nan,False,,,0.39007568359375,15.955011999607086
Wait=32可行端点恢复,114,added_region_benders_cuts,137139,719,-459340688.80070555,-459340688.80070555,-459325617.042231,15071.75847452879,15071.758473217487,-0.0,-0.0,-0.0,-142783279.19999963,-154219909.0007059,-162337500.60000005,0.0,0.0,0.0,-142783279.19999963,-154219909.0007059,-162322428.84152684,0.0,0.0,0.0,0.0,0.0,15071.758473217487,0,nan,False,,,0.31463623046875,16.094981586933137
Wait=32可行端点恢复,115,added_region_benders_cuts,137139,721,-459340688.80070555,-459340688.80070555,-459338300.3919333,2388.4087722301483,2387.702045291662,-0.0,-0.0,-0.0,-142783279.19999963,-154219909.0007059,-162337500.60000005,0.0,0.0,0.0,-142783279.19999963,-154219908.29398027,-162335112.89795476,0.0,0.0,0.0,0.0,0.7067256271839142,2387.702045291662,0,nan,False,,,0.38817596435546875,16.23769581715266
Wait=32可行端点恢复,116,added_region_benders_cuts,137139,722,-459340688.80070555,-459340688.80070555,-459337170.890121,3517.9105845689774,3517.91058331728,-0.0,-0.0,-0.0,-142783279.19999963,-154219909.0007059,-162337500.60000005,0.0,0.0,0.0,-142783279.19999963,-154216391.09012258,-162337500.60000005,0.0,0.0,0.0,0.0,3517.91058331728,0.0,0,nan,False,,,0.3915214538574219,16.377657051881155
Wait=32可行端点恢复,117,added_region_benders_cuts,137139,723,-459340688.80070555,-459340688.80070555,-459314884.74299437,25804.057711184025,25804.057709783316,-0.0,-0.0,-0.0,-142783279.19999963,-154219909.0007059,-162337500.60000005,0.0,0.0,0.0,-142783279.19999963,-154219909.0007059,-162311696.54229027,0.0,0.0,0.0,0.0,0.0,25804.057709783316,0,nan,False,,,0.3907318115234375,16.518438490231834
Wait=32可行端点恢复,118,added_region_benders_cuts,137139,725,-459340688.80070555,-459340688.80070555,-459336386.184665,4302.616040527821,2240.902875095606,-0.0,-0.0,-0.0,-142783279.19999963,-154219909.0007059,-162337500.60000005,0.0,0.0,0.0,-142783279.19999963,-154217668.0978308,-162335438.88683584,0.0,0.0,0.0,0.0,2240.902875095606,2061.7131642103195,0,nan,False,,,0.3903770446777344,16.661867463588713
Wait=32可行端点恢复,119,added_region_benders_cuts,137139,727,-459340688.80070555,-459340688.80070555,-459334143.0149684,6545.785737156868,6311.389458119869,-0.0,-0.0,-0.0,-142783279.19999963,-154219909.0007059,-162337500.60000005,0.0,0.0,0.0,-142783279.19999963,-154219674.6044281,-162331189.21054193,0.0,0.0,0.0,0.0,234.3962777853012,6311.389458119869,0,nan,False,,,0.3928337097167969,16.80465609629949
Wait=32可行端点恢复,120,added_region_benders_cuts,137139,729,-459340688.80070555,-459340688.80070555,-459323186.60660607,17502.194099485874,17469.526990532875,-0.0,-0.0,-0.0,-142783279.19999963,-154219909.0007059,-162337500.60000005,0.0,0.0,0.0,-142783279.19999963,-154219876.33359817,-162320031.07300952,0.0,0.0,0.0,0.0,32.6671077311039,17469.526990532875,0,nan,False,,,0.39279937744140625,16.94993200699488
Wait=32可行端点恢复,121,added_region_benders_cuts,137139,730,-459340688.80070555,-459340688.80070555,-459322088.0213139,18600.779391646385,18600.779390245676,-0.0,-0.0,-0.0,-142783279.19999963,-154219909.0007059,-162337500.60000005,0.0,0.0,0.0,-142783279.19999963,-154219909.0007059,-162318899.8206098,0.0,0.0,0.0,0.0,0.0,18600.779390245676,0,nan,False,,,0.396453857421875,17.09208863178889
Wait=32可行端点恢复,122,added_region_benders_cuts,137139,731,-459340688.80070555,-459340688.80070555,-459334601.7798677,6087.020837843418,6087.020836621523,-0.0,-0.0,-0.0,-142783279.19999963,-154219909.0007059,-162337500.60000005,0.0,0.0,0.0,-142783279.19999963,-154219909.0007059,-162331413.57916343,0.0,0.0,0.0,0.0,0.0,6087.020836621523,0,nan,False,,,0.3957405090332031,17.233332594235737
Wait=32可行端点恢复,123,added_region_benders_cuts,137139,733,-459340688.80070555,-459340688.80070555,-459331277.9882781,9410.812427461147,7228.366930484772,-0.0,-0.0,-0.0,-142783279.19999963,-154219909.0007059,-162337500.60000005,0.0,0.0,0.0,-142783279.19999963,-154217726.55521017,-162330272.23306957,0.0,0.0,0.0,0.0,2182.445495724678,7228.366930484772,0,nan,False,,,0.39673614501953125,17.371965805689495
Wait=32可行端点恢复,124,added_region_benders_cuts,137139,735,-459340688.80070555,-459340688.80070555,-459334115.099792,6573.7009135484695,6570.520420908928,-0.0,-0.0,-0.0,-142783279.19999963,-154219909.0007059,-162337500.60000005,0.0,0.0,0.0,-142783279.19999963,-154213338.480285,-162337497.41950873,0.0,0.0,0.0,0.0,6570.520420908928,3.180491328239441,0,nan,False,,,0.3977622985839844,17.512744708855948
Wait=32可行端点恢复,125,added_region_benders_cuts,137139,737,-459340688.80070555,-459340688.80070555,-459333459.1414519,7229.659253656864,4083.6270605921745,-0.0,-0.0,-0.0,-142783279.19999963,-154219909.0007059,-162337500.60000005,0.0,0.0,0.0,-142783279.19999963,-154216762.9685141,-162333416.97293946,0.0,0.0,0.0,0.0,3146.03219178319,4083.6270605921745,0,nan,False,,,0.39527130126953125,17.653221388657887
Wait=32可行端点恢复,126,added_region_benders_cuts,137139,738,-459340688.80070555,-459340688.80070555,-459340685.34816843,3.4525371193885803,3.45253586769104,-0.0,-0.0,-0.0,-142783279.19999963,-154219909.0007059,-162337500.60000005,0.0,0.0,0.0,-142783279.19999963,-154219909.0007059,-162337497.1474642,0.0,0.0,0.0,0.0,0.0,3.45253586769104,0,nan,False,,,0.39554595947265625,17.792409539222717
Wait=32可行端点恢复,127,added_region_benders_cuts,137139,740,-459340688.80070555,-459340688.80070555,-459324155.9277176,16532.872987926006,16229.70977628231,-0.0,-0.0,-0.0,-142783279.19999963,-154219909.0007059,-162337500.60000005,0.0,0.0,0.0,-142782976.03678918,-154203679.29092962,-162337500.60000005,0.0,0.0,0.0,303.16321045160294,16229.70977628231,0.0,0,nan,False,,,0.32053375244140625,17.930936133861543
Wait=32可行端点恢复,128,added_region_benders_cuts,137139,742,-459340688.80070555,-459340688.80070555,-459332395.01626545,8293.784440100193,6812.369638800621,-0.0,-0.0,-0.0,-142783279.19999963,-154219909.0007059,-162337500.60000005,0.0,0.0,0.0,-142783279.19999963,-154218427.58590585,-162330688.23036125,0.0,0.0,0.0,0.0,1481.4148000478745,6812.369638800621,0,nan,False,,,0.3952751159667969,18.07071326971054
Wait=32可行端点恢复,129,added_region_benders_cuts,137139,744,-459340688.80070555,-459340688.80070555,-459323048.4742098,17640.32649576664,10539.465099483728,-0.0,-0.0,-0.0,-142783279.19999963,-154219909.0007059,-162337500.60000005,0.0,0.0,0.0,-142783279.19999963,-154209369.5356064,-162330399.73860502,0.0,0.0,0.0,0.0,10539.465099483728,7100.861395031214,0,nan,False,,,0.3944244384765625,18.210933140913646
Wait=32可行端点恢复,130,added_region_benders_cuts,137139,746,-459340688.80070555,-459340688.80070555,-459331486.424446,9202.376259565353,6673.186968445778,-0.0,-0.0,-0.0,-142783279.19999963,-154219909.0007059,-162337500.60000005,0.0,0.0,0.0,-142783279.19999963,-154213235.81373745,-162334971.41071013,0.0,0.0,0.0,0.0,6673.186968445778,2529.1892899274826,0,nan,False,,,0.3980827331542969,18.35252590974172
Wait=32可行端点恢复,131,added_region_benders_cuts,137139,748,-459340688.80070555,-459340688.80070555,-459324367.77458763,16321.026117920876,10390.853299438953,-0.0,-0.0,-0.0,-142783279.19999963,-154219909.0007059,-162337500.60000005,0.0,0.0,0.0,-142783279.19999963,-154213978.8278888,-162327109.7467006,0.0,0.0,0.0,0.0,5930.172817111015,10390.853299438953,0,nan,False,,,0.39727783203125,18.492864350477856
Wait=32可行端点恢复,132,added_region_benders_cuts,137139,750,-459340688.80070555,-459340688.80070555,-459331774.0277213,8914.772984266281,8302.564654737711,-0.0,-0.0,-0.0,-142783279.19999963,-154219909.0007059,-162337500.60000005,0.0,0.0,0.0,-142783279.19999963,-154219296.7923776,-162329198.03534532,0.0,0.0,0.0,0.0,612.208328306675,8302.564654737711,0,nan,False,,,0.3987464904785156,18.635464064280193
Wait=32可行端点恢复,133,added_region_benders_cuts,137139,752,-459340688.80070555,-459340688.80070555,-459322871.79404956,17817.006655991077,17427.613184005022,-0.0,-0.0,-0.0,-142783279.19999963,-154219909.0007059,-162337500.60000005,0.0,0.0,0.0,-142783279.19999963,-154219519.6072352,-162320072.98681605,0.0,0.0,0.0,0.0,389.3934707045555,17427.613184005022,0,nan,False,,,0.3249473571777344,18.77491106589635
Wait=32可行端点恢复,134,added_region_benders_cuts,137139,753,-459340688.80070555,-459340688.80070555,-459338919.07417893,1769.7265266180038,1769.726525336504,-0.0,-0.0,-0.0,-142783279.19999963,-154219909.0007059,-162337500.60000005,0.0,0.0,0.0,-142783279.19999963,-154219909.0007059,-162335730.87347472,0.0,0.0,0.0,0.0,0.0,1769.726525336504,0,nan,False,,,0.3944892883300781,18.913458597660064
Wait=32可行端点恢复,135,added_region_benders_cuts,137139,755,-459340688.80070555,-459340688.80070555,-459336051.2314852,4637.569220364094,4376.376469135284,-0.0,-0.0,-0.0,-142783279.19999963,-154219909.0007059,-162337500.60000005,0.0,0.0,0.0,-142783279.19999963,-154219647.8079559,-162333124.22353092,0.0,0.0,0.0,0.0,261.19275000691414,4376.376469135284,0,nan,False,,,0.3991203308105469,19.05370935599009
Wait=32可行端点恢复,136,added_region_benders_cuts,137139,756,-459340688.80070555,-459340688.80070555,-459337787.70399505,2901.0967105031013,2901.096709191799,-0.0,-0.0,-0.0,-142783279.19999963,-154219909.0007059,-162337500.60000005,0.0,0.0,0.0,-142783279.19999963,-154219909.0007059,-162334599.50329086,0.0,0.0,0.0,0.0,0.0,2901.096709191799,0,nan,False,,,0.3967247009277344,19.19238836367925
Wait=32可行端点恢复,137,added_region_benders_cuts,137139,758,-459340688.80070555,-459340688.80070555,-459336392.47493213,4296.32577341795,2688.442700922489,-0.0,-0.0,-0.0,-142783279.19999963,-154219909.0007059,-162337500.60000005,0.0,0.0,0.0,-142783279.19999963,-154217220.55800498,-162335892.71692878,0.0,0.0,0.0,0.0,2688.442700922489,1607.8830712735653,0,nan,False,,,0.4010658264160156,19.33000795841217
Wait=32可行端点恢复,138,added_region_benders_cuts,137139,759,-459340688.80070555,-459340688.80070555,-459334914.7371269,5774.0635786652565,5774.063577353954,-0.0,-0.0,-0.0,-142783279.19999963,-154219909.0007059,-162337500.60000005,0.0,0.0,0.0,-142783279.19999963,-154219909.0007059,-162331726.5364227,0.0,0.0,0.0,0.0,0.0,5774.063577353954,0,nan,False,,,0.3984489440917969,19.473135475317637
Wait=32可行端点恢复,139,added_region_benders_cuts,137139,760,-459340688.80070555,-459340688.80070555,-459324115.081148,16573.719557523727,16573.719556331635,-0.0,-0.0,-0.0,-142783279.19999963,-154219909.0007059,-162337500.60000005,0.0,0.0,0.0,-142783279.19999963,-154219909.0007059,-162320926.88044372,0.0,0.0,0.0,0.0,0.0,16573.719556331635,0,nan,False,,,0.39922332763671875,19.61426587899526
Wait=32可行端点恢复,140,added_region_benders_cuts,137139,761,-459340688.80070555,-459340688.80070555,-459334156.21693784,6532.583767712116,6532.583766430616,-0.0,-0.0,-0.0,-142783279.19999963,-154219909.0007059,-162337500.60000005,0.0,0.0,0.0,-142783279.19999963,-154219909.0007059,-162330968.01623362,0.0,0.0,0.0,0.0,0.0,6532.583766430616,0,nan,False,,,0.4006767272949219,19.75035620133082
Wait=32可行端点恢复,141,added_region_benders_cuts,137139,762,-459340688.80070555,-459340688.80070555,-459335957.38899744,4731.411708116531,4731.411706805229,-0.0,-0.0,-0.0,-142783279.19999963,-154219909.0007059,-162337500.60000005,0.0,0.0,0.0,-142783279.19999963,-154219909.0007059,-162332769.18829325,0.0,0.0,0.0,0.0,0.0,4731.411706805229,0,nan,False,,,0.3993988037109375,19.88742258151372
Wait=32可行端点恢复,142,added_region_benders_cuts,137139,763,-459340688.80070555,-459340688.80070555,-459338378.1521191,2310.6485864520073,2310.6485852003098,-0.0,-0.0,-0.0,-142783279.19999963,-154219909.0007059,-162337500.60000005,0.0,0.0,0.0,-142783279.19999963,-154219909.0007059,-162335189.95141485,0.0,0.0,0.0,0.0,0.0,2310.6485852003098,0,nan,False,,,0.399139404296875,20.025766082604726
Wait=32可行端点恢复,143,added_region_benders_cuts,137139,764,-459340688.80070555,-459340688.80070555,-459321580.21331507,19108.587390482426,19108.587389230728,-0.0,-0.0,-0.0,-142783279.19999963,-154219909.0007059,-162337500.60000005,0.0,0.0,0.0,-142783279.19999963,-154200800.41331667,-162337500.60000005,0.0,0.0,0.0,0.0,19108.587389230728,0.0,0,nan,False,,,0.3972930908203125,20.16511656443278
Wait=32可行端点恢复,144,added_region_benders_cuts,137139,765,-459340688.80070555,-459340688.80070555,-459335293.714786,5395.085919559002,5395.085918366909,-0.0,-0.0,-0.0,-142783279.19999963,-154219909.0007059,-162337500.60000005,0.0,0.0,0.0,-142783279.19999963,-154214513.91478753,-162337500.60000005,0.0,0.0,0.0,0.0,5395.085918366909,0.0,0,nan,False,,,0.3969001770019531,20.3033665060997
Wait=32可行端点恢复,145,added_region_benders_cuts,137139,766,-459340688.80070555,-459340688.80070555,-459339962.62324435,726.177461206913,726.1774599552155,-0.0,-0.0,-0.0,-142783279.19999963,-154219909.0007059,-162337500.60000005,0.0,0.0,0.0,-142783279.19999963,-154219182.82324594,-162337500.60000005,0.0,0.0,0.0,0.0,726.1774599552155,0.0,0,nan,False,,,0.3974609375,20.441982316970826
Wait=32可行端点恢复,146,added_region_benders_cuts,137139,767,-459340688.80070555,-459340688.80070555,-459337909.8941264,2778.9065791368484,2778.9065778255463,-0.0,-0.0,-0.0,-142783279.19999963,-154219909.0007059,-162337500.60000005,0.0,0.0,0.0,-142783279.19999963,-154219909.0007059,-162334721.69342223,0.0,0.0,0.0,0.0,0.0,2778.9065778255463,0,nan,False,,,0.39670562744140625,20.581313800811767
Wait=32可行端点恢复,147,added_region_benders_cuts,137139,769,-459340688.80070555,-459340688.80070555,-459338281.4363678,2407.3643377423286,2406.8767015337944,-0.0,-0.0,-0.0,-142783279.19999963,-154219909.0007059,-162337500.60000005,0.0,0.0,0.0,-142783279.19999963,-154217502.12400436,-162337500.11236504,0.0,0.0,0.0,0.0,2406.8767015337944,0.4876350164413452,0,nan,False,,,0.4002952575683594,20.720497473080954
Wait=32可行端点恢复,148,added_region_benders_cuts,137139,771,-459340688.80070555,-459340688.80070555,-459337166.63638407,3522.1643214821815,3508.209827542305,-0.0,-0.0,-0.0,-142783279.19999963,-154219909.0007059,-162337500.60000005,0.0,0.0,0.0,-142783279.19999963,-154219895.04621318,-162333992.3901725,0.0,0.0,0.0,0.0,13.954492717981339,3508.209827542305,0,nan,False,,,0.4017143249511719,20.85816517273585
Wait=32可行端点恢复,149,added_region_benders_cuts,137139,772,-459340688.80070555,-459340688.80070555,-459336134.54499763,4554.255707919598,4554.2557066679,-0.0,-0.0,-0.0,-142783279.19999963,-154219909.0007059,-162337500.60000005,0.0,0.0,0.0,-142783279.19999963,-154219909.0007059,-162332946.3442934,0.0,0.0,0.0,0.0,0.0,4554.2557066679,0,nan,False,,,0.40238189697265625,20.998515168825787
Wait=32可行端点恢复,150,added_region_benders_cuts,137139,773,-459340688.80070555,-459340688.80070555,-459332263.7509881,8425.0497174263,8425.049716174603,-0.0,-0.0,-0.0,-142783279.19999963,-154219909.0007059,-162337500.60000005,0.0,0.0,0.0,-142783279.19999963,-154219909.0007059,-162329075.55028388,0.0,0.0,0.0,0.0,0.0,8425.049716174603,0,nan,False,,,0.4001884460449219,21.136756352583568
Wait=32可行端点恢复,151,root_lp_closed,137139,773,-459340688.80070555,-459340688.80070555,-459340688.8007043,1.2516975402832031e-06,0.0,-0.0,-0.0,-0.0,-142783279.19999963,-154219909.0007059,-162337500.60000005,0.0,0.0,0.0,-142783279.19999963,-154219909.0007059,-162337500.60000005,0.0,0.0,0.0,0.0,0.0,0.0,0,0.0,True,,,0.32268524169921875,21.677233040332794
Wait=32可行端点恢复,151,integer_added_region_benders_cuts,137139,776,-459340688.80070555,-459340688.80070555,-458752868.9470724,587819.8536331654,225528.0334263742,0.0,0.0,0.0,-142783279.19999963,-154219909.0007059,-162337500.60000005,0.0,0.0,0.0,-142613463.2517583,-154027433.12874168,-162111972.56657368,0.0,0.0,0.0,169815.94824132323,192475.87196421623,225528.0334263742,0,0.0,False,需要继续,-459340688.80070555,0.32268524169921875,21.677233040332794
Wait=32可行端点恢复,152,added_region_benders_cuts,137139,779,-459340688.80070555,-459340688.80070555,-459290108.99730116,50579.80340439081,23569.38442093134,-0.0,-0.0,-0.0,-142783279.19999963,-154219909.0007059,-162337500.60000005,0.0,0.0,0.0,-142777592.3491089,-154198585.4326144,-162313931.21557912,0.0,0.0,0.0,5686.850890725851,21323.568091511726,23569.38442093134,0,nan,False,,,0.5249290466308594,34.48825451533
Wait=32可行端点恢复,153,added_region_benders_cuts,137139,781,-459340688.80070555,-459340688.80070555,-459316644.2706568,24044.53004872799,24044.30629900098,-0.0,-0.0,-0.0,-142783279.19999963,-154219909.0007059,-162337500.60000005,0.0,0.0,0.0,-142783279.19999963,-154219908.7769574,-162313456.29370105,0.0,0.0,0.0,0.0,0.22374850511550903,24044.30629900098,0,nan,False,,,0.5249099731445312,34.64133948882421
Wait=32可行端点恢复,154,added_region_benders_cuts,137139,783,-459340688.80070555,-459340688.80070555,-459325177.05110306,15511.749602496624,13503.014278620481,-0.0,-0.0,-0.0,-142783279.19999963,-154219909.0007059,-162337500.60000005,0.0,0.0,0.0,-142783279.19999963,-154217900.26538327,-162323997.58572143,0.0,0.0,0.0,0.0,2008.735322624445,13503.014278620481,0,nan,False,,,0.5253181457519531,34.794299213091534
Wait=32可行端点恢复,155,added_region_benders_cuts,137139,784,-459340688.80070555,-459340688.80070555,-459330864.26030535,9824.540400207043,9824.540398955345,-0.0,-0.0,-0.0,-142783279.19999963,-154219909.0007059,-162337500.60000005,0.0,0.0,0.0,-142783279.19999963,-154219909.0007059,-162327676.0596011,0.0,0.0,0.0,0.0,0.0,9824.540398955345,0,nan,False,,,0.5255775451660156,34.946930623054506
Wait=32可行端点恢复,156,added_region_benders_cuts,137139,785,-459340688.80070555,-459340688.80070555,-459339632.9923051,1055.808400452137,1055.8083992302418,-0.0,-0.0,-0.0,-142783279.19999963,-154219909.0007059,-162337500.60000005,0.0,0.0,0.0,-142783279.19999963,-154219909.0007059,-162336444.79160082,0.0,0.0,0.0,0.0,0.0,1055.8083992302418,0,nan,False,,,0.5245933532714844,35.10820781787236
Wait=32可行端点恢复,157,added_region_benders_cuts,137139,786,-459340688.80070555,-459340688.80070555,-459332808.09459376,7880.70611178875,7880.706110537052,-0.0,-0.0,-0.0,-142783279.19999963,-154219909.0007059,-162337500.60000005,0.0,0.0,0.0,-142783279.19999963,-154219909.0007059,-162329619.89388952,0.0,0.0,0.0,0.0,0.0,7880.706110537052,0,nan,False,,,0.5247383117675781,35.259727358818054
Wait=32可行端点恢复,158,added_region_benders_cuts,137139,788,-459340688.80070555,-459340688.80070555,-459324010.1661496,16678.63455593586,16573.569534927607,-0.0,-0.0,-0.0,-142783279.19999963,-154219909.0007059,-162337500.60000005,0.0,0.0,0.0,-142783279.19999963,-154219803.93568617,-162320927.03046513,0.0,0.0,0.0,0.0,105.06501972675323,16573.569534927607,0,nan,False,,,0.5248641967773438,35.411261828740436
Wait=32可行端点恢复,159,added_region_benders_cuts,137139,789,-459340688.80070555,-459340688.80070555,-459338339.03134817,2349.769357383251,2349.769356161356,-0.0,-0.0,-0.0,-142783279.19999963,-154219909.0007059,-162337500.60000005,0.0,0.0,0.0,-142783279.19999963,-154219909.0007059,-162335150.8306439,0.0,0.0,0.0,0.0,0.0,2349.769356161356,0,nan,False,,,0.5251274108886719,35.559949731826784
Wait=32可行端点恢复,160,root_lp_closed,137139,789,-459340688.80070555,-459340688.80070555,-459340688.8007043,1.2516975402832031e-06,0.0,-0.0,-0.0,-0.0,-142783279.19999963,-154219909.0007059,-162337500.60000005,0.0,0.0,0.0,-142783279.19999963,-154219909.0007059,-162337500.60000005,0.0,0.0,0.0,0.0,0.0,0.0,0,0.0,True,,,0.3829994201660156,36.14340984026591
Wait=32可行端点恢复,160,integer_added_region_benders_cuts,137139,792,-459340688.80070555,-459340688.80070555,-458701568.1584402,639120.6422653794,258079.4301097095,0.0,0.0,0.0,-142783279.19999963,-154219909.0007059,-162337500.60000005,0.0,0.0,0.0,-142525199.76988992,-154075229.4641154,-162101138.92443594,0.0,0.0,0.0,258079.4301097095,144679.53659048676,236361.67556411028,0,0.0,False,需要继续,-459340688.80070555,0.3829994201660156,36.14340984026591
Wait=32可行端点恢复,161,added_region_benders_cuts,137139,794,-459340688.80070555,-459340688.80070555,-459281293.09590656,59395.70479899645,52329.00691923499,-0.0,-0.0,-0.0,-142783279.19999963,-154219909.0007059,-162337500.60000005,0.0,0.0,0.0,-142783279.19999963,-154212842.30282748,-162285171.59308082,0.0,0.0,0.0,0.0,7066.697878420353,52329.00691923499,0,nan,False,,,0.5212440490722656,38.15943758885066
Wait=32可行端点恢复,162,added_region_benders_cuts,137139,796,-459340688.80070555,-459340688.80070555,-459282946.59703887,57742.20366668701,57260.40449857712,-0.0,-0.0,-0.0,-142783279.19999963,-154219909.0007059,-162337500.60000005,0.0,0.0,0.0,-142783279.19999963,-154219427.20153922,-162280240.19550148,0.0,0.0,0.0,0.0,481.7991666793823,57260.40449857712,0,nan,False,,,0.52252197265625,38.32965604464213
Wait=32可行端点恢复,163,added_region_benders_cuts,137139,798,-459340688.80070555,-459340688.80070555,-459318141.3709307,22547.42977488041,21757.890494197607,-0.0,-0.0,-0.0,-142783279.19999963,-154219909.0007059,-162337500.60000005,0.0,0.0,0.0,-142783279.19999963,-154219119.46142644,-162315742.70950586,0.0,0.0,0.0,0.0,789.539279460907,21757.890494197607,0,nan,False,,,0.4822044372558594,38.49030530850093
Wait=32可行端点恢复,164,added_region_benders_cuts,137139,800,-459340688.80070555,-459340688.80070555,-459310830.5269475,29858.27375805378,24823.09984499216,-0.0,-0.0,-0.0,-142783279.19999963,-154219909.0007059,-162337500.60000005,0.0,0.0,0.0,-142783279.19999963,-154214873.82679406,-162312677.50015506,0.0,0.0,0.0,0.0,5035.173911839724,24823.09984499216,0,nan,False,,,0.5177879333496094,38.6525599638621
Wait=32可行端点恢复,165,added_region_benders_cuts,137139,801,-459340688.80070555,-459340688.80070555,-459335386.8487922,5301.951913356781,5301.951912075281,-0.0,-0.0,-0.0,-142783279.19999963,-154219909.0007059,-162337500.60000005,0.0,0.0,0.0,-142783279.19999963,-154219909.0007059,-162332198.64808798,0.0,0.0,0.0,0.0,0.0,5301.951912075281,0,nan,False,,,0.5172348022460938,38.81027037700017
Wait=32可行端点恢复,166,added_region_benders_cuts,137139,802,-459340688.80070555,-459340688.80070555,-459340486.3497877,202.45091784000397,202.4509165585041,-0.0,-0.0,-0.0,-142783279.19999963,-154219909.0007059,-162337500.60000005,0.0,0.0,0.0,-142783279.19999963,-154219909.0007059,-162337298.1490835,0.0,0.0,0.0,0.0,0.0,202.4509165585041,0,nan,False,,,0.5184860229492188,38.96467116276423
Wait=32可行端点恢复,167,added_region_benders_cuts,137139,804,-459340688.80070555,-459340688.80070555,-459305977.1765801,34711.62412548065,32650.492706537247,-0.0,-0.0,-0.0,-142783279.19999963,-154219909.0007059,-162337500.60000005,0.0,0.0,0.0,-142783279.19999963,-154217847.86928818,-162304850.10729352,0.0,0.0,0.0,0.0,2061.13141772151,32650.492706537247,0,nan,False,,,0.5187873840332031,39.1290408929189
Wait=32可行端点恢复,168,added_region_benders_cuts,137139,805,-459340688.80070555,-459340688.80070555,-459333201.79795307,7487.002752482891,7487.002751171589,-0.0,-0.0,-0.0,-142783279.19999963,-154219909.0007059,-162337500.60000005,0.0,0.0,0.0,-142783279.19999963,-154219909.0007059,-162330013.59724888,0.0,0.0,0.0,0.0,0.0,7487.002751171589,0,nan,False,,,0.5188980102539062,39.29203589359919
Wait=32可行端点恢复,169,added_region_benders_cuts,137139,807,-459340688.80070555,-459340688.80070555,-459323245.1584639,17443.64224165678,12448.344148010015,-0.0,-0.0,-0.0,-142783279.19999963,-154219909.0007059,-162337500.60000005,0.0,0.0,0.0,-142783279.19999963,-154214913.70261344,-162325052.25585204,0.0,0.0,0.0,0.0,4995.298092454672,12448.344148010015,0,nan,False,,,0.5190162658691406,39.45204143921534
Wait=32可行端点恢复,170,added_region_benders_cuts,137139,808,-459340688.80070555,-459340688.80070555,-459316887.15094346,23801.64976209402,23801.64976078272,-0.0,-0.0,-0.0,-142783279.19999963,-154219909.0007059,-162337500.60000005,0.0,0.0,0.0,-142783279.19999963,-154219909.0007059,-162313698.95023927,0.0,0.0,0.0,0.0,0.0,23801.64976078272,0,nan,False,,,0.48433685302734375,39.61176160176595
Wait=32可行端点恢复,171,added_region_benders_cuts,137139,810,-459340688.80070555,-459340688.80070555,-459318736.57344294,21952.227262616158,20807.313255399466,-0.0,-0.0,-0.0,-142783279.19999963,-154219909.0007059,-162337500.60000005,0.0,0.0,0.0,-142783279.19999963,-154218764.0866999,-162316693.28674465,0.0,0.0,0.0,0.0,1144.9140059947968,20807.313255399466,0,nan,False,,,0.5162391662597656,39.77703667879105
Wait=32可行端点恢复,172,added_region_benders_cuts,137139,812,-459340688.80070555,-459340688.80070555,-459325456.80196834,15231.998737215996,9511.10060787201,-0.0,-0.0,-0.0,-142783279.19999963,-154219909.0007059,-162337500.60000005,0.0,0.0,0.0,-142783279.19999963,-154210397.90009803,-162331779.701872,0.0,0.0,0.0,0.0,9511.10060787201,5720.898128062487,0,nan,False,,,0.5169486999511719,39.94070309003194
Wait=32可行端点恢复,173,added_region_benders_cuts,137139,813,-459340688.80070555,-459340688.80070555,-459337976.1196373,2712.681068241596,2712.6810669600964,-0.0,-0.0,-0.0,-142783279.19999963,-154219909.0007059,-162337500.60000005,0.0,0.0,0.0,-142783279.19999963,-154219909.0007059,-162334787.9189331,0.0,0.0,0.0,0.0,0.0,2712.6810669600964,0,nan,False,,,0.5172348022460938,40.10180267890294
Wait=32可行端点恢复,174,added_region_benders_cuts,137139,814,-459340688.80070555,-459340688.80070555,-459338930.1591147,1758.641590833664,1758.641589641571,-0.0,-0.0,-0.0,-142783279.19999963,-154219909.0007059,-162337500.60000005,0.0,0.0,0.0,-142783279.19999963,-154218150.35911626,-162337500.60000005,0.0,0.0,0.0,0.0,1758.641589641571,0.0,0,nan,False,,,0.5183029174804688,40.272421805063885
Wait=32可行端点恢复,175,added_region_benders_cuts,137139,816,-459340688.80070555,-459340688.80070555,-459337849.0110391,2839.7896664738655,1913.4473441243172,-0.0,-0.0,-0.0,-142783279.19999963,-154219909.0007059,-162337500.60000005,0.0,0.0,0.0,-142783279.19999963,-154218982.6583847,-162335587.15265593,0.0,0.0,0.0,0.0,926.3423211872578,1913.4473441243172,0,nan,False,,,0.518524169921875,40.43436006704966
Wait=32可行端点恢复,176,added_region_benders_cuts,137139,818,-459340688.80070555,-459340688.80070555,-459338199.33024585,2489.4704596996307,1276.652429074049,-0.0,-0.0,-0.0,-142783279.19999963,-154219909.0007059,-162337500.60000005,0.0,0.0,0.0,-142783279.19999963,-154218696.18267646,-162336223.94757098,0.0,0.0,0.0,0.0,1212.8180294334888,1276.652429074049,0,nan,False,,,0.5186614990234375,40.60674745639165
Wait=32可行端点恢复,177,added_region_benders_cuts,137139,820,-459340688.80070555,-459340688.80070555,-459332085.90119356,8602.899511992931,5693.98693099618,-0.0,-0.0,-0.0,-142783279.19999963,-154219909.0007059,-162337500.60000005,0.0,0.0,0.0,-142783279.19999963,-154217000.08812618,-162331806.61306906,0.0,0.0,0.0,0.0,2908.912579715252,5693.98693099618,0,nan,False,,,0.5188026428222656,40.76869407494863
Wait=32可行端点恢复,178,added_region_benders_cuts,137139,821,-459340688.80070555,-459340688.80070555,-459340672.94275624,15.857949316501617,15.857948064804077,-0.0,-0.0,-0.0,-142783279.19999963,-154219909.0007059,-162337500.60000005,0.0,0.0,0.0,-142783279.19999963,-154219909.0007059,-162337484.742052,0.0,0.0,0.0,0.0,0.0,15.857948064804077,0,nan,False,,,0.5192489624023438,40.93446756998698
Wait=32可行端点恢复,179,added_region_benders_cuts,137139,822,-459340688.80070555,-459340688.80070555,-459339888.1220794,800.6786261796951,800.6786249577999,-0.0,-0.0,-0.0,-142783279.19999963,-154219909.0007059,-162337500.60000005,0.0,0.0,0.0,-142783279.19999963,-154219108.32208094,-162337500.60000005,0.0,0.0,0.0,0.0,800.6786249577999,0.0,0,nan,False,,,0.5192680358886719,41.08487521409988
Wait=32可行端点恢复,180,added_region_benders_cuts,137139,823,-459340688.80070555,-459340688.80070555,-459338522.7625579,2166.0381476283073,2166.0381463468075,-0.0,-0.0,-0.0,-142783279.19999963,-154219909.0007059,-162337500.60000005,0.0,0.0,0.0,-142783279.19999963,-154219909.0007059,-162335334.5618537,0.0,0.0,0.0,0.0,0.0,2166.0381463468075,0,nan,False,,,0.5196571350097656,41.234439818064374
Wait=32可行端点恢复,181,added_region_benders_cuts,137139,824,-459340688.80070555,-459340688.80070555,-459340113.25225085,575.5484547019005,575.5484534204006,-0.0,-0.0,-0.0,-142783279.19999963,-154219909.0007059,-162337500.60000005,0.0,0.0,0.0,-142783279.19999963,-154219909.0007059,-162336925.05154663,0.0,0.0,0.0,0.0,0.0,575.5484534204006,0,nan,False,,,0.5204391479492188,41.39350616931915
Wait=32可行端点恢复,182,root_lp_closed,137139,824,-459340688.80070555,-459340688.80070555,-459340688.8007043,1.2516975402832031e-06,0.0,-0.0,-0.0,-0.0,-142783279.19999963,-154219909.0007059,-162337500.60000005,0.0,0.0,0.0,-142783279.19999963,-154219909.0007059,-162337500.60000005,0.0,0.0,0.0,0.0,0.0,0.0,0,0.0,True,,,0.38744354248046875,42.007895759741466
Wait=32可行端点恢复,182,integer_added_region_benders_cuts,137139,827,-459340688.80070555,-459340688.80070555,-458684874.4438688,655814.3568367362,474777.42990222573,0.0,0.0,0.0,-142783279.19999963,-154219909.0007059,-162337500.60000005,0.0,0.0,0.0,-142725512.99384806,-154096638.27992427,-161862723.17009783,0.0,0.0,0.0,57766.20615157485,123270.72078162432,474777.42990222573,0,0.0,False,需要继续,-459340688.80070555,0.38744354248046875,42.007895759741466
Wait=32可行端点恢复,183,added_region_benders_cuts,137139,829,-459340688.80070555,-459340688.80070555,-459322945.61224353,17743.188462018967,9076.844381809235,-0.0,-0.0,-0.0,-142783279.19999963,-154219909.0007059,-162337500.60000005,0.0,0.0,0.0,-142783279.19999963,-154210832.1563241,-162328834.25592119,0.0,0.0,0.0,0.0,9076.844381809235,8666.344078868628,0,nan,False,,,0.5196075439453125,43.68969759941101
Wait=32可行端点恢复,184,added_region_benders_cuts,137139,830,-459340688.80070555,-459340688.80070555,-459337792.5752531,2896.2254524230957,2896.2254512012005,-0.0,-0.0,-0.0,-142783279.19999963,-154219909.0007059,-162337500.60000005,0.0,0.0,0.0,-142783279.19999963,-154219909.0007059,-162334604.37454885,0.0,0.0,0.0,0.0,0.0,2896.2254512012005,0,nan,False,,,0.5231742858886719,43.841747188568114
Wait=32可行端点恢复,185,added_region_benders_cuts,137139,831,-459340688.80070555,-459340688.80070555,-459337686.48117244,3002.319533109665,3002.319531917572,-0.0,-0.0,-0.0,-142783279.19999963,-154219909.0007059,-162337500.60000005,0.0,0.0,0.0,-142783279.19999963,-154219909.0007059,-162334498.28046814,0.0,0.0,0.0,0.0,0.0,3002.319531917572,0,nan,False,,,0.5237312316894531,43.99612055619558
Wait=32可行端点恢复,186,added_region_benders_cuts,137139,833,-459340688.80070555,-459340688.80070555,-459330338.6801921,10350.120513439178,7698.645119845867,-0.0,-0.0,-0.0,-142783279.19999963,-154219909.0007059,-162337500.60000005,0.0,0.0,0.0,-142783279.19999963,-154217257.5253135,-162329801.9548802,0.0,0.0,0.0,0.0,2651.4753924012184,7698.645119845867,0,nan,False,,,0.5258941650390625,44.14895912011465
Wait=32可行端点恢复,187,added_region_benders_cuts,137139,834,-459340688.80070555,-459340688.80070555,-459338175.0632601,2513.737445473671,2513.7374442219734,-0.0,-0.0,-0.0,-142783279.19999963,-154219909.0007059,-162337500.60000005,0.0,0.0,0.0,-142783279.19999963,-154219909.0007059,-162334986.86255583,0.0,0.0,0.0,0.0,0.0,2513.7374442219734,0,nan,False,,,0.5266876220703125,44.30715939203898
Wait=32可行端点恢复,188,added_region_benders_cuts,137139,836,-459340688.80070555,-459340688.80070555,-459335347.8004369,5341.000268638134,4001.538841545582,-0.0,-0.0,-0.0,-142783279.19999963,-154219909.0007059,-162337500.60000005,0.0,0.0,0.0,-142783279.19999963,-154218569.53928006,-162333499.0611585,0.0,0.0,0.0,0.0,1339.4614258408546,4001.538841545582,0,nan,False,,,0.5273094177246094,44.46095596551895
Wait=32可行端点恢复,189,added_region_benders_cuts,137139,838,-459340688.80070555,-459340688.80070555,-459331225.55006206,9463.250643491745,6539.352163106203,-0.0,-0.0,-0.0,-142783279.19999963,-154219909.0007059,-162337500.60000005,0.0,0.0,0.0,-142783279.19999963,-154216985.10222676,-162330961.24783695,0.0,0.0,0.0,0.0,2923.8984791338444,6539.352163106203,0,nan,False,,,0.5276603698730469,44.61640182733536
Wait=32可行端点恢复,190,root_lp_closed,137139,838,-459340688.80070555,-459340688.80070555,-459340688.8007043,1.2516975402832031e-06,0.0,-0.0,-0.0,-0.0,-142783279.19999963,-154219909.0007059,-162337500.60000005,0.0,0.0,0.0,-142783279.19999963,-154219909.0007059,-162337500.60000005,0.0,0.0,0.0,0.0,0.0,0.0,0,0.0,True,,,0.38980865478515625,45.20988539457321
Wait=32可行端点恢复,190,integer_added_region_benders_cuts,137139,841,-459340688.80070555,-459340688.80070555,-458845640.62952834,495048.1711772084,193562.95182192326,0.0,0.0,0.0,-142783279.19999963,-154219909.0007059,-162337500.60000005,0.0,0.0,0.0,-142589716.2481777,-154073108.67224473,-162182815.70910713,0.0,0.0,0.0,193562.95182192326,146800.3284611702,154684.89089292288,0,0.0,False,需要继续,-459340688.80070555,0.38980865478515625,45.20988539457321
Wait=32可行端点恢复,191,added_region_benders_cuts,137139,843,-459340688.80070555,-459340688.80070555,-459306722.7036773,33966.09702825546,33130.821652024984,-0.0,-0.0,-0.0,-142783279.19999963,-154219909.0007059,-162337500.60000005,0.0,0.0,0.0,-142783279.19999963,-154186778.17905387,-162336665.32462507,0.0,0.0,0.0,0.0,33130.821652024984,835.2753749787807,0,nan,False,,,0.5275077819824219,47.24340750773748
Wait=32可行端点恢复,192,added_region_benders_cuts,137139,845,-459340688.80070555,-459340688.80070555,-459287514.5569002,53174.24380534887,47846.3099758327,-0.0,-0.0,-0.0,-142783279.19999963,-154219909.0007059,-162337500.60000005,0.0,0.0,0.0,-142783279.19999963,-154172062.69073007,-162332172.66617176,0.0,0.0,0.0,0.0,47846.3099758327,5327.933828294277,0,nan,False,,,0.528900146484375,47.396938566366835
Wait=32可行端点恢复,193,added_region_benders_cuts,137139,847,-459340688.80070555,-459340688.80070555,-459316258.53129894,24430.269406616688,15749.621184885502,-0.0,-0.0,-0.0,-142783279.19999963,-154219909.0007059,-162337500.60000005,0.0,0.0,0.0,-142783279.19999963,-154204159.379521,-162328819.95177957,0.0,0.0,0.0,0.0,15749.621184885502,8680.648220479488,0,nan,False,,,0.5292396545410156,47.57336549758911
Wait=32可行端点恢复,194,added_region_benders_cuts,137139,849,-459340688.80070555,-459340688.80070555,-459329755.9813384,10932.819367170334,10932.472739845514,-0.0,-0.0,-0.0,-142783279.19999963,-154219909.0007059,-162337500.60000005,0.0,0.0,0.0,-142783279.19999963,-154219908.65407974,-162326568.1272602,0.0,0.0,0.0,0.0,0.3466261625289917,10932.472739845514,0,nan,False,,,0.5295219421386719,47.74545390208562
Wait=32可行端点恢复,195,added_region_benders_cuts,137139,850,-459340688.80070555,-459340688.80070555,-459340686.9606047,1.8401008248329163,1.8400995135307312,-0.0,-0.0,-0.0,-142783279.19999963,-154219909.0007059,-162337500.60000005,0.0,0.0,0.0,-142783279.19999963,-154219909.0007059,-162337498.75990054,0.0,0.0,0.0,0.0,0.0,1.8400995135307312,0,nan,False,,,0.5298309326171875,47.90680421590805
Wait=32可行端点恢复,196,added_region_benders_cuts,137139,852,-459340688.80070555,-459340688.80070555,-459325657.76064396,15031.040061593056,15030.844023108482,-0.0,-0.0,-0.0,-142783279.19999963,-154219909.0007059,-162337500.60000005,0.0,0.0,0.0,-142783279.19999963,-154204878.1566828,-162337500.40396276,0.0,0.0,0.0,0.0,15030.844023108482,0.19603729248046875,0,nan,False,,,0.5299758911132812,48.07702161471049
Wait=32可行端点恢复,197,added_region_benders_cuts,137139,853,-459340688.80070555,-459340688.80070555,-459340365.3761088,323.4245967268944,323.4245954453945,-0.0,-0.0,-0.0,-142783279.19999963,-154219909.0007059,-162337500.60000005,0.0,0.0,0.0,-142783279.19999963,-154219909.0007059,-162337177.1754046,0.0,0.0,0.0,0.0,0.0,323.4245954453945,0,nan,False,,,0.5299911499023438,48.258123099803925
Wait=32可行端点恢复,198,added_region_benders_cuts,137139,854,-459340688.80070555,-459340688.80070555,-459332536.92927754,8151.871428012848,8151.871426790953,-0.0,-0.0,-0.0,-142783279.19999963,-154219909.0007059,-162337500.60000005,0.0,0.0,0.0,-142783279.19999963,-154219909.0007059,-162329348.72857326,0.0,0.0,0.0,0.0,0.0,8151.871426790953,0,nan,False,,,0.5302200317382812,48.42308039267858
Wait=32可行端点恢复,199,root_lp_closed,137139,854,-459340688.80070555,-459340688.80070555,-459340688.8007043,1.2516975402832031e-06,0.0,-0.0,-0.0,-0.0,-142783279.19999963,-154219909.0007059,-162337500.60000005,0.0,0.0,0.0,-142783279.19999963,-154219909.0007059,-162337500.60000005,0.0,0.0,0.0,0.0,0.0,0.0,0,0.0,True,,,0.3918647766113281,49.0620365579923
Wait=32可行端点恢复,199,integer_added_region_benders_cuts,137139,857,-459340688.80070555,-459340688.80070555,-459107845.88245094,232842.91825461388,103387.91874054074,0.0,0.0,0.0,-142783279.19999963,-154219909.0007059,-162337500.60000005,0.0,0.0,0.0,-142698402.96899322,-154175330.23219943,-162234112.6812595,0.0,0.0,0.0,84876.2310064137,44578.76850646734,103387.91874054074,0,0.0,False,需要继续,-459340688.80070555,0.3918647766113281,49.0620365579923
Wait=32可行端点恢复,200,added_region_benders_cuts,137139,859,-459340688.80070555,-459340688.80070555,-459292751.1152675,47937.68543803692,29629.97471371293,-0.0,-0.0,-0.0,-142783279.19999963,-154219909.0007059,-162337500.60000005,0.0,0.0,0.0,-142783279.19999963,-154190279.02599218,-162319192.88927695,0.0,0.0,0.0,0.0,29629.97471371293,18307.710723102093,0,nan,False,,,0.5653457641601562,59.99217386245728
Wait=32可行端点恢复,201,added_region_benders_cuts,137139,861,-459340688.80070555,-459340688.80070555,-459321637.0505736,19051.750131964684,19000.701146751642,-0.0,-0.0,-0.0,-142783279.19999963,-154219909.0007059,-162337500.60000005,0.0,0.0,0.0,-142783279.19999963,-154219857.95172197,-162318499.8988533,0.0,0.0,0.0,0.0,51.04898393154144,19000.701146751642,0,nan,False,,,0.56610107421875,60.1477681795756
Wait=32可行端点恢复,202,added_region_benders_cuts,137139,863,-459340688.80070555,-459340688.80070555,-459318340.69718075,22348.103524804115,12364.805498450994,-0.0,-0.0,-0.0,-142783279.19999963,-154219909.0007059,-162337500.60000005,0.0,0.0,0.0,-142783279.19999963,-154209925.70268077,-162325135.7945016,0.0,0.0,0.0,0.0,9983.298025131226,12364.805498450994,0,nan,False,,,0.5653724670410156,60.30595018466314
Wait=32可行端点恢复,203,added_region_benders_cuts,137139,865,-459340688.80070555,-459340688.80070555,-459331542.59835935,9146.202346205711,8466.20674481988,-0.0,-0.0,-0.0,-142783279.19999963,-154219909.0007059,-162337500.60000005,0.0,0.0,0.0,-142783279.19999963,-154219229.00510585,-162329034.39325523,0.0,0.0,0.0,0.0,679.9956000447273,8466.20674481988,0,nan,False,,,0.39311981201171875,60.46228399276733
Wait=32可行端点恢复,204,added_region_benders_cuts,137139,867,-459340688.80070555,-459340688.80070555,-459328965.0287512,11723.771954357624,9693.957194685936,-0.0,-0.0,-0.0,-142783279.19999963,-154219909.0007059,-162337500.60000005,0.0,0.0,0.0,-142783279.19999963,-154210215.0435112,-162335470.7852417,0.0,0.0,0.0,0.0,9693.957194685936,2029.814758360386,0,nan,False,,,0.5614738464355469,60.62458981275559
Wait=32可行端点恢复,205,added_region_benders_cuts,137139,869,-459340688.80070555,-459340688.80070555,-459329749.7989103,10939.001795232296,10329.510634809732,-0.0,-0.0,-0.0,-142783279.19999963,-154219909.0007059,-162337500.60000005,0.0,0.0,0.0,-142783279.19999963,-154219299.50954664,-162327171.08936524,0.0,0.0,0.0,0.0,609.491159260273,10329.510634809732,0,nan,False,,,0.562652587890625,60.77986062765122
Wait=32可行端点恢复,206,added_region_benders_cuts,137139,870,-459340688.80070555,-459340688.80070555,-459330612.6070117,10076.193693876266,10076.193692594767,-0.0,-0.0,-0.0,-142783279.19999963,-154219909.0007059,-162337500.60000005,0.0,0.0,0.0,-142783279.19999963,-154219909.0007059,-162327424.40630746,0.0,0.0,0.0,0.0,0.0,10076.193692594767,0,nan,False,,,0.5616645812988281,60.93371715943019
Wait=32可行端点恢复,207,added_region_benders_cuts,137139,873,-459340688.80070555,-459340688.80070555,-459325045.0145377,15643.786167860031,8100.947294026613,-0.0,-0.0,-0.0,-142783279.19999963,-154219909.0007059,-162337500.60000005,0.0,0.0,0.0,-142775178.2527056,-154214567.68748176,-162335299.07435152,0.0,0.0,0.0,8100.947294026613,5341.313224136829,2201.525648534298,0,nan,False,,,0.5621566772460938,61.085377935568495
Wait=32可行端点恢复,208,added_region_benders_cuts,137139,874,-459340688.80070555,-459340688.80070555,-459314203.42243874,26485.37826681137,26485.378265470266,-0.0,-0.0,-0.0,-142783279.19999963,-154219909.0007059,-162337500.60000005,0.0,0.0,0.0,-142783279.19999963,-154219909.0007059,-162311015.22173458,0.0,0.0,0.0,0.0,0.0,26485.378265470266,0,nan,False,,,0.5629920959472656,61.240945939222975
Wait=32可行端点恢复,209,added_region_benders_cuts,137139,875,-459340688.80070555,-459340688.80070555,-459337971.7389664,2717.0617391467094,2717.0617378652096,-0.0,-0.0,-0.0,-142783279.19999963,-154219909.0007059,-162337500.60000005,0.0,0.0,0.0,-142783279.19999963,-154219909.0007059,-162334783.5382622,0.0,0.0,0.0,0.0,0.0,2717.0617378652096,0,nan,False,,,0.563446044921875,61.38809534708659
Wait=32可行端点恢复,210,added_region_benders_cuts,137139,876,-459340688.80070555,-459340688.80070555,-459339773.1031403,915.6975652575493,915.6975640058517,-0.0,-0.0,-0.0,-142783279.19999963,-154219909.0007059,-162337500.60000005,0.0,0.0,0.0,-142783279.19999963,-154219909.0007059,-162336584.90243605,0.0,0.0,0.0,0.0,0.0,915.6975640058517,0,nan,False,,,0.5635719299316406,61.545887382825214
Wait=32可行端点恢复,211,added_region_benders_cuts,137139,877,-459340688.80070555,-459340688.80070555,-459339020.940622,1667.860083580017,1667.8600823283195,-0.0,-0.0,-0.0,-142783279.19999963,-154219909.0007059,-162337500.60000005,0.0,0.0,0.0,-142783279.19999963,-154219909.0007059,-162335832.73991773,0.0,0.0,0.0,0.0,0.0,1667.8600823283195,0,nan,False,,,0.563690185546875,61.700241045157114
Wait=32可行端点恢复,212,added_region_benders_cuts,137139,879,-459340688.80070555,-459340688.80070555,-459318782.2926251,21906.50808042288,13515.52802696824,-0.0,-0.0,-0.0,-142783279.19999963,-154219909.0007059,-162337500.60000005,0.0,0.0,0.0,-142783279.19999963,-154211518.02065372,-162323985.0719731,0.0,0.0,0.0,0.0,8390.980052173138,13515.52802696824,0,nan,False,,,0.5638236999511719,61.85847148100535
Wait=32可行端点恢复,213,added_region_benders_cuts,137139,880,-459340688.80070555,-459340688.80070555,-459338280.6814927,2408.1192128658295,2408.1192115545273,-0.0,-0.0,-0.0,-142783279.19999963,-154219909.0007059,-162337500.60000005,0.0,0.0,0.0,-142783279.19999963,-154219909.0007059,-162335092.4807885,0.0,0.0,0.0,0.0,0.0,2408.1192115545273,0,nan,False,,,0.5647773742675781,62.06197947661082
Wait=32可行端点恢复,214,added_region_benders_cuts,137139,881,-459340688.80070555,-459340688.80070555,-459338282.58440536,2406.216300189495,2406.216298907995,-0.0,-0.0,-0.0,-142783279.19999963,-154219909.0007059,-162337500.60000005,0.0,0.0,0.0,-142783279.19999963,-154219909.0007059,-162335094.38370115,0.0,0.0,0.0,0.0,0.0,2406.216298907995,0,nan,False,,,0.5649566650390625,62.27992517550786
Wait=32可行端点恢复,215,added_region_benders_cuts,137139,883,-459340688.80070555,-459340688.80070555,-459337446.03501284,3242.7656927108765,3200.174840837717,-0.0,-0.0,-0.0,-142783279.19999963,-154219909.0007059,-162337500.60000005,0.0,0.0,0.0,-142783279.19999963,-154219866.40985525,-162334300.42515922,0.0,0.0,0.0,0.0,42.59085065126419,3200.174840837717,0,nan,False,,,0.5649795532226562,62.45898462533951
Wait=32可行端点恢复,216,added_region_benders_cuts,137139,885,-459340688.80070555,-459340688.80070555,-459335759.42890066,4929.371804893017,4839.943653643131,-0.0,-0.0,-0.0,-142783279.19999963,-154219909.0007059,-162337500.60000005,0.0,0.0,0.0,-142783279.19999963,-154215069.05705225,-162337411.1718501,0.0,0.0,0.0,0.0,4839.943653643131,89.4281499683857,0,nan,False,,,0.5649833679199219,62.62609799305598
Wait=32可行端点恢复,217,added_region_benders_cuts,137139,886,-459340688.80070555,-459340688.80070555,-459301599.5863222,39089.214383363724,39089.21438214183,-0.0,-0.0,-0.0,-142783279.19999963,-154219909.0007059,-162337500.60000005,0.0,0.0,0.0,-142783279.19999963,-154219909.0007059,-162298411.3856179,0.0,0.0,0.0,0.0,0.0,39089.21438214183,0,nan,False,,,0.5432357788085938,62.78160729805629
Wait=32可行端点恢复,218,root_lp_closed,137139,886,-459340688.80070555,-459340688.80070555,-459340688.8007043,1.2516975402832031e-06,0.0,-0.0,-0.0,-0.0,-142783279.19999963,-154219909.0007059,-162337500.60000005,0.0,0.0,0.0,-142783279.19999963,-154219909.0007059,-162337500.60000005,0.0,0.0,0.0,0.0,0.0,0.0,0,0.0,True,,,0.3950996398925781,63.39540772835414
Wait=32可行端点恢复,218,integer_added_region_benders_cuts,137139,889,-459340688.80070555,-459340688.80070555,-459122245.6837289,218443.11697667837,166751.5440903306,0.0,0.0,0.0,-142783279.19999963,-154219909.0007059,-162337500.60000005,0.0,0.0,0.0,-142766424.07287788,-154053157.45661557,-162302664.1542367,0.0,0.0,0.0,16855.12712174654,166751.5440903306,34836.44576334953,0,0.0,False,需要继续,-459340688.80070555,0.3950996398925781,63.39540772835414
Wait=32可行端点恢复,219,added_region_benders_cuts,137139,890,-459340688.80070555,-459340688.80070555,-459338159.3956508,2529.4050547480583,2529.405053526163,-0.0,-0.0,-0.0,-142783279.19999963,-154219909.0007059,-162337500.60000005,0.0,0.0,0.0,-142783279.19999963,-154219909.0007059,-162334971.19494653,0.0,0.0,0.0,0.0,0.0,2529.405053526163,0,nan,False,,,0.5597419738769531,65.41175508499146
Wait=32可行端点恢复,220,added_region_benders_cuts,137139,892,-459340688.80070555,-459340688.80070555,-459333823.132263,6865.668442547321,5293.736989825964,-0.0,-0.0,-0.0,-142783279.19999963,-154219909.0007059,-162337500.60000005,0.0,0.0,0.0,-142783279.19999963,-154218337.06925443,-162332206.86301023,0.0,0.0,0.0,0.0,1571.9314514696598,5293.736989825964,0,nan,False,,,0.5613441467285156,65.57901273171107
Wait=32可行端点恢复,221,added_region_benders_cuts,137139,893,-459340688.80070555,-459340688.80070555,-459340222.9963711,465.804334461689,465.80433320999146,-0.0,-0.0,-0.0,-142783279.19999963,-154219909.0007059,-162337500.60000005,0.0,0.0,0.0,-142783279.19999963,-154219909.0007059,-162337034.79566684,0.0,0.0,0.0,0.0,0.0,465.80433320999146,0,nan,False,,,0.5604896545410156,65.73633674383163
Wait=32可行端点恢复,222,added_region_benders_cuts,137139,894,-459340688.80070555,-459340688.80070555,-459339231.5979186,1457.2027869224548,1457.2027856707573,-0.0,-0.0,-0.0,-142783279.19999963,-154219909.0007059,-162337500.60000005,0.0,0.0,0.0,-142783279.19999963,-154219909.0007059,-162336043.39721438,0.0,0.0,0.0,0.0,0.0,1457.2027856707573,0,nan,False,,,0.5606460571289062,65.9469754020373
Wait=32可行端点恢复,223,added_region_benders_cuts,137139,895,-459340688.80070555,-459340688.80070555,-459337785.0149795,2903.785726070404,2903.785724878311,-0.0,-0.0,-0.0,-142783279.19999963,-154219909.0007059,-162337500.60000005,0.0,0.0,0.0,-142783279.19999963,-154219909.0007059,-162334596.81427518,0.0,0.0,0.0,0.0,0.0,2903.785724878311,0,nan,False,,,0.5607147216796875,66.10785699685415
Wait=32可行端点恢复,224,added_region_benders_cuts,137139,896,-459340688.80070555,-459340688.80070555,-459335702.2163103,4986.584395229816,4986.584393918514,-0.0,-0.0,-0.0,-142783279.19999963,-154219909.0007059,-162337500.60000005,0.0,0.0,0.0,-142783279.19999963,-154219909.0007059,-162332514.01560614,0.0,0.0,0.0,0.0,0.0,4986.584393918514,0,nan,False,,,0.5607452392578125,66.30783282518387
Wait=32可行端点恢复,225,added_region_benders_cuts,137139,898,-459340688.80070555,-459340688.80070555,-459338566.6378522,2122.162853360176,1243.318513929844,-0.0,-0.0,-0.0,-142783279.19999963,-154219909.0007059,-162337500.60000005,0.0,0.0,0.0,-142783279.19999963,-154218665.68219197,-162336621.75566185,0.0,0.0,0.0,0.0,1243.318513929844,878.844338208437,0,nan,False,,,0.5608024597167969,66.52486296892167
Wait=32可行端点恢复,226,added_region_benders_cuts,137139,899,-459340688.80070555,-459340688.80070555,-459332632.6119103,8056.188795268536,8056.188794016838,-0.0,-0.0,-0.0,-142783279.19999963,-154219909.0007059,-162337500.60000005,0.0,0.0,0.0,-142783279.19999963,-154219909.0007059,-162329444.41120604,0.0,0.0,0.0,0.0,0.0,8056.188794016838,0,nan,False,,,0.5610084533691406,66.68187222878139
Wait=32可行端点恢复,227,added_region_benders_cuts,137139,901,-459340688.80070555,-459340688.80070555,-459333604.2249815,7084.575724065304,7084.0717005729675,-0.0,-0.0,-0.0,-142783279.19999963,-154219909.0007059,-162337500.60000005,0.0,0.0,0.0,-142783279.19999963,-154212824.92900532,-162337500.09597778,0.0,0.0,0.0,0.0,7084.0717005729675,0.5040222704410553,0,nan,False,,,0.5611190795898438,66.83531208435694
Wait=32可行端点恢复,228,added_region_benders_cuts,137139,902,-459340688.80070555,-459340688.80070555,-459327381.8699845,13306.93072104454,13306.930719822645,-0.0,-0.0,-0.0,-142783279.19999963,-154219909.0007059,-162337500.60000005,0.0,0.0,0.0,-142783279.19999963,-154219909.0007059,-162324193.66928023,0.0,0.0,0.0,0.0,0.0,13306.930719822645,0,nan,False,,,0.5611915588378906,67.0013942917188
Wait=32可行端点恢复,229,added_region_benders_cuts,137139,903,-459340688.80070555,-459340688.80070555,-459333723.3908198,6965.409885764122,6965.409884542227,-0.0,-0.0,-0.0,-142783279.19999963,-154219909.0007059,-162337500.60000005,0.0,0.0,0.0,-142783279.19999963,-154219909.0007059,-162330535.1901155,0.0,0.0,0.0,0.0,0.0,6965.409884542227,0,nan,False,,,0.5613479614257812,67.15224690834681
Wait=32可行端点恢复,230,added_region_benders_cuts,137139,905,-459340688.80070555,-459340688.80070555,-459335527.3998206,5161.400884926319,3632.4255836308002,-0.0,-0.0,-0.0,-142783279.19999963,-154219909.0007059,-162337500.60000005,0.0,0.0,0.0,-142783279.19999963,-154218380.02540576,-162333868.17441642,0.0,0.0,0.0,0.0,1528.9753001332283,3632.4255836308002,0,nan,False,,,0.5613632202148438,67.30854786237082
Wait=32可行端点恢复,231,added_region_benders_cuts,137139,907,-459340688.80070555,-459340688.80070555,-459337263.20082134,3425.599884212017,2527.31839543581,-0.0,-0.0,-0.0,-142783279.19999963,-154219909.0007059,-162337500.60000005,0.0,0.0,0.0,-142783279.19999963,-154217381.68231046,-162336602.31851244,0.0,0.0,0.0,0.0,2527.31839543581,898.2814876139164,0,nan,False,,,0.5614013671875,67.46404960552852
Wait=32可行端点恢复,232,root_lp_closed,137139,907,-459340688.80070555,-459340688.80070555,-459340688.8007043,1.2516975402832031e-06,0.0,-0.0,-0.0,-0.0,-142783279.19999963,-154219909.0007059,-162337500.60000005,0.0,0.0,0.0,-142783279.19999963,-154219909.0007059,-162337500.60000005,0.0,0.0,0.0,0.0,0.0,0.0,0,0.0,True,,,0.3977928161621094,68.06446290810904
Wait=32可行端点恢复,232,integer_added_region_benders_cuts,137139,910,-459340688.80070555,-459340688.80070555,-458929221.448989,411467.351716578,228488.85849162936,0.0,0.0,0.0,-142783279.19999963,-154219909.00070584,-162337500.60000005,0.0,0.0,0.0,-142738375.05698377,-153991420.1422142,-162199426.24979228,0.0,0.0,0.0,44904.14301586151,228488.85849162936,138074.35020777583,0,0.0,False,需要继续,-459340688.80070555,0.3977928161621094,68.06446290810904
Wait=32可行端点恢复,233,added_region_benders_cuts,137139,912,-459340688.80070555,-459340688.80070555,-459332172.92456263,8515.876142919064,6421.919416666031,-0.0,-0.0,-0.0,-142783279.19999963,-154219909.0007059,-162337500.60000005,0.0,0.0,0.0,-142783279.19999963,-154217815.04398093,-162331078.6805834,0.0,0.0,0.0,0.0,2093.956724971533,6421.919416666031,0,nan,False,,,0.5403022766113281,70.83434562285741
Wait=32可行端点恢复,234,root_lp_closed,137139,912,-459340688.80070555,-459340688.80070555,-459340688.8007043,1.2516975402832031e-06,0.0,-0.0,-0.0,-0.0,-142783279.19999963,-154219909.0007059,-162337500.60000005,0.0,0.0,0.0,-142783279.19999963,-154219909.0007059,-162337500.60000005,0.0,0.0,0.0,0.0,0.0,0.0,0,0.0,True,,,0.3986968994140625,71.48124660650889
Wait=32可行端点恢复,234,integer_added_region_benders_cuts,137139,915,-459340688.80070555,-459340688.80070555,-458674515.1842456,666173.6164599657,475214.6933597326,0.0,0.0,0.0,-142783279.19999963,-154219909.0007059,-162337500.60000005,0.0,0.0,0.0,-142775781.48126355,-153744694.30734617,-162154039.39563718,0.0,0.0,0.0,7497.718736082315,475214.6933597326,183461.20436286926,0,0.0,False,需要继续,-459340688.80070555,0.3986968994140625,71.48124660650889
Wait=32可行端点恢复,235,added_region_benders_cuts,137139,916,-459340688.80070555,-459340688.80070555,-459330582.82726026,10105.973445296288,10105.97344404459,-0.0,-0.0,-0.0,-142783279.19999963,-154219909.0007059,-162337500.60000005,0.0,0.0,0.0,-142783279.19999963,-154219909.0007059,-162327394.626556,0.0,0.0,0.0,0.0,0.0,10105.97344404459,0,nan,False,,,0.5807151794433594,83.1493931889534
Wait=32可行端点恢复,236,added_region_benders_cuts,137139,918,-459340688.80070555,-459340688.80070555,-459333595.273314,7093.527391552925,4149.844700038433,-0.0,-0.0,-0.0,-142783279.19999963,-154219909.0007059,-162337500.60000005,0.0,0.0,0.0,-142783279.19999963,-154215759.15600586,-162334556.91730973,0.0,0.0,0.0,0.0,4149.844700038433,2943.682690322399,0,nan,False,,,0.5810356140136719,83.30588895877203
Wait=32可行端点恢复,237,added_region_benders_cuts,137139,919,-459340688.80070555,-459340688.80070555,-459337222.74101406,3466.059691488743,3466.0596901774406,-0.0,-0.0,-0.0,-142783279.19999963,-154219909.0007059,-162337500.60000005,0.0,0.0,0.0,-142783279.19999963,-154219909.0007059,-162334034.54030988,0.0,0.0,0.0,0.0,0.0,3466.0596901774406,0,nan,False,,,0.5812568664550781,83.4563358227412
Wait=32可行端点恢复,238,added_region_benders_cuts,137139,921,-459340688.80070555,-459340688.80070555,-459336504.1567464,4184.643959164619,3636.6399342417717,-0.0,-0.0,-0.0,-142783279.19999963,-154219909.0007059,-162337500.60000005,0.0,0.0,0.0,-142783279.19999963,-154219360.99668223,-162333863.9600658,0.0,0.0,0.0,0.0,548.0040236711502,3636.6399342417717,0,nan,False,,,0.5813560485839844,83.60721174081166
Wait=32可行端点恢复,239,added_region_benders_cuts,137139,923,-459340688.80070555,-459340688.80070555,-459336404.2486224,4284.552083134651,3276.480635881424,-0.0,-0.0,-0.0,-142783279.19999963,-154219909.0007059,-162337500.60000005,0.0,0.0,0.0,-142783279.19999963,-154218900.92925984,-162334224.11936417,0.0,0.0,0.0,0.0,1008.0714460611343,3276.480635881424,0,nan,False,,,0.5815811157226562,83.75883342425028
Wait=32可行端点恢复,240,root_lp_closed,137139,923,-459340688.80070555,-459340688.80070555,-459340688.8007043,1.2516975402832031e-06,0.0,-0.0,-0.0,-0.0,-142783279.19999963,-154219909.0007059,-162337500.60000005,0.0,0.0,0.0,-142783279.19999963,-154219909.0007059,-162337500.60000005,0.0,0.0,0.0,0.0,0.0,0.0,0,0.0,True,,,0.40059661865234375,84.3658223549525
Wait=32可行端点恢复,1,root_lp_closed,137139,923,-459340688.80070555,-459340688.80070555,-459340688.8007043,1.2516975402832031e-06,0.0,-0.0,-0.0,-0.0,-142783279.19999963,-154219909.0007059,-162337500.60000005,0.0,0.0,0.0,-142783279.19999963,-154219909.0007059,-162337500.60000005,0.0,0.0,0.0,0.0,0.0,0.0,0,0.0,True,,,0.28997802734375,0.9909036914507549
